timestamp,open,high,low,close,volume,ticker,interval
2026-02-19 14:30:00+00:00,200.1100006103516,200.9499969482422,199.1499938964844,200.4250030517578,894036,AMD,5m
2026-02-19 14:35:00+00:00,200.49989318847656,201.52999877929688,199.8000030517578,200.9501037597656,490839,AMD,5m
2026-02-19 14:40:00+00:00,200.9580993652344,201.05999755859372,199.06419372558597,199.75,368124,AMD,5m
2026-02-19 14:45:00+00:00,199.8000030517578,200.17999267578125,198.2938995361328,199.9750061035156,409235,AMD,5m
2026-02-19 14:50:00+00:00,199.97999572753903,202.0498962402344,199.94000244140625,201.6499938964844,464360,AMD,5m
2026-02-19 14:55:00+00:00,201.65499877929688,202.92990112304688,201.6000061035156,201.93499755859372,447341,AMD,5m
2026-02-19 15:00:00+00:00,201.93499755859372,202.97000122070312,201.22999572753903,202.5249938964844,428769,AMD,5m
2026-02-19 15:05:00+00:00,202.52999877929688,203.0,202.22999572753903,202.5749053955078,304018,AMD,5m
2026-02-19 15:10:00+00:00,202.66000366210935,203.3699951171875,201.5,201.63499450683597,458810,AMD,5m
2026-02-19 15:15:00+00:00,201.63999938964844,202.6300048828125,201.42979431152344,201.9600067138672,418785,AMD,5m
2026-02-19 15:20:00+00:00,201.90109252929688,202.2700042724609,201.0301055908203,202.0249938964844,358238,AMD,5m
2026-02-19 15:25:00+00:00,202.0,202.41000366210935,201.6999969482422,201.9149932861328,190134,AMD,5m
2026-02-19 15:30:00+00:00,201.91000366210935,203.17999267578125,201.83999633789065,203.0850067138672,268131,AMD,5m
2026-02-19 15:35:00+00:00,203.0955047607422,203.44000244140625,202.6499938964844,203.1499938964844,242902,AMD,5m
2026-02-19 15:40:00+00:00,203.1000061035156,203.97000122070312,202.97000122070312,203.8950042724609,313124,AMD,5m
2026-02-19 15:45:00+00:00,203.88999938964844,204.1000061035156,202.92999267578125,203.04010009765625,390042,AMD,5m
2026-02-19 15:50:00+00:00,203.06919860839844,203.07000732421875,201.75999450683597,202.0850067138672,327383,AMD,5m
2026-02-19 15:55:00+00:00,202.08999633789065,202.47999572753903,201.91000366210935,202.1499938964844,231508,AMD,5m
2026-02-19 16:00:00+00:00,202.30999755859372,202.8800048828125,202.05999755859372,202.1501007080078,201793,AMD,5m
2026-02-19 16:05:00+00:00,202.17999267578125,202.4199981689453,201.5500030517578,202.2700042724609,202699,AMD,5m
2026-02-19 16:10:00+00:00,202.30499267578125,202.4900054931641,201.4199981689453,201.6199951171875,220146,AMD,5m
2026-02-19 16:15:00+00:00,201.6199951171875,202.3300018310547,201.50999450683597,202.27999877929688,211856,AMD,5m
2026-02-19 16:20:00+00:00,202.25,202.6000061035156,202.1999969482422,202.24459838867188,208787,AMD,5m
2026-02-19 16:25:00+00:00,202.22999572753903,202.3699951171875,200.90499877929688,201.05999755859372,324232,AMD,5m
2026-02-19 16:30:00+00:00,201.1100006103516,201.83999633789065,201.1042022705078,201.80499267578125,935448,AMD,5m
2026-02-19 16:35:00+00:00,201.8300018310547,201.97000122070312,201.05999755859372,201.94000244140625,228715,AMD,5m
2026-02-19 16:40:00+00:00,201.94000244140625,202.15989685058597,201.510498046875,201.57000732421875,160629,AMD,5m
2026-02-19 16:45:00+00:00,201.56109619140625,201.8500061035156,201.16000366210935,201.38999938964844,155264,AMD,5m
2026-02-19 16:50:00+00:00,201.3500061035156,202.1000061035156,200.9001007080078,202.00999450683597,191716,AMD,5m
2026-02-19 16:55:00+00:00,202.0,202.07989501953125,201.69590759277344,201.72000122070312,149560,AMD,5m
2026-02-19 17:00:00+00:00,201.7400054931641,201.83990478515625,201.1499938964844,201.3354034423828,141244,AMD,5m
2026-02-19 17:05:00+00:00,201.30999755859372,201.77999877929688,201.1510009765625,201.4250030517578,146630,AMD,5m
2026-02-19 17:10:00+00:00,201.4250030517578,201.8699951171875,201.3950042724609,201.48179626464844,139585,AMD,5m
2026-02-19 17:15:00+00:00,201.53500366210935,201.63999938964844,201.07000732421875,201.5050048828125,146800,AMD,5m
2026-02-19 17:20:00+00:00,201.5500030517578,201.97000122070312,201.30999755859372,201.6114044189453,145951,AMD,5m
2026-02-19 17:25:00+00:00,201.6450042724609,201.6999969482422,201.08999633789065,201.4900054931641,111340,AMD,5m
2026-02-19 17:30:00+00:00,201.4600067138672,201.63999938964844,201.1999969482422,201.5200042724609,84483,AMD,5m
2026-02-19 17:35:00+00:00,201.5,201.57000732421875,201.0,201.25999450683597,98593,AMD,5m
2026-02-19 17:40:00+00:00,201.33999633789065,201.6100006103516,200.97999572753903,200.9949951171875,140977,AMD,5m
2026-02-19 17:45:00+00:00,201.0,201.0200042724609,200.0399932861328,200.2550048828125,240431,AMD,5m
2026-02-19 17:50:00+00:00,200.2306060791016,200.47999572753903,199.97000122070312,200.32000732421875,195446,AMD,5m
2026-02-19 17:55:00+00:00,200.3600006103516,200.6699981689453,199.8618011474609,200.1300048828125,177502,AMD,5m
2026-02-19 18:00:00+00:00,200.1199951171875,200.8500061035156,200.0449981689453,200.6150054931641,136567,AMD,5m
2026-02-19 18:05:00+00:00,200.6199951171875,201.1199951171875,200.6199951171875,200.92999267578125,150920,AMD,5m
2026-02-19 18:10:00+00:00,200.88499450683597,201.7998962402344,200.85499572753903,201.7281951904297,271279,AMD,5m
2026-02-19 18:15:00+00:00,201.72999572753903,201.72999572753903,200.7400054931641,200.7570037841797,181108,AMD,5m
2026-02-19 18:20:00+00:00,200.7570037841797,201.02999877929688,200.3950042724609,200.92999267578125,145781,AMD,5m
2026-02-19 18:25:00+00:00,200.91510009765625,201.13949584960935,200.5500030517578,200.77999877929688,116056,AMD,5m
2026-02-19 18:30:00+00:00,200.6999969482422,200.90499877929688,200.5901031494141,200.69000244140625,96829,AMD,5m
2026-02-19 18:35:00+00:00,200.72999572753903,200.83999633789065,200.52999877929688,200.78500366210935,68432,AMD,5m
2026-02-19 18:40:00+00:00,200.80999755859372,200.8350067138672,200.4788055419922,200.7350006103516,75012,AMD,5m
2026-02-19 18:45:00+00:00,200.75999450683597,201.2400054931641,200.75999450683597,201.1150054931641,121206,AMD,5m
2026-02-19 18:50:00+00:00,201.1000061035156,201.19000244140625,200.860107421875,201.0399932861328,99744,AMD,5m
2026-02-19 18:55:00+00:00,201.0449981689453,201.66000366210935,201.0200042724609,201.5449981689453,95110,AMD,5m
2026-02-19 19:00:00+00:00,201.5500030517578,201.6000061035156,201.25999450683597,201.3950042724609,104397,AMD,5m
2026-02-19 19:05:00+00:00,201.3800048828125,201.6699981689453,201.32150268554688,201.5399932861328,118276,AMD,5m
2026-02-19 19:10:00+00:00,201.5399932861328,201.6699981689453,201.00999450683597,201.6649932861328,162357,AMD,5m
2026-02-19 19:15:00+00:00,201.65499877929688,202.2998962402344,201.60499572753903,202.2749938964844,190082,AMD,5m
2026-02-19 19:20:00+00:00,202.2899932861328,202.7100067138672,202.1499938964844,202.6199951171875,230667,AMD,5m
2026-02-19 19:25:00+00:00,202.60499572753903,202.87989807128903,202.16000366210935,202.4750061035156,303640,AMD,5m
2026-02-19 19:30:00+00:00,202.42999267578125,203.0399932861328,202.3800048828125,202.76499938964844,248378,AMD,5m
2026-02-19 19:35:00+00:00,202.76319885253903,202.8300018310547,201.9199981689453,202.0200042724609,228958,AMD,5m
2026-02-19 19:40:00+00:00,202.0,202.53990173339844,201.91000366210935,202.3600006103516,178364,AMD,5m
2026-02-19 19:45:00+00:00,202.32369995117188,202.38999938964844,201.7899932861328,202.2250061035156,163244,AMD,5m
2026-02-19 19:50:00+00:00,202.2350006103516,202.63999938964844,202.19000244140625,202.5500030517578,140711,AMD,5m
2026-02-19 19:55:00+00:00,202.5699005126953,202.7998962402344,202.3600006103516,202.39990234375,130916,AMD,5m
2026-02-19 20:00:00+00:00,202.3600006103516,203.1699981689453,202.33999633789065,202.97999572753903,182346,AMD,5m
2026-02-19 20:05:00+00:00,202.97999572753903,203.00999450683597,202.3500061035156,202.44000244140625,152201,AMD,5m
2026-02-19 20:10:00+00:00,202.44900512695312,202.5850067138672,202.27999877929688,202.3249969482422,107476,AMD,5m
2026-02-19 20:15:00+00:00,202.30999755859372,202.5,201.97999572753903,202.4900054931641,179537,AMD,5m
2026-02-19 20:20:00+00:00,202.47000122070312,202.57989501953125,202.0399932861328,202.05270385742188,129683,AMD,5m
2026-02-19 20:25:00+00:00,202.0399932861328,202.16000366210935,201.94000244140625,202.05999755859372,104065,AMD,5m
2026-02-19 20:30:00+00:00,201.9900054931641,202.57000732421875,201.8999938964844,202.47999572753903,158545,AMD,5m
2026-02-19 20:35:00+00:00,202.4750061035156,202.5500030517578,202.13009643554688,202.22999572753903,119153,AMD,5m
2026-02-19 20:40:00+00:00,202.2207946777344,202.3000030517578,202.05999755859372,202.2001037597656,129330,AMD,5m
2026-02-19 20:45:00+00:00,202.22999572753903,202.4750061035156,202.1999969482422,202.41749572753903,159601,AMD,5m
2026-02-19 20:50:00+00:00,202.3800048828125,202.7299041748047,202.1649932861328,202.67999267578125,247673,AMD,5m
2026-02-19 20:55:00+00:00,202.6999969482422,203.4600067138672,202.6667938232422,203.3500061035156,789266,AMD,5m
2026-02-20 14:30:00+00:00,200.1150054931641,201.5800018310547,200.0200042724609,200.96499633789065,1239171,AMD,5m
2026-02-20 14:35:00+00:00,201.0959930419922,202.0399932861328,200.82000732421875,201.4600067138672,353997,AMD,5m
2026-02-20 14:40:00+00:00,201.6699981689453,203.5001983642578,201.42999267578125,202.6450042724609,515239,AMD,5m
2026-02-20 14:45:00+00:00,202.67999267578125,203.08999633789065,201.6199951171875,201.68499755859372,324136,AMD,5m
2026-02-20 14:50:00+00:00,201.67999267578125,201.70269775390625,199.6699981689453,200.19000244140625,737769,AMD,5m
2026-02-20 14:55:00+00:00,200.2100067138672,200.48989868164065,199.1999969482422,200.2899932861328,643439,AMD,5m
2026-02-20 15:00:00+00:00,200.2801971435547,202.8500061035156,200.2801971435547,201.9900054931641,804631,AMD,5m
2026-02-20 15:05:00+00:00,201.9900054931641,202.3699951171875,200.6699981689453,202.22000122070312,414182,AMD,5m
2026-02-20 15:10:00+00:00,202.33990478515625,202.97000122070312,201.75,202.01499938964844,337970,AMD,5m
2026-02-20 15:15:00+00:00,202.02999877929688,202.5,200.58999633789065,201.94000244140625,368514,AMD,5m
2026-02-20 15:20:00+00:00,201.9149932861328,203.17979431152344,201.68820190429688,202.80999755859372,323060,AMD,5m
2026-02-20 15:25:00+00:00,202.8800048828125,203.1699066162109,201.9319000244141,202.3199005126953,213238,AMD,5m
2026-02-20 15:30:00+00:00,202.24749755859372,202.42999267578125,201.110107421875,201.57000732421875,203738,AMD,5m
2026-02-20 15:35:00+00:00,201.5800018310547,202.1000061035156,201.16000366210935,202.0,229552,AMD,5m
2026-02-20 15:40:00+00:00,201.9199981689453,202.8800048828125,201.1450042724609,202.81509399414065,289587,AMD,5m
2026-02-20 15:45:00+00:00,202.8000030517578,203.94000244140625,202.57000732421875,203.5200042724609,361734,AMD,5m
2026-02-20 15:50:00+00:00,203.6000061035156,204.289306640625,203.25,204.0200042724609,343326,AMD,5m
2026-02-20 15:55:00+00:00,204.0619964599609,204.5399932861328,203.80999755859372,204.49400329589844,298867,AMD,5m
2026-02-20 16:00:00+00:00,204.55999755859372,204.8699951171875,204.05999755859372,204.3600006103516,338081,AMD,5m
2026-02-20 16:05:00+00:00,204.3000030517578,204.4499969482422,203.9199981689453,204.0,253557,AMD,5m
2026-02-20 16:10:00+00:00,203.9900054931641,204.20199584960935,203.1999969482422,203.2400054931641,261069,AMD,5m
2026-02-20 16:15:00+00:00,203.30999755859372,203.3600006103516,202.3218994140625,202.6300048828125,319175,AMD,5m
2026-02-20 16:20:00+00:00,202.59500122070312,202.6100006103516,202.1000061035156,202.3699951171875,177596,AMD,5m
2026-02-20 16:25:00+00:00,202.33999633789065,202.38999938964844,201.8699951171875,201.91700744628903,209630,AMD,5m
2026-02-20 16:30:00+00:00,201.88999938964844,202.7100067138672,201.7700042724609,202.52999877929688,242767,AMD,5m
2026-02-20 16:35:00+00:00,202.5399932861328,202.5800018310547,202.2100067138672,202.5,193334,AMD,5m
2026-02-20 16:40:00+00:00,202.5,202.60499572753903,202.1499938964844,202.1927947998047,182654,AMD,5m
2026-02-20 16:45:00+00:00,202.13999938964844,202.4600067138672,202.1199951171875,202.3999938964844,162649,AMD,5m
2026-02-20 16:50:00+00:00,202.3999938964844,202.7899932861328,202.17999267578125,202.6199951171875,163573,AMD,5m
2026-02-20 16:55:00+00:00,202.58999633789065,202.72999572753903,202.1499938964844,202.24459838867188,192312,AMD,5m
2026-02-20 17:00:00+00:00,202.25999450683597,202.44239807128903,201.91000366210935,202.0,156549,AMD,5m
2026-02-20 17:05:00+00:00,202.0249938964844,202.08999633789065,201.67999267578125,201.75,195194,AMD,5m
2026-02-20 17:10:00+00:00,201.7899932861328,201.9499969482422,201.2899932861328,201.47000122070312,294743,AMD,5m
2026-02-20 17:15:00+00:00,201.4900054931641,201.4900054931641,200.2100067138672,200.3350067138672,312579,AMD,5m
2026-02-20 17:20:00+00:00,200.32000732421875,200.5399932861328,199.3699951171875,199.40499877929688,342497,AMD,5m
2026-02-20 17:25:00+00:00,199.40499877929688,199.53500366210935,199.0399932861328,199.25999450683597,433735,AMD,5m
2026-02-20 17:30:00+00:00,199.26499938964844,200.05999755859372,199.2100067138672,199.7100067138672,302126,AMD,5m
2026-02-20 17:35:00+00:00,199.69790649414065,199.9900054931641,199.05540466308597,199.875,271268,AMD,5m
2026-02-20 17:40:00+00:00,199.8500061035156,199.8800048828125,198.7700042724609,199.0959930419922,301649,AMD,5m
2026-02-20 17:45:00+00:00,199.1199951171875,199.65499877929688,198.55999755859372,199.5800018310547,1325953,AMD,5m
2026-02-20 17:50:00+00:00,199.5594024658203,199.88999938964844,199.2700042724609,199.66000366210935,247408,AMD,5m
2026-02-20 17:55:00+00:00,199.6499938964844,199.6999969482422,198.8699951171875,199.5493927001953,247338,AMD,5m
2026-02-20 18:00:00+00:00,199.5500030517578,199.7400054931641,199.2400054931641,199.25999450683597,186927,AMD,5m
2026-02-20 18:05:00+00:00,199.2550048828125,200.07000732421875,199.1699981689453,199.77999877929688,192774,AMD,5m
2026-02-20 18:10:00+00:00,199.75999450683597,199.88999938964844,199.55999755859372,199.7550048828125,124111,AMD,5m
2026-02-20 18:15:00+00:00,199.75,199.7700042724609,199.25,199.41409301757807,142977,AMD,5m
2026-02-20 18:20:00+00:00,199.4149932861328,199.6000061035156,198.6699981689453,199.4850006103516,323653,AMD,5m
2026-02-20 18:25:00+00:00,199.4911956787109,199.5498962402344,198.7700042724609,199.1779937744141,196625,AMD,5m
2026-02-20 18:30:00+00:00,199.10499572753903,200.3600006103516,198.6499938964844,199.94000244140625,305886,AMD,5m
2026-02-20 18:35:00+00:00,199.9241943359375,200.3300018310547,199.07000732421875,199.90499877929688,269536,AMD,5m
2026-02-20 18:40:00+00:00,199.97999572753903,201.0,199.8999938964844,200.9499969482422,228828,AMD,5m
2026-02-20 18:45:00+00:00,200.93499755859372,201.8600006103516,200.9199981689453,201.1499938964844,352967,AMD,5m
2026-02-20 18:50:00+00:00,201.13999938964844,201.3000030517578,200.6100006103516,201.2899932861328,186420,AMD,5m
2026-02-20 18:55:00+00:00,201.26890563964844,201.60989379882807,201.16000366210935,201.32000732421875,227948,AMD,5m
2026-02-20 19:00:00+00:00,201.32000732421875,201.47999572753903,200.94000244140625,201.16000366210935,175486,AMD,5m
2026-02-20 19:05:00+00:00,201.2100067138672,201.2100067138672,200.75010681152344,200.91000366210935,142934,AMD,5m
2026-02-20 19:10:00+00:00,200.9250030517578,200.9600067138672,200.42999267578125,200.44000244140625,143749,AMD,5m
2026-02-20 19:15:00+00:00,200.4600067138672,200.5200042724609,200.25,200.3600006103516,141039,AMD,5m
2026-02-20 19:20:00+00:00,200.3600006103516,200.77999877929688,200.3311004638672,200.3699951171875,151214,AMD,5m
2026-02-20 19:25:00+00:00,200.38999938964844,200.42999267578125,199.8600006103516,200.1199951171875,214930,AMD,5m
2026-02-20 19:30:00+00:00,200.1199951171875,200.52999877929688,200.1000061035156,200.3800048828125,146421,AMD,5m
2026-02-20 19:35:00+00:00,200.3699951171875,200.42999267578125,199.5399932861328,199.58999633789065,232357,AMD,5m
2026-02-20 19:40:00+00:00,199.5749969482422,199.63619995117188,199.1499938964844,199.3600006103516,196128,AMD,5m
2026-02-20 19:45:00+00:00,199.3800048828125,199.7700042724609,199.37159729003903,199.69000244140625,288475,AMD,5m
2026-02-20 19:50:00+00:00,199.71499633789065,200.11900329589844,199.63999938964844,199.8249969482422,196658,AMD,5m
2026-02-20 19:55:00+00:00,199.875,199.875,199.2100067138672,199.2749938964844,183002,AMD,5m
2026-02-20 20:00:00+00:00,199.22999572753903,199.63999938964844,199.22000122070312,199.6300048828125,199798,AMD,5m
2026-02-20 20:05:00+00:00,199.60020446777344,199.9900054931641,199.60020446777344,199.8800048828125,202614,AMD,5m
2026-02-20 20:10:00+00:00,199.8699951171875,200.05999755859372,199.7700042724609,200.0,163436,AMD,5m
2026-02-20 20:15:00+00:00,199.9900054931641,200.0800018310547,199.67999267578125,199.83999633789065,171472,AMD,5m
2026-02-20 20:20:00+00:00,199.8600006103516,199.9900054931641,199.67999267578125,199.82000732421875,166463,AMD,5m
2026-02-20 20:25:00+00:00,199.80499267578125,199.88999938964844,199.63999938964844,199.8000030517578,185755,AMD,5m
2026-02-20 20:30:00+00:00,199.7700042724609,199.9199981689453,199.5500030517578,199.6100006103516,175114,AMD,5m
2026-02-20 20:35:00+00:00,199.6199951171875,200.0500030517578,199.52999877929688,200.0200042724609,168521,AMD,5m
2026-02-20 20:40:00+00:00,199.9900054931641,200.0500030517578,199.82000732421875,199.9600067138672,191953,AMD,5m
2026-02-20 20:45:00+00:00,199.9250030517578,200.07989501953125,199.69009399414065,199.69009399414065,218955,AMD,5m
2026-02-20 20:50:00+00:00,199.75999450683597,199.92860412597656,199.2949981689453,199.8249969482422,351389,AMD,5m
2026-02-20 20:55:00+00:00,199.8000030517578,200.1999969482422,199.7749938964844,200.1199951171875,877918,AMD,5m
2026-02-23 14:30:00+00:00,198.08999633789065,198.5399932861328,194.1499938964844,196.94000244140625,1638320,AMD,5m
2026-02-23 14:35:00+00:00,196.9900054931641,198.16000366210935,196.6999969482422,197.75999450683597,547661,AMD,5m
2026-02-23 14:40:00+00:00,197.52999877929688,197.58999633789065,195.8800048828125,197.2949981689453,651258,AMD,5m
2026-02-23 14:45:00+00:00,197.1125030517578,199.25,196.94500732421875,198.9199981689453,581926,AMD,5m
2026-02-23 14:50:00+00:00,198.91000366210935,199.3800048828125,198.16000366210935,198.2749938964844,443916,AMD,5m
2026-02-23 14:55:00+00:00,198.25999450683597,198.27999877929688,197.5200042724609,197.9900054931641,347069,AMD,5m
2026-02-23 15:00:00+00:00,198.0,198.7400054931641,197.2400054931641,197.36749267578125,342686,AMD,5m
2026-02-23 15:05:00+00:00,197.3800048828125,197.6499938964844,197.00010681152344,197.4499969482422,288381,AMD,5m
2026-02-23 15:10:00+00:00,197.46499633789065,198.32000732421875,197.44000244140625,198.0039978027344,306609,AMD,5m
2026-02-23 15:15:00+00:00,198.0500030517578,198.47000122070312,197.75,198.1199951171875,223247,AMD,5m
2026-02-23 15:20:00+00:00,198.16000366210935,198.97999572753903,197.8999938964844,198.38999938964844,372954,AMD,5m
2026-02-23 15:25:00+00:00,198.3300018310547,198.6499938964844,197.8999938964844,197.9600067138672,196754,AMD,5m
2026-02-23 15:30:00+00:00,198.0500030517578,198.31930541992188,197.6199951171875,197.69000244140625,215313,AMD,5m
2026-02-23 15:35:00+00:00,197.68499755859372,197.7700042724609,197.1100006103516,197.2749938964844,184035,AMD,5m
2026-02-23 15:40:00+00:00,197.2752990722656,197.3800048828125,196.67999267578125,196.8650054931641,200677,AMD,5m
2026-02-23 15:45:00+00:00,196.88499450683597,197.2700042724609,196.6300048828125,197.1450042724609,210833,AMD,5m
2026-02-23 15:50:00+00:00,197.15499877929688,197.3999938964844,196.13999938964844,196.27999877929688,2400155,AMD,5m
2026-02-23 15:55:00+00:00,196.3000030517578,196.3090057373047,195.3820037841797,195.5384979248047,0,AMD,5m
2026-02-23 16:00:00+00:00,195.5050048828125,195.8199005126953,194.9600067138672,195.22000122070312,302542,AMD,5m
2026-02-23 16:05:00+00:00,195.2100067138672,195.3999938964844,194.88009643554688,195.25999450683597,305685,AMD,5m
2026-02-23 16:10:00+00:00,195.3000030517578,195.63999938964844,195.22999572753903,195.5500030517578,277083,AMD,5m
2026-02-23 16:15:00+00:00,195.5500030517578,196.4199981689453,195.29820251464844,196.4062042236328,268502,AMD,5m
2026-02-23 16:20:00+00:00,196.3300018310547,196.52999877929688,196.19000244140625,196.25,346605,AMD,5m
2026-02-23 16:25:00+00:00,196.2350006103516,196.7400054931641,196.22000122070312,196.6300048828125,254852,AMD,5m
2026-02-23 16:30:00+00:00,196.6100006103516,196.83999633789065,196.27999877929688,196.3350067138672,275305,AMD,5m
2026-02-23 16:35:00+00:00,196.3011932373047,196.3999938964844,195.83999633789065,195.9250030517578,259035,AMD,5m
2026-02-23 16:40:00+00:00,195.97999572753903,197.08999633789065,195.97999572753903,196.5800018310547,340374,AMD,5m
2026-02-23 16:45:00+00:00,196.56089782714844,196.56089782714844,195.7519989013672,195.9900054931641,215076,AMD,5m
2026-02-23 16:50:00+00:00,195.9900054931641,196.2700042724609,195.8600006103516,196.07000732421875,155293,AMD,5m
2026-02-23 16:55:00+00:00,196.07000732421875,196.23989868164065,195.7400054931641,195.83999633789065,121710,AMD,5m
2026-02-23 17:00:00+00:00,195.8800048828125,196.0500030517578,195.5399932861328,195.7700042724609,160834,AMD,5m
2026-02-23 17:05:00+00:00,195.72999572753903,196.23829650878903,195.72999572753903,196.0500030517578,153636,AMD,5m
2026-02-23 17:10:00+00:00,196.0500030517578,196.33999633789065,195.93499755859372,196.0050048828125,129497,AMD,5m
2026-02-23 17:15:00+00:00,196.0,196.4199981689453,195.9499969482422,196.0800018310547,120618,AMD,5m
2026-02-23 17:20:00+00:00,196.07179260253903,196.55990600585935,196.07000732421875,196.4600067138672,107921,AMD,5m
2026-02-23 17:25:00+00:00,196.4900054931641,196.97000122070312,196.4709930419922,196.56500244140625,182562,AMD,5m
2026-02-23 17:30:00+00:00,196.58999633789065,196.6499938964844,195.32000732421875,195.42999267578125,177136,AMD,5m
2026-02-23 17:35:00+00:00,195.4499053955078,195.4499053955078,194.6499938964844,194.8260040283203,319714,AMD,5m
2026-02-23 17:40:00+00:00,194.84829711914065,195.69000244140625,194.8000946044922,195.2899932861328,3710719,AMD,5m
2026-02-23 17:45:00+00:00,195.33999633789065,195.5500030517578,195.08999633789065,195.1125030517578,0,AMD,5m
2026-02-23 17:50:00+00:00,195.1100006103516,195.63999938964844,195.1000061035156,195.4199981689453,175190,AMD,5m
2026-02-23 17:55:00+00:00,195.42999267578125,195.82000732421875,195.38999938964844,195.6020050048828,123630,AMD,5m
2026-02-23 18:00:00+00:00,195.625,195.75,195.5,195.6699981689453,101337,AMD,5m
2026-02-23 18:05:00+00:00,195.63999938964844,195.889892578125,195.5,195.84500122070312,111411,AMD,5m
2026-02-23 18:10:00+00:00,195.8500061035156,196.2350006103516,195.82000732421875,196.13999938964844,153583,AMD,5m
2026-02-23 18:15:00+00:00,196.1396026611328,196.2998962402344,196.0800018310547,196.1699981689453,101114,AMD,5m
2026-02-23 18:20:00+00:00,196.1999969482422,196.6699981689453,196.08999633789065,196.6150054931641,159777,AMD,5m
2026-02-23 18:25:00+00:00,196.6199951171875,196.83999633789065,196.3500061035156,196.63499450683597,4075570,AMD,5m
2026-02-23 18:30:00+00:00,196.6499938964844,196.6699981689453,196.02999877929688,196.1199951171875,246912,AMD,5m
2026-02-23 18:35:00+00:00,196.0998992919922,196.2700042724609,195.6300048828125,195.6499938964844,0,AMD,5m
2026-02-23 18:40:00+00:00,195.6699981689453,195.6699981689453,195.0500030517578,195.1450042724609,245492,AMD,5m
2026-02-23 18:45:00+00:00,195.1699981689453,195.69000244140625,194.9600067138672,195.51829528808597,244694,AMD,5m
2026-02-23 18:50:00+00:00,195.5500030517578,195.6699981689453,195.2899932861328,195.33999633789065,146690,AMD,5m
2026-02-23 18:55:00+00:00,195.30499267578125,195.3249969482422,194.8999938964844,194.97999572753903,146907,AMD,5m
2026-02-23 19:00:00+00:00,195.0200042724609,195.6100006103516,194.8999938964844,195.5800018310547,186133,AMD,5m
2026-02-23 19:05:00+00:00,195.57000732421875,195.83999633789065,195.4801025390625,195.51010131835935,189358,AMD,5m
2026-02-23 19:10:00+00:00,195.5050048828125,195.6300048828125,195.3800048828125,195.5399932861328,116411,AMD,5m
2026-02-23 19:15:00+00:00,195.53500366210935,195.6699981689453,195.4199981689453,195.6699981689453,82611,AMD,5m
2026-02-23 19:20:00+00:00,195.6699981689453,195.8249969482422,195.55999755859372,195.62179565429688,105611,AMD,5m
2026-02-23 19:25:00+00:00,195.6499938964844,195.6499938964844,195.1199951171875,195.22000122070312,4576690,AMD,5m
2026-02-23 19:30:00+00:00,195.2050018310547,195.5800018310547,195.1699981689453,195.3699951171875,0,AMD,5m
2026-02-23 19:35:00+00:00,195.38499450683597,195.47999572753903,195.07000732421875,195.1699981689453,135121,AMD,5m
2026-02-23 19:40:00+00:00,195.22000122070312,195.3999938964844,195.0399932861328,195.27999877929688,145944,AMD,5m
2026-02-23 19:45:00+00:00,195.25999450683597,195.47000122070312,195.17010498046875,195.4250030517578,139726,AMD,5m
2026-02-23 19:50:00+00:00,195.4199981689453,195.52639770507807,194.8000030517578,194.91009521484372,265155,AMD,5m
2026-02-23 19:55:00+00:00,194.92999267578125,195.3000030517578,194.83009338378903,194.97000122070312,194461,AMD,5m
2026-02-23 20:00:00+00:00,194.9199981689453,195.1100006103516,194.51010131835935,194.6649932861328,187645,AMD,5m
2026-02-23 20:05:00+00:00,194.67999267578125,195.02999877929688,194.66000366210935,194.856201171875,169317,AMD,5m
2026-02-23 20:10:00+00:00,194.8650054931641,194.8999938964844,194.5500030517578,194.6450042724609,133132,AMD,5m
2026-02-23 20:15:00+00:00,194.6499938964844,194.91000366210935,194.6300048828125,194.77999877929688,155557,AMD,5m
2026-02-23 20:20:00+00:00,194.7700042724609,194.91000366210935,194.67999267578125,194.89390563964844,143744,AMD,5m
2026-02-23 20:25:00+00:00,194.88510131835935,195.0500030517578,194.6199951171875,194.9199981689453,195599,AMD,5m
2026-02-23 20:30:00+00:00,194.8999938964844,195.6499938964844,194.8999938964844,195.57000732421875,226993,AMD,5m
2026-02-23 20:35:00+00:00,195.5500030517578,195.5500030517578,194.92999267578125,194.9750061035156,285145,AMD,5m
2026-02-23 20:40:00+00:00,194.9900054931641,195.22000122070312,194.91009521484372,195.19000244140625,200544,AMD,5m
2026-02-23 20:45:00+00:00,195.2050018310547,195.5500030517578,195.07899475097656,195.44500732421875,210848,AMD,5m
2026-02-23 20:50:00+00:00,195.4600067138672,195.9900054931641,195.4600067138672,195.8650054931641,372565,AMD,5m
2026-02-23 20:55:00+00:00,195.80999755859372,196.7700042724609,195.75,196.58999633789065,1024793,AMD,5m
2026-02-24 14:30:00+00:00,211.66000366210938,213.42999267578125,207.25,210.42990112304688,17391919,AMD,5m
2026-02-24 14:35:00+00:00,210.18319702148438,212.0,208.35000610351562,208.64500427246094,0,AMD,5m
2026-02-24 14:40:00+00:00,208.7301025390625,209.05999755859375,206.50999450683594,207.7100067138672,1890194,AMD,5m
2026-02-24 14:45:00+00:00,207.60000610351562,209.60000610351562,207.35000610351562,208.3699951171875,1688413,AMD,5m
2026-02-24 14:50:00+00:00,208.32000732421875,210.74989318847656,206.8000030517578,210.63999938964844,1685833,AMD,5m
2026-02-24 14:55:00+00:00,210.61000061035156,211.60000610351562,209.42999267578125,211.29010009765625,1409272,AMD,5m
2026-02-24 15:00:00+00:00,211.34500122070312,211.34500122070312,209.57000732421875,210.1199951171875,9901736,AMD,5m
2026-02-24 15:05:00+00:00,210.14500427246094,210.97999572753906,209.39999389648438,210.3249969482422,0,AMD,5m
2026-02-24 15:10:00+00:00,210.3249969482422,210.59930419921875,208.9199981689453,210.10499572753906,1059971,AMD,5m
2026-02-24 15:15:00+00:00,210.02999877929688,211.67999267578125,209.47999572753906,210.0800018310547,912245,AMD,5m
2026-02-24 15:20:00+00:00,210.13499450683594,211.9499969482422,210.05999755859375,211.44009399414062,931469,AMD,5m
2026-02-24 15:25:00+00:00,211.3699951171875,212.75,211.2801055908203,212.4600067138672,733750,AMD,5m
2026-02-24 15:30:00+00:00,212.48500061035156,212.75,211.39999389648438,211.6750030517578,703218,AMD,5m
2026-02-24 15:35:00+00:00,211.68499755859375,212.2100067138672,210.2100067138672,210.27000427246094,11175458,AMD,5m
2026-02-24 15:40:00+00:00,210.26499938964844,210.60000610351562,208.9600067138672,209.19000244140625,0,AMD,5m
2026-02-24 15:45:00+00:00,209.21580505371094,209.94000244140625,209.0500946044922,209.86000061035156,548207,AMD,5m
2026-02-24 15:50:00+00:00,209.85299682617188,211.085205078125,209.60000610351562,210.29769897460938,705890,AMD,5m
2026-02-24 15:55:00+00:00,210.30999755859375,210.83999633789062,209.560302734375,209.92999267578125,485404,AMD,5m
2026-02-24 16:00:00+00:00,209.92999267578125,211.3623046875,209.8000946044922,210.58990478515625,538651,AMD,5m
2026-02-24 16:05:00+00:00,210.5800018310547,210.80999755859375,209.8000030517578,210.5500030517578,448052,AMD,5m
2026-02-24 16:10:00+00:00,210.5500030517578,211.1199951171875,210.0,210.85000610351562,385127,AMD,5m
2026-02-24 16:15:00+00:00,210.82000732421875,211.08990478515625,210.4499969482422,210.7949981689453,324275,AMD,5m
2026-02-24 16:20:00+00:00,210.8000030517578,211.33999633789062,210.39999389648438,211.11000061035156,566944,AMD,5m
2026-02-24 16:25:00+00:00,211.1199951171875,211.82000732421875,210.75,211.00999450683594,517886,AMD,5m
2026-02-24 16:30:00+00:00,211.0,211.1999969482422,210.02999877929688,210.3000030517578,12721255,AMD,5m
2026-02-24 16:35:00+00:00,210.31239318847656,210.57000732421875,209.62010192871094,210.50509643554688,0,AMD,5m
2026-02-24 16:40:00+00:00,210.53599548339844,211.0399932861328,210.07000732421875,210.9199981689453,345651,AMD,5m
2026-02-24 16:45:00+00:00,210.89500427246094,211.49000549316406,210.75,211.25999450683594,456578,AMD,5m
2026-02-24 16:50:00+00:00,211.2449951171875,212.1199951171875,211.22059631347656,211.99000549316406,417630,AMD,5m
2026-02-24 16:55:00+00:00,212.01499938964844,212.960693359375,211.9199981689453,212.85000610351562,697837,AMD,5m
2026-02-24 17:00:00+00:00,212.8699951171875,213.35000610351562,212.6199951171875,212.97999572753906,672828,AMD,5m
2026-02-24 17:05:00+00:00,212.970703125,214.0,212.8000030517578,213.9261016845703,740121,AMD,5m
2026-02-24 17:10:00+00:00,213.92999267578125,214.55990600585938,213.85000610351562,213.8800048828125,14446066,AMD,5m
2026-02-24 17:15:00+00:00,213.8800048828125,214.47000122070312,213.85000610351562,213.9600067138672,598061,AMD,5m
2026-02-24 17:20:00+00:00,213.97000122070312,214.9499969482422,213.85000610351562,214.88150024414062,0,AMD,5m
2026-02-24 17:25:00+00:00,214.908203125,214.9199981689453,214.14999389648438,214.47000122070312,477034,AMD,5m
2026-02-24 17:30:00+00:00,214.46180725097656,215.1999969482422,214.36000061035156,215.0720977783203,530369,AMD,5m
2026-02-24 17:35:00+00:00,215.05499267578125,215.4199981689453,214.92010498046875,215.10000610351562,469689,AMD,5m
2026-02-24 17:40:00+00:00,215.11000061035156,215.5800018310547,214.75999450683594,215.55499267578125,497694,AMD,5m
2026-02-24 17:45:00+00:00,215.5399932861328,215.818603515625,215.0,215.67999267578125,553564,AMD,5m
2026-02-24 17:50:00+00:00,215.68499755859375,216.3800048828125,215.52000427246094,216.22999572753906,677427,AMD,5m
2026-02-24 17:55:00+00:00,216.22999572753906,216.22999572753906,215.7100067138672,216.08900451660156,474250,AMD,5m
2026-02-24 18:00:00+00:00,216.0500030517578,216.62899780273438,215.9499969482422,216.5500030517578,590005,AMD,5m
2026-02-24 18:05:00+00:00,216.5500030517578,216.6699981689453,216.0500030517578,216.25999450683594,523242,AMD,5m
2026-02-24 18:10:00+00:00,216.25,216.7100067138672,216.11000061035156,216.15499877929688,413213,AMD,5m
2026-02-24 18:15:00+00:00,216.13999938964844,216.3800048828125,215.5399932861328,215.6699981689453,509599,AMD,5m
2026-02-24 18:20:00+00:00,215.63999938964844,216.49000549316406,215.55810546875,216.41000366210938,576301,AMD,5m
2026-02-24 18:25:00+00:00,216.3800048828125,216.4149932861328,215.94000244140625,216.2100067138672,322442,AMD,5m
2026-02-24 18:30:00+00:00,216.2100067138672,216.5,216.07000732421875,216.39500427246094,328368,AMD,5m
2026-02-24 18:35:00+00:00,216.3800048828125,216.39999389648438,215.99000549316406,216.02999877929688,270739,AMD,5m
2026-02-24 18:40:00+00:00,216.02000427246094,216.24000549316406,214.50999450683594,214.51119995117188,688970,AMD,5m
2026-02-24 18:45:00+00:00,214.5500030517578,214.97999572753906,214.41000366210938,214.69009399414062,503391,AMD,5m
2026-02-24 18:50:00+00:00,214.67999267578125,215.0500030517578,214.1699981689453,214.30999755859375,419091,AMD,5m
2026-02-24 18:55:00+00:00,214.3498992919922,215.44000244140625,214.19000244140625,215.30499267578125,544093,AMD,5m
2026-02-24 19:00:00+00:00,215.32000732421875,215.63999938964844,214.5800018310547,214.83999633789062,361245,AMD,5m
2026-02-24 19:05:00+00:00,214.80999755859375,214.94000244140625,214.3800048828125,214.42999267578125,284996,AMD,5m
2026-02-24 19:10:00+00:00,214.39999389648438,214.431396484375,213.8800048828125,214.0500030517578,408079,AMD,5m
2026-02-24 19:15:00+00:00,214.08999633789062,214.33999633789062,213.85020446777344,214.02000427246094,334114,AMD,5m
2026-02-24 19:20:00+00:00,214.04989624023438,214.19000244140625,213.60000610351562,213.68960571289062,281197,AMD,5m
2026-02-24 19:25:00+00:00,213.6750030517578,213.91000366210938,213.3800048828125,213.4600067138672,324552,AMD,5m
2026-02-24 19:30:00+00:00,213.47500610351562,214.0,213.4499969482422,213.8000030517578,232921,AMD,5m
2026-02-24 19:35:00+00:00,213.79600524902344,214.0800018310547,213.60000610351562,213.6699981689453,216893,AMD,5m
2026-02-24 19:40:00+00:00,213.64999389648438,214.1999969482422,213.50999450683594,213.9550018310547,288916,AMD,5m
2026-02-24 19:45:00+00:00,213.92999267578125,214.05999755859375,213.5,213.77999877929688,302734,AMD,5m
2026-02-24 19:50:00+00:00,213.80999755859375,214.35000610351562,213.77999877929688,214.08999633789062,306006,AMD,5m
2026-02-24 19:55:00+00:00,214.11000061035156,214.88999938964844,213.99000549316406,214.8000030517578,400920,AMD,5m
2026-02-24 20:00:00+00:00,214.82530212402344,215.02000427246094,214.1699981689453,214.32000732421875,405974,AMD,5m
2026-02-24 20:05:00+00:00,214.34500122070312,214.44000244140625,213.24000549316406,213.30999755859375,444182,AMD,5m
2026-02-24 20:10:00+00:00,213.2949981689453,213.92999267578125,213.1999969482422,213.72999572753906,363862,AMD,5m
2026-02-24 20:15:00+00:00,213.72999572753906,213.8699951171875,213.5,213.8199005126953,286390,AMD,5m
2026-02-24 20:20:00+00:00,213.81399536132812,213.8300018310547,212.5500030517578,212.552001953125,525453,AMD,5m
2026-02-24 20:25:00+00:00,212.5471954345703,213.1999053955078,212.38999938964844,213.02999877929688,434089,AMD,5m
2026-02-24 20:30:00+00:00,213.0399932861328,213.8000030517578,212.99000549316406,213.77000427246094,334767,AMD,5m
2026-02-24 20:35:00+00:00,213.77000427246094,214.07359313964844,213.5500030517578,213.8350067138672,401353,AMD,5m
2026-02-24 20:40:00+00:00,213.85000610351562,214.33999633789062,213.77000427246094,214.22999572753906,468344,AMD,5m
2026-02-24 20:45:00+00:00,214.21499633789062,214.29989624023438,213.7899932861328,213.9185028076172,413689,AMD,5m
2026-02-24 20:50:00+00:00,213.9199981689453,214.42999267578125,213.24000549316406,213.3699951171875,718476,AMD,5m
2026-02-24 20:55:00+00:00,213.33999633789062,214.19000244140625,213.25999450683594,213.72999572753906,1568950,AMD,5m
2026-02-25 14:30:00+00:00,214.82000732421875,216.6999969482422,211.85000610351562,212.11000061035156,2262261,AMD,5m
2026-02-25 14:35:00+00:00,212.0399932861328,212.3000030517578,210.61000061035156,211.33999633789062,2282426,AMD,5m
2026-02-25 14:40:00+00:00,211.3000030517578,211.9600067138672,210.3300018310547,211.6699981689453,0,AMD,5m
2026-02-25 14:45:00+00:00,211.6750030517578,212.5699005126953,210.8699951171875,211.9499969482422,922899,AMD,5m
2026-02-25 14:50:00+00:00,212.02699279785156,213.9199981689453,211.8000030517578,213.64979553222656,808589,AMD,5m
2026-02-25 14:55:00+00:00,213.68910217285156,213.69000244140625,212.10000610351562,212.19000244140625,2756969,AMD,5m
2026-02-25 15:00:00+00:00,212.19000244140625,213.3000030517578,211.85009765625,213.2050018310547,0,AMD,5m
2026-02-25 15:05:00+00:00,213.35000610351562,213.60000610351562,212.6199951171875,213.60000610351562,458808,AMD,5m
2026-02-25 15:10:00+00:00,213.56500244140625,213.86000061035156,213.02000427246094,213.07000732421875,338034,AMD,5m
2026-02-25 15:15:00+00:00,213.0740966796875,213.5399932861328,212.59010314941406,213.33999633789062,3240183,AMD,5m
2026-02-25 15:20:00+00:00,213.36000061035156,213.7899932861328,213.10000610351562,213.60499572753906,543806,AMD,5m
2026-02-25 15:25:00+00:00,213.61500549316406,214.02999877929688,213.32000732421875,213.73500061035156,0,AMD,5m
2026-02-25 15:30:00+00:00,213.75,214.0399932861328,213.0399932861328,213.13720703125,326304,AMD,5m
2026-02-25 15:35:00+00:00,213.1649932861328,213.4499969482422,212.9499969482422,213.27999877929688,295872,AMD,5m
2026-02-25 15:40:00+00:00,213.30499267578125,213.5500030517578,212.3000030517578,212.65989685058594,413093,AMD,5m
2026-02-25 15:45:00+00:00,212.6551971435547,212.6551971435547,211.7100067138672,211.9250030517578,398241,AMD,5m
2026-02-25 15:50:00+00:00,211.9250030517578,212.0749969482422,211.4499969482422,211.85000610351562,320453,AMD,5m
2026-02-25 15:55:00+00:00,211.8699951171875,211.8699951171875,210.77000427246094,211.41000366210938,421000,AMD,5m
2026-02-25 16:00:00+00:00,211.40499877929688,212.0800018310547,211.25999450683594,211.9550018310547,478292,AMD,5m
2026-02-25 16:05:00+00:00,211.95599365234375,211.97000122070312,211.5,211.8800048828125,288191,AMD,5m
2026-02-25 16:10:00+00:00,211.8800048828125,211.8800048828125,211.1300048828125,211.57000732421875,290055,AMD,5m
2026-02-25 16:15:00+00:00,211.5399932861328,211.97500610351562,211.34170532226562,211.86000061035156,358024,AMD,5m
2026-02-25 16:20:00+00:00,211.85000610351562,211.88999938964844,210.9499969482422,211.05999755859375,413428,AMD,5m
2026-02-25 16:25:00+00:00,211.02999877929688,212.3300018310547,211.02999877929688,212.0500030517578,537888,AMD,5m
2026-02-25 16:30:00+00:00,212.0399932861328,213.0,212.02000427246094,212.92999267578125,5601355,AMD,5m
2026-02-25 16:35:00+00:00,212.92999267578125,213.57000732421875,212.50999450683594,213.41000366210938,0,AMD,5m
2026-02-25 16:40:00+00:00,213.4149932861328,214.0,213.27999877929688,213.73849487304688,404410,AMD,5m
2026-02-25 16:45:00+00:00,213.7698974609375,213.95989990234375,212.7100067138672,212.7550048828125,397861,AMD,5m
2026-02-25 16:50:00+00:00,212.72999572753906,212.8000030517578,211.92999267578125,211.9698944091797,390243,AMD,5m
2026-02-25 16:55:00+00:00,211.96670532226562,212.0,211.2700958251953,211.9600067138672,484964,AMD,5m
2026-02-25 17:00:00+00:00,211.94000244140625,212.42990112304688,211.85000610351562,212.22999572753906,445877,AMD,5m
2026-02-25 17:05:00+00:00,212.2449951171875,212.27499389648438,211.72999572753906,212.10000610351562,192512,AMD,5m
2026-02-25 17:10:00+00:00,212.08999633789062,212.4600067138672,211.9499969482422,212.4011993408203,178420,AMD,5m
2026-02-25 17:15:00+00:00,212.39999389648438,212.64999389648438,212.14999389648438,212.36000061035156,208146,AMD,5m
2026-02-25 17:20:00+00:00,212.360107421875,212.60000610351562,212.27999877929688,212.52099609375,141933,AMD,5m
2026-02-25 17:25:00+00:00,212.50999450683594,212.8885040283203,212.50999450683594,212.80499267578125,191046,AMD,5m
2026-02-25 17:30:00+00:00,212.8000030517578,212.82000732421875,212.36000061035156,212.44149780273438,165675,AMD,5m
2026-02-25 17:35:00+00:00,212.44000244140625,212.72999572753906,212.30999755859375,212.52499389648438,128411,AMD,5m
2026-02-25 17:40:00+00:00,212.50999450683594,213.05999755859375,212.3699951171875,212.75999450683594,195732,AMD,5m
2026-02-25 17:45:00+00:00,212.76199340820312,212.97970581054688,212.65199279785156,212.7449951171875,135013,AMD,5m
2026-02-25 17:50:00+00:00,212.74000549316406,213.0198974609375,212.39999389648438,212.44500732421875,152845,AMD,5m
2026-02-25 17:55:00+00:00,212.45120239257812,212.60000610351562,212.2700958251953,212.57000732421875,163725,AMD,5m
2026-02-25 18:00:00+00:00,212.5800018310547,212.6300048828125,212.14999389648438,212.21499633789062,121246,AMD,5m
2026-02-25 18:05:00+00:00,212.21310424804688,212.35000610351562,212.1699981689453,212.33999633789062,116107,AMD,5m
2026-02-25 18:10:00+00:00,212.3300018310547,212.5500030517578,212.25140380859375,212.38119506835938,155293,AMD,5m
2026-02-25 18:15:00+00:00,212.41439819335938,212.4261016845703,212.07000732421875,212.19000244140625,166286,AMD,5m
2026-02-25 18:20:00+00:00,212.17999267578125,212.4600067138672,211.9600067138672,212.38479614257812,201185,AMD,5m
2026-02-25 18:25:00+00:00,212.39500427246094,212.74270629882812,212.3699951171875,212.4600067138672,173296,AMD,5m
2026-02-25 18:30:00+00:00,212.45150756835938,212.52999877929688,212.25010681152344,212.36500549316406,131825,AMD,5m
2026-02-25 18:35:00+00:00,212.38999938964844,213.13009643554688,212.3101043701172,213.0800018310547,213202,AMD,5m
2026-02-25 18:40:00+00:00,213.10000610351562,213.73989868164062,213.02000427246094,213.50999450683594,346654,AMD,5m
2026-02-25 18:45:00+00:00,213.53990173339844,213.66000366210938,213.02999877929688,213.26010131835938,292933,AMD,5m
2026-02-25 18:50:00+00:00,213.27999877929688,213.40989685058594,213.1199951171875,213.22999572753906,198824,AMD,5m
2026-02-25 18:55:00+00:00,213.24769592285156,213.24769592285156,212.58889770507812,212.62989807128906,200259,AMD,5m
2026-02-25 19:00:00+00:00,212.60000610351562,212.91000366210938,212.60000610351562,212.86849975585938,184321,AMD,5m
2026-02-25 19:05:00+00:00,212.8699951171875,213.15989685058594,212.36000061035156,212.47999572753906,245851,AMD,5m
2026-02-25 19:10:00+00:00,212.47000122070312,212.83999633789062,212.32000732421875,212.74000549316406,232498,AMD,5m
2026-02-25 19:15:00+00:00,212.75999450683594,213.16000366210938,212.72000122070312,212.93499755859375,193538,AMD,5m
2026-02-25 19:20:00+00:00,212.9300994873047,212.99000549316406,212.3699951171875,212.64999389648438,231785,AMD,5m
2026-02-25 19:25:00+00:00,212.63999938964844,212.72999572753906,212.0601043701172,212.1291961669922,197706,AMD,5m
2026-02-25 19:30:00+00:00,212.0800018310547,212.16990661621094,211.77000427246094,211.78030395507812,263235,AMD,5m
2026-02-25 19:35:00+00:00,211.77999877929688,211.85000610351562,211.5,211.75970458984375,293257,AMD,5m
2026-02-25 19:40:00+00:00,211.77000427246094,211.91000366210938,211.44000244140625,211.69439697265625,276028,AMD,5m
2026-02-25 19:45:00+00:00,211.6999969482422,211.74000549316406,211.33999633789062,211.42250061035156,236369,AMD,5m
2026-02-25 19:50:00+00:00,211.42129516601562,211.52999877929688,211.25,211.35000610351562,263026,AMD,5m
2026-02-25 19:55:00+00:00,211.36000061035156,211.4799041748047,211.1468048095703,211.22999572753906,243051,AMD,5m
2026-02-25 20:00:00+00:00,211.22000122070312,211.22999572753906,210.82000732421875,211.12069702148438,425993,AMD,5m
2026-02-25 20:05:00+00:00,211.1199951171875,211.66000366210938,211.05999755859375,211.62989807128906,333221,AMD,5m
2026-02-25 20:10:00+00:00,211.61000061035156,211.8000030517578,211.30999755859375,211.6649932861328,285857,AMD,5m
2026-02-25 20:15:00+00:00,211.67999267578125,211.8800048828125,211.2899932861328,211.35000610351562,312879,AMD,5m
2026-02-25 20:20:00+00:00,211.3800048828125,211.51519775390625,210.9499969482422,211.3699951171875,314113,AMD,5m
2026-02-25 20:25:00+00:00,211.33999633789062,211.48500061035156,211.16000366210938,211.22000122070312,211738,AMD,5m
2026-02-25 20:30:00+00:00,211.22000122070312,211.22000122070312,210.63999938964844,210.97999572753906,430286,AMD,5m
2026-02-25 20:35:00+00:00,210.9600067138672,211.52000427246094,210.8990020751953,211.39999389648438,268923,AMD,5m
2026-02-25 20:40:00+00:00,211.38999938964844,211.55990600585938,211.0,211.05999755859375,305864,AMD,5m
2026-02-25 20:45:00+00:00,211.0449981689453,211.36000061035156,211.0449981689453,211.17999267578125,238135,AMD,5m
2026-02-25 20:50:00+00:00,211.16000366210938,211.22000122070312,210.75,210.97000122070312,481636,AMD,5m
2026-02-25 20:55:00+00:00,210.9499969482422,211.25,210.5,210.86000061035156,1013732,AMD,5m
2026-02-26 14:30:00+00:00,208.9499969482422,209.77130126953125,204.6300048828125,204.75,1994506,AMD,5m
2026-02-26 14:35:00+00:00,204.77999877929688,206.82000732421875,204.25,206.42999267578125,1000385,AMD,5m
2026-02-26 14:40:00+00:00,206.36590576171875,207.2100067138672,205.39999389648438,205.7899932861328,884991,AMD,5m
2026-02-26 14:45:00+00:00,205.77000427246094,206.9499053955078,205.27999877929688,205.50999450683594,513727,AMD,5m
2026-02-26 14:50:00+00:00,205.5,206.44000244140625,204.6699981689453,206.44000244140625,507694,AMD,5m
2026-02-26 14:55:00+00:00,206.42410278320312,206.8000030517578,205.3000030517578,205.875,384663,AMD,5m
2026-02-26 15:00:00+00:00,205.85000610351562,207.8300018310547,205.77000427246094,207.30999755859375,587375,AMD,5m
2026-02-26 15:05:00+00:00,207.36000061035156,207.39999389648438,206.35699462890625,206.5,323229,AMD,5m
2026-02-26 15:10:00+00:00,206.61000061035156,207.47000122070312,205.42999267578125,205.42999267578125,468797,AMD,5m
2026-02-26 15:15:00+00:00,205.4499969482422,205.50999450683594,202.72999572753906,202.81500244140625,814178,AMD,5m
2026-02-26 15:20:00+00:00,202.83999633789062,203.36000061035156,202.0500030517578,202.22999572753906,593651,AMD,5m
2026-02-26 15:25:00+00:00,202.3000030517578,203.53990173339844,201.8800048828125,202.5500946044922,590206,AMD,5m
2026-02-26 15:30:00+00:00,202.5500030517578,202.8300018310547,201.85000610351562,201.9199981689453,354489,AMD,5m
2026-02-26 15:35:00+00:00,201.97000122070312,204.22999572753906,201.91000366210938,204.10000610351562,3591927,AMD,5m
2026-02-26 15:40:00+00:00,204.10000610351562,204.8000030517578,203.97999572753906,204.61000061035156,0,AMD,5m
2026-02-26 15:45:00+00:00,204.63450622558594,204.85000610351562,203.4199981689453,203.9199981689453,300344,AMD,5m
2026-02-26 15:50:00+00:00,203.8699951171875,204.27000427246094,203.08999633789062,203.2740020751953,275502,AMD,5m
2026-02-26 15:55:00+00:00,203.30999755859375,203.47999572753906,202.3300018310547,202.52000427246094,391511,AMD,5m
2026-02-26 16:00:00+00:00,202.52000427246094,203.27999877929688,202.47000122070312,203.19500732421875,338946,AMD,5m
2026-02-26 16:05:00+00:00,203.16000366210938,203.53790283203125,202.52999877929688,203.01499938964844,247114,AMD,5m
2026-02-26 16:10:00+00:00,202.9499969482422,203.22999572753906,202.52000427246094,202.83999633789062,224357,AMD,5m
2026-02-26 16:15:00+00:00,202.84500122070312,203.23500061035156,202.76010131835938,202.8800048828125,289128,AMD,5m
2026-02-26 16:20:00+00:00,202.85000610351562,203.5800018310547,202.83999633789062,203.4600067138672,4466112,AMD,5m
2026-02-26 16:25:00+00:00,203.47000122070312,203.92140197753906,203.3300018310547,203.4600067138672,0,AMD,5m
2026-02-26 16:30:00+00:00,203.42999267578125,203.8699951171875,203.27000427246094,203.52999877929688,257334,AMD,5m
2026-02-26 16:35:00+00:00,203.52999877929688,203.72999572753906,202.72999572753906,202.97999572753906,200292,AMD,5m
2026-02-26 16:40:00+00:00,202.9499969482422,203.38999938964844,202.6199951171875,202.6699981689453,193860,AMD,5m
2026-02-26 16:45:00+00:00,202.66000366210938,203.0,201.89999389648438,203.0,388625,AMD,5m
2026-02-26 16:50:00+00:00,202.9600067138672,203.2100067138672,202.4501953125,202.47500610351562,221704,AMD,5m
2026-02-26 16:55:00+00:00,202.4499969482422,202.58999633789062,202.16000366210938,202.214599609375,196749,AMD,5m
2026-02-26 17:00:00+00:00,202.17999267578125,202.89999389648438,202.17999267578125,202.8800048828125,208755,AMD,5m
2026-02-26 17:05:00+00:00,202.86000061035156,202.97000122070312,202.57000732421875,202.61500549316406,179750,AMD,5m
2026-02-26 17:10:00+00:00,202.60000610351562,202.77999877929688,202.17080688476562,202.23109436035156,188829,AMD,5m
2026-02-26 17:15:00+00:00,202.25,202.69000244140625,202.22000122070312,202.49000549316406,5167265,AMD,5m
2026-02-26 17:20:00+00:00,202.4600067138672,202.52999877929688,202.22999572753906,202.39999389648438,0,AMD,5m
2026-02-26 17:25:00+00:00,202.41000366210938,202.61000061035156,202.1999969482422,202.4199981689453,141674,AMD,5m
2026-02-26 17:30:00+00:00,202.3800048828125,203.30999755859375,202.375,203.1999969482422,246971,AMD,5m
2026-02-26 17:35:00+00:00,203.1999969482422,203.1999969482422,202.42999267578125,202.4550018310547,144306,AMD,5m
2026-02-26 17:40:00+00:00,202.47000122070312,202.55999755859375,202.16000366210938,202.23500061035156,179460,AMD,5m
2026-02-26 17:45:00+00:00,202.22000122070312,202.34500122070312,201.61000061035156,201.72500610351562,264913,AMD,5m
2026-02-26 17:50:00+00:00,201.74000549316406,202.3000030517578,201.6300048828125,202.05999755859375,212822,AMD,5m
2026-02-26 17:55:00+00:00,202.00999450683594,202.10000610351562,201.7700958251953,202.0,140108,AMD,5m
2026-02-26 18:00:00+00:00,202.0,202.22999572753906,201.8300018310547,201.89999389648438,5709163,AMD,5m
2026-02-26 18:05:00+00:00,201.92999267578125,202.0500030517578,201.4600067138672,201.72999572753906,0,AMD,5m
2026-02-26 18:10:00+00:00,201.7006072998047,201.9600067138672,201.63999938964844,201.8000030517578,158481,AMD,5m
2026-02-26 18:15:00+00:00,201.77999877929688,202.1179962158203,201.47000122070312,202.07000732421875,178085,AMD,5m
2026-02-26 18:20:00+00:00,202.0500030517578,202.2100067138672,201.77999877929688,202.2100067138672,151674,AMD,5m
2026-02-26 18:25:00+00:00,202.19000244140625,202.5399932861328,202.16000366210938,202.3300018310547,155278,AMD,5m
2026-02-26 18:30:00+00:00,202.3300018310547,203.44000244140625,202.3000946044922,203.3300018310547,229776,AMD,5m
2026-02-26 18:35:00+00:00,203.35000610351562,203.75,203.11000061035156,203.61000061035156,218879,AMD,5m
2026-02-26 18:40:00+00:00,203.64999389648438,203.80499267578125,203.38009643554688,203.4600067138672,144999,AMD,5m
2026-02-26 18:45:00+00:00,203.4600067138672,203.7899932861328,202.8509979248047,203.13999938964844,193274,AMD,5m
2026-02-26 18:50:00+00:00,203.1199951171875,203.3997039794922,202.93499755859375,203.18499755859375,119910,AMD,5m
2026-02-26 18:55:00+00:00,203.1875,203.27999877929688,203.0399932861328,203.07000732421875,143636,AMD,5m
2026-02-26 19:00:00+00:00,203.07000732421875,203.75,203.0,203.6750030517578,141675,AMD,5m
2026-02-26 19:05:00+00:00,203.67999267578125,203.8300018310547,203.63999938964844,203.7100067138672,123884,AMD,5m
2026-02-26 19:10:00+00:00,203.72000122070312,203.97000122070312,203.5,203.5800018310547,185241,AMD,5m
2026-02-26 19:15:00+00:00,203.61000061035156,203.86000061035156,203.57000732421875,203.61000061035156,6513743,AMD,5m
2026-02-26 19:20:00+00:00,203.59500122070312,203.77999877929688,203.48190307617188,203.74000549316406,0,AMD,5m
2026-02-26 19:25:00+00:00,203.72000122070312,203.90499877929688,203.02000427246094,203.1199951171875,183067,AMD,5m
2026-02-26 19:30:00+00:00,203.0800018310547,203.6300048828125,202.9550018310547,203.6199951171875,158088,AMD,5m
2026-02-26 19:35:00+00:00,203.6300048828125,203.66000366210938,203.17999267578125,203.25,117623,AMD,5m
2026-02-26 19:40:00+00:00,203.22999572753906,203.55999755859375,203.13999938964844,203.4949951171875,130865,AMD,5m
2026-02-26 19:45:00+00:00,203.50999450683594,203.97999572753906,203.47500610351562,203.72000122070312,185322,AMD,5m
2026-02-26 19:50:00+00:00,203.69000244140625,204.03990173339844,203.5260009765625,203.8000030517578,149392,AMD,5m
2026-02-26 19:55:00+00:00,203.82000732421875,204.0,203.3800048828125,203.4199981689453,150438,AMD,5m
2026-02-26 20:00:00+00:00,203.4199981689453,203.8332061767578,203.2989959716797,203.78500366210938,132570,AMD,5m
2026-02-26 20:05:00+00:00,203.76499938964844,203.89500427246094,203.14999389648438,203.1645050048828,159294,AMD,5m
2026-02-26 20:10:00+00:00,203.19000244140625,203.49000549316406,203.00999450683594,203.00999450683594,219570,AMD,5m
2026-02-26 20:15:00+00:00,203.01499938964844,203.1903076171875,202.72000122070312,203.08999633789062,256459,AMD,5m
2026-02-26 20:20:00+00:00,203.09890747070312,203.22000122070312,202.61000061035156,202.71499633789062,193718,AMD,5m
2026-02-26 20:25:00+00:00,202.7299041748047,202.9600067138672,202.42999267578125,202.5,227006,AMD,5m
2026-02-26 20:30:00+00:00,202.47000122070312,203.33999633789062,202.47000122070312,203.33999633789062,229053,AMD,5m
2026-02-26 20:35:00+00:00,203.35000610351562,203.7050018310547,203.27000427246094,203.58999633789062,250156,AMD,5m
2026-02-26 20:40:00+00:00,203.61000061035156,203.62989807128906,203.28089904785156,203.5800018310547,196861,AMD,5m
2026-02-26 20:45:00+00:00,203.61000061035156,203.77999877929688,203.02000427246094,203.2449951171875,234577,AMD,5m
2026-02-26 20:50:00+00:00,203.25999450683594,203.80999755859375,203.22999572753906,203.74000549316406,340776,AMD,5m
2026-02-26 20:55:00+00:00,203.74000549316406,203.7550048828125,203.3300018310547,203.6699981689453,768157,AMD,5m
2026-02-27 14:30:00+00:00,199.9499969482422,200.3800048828125,198.02999877929688,199.9250030517578,1474946,AMD,5m
2026-02-27 14:35:00+00:00,199.91000366210938,200.5198974609375,199.10000610351562,200.4550018310547,524307,AMD,5m
2026-02-27 14:40:00+00:00,200.47120666503906,200.49000549316406,198.77999877929688,199.49009704589844,460833,AMD,5m
2026-02-27 14:45:00+00:00,199.58990478515625,201.1300048828125,199.16029357910156,200.9550018310547,467623,AMD,5m
2026-02-27 14:50:00+00:00,200.97000122070312,200.98500061035156,199.25999450683594,200.0449981689453,462670,AMD,5m
2026-02-27 14:55:00+00:00,200.04150390625,200.2899932861328,199.72799682617188,199.88670349121094,394707,AMD,5m
2026-02-27 15:00:00+00:00,199.83999633789062,200.8990020751953,199.5500946044922,200.30999755859375,390558,AMD,5m
2026-02-27 15:05:00+00:00,200.33770751953125,201.3699951171875,200.22079467773438,201.03750610351562,1998556,AMD,5m
2026-02-27 15:10:00+00:00,201.11990356445312,201.8800048828125,200.88009643554688,201.0500946044922,0,AMD,5m
2026-02-27 15:15:00+00:00,201.11500549316406,201.3800048828125,200.16000366210938,200.57249450683594,2120553,AMD,5m
2026-02-27 15:20:00+00:00,200.5500030517578,201.18499755859375,200.39999389648438,200.97000122070312,0,AMD,5m
2026-02-27 15:25:00+00:00,200.9199981689453,201.1822052001953,200.49960327148438,200.83999633789062,243381,AMD,5m
2026-02-27 15:30:00+00:00,200.85000610351562,200.88999938964844,199.64999389648438,199.9398956298828,2322035,AMD,5m
2026-02-27 15:35:00+00:00,199.93820190429688,200.57989501953125,199.8000946044922,200.30430603027344,317832,AMD,5m
2026-02-27 15:40:00+00:00,200.3249969482422,200.7899932861328,200.06500244140625,200.6649932861328,0,AMD,5m
2026-02-27 15:45:00+00:00,200.6649932861328,201.0399932861328,200.36000061035156,200.4949951171875,236006,AMD,5m
2026-02-27 15:50:00+00:00,200.52999877929688,200.54409790039062,199.80999755859375,200.02000427246094,252623,AMD,5m
2026-02-27 15:55:00+00:00,200.02499389648438,200.80999755859375,199.97500610351562,200.72000122070312,205167,AMD,5m
2026-02-27 16:00:00+00:00,200.6999969482422,201.13999938964844,200.52999877929688,200.98500061035156,2616700,AMD,5m
2026-02-27 16:05:00+00:00,200.97000122070312,201.0500030517578,200.22000122070312,200.2301025390625,0,AMD,5m
2026-02-27 16:10:00+00:00,200.25509643554688,200.49000549316406,199.92999267578125,200.40499877929688,2690425,AMD,5m
2026-02-27 16:15:00+00:00,200.38499450683594,201.00990295410156,200.3800048828125,200.50999450683594,0,AMD,5m
2026-02-27 16:20:00+00:00,200.49000549316406,200.55999755859375,200.1199951171875,200.5500030517578,154311,AMD,5m
2026-02-27 16:25:00+00:00,200.4770050048828,200.7364959716797,200.34559631347656,200.3699951171875,163305,AMD,5m
2026-02-27 16:30:00+00:00,200.3778076171875,200.8000030517578,200.3778076171875,200.44000244140625,136563,AMD,5m
2026-02-27 16:35:00+00:00,200.44000244140625,200.69830322265625,200.16000366210938,200.27999877929688,206557,AMD,5m
2026-02-27 16:40:00+00:00,200.25030517578125,200.3000030517578,199.52000427246094,199.6383056640625,208745,AMD,5m
2026-02-27 16:45:00+00:00,199.61000061035156,199.8498992919922,199.3699951171875,199.56500244140625,3111563,AMD,5m
2026-02-27 16:50:00+00:00,199.5749969482422,200.2799072265625,199.5500030517578,200.1699981689453,0,AMD,5m
2026-02-27 16:55:00+00:00,200.17999267578125,200.44000244140625,199.9499969482422,199.97000122070312,376035,AMD,5m
2026-02-27 17:00:00+00:00,200.0,200.55999755859375,199.97999572753906,200.39010620117188,125179,AMD,5m
2026-02-27 17:05:00+00:00,200.38999938964844,200.91000366210938,200.25999450683594,200.74899291992188,136369,AMD,5m
2026-02-27 17:10:00+00:00,200.75999450683594,200.77000427246094,199.53399658203125,199.5800018310547,210078,AMD,5m
2026-02-27 17:15:00+00:00,199.60000610351562,200.07000732421875,199.57000732421875,199.9199981689453,3344525,AMD,5m
2026-02-27 17:20:00+00:00,199.89999389648438,199.9199981689453,198.89999389648438,199.23500061035156,0,AMD,5m
2026-02-27 17:25:00+00:00,199.24000549316406,199.4398956298828,199.0399932861328,199.42999267578125,188015,AMD,5m
2026-02-27 17:30:00+00:00,199.42999267578125,199.89999389648438,199.1199951171875,199.82000732421875,222898,AMD,5m
2026-02-27 17:35:00+00:00,199.82040405273438,199.82040405273438,199.24000549316406,199.27499389648438,131750,AMD,5m
2026-02-27 17:40:00+00:00,199.264892578125,199.32000732421875,198.9499969482422,199.11959838867188,195542,AMD,5m
2026-02-27 17:45:00+00:00,199.125,199.22000122070312,198.85000610351562,199.14010620117188,121841,AMD,5m
2026-02-27 17:50:00+00:00,199.14500427246094,199.36000061035156,198.91700744628906,199.19500732421875,121708,AMD,5m
2026-02-27 17:55:00+00:00,199.2100067138672,199.4398956298828,199.18499755859375,199.35000610351562,79047,AMD,5m
2026-02-27 18:00:00+00:00,199.36500549316406,199.50999450683594,199.07009887695312,199.17999267578125,128681,AMD,5m
2026-02-27 18:05:00+00:00,199.1750030517578,199.44500732421875,198.9300994873047,199.10000610351562,100287,AMD,5m
2026-02-27 18:10:00+00:00,199.07989501953125,199.08999633789062,198.8000030517578,198.85000610351562,3792363,AMD,5m
2026-02-27 18:15:00+00:00,198.82000732421875,198.87010192871094,198.38999938964844,198.42999267578125,281841,AMD,5m
2026-02-27 18:20:00+00:00,198.42520141601562,198.47999572753906,198.08999633789062,198.32000732421875,0,AMD,5m
2026-02-27 18:25:00+00:00,198.32000732421875,198.47000122070312,197.97000122070312,198.3800048828125,261743,AMD,5m
2026-02-27 18:30:00+00:00,198.37840270996094,198.44000244140625,197.9499969482422,198.08999633789062,157228,AMD,5m
2026-02-27 18:35:00+00:00,198.0800018310547,198.24000549316406,197.99000549316406,198.11000061035156,4066721,AMD,5m
2026-02-27 18:40:00+00:00,198.0800018310547,198.4499969482422,197.93829345703125,197.9600067138672,0,AMD,5m
2026-02-27 18:45:00+00:00,197.97000122070312,198.02000427246094,197.75,197.85000610351562,183420,AMD,5m
2026-02-27 18:50:00+00:00,197.8300018310547,198.07000732421875,197.74000549316406,198.01800537109375,4224911,AMD,5m
2026-02-27 18:55:00+00:00,197.97999572753906,198.085205078125,197.82000732421875,197.92820739746094,0,AMD,5m
2026-02-27 19:00:00+00:00,197.91000366210938,198.4499969482422,197.8800048828125,198.3699951171875,207473,AMD,5m
2026-02-27 19:05:00+00:00,198.3699951171875,198.5399932861328,197.87010192871094,197.94000244140625,206759,AMD,5m
2026-02-27 19:10:00+00:00,197.9199981689453,198.16000366210938,197.75999450683594,198.0,4432100,AMD,5m
2026-02-27 19:15:00+00:00,198.01499938964844,198.25799560546875,197.99000549316406,198.18499755859375,0,AMD,5m
2026-02-27 19:20:00+00:00,198.1999053955078,198.2373046875,198.0399932861328,198.1300048828125,144684,AMD,5m
2026-02-27 19:25:00+00:00,198.13999938964844,198.30999755859375,198.0,198.14999389648438,135135,AMD,5m
2026-02-27 19:30:00+00:00,198.16000366210938,198.39999389648438,198.0399932861328,198.2949981689453,129495,AMD,5m
2026-02-27 19:35:00+00:00,198.30999755859375,198.4293975830078,198.1199951171875,198.16000366210938,141890,AMD,5m
2026-02-27 19:40:00+00:00,198.1501007080078,198.1999969482422,197.8800048828125,198.1199951171875,146530,AMD,5m
2026-02-27 19:45:00+00:00,198.1199951171875,198.22000122070312,197.94000244140625,198.0399932861328,177986,AMD,5m
2026-02-27 19:50:00+00:00,198.0399932861328,198.74440002441406,198.0399932861328,198.67010498046875,198293,AMD,5m
2026-02-27 19:55:00+00:00,198.69000244140625,198.9248046875,198.60159301757812,198.8000030517578,163973,AMD,5m
2026-02-27 20:00:00+00:00,198.77999877929688,199.0399932861328,198.75,198.75,161041,AMD,5m
2026-02-27 20:05:00+00:00,198.74000549316406,199.10000610351562,198.61000061035156,198.9499969482422,161614,AMD,5m
2026-02-27 20:10:00+00:00,198.94000244140625,199.41000366210938,198.92999267578125,199.32000732421875,210133,AMD,5m
2026-02-27 20:15:00+00:00,199.2989959716797,199.7635955810547,199.2899932861328,199.6300048828125,234726,AMD,5m
2026-02-27 20:20:00+00:00,199.66000366210938,199.91000366210938,199.58999633789062,199.8350067138672,211775,AMD,5m
2026-02-27 20:25:00+00:00,199.8300018310547,199.8887939453125,199.42999267578125,199.4528045654297,200146,AMD,5m
2026-02-27 20:30:00+00:00,199.4499969482422,199.8000030517578,199.41160583496094,199.625,199744,AMD,5m
2026-02-27 20:35:00+00:00,199.625,199.68499755859375,199.19000244140625,199.32000732421875,217448,AMD,5m
2026-02-27 20:40:00+00:00,199.36000061035156,199.60000610351562,199.27999877929688,199.32000732421875,202491,AMD,5m
2026-02-27 20:45:00+00:00,199.33999633789062,199.82899475097656,199.3000030517578,199.72999572753906,275760,AMD,5m
2026-02-27 20:50:00+00:00,199.75,200.22999572753906,199.49000549316406,200.02499389648438,422015,AMD,5m
2026-02-27 20:55:00+00:00,200.02999877929688,200.61000061035156,199.98500061035156,200.19000244140625,911346,AMD,5m
2026-03-02 14:30:00+00:00,193.80999755859375,195.0998992919922,190.0,194.51150512695312,2622302,AMD,5m
2026-03-02 14:35:00+00:00,194.47999572753906,195.39999389648438,192.75,192.97000122070312,758603,AMD,5m
2026-03-02 14:40:00+00:00,192.923095703125,194.1300048828125,191.8000030517578,193.80499267578125,1039347,AMD,5m
2026-03-02 14:45:00+00:00,193.72999572753906,195.2698974609375,193.3363037109375,195.1300048828125,718083,AMD,5m
2026-03-02 14:50:00+00:00,195.1699981689453,195.29989624023438,193.6011962890625,194.07000732421875,508395,AMD,5m
2026-03-02 14:55:00+00:00,194.0399932861328,194.2299041748047,193.1199951171875,193.60000610351562,487599,AMD,5m
2026-03-02 15:00:00+00:00,193.5,195.0800018310547,192.77000427246094,195.01950073242188,532811,AMD,5m
2026-03-02 15:05:00+00:00,195.02940368652344,196.0,194.8000030517578,195.86000061035156,502346,AMD,5m
2026-03-02 15:10:00+00:00,195.8699951171875,196.10000610351562,195.11000061035156,195.2050018310547,419011,AMD,5m
2026-03-02 15:15:00+00:00,195.19949340820312,195.30999755859375,194.5,194.80999755859375,393281,AMD,5m
2026-03-02 15:20:00+00:00,194.75,195.139892578125,193.89999389648438,194.32000732421875,392727,AMD,5m
2026-03-02 15:25:00+00:00,194.34930419921875,194.72000122070312,193.32000732421875,193.6999969482422,3741720,AMD,5m
2026-03-02 15:30:00+00:00,193.6699981689453,194.02000427246094,193.14999389648438,193.60000610351562,0,AMD,5m
2026-03-02 15:35:00+00:00,193.5800018310547,194.74000549316406,193.25,194.74000549316406,4185540,AMD,5m
2026-03-02 15:40:00+00:00,194.7469024658203,195.25,194.42250061035156,194.88499450683594,0,AMD,5m
2026-03-02 15:45:00+00:00,194.86500549316406,195.1999969482422,194.7301025390625,195.02000427246094,219486,AMD,5m
2026-03-02 15:50:00+00:00,194.9949951171875,195.52999877929688,194.25,194.39999389648438,280610,AMD,5m
2026-03-02 15:55:00+00:00,194.4250030517578,194.97999572753906,194.3800048828125,194.61000061035156,210231,AMD,5m
2026-03-02 16:00:00+00:00,194.6300048828125,194.7899932861328,194.0800018310547,194.41000366210938,228182,AMD,5m
2026-03-02 16:05:00+00:00,194.44500732421875,195.25999450683594,194.1999969482422,195.01600646972656,272154,AMD,5m
2026-03-02 16:10:00+00:00,195.02000427246094,195.3800048828125,194.75,194.89199829101562,4928609,AMD,5m
2026-03-02 16:15:00+00:00,194.88499450683594,195.0,194.25,194.67779541015625,0,AMD,5m
2026-03-02 16:20:00+00:00,194.6920928955078,195.07000732421875,194.49009704589844,194.77999877929688,206390,AMD,5m
2026-03-02 16:25:00+00:00,194.8249969482422,195.10499572753906,194.5800018310547,195.05999755859375,206398,AMD,5m
2026-03-02 16:30:00+00:00,195.05499267578125,195.64999389648438,194.8699951171875,195.5500030517578,251626,AMD,5m
2026-03-02 16:35:00+00:00,195.52220153808594,196.47999572753906,195.2689971923828,196.44500732421875,5334682,AMD,5m
2026-03-02 16:40:00+00:00,196.4600067138672,197.11000061035156,196.35079956054688,197.10000610351562,0,AMD,5m
2026-03-02 16:45:00+00:00,197.09429931640625,197.3000030517578,196.83009338378906,196.8699951171875,318506,AMD,5m
2026-03-02 16:50:00+00:00,196.91000366210938,197.05999755859375,196.38999938964844,196.76010131835938,244392,AMD,5m
2026-03-02 16:55:00+00:00,196.7899932861328,197.10000610351562,196.3717041015625,196.9250030517578,172631,AMD,5m
2026-03-02 17:00:00+00:00,196.78500366210938,196.9499969482422,196.41000366210938,196.44009399414062,5666047,AMD,5m
2026-03-02 17:05:00+00:00,196.43499755859375,196.97000122070312,196.27999877929688,196.9199981689453,306968,AMD,5m
2026-03-02 17:10:00+00:00,196.91000366210938,197.32000732421875,196.59719848632812,197.22999572753906,0,AMD,5m
2026-03-02 17:15:00+00:00,197.27000427246094,197.77000427246094,197.19000244140625,197.6999969482422,185006,AMD,5m
2026-03-02 17:20:00+00:00,197.6699981689453,198.07769775390625,197.38999938964844,197.9716033935547,166774,AMD,5m
2026-03-02 17:25:00+00:00,198.0,198.0,197.5850067138672,197.71499633789062,190957,AMD,5m
2026-03-02 17:30:00+00:00,197.7050018310547,197.9499969482422,197.4499969482422,197.5399932861328,199852,AMD,5m
2026-03-02 17:35:00+00:00,197.5800018310547,197.8300018310547,197.33999633789062,197.43499755859375,142315,AMD,5m
2026-03-02 17:40:00+00:00,197.4532012939453,197.64999389648438,197.17999267578125,197.42999267578125,127306,AMD,5m
2026-03-02 17:45:00+00:00,197.36000061035156,197.8300018310547,197.14999389648438,197.69500732421875,167108,AMD,5m
2026-03-02 17:50:00+00:00,197.6699981689453,197.88699340820312,197.5,197.52999877929688,129051,AMD,5m
2026-03-02 17:55:00+00:00,197.5800018310547,197.5800018310547,197.21009826660156,197.27999877929688,137182,AMD,5m
2026-03-02 18:00:00+00:00,197.35499572753906,197.4499969482422,197.0,197.25,168398,AMD,5m
2026-03-02 18:05:00+00:00,197.25999450683594,197.3000030517578,196.80999755859375,196.80999755859375,146997,AMD,5m
2026-03-02 18:10:00+00:00,196.82000732421875,196.89999389648438,196.44000244140625,196.6199951171875,193006,AMD,5m
2026-03-02 18:15:00+00:00,196.60000610351562,197.08999633789062,196.52000427246094,196.689697265625,177303,AMD,5m
2026-03-02 18:20:00+00:00,196.66000366210938,196.72000122070312,196.3618927001953,196.4199981689453,133596,AMD,5m
2026-03-02 18:25:00+00:00,196.4149932861328,197.02000427246094,196.32000732421875,196.75,163717,AMD,5m
2026-03-02 18:30:00+00:00,196.7899932861328,196.99000549316406,196.4499969482422,196.97000122070312,152583,AMD,5m
2026-03-02 18:35:00+00:00,196.97999572753906,197.08999633789062,196.77000427246094,196.9550018310547,141540,AMD,5m
2026-03-02 18:40:00+00:00,196.96499633789062,197.08999633789062,196.7899932861328,197.0399932861328,106043,AMD,5m
2026-03-02 18:45:00+00:00,196.99000549316406,197.0,196.39999389648438,196.7100067138672,128074,AMD,5m
2026-03-02 18:50:00+00:00,196.7550048828125,196.80990600585938,196.45289611816406,196.66549682617188,100647,AMD,5m
2026-03-02 18:55:00+00:00,196.61000061035156,196.69000244140625,196.30050659179688,196.47230529785156,140349,AMD,5m
2026-03-02 19:00:00+00:00,196.5500030517578,196.72970581054688,196.36000061035156,196.52499389648438,115937,AMD,5m
2026-03-02 19:05:00+00:00,196.5,196.74000549316406,196.05999755859375,196.6999969482422,187449,AMD,5m
2026-03-02 19:10:00+00:00,196.6999969482422,196.83999633789062,196.35009765625,196.6300048828125,162575,AMD,5m
2026-03-02 19:15:00+00:00,196.66990661621094,197.47999572753906,196.66000366210938,197.33999633789062,224966,AMD,5m
2026-03-02 19:20:00+00:00,197.27999877929688,197.47000122070312,197.1999969482422,197.28500366210938,116007,AMD,5m
2026-03-02 19:25:00+00:00,197.30999755859375,197.44000244140625,197.05999755859375,197.24000549316406,131359,AMD,5m
2026-03-02 19:30:00+00:00,197.23500061035156,197.60789489746094,197.19000244140625,197.5500030517578,106630,AMD,5m
2026-03-02 19:35:00+00:00,197.5850067138672,197.92999267578125,197.51010131835938,197.7550048828125,153464,AMD,5m
2026-03-02 19:40:00+00:00,197.7550048828125,198.14999389648438,197.69000244140625,197.9949951171875,187505,AMD,5m
2026-03-02 19:45:00+00:00,198.02000427246094,198.1199951171875,197.81500244140625,198.08999633789062,158062,AMD,5m
2026-03-02 19:50:00+00:00,198.08999633789062,198.3699951171875,197.8300018310547,198.3000030517578,208248,AMD,5m
2026-03-02 19:55:00+00:00,198.29249572753906,198.30990600585938,197.96600341796875,198.1024932861328,152051,AMD,5m
2026-03-02 20:00:00+00:00,198.07000732421875,198.22000122070312,197.61599731445312,197.80889892578125,172296,AMD,5m
2026-03-02 20:05:00+00:00,197.7899932861328,197.9696044921875,197.02999877929688,197.27000427246094,228903,AMD,5m
2026-03-02 20:10:00+00:00,197.25,197.25,196.66000366210938,196.90499877929688,229270,AMD,5m
2026-03-02 20:15:00+00:00,196.88999938964844,197.5800018310547,196.51010131835938,197.27000427246094,218495,AMD,5m
2026-03-02 20:20:00+00:00,197.2899932861328,197.41000366210938,196.99000549316406,197.1199951171875,130072,AMD,5m
2026-03-02 20:25:00+00:00,197.0800018310547,197.21560668945312,196.72000122070312,196.8300018310547,158519,AMD,5m
2026-03-02 20:30:00+00:00,196.8300018310547,197.49000549316406,196.72999572753906,197.47999572753906,170889,AMD,5m
2026-03-02 20:35:00+00:00,197.44000244140625,197.74000549316406,197.0800018310547,197.69000244140625,168175,AMD,5m
2026-03-02 20:40:00+00:00,197.69000244140625,197.83999633789062,197.38999938964844,197.83999633789062,195741,AMD,5m
2026-03-02 20:45:00+00:00,197.82000732421875,198.17999267578125,197.72999572753906,198.06500244140625,221077,AMD,5m
2026-03-02 20:50:00+00:00,198.0500030517578,198.41200256347656,197.72999572753906,198.39999389648438,813752,AMD,5m
2026-03-02 20:55:00+00:00,198.3800048828125,198.72999572753906,198.31500244140625,198.60940551757812,817910,AMD,5m
2026-03-03 14:30:00+00:00,191.4600067138672,193.63999938964844,190.8800048828125,192.59500122070312,2787748,AMD,5m
2026-03-03 14:35:00+00:00,192.58999633789062,192.91000366210938,191.38999938964844,191.7790069580078,848105,AMD,5m
2026-03-03 14:40:00+00:00,191.72500610351562,191.91000366210938,190.1300048828125,190.64999389648438,884135,AMD,5m
2026-03-03 14:45:00+00:00,190.57000732421875,191.8800048828125,190.00999450683594,190.60499572753906,736998,AMD,5m
2026-03-03 14:50:00+00:00,190.63999938964844,191.75999450683594,190.36000061035156,191.50999450683594,629863,AMD,5m
2026-03-03 14:55:00+00:00,191.5198974609375,191.75,190.25,190.32000732421875,579217,AMD,5m
2026-03-03 15:00:00+00:00,190.27000427246094,191.27000427246094,189.8300018310547,190.30999755859375,1022465,AMD,5m
2026-03-03 15:05:00+00:00,190.29510498046875,191.1699981689453,189.9300994873047,190.93499755859375,493104,AMD,5m
2026-03-03 15:10:00+00:00,190.8800048828125,191.18609619140625,190.25010681152344,190.8699951171875,343616,AMD,5m
2026-03-03 15:15:00+00:00,190.92999267578125,191.0050048828125,189.22500610351562,189.40499877929688,770943,AMD,5m
2026-03-03 15:20:00+00:00,189.35000610351562,189.58999633789062,188.74000549316406,188.97000122070312,683495,AMD,5m
2026-03-03 15:25:00+00:00,188.92999267578125,189.0800018310547,188.52999877929688,188.735107421875,560427,AMD,5m
2026-03-03 15:30:00+00:00,188.69000244140625,190.03500366210938,188.69000244140625,189.22999572753906,780420,AMD,5m
2026-03-03 15:35:00+00:00,189.30960083007812,190.17999267578125,189.30960083007812,189.7100067138672,501544,AMD,5m
2026-03-03 15:40:00+00:00,189.6199951171875,189.94000244140625,189.1761016845703,189.38499450683594,358849,AMD,5m
2026-03-03 15:45:00+00:00,189.30999755859375,190.0500030517578,189.02999877929688,189.2404022216797,376307,AMD,5m
2026-03-03 15:50:00+00:00,189.22000122070312,189.72999572753906,188.22000122070312,188.27000427246094,586838,AMD,5m
2026-03-03 15:55:00+00:00,188.2899932861328,189.33009338378906,188.25,189.25999450683594,377962,AMD,5m
2026-03-03 16:00:00+00:00,189.27000427246094,190.5850067138672,189.17999267578125,190.39010620117188,674211,AMD,5m
2026-03-03 16:05:00+00:00,190.38999938964844,191.25,190.2899932861328,190.53500366210938,600494,AMD,5m
2026-03-03 16:10:00+00:00,190.5,190.5800018310547,189.82000732421875,190.19000244140625,359482,AMD,5m
2026-03-03 16:15:00+00:00,190.16000366210938,191.3000030517578,190.16000366210938,190.86000061035156,388520,AMD,5m
2026-03-03 16:20:00+00:00,190.88999938964844,191.27999877929688,190.44000244140625,191.22999572753906,389404,AMD,5m
2026-03-03 16:25:00+00:00,191.1699981689453,191.3000030517578,190.88009643554688,191.0050048828125,312429,AMD,5m
2026-03-03 16:30:00+00:00,190.9949951171875,191.0561981201172,190.17999267578125,190.53729248046875,388884,AMD,5m
2026-03-03 16:35:00+00:00,190.50999450683594,190.8800048828125,190.20010375976562,190.6999969482422,283144,AMD,5m
2026-03-03 16:40:00+00:00,190.70509338378906,190.89990234375,190.23500061035156,190.70010375976562,285201,AMD,5m
2026-03-03 16:45:00+00:00,190.7899932861328,191.69000244140625,190.67999267578125,191.11000061035156,435028,AMD,5m
2026-03-03 16:50:00+00:00,191.09500122070312,191.2100067138672,190.60499572753906,190.8350067138672,213852,AMD,5m
2026-03-03 16:55:00+00:00,190.8699951171875,191.5399932861328,190.7816925048828,190.92999267578125,258533,AMD,5m
2026-03-03 17:00:00+00:00,190.9600067138672,191.3699951171875,190.77999877929688,191.2449951171875,232610,AMD,5m
2026-03-03 17:05:00+00:00,191.25,191.27000427246094,190.47000122070312,190.49000549316406,234466,AMD,5m
2026-03-03 17:10:00+00:00,190.52499389648438,190.8800048828125,190.30999755859375,190.77000427246094,210720,AMD,5m
2026-03-03 17:15:00+00:00,190.789306640625,191.15499877929688,190.53500366210938,191.15499877929688,185137,AMD,5m
2026-03-03 17:20:00+00:00,191.17999267578125,191.6300048828125,190.75999450683594,191.5399932861328,200010,AMD,5m
2026-03-03 17:25:00+00:00,191.55999755859375,191.60009765625,191.23500061035156,191.39999389648438,194585,AMD,5m
2026-03-03 17:30:00+00:00,191.39300537109375,191.42999267578125,190.10000610351562,190.28500366210938,292870,AMD,5m
2026-03-03 17:35:00+00:00,190.3090057373047,191.24000549316406,190.2100067138672,191.02000427246094,318245,AMD,5m
2026-03-03 17:40:00+00:00,191.06500244140625,192.06939697265625,191.0399932861328,191.83999633789062,453778,AMD,5m
2026-03-03 17:45:00+00:00,191.8000030517578,191.85000610351562,191.19000244140625,191.4398956298828,219531,AMD,5m
2026-03-03 17:50:00+00:00,191.38999938964844,191.44000244140625,190.67999267578125,190.79010009765625,205574,AMD,5m
2026-03-03 17:55:00+00:00,190.77999877929688,191.07000732421875,190.63999938964844,190.89999389648438,225732,AMD,5m
2026-03-03 18:00:00+00:00,190.97999572753906,191.4499969482422,190.9199981689453,191.22000122070312,222726,AMD,5m
2026-03-03 18:05:00+00:00,191.2100067138672,191.55990600585938,191.11000061035156,191.5500030517578,179188,AMD,5m
2026-03-03 18:10:00+00:00,191.57000732421875,191.64999389648438,191.22000122070312,191.55999755859375,222463,AMD,5m
2026-03-03 18:15:00+00:00,191.57000732421875,191.69000244140625,191.2899932861328,191.4700927734375,159853,AMD,5m
2026-03-03 18:20:00+00:00,191.47000122070312,192.1999969482422,191.44000244140625,192.14010620117188,246474,AMD,5m
2026-03-03 18:25:00+00:00,192.17990112304688,192.17999267578125,191.4199981689453,191.43040466308594,425099,AMD,5m
2026-03-03 18:30:00+00:00,191.47000122070312,191.86000061035156,191.33009338378906,191.77999877929688,278608,AMD,5m
2026-03-03 18:35:00+00:00,191.74000549316406,191.91000366210938,191.5399932861328,191.86000061035156,225276,AMD,5m
2026-03-03 18:40:00+00:00,191.9199981689453,192.4199981689453,191.75,191.97999572753906,275111,AMD,5m
2026-03-03 18:45:00+00:00,191.9499969482422,192.00999450683594,191.49000549316406,191.9250030517578,209466,AMD,5m
2026-03-03 18:50:00+00:00,191.97000122070312,192.3000030517578,191.8300018310547,192.0,227097,AMD,5m
2026-03-03 18:55:00+00:00,191.9199981689453,192.08999633789062,191.6999969482422,191.9499969482422,171084,AMD,5m
2026-03-03 19:00:00+00:00,191.97999572753906,192.19000244140625,191.72000122070312,192.0500030517578,338029,AMD,5m
2026-03-03 19:05:00+00:00,192.0500030517578,192.08999633789062,191.10000610351562,191.13079833984375,216318,AMD,5m
2026-03-03 19:10:00+00:00,191.1199951171875,191.4499969482422,191.02000427246094,191.38999938964844,673323,AMD,5m
2026-03-03 19:15:00+00:00,191.42999267578125,191.7698974609375,191.2689971923828,191.58999633789062,219913,AMD,5m
2026-03-03 19:20:00+00:00,191.61000061035156,191.97999572753906,191.58999633789062,191.80999755859375,243461,AMD,5m
2026-03-03 19:25:00+00:00,191.80999755859375,191.8300018310547,191.2550048828125,191.3000030517578,195034,AMD,5m
2026-03-03 19:30:00+00:00,191.30999755859375,191.50999450683594,190.92999267578125,191.0,250161,AMD,5m
2026-03-03 19:35:00+00:00,190.99000549316406,192.25,190.80999755859375,192.10000610351562,512427,AMD,5m
2026-03-03 19:40:00+00:00,192.11500549316406,192.4799041748047,191.75999450683594,191.77000427246094,403955,AMD,5m
2026-03-03 19:45:00+00:00,191.76010131835938,192.5500030517578,191.76010131835938,192.05499267578125,340835,AMD,5m
2026-03-03 19:50:00+00:00,191.99839782714844,192.1199951171875,191.25,191.52000427246094,306931,AMD,5m
2026-03-03 19:55:00+00:00,191.52000427246094,191.72999572753906,191.14999389648438,191.67999267578125,316042,AMD,5m
2026-03-03 20:00:00+00:00,191.69000244140625,192.22500610351562,191.50999450683594,191.83999633789062,268303,AMD,5m
2026-03-03 20:05:00+00:00,191.7801971435547,191.80499267578125,191.34010314941406,191.47000122070312,254451,AMD,5m
2026-03-03 20:10:00+00:00,191.46499633789062,191.55999755859375,190.7899932861328,190.7899932861328,306507,AMD,5m
2026-03-03 20:15:00+00:00,190.82000732421875,191.1699981689453,190.58999633789062,190.77999877929688,350583,AMD,5m
2026-03-03 20:20:00+00:00,190.7899932861328,191.19940185546875,190.77999877929688,191.10499572753906,318400,AMD,5m
2026-03-03 20:25:00+00:00,191.10000610351562,191.3800048828125,190.97999572753906,191.24000549316406,418802,AMD,5m
2026-03-03 20:30:00+00:00,191.1999969482422,191.50999450683594,191.1300048828125,191.21420288085938,397112,AMD,5m
2026-03-03 20:35:00+00:00,191.22999572753906,191.67999267578125,191.22999572753906,191.59579467773438,452575,AMD,5m
2026-03-03 20:40:00+00:00,191.60000610351562,191.6999969482422,191.08999633789062,191.29420471191406,364730,AMD,5m
2026-03-03 20:45:00+00:00,191.3000030517578,191.38999938964844,190.91000366210938,191.05929565429688,427579,AMD,5m
2026-03-03 20:50:00+00:00,191.05999755859375,191.27999877929688,190.64999389648438,190.7449951171875,697966,AMD,5m
2026-03-03 20:55:00+00:00,190.77999877929688,191.14999389648438,190.5,190.9600067138672,1499233,AMD,5m
2026-03-04 14:30:00+00:00,192.1699981689453,193.5800018310547,189.86000061035156,193.11000061035156,2591419,AMD,5m
2026-03-04 14:35:00+00:00,193.05999755859375,193.5,192.30999755859375,192.97000122070312,589624,AMD,5m
2026-03-04 14:40:00+00:00,193.0590057373047,193.66000366210938,192.1199951171875,192.7050018310547,544471,AMD,5m
2026-03-04 14:45:00+00:00,192.7050018310547,195.33999633789062,192.3585968017578,194.3300018310547,948010,AMD,5m
2026-03-04 14:50:00+00:00,194.38999938964844,195.1999969482422,193.97999572753906,194.3350067138672,528373,AMD,5m
2026-03-04 14:55:00+00:00,194.33999633789062,195.1999969482422,193.6999969482422,195.17999267578125,551624,AMD,5m
2026-03-04 15:00:00+00:00,195.1999969482422,196.47000122070312,195.1999969482422,196.02999877929688,899209,AMD,5m
2026-03-04 15:05:00+00:00,196.02000427246094,196.9199981689453,195.61000061035156,196.72000122070312,677235,AMD,5m
2026-03-04 15:10:00+00:00,196.74000549316406,196.75,195.8000030517578,196.24000549316406,590914,AMD,5m
2026-03-04 15:15:00+00:00,196.2550048828125,196.6699981689453,196.1999969482422,196.2949981689453,521881,AMD,5m
2026-03-04 15:20:00+00:00,196.27999877929688,197.0,196.08999633789062,196.94000244140625,548389,AMD,5m
2026-03-04 15:25:00+00:00,196.97999572753906,196.99000549316406,196.1699981689453,196.25999450683594,449041,AMD,5m
2026-03-04 15:30:00+00:00,196.25999450683594,197.6999969482422,196.1501007080078,197.2100067138672,656748,AMD,5m
2026-03-04 15:35:00+00:00,197.24000549316406,197.6840057373047,196.88999938964844,196.9969940185547,504456,AMD,5m
2026-03-04 15:40:00+00:00,196.99000549316406,197.3000030517578,196.74000549316406,196.92990112304688,378619,AMD,5m
2026-03-04 15:45:00+00:00,196.92999267578125,197.1999969482422,196.39999389648438,197.11000061035156,372035,AMD,5m
2026-03-04 15:50:00+00:00,197.1999969482422,197.86000061035156,196.89999389648438,197.8300018310547,656004,AMD,5m
2026-03-04 15:55:00+00:00,197.8300018310547,198.53720092773438,197.7449951171875,198.1699981689453,627477,AMD,5m
2026-03-04 16:00:00+00:00,198.1999969482422,198.27000427246094,197.5166015625,197.5399932861328,385556,AMD,5m
2026-03-04 16:05:00+00:00,197.5399932861328,197.8699951171875,197.17999267578125,197.21499633789062,359871,AMD,5m
2026-03-04 16:10:00+00:00,197.1999969482422,197.1999969482422,196.61000061035156,197.10499572753906,397504,AMD,5m
2026-03-04 16:15:00+00:00,197.0749969482422,197.57000732421875,196.6999969482422,196.9199981689453,396790,AMD,5m
2026-03-04 16:20:00+00:00,196.9199981689453,197.2100067138672,196.57000732421875,197.1636962890625,283148,AMD,5m
2026-03-04 16:25:00+00:00,197.14999389648438,198.35000610351562,197.05999755859375,197.85000610351562,419503,AMD,5m
2026-03-04 16:30:00+00:00,197.82000732421875,198.23550415039062,197.60000610351562,197.875,299224,AMD,5m
2026-03-04 16:35:00+00:00,197.83999633789062,198.02000427246094,197.17999267578125,197.6300048828125,258560,AMD,5m
2026-03-04 16:40:00+00:00,197.6112060546875,198.27999877929688,197.39999389648438,197.90499877929688,341849,AMD,5m
2026-03-04 16:45:00+00:00,197.9149932861328,198.1699981689453,197.78799438476562,198.1199951171875,212937,AMD,5m
2026-03-04 16:50:00+00:00,198.14500427246094,198.65660095214844,197.92999267578125,198.43499755859375,365136,AMD,5m
2026-03-04 16:55:00+00:00,198.4499969482422,198.9600067138672,198.36000061035156,198.9199981689453,361445,AMD,5m
2026-03-04 17:00:00+00:00,198.9499969482422,199.44000244140625,198.8699951171875,199.4149932861328,449102,AMD,5m
2026-03-04 17:05:00+00:00,199.4199981689453,199.85000610351562,199.29359436035156,199.40499877929688,513605,AMD,5m
2026-03-04 17:10:00+00:00,199.41000366210938,199.75999450683594,199.27000427246094,199.5399932861328,311116,AMD,5m
2026-03-04 17:15:00+00:00,199.5500030517578,199.83999633789062,199.41000366210938,199.80999755859375,366910,AMD,5m
2026-03-04 17:20:00+00:00,199.80999755859375,199.89999389648438,199.52000427246094,199.83009338378906,295032,AMD,5m
2026-03-04 17:25:00+00:00,199.83999633789062,200.27000427246094,199.8000030517578,200.17999267578125,583110,AMD,5m
2026-03-04 17:30:00+00:00,200.17999267578125,200.22000122070312,199.4499969482422,200.1300048828125,405898,AMD,5m
2026-03-04 17:35:00+00:00,200.14869689941406,200.72000122070312,199.9700927734375,200.14999389648438,518906,AMD,5m
2026-03-04 17:40:00+00:00,200.12100219726562,200.52000427246094,200.08999633789062,200.39999389648438,342168,AMD,5m
2026-03-04 17:45:00+00:00,200.40879821777344,200.6999969482422,200.30999755859375,200.45010375976562,282033,AMD,5m
2026-03-04 17:50:00+00:00,200.41000366210938,201.03990173339844,200.27000427246094,201.01499938964844,374843,AMD,5m
2026-03-04 17:55:00+00:00,201.02999877929688,201.3699951171875,200.83999633789062,201.1199951171875,412313,AMD,5m
2026-03-04 18:00:00+00:00,201.1199951171875,201.25999450683594,200.6699981689453,200.7100067138672,307357,AMD,5m
2026-03-04 18:05:00+00:00,200.71499633789062,200.92999267578125,200.47999572753906,200.67999267578125,269881,AMD,5m
2026-03-04 18:10:00+00:00,200.67999267578125,201.0800018310547,200.42999267578125,201.01010131835938,307426,AMD,5m
2026-03-04 18:15:00+00:00,201.02499389648438,201.3350067138672,200.8000030517578,200.87989807128906,340068,AMD,5m
2026-03-04 18:20:00+00:00,200.8350067138672,201.14999389648438,200.71009826660156,201.0500030517578,246801,AMD,5m
2026-03-04 18:25:00+00:00,201.0500030517578,201.5,200.9499969482422,201.27999877929688,347014,AMD,5m
2026-03-04 18:30:00+00:00,201.3000030517578,201.85000610351562,201.2899932861328,201.63479614257812,357256,AMD,5m
2026-03-04 18:35:00+00:00,201.63999938964844,201.74549865722656,201.13999938964844,201.25,298798,AMD,5m
2026-03-04 18:40:00+00:00,201.24000549316406,201.77999877929688,201.24000549316406,201.65890502929688,291303,AMD,5m
2026-03-04 18:45:00+00:00,201.66000366210938,201.99000549316406,201.5,201.9550018310547,293820,AMD,5m
2026-03-04 18:50:00+00:00,201.9550018310547,202.44000244140625,201.82000732421875,201.84010314941406,509952,AMD,5m
2026-03-04 18:55:00+00:00,201.8699951171875,201.98939514160156,201.57009887695312,201.88119506835938,337807,AMD,5m
2026-03-04 19:00:00+00:00,201.9199981689453,202.0500030517578,201.66000366210938,201.8000030517578,201396,AMD,5m
2026-03-04 19:05:00+00:00,201.7899932861328,201.83999633789062,201.47999572753906,201.63099670410156,266966,AMD,5m
2026-03-04 19:10:00+00:00,201.64999389648438,202.07550048828125,201.4600067138672,201.97000122070312,327302,AMD,5m
2026-03-04 19:15:00+00:00,201.99989318847656,202.01100158691406,201.66099548339844,201.8000030517578,242510,AMD,5m
2026-03-04 19:20:00+00:00,201.77999877929688,201.82000732421875,201.3800048828125,201.47999572753906,259175,AMD,5m
2026-03-04 19:25:00+00:00,201.47000122070312,201.4967041015625,201.07000732421875,201.1199951171875,317630,AMD,5m
2026-03-04 19:30:00+00:00,201.1300048828125,201.74000549316406,201.07000732421875,201.58999633789062,324020,AMD,5m
2026-03-04 19:35:00+00:00,201.55580139160156,202.22999572753906,201.55580139160156,202.17010498046875,330897,AMD,5m
2026-03-04 19:40:00+00:00,202.17999267578125,202.3300018310547,202.07000732421875,202.09429931640625,355847,AMD,5m
2026-03-04 19:45:00+00:00,202.0800018310547,202.3000030517578,201.8699951171875,202.11000061035156,479121,AMD,5m
2026-03-04 19:50:00+00:00,202.11500549316406,202.41000366210938,202.02000427246094,202.41000366210938,259213,AMD,5m
2026-03-04 19:55:00+00:00,202.40899658203125,202.41000366210938,201.9199981689453,201.99000549316406,329622,AMD,5m
2026-03-04 20:00:00+00:00,201.97000122070312,202.2799072265625,201.75010681152344,201.97000122070312,303573,AMD,5m
2026-03-04 20:05:00+00:00,201.99000549316406,202.05999755859375,201.5500030517578,201.86000061035156,308822,AMD,5m
2026-03-04 20:10:00+00:00,201.8800048828125,202.00999450683594,201.37010192871094,201.41000366210938,399216,AMD,5m
2026-03-04 20:15:00+00:00,201.42999267578125,201.6999969482422,201.27999877929688,201.45640563964844,343216,AMD,5m
2026-03-04 20:20:00+00:00,201.44500732421875,201.55999755859375,201.17999267578125,201.3000030517578,272259,AMD,5m
2026-03-04 20:25:00+00:00,201.28990173339844,201.49989318847656,201.1699981689453,201.25,422156,AMD,5m
2026-03-04 20:30:00+00:00,201.2100067138672,201.2899932861328,200.88999938964844,201.0,360992,AMD,5m
2026-03-04 20:35:00+00:00,201.00999450683594,201.41000366210938,200.97000122070312,201.1649932861328,349426,AMD,5m
2026-03-04 20:40:00+00:00,201.17990112304688,201.69000244140625,201.0399932861328,201.5800018310547,453499,AMD,5m
2026-03-04 20:45:00+00:00,201.55999755859375,201.75999450683594,201.35020446777344,201.55999755859375,903857,AMD,5m
2026-03-04 20:50:00+00:00,201.49000549316406,201.97000122070312,200.85000610351562,201.8800048828125,783062,AMD,5m
2026-03-04 20:55:00+00:00,201.8699951171875,202.22000122070312,201.61000061035156,202.05999755859375,1651134,AMD,5m
2026-03-05 14:30:00+00:00,197.77000427246094,202.6999053955078,197.4550018310547,201.9429931640625,2084546,AMD,5m
2026-03-05 14:35:00+00:00,201.99989318847656,202.05999755859375,200.02000427246094,200.625,940107,AMD,5m
2026-03-05 14:40:00+00:00,200.6436004638672,201.0,199.6999969482422,200.55999755859375,656999,AMD,5m
2026-03-05 14:45:00+00:00,200.55999755859375,202.8699951171875,200.02999877929688,202.21499633789062,675559,AMD,5m
2026-03-05 14:50:00+00:00,202.27000427246094,203.7899932861328,202.07000732421875,202.98989868164062,890130,AMD,5m
2026-03-05 14:55:00+00:00,202.8300018310547,203.47999572753906,201.60000610351562,201.74000549316406,686637,AMD,5m
2026-03-05 15:00:00+00:00,201.66009521484375,202.5780029296875,201.61000061035156,201.8625030517578,517808,AMD,5m
2026-03-05 15:05:00+00:00,201.82000732421875,202.24119567871094,201.38999938964844,202.10499572753906,367299,AMD,5m
2026-03-05 15:10:00+00:00,202.110107421875,203.08999633789062,202.110107421875,202.89990234375,758771,AMD,5m
2026-03-05 15:15:00+00:00,202.8249969482422,203.0,202.0601043701172,202.2200927734375,311406,AMD,5m
2026-03-05 15:20:00+00:00,202.26510620117188,202.42840576171875,201.1199951171875,201.15499877929688,376327,AMD,5m
2026-03-05 15:25:00+00:00,201.15499877929688,201.30189514160156,200.4199981689453,200.61500549316406,387720,AMD,5m
2026-03-05 15:30:00+00:00,200.6699981689453,200.77999877929688,199.5,200.31500244140625,603824,AMD,5m
2026-03-05 15:35:00+00:00,200.31500244140625,201.27000427246094,200.25999450683594,200.9199981689453,355413,AMD,5m
2026-03-05 15:40:00+00:00,200.99000549316406,201.53990173339844,200.88999938964844,201.19119262695312,398069,AMD,5m
2026-03-05 15:45:00+00:00,201.2050018310547,201.9398956298828,201.0399932861328,201.61000061035156,280076,AMD,5m
2026-03-05 15:50:00+00:00,201.63999938964844,202.5500030517578,201.53289794921875,202.32000732421875,322634,AMD,5m
2026-03-05 15:55:00+00:00,202.3699951171875,202.72000122070312,202.02999877929688,202.41000366210938,259852,AMD,5m
2026-03-05 16:00:00+00:00,202.36000061035156,202.55999755859375,201.9600067138672,202.11000061035156,220117,AMD,5m
2026-03-05 16:05:00+00:00,202.10850524902344,202.44000244140625,201.5500030517578,201.5500030517578,246778,AMD,5m
2026-03-05 16:10:00+00:00,201.59390258789062,202.3699951171875,201.11880493164062,201.60499572753906,455064,AMD,5m
2026-03-05 16:15:00+00:00,201.6699981689453,201.8699951171875,200.8000946044922,200.860107421875,249706,AMD,5m
2026-03-05 16:20:00+00:00,200.8699951171875,202.0500030517578,200.8699951171875,201.26499938964844,299413,AMD,5m
2026-03-05 16:25:00+00:00,201.22500610351562,201.47000122070312,200.75,200.856201171875,200402,AMD,5m
2026-03-05 16:30:00+00:00,200.8800048828125,201.90499877929688,200.85000610351562,201.72500610351562,207223,AMD,5m
2026-03-05 16:35:00+00:00,201.72500610351562,202.07980346679688,201.1199951171875,202.02499389648438,190133,AMD,5m
2026-03-05 16:40:00+00:00,202.02499389648438,202.25,201.47000122070312,201.80999755859375,197020,AMD,5m
2026-03-05 16:45:00+00:00,201.77999877929688,202.30999755859375,201.72000122070312,201.76510620117188,169889,AMD,5m
2026-03-05 16:50:00+00:00,201.88499450683594,201.98989868164062,201.55999755859375,201.76499938964844,117773,AMD,5m
2026-03-05 16:55:00+00:00,201.8000030517578,201.92990112304688,201.26519775390625,201.4600067138672,125699,AMD,5m
2026-03-05 17:00:00+00:00,201.4300994873047,202.42959594726562,201.3000030517578,202.4199981689453,152835,AMD,5m
2026-03-05 17:05:00+00:00,202.41650390625,202.74000549316406,201.6009979248047,201.64999389648438,203591,AMD,5m
2026-03-05 17:10:00+00:00,201.625,201.625,200.88999938964844,201.28990173339844,213315,AMD,5m
2026-03-05 17:15:00+00:00,201.2449951171875,201.25999450683594,199.8800048828125,199.97000122070312,314411,AMD,5m
2026-03-05 17:20:00+00:00,199.99000549316406,200.75999450683594,199.8800048828125,200.61000061035156,260014,AMD,5m
2026-03-05 17:25:00+00:00,200.61000061035156,200.79989624023438,199.32000732421875,199.42999267578125,576127,AMD,5m
2026-03-05 17:30:00+00:00,199.50999450683594,199.6300048828125,197.6199951171875,197.75,706485,AMD,5m
2026-03-05 17:35:00+00:00,197.72000122070312,198.60000610351562,197.5,197.80499267578125,505855,AMD,5m
2026-03-05 17:40:00+00:00,197.83999633789062,197.91000366210938,196.77000427246094,196.97000122070312,437400,AMD,5m
2026-03-05 17:45:00+00:00,196.99000549316406,197.00999450683594,195.75,195.80999755859375,638670,AMD,5m
2026-03-05 17:50:00+00:00,195.8699951171875,195.9199981689453,194.8800048828125,195.47999572753906,1046953,AMD,5m
2026-03-05 17:55:00+00:00,195.5050048828125,195.9199981689453,195.14999389648438,195.47000122070312,380769,AMD,5m
2026-03-05 18:00:00+00:00,195.39500427246094,196.3000030517578,195.33599853515625,196.14999389648438,344807,AMD,5m
2026-03-05 18:05:00+00:00,196.14999389648438,196.69000244140625,195.81460571289062,196.11700439453125,429425,AMD,5m
2026-03-05 18:10:00+00:00,196.08999633789062,196.52999877929688,195.802001953125,196.1999969482422,265096,AMD,5m
2026-03-05 18:15:00+00:00,196.25999450683594,196.68499755859375,195.62010192871094,195.68930053710938,281993,AMD,5m
2026-03-05 18:20:00+00:00,195.74000549316406,196.20889282226562,195.47999572753906,195.86000061035156,286490,AMD,5m
2026-03-05 18:25:00+00:00,195.85499572753906,196.11000061035156,195.5500946044922,195.72500610351562,239990,AMD,5m
2026-03-05 18:30:00+00:00,195.6999969482422,196.25,195.47000122070312,195.80499267578125,287600,AMD,5m
2026-03-05 18:35:00+00:00,195.8699951171875,196.8000030517578,195.7899932861328,196.35940551757812,319206,AMD,5m
2026-03-05 18:40:00+00:00,196.30999755859375,197.08999633789062,196.2050018310547,196.8000030517578,331580,AMD,5m
2026-03-05 18:45:00+00:00,196.77999877929688,197.13900756835938,196.4001007080078,196.44500732421875,259720,AMD,5m
2026-03-05 18:50:00+00:00,196.4499969482422,196.63999938964844,196.1616973876953,196.27999877929688,235624,AMD,5m
2026-03-05 18:55:00+00:00,196.27999877929688,197.14999389648438,196.27999877929688,196.9250030517578,235843,AMD,5m
2026-03-05 19:00:00+00:00,196.9149932861328,197.27000427246094,196.68760681152344,196.8350067138672,226248,AMD,5m
2026-03-05 19:05:00+00:00,196.8262939453125,197.2899932861328,196.52000427246094,196.62989807128906,205465,AMD,5m
2026-03-05 19:10:00+00:00,196.5399932861328,196.72999572753906,196.30999755859375,196.668701171875,156099,AMD,5m
2026-03-05 19:15:00+00:00,196.63009643554688,196.85000610351562,196.3800048828125,196.82000732421875,170248,AMD,5m
2026-03-05 19:20:00+00:00,196.82000732421875,197.0919952392578,196.25,196.42999267578125,167020,AMD,5m
2026-03-05 19:25:00+00:00,196.44000244140625,196.50999450683594,195.33999633789062,195.7449951171875,386509,AMD,5m
2026-03-05 19:30:00+00:00,195.72000122070312,195.73500061035156,195.08999633789062,195.17999267578125,245558,AMD,5m
2026-03-05 19:35:00+00:00,195.1750030517578,195.85000610351562,195.0,195.77000427246094,519641,AMD,5m
2026-03-05 19:40:00+00:00,195.77000427246094,195.92999267578125,195.52999877929688,195.66000366210938,782752,AMD,5m
2026-03-05 19:45:00+00:00,195.66000366210938,195.75999450683594,195.36000061035156,195.6199951171875,276864,AMD,5m
2026-03-05 19:50:00+00:00,195.65499877929688,195.9501953125,195.5,195.64999389648438,314080,AMD,5m
2026-03-05 19:55:00+00:00,195.6199951171875,196.6300048828125,195.53089904785156,196.4250030517578,405405,AMD,5m
2026-03-05 20:00:00+00:00,196.39999389648438,196.77000427246094,195.75,196.6199951171875,326666,AMD,5m
2026-03-05 20:05:00+00:00,196.55999755859375,196.8000030517578,195.8800048828125,196.61000061035156,292939,AMD,5m
2026-03-05 20:10:00+00:00,196.67999267578125,197.5550994873047,196.63999938964844,197.30999755859375,413901,AMD,5m
2026-03-05 20:15:00+00:00,197.33990478515625,197.58999633789062,196.86000061035156,197.32000732421875,319411,AMD,5m
2026-03-05 20:20:00+00:00,197.33030700683594,197.7100067138672,197.02999877929688,197.64500427246094,313007,AMD,5m
2026-03-05 20:25:00+00:00,197.67999267578125,198.1199951171875,197.55999755859375,197.59500122070312,466528,AMD,5m
2026-03-05 20:30:00+00:00,197.57000732421875,198.58999633789062,197.4001007080078,198.38999938964844,442388,AMD,5m
2026-03-05 20:35:00+00:00,198.41000366210938,198.94000244140625,198.3699951171875,198.58999633789062,384186,AMD,5m
2026-03-05 20:40:00+00:00,198.6199951171875,198.63999938964844,198.13999938964844,198.47000122070312,407849,AMD,5m
2026-03-05 20:45:00+00:00,198.4949951171875,198.74000549316406,198.11000061035156,198.72999572753906,327674,AMD,5m
2026-03-05 20:50:00+00:00,198.75999450683594,199.16000366210938,198.5800018310547,198.80999755859375,1310390,AMD,5m
2026-03-05 20:55:00+00:00,198.82000732421875,199.5800018310547,198.7100067138672,199.4499969482422,1223892,AMD,5m
2026-03-06 14:30:00+00:00,195.16000366210938,198.10989379882812,194.9499969482422,197.68499755859375,2081069,AMD,5m
2026-03-06 14:35:00+00:00,197.68499755859375,197.8800048828125,196.0,197.09500122070312,634683,AMD,5m
2026-03-06 14:40:00+00:00,197.1168975830078,197.58999633789062,196.0800018310547,196.42999267578125,524848,AMD,5m
2026-03-06 14:45:00+00:00,196.43170166015625,197.17999267578125,195.89999389648438,196.0800018310547,466427,AMD,5m
2026-03-06 14:50:00+00:00,196.10000610351562,197.42999267578125,196.04010009765625,197.02969360351562,475525,AMD,5m
2026-03-06 14:55:00+00:00,197.04190063476562,197.0800018310547,195.92080688476562,196.71499633789062,393613,AMD,5m
2026-03-06 15:00:00+00:00,196.7100067138672,197.89999389648438,196.6999969482422,197.6851043701172,466961,AMD,5m
2026-03-06 15:05:00+00:00,197.76499938964844,198.41000366210938,197.0417022705078,197.14999389648438,382558,AMD,5m
2026-03-06 15:10:00+00:00,197.11500549316406,198.57000732421875,196.98300170898438,198.39999389648438,345822,AMD,5m
2026-03-06 15:15:00+00:00,198.39999389648438,198.8800048828125,198.22000122070312,198.33999633789062,443913,AMD,5m
2026-03-06 15:20:00+00:00,198.39500427246094,198.639892578125,197.60000610351562,198.3249969482422,350892,AMD,5m
2026-03-06 15:25:00+00:00,198.3282928466797,198.4199981689453,197.89999389648438,198.1999969482422,187120,AMD,5m
2026-03-06 15:30:00+00:00,198.25999450683594,198.4600067138672,197.70010375976562,198.02940368652344,270760,AMD,5m
2026-03-06 15:35:00+00:00,197.99549865722656,198.77609252929688,197.86000061035156,198.24000549316406,302930,AMD,5m
2026-03-06 15:40:00+00:00,198.22000122070312,198.22000122070312,197.5,197.77999877929688,275049,AMD,5m
2026-03-06 15:45:00+00:00,197.75999450683594,197.91000366210938,197.34829711914062,197.5850067138672,250176,AMD,5m
2026-03-06 15:50:00+00:00,197.63999938964844,197.7899932861328,197.0800018310547,197.7100067138672,326871,AMD,5m
2026-03-06 15:55:00+00:00,197.76210021972656,199.2100067138672,197.6999969482422,198.91000366210938,420774,AMD,5m
2026-03-06 16:00:00+00:00,198.92990112304688,199.3699951171875,198.6999969482422,199.16000366210938,345928,AMD,5m
2026-03-06 16:05:00+00:00,199.13999938964844,199.41990661621094,198.47999572753906,198.61000061035156,309094,AMD,5m
2026-03-06 16:10:00+00:00,198.64999389648438,198.7100067138672,197.94000244140625,198.02999877929688,237448,AMD,5m
2026-03-06 16:15:00+00:00,197.97999572753906,198.6199951171875,197.70010375976562,198.3000030517578,269459,AMD,5m
2026-03-06 16:20:00+00:00,198.32000732421875,198.7100067138672,197.8800048828125,198.64430236816406,187592,AMD,5m
2026-03-06 16:25:00+00:00,198.61000061035156,198.8199005126953,198.36000061035156,198.70989990234375,182485,AMD,5m
2026-03-06 16:30:00+00:00,198.6999969482422,198.9499969482422,198.3101043701172,198.5,216572,AMD,5m
2026-03-06 16:35:00+00:00,198.41000366210938,199.60000610351562,198.41000366210938,199.47999572753906,248685,AMD,5m
2026-03-06 16:40:00+00:00,199.5,199.9674072265625,199.27000427246094,199.68629455566406,316609,AMD,5m
2026-03-06 16:45:00+00:00,199.72999572753906,200.1699981689453,199.35000610351562,199.72500610351562,310739,AMD,5m
2026-03-06 16:50:00+00:00,199.72500610351562,200.0800018310547,199.33999633789062,199.35679626464844,182835,AMD,5m
2026-03-06 16:55:00+00:00,199.40499877929688,200.0,199.1699981689453,199.89390563964844,219803,AMD,5m
2026-03-06 17:00:00+00:00,199.88999938964844,200.24000549316406,199.6699981689453,199.92999267578125,167122,AMD,5m
2026-03-06 17:05:00+00:00,199.856201171875,199.95159912109375,199.13999938964844,199.35499572753906,177956,AMD,5m
2026-03-06 17:10:00+00:00,199.36000061035156,199.5,198.90220642089844,199.0749969482422,224892,AMD,5m
2026-03-06 17:15:00+00:00,199.0850067138672,199.20989990234375,198.5800018310547,198.97000122070312,164944,AMD,5m
2026-03-06 17:20:00+00:00,198.97999572753906,199.02000427246094,198.47999572753906,198.5,171820,AMD,5m
2026-03-06 17:25:00+00:00,198.5800018310547,198.61000061035156,197.9499969482422,198.19000244140625,200900,AMD,5m
2026-03-06 17:30:00+00:00,198.19000244140625,198.3000030517578,197.83999633789062,198.0989990234375,181620,AMD,5m
2026-03-06 17:35:00+00:00,198.10000610351562,198.1699981689453,197.46499633789062,197.66000366210938,183504,AMD,5m
2026-03-06 17:40:00+00:00,197.5800018310547,197.72999572753906,197.1999969482422,197.52000427246094,210469,AMD,5m
2026-03-06 17:45:00+00:00,197.55999755859375,197.82000732421875,197.44000244140625,197.78399658203125,161535,AMD,5m
2026-03-06 17:50:00+00:00,197.76499938964844,198.0,197.36599731445312,197.5399932861328,165158,AMD,5m
2026-03-06 17:55:00+00:00,197.49000549316406,197.67999267578125,197.26010131835938,197.36500549316406,139298,AMD,5m
2026-03-06 18:00:00+00:00,197.36000061035156,197.64999389648438,197.13999938964844,197.57009887695312,197014,AMD,5m
2026-03-06 18:05:00+00:00,197.59500122070312,198.16000366210938,197.47000122070312,197.93499755859375,144040,AMD,5m
2026-03-06 18:10:00+00:00,197.94500732421875,198.88999938964844,197.8300018310547,198.7476043701172,295544,AMD,5m
2026-03-06 18:15:00+00:00,198.6999969482422,199.1999053955078,198.66009521484375,198.82000732421875,226851,AMD,5m
2026-03-06 18:20:00+00:00,198.8350067138672,198.86000061035156,198.25,198.5,132738,AMD,5m
2026-03-06 18:25:00+00:00,198.5,198.57000732421875,197.82009887695312,197.99000549316406,108908,AMD,5m
2026-03-06 18:30:00+00:00,197.98880004882812,198.25999450683594,197.4600067138672,197.92999267578125,188746,AMD,5m
2026-03-06 18:35:00+00:00,197.89500427246094,197.89500427246094,197.2100067138672,197.40499877929688,176594,AMD,5m
2026-03-06 18:40:00+00:00,197.40499877929688,197.80999755859375,197.30999755859375,197.6199951171875,111982,AMD,5m
2026-03-06 18:45:00+00:00,197.65890502929688,197.66000366210938,197.1699981689453,197.5500030517578,132895,AMD,5m
2026-03-06 18:50:00+00:00,197.50999450683594,197.52999877929688,196.89999389648438,197.11819458007812,594638,AMD,5m
2026-03-06 18:55:00+00:00,197.0800018310547,197.2353973388672,196.58009338378906,196.65499877929688,371015,AMD,5m
2026-03-06 19:00:00+00:00,196.6511993408203,196.8000030517578,196.3000030517578,196.3000030517578,175114,AMD,5m
2026-03-06 19:05:00+00:00,196.27000427246094,196.66000366210938,196.19000244140625,196.5294952392578,229033,AMD,5m
2026-03-06 19:10:00+00:00,196.539794921875,196.9344024658203,196.52000427246094,196.80999755859375,179137,AMD,5m
2026-03-06 19:15:00+00:00,196.77999877929688,196.81619262695312,196.38499450683594,196.5399932861328,196805,AMD,5m
2026-03-06 19:20:00+00:00,196.4949951171875,196.52999877929688,195.85000610351562,196.0,265280,AMD,5m
2026-03-06 19:25:00+00:00,195.9600067138672,196.5800018310547,195.85000610351562,196.50010681152344,243807,AMD,5m
2026-03-06 19:30:00+00:00,196.49000549316406,196.8000030517578,196.4300994873047,196.60000610351562,189812,AMD,5m
2026-03-06 19:35:00+00:00,196.60000610351562,196.6649932861328,195.9199981689453,196.17999267578125,167210,AMD,5m
2026-03-06 19:40:00+00:00,196.22000122070312,196.6999969482422,196.07000732421875,196.11500549316406,185261,AMD,5m
2026-03-06 19:45:00+00:00,196.0850067138672,196.1376953125,195.82000732421875,195.9600067138672,259189,AMD,5m
2026-03-06 19:50:00+00:00,195.94500732421875,196.19979858398438,195.74000549316406,196.0299072265625,153022,AMD,5m
2026-03-06 19:55:00+00:00,195.9949951171875,196.19000244140625,195.8101043701172,196.12989807128906,176011,AMD,5m
2026-03-06 20:00:00+00:00,196.09500122070312,196.5998992919922,196.0749969482422,196.3000030517578,286404,AMD,5m
2026-03-06 20:05:00+00:00,196.2949981689453,196.29989624023438,195.30999755859375,195.32000732421875,292837,AMD,5m
2026-03-06 20:10:00+00:00,195.3300018310547,195.4199981689453,193.88999938964844,194.10000610351562,2430962,AMD,5m
2026-03-06 20:15:00+00:00,194.11500549316406,194.39999389648438,193.66000366210938,193.94520568847656,610668,AMD,5m
2026-03-06 20:20:00+00:00,193.902099609375,193.94000244140625,192.6300048828125,192.6300048828125,608713,AMD,5m
2026-03-06 20:25:00+00:00,192.64500427246094,192.72850036621094,192.00999450683594,192.1195068359375,549043,AMD,5m
2026-03-06 20:30:00+00:00,192.0800018310547,192.32000732421875,191.77000427246094,191.83999633789062,629899,AMD,5m
2026-03-06 20:35:00+00:00,191.82000732421875,191.9149932861328,191.25010681152344,191.85000610351562,752922,AMD,5m
2026-03-06 20:40:00+00:00,191.85000610351562,193.52999877929688,191.44009399414062,193.25999450683594,1148124,AMD,5m
2026-03-06 20:45:00+00:00,193.2698974609375,193.7899932861328,193.19149780273438,193.58999633789062,480361,AMD,5m
2026-03-06 20:50:00+00:00,193.5500030517578,193.63999938964844,192.6999969482422,192.8699951171875,729139,AMD,5m
2026-03-06 20:55:00+00:00,192.7899932861328,192.8125,192.0,192.4499969482422,1661977,AMD,5m
2026-03-09 13:30:00+00:00,189.02000427246094,192.3800048828125,189.02000427246094,191.65440368652344,1885867,AMD,5m
2026-03-09 13:35:00+00:00,191.6199951171875,192.08990478515625,190.3699951171875,190.85000610351562,687281,AMD,5m
2026-03-09 13:40:00+00:00,190.83999633789062,191.25,190.1999969482422,190.7100067138672,624463,AMD,5m
2026-03-09 13:45:00+00:00,190.7050018310547,192.0,190.29010009765625,191.22000122070312,796171,AMD,5m
2026-03-09 13:50:00+00:00,191.22000122070312,191.42469787597656,189.76499938964844,190.30999755859375,517682,AMD,5m
2026-03-09 13:55:00+00:00,190.2899932861328,191.25999450683594,189.82000732421875,190.6699981689453,624131,AMD,5m
2026-03-09 14:00:00+00:00,190.60000610351562,193.32000732421875,190.5164031982422,193.11000061035156,738919,AMD,5m
2026-03-09 14:05:00+00:00,193.14999389648438,193.25,191.72999572753906,191.93499755859375,510830,AMD,5m
2026-03-09 14:10:00+00:00,191.9499969482422,191.9499969482422,190.35000610351562,191.1510009765625,437299,AMD,5m
2026-03-09 14:15:00+00:00,191.1873016357422,192.67999267578125,191.05999755859375,192.46499633789062,501587,AMD,5m
2026-03-09 14:20:00+00:00,192.47000122070312,193.35000610351562,191.5399932861328,193.19000244140625,489664,AMD,5m
2026-03-09 14:25:00+00:00,193.19000244140625,193.41990661621094,191.75,192.02000427246094,451978,AMD,5m
2026-03-09 14:30:00+00:00,191.9600067138672,192.6999969482422,191.85000610351562,191.89999389648438,401534,AMD,5m
2026-03-09 14:35:00+00:00,191.92999267578125,193.3800048828125,191.74000549316406,192.9499969482422,462833,AMD,5m
2026-03-09 14:40:00+00:00,192.89999389648438,193.889892578125,192.58999633789062,193.88479614257812,376626,AMD,5m
2026-03-09 14:45:00+00:00,193.8699951171875,194.0800018310547,193.39999389648438,193.7548065185547,377417,AMD,5m
2026-03-09 14:50:00+00:00,193.76499938964844,194.10000610351562,193.2100067138672,193.51499938964844,434154,AMD,5m
2026-03-09 14:55:00+00:00,193.51499938964844,193.72000122070312,193.0399932861328,193.44000244140625,302664,AMD,5m
2026-03-09 15:00:00+00:00,193.5,193.92990112304688,193.4300994873047,193.6804962158203,268172,AMD,5m
2026-03-09 15:05:00+00:00,193.58999633789062,194.52999877929688,193.47999572753906,194.24000549316406,496952,AMD,5m
2026-03-09 15:10:00+00:00,194.2100067138672,194.65499877929688,194.0500030517578,194.44000244140625,377964,AMD,5m
2026-03-09 15:15:00+00:00,194.47999572753906,194.889892578125,194.12950134277344,194.8699951171875,451822,AMD,5m
2026-03-09 15:20:00+00:00,194.88999938964844,195.7100067138672,194.77999877929688,195.6300048828125,1023909,AMD,5m
2026-03-09 15:25:00+00:00,195.610107421875,196.02999877929688,195.4272003173828,195.6699981689453,492125,AMD,5m
2026-03-09 15:30:00+00:00,195.6649932861328,195.83999633789062,194.6699981689453,194.81500244140625,423854,AMD,5m
2026-03-09 15:35:00+00:00,194.81500244140625,194.95989990234375,194.4217071533203,194.6999053955078,270927,AMD,5m
2026-03-09 15:40:00+00:00,194.55999755859375,195.13999938964844,194.4279022216797,194.97999572753906,342718,AMD,5m
2026-03-09 15:45:00+00:00,194.97500610351562,195.19000244140625,194.70509338378906,194.9365997314453,255527,AMD,5m
2026-03-09 15:50:00+00:00,194.9600067138672,196.22000122070312,194.73660278320312,196.13999938964844,454686,AMD,5m
2026-03-09 15:55:00+00:00,196.1199951171875,196.44000244140625,196.0,196.07000732421875,387010,AMD,5m
2026-03-09 16:00:00+00:00,196.10000610351562,196.37449645996094,195.9600067138672,196.3699951171875,303675,AMD,5m
2026-03-09 16:05:00+00:00,196.38009643554688,196.82989501953125,196.14999389648438,196.35499572753906,470621,AMD,5m
2026-03-09 16:10:00+00:00,196.35000610351562,196.41439819335938,195.9600067138672,196.35009765625,223154,AMD,5m
2026-03-09 16:15:00+00:00,196.36500549316406,196.58999633789062,196.07000732421875,196.14990234375,222909,AMD,5m
2026-03-09 16:20:00+00:00,196.14999389648438,196.4199981689453,195.94009399414062,196.26559448242188,242361,AMD,5m
2026-03-09 16:25:00+00:00,196.30999755859375,197.13999938964844,196.19000244140625,196.8000030517578,315373,AMD,5m
2026-03-09 16:30:00+00:00,196.77499389648438,197.1300048828125,196.41000366210938,197.05499267578125,369344,AMD,5m
2026-03-09 16:35:00+00:00,197.04269409179688,197.5399932861328,196.94000244140625,197.3800048828125,262942,AMD,5m
2026-03-09 16:40:00+00:00,197.39120483398438,197.8350067138672,197.36000061035156,197.76499938964844,281345,AMD,5m
2026-03-09 16:45:00+00:00,197.75,197.90989685058594,197.41000366210938,197.6999969482422,313541,AMD,5m
2026-03-09 16:50:00+00:00,197.72000122070312,197.72000122070312,197.1999969482422,197.28500366210938,254568,AMD,5m
2026-03-09 16:55:00+00:00,197.25999450683594,197.2899932861328,196.99000549316406,197.1300048828125,266399,AMD,5m
2026-03-09 17:00:00+00:00,197.14999389648438,197.19000244140625,196.63009643554688,196.8300018310547,249731,AMD,5m
2026-03-09 17:05:00+00:00,196.7949981689453,196.79989624023438,196.2899932861328,196.7899932861328,215206,AMD,5m
2026-03-09 17:10:00+00:00,196.75,196.9199981689453,196.41000366210938,196.6199951171875,214799,AMD,5m
2026-03-09 17:15:00+00:00,196.63499450683594,196.6649932861328,196.22230529785156,196.40499877929688,151926,AMD,5m
2026-03-09 17:20:00+00:00,196.38980102539062,196.4600067138672,195.9600067138672,196.32000732421875,331875,AMD,5m
2026-03-09 17:25:00+00:00,196.31500244140625,196.50999450683594,196.1199951171875,196.44500732421875,234736,AMD,5m
2026-03-09 17:30:00+00:00,196.41000366210938,196.66000366210938,196.27000427246094,196.47500610351562,231781,AMD,5m
2026-03-09 17:35:00+00:00,196.4949951171875,196.59249877929688,196.22000122070312,196.5084991455078,166230,AMD,5m
2026-03-09 17:40:00+00:00,196.48500061035156,196.58999633789062,195.66009521484375,195.86000061035156,276974,AMD,5m
2026-03-09 17:45:00+00:00,195.88999938964844,196.6699981689453,195.8350067138672,196.35499572753906,188033,AMD,5m
2026-03-09 17:50:00+00:00,196.35000610351562,196.66000366210938,196.07000732421875,196.60000610351562,168015,AMD,5m
2026-03-09 17:55:00+00:00,196.58999633789062,196.72000122070312,196.3300018310547,196.4600067138672,136106,AMD,5m
2026-03-09 18:00:00+00:00,196.39999389648438,196.74090576171875,196.3300018310547,196.4674072265625,151677,AMD,5m
2026-03-09 18:05:00+00:00,196.47000122070312,196.7498016357422,196.32000732421875,196.61659240722656,164609,AMD,5m
2026-03-09 18:10:00+00:00,196.60499572753906,197.3699951171875,196.60499572753906,197.1595001220703,276047,AMD,5m
2026-03-09 18:15:00+00:00,197.19000244140625,197.71499633789062,197.06900024414062,197.36500549316406,310199,AMD,5m
2026-03-09 18:20:00+00:00,197.3701934814453,197.50999450683594,196.80999755859375,197.4355926513672,291576,AMD,5m
2026-03-09 18:25:00+00:00,197.4600067138672,197.47999572753906,197.07000732421875,197.1999969482422,199755,AMD,5m
2026-03-09 18:30:00+00:00,197.19000244140625,197.83599853515625,197.10000610351562,197.7899932861328,231767,AMD,5m
2026-03-09 18:35:00+00:00,197.79010009765625,198.25,197.57000732421875,197.83009338378906,1422558,AMD,5m
2026-03-09 18:40:00+00:00,197.8300018310547,197.90109252929688,197.39500427246094,197.43499755859375,171675,AMD,5m
2026-03-09 18:45:00+00:00,197.4499969482422,197.82000732421875,197.43170166015625,197.5850067138672,165844,AMD,5m
2026-03-09 18:50:00+00:00,197.5800018310547,197.88999938964844,197.41140747070312,197.66000366210938,195221,AMD,5m
2026-03-09 18:55:00+00:00,197.6199951171875,197.63999938964844,197.02999877929688,197.22500610351562,235189,AMD,5m
2026-03-09 19:00:00+00:00,197.22999572753906,197.5800018310547,197.11000061035156,197.45509338378906,213027,AMD,5m
2026-03-09 19:05:00+00:00,197.3800048828125,197.72000122070312,197.16000366210938,197.6804962158203,253494,AMD,5m
2026-03-09 19:10:00+00:00,197.6750030517578,197.8300018310547,197.5,197.52499389648438,309070,AMD,5m
2026-03-09 19:15:00+00:00,197.52000427246094,199.3699951171875,197.45010375976562,199.1999969482422,484893,AMD,5m
2026-03-09 19:20:00+00:00,199.1699981689453,200.86000061035156,198.9600067138672,200.8126983642578,685192,AMD,5m
2026-03-09 19:25:00+00:00,200.8800048828125,202.2899932861328,200.66009521484375,202.10009765625,977813,AMD,5m
2026-03-09 19:30:00+00:00,202.08999633789062,202.88999938964844,201.22999572753906,202.68499755859375,1043965,AMD,5m
2026-03-09 19:35:00+00:00,202.6699981689453,202.97000122070312,202.05999755859375,202.8800048828125,671235,AMD,5m
2026-03-09 19:40:00+00:00,202.77000427246094,202.84500122070312,201.4199981689453,202.0449981689453,624465,AMD,5m
2026-03-09 19:45:00+00:00,202.0,202.5998992919922,201.63009643554688,202.34689331054688,593354,AMD,5m
2026-03-09 19:50:00+00:00,202.34500122070312,202.3800048828125,200.85000610351562,201.4199981689453,899716,AMD,5m
2026-03-09 19:55:00+00:00,201.52000427246094,202.74000549316406,201.32000732421875,202.72999572753906,1788249,AMD,5m
2026-03-10 13:30:00+00:00,202.50999450683594,205.2899932861328,202.50999450683594,204.69000244140625,1970197,AMD,5m
2026-03-10 13:35:00+00:00,204.55999755859375,205.4600067138672,203.35000610351562,204.8800048828125,755536,AMD,5m
2026-03-10 13:40:00+00:00,204.8000030517578,206.58999633789062,204.60000610351562,206.42999267578125,1000368,AMD,5m
2026-03-10 13:45:00+00:00,206.42999267578125,206.4499969482422,204.0,205.27499389648438,737285,AMD,5m
2026-03-10 13:50:00+00:00,205.3000030517578,205.72999572753906,204.5301055908203,204.5399932861328,422065,AMD,5m
2026-03-10 13:55:00+00:00,204.60000610351562,204.6699981689453,203.85000610351562,204.2100067138672,443719,AMD,5m
2026-03-10 14:00:00+00:00,204.21499633789062,204.35000610351562,203.35000610351562,203.85499572753906,377663,AMD,5m
2026-03-10 14:05:00+00:00,203.9199981689453,204.0500030517578,202.5,202.57510375976562,485061,AMD,5m
2026-03-10 14:10:00+00:00,202.5500030517578,203.30999755859375,202.52000427246094,202.85000610351562,334963,AMD,5m
2026-03-10 14:15:00+00:00,202.85000610351562,203.13999938964844,202.1999969482422,203.0738983154297,369611,AMD,5m
2026-03-10 14:20:00+00:00,203.08990478515625,203.39999389648438,202.6300048828125,203.30999755859375,314671,AMD,5m
2026-03-10 14:25:00+00:00,203.35000610351562,203.86000061035156,202.86000061035156,203.1649932861328,423813,AMD,5m
2026-03-10 14:30:00+00:00,203.17010498046875,204.08999633789062,203.1623992919922,204.02499389648438,351899,AMD,5m
2026-03-10 14:35:00+00:00,204.01499938964844,204.5050048828125,203.9700927734375,204.49209594726562,325525,AMD,5m
2026-03-10 14:40:00+00:00,204.47000122070312,204.57000732421875,203.94000244140625,203.97500610351562,298474,AMD,5m
2026-03-10 14:45:00+00:00,203.97999572753906,204.25999450683594,203.49000549316406,204.25,272075,AMD,5m
2026-03-10 14:50:00+00:00,204.26499938964844,204.75999450683594,204.1199951171875,204.66000366210938,392190,AMD,5m
2026-03-10 14:55:00+00:00,204.60000610351562,205.0800018310547,204.5,204.83749389648438,389928,AMD,5m
2026-03-10 15:00:00+00:00,204.8000030517578,206.41000366210938,204.74000549316406,205.16000366210938,946036,AMD,5m
2026-03-10 15:05:00+00:00,205.16000366210938,205.5800018310547,204.83999633789062,204.9199981689453,443067,AMD,5m
2026-03-10 15:10:00+00:00,204.90499877929688,205.6199951171875,204.83999633789062,205.1300048828125,292075,AMD,5m
2026-03-10 15:15:00+00:00,205.1300048828125,205.25830078125,204.8300018310547,205.05999755859375,277698,AMD,5m
2026-03-10 15:20:00+00:00,205.0399932861328,205.30499267578125,204.85000610351562,205.11000061035156,267139,AMD,5m
2026-03-10 15:25:00+00:00,205.0850067138672,205.6898956298828,204.75999450683594,204.8350067138672,354398,AMD,5m
2026-03-10 15:30:00+00:00,204.89999389648438,204.9600067138672,204.24000549316406,204.3699951171875,335412,AMD,5m
2026-03-10 15:35:00+00:00,204.36000061035156,204.9398956298828,204.25,204.55880737304688,242972,AMD,5m
2026-03-10 15:40:00+00:00,204.53500366210938,204.9600067138672,204.1864013671875,204.50999450683594,251053,AMD,5m
2026-03-10 15:45:00+00:00,204.5,204.8300018310547,204.3000030517578,204.44000244140625,161325,AMD,5m
2026-03-10 15:50:00+00:00,204.4199981689453,204.74000549316406,204.19000244140625,204.38510131835938,144489,AMD,5m
2026-03-10 15:55:00+00:00,204.44000244140625,204.88450622558594,204.44000244140625,204.71499633789062,123295,AMD,5m
2026-03-10 16:00:00+00:00,204.6750030517578,204.68499755859375,203.86000061035156,203.88499450683594,235206,AMD,5m
2026-03-10 16:05:00+00:00,203.8800048828125,204.0500030517578,203.22999572753906,203.99000549316406,506423,AMD,5m
2026-03-10 16:10:00+00:00,204.0,204.3560028076172,203.7801971435547,204.1300048828125,264949,AMD,5m
2026-03-10 16:15:00+00:00,204.0800018310547,204.4199981689453,203.82009887695312,204.10049438476562,234143,AMD,5m
2026-03-10 16:20:00+00:00,204.12879943847656,204.57000732421875,203.90350341796875,204.27999877929688,326639,AMD,5m
2026-03-10 16:25:00+00:00,204.3000030517578,204.7899932861328,204.0500030517578,204.10000610351562,269593,AMD,5m
2026-03-10 16:30:00+00:00,204.11500549316406,204.3699951171875,204.0,204.3699951171875,174597,AMD,5m
2026-03-10 16:35:00+00:00,204.35000610351562,204.64999389648438,204.2100067138672,204.5500030517578,216917,AMD,5m
2026-03-10 16:40:00+00:00,204.52999877929688,204.83999633789062,204.39999389648438,204.8000030517578,125932,AMD,5m
2026-03-10 16:45:00+00:00,204.8000030517578,204.82969665527344,204.22000122070312,204.3249969482422,143692,AMD,5m
2026-03-10 16:50:00+00:00,204.3249969482422,204.73890686035156,204.20010375976562,204.63999938964844,184706,AMD,5m
2026-03-10 16:55:00+00:00,204.6634063720703,205.14990234375,204.5800018310547,205.05499267578125,278106,AMD,5m
2026-03-10 17:00:00+00:00,205.00999450683594,205.37989807128906,204.89999389648438,205.110107421875,228396,AMD,5m
2026-03-10 17:05:00+00:00,205.14999389648438,205.36000061035156,205.02999877929688,205.1750030517578,178250,AMD,5m
2026-03-10 17:10:00+00:00,205.1649932861328,205.3000030517578,204.9499969482422,205.10899353027344,169491,AMD,5m
2026-03-10 17:15:00+00:00,205.1199951171875,205.50999450683594,205.02999877929688,205.45989990234375,220950,AMD,5m
2026-03-10 17:20:00+00:00,205.44000244140625,205.63999938964844,205.32000732421875,205.60000610351562,198795,AMD,5m
2026-03-10 17:25:00+00:00,205.5800018310547,206.1199951171875,205.57000732421875,205.9095001220703,285486,AMD,5m
2026-03-10 17:30:00+00:00,205.8800048828125,205.8800048828125,205.35000610351562,205.4250030517578,212008,AMD,5m
2026-03-10 17:35:00+00:00,205.35330200195312,205.61990356445312,204.6699981689453,205.19000244140625,316142,AMD,5m
2026-03-10 17:40:00+00:00,205.12660217285156,205.40989685058594,204.83999633789062,205.14999389648438,207975,AMD,5m
2026-03-10 17:45:00+00:00,205.1300048828125,205.58999633789062,204.92999267578125,205.32000732421875,140356,AMD,5m
2026-03-10 17:50:00+00:00,205.35000610351562,205.8800048828125,205.27000427246094,205.69900512695312,166756,AMD,5m
2026-03-10 17:55:00+00:00,205.68499755859375,205.88929748535156,205.3000030517578,205.6699981689453,140740,AMD,5m
2026-03-10 18:00:00+00:00,205.72000122070312,205.95989990234375,205.64999389648438,205.7050018310547,129105,AMD,5m
2026-03-10 18:05:00+00:00,205.69149780273438,205.8000030517578,205.22000122070312,205.3300018310547,180833,AMD,5m
2026-03-10 18:10:00+00:00,205.3699951171875,205.6699981689453,204.02000427246094,204.05999755859375,319811,AMD,5m
2026-03-10 18:15:00+00:00,204.00999450683594,204.6999969482422,203.6699981689453,203.92999267578125,321015,AMD,5m
2026-03-10 18:20:00+00:00,203.8800048828125,204.29989624023438,203.1999969482422,204.0399932861328,311563,AMD,5m
2026-03-10 18:25:00+00:00,204.16990661621094,204.83990478515625,203.97999572753906,204.10499572753906,230131,AMD,5m
2026-03-10 18:30:00+00:00,204.1699981689453,204.72999572753906,203.82000732421875,204.6300048828125,216899,AMD,5m
2026-03-10 18:35:00+00:00,204.67010498046875,204.77000427246094,203.71099853515625,204.02000427246094,218701,AMD,5m
2026-03-10 18:40:00+00:00,204.05990600585938,204.22999572753906,203.72999572753906,203.77499389648438,206088,AMD,5m
2026-03-10 18:45:00+00:00,203.75,204.3199005126953,203.72000122070312,204.10000610351562,127978,AMD,5m
2026-03-10 18:50:00+00:00,204.0800018310547,204.61000061035156,203.8594970703125,204.1699981689453,189905,AMD,5m
2026-03-10 18:55:00+00:00,204.2100067138672,204.30999755859375,203.5500030517578,203.6300048828125,183762,AMD,5m
2026-03-10 19:00:00+00:00,203.64999389648438,203.9582061767578,203.3000030517578,203.64999389648438,186206,AMD,5m
2026-03-10 19:05:00+00:00,203.55999755859375,204.24000549316406,203.33999633789062,204.16000366210938,171759,AMD,5m
2026-03-10 19:10:00+00:00,204.1199951171875,204.32000732421875,203.52999877929688,204.27000427246094,218550,AMD,5m
2026-03-10 19:15:00+00:00,204.2646026611328,204.72000122070312,204.1999969482422,204.57200622558594,277346,AMD,5m
2026-03-10 19:20:00+00:00,204.52000427246094,204.58999633789062,203.89999389648438,204.39999389648438,218738,AMD,5m
2026-03-10 19:25:00+00:00,204.3699951171875,204.3800048828125,203.6300048828125,203.6649932861328,202359,AMD,5m
2026-03-10 19:30:00+00:00,203.69000244140625,203.69000244140625,203.25,203.36000061035156,273764,AMD,5m
2026-03-10 19:35:00+00:00,203.32000732421875,203.64759826660156,202.88999938964844,203.51910400390625,394378,AMD,5m
2026-03-10 19:40:00+00:00,203.50880432128906,203.96499633789062,203.1999969482422,203.35000610351562,372275,AMD,5m
2026-03-10 19:45:00+00:00,203.38999938964844,203.44000244140625,202.38999938964844,202.67999267578125,355069,AMD,5m
2026-03-10 19:50:00+00:00,202.68499755859375,203.00900268554688,202.32000732421875,202.98500061035156,491812,AMD,5m
2026-03-10 19:55:00+00:00,202.89999389648438,203.36000061035156,202.83999633789062,203.24000549316406,896111,AMD,5m
2026-03-11 13:30:00+00:00,205.10000610351562,207.1999969482422,204.72000122070312,206.375,1568876,AMD,5m
2026-03-11 13:35:00+00:00,206.3699951171875,207.8699951171875,206.10000610351562,207.5749969482422,797585,AMD,5m
2026-03-11 13:40:00+00:00,207.56500244140625,209.2100067138672,207.50999450683594,207.8350067138672,1043315,AMD,5m
2026-03-11 13:45:00+00:00,207.8000030517578,208.16000366210938,206.51170349121094,206.7100067138672,603734,AMD,5m
2026-03-11 13:50:00+00:00,206.6300048828125,207.0399932861328,205.67999267578125,206.7100067138672,629941,AMD,5m
2026-03-11 13:55:00+00:00,206.7100067138672,207.41000366210938,206.22000122070312,207.3249969482422,435248,AMD,5m
2026-03-11 14:00:00+00:00,207.3000030517578,208.4149932861328,206.86740112304688,207.74000549316406,680565,AMD,5m
2026-03-11 14:05:00+00:00,207.77000427246094,208.07000732421875,207.05999755859375,207.28990173339844,368011,AMD,5m
2026-03-11 14:10:00+00:00,207.27000427246094,207.82000732421875,207.19119262695312,207.6199951171875,424902,AMD,5m
2026-03-11 14:15:00+00:00,207.5800018310547,207.69000244140625,206.6999969482422,207.1999969482422,308699,AMD,5m
2026-03-11 14:20:00+00:00,207.16000366210938,207.22000122070312,205.9499969482422,206.14500427246094,363243,AMD,5m
2026-03-11 14:25:00+00:00,206.18499755859375,207.0800018310547,205.91029357910156,207.0399932861328,361375,AMD,5m
2026-03-11 14:30:00+00:00,206.98939514160156,207.14990234375,205.5511932373047,205.7550048828125,352734,AMD,5m
2026-03-11 14:35:00+00:00,205.7550048828125,206.74099731445312,205.7550048828125,206.24000549316406,270274,AMD,5m
2026-03-11 14:40:00+00:00,206.18499755859375,206.75599670410156,206.16000366210938,206.4949951171875,231247,AMD,5m
2026-03-11 14:45:00+00:00,206.46499633789062,206.78990173339844,206.11000061035156,206.4949951171875,183911,AMD,5m
2026-03-11 14:50:00+00:00,206.47500610351562,206.6699981689453,205.89999389648438,206.02999877929688,233336,AMD,5m
2026-03-11 14:55:00+00:00,206.06500244140625,206.4698944091797,205.66000366210938,206.11000061035156,217475,AMD,5m
2026-03-11 15:00:00+00:00,206.1199951171875,206.60000610351562,205.5,206.22999572753906,297494,AMD,5m
2026-03-11 15:05:00+00:00,206.27999877929688,206.2899932861328,205.8000030517578,205.91000366210938,222237,AMD,5m
2026-03-11 15:10:00+00:00,205.85000610351562,206.0,204.99000549316406,205.89999389648438,442535,AMD,5m
2026-03-11 15:15:00+00:00,205.8699951171875,205.91990661621094,205.33999633789062,205.63499450683594,245322,AMD,5m
2026-03-11 15:20:00+00:00,205.66400146484375,206.5749969482422,205.53500366210938,206.26010131835938,336073,AMD,5m
2026-03-11 15:25:00+00:00,206.36000061035156,206.60000610351562,205.2899932861328,205.3166046142578,224867,AMD,5m
2026-03-11 15:30:00+00:00,205.32000732421875,206.0500030517578,205.10000610351562,205.9550018310547,273326,AMD,5m
2026-03-11 15:35:00+00:00,205.94500732421875,206.0399932861328,205.5,205.7071075439453,168370,AMD,5m
2026-03-11 15:40:00+00:00,205.7050018310547,205.99000549316406,205.32730102539062,205.3350067138672,176377,AMD,5m
2026-03-11 15:45:00+00:00,205.3000030517578,205.41990661621094,204.70199584960938,204.99000549316406,295800,AMD,5m
2026-03-11 15:50:00+00:00,205.02999877929688,205.61500549316406,204.9600067138672,205.22500610351562,206620,AMD,5m
2026-03-11 15:55:00+00:00,205.28500366210938,205.39999389648438,204.9600067138672,205.125,133494,AMD,5m
2026-03-11 16:00:00+00:00,205.16000366210938,205.16000366210938,204.610107421875,204.8699951171875,200947,AMD,5m
2026-03-11 16:05:00+00:00,204.86000061035156,205.0980987548828,204.72000122070312,204.7678985595703,122565,AMD,5m
2026-03-11 16:10:00+00:00,204.8300018310547,205.0,204.3800048828125,204.88999938964844,208668,AMD,5m
2026-03-11 16:15:00+00:00,204.88999938964844,205.0269012451172,204.4499969482422,204.4499969482422,149464,AMD,5m
2026-03-11 16:20:00+00:00,204.5399932861328,205.17999267578125,204.42999267578125,204.82989501953125,164396,AMD,5m
2026-03-11 16:25:00+00:00,204.8300018310547,204.94000244140625,204.29600524902344,204.6999969482422,131244,AMD,5m
2026-03-11 16:30:00+00:00,204.7100067138672,205.47999572753906,204.7100067138672,205.43499755859375,195584,AMD,5m
2026-03-11 16:35:00+00:00,205.38999938964844,205.46249389648438,204.85000610351562,205.0186004638672,170585,AMD,5m
2026-03-11 16:40:00+00:00,204.98500061035156,205.16329956054688,204.85000610351562,204.9700927734375,100425,AMD,5m
2026-03-11 16:45:00+00:00,204.9499969482422,205.11000061035156,204.4199981689453,204.52000427246094,163178,AMD,5m
2026-03-11 16:50:00+00:00,204.5,205.1378936767578,204.49000549316406,205.07000732421875,107913,AMD,5m
2026-03-11 16:55:00+00:00,205.0749969482422,205.18499755859375,204.8000030517578,205.15989685058594,100134,AMD,5m
2026-03-11 17:00:00+00:00,205.11000061035156,205.44500732421875,205.07000732421875,205.25999450683594,155734,AMD,5m
2026-03-11 17:05:00+00:00,205.22999572753906,205.52999877929688,205.13999938964844,205.360107421875,105598,AMD,5m
2026-03-11 17:10:00+00:00,205.33999633789062,205.4499969482422,205.1501007080078,205.30999755859375,121812,AMD,5m
2026-03-11 17:15:00+00:00,205.38999938964844,205.60000610351562,204.9499969482422,205.0,123514,AMD,5m
2026-03-11 17:20:00+00:00,205.08990478515625,205.49000549316406,205.0,205.49000549316406,99762,AMD,5m
2026-03-11 17:25:00+00:00,205.5,205.60000610351562,205.125,205.4250030517578,96284,AMD,5m
2026-03-11 17:30:00+00:00,205.44000244140625,205.44000244140625,204.97999572753906,205.05499267578125,128598,AMD,5m
2026-03-11 17:35:00+00:00,205.0449981689453,205.25,203.6300048828125,204.3800048828125,361246,AMD,5m
2026-03-11 17:40:00+00:00,204.3000030517578,204.91000366210938,204.13510131835938,204.80999755859375,209856,AMD,5m
2026-03-11 17:45:00+00:00,204.80499267578125,204.83999633789062,204.33009338378906,204.81500244140625,119236,AMD,5m
2026-03-11 17:50:00+00:00,204.85000610351562,205.14999389648438,204.77000427246094,204.85000610351562,132765,AMD,5m
2026-03-11 17:55:00+00:00,204.75999450683594,205.05999755859375,204.39999389648438,204.81869506835938,133567,AMD,5m
2026-03-11 18:00:00+00:00,204.85499572753906,204.99000549316406,204.6699981689453,204.76010131835938,99646,AMD,5m
2026-03-11 18:05:00+00:00,204.7100067138672,204.8300018310547,204.1999969482422,204.1999969482422,154726,AMD,5m
2026-03-11 18:10:00+00:00,204.25270080566406,204.2899932861328,203.7200927734375,204.01499938964844,176784,AMD,5m
2026-03-11 18:15:00+00:00,204.0500030517578,204.1750030517578,203.72000122070312,203.99989318847656,107755,AMD,5m
2026-03-11 18:20:00+00:00,203.9199981689453,204.13999938964844,203.72000122070312,203.96499633789062,132179,AMD,5m
2026-03-11 18:25:00+00:00,203.93499755859375,204.49000549316406,203.8699951171875,204.4499969482422,184774,AMD,5m
2026-03-11 18:30:00+00:00,204.3699951171875,204.7799072265625,204.3300018310547,204.7799072265625,207012,AMD,5m
2026-03-11 18:35:00+00:00,204.7449951171875,204.88499450683594,204.49000549316406,204.84500122070312,297942,AMD,5m
2026-03-11 18:40:00+00:00,204.85000610351562,204.94000244140625,204.52000427246094,204.6199951171875,154352,AMD,5m
2026-03-11 18:45:00+00:00,204.6300048828125,204.7899932861328,204.30599975585938,204.3300018310547,123377,AMD,5m
2026-03-11 18:50:00+00:00,204.36000061035156,204.85000610351562,204.2899932861328,204.80999755859375,215390,AMD,5m
2026-03-11 18:55:00+00:00,204.81500244140625,205.07049560546875,204.57000732421875,204.77499389648438,194064,AMD,5m
2026-03-11 19:00:00+00:00,204.77000427246094,204.85000610351562,203.87010192871094,204.31170654296875,264903,AMD,5m
2026-03-11 19:05:00+00:00,204.30999755859375,204.54989624023438,204.21969604492188,204.41000366210938,153129,AMD,5m
2026-03-11 19:10:00+00:00,204.4499969482422,204.55499267578125,203.69009399414062,203.89999389648438,250964,AMD,5m
2026-03-11 19:15:00+00:00,203.88499450683594,204.69000244140625,203.72000122070312,204.66949462890625,296960,AMD,5m
2026-03-11 19:20:00+00:00,204.64999389648438,204.72999572753906,204.0500030517578,204.26010131835938,202461,AMD,5m
2026-03-11 19:25:00+00:00,204.33999633789062,204.50999450683594,204.1300048828125,204.22000122070312,160067,AMD,5m
2026-03-11 19:30:00+00:00,204.1699981689453,204.6199951171875,203.99000549316406,204.52000427246094,181454,AMD,5m
2026-03-11 19:35:00+00:00,204.5399932861328,204.80999755859375,204.36000061035156,204.74000549316406,207556,AMD,5m
2026-03-11 19:40:00+00:00,204.72000122070312,205.0800018310547,204.58999633789062,205.00999450683594,232201,AMD,5m
2026-03-11 19:45:00+00:00,205.0399932861328,205.0800018310547,204.76499938964844,204.97999572753906,248028,AMD,5m
2026-03-11 19:50:00+00:00,205.02999877929688,205.10000610351562,204.82000732421875,205.07879638671875,322965,AMD,5m
2026-03-11 19:55:00+00:00,205.0800018310547,205.1999969482422,204.67999267578125,204.75,692936,AMD,5m
2026-03-12 13:30:00+00:00,202.9499969482422,203.32000732421875,200.58009338378906,202.9499969482422,1445187,AMD,5m
2026-03-12 13:35:00+00:00,202.86000061035156,203.6199951171875,202.3000030517578,202.39999389648438,507429,AMD,5m
2026-03-12 13:40:00+00:00,202.39500427246094,202.39500427246094,200.6300048828125,201.12240600585938,661365,AMD,5m
2026-03-12 13:45:00+00:00,201.11000061035156,201.11000061035156,199.5,199.92999267578125,811555,AMD,5m
2026-03-12 13:50:00+00:00,199.9250030517578,200.4499969482422,198.52000427246094,198.5399932861328,788915,AMD,5m
2026-03-12 13:55:00+00:00,198.55499267578125,198.86000061035156,198.0800018310547,198.66000366210938,699869,AMD,5m
2026-03-12 14:00:00+00:00,198.69000244140625,200.2799072265625,198.69000244140625,200.1199951171875,630006,AMD,5m
2026-03-12 14:05:00+00:00,200.13999938964844,200.32000732421875,199.4499969482422,199.6898956298828,499435,AMD,5m
2026-03-12 14:10:00+00:00,199.6887969970703,200.25,199.41000366210938,200.13499450683594,321180,AMD,5m
2026-03-12 14:15:00+00:00,200.13499450683594,200.3000030517578,199.32000732421875,199.36000061035156,282785,AMD,5m
2026-03-12 14:20:00+00:00,199.32000732421875,199.5399932861328,198.38999938964844,198.81500244140625,583316,AMD,5m
2026-03-12 14:25:00+00:00,198.8000030517578,199.02000427246094,198.30999755859375,198.3800048828125,391506,AMD,5m
2026-03-12 14:30:00+00:00,198.38180541992188,198.60000610351562,198.11000061035156,198.3699951171875,277471,AMD,5m
2026-03-12 14:35:00+00:00,198.39999389648438,198.75999450683594,197.7100067138672,198.3199005126953,476672,AMD,5m
2026-03-12 14:40:00+00:00,198.2899932861328,198.58999633789062,197.8614959716797,198.3000946044922,348511,AMD,5m
2026-03-12 14:45:00+00:00,198.3249969482422,199.2100067138672,197.6199951171875,197.83999633789062,531349,AMD,5m
2026-03-12 14:50:00+00:00,197.86770629882812,198.0998992919922,197.5500030517578,197.875,343012,AMD,5m
2026-03-12 14:55:00+00:00,197.9199981689453,198.1699981689453,197.36000061035156,197.46499633789062,356386,AMD,5m
2026-03-12 15:00:00+00:00,197.46499633789062,197.8000030517578,197.28500366210938,197.65499877929688,320419,AMD,5m
2026-03-12 15:05:00+00:00,197.66000366210938,197.7799072265625,197.0800018310547,197.27000427246094,281528,AMD,5m
2026-03-12 15:10:00+00:00,197.27499389648438,197.27499389648438,196.6699981689453,197.2449951171875,416736,AMD,5m
2026-03-12 15:15:00+00:00,197.25,197.27000427246094,196.97059631347656,197.0500030517578,280343,AMD,5m
2026-03-12 15:20:00+00:00,197.0399932861328,197.4499969482422,196.89999389648438,197.34500122070312,269218,AMD,5m
2026-03-12 15:25:00+00:00,197.3800048828125,198.0500030517578,197.335693359375,197.67999267578125,460685,AMD,5m
2026-03-12 15:30:00+00:00,197.6699981689453,198.0399932861328,197.4550018310547,197.6199951171875,243187,AMD,5m
2026-03-12 15:35:00+00:00,197.639892578125,198.94000244140625,197.3000030517578,198.94000244140625,400444,AMD,5m
2026-03-12 15:40:00+00:00,198.92999267578125,198.9600067138672,198.14999389648438,198.72500610351562,500781,AMD,5m
2026-03-12 15:45:00+00:00,198.72000122070312,199.0500030517578,198.0,198.22500610351562,331281,AMD,5m
2026-03-12 15:50:00+00:00,198.2100067138672,198.4600067138672,197.8769989013672,198.4199981689453,284852,AMD,5m
2026-03-12 15:55:00+00:00,198.41000366210938,198.41949462890625,197.9600067138672,198.22999572753906,222150,AMD,5m
2026-03-12 16:00:00+00:00,198.23599243164062,199.36990356445312,198.1199951171875,199.3300018310547,283664,AMD,5m
2026-03-12 16:05:00+00:00,199.2899932861328,199.4499969482422,198.08999633789062,198.39999389648438,307473,AMD,5m
2026-03-12 16:10:00+00:00,198.4499969482422,199.33990478515625,198.38499450683594,199.30999755859375,257996,AMD,5m
2026-03-12 16:15:00+00:00,199.3300018310547,199.94500732421875,199.2884979248047,199.39999389648438,314983,AMD,5m
2026-03-12 16:20:00+00:00,199.41000366210938,200.0,199.32359313964844,199.32359313964844,267879,AMD,5m
2026-03-12 16:25:00+00:00,199.36500549316406,199.39999389648438,198.60000610351562,198.77000427246094,232606,AMD,5m
2026-03-12 16:30:00+00:00,198.74000549316406,199.50999450683594,198.6699981689453,199.28269958496094,215476,AMD,5m
2026-03-12 16:35:00+00:00,199.33999633789062,199.7550048828125,199.19000244140625,199.6446075439453,196650,AMD,5m
2026-03-12 16:40:00+00:00,199.6699981689453,199.72999572753906,199.33859252929688,199.52999877929688,159607,AMD,5m
2026-03-12 16:45:00+00:00,199.47999572753906,199.57000732421875,198.61480712890625,199.19000244140625,349695,AMD,5m
2026-03-12 16:50:00+00:00,199.1580047607422,199.44000244140625,198.66009521484375,198.85009765625,197585,AMD,5m
2026-03-12 16:55:00+00:00,198.9499969482422,199.17970275878906,198.64630126953125,198.94000244140625,132541,AMD,5m
2026-03-12 17:00:00+00:00,198.86500549316406,199.42999267578125,198.82009887695312,199.2899932861328,128477,AMD,5m
2026-03-12 17:05:00+00:00,199.28990173339844,199.6300048828125,199.0511016845703,199.14500427246094,154870,AMD,5m
2026-03-12 17:10:00+00:00,199.14500427246094,199.4600067138672,198.92999267578125,199.03700256347656,128087,AMD,5m
2026-03-12 17:15:00+00:00,199.02999877929688,199.1999969482422,198.4600067138672,198.53160095214844,161701,AMD,5m
2026-03-12 17:20:00+00:00,198.53550720214844,199.0,198.3000030517578,198.8800048828125,202172,AMD,5m
2026-03-12 17:25:00+00:00,198.9550018310547,199.13999938964844,198.5200958251953,198.77499389648438,201795,AMD,5m
2026-03-12 17:30:00+00:00,198.8000030517578,199.02000427246094,198.6199951171875,198.75,113395,AMD,5m
2026-03-12 17:35:00+00:00,198.69000244140625,198.99000549316406,198.35000610351562,198.60000610351562,171890,AMD,5m
2026-03-12 17:40:00+00:00,198.6199951171875,198.7899932861328,198.22999572753906,198.3800048828125,132321,AMD,5m
2026-03-12 17:45:00+00:00,198.35000610351562,198.50999450683594,198.0,198.22999572753906,189066,AMD,5m
2026-03-12 17:50:00+00:00,198.1699981689453,198.44729614257812,198.0800018310547,198.22999572753906,100802,AMD,5m
2026-03-12 17:55:00+00:00,198.17999267578125,198.32000732421875,197.72000122070312,198.22500610351562,199464,AMD,5m
2026-03-12 18:00:00+00:00,198.24989318847656,198.64999389648438,198.1999969482422,198.31500244140625,127026,AMD,5m
2026-03-12 18:05:00+00:00,198.31500244140625,198.6999969482422,198.11000061035156,198.4199981689453,120959,AMD,5m
2026-03-12 18:10:00+00:00,198.42999267578125,198.61000061035156,198.2100067138672,198.5800018310547,101074,AMD,5m
2026-03-12 18:15:00+00:00,198.522705078125,198.7017059326172,198.19000244140625,198.26499938964844,150650,AMD,5m
2026-03-12 18:20:00+00:00,198.25,198.3300018310547,197.97000122070312,198.1999969482422,183265,AMD,5m
2026-03-12 18:25:00+00:00,198.19000244140625,198.25,197.97000122070312,198.19000244140625,114488,AMD,5m
2026-03-12 18:30:00+00:00,198.14999389648438,198.4499053955078,198.01499938964844,198.08949279785156,152926,AMD,5m
2026-03-12 18:35:00+00:00,198.05039978027344,198.0850067138672,197.82000732421875,197.90499877929688,157025,AMD,5m
2026-03-12 18:40:00+00:00,197.9167938232422,198.0,197.6999969482422,197.82000732421875,144404,AMD,5m
2026-03-12 18:45:00+00:00,197.7899932861328,198.00999450683594,197.6999969482422,197.73500061035156,140943,AMD,5m
2026-03-12 18:50:00+00:00,197.74490356445312,198.2100067138672,197.74490356445312,197.97000122070312,171399,AMD,5m
2026-03-12 18:55:00+00:00,197.9499969482422,198.0399932861328,197.66000366210938,197.67999267578125,212983,AMD,5m
2026-03-12 19:00:00+00:00,197.66000366210938,198.05990600585938,197.42999267578125,197.82000732421875,380892,AMD,5m
2026-03-12 19:05:00+00:00,197.80499267578125,198.05999755859375,197.3000030517578,197.60000610351562,247297,AMD,5m
2026-03-12 19:10:00+00:00,197.61500549316406,197.72999572753906,197.16000366210938,197.55499267578125,174236,AMD,5m
2026-03-12 19:15:00+00:00,197.61000061035156,198.0800018310547,197.4199981689453,197.8800048828125,224987,AMD,5m
2026-03-12 19:20:00+00:00,197.8800048828125,198.4698944091797,197.8000030517578,198.15499877929688,279892,AMD,5m
2026-03-12 19:25:00+00:00,198.1649932861328,198.31849670410156,197.97999572753906,198.2301025390625,189440,AMD,5m
2026-03-12 19:30:00+00:00,198.24000549316406,198.60000610351562,198.24000549316406,198.33999633789062,253016,AMD,5m
2026-03-12 19:35:00+00:00,198.33999633789062,198.4199981689453,197.97999572753906,198.10009765625,258396,AMD,5m
2026-03-12 19:40:00+00:00,198.11000061035156,198.1199951171875,197.51010131835938,197.6999969482422,277202,AMD,5m
2026-03-12 19:45:00+00:00,197.6699981689453,198.0,197.39999389648438,197.69000244140625,388028,AMD,5m
2026-03-12 19:50:00+00:00,197.6699981689453,197.6699981689453,197.08999633789062,197.33250427246094,649526,AMD,5m
2026-03-12 19:55:00+00:00,197.38999938964844,197.86000061035156,197.2899932861328,197.82000732421875,1193757,AMD,5m
2026-03-13 13:30:00+00:00,198.11500549316406,199.1898956298828,196.44000244140625,198.36500549316406,1884920,AMD,5m
2026-03-13 13:35:00+00:00,198.27000427246094,198.86990356445312,197.02999877929688,198.41000366210938,585347,AMD,5m
2026-03-13 13:40:00+00:00,198.3300018310547,199.4600067138672,197.52000427246094,199.1649932861328,554871,AMD,5m
2026-03-13 13:45:00+00:00,199.1649932861328,199.67999267578125,198.55020141601562,198.55020141601562,542622,AMD,5m
2026-03-13 13:50:00+00:00,198.62100219726562,199.0,197.93739318847656,198.90499877929688,533728,AMD,5m
2026-03-13 13:55:00+00:00,198.89500427246094,198.89500427246094,198.02000427246094,198.22999572753906,329131,AMD,5m
2026-03-13 14:00:00+00:00,198.22999572753906,198.77999877929688,197.63299560546875,197.8199005126953,384850,AMD,5m
2026-03-13 14:05:00+00:00,197.82000732421875,198.16000366210938,197.17869567871094,197.36500549316406,390588,AMD,5m
2026-03-13 14:10:00+00:00,197.4499969482422,197.72000122070312,197.25,197.5,273051,AMD,5m
2026-03-13 14:15:00+00:00,197.5,197.5399932861328,196.67999267578125,197.1898956298828,355658,AMD,5m
2026-03-13 14:20:00+00:00,197.13999938964844,197.67999267578125,196.85000610351562,197.0500946044922,348635,AMD,5m
2026-03-13 14:25:00+00:00,197.0749969482422,197.57000732421875,196.86000061035156,197.0,304103,AMD,5m
2026-03-13 14:30:00+00:00,197.02999877929688,197.60000610351562,196.82510375976562,197.0399932861328,312043,AMD,5m
2026-03-13 14:35:00+00:00,197.02999877929688,197.0500030517578,196.36000061035156,196.60499572753906,379187,AMD,5m
2026-03-13 14:40:00+00:00,196.52000427246094,196.66990661621094,196.08999633789062,196.1199951171875,380147,AMD,5m
2026-03-13 14:45:00+00:00,196.08709716796875,196.08709716796875,195.14999389648438,195.33999633789062,534707,AMD,5m
2026-03-13 14:50:00+00:00,195.33999633789062,196.30999755859375,195.30999755859375,196.04660034179688,497075,AMD,5m
2026-03-13 14:55:00+00:00,196.00999450683594,196.1699981689453,195.05999755859375,195.44000244140625,586349,AMD,5m
2026-03-13 15:00:00+00:00,195.44000244140625,195.61990356445312,194.85000610351562,195.0850067138672,540669,AMD,5m
2026-03-13 15:05:00+00:00,195.1300048828125,196.1199951171875,194.88499450683594,195.85000610351562,384664,AMD,5m
2026-03-13 15:10:00+00:00,195.89999389648438,196.3800048828125,195.7301025390625,196.1699981689453,405664,AMD,5m
2026-03-13 15:15:00+00:00,196.17999267578125,196.22000122070312,195.4149932861328,195.43499755859375,252525,AMD,5m
2026-03-13 15:20:00+00:00,195.42999267578125,195.67999267578125,194.85000610351562,194.91000366210938,287032,AMD,5m
2026-03-13 15:25:00+00:00,194.9199981689453,194.9199981689453,194.5,194.6699981689453,312716,AMD,5m
2026-03-13 15:30:00+00:00,194.67999267578125,195.13999938964844,194.6199951171875,194.9600067138672,265039,AMD,5m
2026-03-13 15:35:00+00:00,195.00999450683594,195.0800018310547,194.3300018310547,194.74000549316406,276745,AMD,5m
2026-03-13 15:40:00+00:00,194.77999877929688,194.77999877929688,193.85000610351562,193.99200439453125,354678,AMD,5m
2026-03-13 15:45:00+00:00,193.97999572753906,194.4398956298828,193.47000122070312,194.33999633789062,472164,AMD,5m
2026-03-13 15:50:00+00:00,194.3699951171875,194.3699951171875,193.77999877929688,194.09500122070312,224484,AMD,5m
2026-03-13 15:55:00+00:00,194.0301055908203,194.1125030517578,193.6999969482422,193.75,167217,AMD,5m
2026-03-13 16:00:00+00:00,193.72000122070312,194.4199981689453,193.64999389648438,194.0,341519,AMD,5m
2026-03-13 16:05:00+00:00,194.0,194.264404296875,193.6699981689453,194.11500549316406,205645,AMD,5m
2026-03-13 16:10:00+00:00,194.16000366210938,194.47999572753906,193.42999267578125,193.97500610351562,299429,AMD,5m
2026-03-13 16:15:00+00:00,194.02499389648438,194.11000061035156,193.52999877929688,193.8350067138672,174995,AMD,5m
2026-03-13 16:20:00+00:00,193.8350067138672,194.22000122070312,193.75010681152344,193.9550018310547,168056,AMD,5m
2026-03-13 16:25:00+00:00,193.9698944091797,193.97999572753906,193.33999633789062,193.72000122070312,235913,AMD,5m
2026-03-13 16:30:00+00:00,193.75,194.17999267578125,193.69000244140625,193.84629821777344,195306,AMD,5m
2026-03-13 16:35:00+00:00,193.8000030517578,194.4600067138672,193.8000030517578,194.16000366210938,263928,AMD,5m
2026-03-13 16:40:00+00:00,194.11500549316406,194.41000366210938,193.7200927734375,193.7626953125,194459,AMD,5m
2026-03-13 16:45:00+00:00,193.73199462890625,193.83999633789062,193.239501953125,193.83999633789062,315930,AMD,5m
2026-03-13 16:50:00+00:00,193.85000610351562,194.42999267578125,193.80999755859375,194.33999633789062,307303,AMD,5m
2026-03-13 16:55:00+00:00,194.33999633789062,194.3699951171875,193.44000244140625,193.6199951171875,351264,AMD,5m
2026-03-13 17:00:00+00:00,193.61000061035156,193.85000610351562,193.44000244140625,193.66000366210938,171543,AMD,5m
2026-03-13 17:05:00+00:00,193.66819763183594,194.05999755859375,193.47000122070312,193.97999572753906,235722,AMD,5m
2026-03-13 17:10:00+00:00,193.97999572753906,194.0800018310547,193.41329956054688,194.0800018310547,192898,AMD,5m
2026-03-13 17:15:00+00:00,194.08999633789062,194.3000030517578,193.83999633789062,194.1654052734375,195185,AMD,5m
2026-03-13 17:20:00+00:00,194.1699981689453,194.38999938964844,193.76499938964844,194.21170043945312,185973,AMD,5m
2026-03-13 17:25:00+00:00,194.218994140625,194.22999572753906,193.81199645996094,194.02999877929688,150312,AMD,5m
2026-03-13 17:30:00+00:00,194.0659942626953,194.08999633789062,193.61000061035156,193.81500244140625,154276,AMD,5m
2026-03-13 17:35:00+00:00,193.8300018310547,194.0500030517578,193.63009643554688,193.9250030517578,183932,AMD,5m
2026-03-13 17:40:00+00:00,193.94000244140625,194.0399932861328,193.60000610351562,193.91140747070312,178544,AMD,5m
2026-03-13 17:45:00+00:00,193.9199981689453,193.98989868164062,193.27000427246094,193.35000610351562,250028,AMD,5m
2026-03-13 17:50:00+00:00,193.3000030517578,193.44000244140625,192.99000549316406,193.27999877929688,367333,AMD,5m
2026-03-13 17:55:00+00:00,193.25999450683594,193.44000244140625,193.0,193.0500030517578,168509,AMD,5m
2026-03-13 18:00:00+00:00,193.07000732421875,193.3000030517578,192.9456024169922,193.1750030517578,277017,AMD,5m
2026-03-13 18:05:00+00:00,193.19000244140625,193.2449951171875,192.92999267578125,193.14999389648438,215427,AMD,5m
2026-03-13 18:10:00+00:00,193.15499877929688,193.22999572753906,192.9250030517578,193.02000427246094,235446,AMD,5m
2026-03-13 18:15:00+00:00,193.02000427246094,193.33999633789062,192.97999572753906,193.13499450683594,195780,AMD,5m
2026-03-13 18:20:00+00:00,193.13999938964844,193.1999969482422,192.86500549316406,193.0500030517578,207541,AMD,5m
2026-03-13 18:25:00+00:00,193.07000732421875,193.3800048828125,192.9499969482422,193.30499267578125,188144,AMD,5m
2026-03-13 18:30:00+00:00,193.2949981689453,193.72000122070312,193.1699981689453,193.27999877929688,386360,AMD,5m
2026-03-13 18:35:00+00:00,193.30499267578125,193.36000061035156,193.0399932861328,193.2449951171875,294368,AMD,5m
2026-03-13 18:40:00+00:00,193.3000030517578,193.77499389648438,193.22999572753906,193.75,217690,AMD,5m
2026-03-13 18:45:00+00:00,193.72000122070312,193.77000427246094,193.46240234375,193.6699981689453,167041,AMD,5m
2026-03-13 18:50:00+00:00,193.6699981689453,193.83999633789062,193.4801025390625,193.77000427246094,152083,AMD,5m
2026-03-13 18:55:00+00:00,193.77499389648438,193.77499389648438,193.41600036621094,193.5500030517578,170840,AMD,5m
2026-03-13 19:00:00+00:00,193.52000427246094,193.53810119628906,193.00669860839844,193.00999450683594,204922,AMD,5m
2026-03-13 19:05:00+00:00,193.0,193.3000030517578,192.66000366210938,193.13999938964844,285115,AMD,5m
2026-03-13 19:10:00+00:00,193.14999389648438,193.23190307617188,192.97999572753906,192.97999572753906,218688,AMD,5m
2026-03-13 19:15:00+00:00,193.0050048828125,193.35000610351562,192.85009765625,193.11000061035156,241816,AMD,5m
2026-03-13 19:20:00+00:00,193.08999633789062,193.08999633789062,192.27000427246094,192.67990112304688,306150,AMD,5m
2026-03-13 19:25:00+00:00,192.65499877929688,192.69000244140625,192.42999267578125,192.6300048828125,268548,AMD,5m
2026-03-13 19:30:00+00:00,192.64999389648438,192.9499053955078,192.57000732421875,192.7100067138672,243152,AMD,5m
2026-03-13 19:35:00+00:00,192.7310028076172,192.9788055419922,192.6956024169922,192.7949981689453,195063,AMD,5m
2026-03-13 19:40:00+00:00,192.77999877929688,192.97999572753906,192.47000122070312,192.88999938964844,371448,AMD,5m
2026-03-13 19:45:00+00:00,192.88999938964844,193.07000732421875,192.55999755859375,192.77000427246094,382032,AMD,5m
2026-03-13 19:50:00+00:00,192.77999877929688,193.00999450683594,192.53529357910156,192.8699951171875,401283,AMD,5m
2026-03-13 19:55:00+00:00,192.85000610351562,193.44000244140625,192.6699981689453,193.44000244140625,1202748,AMD,5m
2026-03-16 13:30:00+00:00,194.84500122070312,198.27000427246094,194.8000030517578,197.85000610351562,1664713,AMD,5m
2026-03-16 13:35:00+00:00,197.80999755859375,198.42999267578125,196.34010314941406,196.73500061035156,739491,AMD,5m
2026-03-16 13:40:00+00:00,196.75999450683594,196.75999450683594,195.3800048828125,195.67990112304688,536386,AMD,5m
2026-03-16 13:45:00+00:00,195.6300048828125,196.8699951171875,195.6300048828125,196.83009338378906,424026,AMD,5m
2026-03-16 13:50:00+00:00,196.8300018310547,197.15989685058594,196.25,197.0500030517578,310786,AMD,5m
2026-03-16 13:55:00+00:00,197.0800018310547,197.3699951171875,196.72999572753906,197.27999877929688,265659,AMD,5m
2026-03-16 14:00:00+00:00,197.3300018310547,197.4866943359375,196.64999389648438,196.9499969482422,274795,AMD,5m
2026-03-16 14:05:00+00:00,196.94000244140625,197.4600067138672,196.69000244140625,197.33999633789062,229117,AMD,5m
2026-03-16 14:10:00+00:00,197.34500122070312,197.8643035888672,197.2100067138672,197.6699981689453,314654,AMD,5m
2026-03-16 14:15:00+00:00,197.68499755859375,197.89999389648438,197.49009704589844,197.61599731445312,2183957,AMD,5m
2026-03-16 14:20:00+00:00,197.65499877929688,198.17999267578125,197.6300048828125,198.11500549316406,0,AMD,5m
2026-03-16 14:25:00+00:00,198.125,198.25990295410156,197.6699981689453,197.68600463867188,278194,AMD,5m
2026-03-16 14:30:00+00:00,197.7198944091797,197.9250030517578,197.3300018310547,197.36990356445312,320431,AMD,5m
2026-03-16 14:35:00+00:00,197.4149932861328,197.89999389648438,196.75100708007812,196.9149932861328,285676,AMD,5m
2026-03-16 14:40:00+00:00,196.89500427246094,197.2270050048828,196.75,197.1699981689453,233594,AMD,5m
2026-03-16 14:45:00+00:00,197.1750030517578,197.8000030517578,197.1750030517578,197.6699981689453,238202,AMD,5m
2026-03-16 14:50:00+00:00,197.6300048828125,198.4199981689453,197.3000030517578,198.08599853515625,365150,AMD,5m
2026-03-16 14:55:00+00:00,198.05999755859375,198.44000244140625,197.710693359375,198.44000244140625,238988,AMD,5m
2026-03-16 15:00:00+00:00,198.4600067138672,198.58999633789062,197.99200439453125,198.2198944091797,266887,AMD,5m
2026-03-16 15:05:00+00:00,198.2100067138672,198.36000061035156,197.85000610351562,198.36000061035156,191775,AMD,5m
2026-03-16 15:10:00+00:00,198.35499572753906,199.25,197.75,199.11000061035156,389397,AMD,5m
2026-03-16 15:15:00+00:00,199.10000610351562,199.41400146484375,198.9199981689453,199.4001007080078,318521,AMD,5m
2026-03-16 15:20:00+00:00,199.4199981689453,200.1699981689453,199.28500366210938,200.0749969482422,470739,AMD,5m
2026-03-16 15:25:00+00:00,200.06590270996094,200.0800018310547,199.7100067138672,199.86500549316406,293849,AMD,5m
2026-03-16 15:30:00+00:00,199.88999938964844,200.15499877929688,199.42010498046875,199.91000366210938,354033,AMD,5m
2026-03-16 15:35:00+00:00,199.9199981689453,199.9600067138672,199.63999938964844,199.72999572753906,186304,AMD,5m
2026-03-16 15:40:00+00:00,199.72000122070312,199.88999938964844,199.47999572753906,199.75,136151,AMD,5m
2026-03-16 15:45:00+00:00,199.77000427246094,199.85499572753906,199.50999450683594,199.61000061035156,138720,AMD,5m
2026-03-16 15:50:00+00:00,199.50999450683594,199.75,199.15179443359375,199.7100067138672,214047,AMD,5m
2026-03-16 15:55:00+00:00,199.6999969482422,199.89999389648438,199.4199981689453,199.47999572753906,207616,AMD,5m
2026-03-16 16:00:00+00:00,199.4949951171875,199.83999633789062,199.3300018310547,199.37989807128906,201622,AMD,5m
2026-03-16 16:05:00+00:00,199.39999389648438,199.60499572753906,199.10000610351562,199.2698974609375,167868,AMD,5m
2026-03-16 16:10:00+00:00,199.24000549316406,199.31759643554688,198.77000427246094,198.85000610351562,159862,AMD,5m
2026-03-16 16:15:00+00:00,198.83999633789062,199.05499267578125,198.75999450683594,198.76510620117188,173172,AMD,5m
2026-03-16 16:20:00+00:00,198.76499938964844,198.83680725097656,198.17999267578125,198.22999572753906,221951,AMD,5m
2026-03-16 16:25:00+00:00,198.21800231933594,198.4499969482422,198.0800018310547,198.39999389648438,4400033,AMD,5m
2026-03-16 16:30:00+00:00,198.41990661621094,198.55499267578125,198.110107421875,198.2449951171875,0,AMD,5m
2026-03-16 16:35:00+00:00,198.2100067138672,198.64999389648438,198.2100067138672,198.6199951171875,157085,AMD,5m
2026-03-16 16:40:00+00:00,198.61000061035156,198.83999633789062,198.3800048828125,198.55999755859375,4518543,AMD,5m
2026-03-16 16:45:00+00:00,198.58169555664062,198.8800048828125,198.51730346679688,198.80999755859375,0,AMD,5m
2026-03-16 16:50:00+00:00,198.7949981689453,198.83990478515625,198.41000366210938,198.4499969482422,116099,AMD,5m
2026-03-16 16:55:00+00:00,198.4550018310547,198.60000610351562,198.1999969482422,198.51499938964844,117141,AMD,5m
2026-03-16 17:00:00+00:00,198.5500030517578,199.12989807128906,198.4470977783203,198.49000549316406,185666,AMD,5m
2026-03-16 17:05:00+00:00,198.52000427246094,198.6300048828125,198.1699981689453,198.24000549316406,111845,AMD,5m
2026-03-16 17:10:00+00:00,198.24000549316406,198.52999877929688,198.19000244140625,198.33999633789062,102065,AMD,5m
2026-03-16 17:15:00+00:00,198.3350067138672,198.83999633789062,198.1199951171875,198.74000549316406,145201,AMD,5m
2026-03-16 17:20:00+00:00,198.77999877929688,199.11000061035156,198.72999572753906,198.89999389648438,158640,AMD,5m
2026-03-16 17:25:00+00:00,198.91000366210938,198.9398956298828,198.50999450683594,198.52000427246094,98919,AMD,5m
2026-03-16 17:30:00+00:00,198.5399932861328,198.8800048828125,198.47000122070312,198.5449981689453,125366,AMD,5m
2026-03-16 17:35:00+00:00,198.55499267578125,198.66000366210938,198.35000610351562,198.36000061035156,108345,AMD,5m
2026-03-16 17:40:00+00:00,198.30059814453125,198.4499053955078,198.25,198.36000061035156,92949,AMD,5m
2026-03-16 17:45:00+00:00,198.35000610351562,198.58999633789062,198.30999755859375,198.5399932861328,4998338,AMD,5m
2026-03-16 17:50:00+00:00,198.5399932861328,198.6699981689453,198.17999267578125,198.50010681152344,0,AMD,5m
2026-03-16 17:55:00+00:00,198.5,198.9199981689453,198.4600067138672,198.86000061035156,180889,AMD,5m
2026-03-16 18:00:00+00:00,198.85000610351562,199.139404296875,198.83999633789062,199.0850067138672,357530,AMD,5m
2026-03-16 18:05:00+00:00,199.08349609375,199.39999389648438,199.05499267578125,199.16000366210938,251530,AMD,5m
2026-03-16 18:10:00+00:00,199.16000366210938,199.22999572753906,198.72999572753906,198.75999450683594,197672,AMD,5m
2026-03-16 18:15:00+00:00,198.76499938964844,199.0,198.72999572753906,198.77499389648438,163194,AMD,5m
2026-03-16 18:20:00+00:00,198.77000427246094,199.00999450683594,198.5709991455078,198.77499389648438,177632,AMD,5m
2026-03-16 18:25:00+00:00,198.75,199.13999938964844,198.63999938964844,198.89999389648438,183665,AMD,5m
2026-03-16 18:30:00+00:00,198.89999389648438,199.0,198.360107421875,198.39500427246094,199525,AMD,5m
2026-03-16 18:35:00+00:00,198.38999938964844,198.4499053955078,198.02999877929688,198.17999267578125,208713,AMD,5m
2026-03-16 18:40:00+00:00,198.16000366210938,198.2100067138672,197.86000061035156,198.1199951171875,200548,AMD,5m
2026-03-16 18:45:00+00:00,198.11000061035156,198.32000732421875,198.0500030517578,198.110107421875,180761,AMD,5m
2026-03-16 18:50:00+00:00,198.11000061035156,198.11000061035156,197.82000732421875,197.8300018310547,201892,AMD,5m
2026-03-16 18:55:00+00:00,197.83999633789062,197.85000610351562,197.4149932861328,197.75999450683594,269357,AMD,5m
2026-03-16 19:00:00+00:00,197.77000427246094,197.8699951171875,197.44500732421875,197.572998046875,253841,AMD,5m
2026-03-16 19:05:00+00:00,197.55499267578125,198.8300018310547,197.10679626464844,198.77000427246094,358412,AMD,5m
2026-03-16 19:10:00+00:00,198.82000732421875,199.1300048828125,197.47000122070312,197.69000244140625,582345,AMD,5m
2026-03-16 19:15:00+00:00,197.64500427246094,198.30499267578125,197.5500030517578,198.2100067138672,335188,AMD,5m
2026-03-16 19:20:00+00:00,198.2100067138672,198.2100067138672,197.2100067138672,197.23959350585938,221665,AMD,5m
2026-03-16 19:25:00+00:00,197.25,197.42999267578125,196.75,197.29989624023438,254174,AMD,5m
2026-03-16 19:30:00+00:00,197.27000427246094,197.27000427246094,196.5500030517578,196.78399658203125,230039,AMD,5m
2026-03-16 19:35:00+00:00,196.77999877929688,196.889892578125,196.41009521484375,196.44000244140625,230961,AMD,5m
2026-03-16 19:40:00+00:00,196.43499755859375,196.53990173339844,196.0500030517578,196.4600067138672,341960,AMD,5m
2026-03-16 19:45:00+00:00,196.4550018310547,196.5493927001953,196.14999389648438,196.29989624023438,246793,AMD,5m
2026-03-16 19:50:00+00:00,196.3000030517578,196.69000244140625,195.7100067138672,196.35000610351562,434410,AMD,5m
2026-03-16 19:55:00+00:00,196.3800048828125,196.68499755859375,196.33999633789062,196.60000610351562,634021,AMD,5m
2026-03-17 13:30:00+00:00,196.67999267578125,198.08999633789062,195.39999389648438,197.55909729003906,1176943,AMD,5m
2026-03-17 13:35:00+00:00,197.59500122070312,198.0050048828125,196.97999572753906,197.27999877929688,358100,AMD,5m
2026-03-17 13:40:00+00:00,197.2899932861328,197.73570251464844,196.63999938964844,197.34280395507812,421600,AMD,5m
2026-03-17 13:45:00+00:00,197.33009338378906,198.4250030517578,197.33009338378906,198.3699951171875,399004,AMD,5m
2026-03-17 13:50:00+00:00,198.35499572753906,198.9499969482422,198.32000732421875,198.75,356639,AMD,5m
2026-03-17 13:55:00+00:00,198.75,199.2100067138672,198.49000549316406,198.83999633789062,345323,AMD,5m
2026-03-17 14:00:00+00:00,198.9499969482422,199.19000244140625,197.95010375976562,197.99000549316406,520258,AMD,5m
2026-03-17 14:05:00+00:00,198.0500030517578,198.27000427246094,197.27999877929688,197.32200622558594,255165,AMD,5m
2026-03-17 14:10:00+00:00,197.27999877929688,197.4799041748047,197.0399932861328,197.16180419921875,279611,AMD,5m
2026-03-17 14:15:00+00:00,197.17999267578125,198.25,197.0301055908203,198.2216033935547,360184,AMD,5m
2026-03-17 14:20:00+00:00,198.22500610351562,198.77000427246094,198.00999450683594,198.7050018310547,349380,AMD,5m
2026-03-17 14:25:00+00:00,198.75,198.8000030517578,198.13999938964844,198.26499938964844,219746,AMD,5m
2026-03-17 14:30:00+00:00,198.2899932861328,198.4340057373047,197.77000427246094,198.2449951171875,188019,AMD,5m
2026-03-17 14:35:00+00:00,198.1999969482422,198.55999755859375,197.625,197.64500427246094,174972,AMD,5m
2026-03-17 14:40:00+00:00,197.67999267578125,198.60000610351562,197.61000061035156,198.26010131835938,221892,AMD,5m
2026-03-17 14:45:00+00:00,198.25,198.33999633789062,197.96499633789062,198.16000366210938,119027,AMD,5m
2026-03-17 14:50:00+00:00,198.1649932861328,198.17999267578125,197.81179809570312,198.00999450683594,121230,AMD,5m
2026-03-17 14:55:00+00:00,198.02000427246094,198.25999450683594,197.89999389648438,198.22999572753906,122071,AMD,5m
2026-03-17 15:00:00+00:00,198.27000427246094,198.5500030517578,197.66000366210938,197.7100067138672,153432,AMD,5m
2026-03-17 15:05:00+00:00,197.72500610351562,197.79989624023438,197.07000732421875,197.22999572753906,225262,AMD,5m
2026-03-17 15:10:00+00:00,197.2274932861328,197.35000610351562,196.9600067138672,197.07000732421875,194995,AMD,5m
2026-03-17 15:15:00+00:00,197.07989501953125,197.5399932861328,196.6999969482422,196.91000366210938,2448783,AMD,5m
2026-03-17 15:20:00+00:00,196.96499633789062,197.04989624023438,196.3115997314453,196.55999755859375,0,AMD,5m
2026-03-17 15:25:00+00:00,196.55499267578125,196.72999572753906,196.25,196.25999450683594,2508435,AMD,5m
2026-03-17 15:30:00+00:00,196.25,196.47000122070312,195.9499969482422,196.0260009765625,279793,AMD,5m
2026-03-17 15:35:00+00:00,196.02999877929688,196.11000061035156,195.25999450683594,195.52499389648438,413121,AMD,5m
2026-03-17 15:40:00+00:00,195.5,196.1699981689453,195.47000122070312,196.13999938964844,0,AMD,5m
2026-03-17 15:45:00+00:00,196.05999755859375,196.3300018310547,196.0,196.14999389648438,152006,AMD,5m
2026-03-17 15:50:00+00:00,196.16000366210938,196.39999389648438,196.0500030517578,196.25010681152344,133069,AMD,5m
2026-03-17 15:55:00+00:00,196.27000427246094,196.47000122070312,196.1199951171875,196.3000030517578,151731,AMD,5m
2026-03-17 16:00:00+00:00,196.3040008544922,196.3040008544922,195.97000122070312,196.02999877929688,138313,AMD,5m
2026-03-17 16:05:00+00:00,196.03500366210938,196.22000122070312,195.3800048828125,196.01499938964844,228297,AMD,5m
2026-03-17 16:10:00+00:00,196.00999450683594,196.27999877929688,195.86000061035156,195.9149932861328,164147,AMD,5m
2026-03-17 16:15:00+00:00,195.9550018310547,196.73500061035156,195.93499755859375,196.73500061035156,326894,AMD,5m
2026-03-17 16:20:00+00:00,196.72999572753906,196.72999572753906,196.1300048828125,196.42999267578125,303699,AMD,5m
2026-03-17 16:25:00+00:00,196.41000366210938,196.52999877929688,196.16000366210938,196.2899932861328,152589,AMD,5m
2026-03-17 16:30:00+00:00,196.25999450683594,196.60000610351562,196.1501007080078,196.44009399414062,265325,AMD,5m
2026-03-17 16:35:00+00:00,196.4199981689453,196.47999572753906,195.86000061035156,196.11500549316406,210366,AMD,5m
2026-03-17 16:40:00+00:00,196.11500549316406,196.5,196.11500549316406,196.4499969482422,190797,AMD,5m
2026-03-17 16:45:00+00:00,196.42999267578125,196.47500610351562,195.98049926757812,196.24310302734375,205535,AMD,5m
2026-03-17 16:50:00+00:00,196.25,196.6750030517578,196.1750030517578,196.5399932861328,202209,AMD,5m
2026-03-17 16:55:00+00:00,196.55999755859375,196.61000061035156,196.25,196.27499389648438,77174,AMD,5m
2026-03-17 17:00:00+00:00,196.26499938964844,196.52000427246094,196.24000549316406,196.3699951171875,124379,AMD,5m
2026-03-17 17:05:00+00:00,196.343994140625,196.3699951171875,195.92019653320312,195.93499755859375,112897,AMD,5m
2026-03-17 17:10:00+00:00,195.92999267578125,195.94000244140625,195.47000122070312,195.64999389648438,126530,AMD,5m
2026-03-17 17:15:00+00:00,195.625,195.9499969482422,195.58999633789062,195.92999267578125,104288,AMD,5m
2026-03-17 17:20:00+00:00,195.92999267578125,196.14999389648438,195.85000610351562,195.98500061035156,112539,AMD,5m
2026-03-17 17:25:00+00:00,195.99000549316406,196.10000610351562,195.86000061035156,196.0449981689453,84731,AMD,5m
2026-03-17 17:30:00+00:00,196.02000427246094,196.2550048828125,195.9600067138672,196.00999450683594,93311,AMD,5m
2026-03-17 17:35:00+00:00,196.0,196.30999755859375,195.99400329589844,196.19000244140625,113938,AMD,5m
2026-03-17 17:40:00+00:00,196.21499633789062,196.27999877929688,195.99000549316406,196.05999755859375,96809,AMD,5m
2026-03-17 17:45:00+00:00,196.0449981689453,196.12600708007812,195.82000732421875,195.9149932861328,97142,AMD,5m
2026-03-17 17:50:00+00:00,195.88999938964844,196.45989990234375,195.7899932861328,196.38009643554688,199894,AMD,5m
2026-03-17 17:55:00+00:00,196.36000061035156,196.47999572753906,196.24200439453125,196.26080322265625,119920,AMD,5m
2026-03-17 18:00:00+00:00,196.3000030517578,196.8300018310547,196.17999267578125,196.67739868164062,154755,AMD,5m
2026-03-17 18:05:00+00:00,196.67999267578125,196.97000122070312,196.52999877929688,196.8979949951172,195451,AMD,5m
2026-03-17 18:10:00+00:00,196.8800048828125,196.95010375976562,196.8000030517578,196.80999755859375,122617,AMD,5m
2026-03-17 18:15:00+00:00,196.8000030517578,197.08999633789062,196.72999572753906,196.9499969482422,124627,AMD,5m
2026-03-17 18:20:00+00:00,196.94500732421875,197.02499389648438,196.6439971923828,196.69749450683594,101035,AMD,5m
2026-03-17 18:25:00+00:00,196.7100067138672,196.89999389648438,196.5399932861328,196.57000732421875,95473,AMD,5m
2026-03-17 18:30:00+00:00,196.52999877929688,196.7899932861328,196.5,196.6750030517578,105011,AMD,5m
2026-03-17 18:35:00+00:00,196.63999938964844,196.92999267578125,196.58200073242188,196.62989807128906,82575,AMD,5m
2026-03-17 18:40:00+00:00,196.60499572753906,196.69009399414062,196.36000061035156,196.3800048828125,75315,AMD,5m
2026-03-17 18:45:00+00:00,196.3800048828125,196.52999877929688,196.33999633789062,196.44500732421875,76887,AMD,5m
2026-03-17 18:50:00+00:00,196.44500732421875,196.75999450683594,196.33999633789062,196.73500061035156,110999,AMD,5m
2026-03-17 18:55:00+00:00,196.735107421875,196.735107421875,196.35000610351562,196.39999389648438,84614,AMD,5m
2026-03-17 19:00:00+00:00,196.41000366210938,196.57000732421875,196.30999755859375,196.42999267578125,101542,AMD,5m
2026-03-17 19:05:00+00:00,196.4199981689453,196.4698944091797,196.10000610351562,196.31509399414062,105814,AMD,5m
2026-03-17 19:10:00+00:00,196.3000030517578,196.39990234375,196.17999267578125,196.27499389648438,68555,AMD,5m
2026-03-17 19:15:00+00:00,196.27499389648438,196.4700927734375,196.24000549316406,196.322998046875,106609,AMD,5m
2026-03-17 19:20:00+00:00,196.3249969482422,196.33999633789062,196.02999877929688,196.02999877929688,93532,AMD,5m
2026-03-17 19:25:00+00:00,196.0449981689453,196.5,196.0,196.27499389648438,150887,AMD,5m
2026-03-17 19:30:00+00:00,196.3000030517578,196.39999389648438,196.08999633789062,196.14199829101562,110127,AMD,5m
2026-03-17 19:35:00+00:00,196.1699981689453,196.19850158691406,196.0399932861328,196.1649932861328,116451,AMD,5m
2026-03-17 19:40:00+00:00,196.1649932861328,196.30999755859375,196.00999450683594,196.11000061035156,120958,AMD,5m
2026-03-17 19:45:00+00:00,196.11000061035156,196.43499755859375,196.11000061035156,196.42999267578125,159678,AMD,5m
2026-03-17 19:50:00+00:00,196.4499969482422,196.74000549316406,196.1439971923828,196.70599365234375,244782,AMD,5m
2026-03-17 19:55:00+00:00,196.7100067138672,196.72999572753906,196.17999267578125,196.30999755859375,564122,AMD,5m
2026-03-18 13:30:00+00:00,196.125,197.0,195.75,196.02499389648438,1422958,AMD,5m
2026-03-18 13:35:00+00:00,196.05999755859375,197.60000610351562,195.9499969482422,196.57200622558594,45122,AMD,5m
2026-03-18 13:40:00+00:00,196.49000549316406,198.10000610351562,196.22999572753906,197.14999389648438,517512,AMD,5m
2026-03-18 13:45:00+00:00,197.2100067138672,198.33999633789062,196.96009826660156,198.1623992919922,1182009,AMD,5m
2026-03-18 13:50:00+00:00,198.1999969482422,198.8800048828125,197.82000732421875,198.8350067138672,0,AMD,5m
2026-03-18 13:55:00+00:00,198.7899932861328,199.77000427246094,198.44000244140625,199.6699981689453,548042,AMD,5m
2026-03-18 14:00:00+00:00,199.6199951171875,199.8498992919922,198.80999755859375,199.60000610351562,534600,AMD,5m
2026-03-18 14:05:00+00:00,199.6300048828125,200.6300048828125,199.3000030517578,200.58999633789062,601990,AMD,5m
2026-03-18 14:10:00+00:00,200.5500030517578,200.74000549316406,199.3300018310547,199.35499572753906,505532,AMD,5m
2026-03-18 14:15:00+00:00,199.35719299316406,199.9499969482422,199.1844024658203,199.1844024658203,314528,AMD,5m
2026-03-18 14:20:00+00:00,199.22000122070312,199.77999877929688,199.1699981689453,199.39010620117188,256594,AMD,5m
2026-03-18 14:25:00+00:00,199.4600067138672,199.47999572753906,198.1300048828125,198.57000732421875,363439,AMD,5m
2026-03-18 14:30:00+00:00,198.4600067138672,199.27920532226562,198.27000427246094,198.8000030517578,291880,AMD,5m
2026-03-18 14:35:00+00:00,198.77499389648438,198.9499969482422,198.522705078125,198.5500030517578,154079,AMD,5m
2026-03-18 14:40:00+00:00,198.56500244140625,198.8000030517578,198.3699951171875,198.57000732421875,171410,AMD,5m
2026-03-18 14:45:00+00:00,198.52999877929688,198.85989379882812,198.22000122070312,198.24000549316406,2295510,AMD,5m
2026-03-18 14:50:00+00:00,198.25,198.97000122070312,198.25,198.59500122070312,0,AMD,5m
2026-03-18 14:55:00+00:00,198.60000610351562,199.36000061035156,198.38999938964844,199.25,276301,AMD,5m
2026-03-18 15:00:00+00:00,199.27499389648438,200.1699981689453,199.15049743652344,199.7700958251953,378480,AMD,5m
2026-03-18 15:05:00+00:00,199.80499267578125,200.75,199.7852020263672,200.0800018310547,411069,AMD,5m
2026-03-18 15:10:00+00:00,200.0,200.02890014648438,199.1699981689453,199.2050018310547,254982,AMD,5m
2026-03-18 15:15:00+00:00,199.1999969482422,199.3634033203125,198.4199981689453,198.64500427246094,218046,AMD,5m
2026-03-18 15:20:00+00:00,198.62319946289062,199.19000244140625,198.5500030517578,198.99600219726562,206622,AMD,5m
2026-03-18 15:25:00+00:00,199.0500030517578,199.77999877929688,198.96009826660156,199.2574005126953,232004,AMD,5m
2026-03-18 15:30:00+00:00,199.13999938964844,199.7978973388672,199.11000061035156,199.7321014404297,2914136,AMD,5m
2026-03-18 15:35:00+00:00,199.7209014892578,200.4199981689453,199.5,200.19000244140625,267810,AMD,5m
2026-03-18 15:40:00+00:00,200.18359375,200.44500732421875,200.02000427246094,200.26429748535156,0,AMD,5m
2026-03-18 15:45:00+00:00,200.22999572753906,200.43780517578125,199.89999389648438,199.9550018310547,158287,AMD,5m
2026-03-18 15:50:00+00:00,199.9615936279297,200.47000122070312,199.9499969482422,200.47000122070312,151043,AMD,5m
2026-03-18 15:55:00+00:00,200.4799041748047,200.50999450683594,200.1300048828125,200.33999633789062,173381,AMD,5m
2026-03-18 16:00:00+00:00,200.3300018310547,200.3300018310547,199.91000366210938,200.1750030517578,264470,AMD,5m
2026-03-18 16:05:00+00:00,200.19000244140625,200.29989624023438,199.87379455566406,199.9499969482422,113735,AMD,5m
2026-03-18 16:10:00+00:00,199.94500732421875,200.10000610351562,199.8000030517578,199.97000122070312,114616,AMD,5m
2026-03-18 16:15:00+00:00,200.0,200.0,199.5399932861328,199.89999389648438,134530,AMD,5m
2026-03-18 16:20:00+00:00,199.90769958496094,200.19000244140625,199.86000061035156,200.02999877929688,115416,AMD,5m
2026-03-18 16:25:00+00:00,200.07000732421875,200.24000549316406,199.70010375976562,199.72999572753906,151178,AMD,5m
2026-03-18 16:30:00+00:00,199.72999572753906,200.2899932861328,199.6699981689453,199.7949981689453,182615,AMD,5m
2026-03-18 16:35:00+00:00,199.77000427246094,200.02999877929688,199.55999755859375,199.9499969482422,121871,AMD,5m
2026-03-18 16:40:00+00:00,199.99000549316406,200.00999450683594,199.49000549316406,199.69000244140625,173620,AMD,5m
2026-03-18 16:45:00+00:00,199.7100067138672,199.97000122070312,199.5399932861328,199.91000366210938,90439,AMD,5m
2026-03-18 16:50:00+00:00,199.94000244140625,200.00259399414062,199.6300048828125,199.96499633789062,89553,AMD,5m
2026-03-18 16:55:00+00:00,199.96499633789062,200.02999877929688,199.58999633789062,199.6300048828125,84553,AMD,5m
2026-03-18 17:00:00+00:00,199.63499450683594,199.67999267578125,199.24000549316406,199.46600341796875,147788,AMD,5m
2026-03-18 17:05:00+00:00,199.47999572753906,199.58059692382812,199.1699981689453,199.30149841308594,89566,AMD,5m
2026-03-18 17:10:00+00:00,199.34500122070312,199.57000732421875,199.1300048828125,199.38999938964844,3587864,AMD,5m
2026-03-18 17:15:00+00:00,199.4199981689453,199.75999450683594,199.38499450683594,199.47830200195312,0,AMD,5m
2026-03-18 17:20:00+00:00,199.44000244140625,199.6300048828125,199.3350067138672,199.6199951171875,85167,AMD,5m
2026-03-18 17:25:00+00:00,199.6199951171875,199.9499969482422,199.5301055908203,199.6999969482422,3660300,AMD,5m
2026-03-18 17:30:00+00:00,199.75,199.9499969482422,199.51010131835938,199.9499969482422,116274,AMD,5m
2026-03-18 17:35:00+00:00,199.93499755859375,200.44000244140625,199.93499755859375,200.33999633789062,0,AMD,5m
2026-03-18 17:40:00+00:00,200.30999755859375,200.39999389648438,200.13079833984375,200.3419952392578,106921,AMD,5m
2026-03-18 17:45:00+00:00,200.32000732421875,200.9499969482422,200.29010009765625,200.8800048828125,206263,AMD,5m
2026-03-18 17:50:00+00:00,200.84010314941406,201.5500030517578,200.84010314941406,201.3800048828125,388016,AMD,5m
2026-03-18 17:55:00+00:00,201.38999938964844,202.19000244140625,201.38999938964844,201.97999572753906,342523,AMD,5m
2026-03-18 18:00:00+00:00,201.9600067138672,202.85000610351562,201.9600067138672,202.72959899902344,439943,AMD,5m
2026-03-18 18:05:00+00:00,202.72000122070312,202.85000610351562,202.4259033203125,202.49000549316406,407968,AMD,5m
2026-03-18 18:10:00+00:00,202.4600067138672,202.7899932861328,202.2449951171875,202.5800018310547,282128,AMD,5m
2026-03-18 18:15:00+00:00,202.5865020751953,202.60000610351562,201.5,201.5500030517578,383413,AMD,5m
2026-03-18 18:20:00+00:00,201.52000427246094,201.56300354003906,201.1699981689453,201.35609436035156,275139,AMD,5m
2026-03-18 18:25:00+00:00,201.389892578125,201.4398956298828,201.14999389648438,201.30999755859375,151254,AMD,5m
2026-03-18 18:30:00+00:00,201.27999877929688,201.64999389648438,200.92999267578125,201.00999450683594,222060,AMD,5m
2026-03-18 18:35:00+00:00,200.98500061035156,201.75999450683594,200.9499969482422,200.985107421875,220439,AMD,5m
2026-03-18 18:40:00+00:00,201.00999450683594,201.30499267578125,200.74009704589844,200.94000244140625,206306,AMD,5m
2026-03-18 18:45:00+00:00,200.92709350585938,201.0,200.3000030517578,200.36000061035156,224447,AMD,5m
2026-03-18 18:50:00+00:00,200.35000610351562,200.356201171875,199.6605987548828,199.94000244140625,337132,AMD,5m
2026-03-18 18:55:00+00:00,199.89500427246094,200.00999450683594,199.52000427246094,199.70199584960938,270582,AMD,5m
2026-03-18 19:00:00+00:00,199.7100067138672,200.7194061279297,199.6699981689453,200.6699981689453,310079,AMD,5m
2026-03-18 19:05:00+00:00,200.69000244140625,200.87989807128906,200.3300018310547,200.3762969970703,210044,AMD,5m
2026-03-18 19:10:00+00:00,200.33999633789062,200.33999633789062,199.91000366210938,199.9199981689453,149100,AMD,5m
2026-03-18 19:15:00+00:00,199.95359802246094,200.0153045654297,199.52999877929688,199.66990661621094,202496,AMD,5m
2026-03-18 19:20:00+00:00,199.60000610351562,199.6699981689453,199.2100067138672,199.43519592285156,179033,AMD,5m
2026-03-18 19:25:00+00:00,199.38999938964844,199.63999938964844,199.10000610351562,199.45989990234375,206943,AMD,5m
2026-03-18 19:30:00+00:00,199.44000244140625,199.97999572753906,199.44000244140625,199.85000610351562,240815,AMD,5m
2026-03-18 19:35:00+00:00,199.7949981689453,199.82000732421875,199.3000030517578,199.3800048828125,166419,AMD,5m
2026-03-18 19:40:00+00:00,199.3800048828125,199.6300048828125,199.25999450683594,199.5050048828125,179097,AMD,5m
2026-03-18 19:45:00+00:00,199.52999877929688,199.75,199.35000610351562,199.731201171875,181802,AMD,5m
2026-03-18 19:50:00+00:00,199.82000732421875,199.89990234375,199.4600067138672,199.53179931640625,354538,AMD,5m
2026-03-18 19:55:00+00:00,199.52999877929688,199.77999877929688,199.25999450683594,199.44000244140625,773343,AMD,5m
2026-03-19 13:30:00+00:00,195.03199768066406,195.32000732421875,193.00999450683594,193.77999877929688,1389138,AMD,5m
2026-03-19 13:35:00+00:00,193.77000427246094,194.3699951171875,192.8300018310547,193.93499755859375,569501,AMD,5m
2026-03-19 13:40:00+00:00,193.89999389648438,194.92909240722656,193.66000366210938,194.75999450683594,1442093,AMD,5m
2026-03-19 13:45:00+00:00,194.63999938964844,195.15499877929688,194.02999877929688,195.125,0,AMD,5m
2026-03-19 13:50:00+00:00,195.10000610351562,195.89999389648438,194.8000030517578,195.68499755859375,493810,AMD,5m
2026-03-19 13:55:00+00:00,195.63999938964844,196.52000427246094,195.53500366210938,196.47999572753906,500474,AMD,5m
2026-03-19 14:00:00+00:00,196.4149932861328,197.1999969482422,196.1300048828125,197.10499572753906,442802,AMD,5m
2026-03-19 14:05:00+00:00,197.1199951171875,197.75,197.00010681152344,197.23170471191406,375356,AMD,5m
2026-03-19 14:10:00+00:00,197.24000549316406,198.32000732421875,196.9499969482422,197.625,2448417,AMD,5m
2026-03-19 14:15:00+00:00,197.6199951171875,198.24000549316406,197.39639282226562,197.910400390625,0,AMD,5m
2026-03-19 14:20:00+00:00,198.03829956054688,198.4199981689453,196.9105987548828,197.35000610351562,398978,AMD,5m
2026-03-19 14:25:00+00:00,197.41009521484375,197.88999938964844,196.9499969482422,197.22000122070312,2478993,AMD,5m
2026-03-19 14:30:00+00:00,197.14999389648438,198.67999267578125,197.1199951171875,198.65499877929688,0,AMD,5m
2026-03-19 14:35:00+00:00,198.65499877929688,199.0399932861328,197.59010314941406,197.9250030517578,321583,AMD,5m
2026-03-19 14:40:00+00:00,197.8699951171875,198.2899932861328,197.72000122070312,197.9001007080078,177217,AMD,5m
2026-03-19 14:45:00+00:00,197.9600067138672,198.35000610351562,197.8000030517578,198.29510498046875,148766,AMD,5m
2026-03-19 14:50:00+00:00,198.3300018310547,198.875,198.08009338378906,198.46400451660156,242613,AMD,5m
2026-03-19 14:55:00+00:00,198.33999633789062,199.10000610351562,198.1199951171875,198.739501953125,241473,AMD,5m
2026-03-19 15:00:00+00:00,198.72000122070312,199.35000610351562,198.6699981689453,199.25999450683594,237054,AMD,5m
2026-03-19 15:05:00+00:00,199.32000732421875,200.34500122070312,199.10000610351562,199.55499267578125,470996,AMD,5m
2026-03-19 15:10:00+00:00,199.52999877929688,200.0800018310547,199.4001007080078,199.96499633789062,183464,AMD,5m
2026-03-19 15:15:00+00:00,199.96499633789062,200.39999389648438,199.51919555664062,199.58999633789062,277168,AMD,5m
2026-03-19 15:20:00+00:00,199.5850067138672,199.80999755859375,199.10000610351562,199.11000061035156,236222,AMD,5m
2026-03-19 15:25:00+00:00,199.13999938964844,199.36000061035156,198.8800048828125,199.07000732421875,165888,AMD,5m
2026-03-19 15:30:00+00:00,199.04400634765625,199.04400634765625,198.32000732421875,198.34500122070312,183030,AMD,5m
2026-03-19 15:35:00+00:00,198.3249969482422,198.80999755859375,198.2100067138672,198.6999969482422,159489,AMD,5m
2026-03-19 15:40:00+00:00,198.77000427246094,199.05999755859375,198.60000610351562,198.66000366210938,3255305,AMD,5m
2026-03-19 15:45:00+00:00,198.66600036621094,199.3000030517578,198.50999450683594,199.1699981689453,0,AMD,5m
2026-03-19 15:50:00+00:00,199.25999450683594,199.35000610351562,198.89010620117188,199.09500122070312,168535,AMD,5m
2026-03-19 15:55:00+00:00,199.1300048828125,199.85000610351562,199.10000610351562,199.8300018310547,190260,AMD,5m
2026-03-19 16:00:00+00:00,199.78550720214844,201.14999389648438,199.66000366210938,200.6999969482422,376938,AMD,5m
2026-03-19 16:05:00+00:00,200.67999267578125,201.07000732421875,200.4499969482422,200.69009399414062,243050,AMD,5m
2026-03-19 16:10:00+00:00,200.74000549316406,200.75,200.02999877929688,200.1199951171875,211573,AMD,5m
2026-03-19 16:15:00+00:00,200.08999633789062,200.35690307617188,199.83009338378906,200.0500030517578,159994,AMD,5m
2026-03-19 16:20:00+00:00,200.02609252929688,200.4199981689453,199.95350646972656,200.3000030517578,191172,AMD,5m
2026-03-19 16:25:00+00:00,200.3000030517578,200.99000549316406,200.24000549316406,200.89999389648438,214344,AMD,5m
2026-03-19 16:30:00+00:00,200.89999389648438,201.07000732421875,200.42059326171875,200.5500030517578,238102,AMD,5m
2026-03-19 16:35:00+00:00,200.5,201.13499450683594,200.38209533691406,201.1300048828125,221232,AMD,5m
2026-03-19 16:40:00+00:00,201.1199951171875,201.44000244140625,200.85009765625,201.0500946044922,254617,AMD,5m
2026-03-19 16:45:00+00:00,201.07000732421875,201.16000366210938,200.4600067138672,200.59500122070312,166179,AMD,5m
2026-03-19 16:50:00+00:00,200.5,200.5500030517578,200.02999877929688,200.485107421875,170978,AMD,5m
2026-03-19 16:55:00+00:00,200.49000549316406,200.5998992919922,200.30999755859375,200.47999572753906,143864,AMD,5m
2026-03-19 17:00:00+00:00,200.5,200.6699981689453,200.1699981689453,200.2050018310547,105406,AMD,5m
2026-03-19 17:05:00+00:00,200.1999969482422,200.2570037841797,199.35000610351562,199.54989624023438,177435,AMD,5m
2026-03-19 17:10:00+00:00,199.52499389648438,199.6699981689453,199.24000549316406,199.4239959716797,148454,AMD,5m
2026-03-19 17:15:00+00:00,199.47999572753906,199.75,199.27999877929688,199.71499633789062,155969,AMD,5m
2026-03-19 17:20:00+00:00,199.69000244140625,200.15989685058594,199.5749969482422,199.97999572753906,151183,AMD,5m
2026-03-19 17:25:00+00:00,200.00999450683594,200.30999755859375,199.87010192871094,200.25990295410156,133354,AMD,5m
2026-03-19 17:30:00+00:00,200.25999450683594,200.64999389648438,200.2451934814453,200.38999938964844,178875,AMD,5m
2026-03-19 17:35:00+00:00,200.35000610351562,200.47999572753906,200.14999389648438,200.1699981689453,105959,AMD,5m
2026-03-19 17:40:00+00:00,200.1699981689453,200.42990112304688,200.02999877929688,200.38009643554688,106307,AMD,5m
2026-03-19 17:45:00+00:00,200.41000366210938,200.60000610351562,200.3300018310547,200.58999633789062,109683,AMD,5m
2026-03-19 17:50:00+00:00,200.5850067138672,201.35000610351562,200.50390625,201.34500122070312,258662,AMD,5m
2026-03-19 17:55:00+00:00,201.3300018310547,201.3800048828125,201.00999450683594,201.2100067138672,175417,AMD,5m
2026-03-19 18:00:00+00:00,201.2050018310547,201.4199981689453,201.17100524902344,201.35000610351562,157924,AMD,5m
2026-03-19 18:05:00+00:00,201.36000061035156,202.0,201.2100067138672,201.80499267578125,340301,AMD,5m
2026-03-19 18:10:00+00:00,201.80999755859375,202.92999267578125,201.72000122070312,202.8000030517578,408783,AMD,5m
2026-03-19 18:15:00+00:00,202.7899932861328,202.83999633789062,202.35000610351562,202.64999389648438,217414,AMD,5m
2026-03-19 18:20:00+00:00,202.65499877929688,202.8000030517578,202.4010009765625,202.5800018310547,5175190,AMD,5m
2026-03-19 18:25:00+00:00,202.55499267578125,203.09930419921875,202.51010131835938,202.8699951171875,0,AMD,5m
2026-03-19 18:30:00+00:00,202.94000244140625,202.99000549316406,202.5500030517578,202.67999267578125,156813,AMD,5m
2026-03-19 18:35:00+00:00,202.6750030517578,202.85000610351562,202.3000030517578,202.36500549316406,178567,AMD,5m
2026-03-19 18:40:00+00:00,202.33999633789062,202.37989807128906,201.76010131835938,201.86000061035156,212618,AMD,5m
2026-03-19 18:45:00+00:00,201.78500366210938,202.0500030517578,201.6300048828125,202.02000427246094,179135,AMD,5m
2026-03-19 18:50:00+00:00,201.97000122070312,202.32000732421875,201.7700958251953,202.1999969482422,129985,AMD,5m
2026-03-19 18:55:00+00:00,202.17999267578125,203.32000732421875,202.08009338378906,203.1649932861328,5639271,AMD,5m
2026-03-19 19:00:00+00:00,203.16600036621094,204.28990173339844,203.07000732421875,204.05499267578125,0,AMD,5m
2026-03-19 19:05:00+00:00,204.0500030517578,205.46499633789062,204.02000427246094,204.9199981689453,627379,AMD,5m
2026-03-19 19:10:00+00:00,204.92999267578125,205.6197967529297,204.47000122070312,205.22999572753906,411042,AMD,5m
2026-03-19 19:15:00+00:00,205.20249938964844,205.39999389648438,204.57049560546875,204.9600067138672,273440,AMD,5m
2026-03-19 19:20:00+00:00,204.9499969482422,204.97999572753906,204.47000122070312,204.58999633789062,270376,AMD,5m
2026-03-19 19:25:00+00:00,204.5850067138672,205.0998992919922,204.13999938964844,205.02999877929688,326324,AMD,5m
2026-03-19 19:30:00+00:00,205.0500030517578,205.14999389648438,204.55999755859375,204.7100067138672,273159,AMD,5m
2026-03-19 19:35:00+00:00,204.74000549316406,205.08999633789062,204.11000061035156,205.0601043701172,305318,AMD,5m
2026-03-19 19:40:00+00:00,205.0800018310547,205.55499267578125,205.02999877929688,205.17999267578125,465814,AMD,5m
2026-03-19 19:45:00+00:00,205.1999969482422,205.8800048828125,205.08999633789062,205.6999969482422,435487,AMD,5m
2026-03-19 19:50:00+00:00,205.7100067138672,205.83999633789062,204.89999389648438,205.2449951171875,563636,AMD,5m
2026-03-19 19:55:00+00:00,205.22999572753906,205.60000610351562,205.0399932861328,205.22999572753906,849451,AMD,5m
2026-03-20 13:30:00+00:00,205.41900634765625,206.3000030517578,202.7801055908203,204.67999267578125,2741450,AMD,5m
2026-03-20 13:35:00+00:00,204.5500030517578,205.3699951171875,203.8000030517578,203.94500732421875,517304,AMD,5m
2026-03-20 13:40:00+00:00,203.8699951171875,205.19900512695312,203.61740112304688,205.05999755859375,446847,AMD,5m
2026-03-20 13:45:00+00:00,205.1199951171875,205.4394989013672,203.8800048828125,204.11000061035156,412668,AMD,5m
2026-03-20 13:50:00+00:00,204.24000549316406,204.24000549316406,202.89999389648438,203.31570434570312,367074,AMD,5m
2026-03-20 13:55:00+00:00,203.30999755859375,203.42999267578125,201.97999572753906,202.03500366210938,379998,AMD,5m
2026-03-20 14:00:00+00:00,202.04510498046875,202.3300018310547,201.5800018310547,202.05999755859375,505031,AMD,5m
2026-03-20 14:05:00+00:00,202.00999450683594,202.4499969482422,200.8699951171875,201.6649932861328,407261,AMD,5m
2026-03-20 14:10:00+00:00,201.67469787597656,201.77000427246094,200.75,200.94500732421875,439726,AMD,5m
2026-03-20 14:15:00+00:00,200.9199981689453,201.5998992919922,200.86000061035156,201.28250122070312,306599,AMD,5m
2026-03-20 14:20:00+00:00,201.2949981689453,201.36000061035156,200.21499633789062,200.3800048828125,453477,AMD,5m
2026-03-20 14:25:00+00:00,200.39500427246094,200.57000732421875,199.6699981689453,199.8000030517578,1492397,AMD,5m
2026-03-20 14:30:00+00:00,199.82000732421875,200.9149932861328,199.8000030517578,200.9149932861328,466748,AMD,5m
2026-03-20 14:35:00+00:00,200.9600067138672,201.0399932861328,200.02999877929688,200.60000610351562,506991,AMD,5m
2026-03-20 14:40:00+00:00,200.54010009765625,201.25990295410156,200.25,201.24989318847656,338709,AMD,5m
2026-03-20 14:45:00+00:00,201.1699981689453,201.49000549316406,200.89999389648438,201.23500061035156,309666,AMD,5m
2026-03-20 14:50:00+00:00,201.17999267578125,201.32989501953125,200.41000366210938,200.52999877929688,255272,AMD,5m
2026-03-20 14:55:00+00:00,200.53500366210938,201.6199951171875,200.53500366210938,201.4499969482422,223247,AMD,5m
2026-03-20 15:00:00+00:00,201.4199981689453,202.25,200.6699981689453,200.85499572753906,328843,AMD,5m
2026-03-20 15:05:00+00:00,200.8300018310547,201.36990356445312,200.82000732421875,201.30999755859375,155178,AMD,5m
2026-03-20 15:10:00+00:00,201.25999450683594,202.44000244140625,201.2449951171875,202.20750427246094,247608,AMD,5m
2026-03-20 15:15:00+00:00,202.1300048828125,202.27000427246094,201.27999877929688,201.3350067138672,563655,AMD,5m
2026-03-20 15:20:00+00:00,201.36500549316406,202.58999633789062,201.24679565429688,201.75,256811,AMD,5m
2026-03-20 15:25:00+00:00,201.77999877929688,202.07989501953125,201.3800048828125,201.89999389648438,178531,AMD,5m
2026-03-20 15:30:00+00:00,201.89500427246094,202.44000244140625,201.61000061035156,202.35000610351562,187214,AMD,5m
2026-03-20 15:35:00+00:00,202.2902069091797,202.47999572753906,201.91000366210938,202.0399932861328,178725,AMD,5m
2026-03-20 15:40:00+00:00,202.0399932861328,202.25999450683594,201.7100067138672,201.94000244140625,162082,AMD,5m
2026-03-20 15:45:00+00:00,201.99000549316406,202.22999572753906,201.6999969482422,201.9149932861328,153910,AMD,5m
2026-03-20 15:50:00+00:00,201.9149932861328,202.05999755859375,201.63279724121094,202.05999755859375,119757,AMD,5m
2026-03-20 15:55:00+00:00,202.0,202.49000549316406,201.9199981689453,202.2949981689453,310588,AMD,5m
2026-03-20 16:00:00+00:00,202.14999389648438,202.9499053955078,202.02059936523438,202.86000061035156,162824,AMD,5m
2026-03-20 16:05:00+00:00,202.8300018310547,202.8699951171875,202.26010131835938,202.5399932861328,463521,AMD,5m
2026-03-20 16:10:00+00:00,202.51510620117188,202.78750610351562,202.2100067138672,202.22000122070312,136537,AMD,5m
2026-03-20 16:15:00+00:00,202.30999755859375,202.8699951171875,202.13999938964844,202.6800994873047,1171087,AMD,5m
2026-03-20 16:20:00+00:00,202.7550048828125,202.8000030517578,202.41000366210938,202.50999450683594,150923,AMD,5m
2026-03-20 16:25:00+00:00,202.44000244140625,202.5399932861328,201.9199981689453,202.00999450683594,139700,AMD,5m
2026-03-20 16:30:00+00:00,202.05999755859375,202.05999755859375,201.25999450683594,201.73989868164062,197674,AMD,5m
2026-03-20 16:35:00+00:00,201.6649932861328,201.83900451660156,201.3300018310547,201.47500610351562,115389,AMD,5m
2026-03-20 16:40:00+00:00,201.51060485839844,201.51060485839844,201.14999389648438,201.38999938964844,88705,AMD,5m
2026-03-20 16:45:00+00:00,201.30999755859375,201.4398956298828,200.97999572753906,201.2449951171875,409908,AMD,5m
2026-03-20 16:50:00+00:00,201.23500061035156,201.41000366210938,200.91000366210938,201.10000610351562,125201,AMD,5m
2026-03-20 16:55:00+00:00,201.15980529785156,201.60000610351562,201.08999633789062,201.22000122070312,95279,AMD,5m
2026-03-20 17:00:00+00:00,201.26499938964844,201.6199951171875,201.2550048828125,201.3699951171875,147509,AMD,5m
2026-03-20 17:05:00+00:00,201.36990356445312,201.7100067138672,200.60789489746094,201.35000610351562,294379,AMD,5m
2026-03-20 17:10:00+00:00,201.42999267578125,201.49989318847656,200.77000427246094,200.82000732421875,192006,AMD,5m
2026-03-20 17:15:00+00:00,200.82000732421875,200.9199981689453,200.5,200.5800018310547,162363,AMD,5m
2026-03-20 17:20:00+00:00,200.57839965820312,201.02000427246094,200.57009887695312,200.7899932861328,112605,AMD,5m
2026-03-20 17:25:00+00:00,200.8300018310547,200.8300018310547,200.2100067138672,200.3498992919922,163349,AMD,5m
2026-03-20 17:30:00+00:00,200.35000610351562,200.5,200.10240173339844,200.17999267578125,145012,AMD,5m
2026-03-20 17:35:00+00:00,200.17999267578125,200.32000732421875,199.44000244140625,199.6699981689453,391589,AMD,5m
2026-03-20 17:40:00+00:00,199.64500427246094,199.8300018310547,199.35009765625,199.49000549316406,202287,AMD,5m
2026-03-20 17:45:00+00:00,199.47999572753906,199.5,198.9199981689453,199.1199951171875,238709,AMD,5m
2026-03-20 17:50:00+00:00,199.10000610351562,199.75,199.05999755859375,199.7100067138672,217952,AMD,5m
2026-03-20 17:55:00+00:00,199.69000244140625,199.98899841308594,199.67999267578125,199.8800048828125,201152,AMD,5m
2026-03-20 18:00:00+00:00,199.8699951171875,200.0,199.67999267578125,199.69000244140625,117488,AMD,5m
2026-03-20 18:05:00+00:00,199.72999572753906,200.02999877929688,199.5,200.00999450683594,157126,AMD,5m
2026-03-20 18:10:00+00:00,200.05990600585938,200.0800018310547,199.6999969482422,200.0,131273,AMD,5m
2026-03-20 18:15:00+00:00,199.99029541015625,200.0850067138672,199.8000030517578,199.98500061035156,139533,AMD,5m
2026-03-20 18:20:00+00:00,200.00999450683594,200.1300048828125,198.94000244140625,199.22000122070312,252293,AMD,5m
2026-03-20 18:25:00+00:00,199.30999755859375,199.87989807128906,199.24009704589844,199.57000732421875,225560,AMD,5m
2026-03-20 18:30:00+00:00,199.60000610351562,199.66940307617188,199.07000732421875,199.2050018310547,155730,AMD,5m
2026-03-20 18:35:00+00:00,199.18499755859375,199.26499938964844,198.5800018310547,198.7899932861328,263758,AMD,5m
2026-03-20 18:40:00+00:00,198.7899932861328,199.10989379882812,198.70010375976562,198.9600067138672,229626,AMD,5m
2026-03-20 18:45:00+00:00,198.88999938964844,199.10000610351562,198.63059997558594,198.77000427246094,281722,AMD,5m
2026-03-20 18:50:00+00:00,198.69000244140625,199.0399932861328,198.47999572753906,198.52999877929688,190184,AMD,5m
2026-03-20 18:55:00+00:00,198.57000732421875,198.9600067138672,198.3000946044922,198.74000549316406,293903,AMD,5m
2026-03-20 19:00:00+00:00,198.74000549316406,199.22000122070312,198.6654052734375,198.85000610351562,247665,AMD,5m
2026-03-20 19:05:00+00:00,198.80999755859375,198.9398956298828,198.3699951171875,198.5500030517578,236880,AMD,5m
2026-03-20 19:10:00+00:00,198.52000427246094,199.0,198.25999450683594,198.94000244140625,171626,AMD,5m
2026-03-20 19:15:00+00:00,198.96499633789062,199.28990173339844,198.80999755859375,199.02000427246094,219473,AMD,5m
2026-03-20 19:20:00+00:00,199.0449981689453,199.42999267578125,198.5399932861328,198.63999938964844,308442,AMD,5m
2026-03-20 19:25:00+00:00,198.6699981689453,199.0800018310547,198.60000610351562,198.77000427246094,237601,AMD,5m
2026-03-20 19:30:00+00:00,198.8000030517578,199.17999267578125,198.72999572753906,198.8699951171875,221252,AMD,5m
2026-03-20 19:35:00+00:00,198.82000732421875,199.0800018310547,198.44000244140625,199.06500244140625,293857,AMD,5m
2026-03-20 19:40:00+00:00,199.07000732421875,199.9149932861328,199.01010131835938,199.77000427246094,373933,AMD,5m
2026-03-20 19:45:00+00:00,199.75999450683594,199.75999450683594,199.2899932861328,199.6300048828125,413215,AMD,5m
2026-03-20 19:50:00+00:00,199.6699981689453,200.39999389648438,199.50999450683594,200.24009704589844,638704,AMD,5m
2026-03-20 19:55:00+00:00,200.3000030517578,201.47999572753906,200.1999969482422,201.47000122070312,1810191,AMD,5m
2026-03-23 13:30:00+00:00,206.39500427246094,209.05999755859375,205.7899932861328,206.47500610351562,3177272,AMD,5m
2026-03-23 13:35:00+00:00,206.55999755859375,207.14999389648438,205.81399536132812,206.9499969482422,653463,AMD,5m
2026-03-23 13:40:00+00:00,206.9600067138672,207.0500030517578,206.0800018310547,206.50999450683594,572793,AMD,5m
2026-03-23 13:45:00+00:00,206.42999267578125,207.8574981689453,206.4199981689453,207.75,742303,AMD,5m
2026-03-23 13:50:00+00:00,207.80999755859375,208.0800018310547,206.5399932861328,207.13999938964844,612999,AMD,5m
2026-03-23 13:55:00+00:00,207.1699981689453,208.22999572753906,206.77999877929688,208.18499755859375,648664,AMD,5m
2026-03-23 14:00:00+00:00,208.2100067138672,208.3000030517578,206.13999938964844,206.14999389648438,658611,AMD,5m
2026-03-23 14:05:00+00:00,206.1750030517578,206.9698944091797,206.10000610351562,206.3000030517578,546036,AMD,5m
2026-03-23 14:10:00+00:00,206.3300018310547,207.33999633789062,206.24009704589844,206.73500061035156,458032,AMD,5m
2026-03-23 14:15:00+00:00,206.67999267578125,207.88999938964844,206.6699981689453,207.77999877929688,457668,AMD,5m
2026-03-23 14:20:00+00:00,207.80999755859375,208.1699981689453,207.5,207.98500061035156,402950,AMD,5m
2026-03-23 14:25:00+00:00,207.9499969482422,208.16990661621094,206.9199981689453,207.3800048828125,465614,AMD,5m
2026-03-23 14:30:00+00:00,207.36500549316406,207.5,206.60000610351562,206.72999572753906,371244,AMD,5m
2026-03-23 14:35:00+00:00,206.83999633789062,206.85000610351562,205.97000122070312,206.10000610351562,464421,AMD,5m
2026-03-23 14:40:00+00:00,206.08999633789062,206.33999633789062,205.7100067138672,206.26100158691406,505490,AMD,5m
2026-03-23 14:45:00+00:00,206.25,206.7100067138672,205.75,206.69000244140625,474996,AMD,5m
2026-03-23 14:50:00+00:00,206.6699981689453,207.24000549316406,206.11000061035156,207.14999389648438,500382,AMD,5m
2026-03-23 14:55:00+00:00,207.17999267578125,207.5800018310547,206.75999450683594,206.85000610351562,339102,AMD,5m
2026-03-23 15:00:00+00:00,206.89500427246094,207.97999572753906,206.75999450683594,207.8000030517578,527499,AMD,5m
2026-03-23 15:05:00+00:00,207.8000030517578,208.10000610351562,207.5,208.0399932861328,417658,AMD,5m
2026-03-23 15:10:00+00:00,208.01010131835938,208.25,207.52999877929688,207.77000427246094,318170,AMD,5m
2026-03-23 15:15:00+00:00,207.77999877929688,207.97000122070312,207.22999572753906,207.27999877929688,299717,AMD,5m
2026-03-23 15:20:00+00:00,207.2100067138672,207.33999633789062,206.5500030517578,207.17999267578125,359947,AMD,5m
2026-03-23 15:25:00+00:00,207.07000732421875,207.25999450683594,206.5,206.99000549316406,265576,AMD,5m
2026-03-23 15:30:00+00:00,207.0,207.6999969482422,206.75999450683594,206.89999389648438,278547,AMD,5m
2026-03-23 15:35:00+00:00,206.90499877929688,206.97999572753906,205.2100067138672,205.4250030517578,471493,AMD,5m
2026-03-23 15:40:00+00:00,205.3800048828125,205.4600067138672,204.75,205.25,410895,AMD,5m
2026-03-23 15:45:00+00:00,205.24000549316406,205.32009887695312,204.39999389648438,204.4499969482422,286964,AMD,5m
2026-03-23 15:50:00+00:00,204.41000366210938,204.5800018310547,203.41000366210938,203.52999877929688,345083,AMD,5m
2026-03-23 15:55:00+00:00,203.52999877929688,203.55029296875,201.77000427246094,201.97999572753906,505094,AMD,5m
2026-03-23 16:00:00+00:00,201.97999572753906,202.69000244140625,201.75,201.8350067138672,497082,AMD,5m
2026-03-23 16:05:00+00:00,201.7899932861328,203.3350067138672,201.7100067138672,203.10000610351562,417511,AMD,5m
2026-03-23 16:10:00+00:00,203.08999633789062,203.75999450683594,202.77999877929688,203.5800018310547,291209,AMD,5m
2026-03-23 16:15:00+00:00,203.57000732421875,203.639892578125,203.07000732421875,203.2700958251953,225174,AMD,5m
2026-03-23 16:20:00+00:00,203.32009887695312,203.75999450683594,202.97000122070312,203.56500244140625,259438,AMD,5m
2026-03-23 16:25:00+00:00,203.5399932861328,203.56500244140625,202.50999450683594,202.57000732421875,312021,AMD,5m
2026-03-23 16:30:00+00:00,202.60499572753906,203.35000610351562,202.50999450683594,203.3350067138672,252871,AMD,5m
2026-03-23 16:35:00+00:00,203.39999389648438,203.83999633789062,203.16000366210938,203.49000549316406,303854,AMD,5m
2026-03-23 16:40:00+00:00,203.5050048828125,203.8699951171875,203.32000732421875,203.58990478515625,172574,AMD,5m
2026-03-23 16:45:00+00:00,203.52000427246094,204.3699951171875,203.52000427246094,203.88999938964844,306077,AMD,5m
2026-03-23 16:50:00+00:00,203.85000610351562,204.00999450683594,203.19000244140625,203.3300018310547,183188,AMD,5m
2026-03-23 16:55:00+00:00,203.3800048828125,203.6300048828125,203.0500030517578,203.51499938964844,154981,AMD,5m
2026-03-23 17:00:00+00:00,203.53500366210938,204.139892578125,203.53500366210938,203.90029907226562,286057,AMD,5m
2026-03-23 17:05:00+00:00,203.93040466308594,204.1699981689453,203.58999633789062,204.0767059326172,235586,AMD,5m
2026-03-23 17:10:00+00:00,204.0500030517578,204.08999633789062,203.4499969482422,203.47999572753906,180991,AMD,5m
2026-03-23 17:15:00+00:00,203.44039916992188,203.77999877929688,203.1322021484375,203.36630249023438,162017,AMD,5m
2026-03-23 17:20:00+00:00,203.41000366210938,203.45989990234375,202.94000244140625,203.14500427246094,156414,AMD,5m
2026-03-23 17:25:00+00:00,203.15899658203125,203.7100067138672,203.15499877929688,203.5449981689453,138624,AMD,5m
2026-03-23 17:30:00+00:00,203.59500122070312,204.4573974609375,203.59500122070312,204.14999389648438,233343,AMD,5m
2026-03-23 17:35:00+00:00,204.14999389648438,204.66990661621094,204.11000061035156,204.3300018310547,224592,AMD,5m
2026-03-23 17:40:00+00:00,204.30499267578125,204.4600067138672,203.94009399414062,204.10000610351562,173764,AMD,5m
2026-03-23 17:45:00+00:00,204.0850067138672,204.10499572753906,203.7100067138672,203.91000366210938,136511,AMD,5m
2026-03-23 17:50:00+00:00,203.92999267578125,204.32000732421875,203.86099243164062,204.2200927734375,153333,AMD,5m
2026-03-23 17:55:00+00:00,204.26499938964844,204.74000549316406,204.08009338378906,204.71499633789062,168412,AMD,5m
2026-03-23 18:00:00+00:00,204.74000549316406,205.1300048828125,204.6300048828125,205.02499389648438,234130,AMD,5m
2026-03-23 18:05:00+00:00,205.02499389648438,205.11000061035156,204.24000549316406,204.61000061035156,230502,AMD,5m
2026-03-23 18:10:00+00:00,204.61000061035156,205.12989807128906,204.5800018310547,204.8000030517578,141048,AMD,5m
2026-03-23 18:15:00+00:00,204.77999877929688,204.94000244140625,204.4199981689453,204.58990478515625,175349,AMD,5m
2026-03-23 18:20:00+00:00,204.5500030517578,204.8000030517578,204.50010681152344,204.73500061035156,128707,AMD,5m
2026-03-23 18:25:00+00:00,204.75999450683594,204.9398956298828,204.47000122070312,204.58999633789062,181085,AMD,5m
2026-03-23 18:30:00+00:00,204.6300048828125,205.47000122070312,204.6300048828125,205.4499969482422,252244,AMD,5m
2026-03-23 18:35:00+00:00,205.47000122070312,205.7899932861328,205.05999755859375,205.34500122070312,294295,AMD,5m
2026-03-23 18:40:00+00:00,205.32000732421875,205.72000122070312,205.24009704589844,205.66000366210938,174693,AMD,5m
2026-03-23 18:45:00+00:00,205.64500427246094,205.89999389648438,205.5399932861328,205.83999633789062,161714,AMD,5m
2026-03-23 18:50:00+00:00,205.86990356445312,205.8800048828125,204.86000061035156,205.0850067138672,303580,AMD,5m
2026-03-23 18:55:00+00:00,205.0980987548828,205.1999969482422,204.8000946044922,204.9499969482422,190735,AMD,5m
2026-03-23 19:00:00+00:00,204.94000244140625,204.97000122070312,204.2100067138672,204.2899932861328,242026,AMD,5m
2026-03-23 19:05:00+00:00,204.27999877929688,204.8018035888672,204.1999969482422,204.69000244140625,225727,AMD,5m
2026-03-23 19:10:00+00:00,204.69500732421875,204.75990295410156,204.3043975830078,204.6300048828125,199804,AMD,5m
2026-03-23 19:15:00+00:00,204.5800018310547,204.6999969482422,203.91009521484375,204.3000030517578,219554,AMD,5m
2026-03-23 19:20:00+00:00,204.31500244140625,204.4600067138672,204.1999969482422,204.39500427246094,177010,AMD,5m
2026-03-23 19:25:00+00:00,204.4199981689453,204.64999389648438,204.16000366210938,204.49000549316406,204538,AMD,5m
2026-03-23 19:30:00+00:00,204.4550018310547,204.66000366210938,204.4199981689453,204.47500610351562,147172,AMD,5m
2026-03-23 19:35:00+00:00,204.52000427246094,204.55999755859375,203.98500061035156,204.05999755859375,242970,AMD,5m
2026-03-23 19:40:00+00:00,204.0500030517578,204.11000061035156,203.55450439453125,203.66000366210938,284691,AMD,5m
2026-03-23 19:45:00+00:00,203.69000244140625,203.97000122070312,203.33999633789062,203.39999389648438,387445,AMD,5m
2026-03-23 19:50:00+00:00,203.41000366210938,203.5,202.85499572753906,203.10000610351562,605553,AMD,5m
2026-03-23 19:55:00+00:00,203.11000061035156,203.30499267578125,202.6199951171875,202.6199951171875,1011199,AMD,5m
2026-03-24 13:30:00+00:00,201.38999938964844,204.70989990234375,201.1699981689453,204.54510498046875,1148736,AMD,5m
2026-03-24 13:35:00+00:00,204.6300048828125,204.9199981689453,204.0200958251953,204.42999267578125,523331,AMD,5m
2026-03-24 13:40:00+00:00,204.4250030517578,204.52850341796875,202.1501007080078,203.08999633789062,589815,AMD,5m
2026-03-24 13:45:00+00:00,203.08999633789062,204.16000366210938,202.9541015625,203.3800048828125,465757,AMD,5m
2026-03-24 13:50:00+00:00,203.32000732421875,203.66000366210938,201.8000030517578,202.55499267578125,484247,AMD,5m
2026-03-24 13:55:00+00:00,202.55499267578125,203.2100067138672,202.2899932861328,202.57000732421875,335734,AMD,5m
2026-03-24 14:00:00+00:00,202.52499389648438,203.1699981689453,202.0,202.84500122070312,389700,AMD,5m
2026-03-24 14:05:00+00:00,202.8551025390625,203.5,202.70880126953125,203.40859985351562,411593,AMD,5m
2026-03-24 14:10:00+00:00,203.3699951171875,203.44000244140625,200.79010009765625,201.3800048828125,477991,AMD,5m
2026-03-24 14:15:00+00:00,201.5050048828125,201.9499053955078,201.1999969482422,201.72000122070312,214867,AMD,5m
2026-03-24 14:20:00+00:00,201.66000366210938,201.80999755859375,200.49009704589844,201.14999389648438,350004,AMD,5m
2026-03-24 14:25:00+00:00,201.22000122070312,201.5,200.16000366210938,201.0,359913,AMD,5m
2026-03-24 14:30:00+00:00,200.94500732421875,202.1248016357422,200.91839599609375,202.06500244140625,314316,AMD,5m
2026-03-24 14:35:00+00:00,202.06509399414062,202.46409606933594,201.5500946044922,201.8699951171875,236387,AMD,5m
2026-03-24 14:40:00+00:00,201.8300018310547,202.3699951171875,201.55999755859375,202.30999755859375,191185,AMD,5m
2026-03-24 14:45:00+00:00,202.30499267578125,203.1199951171875,201.72000122070312,201.72000122070312,294361,AMD,5m
2026-03-24 14:50:00+00:00,201.8000030517578,203.14999389648438,201.08999633789062,202.5800018310547,543845,AMD,5m
2026-03-24 14:55:00+00:00,202.62550354003906,203.16000366210938,201.17990112304688,201.97000122070312,369711,AMD,5m
2026-03-24 15:00:00+00:00,201.97999572753906,203.07000732421875,201.97999572753906,202.72999572753906,298292,AMD,5m
2026-03-24 15:05:00+00:00,202.72500610351562,203.3596954345703,202.5458984375,202.85000610351562,233130,AMD,5m
2026-03-24 15:10:00+00:00,202.85000610351562,203.49000549316406,202.3000030517578,203.3350067138672,333273,AMD,5m
2026-03-24 15:15:00+00:00,203.33999633789062,204.39999389648438,203.22999572753906,204.30999755859375,302772,AMD,5m
2026-03-24 15:20:00+00:00,204.26499938964844,204.99000549316406,203.93499755859375,204.88499450683594,328844,AMD,5m
2026-03-24 15:25:00+00:00,204.85000610351562,205.1300048828125,204.45069885253906,204.58999633789062,329859,AMD,5m
2026-03-24 15:30:00+00:00,204.60000610351562,204.7100067138672,203.9499969482422,204.47000122070312,245299,AMD,5m
2026-03-24 15:35:00+00:00,204.44000244140625,205.02000427246094,204.3300018310547,204.76499938964844,256390,AMD,5m
2026-03-24 15:40:00+00:00,204.75,204.8000030517578,204.22000122070312,204.35000610351562,210081,AMD,5m
2026-03-24 15:45:00+00:00,204.33009338378906,204.5,203.72000122070312,203.8300018310547,273361,AMD,5m
2026-03-24 15:50:00+00:00,203.81500244140625,204.25,203.75999450683594,203.77999877929688,153712,AMD,5m
2026-03-24 15:55:00+00:00,203.8000030517578,203.80810546875,202.88999938964844,203.5,280098,AMD,5m
2026-03-24 16:00:00+00:00,203.5500030517578,203.8800048828125,203.1501007080078,203.34500122070312,201912,AMD,5m
2026-03-24 16:05:00+00:00,203.33929443359375,203.70370483398438,203.19000244140625,203.67999267578125,137243,AMD,5m
2026-03-24 16:10:00+00:00,203.69000244140625,203.75,203.0,203.1199951171875,164271,AMD,5m
2026-03-24 16:15:00+00:00,203.14999389648438,203.4906005859375,203.03680419921875,203.41000366210938,109271,AMD,5m
2026-03-24 16:20:00+00:00,203.3699951171875,203.58999633789062,203.0800018310547,203.44500732421875,103678,AMD,5m
2026-03-24 16:25:00+00:00,203.39999389648438,203.52999877929688,203.11309814453125,203.41000366210938,151971,AMD,5m
2026-03-24 16:30:00+00:00,203.4199981689453,203.5052947998047,203.05999755859375,203.09109497070312,88382,AMD,5m
2026-03-24 16:35:00+00:00,203.1387939453125,203.1387939453125,202.36000061035156,202.6999969482422,195400,AMD,5m
2026-03-24 16:40:00+00:00,202.6802978515625,203.25579833984375,202.5301055908203,203.25,109927,AMD,5m
2026-03-24 16:45:00+00:00,203.25999450683594,203.75,203.1999969482422,203.4149932861328,147599,AMD,5m
2026-03-24 16:50:00+00:00,203.375,203.5500030517578,202.27000427246094,202.55499267578125,363325,AMD,5m
2026-03-24 16:55:00+00:00,202.56500244140625,202.6898956298828,201.5,201.6699981689453,344722,AMD,5m
2026-03-24 17:00:00+00:00,201.69000244140625,202.33999633789062,201.14390563964844,201.1750030517578,260541,AMD,5m
2026-03-24 17:05:00+00:00,201.15499877929688,201.55999755859375,200.52000427246094,200.99000549316406,279482,AMD,5m
2026-03-24 17:10:00+00:00,201.02999877929688,201.05990600585938,200.1300048828125,200.72000122070312,316447,AMD,5m
2026-03-24 17:15:00+00:00,200.72000122070312,200.89010620117188,200.2100067138672,200.41000366210938,181976,AMD,5m
2026-03-24 17:20:00+00:00,200.42999267578125,200.88999938964844,200.35000610351562,200.6199951171875,215686,AMD,5m
2026-03-24 17:25:00+00:00,200.68899536132812,201.43150329589844,200.5,201.28500366210938,206549,AMD,5m
2026-03-24 17:30:00+00:00,201.30999755859375,201.5800018310547,200.99000549316406,201.02499389648438,190992,AMD,5m
2026-03-24 17:35:00+00:00,201.02999877929688,201.49000549316406,200.8000030517578,201.44320678710938,121242,AMD,5m
2026-03-24 17:40:00+00:00,201.42999267578125,201.80999755859375,201.2301025390625,201.52999877929688,212812,AMD,5m
2026-03-24 17:45:00+00:00,201.52999877929688,202.44000244140625,201.36000061035156,202.36500549316406,195415,AMD,5m
2026-03-24 17:50:00+00:00,202.35000610351562,202.69000244140625,202.0399932861328,202.60499572753906,209763,AMD,5m
2026-03-24 17:55:00+00:00,202.53509521484375,203.8800048828125,202.4300994873047,203.72360229492188,383591,AMD,5m
2026-03-24 18:00:00+00:00,203.63999938964844,203.8699951171875,203.11000061035156,203.5,315192,AMD,5m
2026-03-24 18:05:00+00:00,203.5,203.83999633789062,203.29010009765625,203.73500061035156,192880,AMD,5m
2026-03-24 18:10:00+00:00,203.74000549316406,204.41000366210938,203.5800018310547,204.0500030517578,318922,AMD,5m
2026-03-24 18:15:00+00:00,204.07200622558594,204.125,203.47999572753906,203.85000610351562,221865,AMD,5m
2026-03-24 18:20:00+00:00,203.97999572753906,204.14999389648438,203.72000122070312,203.91000366210938,163391,AMD,5m
2026-03-24 18:25:00+00:00,203.90499877929688,204.75,203.8000030517578,204.6699981689453,287550,AMD,5m
2026-03-24 18:30:00+00:00,204.66990661621094,205.27960205078125,204.4600067138672,205.11500549316406,416042,AMD,5m
2026-03-24 18:35:00+00:00,205.11500549316406,206.1385040283203,204.96629333496094,206.11500549316406,385503,AMD,5m
2026-03-24 18:40:00+00:00,206.114501953125,206.19000244140625,205.52000427246094,205.82569885253906,333223,AMD,5m
2026-03-24 18:45:00+00:00,205.85000610351562,205.92999267578125,205.5,205.61000061035156,199561,AMD,5m
2026-03-24 18:50:00+00:00,205.6649932861328,205.94000244140625,205.5200958251953,205.7050018310547,275941,AMD,5m
2026-03-24 18:55:00+00:00,205.66000366210938,205.69000244140625,205.25999450683594,205.4149932861328,214958,AMD,5m
2026-03-24 19:00:00+00:00,205.42999267578125,205.8300018310547,205.39999389648438,205.49000549316406,206612,AMD,5m
2026-03-24 19:05:00+00:00,205.43499755859375,205.8350067138672,205.3101043701172,205.75999450683594,230376,AMD,5m
2026-03-24 19:10:00+00:00,205.7449951171875,206.08999633789062,205.67010498046875,206.02499389648438,219068,AMD,5m
2026-03-24 19:15:00+00:00,206.0399932861328,206.10000610351562,205.67010498046875,205.9149932861328,335461,AMD,5m
2026-03-24 19:20:00+00:00,205.9199981689453,206.11000061035156,205.6649932861328,205.97000122070312,206792,AMD,5m
2026-03-24 19:25:00+00:00,205.97500610351562,206.42999267578125,205.66000366210938,205.76499938964844,370621,AMD,5m
2026-03-24 19:30:00+00:00,205.74000549316406,205.97999572753906,205.3699951171875,205.42999267578125,293277,AMD,5m
2026-03-24 19:35:00+00:00,205.4149932861328,205.77999877929688,205.16000366210938,205.60000610351562,318508,AMD,5m
2026-03-24 19:40:00+00:00,205.58999633789062,205.77999877929688,205.52000427246094,205.61000061035156,277089,AMD,5m
2026-03-24 19:45:00+00:00,205.5800018310547,205.5800018310547,205.1199951171875,205.23500061035156,410974,AMD,5m
2026-03-24 19:50:00+00:00,205.25999450683594,205.30999755859375,204.61000061035156,204.75,898735,AMD,5m
2026-03-24 19:55:00+00:00,204.75999450683594,205.42999267578125,204.75999450683594,205.38499450683594,869984,AMD,5m
2026-03-25 13:30:00+00:00,211.5050048828125,216.14999389648438,211.5050048828125,216.05999755859375,4112447,AMD,5m
2026-03-25 13:35:00+00:00,216.11000061035156,218.6199951171875,215.5,217.57009887695312,2173660,AMD,5m
2026-03-25 13:40:00+00:00,217.6414031982422,218.67999267578125,216.27000427246094,216.52999877929688,1374548,AMD,5m
2026-03-25 13:45:00+00:00,216.5500030517578,216.87600708007812,215.35000610351562,215.72999572753906,1133351,AMD,5m
2026-03-25 13:50:00+00:00,215.72999572753906,216.67999267578125,215.2899932861328,216.2675018310547,948232,AMD,5m
2026-03-25 13:55:00+00:00,216.19000244140625,216.8800048828125,215.2899932861328,215.42999267578125,805097,AMD,5m
2026-03-25 14:00:00+00:00,215.4600067138672,217.1699981689453,214.47000122070312,216.60000610351562,1258526,AMD,5m
2026-03-25 14:05:00+00:00,216.61500549316406,218.5,216.1999969482422,218.44000244140625,1179606,AMD,5m
2026-03-25 14:10:00+00:00,218.41000366210938,219.0968017578125,218.00140380859375,219.00999450683594,1059876,AMD,5m
2026-03-25 14:15:00+00:00,219.0052947998047,219.10000610351562,217.9199981689453,218.22000122070312,699329,AMD,5m
2026-03-25 14:20:00+00:00,218.1699981689453,219.1199951171875,218.0500946044922,218.69000244140625,789385,AMD,5m
2026-03-25 14:25:00+00:00,218.72000122070312,219.83999633789062,218.6649932861328,219.41990661621094,877602,AMD,5m
2026-03-25 14:30:00+00:00,219.40499877929688,219.44000244140625,218.6999969482422,218.93739318847656,553107,AMD,5m
2026-03-25 14:35:00+00:00,218.94000244140625,219.375,218.52999877929688,218.8249969482422,551811,AMD,5m
2026-03-25 14:40:00+00:00,218.8101043701172,219.17999267578125,218.57009887695312,218.89500427246094,393032,AMD,5m
2026-03-25 14:45:00+00:00,218.91009521484375,219.64990234375,218.50999450683594,219.51499938964844,687644,AMD,5m
2026-03-25 14:50:00+00:00,219.5,219.9499969482422,219.36000061035156,219.5500030517578,568962,AMD,5m
2026-03-25 14:55:00+00:00,219.55999755859375,219.6999969482422,219.11000061035156,219.35980224609375,449818,AMD,5m
2026-03-25 15:00:00+00:00,219.39999389648438,219.60000610351562,218.89999389648438,219.3800048828125,492192,AMD,5m
2026-03-25 15:05:00+00:00,219.3800048828125,219.39999389648438,218.72000122070312,218.9600067138672,452498,AMD,5m
2026-03-25 15:10:00+00:00,218.97000122070312,219.32000732421875,218.42999267578125,218.7449951171875,595895,AMD,5m
2026-03-25 15:15:00+00:00,218.72999572753906,218.9698944091797,217.60000610351562,218.5749969482422,813764,AMD,5m
2026-03-25 15:20:00+00:00,218.5399932861328,219.67999267578125,218.5200958251953,219.30999755859375,616430,AMD,5m
2026-03-25 15:25:00+00:00,219.3000030517578,219.6490936279297,218.91000366210938,219.5800018310547,454769,AMD,5m
2026-03-25 15:30:00+00:00,219.60000610351562,219.92999267578125,219.44000244140625,219.61000061035156,516862,AMD,5m
2026-03-25 15:35:00+00:00,219.60360717773438,219.66000366210938,218.5,218.6999969482422,394003,AMD,5m
2026-03-25 15:40:00+00:00,218.71800231933594,218.71800231933594,217.3000030517578,217.86000061035156,589467,AMD,5m
2026-03-25 15:45:00+00:00,217.8000030517578,218.01499938964844,217.22999572753906,217.75,463753,AMD,5m
2026-03-25 15:50:00+00:00,217.78500366210938,217.99000549316406,217.24459838867188,217.78500366210938,351211,AMD,5m
2026-03-25 15:55:00+00:00,217.75999450683594,218.3300018310547,217.6699981689453,217.99000549316406,400262,AMD,5m
2026-03-25 16:00:00+00:00,218.0050048828125,218.35000610351562,216.8000030517578,216.9600067138672,532762,AMD,5m
2026-03-25 16:05:00+00:00,216.99000549316406,217.19000244140625,216.75,216.98500061035156,326067,AMD,5m
2026-03-25 16:10:00+00:00,216.99000549316406,217.25140380859375,216.82000732421875,217.12010192871094,261873,AMD,5m
2026-03-25 16:15:00+00:00,217.125,217.14999389648438,216.64999389648438,217.0800018310547,295211,AMD,5m
2026-03-25 16:20:00+00:00,217.0800018310547,217.5500030517578,216.77499389648438,217.5,338507,AMD,5m
2026-03-25 16:25:00+00:00,217.57000732421875,218.39999389648438,217.50010681152344,218.1999969482422,455631,AMD,5m
2026-03-25 16:30:00+00:00,218.24000549316406,218.57960510253906,218.0,218.32000732421875,326587,AMD,5m
2026-03-25 16:35:00+00:00,218.35000610351562,218.39999389648438,217.5500030517578,217.90499877929688,296345,AMD,5m
2026-03-25 16:40:00+00:00,217.9499969482422,218.60499572753906,217.8699951171875,218.57000732421875,259690,AMD,5m
2026-03-25 16:45:00+00:00,218.56129455566406,218.6999969482422,218.36000061035156,218.5399932861328,260989,AMD,5m
2026-03-25 16:50:00+00:00,218.57000732421875,218.718505859375,218.0,218.6199951171875,267894,AMD,5m
2026-03-25 16:55:00+00:00,218.58999633789062,218.66000366210938,218.02059936523438,218.19700622558594,218195,AMD,5m
2026-03-25 17:00:00+00:00,218.19000244140625,218.46859741210938,217.8000030517578,217.85000610351562,236445,AMD,5m
2026-03-25 17:05:00+00:00,217.86500549316406,218.5500030517578,217.4600067138672,218.11500549316406,355990,AMD,5m
2026-03-25 17:10:00+00:00,218.1999969482422,218.8000030517578,218.1750030517578,218.66000366210938,311825,AMD,5m
2026-03-25 17:15:00+00:00,218.66000366210938,218.67999267578125,217.7949981689453,218.12750244140625,265488,AMD,5m
2026-03-25 17:20:00+00:00,218.05999755859375,218.41000366210938,217.9499969482422,218.2050018310547,189331,AMD,5m
2026-03-25 17:25:00+00:00,218.1999969482422,218.5800018310547,218.1999969482422,218.4250030517578,205902,AMD,5m
2026-03-25 17:30:00+00:00,218.39999389648438,219.24000549316406,218.33299255371094,219.19000244140625,423681,AMD,5m
2026-03-25 17:35:00+00:00,219.19009399414062,219.48370361328125,219.1199951171875,219.4199981689453,264420,AMD,5m
2026-03-25 17:40:00+00:00,219.42999267578125,220.57000732421875,219.3000030517578,220.2899932861328,1018037,AMD,5m
2026-03-25 17:45:00+00:00,220.27000427246094,220.39999389648438,219.89999389648438,220.09500122070312,400423,AMD,5m
2026-03-25 17:50:00+00:00,220.11000061035156,220.41000366210938,219.6199951171875,219.66000366210938,364516,AMD,5m
2026-03-25 17:55:00+00:00,219.66000366210938,220.0,219.4199981689453,219.9499969482422,346706,AMD,5m
2026-03-25 18:00:00+00:00,219.89999389648438,219.9398956298828,219.6199951171875,219.7899932861328,190215,AMD,5m
2026-03-25 18:05:00+00:00,219.80499267578125,219.99000549316406,219.5500030517578,219.9600067138672,185361,AMD,5m
2026-03-25 18:10:00+00:00,219.9499969482422,220.67999267578125,219.89500427246094,220.60499572753906,453016,AMD,5m
2026-03-25 18:15:00+00:00,220.60000610351562,220.8699951171875,220.37120056152344,220.66000366210938,448296,AMD,5m
2026-03-25 18:20:00+00:00,220.66000366210938,221.25,220.64999389648438,221.02000427246094,460650,AMD,5m
2026-03-25 18:25:00+00:00,221.02999877929688,221.17999267578125,220.8300018310547,221.00999450683594,373982,AMD,5m
2026-03-25 18:30:00+00:00,221.02999877929688,221.3300018310547,220.8101043701172,220.9499969482422,425354,AMD,5m
2026-03-25 18:35:00+00:00,220.92999267578125,221.09249877929688,220.85000610351562,220.98500061035156,279463,AMD,5m
2026-03-25 18:40:00+00:00,221.00999450683594,221.08999633789062,220.6999969482422,220.86000061035156,271367,AMD,5m
2026-03-25 18:45:00+00:00,220.86000061035156,220.88999938964844,220.6300048828125,220.7899932861328,273776,AMD,5m
2026-03-25 18:50:00+00:00,220.80999755859375,220.9499969482422,220.42999267578125,220.5500030517578,377415,AMD,5m
2026-03-25 18:55:00+00:00,220.57000732421875,220.6699981689453,219.8000030517578,220.3000030517578,485271,AMD,5m
2026-03-25 19:00:00+00:00,220.27999877929688,220.3000030517578,219.7899932861328,220.1699981689453,374259,AMD,5m
2026-03-25 19:05:00+00:00,220.16000366210938,220.24000549316406,219.82000732421875,220.06500244140625,265600,AMD,5m
2026-03-25 19:10:00+00:00,220.0800018310547,220.5,219.88999938964844,220.49000549316406,257246,AMD,5m
2026-03-25 19:15:00+00:00,220.48500061035156,220.90499877929688,220.375,220.59500122070312,446674,AMD,5m
2026-03-25 19:20:00+00:00,220.59500122070312,221.1999969482422,220.5334014892578,220.89999389648438,469950,AMD,5m
2026-03-25 19:25:00+00:00,220.88999938964844,220.9499969482422,220.2899932861328,220.3699951171875,393497,AMD,5m
2026-03-25 19:30:00+00:00,220.3699951171875,220.52000427246094,220.13009643554688,220.40499877929688,319197,AMD,5m
2026-03-25 19:35:00+00:00,220.40499877929688,220.5800018310547,220.22999572753906,220.44500732421875,359386,AMD,5m
2026-03-25 19:40:00+00:00,220.4600067138672,220.52999877929688,219.5500030517578,219.66000366210938,518744,AMD,5m
2026-03-25 19:45:00+00:00,219.6699981689453,220.3000030517578,219.64999389648438,220.17999267578125,571309,AMD,5m
2026-03-25 19:50:00+00:00,220.24000549316406,220.58999633789062,219.75,220.07000732421875,877384,AMD,5m
2026-03-25 19:55:00+00:00,220.13999938964844,220.60499572753906,220.05499267578125,220.32000732421875,1518042,AMD,5m
2026-03-26 13:30:00+00:00,218.02000427246094,221.0,217.7899932861328,219.11500549316406,2933878,AMD,5m
2026-03-26 13:35:00+00:00,219.11500549316406,220.6999969482422,217.55999755859375,217.6125946044922,1167675,AMD,5m
2026-03-26 13:40:00+00:00,217.6708984375,217.80999755859375,216.10000610351562,217.08999633789062,1019916,AMD,5m
2026-03-26 13:45:00+00:00,217.13999938964844,217.5,215.6999969482422,216.49000549316406,899314,AMD,5m
2026-03-26 13:50:00+00:00,216.5,217.14999389648438,215.9506072998047,216.91000366210938,659311,AMD,5m
2026-03-26 13:55:00+00:00,216.875,216.91990661621094,214.66000366210938,215.2299041748047,997961,AMD,5m
2026-03-26 14:00:00+00:00,215.22999572753906,215.8000030517578,214.89999389648438,215.7100067138672,774856,AMD,5m
2026-03-26 14:05:00+00:00,215.69000244140625,216.17999267578125,214.24000549316406,214.34500122070312,863914,AMD,5m
2026-03-26 14:10:00+00:00,214.33999633789062,214.72000122070312,213.6300048828125,213.8000030517578,655078,AMD,5m
2026-03-26 14:15:00+00:00,213.77999877929688,214.3000030517578,213.36000061035156,213.5,570383,AMD,5m
2026-03-26 14:20:00+00:00,213.4600067138672,214.4499053955078,213.40390014648438,213.91799926757812,675008,AMD,5m
2026-03-26 14:25:00+00:00,213.86000061035156,213.89999389648438,212.32000732421875,212.42999267578125,740805,AMD,5m
2026-03-26 14:30:00+00:00,212.44000244140625,213.00999450683594,211.85000610351562,212.27999877929688,842131,AMD,5m
2026-03-26 14:35:00+00:00,212.33999633789062,212.47000122070312,211.69000244140625,212.17999267578125,654070,AMD,5m
2026-03-26 14:40:00+00:00,212.1199951171875,212.48789978027344,209.8000030517578,209.97999572753906,1275274,AMD,5m
2026-03-26 14:45:00+00:00,209.94500732421875,210.02000427246094,208.60000610351562,208.9320068359375,1183437,AMD,5m
2026-03-26 14:50:00+00:00,208.9499969482422,209.27499389648438,207.76010131835938,207.76010131835938,951907,AMD,5m
2026-03-26 14:55:00+00:00,207.75999450683594,208.64540100097656,207.3000030517578,207.86000061035156,986045,AMD,5m
2026-03-26 15:00:00+00:00,207.86000061035156,208.23989868164062,207.52000427246094,207.61000061035156,768990,AMD,5m
2026-03-26 15:05:00+00:00,207.61000061035156,208.2899932861328,207.4199981689453,207.6300048828125,629502,AMD,5m
2026-03-26 15:10:00+00:00,207.6300048828125,208.2899932861328,207.60360717773438,207.97000122070312,589509,AMD,5m
2026-03-26 15:15:00+00:00,207.9550018310547,208.10000610351562,207.00999450683594,207.10000610351562,649363,AMD,5m
2026-03-26 15:20:00+00:00,207.10499572753906,207.44320678710938,206.5,206.60000610351562,750895,AMD,5m
2026-03-26 15:25:00+00:00,206.61000061035156,207.33999633789062,206.42999267578125,207.00999450683594,724587,AMD,5m
2026-03-26 15:30:00+00:00,206.99000549316406,207.25,206.39999389648438,206.5749969482422,464960,AMD,5m
2026-03-26 15:35:00+00:00,206.59500122070312,207.39999389648438,206.52999877929688,207.32020568847656,508692,AMD,5m
2026-03-26 15:40:00+00:00,207.3350067138672,207.80499267578125,207.16000366210938,207.63999938964844,556918,AMD,5m
2026-03-26 15:45:00+00:00,207.60000610351562,208.1999969482422,207.42999267578125,208.11070251464844,484408,AMD,5m
2026-03-26 15:50:00+00:00,208.10000610351562,209.3000030517578,208.0399932861328,209.02000427246094,714594,AMD,5m
2026-03-26 15:55:00+00:00,209.05999755859375,209.17990112304688,208.33999633789062,208.67999267578125,473257,AMD,5m
2026-03-26 16:00:00+00:00,208.6649932861328,209.1999969482422,208.0800018310547,208.32000732421875,496918,AMD,5m
2026-03-26 16:05:00+00:00,208.35000610351562,208.69000244140625,208.25999450683594,208.5399932861328,281331,AMD,5m
2026-03-26 16:10:00+00:00,208.5500030517578,208.74000549316406,208.19500732421875,208.63499450683594,284393,AMD,5m
2026-03-26 16:15:00+00:00,208.61000061035156,208.61500549316406,207.61000061035156,208.24000549316406,459716,AMD,5m
2026-03-26 16:20:00+00:00,208.23289489746094,208.33999633789062,206.98500061035156,207.2449951171875,421737,AMD,5m
2026-03-26 16:25:00+00:00,207.27479553222656,207.2899932861328,206.04330444335938,206.05999755859375,526872,AMD,5m
2026-03-26 16:30:00+00:00,206.0980987548828,206.69949340820312,205.97999572753906,206.69949340820312,501457,AMD,5m
2026-03-26 16:35:00+00:00,206.65499877929688,207.25,206.58999633789062,206.72000122070312,390007,AMD,5m
2026-03-26 16:40:00+00:00,206.74000549316406,206.85000610351562,206.5,206.77999877929688,261562,AMD,5m
2026-03-26 16:45:00+00:00,206.75999450683594,206.86990356445312,205.6999969482422,205.8614044189453,441626,AMD,5m
2026-03-26 16:50:00+00:00,205.83999633789062,206.1300048828125,205.43499755859375,206.1199951171875,464633,AMD,5m
2026-03-26 16:55:00+00:00,206.13999938964844,206.77999877929688,205.9499969482422,206.47999572753906,340971,AMD,5m
2026-03-26 17:00:00+00:00,206.44580078125,206.52999877929688,205.83999633789062,205.9199981689453,307053,AMD,5m
2026-03-26 17:05:00+00:00,205.9499969482422,206.34500122070312,205.92999267578125,206.16000366210938,216400,AMD,5m
2026-03-26 17:10:00+00:00,206.14999389648438,206.25999450683594,205.75,206.01499938964844,261650,AMD,5m
2026-03-26 17:15:00+00:00,205.95399475097656,206.32000732421875,205.95399475097656,206.13999938964844,217893,AMD,5m
2026-03-26 17:20:00+00:00,206.10009765625,206.10009765625,205.4199981689453,205.4499969482422,309665,AMD,5m
2026-03-26 17:25:00+00:00,205.4698944091797,205.6699981689453,205.25,205.4799041748047,338252,AMD,5m
2026-03-26 17:30:00+00:00,205.47999572753906,206.67999267578125,205.47999572753906,206.4600067138672,370540,AMD,5m
2026-03-26 17:35:00+00:00,206.49000549316406,206.49000549316406,205.9600067138672,206.08999633789062,268229,AMD,5m
2026-03-26 17:40:00+00:00,206.09500122070312,206.25999450683594,205.72000122070312,205.75999450683594,305973,AMD,5m
2026-03-26 17:45:00+00:00,205.74000549316406,205.87120056152344,205.3699951171875,205.43499755859375,304719,AMD,5m
2026-03-26 17:50:00+00:00,205.45559692382812,205.53990173339844,204.87010192871094,205.16000366210938,477635,AMD,5m
2026-03-26 17:55:00+00:00,205.13999938964844,205.3699951171875,204.6999969482422,205.0399932861328,358706,AMD,5m
2026-03-26 18:00:00+00:00,205.02000427246094,205.78990173339844,205.02000427246094,205.35000610351562,390181,AMD,5m
2026-03-26 18:05:00+00:00,205.3350067138672,205.7698974609375,205.1199951171875,205.69000244140625,260517,AMD,5m
2026-03-26 18:10:00+00:00,205.69000244140625,206.02999877929688,205.5399932861328,205.7550048828125,289015,AMD,5m
2026-03-26 18:15:00+00:00,205.75,205.7899932861328,205.22000122070312,205.61000061035156,247431,AMD,5m
2026-03-26 18:20:00+00:00,205.6199951171875,205.7799072265625,205.4499969482422,205.52999877929688,196715,AMD,5m
2026-03-26 18:25:00+00:00,205.5583953857422,205.6199951171875,205.0,205.19000244140625,269104,AMD,5m
2026-03-26 18:30:00+00:00,205.18499755859375,205.5800018310547,205.11000061035156,205.4550018310547,243047,AMD,5m
2026-03-26 18:35:00+00:00,205.4499969482422,205.4499969482422,204.86000061035156,205.25,330037,AMD,5m
2026-03-26 18:40:00+00:00,205.3000030517578,205.5850067138672,204.8300018310547,205.0225067138672,305470,AMD,5m
2026-03-26 18:45:00+00:00,205.0500030517578,205.39999389648438,204.6999969482422,205.32000732421875,310401,AMD,5m
2026-03-26 18:50:00+00:00,205.30999755859375,205.91990661621094,205.1300048828125,205.71009826660156,305801,AMD,5m
2026-03-26 18:55:00+00:00,205.72500610351562,205.83999633789062,205.5,205.71499633789062,327671,AMD,5m
2026-03-26 19:00:00+00:00,205.74000549316406,205.75509643554688,205.14999389648438,205.30990600585938,319915,AMD,5m
2026-03-26 19:05:00+00:00,205.29969787597656,205.29969787597656,204.10000610351562,204.3000946044922,465170,AMD,5m
2026-03-26 19:10:00+00:00,204.3300018310547,204.4600067138672,203.9199981689453,204.44970703125,449867,AMD,5m
2026-03-26 19:15:00+00:00,204.4499969482422,205.0399932861328,204.4149932861328,204.69000244140625,394585,AMD,5m
2026-03-26 19:20:00+00:00,204.67799377441406,204.69000244140625,204.3300018310547,204.41000366210938,302625,AMD,5m
2026-03-26 19:25:00+00:00,204.40499877929688,204.57000732421875,204.1199951171875,204.52499389648438,410760,AMD,5m
2026-03-26 19:30:00+00:00,204.5500030517578,204.58999633789062,203.77999877929688,203.97000122070312,477349,AMD,5m
2026-03-26 19:35:00+00:00,203.97999572753906,204.5,203.9499969482422,204.25999450683594,395895,AMD,5m
2026-03-26 19:40:00+00:00,204.27000427246094,204.38999938964844,203.91000366210938,204.06500244140625,474836,AMD,5m
2026-03-26 19:45:00+00:00,204.0500030517578,204.11000061035156,203.42999267578125,203.9199981689453,595983,AMD,5m
2026-03-26 19:50:00+00:00,203.94000244140625,204.30990600585938,203.55999755859375,204.19500732421875,873065,AMD,5m
2026-03-26 19:55:00+00:00,204.1999969482422,204.23500061035156,203.69009399414062,203.7899932861328,1922442,AMD,5m
2026-03-27 13:30:00+00:00,201.85000610351562,202.9499969482422,200.2100067138672,201.40499877929688,1505301,AMD,5m
2026-03-27 13:35:00+00:00,201.4499969482422,202.86000061035156,200.99000549316406,202.38999938964844,639698,AMD,5m
2026-03-27 13:40:00+00:00,202.375,202.80999755859375,201.22999572753906,201.7550048828125,526008,AMD,5m
2026-03-27 13:45:00+00:00,201.74000549316406,203.10499572753906,201.42999267578125,201.59500122070312,523403,AMD,5m
2026-03-27 13:50:00+00:00,201.60000610351562,201.75,198.8000030517578,198.89999389648438,943974,AMD,5m
2026-03-27 13:55:00+00:00,198.89999389648438,198.91000366210938,198.1300048828125,198.36500549316406,631288,AMD,5m
2026-03-27 14:00:00+00:00,198.27999877929688,199.77999877929688,198.0,199.6999969482422,574556,AMD,5m
2026-03-27 14:05:00+00:00,199.72999572753906,200.25,199.11000061035156,199.82009887695312,574110,AMD,5m
2026-03-27 14:10:00+00:00,199.8800048828125,200.60000610351562,199.5800018310547,200.19000244140625,496143,AMD,5m
2026-03-27 14:15:00+00:00,200.16000366210938,200.648193359375,199.88999938964844,200.0800018310547,492935,AMD,5m
2026-03-27 14:20:00+00:00,200.16200256347656,200.61000061035156,199.39999389648438,199.99859619140625,537658,AMD,5m
2026-03-27 14:25:00+00:00,200.02000427246094,200.1999969482422,198.8000030517578,198.9149932861328,923813,AMD,5m
2026-03-27 14:30:00+00:00,198.88999938964844,199.42999267578125,198.6999969482422,198.9199981689453,307365,AMD,5m
2026-03-27 14:35:00+00:00,198.9199981689453,199.1199951171875,197.91000366210938,198.03500366210938,502819,AMD,5m
2026-03-27 14:40:00+00:00,198.03500366210938,198.41000366210938,197.69000244140625,197.94000244140625,327626,AMD,5m
2026-03-27 14:45:00+00:00,197.9499969482422,198.9250030517578,197.75999450683594,198.8699951171875,362302,AMD,5m
2026-03-27 14:50:00+00:00,198.83999633789062,199.4199981689453,198.75,198.93499755859375,335367,AMD,5m
2026-03-27 14:55:00+00:00,198.89999389648438,199.2100067138672,198.75010681152344,199.07000732421875,217723,AMD,5m
2026-03-27 15:00:00+00:00,199.07000732421875,199.55999755859375,198.92999267578125,199.25,244189,AMD,5m
2026-03-27 15:05:00+00:00,199.28500366210938,199.38800048828125,198.67999267578125,198.89990234375,255288,AMD,5m
2026-03-27 15:10:00+00:00,198.9600067138672,199.64999389648438,198.88999938964844,199.125,218336,AMD,5m
2026-03-27 15:15:00+00:00,199.11500549316406,199.19000244140625,198.77999877929688,199.10000610351562,160687,AMD,5m
2026-03-27 15:20:00+00:00,199.05999755859375,200.0399932861328,198.72000122070312,199.375,277188,AMD,5m
2026-03-27 15:25:00+00:00,200.11000061035156,200.39999389648438,200.07000732421875,200.33999633789062,285383,AMD,5m
2026-03-27 15:30:00+00:00,200.36500549316406,201.72000122070312,200.2899932861328,201.44000244140625,420822,AMD,5m
2026-03-27 15:35:00+00:00,201.447998046875,201.99000549316406,201.13059997558594,201.61500549316406,439024,AMD,5m
2026-03-27 15:40:00+00:00,201.61000061035156,201.77999877929688,200.80999755859375,200.9600067138672,315724,AMD,5m
2026-03-27 15:45:00+00:00,200.9600067138672,201.4199981689453,200.9250030517578,201.2899932861328,216091,AMD,5m
2026-03-27 15:50:00+00:00,201.28500366210938,201.88999938964844,201.24009704589844,201.47000122070312,232832,AMD,5m
2026-03-27 15:55:00+00:00,201.47500610351562,201.91000366210938,201.39999389648438,201.55999755859375,158874,AMD,5m
2026-03-27 16:00:00+00:00,201.61000061035156,201.67999267578125,200.9499969482422,201.4600067138672,248293,AMD,5m
2026-03-27 16:05:00+00:00,201.49000549316406,201.7100067138672,201.25999450683594,201.40499877929688,175201,AMD,5m
2026-03-27 16:10:00+00:00,201.3699951171875,201.49000549316406,201.1699981689453,201.27999877929688,148876,AMD,5m
2026-03-27 16:15:00+00:00,201.1999969482422,201.2100067138672,200.69000244140625,201.0800018310547,209390,AMD,5m
2026-03-27 16:20:00+00:00,201.13999938964844,201.39999389648438,200.92999267578125,201.19000244140625,245973,AMD,5m
2026-03-27 16:25:00+00:00,201.1800994873047,201.23199462890625,200.7899932861328,200.9550018310547,206680,AMD,5m
2026-03-27 16:30:00+00:00,201.02090454101562,201.1300048828125,200.6999969482422,201.10000610351562,170041,AMD,5m
2026-03-27 16:35:00+00:00,201.05999755859375,201.2333984375,200.4600067138672,200.54690551757812,236212,AMD,5m
2026-03-27 16:40:00+00:00,200.5590057373047,201.02000427246094,200.41000366210938,200.9600067138672,185471,AMD,5m
2026-03-27 16:45:00+00:00,200.96499633789062,201.6699981689453,200.8800048828125,201.63999938964844,234100,AMD,5m
2026-03-27 16:50:00+00:00,201.6300048828125,202.02000427246094,201.44000244140625,201.6699981689453,253630,AMD,5m
2026-03-27 16:55:00+00:00,201.64999389648438,201.80999755859375,201.45010375976562,201.72000122070312,153610,AMD,5m
2026-03-27 17:00:00+00:00,201.74000549316406,202.3300018310547,201.64999389648438,202.21499633789062,304184,AMD,5m
2026-03-27 17:05:00+00:00,202.24000549316406,203.25999450683594,201.91000366210938,202.88499450683594,421105,AMD,5m
2026-03-27 17:10:00+00:00,202.83999633789062,202.92999267578125,202.41000366210938,202.90499877929688,257353,AMD,5m
2026-03-27 17:15:00+00:00,202.8800048828125,203.02000427246094,202.27499389648438,202.39999389648438,286973,AMD,5m
2026-03-27 17:20:00+00:00,202.3800048828125,202.47799682617188,201.8699951171875,202.32000732421875,289575,AMD,5m
2026-03-27 17:25:00+00:00,202.35000610351562,202.35000610351562,201.27999877929688,201.5,280462,AMD,5m
2026-03-27 17:30:00+00:00,201.5,202.54800415039062,201.5,202.49000549316406,316535,AMD,5m
2026-03-27 17:35:00+00:00,202.48500061035156,202.86000061035156,202.41000366210938,202.57510375976562,305561,AMD,5m
2026-03-27 17:40:00+00:00,202.5850067138672,202.6999969482422,202.30999755859375,202.4499969482422,260953,AMD,5m
2026-03-27 17:45:00+00:00,202.4499969482422,202.75999450683594,201.8300018310547,202.125,267221,AMD,5m
2026-03-27 17:50:00+00:00,202.11000061035156,202.35000610351562,201.92010498046875,201.99000549316406,179645,AMD,5m
2026-03-27 17:55:00+00:00,201.9844970703125,202.05999755859375,201.16000366210938,201.5500030517578,287881,AMD,5m
2026-03-27 18:00:00+00:00,201.52999877929688,201.73989868164062,201.33999633789062,201.41000366210938,209401,AMD,5m
2026-03-27 18:05:00+00:00,201.42999267578125,201.72999572753906,201.3000030517578,201.44500732421875,179628,AMD,5m
2026-03-27 18:10:00+00:00,201.44009399414062,201.83999633789062,201.3144073486328,201.5399932861328,185339,AMD,5m
2026-03-27 18:15:00+00:00,201.5,201.89999389648438,201.42999267578125,201.86000061035156,184484,AMD,5m
2026-03-27 18:20:00+00:00,201.83999633789062,202.02999877929688,201.0399932861328,201.24000549316406,270317,AMD,5m
2026-03-27 18:25:00+00:00,201.24000549316406,201.61810302734375,201.03489685058594,201.38999938964844,203903,AMD,5m
2026-03-27 18:30:00+00:00,201.41000366210938,201.44000244140625,201.02999877929688,201.17999267578125,163491,AMD,5m
2026-03-27 18:35:00+00:00,201.19000244140625,201.22079467773438,200.6800994873047,200.91000366210938,200569,AMD,5m
2026-03-27 18:40:00+00:00,200.9250030517578,201.5800018310547,200.69000244140625,201.3000030517578,216498,AMD,5m
2026-03-27 18:45:00+00:00,201.32000732421875,201.47500610351562,201.02999877929688,201.36000061035156,183643,AMD,5m
2026-03-27 18:50:00+00:00,201.33999633789062,201.4499053955078,201.08999633789062,201.20480346679688,147510,AMD,5m
2026-03-27 18:55:00+00:00,201.1999969482422,201.76499938964844,201.10499572753906,201.66000366210938,212266,AMD,5m
2026-03-27 19:00:00+00:00,201.6999969482422,201.8990020751953,201.1699981689453,201.47999572753906,203009,AMD,5m
2026-03-27 19:05:00+00:00,201.47999572753906,201.64990234375,201.1999969482422,201.3000030517578,161546,AMD,5m
2026-03-27 19:10:00+00:00,201.27999877929688,201.375,201.04010009765625,201.1898956298828,173523,AMD,5m
2026-03-27 19:15:00+00:00,201.1999969482422,201.75999450683594,201.17999267578125,201.58999633789062,282057,AMD,5m
2026-03-27 19:20:00+00:00,201.60000610351562,201.60000610351562,201.2100067138672,201.41000366210938,183524,AMD,5m
2026-03-27 19:25:00+00:00,201.40499877929688,201.5,201.1750030517578,201.38499450683594,208644,AMD,5m
2026-03-27 19:30:00+00:00,201.39999389648438,201.6999969482422,201.1501007080078,201.4600067138672,267497,AMD,5m
2026-03-27 19:35:00+00:00,201.47000122070312,201.7100067138672,201.28500366210938,201.3249969482422,219083,AMD,5m
2026-03-27 19:40:00+00:00,201.30999755859375,201.4600067138672,200.88999938964844,201.25999450683594,271690,AMD,5m
2026-03-27 19:45:00+00:00,201.2799072265625,201.33999633789062,200.89999389648438,201.3000030517578,272390,AMD,5m
2026-03-27 19:50:00+00:00,201.3000030517578,201.8249969482422,200.8000030517578,201.5,558914,AMD,5m
2026-03-27 19:55:00+00:00,201.5,202.2899932861328,201.47999572753906,201.97000122070312,1159776,AMD,5m
2026-03-30 13:30:00+00:00,204.6219940185547,208.42999267578125,204.6219940185547,207.02499389648438,2267266,AMD,5m
2026-03-30 13:35:00+00:00,207.0399932861328,207.25,205.01010131835938,205.6699981689453,968393,AMD,5m
2026-03-30 13:40:00+00:00,205.65499877929688,206.3000030517578,203.6199951171875,206.0050048828125,935077,AMD,5m
2026-03-30 13:45:00+00:00,205.9600067138672,206.13999938964844,203.72999572753906,204.0,647017,AMD,5m
2026-03-30 13:50:00+00:00,203.9824981689453,204.47999572753906,203.1300048828125,203.25999450683594,573397,AMD,5m
2026-03-30 13:55:00+00:00,203.3000030517578,203.3699951171875,201.85000610351562,202.3800048828125,725076,AMD,5m
2026-03-30 14:00:00+00:00,202.47000122070312,203.0800018310547,201.6999969482422,202.9398956298828,558347,AMD,5m
2026-03-30 14:05:00+00:00,202.8300018310547,203.76499938964844,202.35000610351562,203.71499633789062,418583,AMD,5m
2026-03-30 14:10:00+00:00,203.72999572753906,205.2812042236328,203.50010681152344,205.14999389648438,608248,AMD,5m
2026-03-30 14:15:00+00:00,205.18479919433594,205.5399932861328,203.9199981689453,204.36000061035156,604983,AMD,5m
2026-03-30 14:20:00+00:00,204.33990478515625,204.5500030517578,203.4499969482422,203.7899932861328,320015,AMD,5m
2026-03-30 14:25:00+00:00,203.82000732421875,204.08099365234375,202.72799682617188,203.17999267578125,402773,AMD,5m
2026-03-30 14:30:00+00:00,203.125,203.8000030517578,201.88999938964844,202.00999450683594,473841,AMD,5m
2026-03-30 14:35:00+00:00,202.1199951171875,202.27999877929688,200.0800018310547,200.37860107421875,713587,AMD,5m
2026-03-30 14:40:00+00:00,200.33059692382812,200.72000122070312,199.16209411621094,199.3699951171875,631995,AMD,5m
2026-03-30 14:45:00+00:00,199.39990234375,200.91000366210938,199.30499267578125,200.05999755859375,631270,AMD,5m
2026-03-30 14:50:00+00:00,200.06590270996094,200.77850341796875,199.75,200.697998046875,443928,AMD,5m
2026-03-30 14:55:00+00:00,200.67999267578125,201.32000732421875,200.16290283203125,201.27000427246094,425098,AMD,5m
2026-03-30 15:00:00+00:00,201.27000427246094,202.22779846191406,201.24000549316406,202.14010620117188,504704,AMD,5m
2026-03-30 15:05:00+00:00,202.22999572753906,202.48800659179688,200.85000610351562,201.1699981689453,525395,AMD,5m
2026-03-30 15:10:00+00:00,201.1699981689453,201.3699951171875,200.35000610351562,200.35009765625,349031,AMD,5m
2026-03-30 15:15:00+00:00,200.36000061035156,200.4698944091797,198.84500122070312,199.27499389648438,640487,AMD,5m
2026-03-30 15:20:00+00:00,199.27000427246094,199.94000244140625,199.08999633789062,199.77999877929688,321277,AMD,5m
2026-03-30 15:25:00+00:00,199.77999877929688,200.2698974609375,199.77000427246094,199.8699951171875,337260,AMD,5m
2026-03-30 15:30:00+00:00,199.89999389648438,200.7299041748047,199.5,200.58999633789062,366301,AMD,5m
2026-03-30 15:35:00+00:00,200.61000061035156,201.39999389648438,200.5,200.55999755859375,345493,AMD,5m
2026-03-30 15:40:00+00:00,200.50999450683594,201.25,200.38999938964844,201.22000122070312,243160,AMD,5m
2026-03-30 15:45:00+00:00,201.1999969482422,201.3000030517578,200.67999267578125,201.0,234206,AMD,5m
2026-03-30 15:50:00+00:00,201.0449981689453,201.89999389648438,200.65220642089844,200.68499755859375,431390,AMD,5m
2026-03-30 15:55:00+00:00,200.61000061035156,200.61000061035156,199.25,199.3300018310547,404389,AMD,5m
2026-03-30 16:00:00+00:00,199.3249969482422,199.39999389648438,198.16000366210938,198.33990478515625,683310,AMD,5m
2026-03-30 16:05:00+00:00,198.32000732421875,198.49000549316406,197.85110473632812,198.0800018310547,457882,AMD,5m
2026-03-30 16:10:00+00:00,198.0749969482422,198.27000427246094,197.8000030517578,197.9550018310547,406035,AMD,5m
2026-03-30 16:15:00+00:00,197.94500732421875,198.11000061035156,197.4219970703125,198.0399932861328,396747,AMD,5m
2026-03-30 16:20:00+00:00,198.02000427246094,198.39999389648438,197.67999267578125,197.8699951171875,356857,AMD,5m
2026-03-30 16:25:00+00:00,197.8800048828125,197.94000244140625,197.4300994873047,197.7100067138672,303824,AMD,5m
2026-03-30 16:30:00+00:00,197.64999389648438,197.8699951171875,197.5,197.66000366210938,339650,AMD,5m
2026-03-30 16:35:00+00:00,197.6342010498047,198.10000610351562,197.47500610351562,198.0449981689453,283688,AMD,5m
2026-03-30 16:40:00+00:00,198.00999450683594,198.0800018310547,197.7017059326172,197.83999633789062,246771,AMD,5m
2026-03-30 16:45:00+00:00,197.82009887695312,197.86990356445312,197.3300018310547,197.69500732421875,285118,AMD,5m
2026-03-30 16:50:00+00:00,197.69500732421875,198.05999755859375,197.61000061035156,197.6750030517578,251032,AMD,5m
2026-03-30 16:55:00+00:00,197.6699981689453,197.85000610351562,197.07000732421875,197.3000030517578,399366,AMD,5m
2026-03-30 17:00:00+00:00,197.29010009765625,197.66000366210938,196.82000732421875,196.83999633789062,388270,AMD,5m
2026-03-30 17:05:00+00:00,196.85000610351562,197.3800048828125,196.70599365234375,197.3800048828125,300797,AMD,5m
2026-03-30 17:10:00+00:00,197.39999389648438,197.46420288085938,196.66000366210938,196.66000366210938,308353,AMD,5m
2026-03-30 17:15:00+00:00,196.67999267578125,196.8699951171875,196.41690063476562,196.77999877929688,277148,AMD,5m
2026-03-30 17:20:00+00:00,196.71499633789062,196.87989807128906,196.32000732421875,196.55999755859375,271964,AMD,5m
2026-03-30 17:25:00+00:00,196.5399932861328,196.6656036376953,196.10000610351562,196.19000244140625,279937,AMD,5m
2026-03-30 17:30:00+00:00,196.19000244140625,196.33999633789062,195.76499938964844,195.91000366210938,411765,AMD,5m
2026-03-30 17:35:00+00:00,195.94000244140625,196.552001953125,195.86000061035156,196.5,453206,AMD,5m
2026-03-30 17:40:00+00:00,196.49940490722656,196.6999053955078,196.34010314941406,196.6300048828125,317779,AMD,5m
2026-03-30 17:45:00+00:00,196.61000061035156,197.29989624023438,196.52499389648438,196.8679962158203,579211,AMD,5m
2026-03-30 17:50:00+00:00,196.8699951171875,197.38999938964844,196.6999969482422,196.7949981689453,323960,AMD,5m
2026-03-30 17:55:00+00:00,196.80499267578125,196.85000610351562,196.2899932861328,196.625,281221,AMD,5m
2026-03-30 18:00:00+00:00,196.64999389648438,196.9499969482422,196.4199981689453,196.5500030517578,296349,AMD,5m
2026-03-30 18:05:00+00:00,196.61500549316406,196.72999572753906,195.82000732421875,195.8699951171875,312050,AMD,5m
2026-03-30 18:10:00+00:00,195.88999938964844,196.08999633789062,195.67999267578125,195.94500732421875,290627,AMD,5m
2026-03-30 18:15:00+00:00,195.9687957763672,196.14990234375,195.77000427246094,196.06500244140625,286526,AMD,5m
2026-03-30 18:20:00+00:00,196.0500030517578,196.4499969482422,195.847900390625,196.0399932861328,297829,AMD,5m
2026-03-30 18:25:00+00:00,196.06500244140625,196.22500610351562,195.6999969482422,195.97999572753906,299005,AMD,5m
2026-03-30 18:30:00+00:00,195.97999572753906,196.49000549316406,195.88470458984375,196.25999450683594,272750,AMD,5m
2026-03-30 18:35:00+00:00,196.25999450683594,196.6284942626953,195.77000427246094,195.88999938964844,304882,AMD,5m
2026-03-30 18:40:00+00:00,195.875,196.14999389648438,195.75999450683594,195.89999389648438,228352,AMD,5m
2026-03-30 18:45:00+00:00,195.92999267578125,196.25,195.61500549316406,195.625,244778,AMD,5m
2026-03-30 18:50:00+00:00,195.625,195.70559692382812,195.1199951171875,195.3800048828125,316303,AMD,5m
2026-03-30 18:55:00+00:00,195.3800048828125,195.61000061035156,195.0,195.2100067138672,329616,AMD,5m
2026-03-30 19:00:00+00:00,195.22000122070312,195.30209350585938,194.86000061035156,195.14999389648438,345621,AMD,5m
2026-03-30 19:05:00+00:00,195.16000366210938,195.16000366210938,194.2100067138672,194.2200927734375,442292,AMD,5m
2026-03-30 19:10:00+00:00,194.1699981689453,194.1999969482422,193.35009765625,193.5399932861328,670682,AMD,5m
2026-03-30 19:15:00+00:00,193.5500030517578,194.2100067138672,193.5500030517578,193.88999938964844,392024,AMD,5m
2026-03-30 19:20:00+00:00,193.8800048828125,194.13999938964844,193.5,193.52000427246094,356537,AMD,5m
2026-03-30 19:25:00+00:00,193.52999877929688,193.6199951171875,193.0,193.2899932861328,509330,AMD,5m
2026-03-30 19:30:00+00:00,193.28500366210938,193.63999938964844,192.86500549316406,193.59500122070312,500137,AMD,5m
2026-03-30 19:35:00+00:00,193.61500549316406,194.4250030517578,193.61500549316406,193.9600067138672,606555,AMD,5m
2026-03-30 19:40:00+00:00,193.97000122070312,194.50999450683594,193.89999389648438,194.3000030517578,518903,AMD,5m
2026-03-30 19:45:00+00:00,194.33999633789062,194.85000610351562,194.14999389648438,194.85000610351562,541060,AMD,5m
2026-03-30 19:50:00+00:00,194.85000610351562,196.1999969482422,194.39999389648438,195.94000244140625,1095874,AMD,5m
2026-03-30 19:55:00+00:00,195.97999572753906,196.47999572753906,195.9499969482422,196.0500030517578,1530684,AMD,5m
2026-03-31 13:30:00+00:00,198.05499267578125,199.83999633789062,196.8800048828125,199.7886962890625,1535044,AMD,5m
2026-03-31 13:35:00+00:00,199.74000549316406,199.85989379882812,197.4199981689453,198.17010498046875,658861,AMD,5m
2026-03-31 13:40:00+00:00,198.1699981689453,198.97000122070312,197.8000030517578,198.1999969482422,530377,AMD,5m
2026-03-31 13:45:00+00:00,198.1999969482422,199.64990234375,198.1909942626953,199.35159301757812,473217,AMD,5m
2026-03-31 13:50:00+00:00,199.35000610351562,200.3800048828125,198.94500732421875,200.1699981689453,577227,AMD,5m
2026-03-31 13:55:00+00:00,200.1999969482422,200.89999389648438,199.39999389648438,200.80499267578125,549969,AMD,5m
2026-03-31 14:00:00+00:00,200.8800048828125,201.3000030517578,200.2100067138672,200.5500030517578,626555,AMD,5m
2026-03-31 14:05:00+00:00,200.52000427246094,200.61000061035156,199.44000244140625,199.6999969482422,467609,AMD,5m
2026-03-31 14:10:00+00:00,199.72999572753906,200.34820556640625,199.33299255371094,200.24000549316406,404293,AMD,5m
2026-03-31 14:15:00+00:00,200.2100067138672,201.9199981689453,200.1199951171875,201.22000122070312,732579,AMD,5m
2026-03-31 14:20:00+00:00,201.31500244140625,201.31500244140625,200.39999389648438,200.82510375976562,593491,AMD,5m
2026-03-31 14:25:00+00:00,200.80999755859375,201.22999572753906,200.4600067138672,200.80499267578125,379337,AMD,5m
2026-03-31 14:30:00+00:00,200.82000732421875,201.60000610351562,200.61000061035156,200.94000244140625,447060,AMD,5m
2026-03-31 14:35:00+00:00,201.0,201.08999633789062,200.24000549316406,200.63999938964844,412188,AMD,5m
2026-03-31 14:40:00+00:00,200.6750030517578,201.02000427246094,199.6999053955078,200.10000610351562,367991,AMD,5m
2026-03-31 14:45:00+00:00,200.1300048828125,200.1999969482422,199.14999389648438,199.16510009765625,378308,AMD,5m
2026-03-31 14:50:00+00:00,199.17990112304688,199.2998046875,198.44000244140625,198.72999572753906,380363,AMD,5m
2026-03-31 14:55:00+00:00,198.7100067138672,199.32000732421875,198.19320678710938,199.17999267578125,432044,AMD,5m
2026-03-31 15:00:00+00:00,199.2550048828125,199.89999389648438,199.0800018310547,199.375,506324,AMD,5m
2026-03-31 15:05:00+00:00,199.35000610351562,200.2899932861328,199.32000732421875,199.64500427246094,366018,AMD,5m
2026-03-31 15:10:00+00:00,199.6300048828125,200.60499572753906,199.47000122070312,200.5,952523,AMD,5m
2026-03-31 15:15:00+00:00,200.6300048828125,200.6699981689453,199.4499969482422,199.50509643554688,356088,AMD,5m
2026-03-31 15:20:00+00:00,199.5050048828125,199.63009643554688,198.7100067138672,199.49000549316406,361934,AMD,5m
2026-03-31 15:25:00+00:00,199.4600067138672,199.63999938964844,198.11000061035156,198.3000030517578,158257,AMD,5m
2026-03-31 15:30:00+00:00,198.27999877929688,199.10009765625,198.07000732421875,199.05999755859375,350753,AMD,5m
2026-03-31 15:35:00+00:00,199.1199951171875,199.61000061035156,199.11000061035156,199.36500549316406,271533,AMD,5m
2026-03-31 15:40:00+00:00,199.32000732421875,199.5399932861328,198.60000610351562,198.67999267578125,224747,AMD,5m
2026-03-31 15:45:00+00:00,198.63999938964844,198.63999938964844,197.86000061035156,198.3800048828125,363841,AMD,5m
2026-03-31 15:50:00+00:00,198.38999938964844,198.7799072265625,198.17999267578125,198.61000061035156,343393,AMD,5m
2026-03-31 15:55:00+00:00,198.60000610351562,198.7100067138672,196.6300048828125,196.66000366210938,659018,AMD,5m
2026-03-31 16:00:00+00:00,196.64999389648438,197.67999267578125,196.42999267578125,197.4199981689453,817069,AMD,5m
2026-03-31 16:05:00+00:00,197.4250030517578,198.47999572753906,197.38999938964844,197.92999267578125,387695,AMD,5m
2026-03-31 16:10:00+00:00,197.9199981689453,198.14999389648438,197.2100067138672,198.1300048828125,379045,AMD,5m
2026-03-31 16:15:00+00:00,198.14999389648438,198.73800659179688,198.10659790039062,198.6428985595703,337955,AMD,5m
2026-03-31 16:20:00+00:00,198.6649932861328,198.99000549316406,198.14999389648438,198.99000549316406,334379,AMD,5m
2026-03-31 16:25:00+00:00,199.0,199.07000732421875,198.5399932861328,198.69000244140625,220522,AMD,5m
2026-03-31 16:30:00+00:00,198.6699981689453,198.6999969482422,198.2550048828125,198.63999938964844,188600,AMD,5m
2026-03-31 16:35:00+00:00,198.65499877929688,200.29989624023438,198.4600067138672,200.29989624023438,387381,AMD,5m
2026-03-31 16:40:00+00:00,200.22500610351562,202.32000732421875,200.07000732421875,201.74000549316406,1173169,AMD,5m
2026-03-31 16:45:00+00:00,201.74000549316406,202.38999938964844,200.16000366210938,201.2050018310547,708311,AMD,5m
2026-03-31 16:50:00+00:00,201.1699981689453,202.05999755859375,200.14999389648438,201.5500030517578,636964,AMD,5m
2026-03-31 16:55:00+00:00,201.55999755859375,201.95730590820312,201.0500030517578,201.73500061035156,303671,AMD,5m
2026-03-31 17:00:00+00:00,201.7100067138672,203.26499938964844,201.5800018310547,202.83999633789062,540095,AMD,5m
2026-03-31 17:05:00+00:00,202.85000610351562,202.89999389648438,201.67010498046875,202.06509399414062,396417,AMD,5m
2026-03-31 17:10:00+00:00,202.07000732421875,202.3800048828125,201.4499969482422,202.3050994873047,412620,AMD,5m
2026-03-31 17:15:00+00:00,202.30999755859375,203.32000732421875,202.27000427246094,203.1699981689453,382554,AMD,5m
2026-03-31 17:20:00+00:00,203.17999267578125,203.30999755859375,202.8800048828125,203.08999633789062,276489,AMD,5m
2026-03-31 17:25:00+00:00,203.08999633789062,203.19900512695312,201.83999633789062,201.9499969482422,546875,AMD,5m
2026-03-31 17:30:00+00:00,201.9499969482422,202.85000610351562,201.88009643554688,202.67999267578125,424981,AMD,5m
2026-03-31 17:35:00+00:00,202.6699981689453,202.9499969482422,201.17999267578125,201.49000549316406,465371,AMD,5m
2026-03-31 17:40:00+00:00,201.47000122070312,202.0749969482422,201.32000732421875,201.7050018310547,526164,AMD,5m
2026-03-31 17:45:00+00:00,201.73500061035156,202.16990661621094,201.41000366210938,202.16990661621094,282892,AMD,5m
2026-03-31 17:50:00+00:00,202.16000366210938,202.38499450683594,201.80999755859375,202.0850067138672,218934,AMD,5m
2026-03-31 17:55:00+00:00,202.0500030517578,202.0800018310547,201.25010681152344,201.4949951171875,242943,AMD,5m
2026-03-31 18:00:00+00:00,201.5399932861328,202.07000732421875,201.44000244140625,201.6199951171875,226599,AMD,5m
2026-03-31 18:05:00+00:00,201.6199951171875,202.10000610351562,201.58999633789062,201.9250030517578,186760,AMD,5m
2026-03-31 18:10:00+00:00,201.9398956298828,202.3300018310547,201.59500122070312,202.17010498046875,251427,AMD,5m
2026-03-31 18:15:00+00:00,202.1699981689453,202.7899932861328,202.110107421875,202.2313995361328,320682,AMD,5m
2026-03-31 18:20:00+00:00,202.2449951171875,202.3800048828125,201.94000244140625,202.14999389648438,208183,AMD,5m
2026-03-31 18:25:00+00:00,202.1300048828125,202.66000366210938,201.92999267578125,202.44000244140625,260897,AMD,5m
2026-03-31 18:30:00+00:00,202.3800048828125,202.4499969482422,201.95010375976562,202.01499938964844,181495,AMD,5m
2026-03-31 18:35:00+00:00,202.00999450683594,202.77000427246094,201.97000122070312,202.58009338378906,242227,AMD,5m
2026-03-31 18:40:00+00:00,202.55999755859375,202.72999572753906,202.39199829101562,202.51499938964844,202873,AMD,5m
2026-03-31 18:45:00+00:00,202.52999877929688,203.05999755859375,202.52000427246094,202.64999389648438,286208,AMD,5m
2026-03-31 18:50:00+00:00,202.66000366210938,203.30999755859375,202.64500427246094,203.22500610351562,393368,AMD,5m
2026-03-31 18:55:00+00:00,203.24000549316406,203.6999969482422,203.17999267578125,203.44000244140625,433898,AMD,5m
2026-03-31 19:00:00+00:00,203.4199981689453,204.0,203.40269470214844,203.625,339507,AMD,5m
2026-03-31 19:05:00+00:00,203.61000061035156,203.610107421875,203.01010131835938,203.37989807128906,365088,AMD,5m
2026-03-31 19:10:00+00:00,203.30999755859375,203.85000610351562,203.30999755859375,203.53500366210938,329418,AMD,5m
2026-03-31 19:15:00+00:00,203.52999877929688,203.8000030517578,203.3260040283203,203.52000427246094,271832,AMD,5m
2026-03-31 19:20:00+00:00,203.5500030517578,203.92999267578125,203.52999877929688,203.75,285473,AMD,5m
2026-03-31 19:25:00+00:00,203.74000549316406,203.82839965820312,203.46009826660156,203.6750030517578,313881,AMD,5m
2026-03-31 19:30:00+00:00,203.64999389648438,203.8800048828125,203.2899932861328,203.39999389648438,331706,AMD,5m
2026-03-31 19:35:00+00:00,203.38999938964844,203.6699981689453,203.3249969482422,203.50999450683594,323711,AMD,5m
2026-03-31 19:40:00+00:00,203.47999572753906,203.66000366210938,202.9499969482422,203.375,461959,AMD,5m
2026-03-31 19:45:00+00:00,203.375,203.8300018310547,203.1199951171875,203.7698974609375,462600,AMD,5m
2026-03-31 19:50:00+00:00,203.74000549316406,203.82069396972656,203.0800018310547,203.41000366210938,682604,AMD,5m
2026-03-31 19:55:00+00:00,203.4199981689453,203.6999969482422,202.97999572753906,203.33999633789062,1513830,AMD,5m
2026-04-01 13:30:00+00:00,207.69000244140625,209.6199951171875,205.83999633789062,209.0749969482422,3001625,AMD,5m
2026-04-01 13:35:00+00:00,209.15499877929688,210.4499969482422,208.7100067138672,210.18499755859375,1214221,AMD,5m
2026-04-01 13:40:00+00:00,210.17999267578125,210.60000610351562,208.13999938964844,208.47999572753906,1224415,AMD,5m
2026-04-01 13:45:00+00:00,208.4199981689453,208.77000427246094,207.62139892578125,208.2899932861328,895878,AMD,5m
2026-04-01 13:50:00+00:00,208.27999877929688,209.52999877929688,208.27499389648438,209.2913055419922,760290,AMD,5m
2026-04-01 13:55:00+00:00,209.33999633789062,209.97999572753906,208.77000427246094,209.57000732421875,627242,AMD,5m
2026-04-01 14:00:00+00:00,209.57899475097656,210.0500030517578,209.0,209.27999877929688,690232,AMD,5m
2026-04-01 14:05:00+00:00,209.3000030517578,209.7799072265625,208.4199981689453,209.44000244140625,740119,AMD,5m
2026-04-01 14:10:00+00:00,209.39999389648438,209.57000732421875,208.60009765625,209.1199951171875,460824,AMD,5m
2026-04-01 14:15:00+00:00,209.10040283203125,209.77999877929688,209.03109741210938,209.72500610351562,501877,AMD,5m
2026-04-01 14:20:00+00:00,209.7100067138672,210.4499969482422,209.1999969482422,209.67010498046875,633430,AMD,5m
2026-04-01 14:25:00+00:00,209.67999267578125,210.9600067138672,209.47509765625,210.84500122070312,812523,AMD,5m
2026-04-01 14:30:00+00:00,210.8800048828125,211.07989501953125,209.6580047607422,209.74000549316406,634061,AMD,5m
2026-04-01 14:35:00+00:00,209.7449951171875,210.99000549316406,209.3009033203125,210.72000122070312,559127,AMD,5m
2026-04-01 14:40:00+00:00,210.6999969482422,211.11000061035156,210.16000366210938,210.6999969482422,523661,AMD,5m
2026-04-01 14:45:00+00:00,210.72500610351562,210.88999938964844,210.02000427246094,210.8000030517578,555263,AMD,5m
2026-04-01 14:50:00+00:00,210.7949981689453,211.58999633789062,210.77999877929688,211.25010681152344,606918,AMD,5m
2026-04-01 14:55:00+00:00,211.25999450683594,212.06399536132812,211.1199951171875,211.9199981689453,696271,AMD,5m
2026-04-01 15:00:00+00:00,211.9199981689453,212.42999267578125,211.74000549316406,211.80999755859375,611818,AMD,5m
2026-04-01 15:05:00+00:00,211.77999877929688,212.05999755859375,211.52000427246094,211.80999755859375,376406,AMD,5m
2026-04-01 15:10:00+00:00,211.80999755859375,212.1999969482422,211.55999755859375,212.0,437245,AMD,5m
2026-04-01 15:15:00+00:00,212.0500030517578,212.4698944091797,211.77000427246094,212.2449951171875,460545,AMD,5m
2026-04-01 15:20:00+00:00,212.27000427246094,212.64999389648438,212.10000610351562,212.5,428292,AMD,5m
2026-04-01 15:25:00+00:00,212.5,212.61000061035156,211.7100067138672,211.72999572753906,423599,AMD,5m
2026-04-01 15:30:00+00:00,211.7344970703125,212.0800018310547,211.4499969482422,212.00999450683594,429043,AMD,5m
2026-04-01 15:35:00+00:00,212.00999450683594,212.72000122070312,212.00999450683594,212.7198944091797,474559,AMD,5m
2026-04-01 15:40:00+00:00,212.68499755859375,212.6956024169922,212.1199951171875,212.33999633789062,401066,AMD,5m
2026-04-01 15:45:00+00:00,212.35000610351562,212.8000030517578,212.27000427246094,212.3511962890625,318550,AMD,5m
2026-04-01 15:50:00+00:00,212.3553924560547,212.57000732421875,212.27000427246094,212.5500030517578,267528,AMD,5m
2026-04-01 15:55:00+00:00,212.5399932861328,213.4199981689453,212.50999450683594,213.16000366210938,566811,AMD,5m
2026-04-01 16:00:00+00:00,213.17999267578125,213.34500122070312,212.9199981689453,213.18370056152344,309737,AMD,5m
2026-04-01 16:05:00+00:00,213.18499755859375,213.61000061035156,213.110107421875,213.5800018310547,315730,AMD,5m
2026-04-01 16:10:00+00:00,213.58999633789062,213.58999633789062,213.1300048828125,213.19500732421875,285734,AMD,5m
2026-04-01 16:15:00+00:00,213.2100067138672,213.60000610351562,212.92999267578125,213.4949951171875,472781,AMD,5m
2026-04-01 16:20:00+00:00,213.47999572753906,213.6300048828125,213.27000427246094,213.28860473632812,279408,AMD,5m
2026-04-01 16:25:00+00:00,213.28399658203125,213.7100067138672,213.13900756835938,213.3350067138672,310041,AMD,5m
2026-04-01 16:30:00+00:00,213.35000610351562,213.35000610351562,212.8000030517578,212.9398956298828,373573,AMD,5m
2026-04-01 16:35:00+00:00,212.91000366210938,213.1999969482422,212.8300018310547,213.0399932861328,290086,AMD,5m
2026-04-01 16:40:00+00:00,213.0399932861328,213.12989807128906,212.8300018310547,212.83999633789062,212475,AMD,5m
2026-04-01 16:45:00+00:00,212.8455047607422,213.1999969482422,212.77000427246094,213.1649932861328,237906,AMD,5m
2026-04-01 16:50:00+00:00,213.1649932861328,213.22999572753906,212.82000732421875,213.14999389648438,225245,AMD,5m
2026-04-01 16:55:00+00:00,213.13009643554688,213.25,213.0,213.02000427246094,177551,AMD,5m
2026-04-01 17:00:00+00:00,213.02000427246094,213.4600067138672,212.9197998046875,213.4199981689453,316983,AMD,5m
2026-04-01 17:05:00+00:00,213.41000366210938,213.72000122070312,213.3000030517578,213.34950256347656,373982,AMD,5m
2026-04-01 17:10:00+00:00,213.41000366210938,213.8300018310547,213.16000366210938,213.5,382095,AMD,5m
2026-04-01 17:15:00+00:00,213.48500061035156,213.72999572753906,212.77000427246094,212.82000732421875,317780,AMD,5m
2026-04-01 17:20:00+00:00,212.84500122070312,213.03990173339844,212.55999755859375,212.7449951171875,303431,AMD,5m
2026-04-01 17:25:00+00:00,212.74899291992188,212.8699951171875,212.47000122070312,212.5,231029,AMD,5m
2026-04-01 17:30:00+00:00,212.5070037841797,212.7899932861328,212.13999938964844,212.17689514160156,273722,AMD,5m
2026-04-01 17:35:00+00:00,212.17999267578125,212.47000122070312,212.09500122070312,212.24000549316406,258484,AMD,5m
2026-04-01 17:40:00+00:00,212.22999572753906,212.3800048828125,211.80999755859375,211.97000122070312,203828,AMD,5m
2026-04-01 17:45:00+00:00,211.968994140625,212.25,211.86000061035156,212.0399932861328,260498,AMD,5m
2026-04-01 17:50:00+00:00,212.0399932861328,212.07000732421875,211.72999572753906,211.91000366210938,236445,AMD,5m
2026-04-01 17:55:00+00:00,211.9199981689453,212.03500366210938,211.4001007080078,211.4199981689453,309622,AMD,5m
2026-04-01 18:00:00+00:00,211.42999267578125,211.55999755859375,210.57000732421875,210.72999572753906,441265,AMD,5m
2026-04-01 18:05:00+00:00,210.72500610351562,211.0198974609375,210.30999755859375,210.5050048828125,379442,AMD,5m
2026-04-01 18:10:00+00:00,210.5500030517578,210.8800048828125,210.4600067138672,210.57000732421875,296428,AMD,5m
2026-04-01 18:15:00+00:00,210.5,210.5998992919922,209.6199951171875,209.8800048828125,431483,AMD,5m
2026-04-01 18:20:00+00:00,209.875,210.14999389648438,209.0399932861328,209.11500549316406,505776,AMD,5m
2026-04-01 18:25:00+00:00,209.16000366210938,209.77000427246094,209.04510498046875,209.10000610351562,398122,AMD,5m
2026-04-01 18:30:00+00:00,209.1300048828125,209.42990112304688,208.9499969482422,209.25999450683594,289639,AMD,5m
2026-04-01 18:35:00+00:00,209.2949981689453,209.57000732421875,208.77000427246094,209.35000610351562,364195,AMD,5m
2026-04-01 18:40:00+00:00,209.3699951171875,210.25,209.33999633789062,209.82000732421875,418430,AMD,5m
2026-04-01 18:45:00+00:00,209.86500549316406,210.02549743652344,209.4001007080078,209.7799072265625,290115,AMD,5m
2026-04-01 18:50:00+00:00,209.77000427246094,210.0,209.5500030517578,209.94500732421875,210197,AMD,5m
2026-04-01 18:55:00+00:00,209.94000244140625,210.17999267578125,209.72999572753906,209.8800048828125,275383,AMD,5m
2026-04-01 19:00:00+00:00,209.86000061035156,210.4499969482422,209.8300018310547,210.33999633789062,357759,AMD,5m
2026-04-01 19:05:00+00:00,210.35000610351562,210.88999938964844,210.27999877929688,210.60000610351562,310182,AMD,5m
2026-04-01 19:10:00+00:00,210.61000061035156,211.11000061035156,210.42999267578125,210.9949951171875,365719,AMD,5m
2026-04-01 19:15:00+00:00,210.9949951171875,211.37989807128906,210.89999389648438,211.32000732421875,389684,AMD,5m
2026-04-01 19:20:00+00:00,211.32000732421875,211.8000030517578,211.32000732421875,211.6999969482422,400376,AMD,5m
2026-04-01 19:25:00+00:00,211.74000549316406,212.10000610351562,211.53500366210938,211.63999938964844,414419,AMD,5m
2026-04-01 19:30:00+00:00,211.64590454101562,211.6699981689453,210.69850158691406,210.889892578125,387612,AMD,5m
2026-04-01 19:35:00+00:00,210.88999938964844,211.08999633789062,210.58999633789062,210.72999572753906,346574,AMD,5m
2026-04-01 19:40:00+00:00,210.75999450683594,211.12989807128906,210.2899932861328,210.2899932861328,374511,AMD,5m
2026-04-01 19:45:00+00:00,210.27999877929688,210.74000549316406,210.25999450683594,210.66000366210938,414258,AMD,5m
2026-04-01 19:50:00+00:00,210.72000122070312,211.0,210.3347930908203,210.72000122070312,553091,AMD,5m
2026-04-01 19:55:00+00:00,210.64999389648438,210.64999389648438,210.07000732421875,210.19000244140625,1203163,AMD,5m
2026-04-02 13:30:00+00:00,204.0500030517578,206.3000030517578,203.4320068359375,205.27999877929688,1626494,AMD,5m
2026-04-02 13:35:00+00:00,205.30499267578125,205.30499267578125,201.5,201.55499267578125,1094444,AMD,5m
2026-04-02 13:40:00+00:00,201.58999633789062,201.73989868164062,200.6199951171875,201.40499877929688,863362,AMD,5m
2026-04-02 13:45:00+00:00,201.3800048828125,203.35000610351562,201.0800018310547,202.41000366210938,725163,AMD,5m
2026-04-02 13:50:00+00:00,202.360107421875,206.08999633789062,202.05999755859375,205.3300018310547,904092,AMD,5m
2026-04-02 13:55:00+00:00,205.36000061035156,206.86990356445312,205.19000244140625,206.60499572753906,741781,AMD,5m
2026-04-02 14:00:00+00:00,206.66000366210938,206.80999755859375,205.5800018310547,205.8686981201172,586733,AMD,5m
2026-04-02 14:05:00+00:00,205.8300018310547,208.49989318847656,205.51019287109375,208.07009887695312,724030,AMD,5m
2026-04-02 14:10:00+00:00,208.11000061035156,208.7899932861328,207.6925048828125,208.3000030517578,544617,AMD,5m
2026-04-02 14:15:00+00:00,208.31500244140625,209.6999969482422,208.17999267578125,209.6999053955078,532151,AMD,5m
2026-04-02 14:20:00+00:00,209.67999267578125,210.25999450683594,209.5,209.86500549316406,607449,AMD,5m
2026-04-02 14:25:00+00:00,209.8300018310547,209.9550018310547,208.74000549316406,209.10499572753906,544527,AMD,5m
2026-04-02 14:30:00+00:00,209.02940368652344,210.4499969482422,208.86000061035156,210.26499938964844,563411,AMD,5m
2026-04-02 14:35:00+00:00,210.32000732421875,213.25,210.1999969482422,212.5500030517578,1096382,AMD,5m
2026-04-02 14:40:00+00:00,212.5399932861328,212.9521942138672,211.01010131835938,212.7899932861328,595117,AMD,5m
2026-04-02 14:45:00+00:00,212.77000427246094,213.27000427246094,211.88999938964844,211.93499755859375,596185,AMD,5m
2026-04-02 14:50:00+00:00,211.9001007080078,213.0500030517578,211.07000732421875,212.74000549316406,666150,AMD,5m
2026-04-02 14:55:00+00:00,212.75,213.6199951171875,212.60000610351562,213.3300018310547,1033856,AMD,5m
2026-04-02 15:00:00+00:00,213.36000061035156,213.42999267578125,212.04010009765625,213.1199951171875,507204,AMD,5m
2026-04-02 15:05:00+00:00,213.10499572753906,213.4499053955078,212.543701171875,213.39999389648438,398936,AMD,5m
2026-04-02 15:10:00+00:00,213.42640686035156,214.75,213.27000427246094,214.1300048828125,790063,AMD,5m
2026-04-02 15:15:00+00:00,214.11000061035156,214.8000030517578,213.82000732421875,214.72000122070312,579548,AMD,5m
2026-04-02 15:20:00+00:00,214.73500061035156,214.8800048828125,213.72999572753906,214.69000244140625,669188,AMD,5m
2026-04-02 15:25:00+00:00,214.67999267578125,214.89999389648438,214.14999389648438,214.47000122070312,460852,AMD,5m
2026-04-02 15:30:00+00:00,214.5,214.69000244140625,213.8188018798828,214.19000244140625,399314,AMD,5m
2026-04-02 15:35:00+00:00,214.20590209960938,214.8300018310547,214.1199951171875,214.42080688476562,333087,AMD,5m
2026-04-02 15:40:00+00:00,214.42999267578125,214.6699981689453,213.63999938964844,214.33999633789062,385665,AMD,5m
2026-04-02 15:45:00+00:00,214.3699951171875,214.39999389648438,213.64999389648438,213.85000610351562,290923,AMD,5m
2026-04-02 15:50:00+00:00,213.8699951171875,214.18179321289062,212.9499969482422,214.0399932861328,500172,AMD,5m
2026-04-02 15:55:00+00:00,214.02000427246094,214.2899932861328,213.8000030517578,214.1300048828125,277371,AMD,5m
2026-04-02 16:00:00+00:00,214.1300048828125,214.60000610351562,213.8800048828125,214.05999755859375,336113,AMD,5m
2026-04-02 16:05:00+00:00,214.02000427246094,214.10989379882812,213.22999572753906,213.59500122070312,330869,AMD,5m
2026-04-02 16:10:00+00:00,213.5800018310547,213.97000122070312,213.30999755859375,213.56500244140625,232274,AMD,5m
2026-04-02 16:15:00+00:00,213.5399932861328,213.89999389648438,212.7899932861328,212.85000610351562,296368,AMD,5m
2026-04-02 16:20:00+00:00,212.875,213.16000366210938,212.4600067138672,212.7198028564453,316342,AMD,5m
2026-04-02 16:25:00+00:00,212.7100067138672,213.1999969482422,212.69000244140625,212.86000061035156,227266,AMD,5m
2026-04-02 16:30:00+00:00,212.8000030517578,213.77000427246094,212.7187957763672,213.50999450683594,252080,AMD,5m
2026-04-02 16:35:00+00:00,213.53500366210938,213.5500030517578,212.36000061035156,212.96910095214844,336454,AMD,5m
2026-04-02 16:40:00+00:00,212.94000244140625,214.0,212.94000244140625,213.66000366210938,314774,AMD,5m
2026-04-02 16:45:00+00:00,213.67999267578125,214.1999969482422,213.61000061035156,213.8300018310547,234808,AMD,5m
2026-04-02 16:50:00+00:00,213.8300018310547,214.1699981689453,213.57000732421875,214.0399932861328,208810,AMD,5m
2026-04-02 16:55:00+00:00,214.0050048828125,214.02999877929688,213.64999389648438,213.7449951171875,142715,AMD,5m
2026-04-02 17:00:00+00:00,213.72000122070312,214.1739959716797,213.32000732421875,214.10000610351562,208023,AMD,5m
2026-04-02 17:05:00+00:00,214.11000061035156,214.139892578125,213.72999572753906,213.82000732421875,150519,AMD,5m
2026-04-02 17:10:00+00:00,213.84500122070312,214.39999389648438,213.67999267578125,214.24000549316406,177773,AMD,5m
2026-04-02 17:15:00+00:00,214.22999572753906,214.59860229492188,214.13999938964844,214.58299255371094,205045,AMD,5m
2026-04-02 17:20:00+00:00,214.53500366210938,215.1999969482422,214.4499969482422,214.88870239257812,438389,AMD,5m
2026-04-02 17:25:00+00:00,214.89999389648438,215.27999877929688,214.7100067138672,215.17999267578125,219395,AMD,5m
2026-04-02 17:30:00+00:00,215.17999267578125,215.5800018310547,214.87600708007812,215.0399932861328,437642,AMD,5m
2026-04-02 17:35:00+00:00,214.99000549316406,215.49000549316406,214.74000549316406,215.4600067138672,241392,AMD,5m
2026-04-02 17:40:00+00:00,215.4550018310547,215.60000610351562,215.10000610351562,215.30999755859375,259773,AMD,5m
2026-04-02 17:45:00+00:00,215.36000061035156,215.4199981689453,214.6199951171875,214.77999877929688,272582,AMD,5m
2026-04-02 17:50:00+00:00,214.77000427246094,215.47720336914062,214.6999969482422,215.4199981689453,303963,AMD,5m
2026-04-02 17:55:00+00:00,215.44000244140625,215.5399932861328,214.94000244140625,215.13999938964844,216673,AMD,5m
2026-04-02 18:00:00+00:00,215.13009643554688,215.4600067138672,214.86000061035156,215.139892578125,207957,AMD,5m
2026-04-02 18:05:00+00:00,215.10499572753906,215.5500030517578,215.02999877929688,215.3498992919922,282444,AMD,5m
2026-04-02 18:10:00+00:00,215.3000030517578,215.5399932861328,215.16000366210938,215.2100067138672,226226,AMD,5m
2026-04-02 18:15:00+00:00,215.22000122070312,215.6649932861328,215.10000610351562,215.52499389648438,235131,AMD,5m
2026-04-02 18:20:00+00:00,215.52999877929688,215.7799072265625,215.3101043701172,215.3800048828125,220660,AMD,5m
2026-04-02 18:25:00+00:00,215.36000061035156,215.47999572753906,215.2050018310547,215.29010009765625,172280,AMD,5m
2026-04-02 18:30:00+00:00,215.35000610351562,215.75,215.1699981689453,215.72000122070312,211966,AMD,5m
2026-04-02 18:35:00+00:00,215.72000122070312,215.7899932861328,215.19000244140625,215.27999877929688,252770,AMD,5m
2026-04-02 18:40:00+00:00,215.25999450683594,215.85000610351562,215.25999450683594,215.72999572753906,226586,AMD,5m
2026-04-02 18:45:00+00:00,215.72500610351562,216.16729736328125,215.5791015625,215.9384002685547,366018,AMD,5m
2026-04-02 18:50:00+00:00,215.94500732421875,216.16000366210938,215.85220336914062,215.8979949951172,226143,AMD,5m
2026-04-02 18:55:00+00:00,215.90989685058594,216.16000366210938,215.8000030517578,215.94000244140625,238264,AMD,5m
2026-04-02 19:00:00+00:00,215.94000244140625,216.29989624023438,215.8300018310547,216.25999450683594,341271,AMD,5m
2026-04-02 19:05:00+00:00,216.25,216.5500030517578,216.14500427246094,216.36500549316406,445699,AMD,5m
2026-04-02 19:10:00+00:00,216.36000061035156,217.02999877929688,216.32000732421875,217.02000427246094,540453,AMD,5m
2026-04-02 19:15:00+00:00,217.02940368652344,217.05990600585938,216.64430236816406,216.94000244140625,394686,AMD,5m
2026-04-02 19:20:00+00:00,216.93499755859375,216.9499969482422,216.2200927734375,216.52499389648438,511939,AMD,5m
2026-04-02 19:25:00+00:00,216.49000549316406,217.3000030517578,216.49000549316406,217.0399932861328,573115,AMD,5m
2026-04-02 19:30:00+00:00,217.02000427246094,217.17999267578125,216.6699981689453,216.91000366210938,381527,AMD,5m
2026-04-02 19:35:00+00:00,216.88999938964844,217.14999389648438,216.85000610351562,217.0762939453125,326461,AMD,5m
2026-04-02 19:40:00+00:00,217.06500244140625,217.0800018310547,216.55999755859375,216.5601043701172,343254,AMD,5m
2026-04-02 19:45:00+00:00,216.5800018310547,217.0399932861328,216.57789611816406,216.9199981689453,441141,AMD,5m
2026-04-02 19:50:00+00:00,216.9199981689453,217.7198944091797,216.9199981689453,217.64999389648438,840588,AMD,5m
2026-04-02 19:55:00+00:00,217.64999389648438,217.77000427246094,217.25,217.55999755859375,1495703,AMD,5m
2026-04-06 13:30:00+00:00,219.4550018310547,225.55760192871094,219.4550018310547,225.39990234375,3171600,AMD,5m
2026-04-06 13:35:00+00:00,225.27999877929688,225.48989868164062,222.6999969482422,224.58999633789062,1423971,AMD,5m
2026-04-06 13:40:00+00:00,224.65570068359375,225.10000610351562,223.06399536132812,225.03500366210938,918102,AMD,5m
2026-04-06 13:45:00+00:00,225.02000427246094,226.30999755859375,224.5500030517578,225.00999450683594,1246938,AMD,5m
2026-04-06 13:50:00+00:00,224.96499633789062,225.1699981689453,223.42999267578125,223.42999267578125,856360,AMD,5m
2026-04-06 13:55:00+00:00,223.639892578125,223.74000549316406,222.5399932861328,222.97999572753906,779625,AMD,5m
2026-04-06 14:00:00+00:00,222.8800048828125,223.41990661621094,221.25,221.39219665527344,814179,AMD,5m
2026-04-06 14:05:00+00:00,221.2899932861328,221.82989501953125,220.3852996826172,221.17999267578125,928766,AMD,5m
2026-04-06 14:10:00+00:00,221.17999267578125,221.9600067138672,220.60000610351562,221.8000030517578,783282,AMD,5m
2026-04-06 14:15:00+00:00,221.86000061035156,222.58999633789062,220.6999969482422,221.4499969482422,715534,AMD,5m
2026-04-06 14:20:00+00:00,221.4199981689453,221.7899932861328,220.82000732421875,220.98500061035156,459908,AMD,5m
2026-04-06 14:25:00+00:00,220.9600067138672,220.9600067138672,219.8000030517578,220.38999938964844,544726,AMD,5m
2026-04-06 14:30:00+00:00,220.4600067138672,220.92999267578125,219.85009765625,220.86990356445312,382913,AMD,5m
2026-04-06 14:35:00+00:00,220.8699951171875,221.57000732421875,219.82000732421875,220.2200927734375,533201,AMD,5m
2026-04-06 14:40:00+00:00,220.21499633789062,221.17999267578125,220.20150756835938,220.61000061035156,369624,AMD,5m
2026-04-06 14:45:00+00:00,220.52000427246094,220.647705078125,219.58999633789062,219.8350067138672,390971,AMD,5m
2026-04-06 14:50:00+00:00,219.8699951171875,220.86990356445312,219.80999755859375,220.61500549316406,360407,AMD,5m
2026-04-06 14:55:00+00:00,220.61000061035156,221.2899932861328,220.3300018310547,220.75999450683594,355561,AMD,5m
2026-04-06 15:00:00+00:00,220.76499938964844,221.3000030517578,220.5800018310547,220.87649536132812,295713,AMD,5m
2026-04-06 15:05:00+00:00,220.86000061035156,221.1300048828125,220.2301025390625,220.6199951171875,268838,AMD,5m
2026-04-06 15:10:00+00:00,220.63999938964844,220.64999389648438,219.8800048828125,220.11500549316406,335167,AMD,5m
2026-04-06 15:15:00+00:00,220.13999938964844,220.35000610351562,219.7100067138672,220.27999877929688,285136,AMD,5m
2026-04-06 15:20:00+00:00,220.27999877929688,220.61000061035156,219.6699981689453,219.9199981689453,309699,AMD,5m
2026-04-06 15:25:00+00:00,219.93870544433594,220.47000122070312,219.3000030517578,220.21499633789062,327955,AMD,5m
2026-04-06 15:30:00+00:00,220.25,220.41909790039062,219.67999267578125,220.0800018310547,171051,AMD,5m
2026-04-06 15:35:00+00:00,220.02499389648438,220.22000122070312,219.75599670410156,220.0290985107422,159315,AMD,5m
2026-04-06 15:40:00+00:00,220.01210021972656,220.44000244140625,219.8699951171875,220.08999633789062,172452,AMD,5m
2026-04-06 15:45:00+00:00,220.14990234375,220.60000610351562,220.10499572753906,220.5800018310547,163358,AMD,5m
2026-04-06 15:50:00+00:00,220.60000610351562,221.19000244140625,220.44000244140625,220.94500732421875,256427,AMD,5m
2026-04-06 15:55:00+00:00,220.93499755859375,220.99989318847656,220.5,220.83999633789062,175139,AMD,5m
2026-04-06 16:00:00+00:00,220.82000732421875,221.1300048828125,220.69000244140625,220.7899932861328,262446,AMD,5m
2026-04-06 16:05:00+00:00,220.72000122070312,220.83990478515625,220.27000427246094,220.30999755859375,229713,AMD,5m
2026-04-06 16:10:00+00:00,220.33999633789062,220.66000366210938,220.22000122070312,220.50180053710938,131993,AMD,5m
2026-04-06 16:15:00+00:00,220.50210571289062,220.6999969482422,220.3000030517578,220.4001007080078,103227,AMD,5m
2026-04-06 16:20:00+00:00,220.35009765625,220.86990356445312,220.13510131835938,220.27999877929688,184108,AMD,5m
2026-04-06 16:25:00+00:00,220.27000427246094,220.85000610351562,220.21009826660156,220.47000122070312,179705,AMD,5m
2026-04-06 16:30:00+00:00,220.41000366210938,220.72999572753906,220.11000061035156,220.64999389648438,144140,AMD,5m
2026-04-06 16:35:00+00:00,220.64500427246094,221.0399932861328,220.4600067138672,220.4700927734375,166883,AMD,5m
2026-04-06 16:40:00+00:00,220.48260498046875,220.5,220.00999450683594,220.14999389648438,195149,AMD,5m
2026-04-06 16:45:00+00:00,220.14999389648438,220.58999633789062,220.05999755859375,220.3300018310547,195209,AMD,5m
2026-04-06 16:50:00+00:00,220.3249969482422,220.34500122070312,219.1999969482422,219.64500427246094,342400,AMD,5m
2026-04-06 16:55:00+00:00,219.64999389648438,219.8175048828125,219.24000549316406,219.39999389648438,149680,AMD,5m
2026-04-06 17:00:00+00:00,219.32000732421875,219.38999938964844,218.53500366210938,218.72500610351562,340496,AMD,5m
2026-04-06 17:05:00+00:00,218.79989624023438,219.00999450683594,218.61000061035156,218.75,202487,AMD,5m
2026-04-06 17:10:00+00:00,218.76010131835938,218.89999389648438,217.75010681152344,218.16000366210938,645436,AMD,5m
2026-04-06 17:15:00+00:00,218.16000366210938,218.6999969482422,217.99000549316406,218.6649932861328,203034,AMD,5m
2026-04-06 17:20:00+00:00,218.64999389648438,219.25999450683594,218.1999969482422,219.22000122070312,249922,AMD,5m
2026-04-06 17:25:00+00:00,219.25,219.75990295410156,219.1678924560547,219.74000549316406,247314,AMD,5m
2026-04-06 17:30:00+00:00,219.8000030517578,220.1999969482422,219.6300048828125,219.8699951171875,266906,AMD,5m
2026-04-06 17:35:00+00:00,219.91000366210938,220.4199981689453,219.8699951171875,219.9499969482422,195591,AMD,5m
2026-04-06 17:40:00+00:00,219.89999389648438,220.10000610351562,219.66000366210938,219.9600067138672,185354,AMD,5m
2026-04-06 17:45:00+00:00,219.9199981689453,219.9499969482422,219.25,219.41000366210938,232471,AMD,5m
2026-04-06 17:50:00+00:00,219.42999267578125,219.65989685058594,219.07000732421875,219.5449981689453,178346,AMD,5m
2026-04-06 17:55:00+00:00,219.5500030517578,219.8000030517578,219.42999267578125,219.61000061035156,84960,AMD,5m
2026-04-06 18:00:00+00:00,219.5,219.77000427246094,219.30369567871094,219.41000366210938,118331,AMD,5m
2026-04-06 18:05:00+00:00,219.3227996826172,219.60989379882812,219.2552032470703,219.4550018310547,142389,AMD,5m
2026-04-06 18:10:00+00:00,219.43499755859375,220.03990173339844,219.41000366210938,219.67999267578125,215988,AMD,5m
2026-04-06 18:15:00+00:00,219.72000122070312,220.1009979248047,219.64999389648438,220.00999450683594,142923,AMD,5m
2026-04-06 18:20:00+00:00,220.0,220.28990173339844,219.66000366210938,220.13999938964844,111299,AMD,5m
2026-04-06 18:25:00+00:00,220.125,220.50999450683594,219.85000610351562,220.0800018310547,148921,AMD,5m
2026-04-06 18:30:00+00:00,220.1300048828125,220.22000122070312,219.9199981689453,220.16000366210938,139449,AMD,5m
2026-04-06 18:35:00+00:00,220.16000366210938,220.35000610351562,219.92999267578125,219.92999267578125,137304,AMD,5m
2026-04-06 18:40:00+00:00,219.97999572753906,220.16000366210938,219.72000122070312,220.1199951171875,110942,AMD,5m
2026-04-06 18:45:00+00:00,220.1300048828125,220.30999755859375,219.9550018310547,220.13999938964844,100912,AMD,5m
2026-04-06 18:50:00+00:00,220.14500427246094,220.22000122070312,219.9199981689453,220.11500549316406,106349,AMD,5m
2026-04-06 18:55:00+00:00,220.08009338378906,220.32000732421875,220.00999450683594,220.0399932861328,103264,AMD,5m
2026-04-06 19:00:00+00:00,220.0500030517578,220.41000366210938,219.97999572753906,220.2899932861328,147129,AMD,5m
2026-04-06 19:05:00+00:00,220.2899932861328,220.2899932861328,219.66000366210938,219.67999267578125,209682,AMD,5m
2026-04-06 19:10:00+00:00,219.69500732421875,220.1699981689453,219.58009338378906,220.10000610351562,129993,AMD,5m
2026-04-06 19:15:00+00:00,220.1699981689453,220.3699951171875,219.922607421875,220.10000610351562,141463,AMD,5m
2026-04-06 19:20:00+00:00,220.10000610351562,220.30560302734375,220.0800018310547,220.2050018310547,178660,AMD,5m
2026-04-06 19:25:00+00:00,220.20880126953125,220.61000061035156,220.0800018310547,220.3699951171875,182163,AMD,5m
2026-04-06 19:30:00+00:00,220.3300018310547,220.41000366210938,219.7100067138672,220.2852020263672,235159,AMD,5m
2026-04-06 19:35:00+00:00,220.25999450683594,220.27000427246094,220.0500030517578,220.14329528808594,171538,AMD,5m
2026-04-06 19:40:00+00:00,220.16000366210938,220.19000244140625,219.5,219.77999877929688,272863,AMD,5m
2026-04-06 19:45:00+00:00,219.74000549316406,219.99000549316406,219.52000427246094,219.82000732421875,239050,AMD,5m
2026-04-06 19:50:00+00:00,219.91000366210938,220.27999877929688,219.49000549316406,219.57000732421875,350901,AMD,5m
2026-04-06 19:55:00+00:00,219.76499938964844,220.3000030517578,219.74749755859375,220.19000244140625,722240,AMD,5m
2026-04-07 13:30:00+00:00,218.2550048828125,222.09840393066406,218.14999389648438,220.32260131835938,1846072,AMD,5m
2026-04-07 13:35:00+00:00,220.30999755859375,221.86000061035156,219.7899932861328,220.5500030517578,688614,AMD,5m
2026-04-07 13:40:00+00:00,220.639892578125,220.88999938964844,218.72999572753906,218.9949951171875,545248,AMD,5m
2026-04-07 13:45:00+00:00,219.00999450683594,219.39999389648438,218.44009399414062,218.55499267578125,456316,AMD,5m
2026-04-07 13:50:00+00:00,218.60499572753906,219.16000366210938,218.02000427246094,218.94500732421875,554271,AMD,5m
2026-04-07 13:55:00+00:00,218.875,219.36000061035156,217.25010681152344,217.39999389648438,506586,AMD,5m
2026-04-07 14:00:00+00:00,217.30999755859375,217.58999633789062,216.4199981689453,217.25,543331,AMD,5m
2026-04-07 14:05:00+00:00,217.26499938964844,217.3000030517578,215.375,215.7899932861328,619666,AMD,5m
2026-04-07 14:10:00+00:00,215.77999877929688,217.05999755859375,215.77000427246094,216.59060668945312,461771,AMD,5m
2026-04-07 14:15:00+00:00,216.67999267578125,217.1999969482422,216.5399932861328,217.14999389648438,351869,AMD,5m
2026-04-07 14:20:00+00:00,217.22000122070312,218.52999877929688,216.8000030517578,218.35000610351562,586058,AMD,5m
2026-04-07 14:25:00+00:00,218.35499572753906,218.67999267578125,217.82000732421875,218.33999633789062,371970,AMD,5m
2026-04-07 14:30:00+00:00,218.4550018310547,218.94000244140625,218.35000610351562,218.375,391542,AMD,5m
2026-04-07 14:35:00+00:00,218.38499450683594,218.7100067138672,217.78070068359375,218.1199951171875,321764,AMD,5m
2026-04-07 14:40:00+00:00,218.0500030517578,218.25990295410156,217.3000030517578,217.5500030517578,231261,AMD,5m
2026-04-07 14:45:00+00:00,217.5500030517578,218.5399932861328,217.5301055908203,218.0749969482422,242777,AMD,5m
2026-04-07 14:50:00+00:00,218.07000732421875,218.27000427246094,217.64999389648438,217.99070739746094,192623,AMD,5m
2026-04-07 14:55:00+00:00,217.99000549316406,218.22999572753906,217.41180419921875,217.50999450683594,203690,AMD,5m
2026-04-07 15:00:00+00:00,217.49000549316406,217.50999450683594,216.33009338378906,216.5399932861328,346506,AMD,5m
2026-04-07 15:05:00+00:00,216.05999755859375,216.9499969482422,215.89999389648438,216.94000244140625,256839,AMD,5m
2026-04-07 15:10:00+00:00,216.97999572753906,218.15989685058594,216.97999572753906,217.5,325897,AMD,5m
2026-04-07 15:15:00+00:00,217.60000610351562,218.60499572753906,217.41000366210938,217.94000244140625,365203,AMD,5m
2026-04-07 15:20:00+00:00,217.9199981689453,218.25999450683594,217.58999633789062,217.58999633789062,180819,AMD,5m
2026-04-07 15:25:00+00:00,217.60000610351562,218.14999389648438,217.58009338378906,218.0399932861328,178268,AMD,5m
2026-04-07 15:30:00+00:00,218.0800018310547,218.39810180664062,217.77000427246094,218.0500030517578,177731,AMD,5m
2026-04-07 15:35:00+00:00,218.00999450683594,218.3000030517578,217.01010131835938,217.16000366210938,281106,AMD,5m
2026-04-07 15:40:00+00:00,217.15499877929688,217.35989379882812,216.94009399414062,217.10000610351562,151178,AMD,5m
2026-04-07 15:45:00+00:00,217.07000732421875,217.35499572753906,216.77000427246094,216.97500610351562,167784,AMD,5m
2026-04-07 15:50:00+00:00,217.00999450683594,217.14990234375,216.61000061035156,217.07989501953125,193219,AMD,5m
2026-04-07 15:55:00+00:00,217.04029846191406,217.6300048828125,216.85000610351562,217.02000427246094,201451,AMD,5m
2026-04-07 16:00:00+00:00,217.05999755859375,218.8300018310547,216.88999938964844,218.0,354221,AMD,5m
2026-04-07 16:05:00+00:00,218.0,218.55999755859375,217.60000610351562,217.60000610351562,295406,AMD,5m
2026-04-07 16:10:00+00:00,217.625,218.25999450683594,217.5500030517578,217.97000122070312,184629,AMD,5m
2026-04-07 16:15:00+00:00,217.97000122070312,218.6425018310547,217.85989379882812,218.5,141251,AMD,5m
2026-04-07 16:20:00+00:00,218.46499633789062,219.43850708007812,218.16270446777344,219.21499633789062,255137,AMD,5m
2026-04-07 16:25:00+00:00,219.2050018310547,219.30999755859375,218.7100067138672,219.02999877929688,196741,AMD,5m
2026-04-07 16:30:00+00:00,219.0,219.33999633789062,218.9199981689453,219.13499450683594,123306,AMD,5m
2026-04-07 16:35:00+00:00,219.13499450683594,219.23989868164062,218.75999450683594,218.82009887695312,150874,AMD,5m
2026-04-07 16:40:00+00:00,218.88999938964844,219.39999389648438,218.77999877929688,219.39999389648438,163808,AMD,5m
2026-04-07 16:45:00+00:00,219.40499877929688,220.0,219.39999389648438,219.6699981689453,264569,AMD,5m
2026-04-07 16:50:00+00:00,219.64999389648438,219.64999389648438,219.3000030517578,219.39500427246094,169175,AMD,5m
2026-04-07 16:55:00+00:00,219.38999938964844,219.38999938964844,218.94000244140625,219.0500030517578,155198,AMD,5m
2026-04-07 17:00:00+00:00,219.02000427246094,219.5,218.88999938964844,219.41000366210938,169408,AMD,5m
2026-04-07 17:05:00+00:00,219.41000366210938,219.55999755859375,219.13999938964844,219.25999450683594,117301,AMD,5m
2026-04-07 17:10:00+00:00,219.25,219.4600067138672,219.08999633789062,219.17999267578125,108624,AMD,5m
2026-04-07 17:15:00+00:00,219.17999267578125,219.32989501953125,218.80999755859375,218.97999572753906,134152,AMD,5m
2026-04-07 17:20:00+00:00,218.99000549316406,218.99000549316406,218.39999389648438,218.5449981689453,213399,AMD,5m
2026-04-07 17:25:00+00:00,218.52999877929688,218.63999938964844,218.25999450683594,218.38999938964844,126390,AMD,5m
2026-04-07 17:30:00+00:00,218.40499877929688,218.99000549316406,218.34010314941406,218.77999877929688,160062,AMD,5m
2026-04-07 17:35:00+00:00,218.8000030517578,219.72000122070312,218.8000030517578,219.65499877929688,284489,AMD,5m
2026-04-07 17:40:00+00:00,219.6199951171875,219.75999450683594,219.110107421875,219.38999938964844,251838,AMD,5m
2026-04-07 17:45:00+00:00,219.3800048828125,219.58230590820312,218.86000061035156,219.16000366210938,150629,AMD,5m
2026-04-07 17:50:00+00:00,219.14500427246094,219.4600067138672,218.94000244140625,219.13999938964844,149688,AMD,5m
2026-04-07 17:55:00+00:00,219.16000366210938,219.16000366210938,218.69000244140625,218.86300659179688,155355,AMD,5m
2026-04-07 18:00:00+00:00,218.89999389648438,219.3000030517578,218.86239624023438,218.88009643554688,168503,AMD,5m
2026-04-07 18:05:00+00:00,218.8800048828125,218.91000366210938,218.67999267578125,218.7100067138672,135673,AMD,5m
2026-04-07 18:10:00+00:00,218.72500610351562,218.8699951171875,218.51100158691406,218.7899932861328,125229,AMD,5m
2026-04-07 18:15:00+00:00,218.7899932861328,219.0,218.63499450683594,218.9600067138672,99520,AMD,5m
2026-04-07 18:20:00+00:00,218.93499755859375,218.97500610351562,218.4445037841797,218.5,108484,AMD,5m
2026-04-07 18:25:00+00:00,218.5050048828125,218.63999938964844,218.3000030517578,218.5198974609375,150635,AMD,5m
2026-04-07 18:30:00+00:00,218.51499938964844,218.80990600585938,218.35000610351562,218.7050018310547,120767,AMD,5m
2026-04-07 18:35:00+00:00,218.61000061035156,218.77000427246094,218.35499572753906,218.49000549316406,102904,AMD,5m
2026-04-07 18:40:00+00:00,218.50999450683594,218.50999450683594,217.9600067138672,218.1999969482422,168967,AMD,5m
2026-04-07 18:45:00+00:00,218.1999969482422,218.25999450683594,217.72669982910156,217.8300018310547,223280,AMD,5m
2026-04-07 18:50:00+00:00,217.8300018310547,217.92999267578125,217.41000366210938,217.53500366210938,152446,AMD,5m
2026-04-07 18:55:00+00:00,217.42999267578125,217.42999267578125,216.7666015625,217.3800048828125,709002,AMD,5m
2026-04-07 19:00:00+00:00,217.3699951171875,217.99000549316406,217.2899932861328,217.63999938964844,242055,AMD,5m
2026-04-07 19:05:00+00:00,217.656494140625,217.8800048828125,217.1199951171875,217.38009643554688,201396,AMD,5m
2026-04-07 19:10:00+00:00,217.3699951171875,217.85000610351562,217.34010314941406,217.72999572753906,174657,AMD,5m
2026-04-07 19:15:00+00:00,217.75,219.38999938964844,217.52999877929688,219.25,415556,AMD,5m
2026-04-07 19:20:00+00:00,219.1999969482422,219.76480102539062,218.4499969482422,219.02000427246094,417506,AMD,5m
2026-04-07 19:25:00+00:00,219.0,219.0399932861328,218.38999938964844,218.74009704589844,242160,AMD,5m
2026-04-07 19:30:00+00:00,218.7449951171875,219.08999633789062,218.5399932861328,218.8699951171875,243481,AMD,5m
2026-04-07 19:35:00+00:00,218.8800048828125,219.02000427246094,218.46600341796875,218.94500732421875,256471,AMD,5m
2026-04-07 19:40:00+00:00,218.91729736328125,219.4499969482422,218.85000610351562,219.23129272460938,270753,AMD,5m
2026-04-07 19:45:00+00:00,219.1999969482422,220.5,219.12010192871094,220.2554931640625,620367,AMD,5m
2026-04-07 19:50:00+00:00,220.3000030517578,221.1199951171875,220.14999389648438,220.6699981689453,551311,AMD,5m
2026-04-07 19:55:00+00:00,220.6699981689453,221.63999938964844,220.6699981689453,221.42999267578125,925450,AMD,5m
2026-04-08 13:30:00+00:00,232.27999877929688,233.98500061035156,228.80999755859375,230.32000732421875,3111709,AMD,5m
2026-04-08 13:35:00+00:00,230.32000732421875,231.16000366210938,229.4532012939453,229.6999969482422,1003740,AMD,5m
2026-04-08 13:40:00+00:00,229.7899932861328,230.3668975830078,228.8791961669922,229.59500122070312,671714,AMD,5m
2026-04-08 13:45:00+00:00,229.61000061035156,230.63999938964844,229.27000427246094,230.2050018310547,575977,AMD,5m
2026-04-08 13:50:00+00:00,230.14999389648438,230.1855010986328,228.83009338378906,229.6009979248047,679539,AMD,5m
2026-04-08 13:55:00+00:00,229.6282958984375,230.1699981689453,228.7725067138672,228.7725067138672,623278,AMD,5m
2026-04-08 14:00:00+00:00,228.80999755859375,228.9425048828125,227.4499969482422,227.6750030517578,682666,AMD,5m
2026-04-08 14:05:00+00:00,227.67999267578125,228.85800170898438,227.6750030517578,228.52000427246094,644173,AMD,5m
2026-04-08 14:10:00+00:00,228.52310180664062,228.77000427246094,227.91000366210938,228.39999389648438,356181,AMD,5m
2026-04-08 14:15:00+00:00,228.5,229.72999572753906,228.3000030517578,229.5,474033,AMD,5m
2026-04-08 14:20:00+00:00,229.52999877929688,230.32000732421875,229.3426971435547,230.07659912109375,470945,AMD,5m
2026-04-08 14:25:00+00:00,230.1199951171875,230.35000610351562,229.0800018310547,229.8291015625,442545,AMD,5m
2026-04-08 14:30:00+00:00,229.7949981689453,230.1999969482422,229.32749938964844,229.79989624023438,460388,AMD,5m
2026-04-08 14:35:00+00:00,229.77000427246094,229.9499969482422,229.10009765625,229.72000122070312,338524,AMD,5m
2026-04-08 14:40:00+00:00,229.7100067138672,229.7899932861328,228.5500030517578,228.9499969482422,401640,AMD,5m
2026-04-08 14:45:00+00:00,228.9499969482422,229.08999633789062,228.04010009765625,228.5998992919922,398504,AMD,5m
2026-04-08 14:50:00+00:00,228.60000610351562,228.66990661621094,227.89999389648438,228.6300048828125,338656,AMD,5m
2026-04-08 14:55:00+00:00,228.625,228.72999572753906,227.08999633789062,228.33700561523438,513961,AMD,5m
2026-04-08 15:00:00+00:00,228.39999389648438,229.72999572753906,228.3699951171875,229.36000061035156,394978,AMD,5m
2026-04-08 15:05:00+00:00,229.35000610351562,230.2299041748047,229.27999877929688,229.72000122070312,460226,AMD,5m
2026-04-08 15:10:00+00:00,229.69000244140625,230.8300018310547,229.47000122070312,230.7449951171875,564990,AMD,5m
2026-04-08 15:15:00+00:00,230.7449951171875,231.5699005126953,230.5,231.5,573557,AMD,5m
2026-04-08 15:20:00+00:00,231.52999877929688,231.9499969482422,231.1417999267578,231.94000244140625,546381,AMD,5m
2026-04-08 15:25:00+00:00,231.89280700683594,231.9499969482422,230.85000610351562,231.09500122070312,603262,AMD,5m
2026-04-08 15:30:00+00:00,231.11000061035156,231.2899932861328,230.35000610351562,230.63999938964844,456480,AMD,5m
2026-04-08 15:35:00+00:00,230.6699981689453,231.02499389648438,230.0800018310547,230.66000366210938,393015,AMD,5m
2026-04-08 15:40:00+00:00,230.67999267578125,230.86000061035156,230.32000732421875,230.5,300420,AMD,5m
2026-04-08 15:45:00+00:00,230.52499389648438,231.67999267578125,230.47999572753906,231.63999938964844,445620,AMD,5m
2026-04-08 15:50:00+00:00,231.64999389648438,232.0500030517578,231.32000732421875,231.85000610351562,473558,AMD,5m
2026-04-08 15:55:00+00:00,231.8699951171875,232.6300048828125,231.82000732421875,231.88999938964844,547667,AMD,5m
2026-04-08 16:00:00+00:00,231.8300018310547,232.16000366210938,231.60000610351562,231.99000549316406,293994,AMD,5m
2026-04-08 16:05:00+00:00,232.02000427246094,232.10000610351562,231.60000610351562,231.8350067138672,201041,AMD,5m
2026-04-08 16:10:00+00:00,231.83999633789062,231.92999267578125,231.1743927001953,231.1999969482422,233857,AMD,5m
2026-04-08 16:15:00+00:00,231.2100067138672,231.5,231.0,231.22999572753906,210343,AMD,5m
2026-04-08 16:20:00+00:00,231.25999450683594,231.5800018310547,231.1699981689453,231.47000122070312,229595,AMD,5m
2026-04-08 16:25:00+00:00,231.47000122070312,231.5814971923828,231.23500061035156,231.35000610351562,141519,AMD,5m
2026-04-08 16:30:00+00:00,231.35499572753906,231.7100067138672,231.32000732421875,231.52000427246094,183842,AMD,5m
2026-04-08 16:35:00+00:00,231.47000122070312,232.1999969482422,231.47000122070312,232.0399932861328,249086,AMD,5m
2026-04-08 16:40:00+00:00,232.0399932861328,232.41000366210938,231.99000549316406,232.36050415039062,189088,AMD,5m
2026-04-08 16:45:00+00:00,232.35000610351562,232.77999877929688,232.32000732421875,232.56080627441406,285219,AMD,5m
2026-04-08 16:50:00+00:00,232.5718994140625,233.35000610351562,232.25,233.3199005126953,380425,AMD,5m
2026-04-08 16:55:00+00:00,233.2949981689453,233.5500030517578,233.2100067138672,233.27999877929688,308499,AMD,5m
2026-04-08 17:00:00+00:00,233.27999877929688,233.57000732421875,233.08999633789062,233.1999969482422,219393,AMD,5m
2026-04-08 17:05:00+00:00,233.1699981689453,233.3000030517578,232.8957977294922,232.89999389648438,200891,AMD,5m
2026-04-08 17:10:00+00:00,232.89999389648438,232.94500732421875,232.63999938964844,232.86000061035156,214800,AMD,5m
2026-04-08 17:15:00+00:00,232.86000061035156,232.89999389648438,232.44000244140625,232.49000549316406,215739,AMD,5m
2026-04-08 17:20:00+00:00,232.47999572753906,232.6999969482422,232.19000244140625,232.22000122070312,197060,AMD,5m
2026-04-08 17:25:00+00:00,232.22000122070312,232.4600067138672,231.8800048828125,232.12989807128906,233965,AMD,5m
2026-04-08 17:30:00+00:00,232.1300048828125,232.42999267578125,231.95010375976562,232.1199951171875,220393,AMD,5m
2026-04-08 17:35:00+00:00,232.10000610351562,232.3699951171875,231.63999938964844,232.0865936279297,256889,AMD,5m
2026-04-08 17:40:00+00:00,232.07009887695312,232.55999755859375,232.04100036621094,232.1300048828125,213836,AMD,5m
2026-04-08 17:45:00+00:00,232.16000366210938,232.47999572753906,232.07009887695312,232.4199981689453,196987,AMD,5m
2026-04-08 17:50:00+00:00,232.4600067138672,232.80999755859375,232.4499969482422,232.6800994873047,207855,AMD,5m
2026-04-08 17:55:00+00:00,232.72000122070312,232.93499755859375,232.60000610351562,232.89999389648438,131234,AMD,5m
2026-04-08 18:00:00+00:00,232.9149932861328,233.58999633789062,232.69000244140625,233.47500610351562,373488,AMD,5m
2026-04-08 18:05:00+00:00,233.47500610351562,233.5500030517578,233.17999267578125,233.5449981689453,233366,AMD,5m
2026-04-08 18:10:00+00:00,233.55499267578125,233.74000549316406,233.22000122070312,233.42999267578125,294946,AMD,5m
2026-04-08 18:15:00+00:00,233.3699951171875,233.55999755859375,232.0800018310547,232.3800048828125,348545,AMD,5m
2026-04-08 18:20:00+00:00,232.38999938964844,232.92999267578125,232.32000732421875,232.64500427246094,288837,AMD,5m
2026-04-08 18:25:00+00:00,232.63499450683594,232.72000122070312,232.3300018310547,232.36000061035156,201437,AMD,5m
2026-04-08 18:30:00+00:00,232.36000061035156,232.75999450683594,232.36000061035156,232.61990356445312,242460,AMD,5m
2026-04-08 18:35:00+00:00,232.6199951171875,232.7899932861328,232.4600067138672,232.5,272649,AMD,5m
2026-04-08 18:40:00+00:00,232.49200439453125,232.5050048828125,231.77999877929688,231.8300018310547,245943,AMD,5m
2026-04-08 18:45:00+00:00,231.8350067138672,232.14999389648438,231.4600067138672,231.4600067138672,294220,AMD,5m
2026-04-08 18:50:00+00:00,231.4600067138672,231.4600067138672,230.86000061035156,230.94500732421875,323445,AMD,5m
2026-04-08 18:55:00+00:00,230.92999267578125,230.97999572753906,229.9250030517578,230.0500030517578,335840,AMD,5m
2026-04-08 19:00:00+00:00,230.0399932861328,230.16000366210938,229.67999267578125,229.76499938964844,509937,AMD,5m
2026-04-08 19:05:00+00:00,229.75999450683594,230.61000061035156,229.5749969482422,230.5,352928,AMD,5m
2026-04-08 19:10:00+00:00,230.5500030517578,231.1898956298828,230.30999755859375,231.11000061035156,336644,AMD,5m
2026-04-08 19:15:00+00:00,231.11000061035156,231.2895050048828,230.27999877929688,230.38009643554688,323446,AMD,5m
2026-04-08 19:20:00+00:00,230.41000366210938,230.69000244140625,230.2200927734375,230.55999755859375,221940,AMD,5m
2026-04-08 19:25:00+00:00,230.5449981689453,230.97000122070312,230.52000427246094,230.66000366210938,244850,AMD,5m
2026-04-08 19:30:00+00:00,230.6199951171875,231.1999969482422,230.57000732421875,230.806396484375,281714,AMD,5m
2026-04-08 19:35:00+00:00,230.83999633789062,231.22999572753906,230.80999755859375,231.07339477539062,293781,AMD,5m
2026-04-08 19:40:00+00:00,231.05999755859375,231.17999267578125,230.67999267578125,231.09010314941406,234612,AMD,5m
2026-04-08 19:45:00+00:00,231.08999633789062,231.42999267578125,231.0800018310547,231.25,309674,AMD,5m
2026-04-08 19:50:00+00:00,231.25,231.60000610351562,231.16119384765625,231.3199005126953,563465,AMD,5m
2026-04-08 19:55:00+00:00,231.30999755859375,231.89999389648438,231.30999755859375,231.87899780273438,1045743,AMD,5m
2026-04-09 13:30:00+00:00,233.01400756835938,234.44500732421875,230.91009521484375,231.08999633789062,1857235,AMD,5m
2026-04-09 13:35:00+00:00,231.16000366210938,233.36000061035156,231.07249450683594,232.72000122070312,624602,AMD,5m
2026-04-09 13:40:00+00:00,232.75840759277344,235.44000244140625,232.33999633789062,235.25999450683594,1035898,AMD,5m
2026-04-09 13:45:00+00:00,235.25,235.98989868164062,234.24009704589844,235.61500549316406,793767,AMD,5m
2026-04-09 13:50:00+00:00,235.60000610351562,235.77000427246094,233.17999267578125,233.2050018310547,634247,AMD,5m
2026-04-09 13:55:00+00:00,233.2050018310547,233.8300018310547,232.1999969482422,233.6199951171875,574269,AMD,5m
2026-04-09 14:00:00+00:00,233.7100067138672,233.8699951171875,233.10000610351562,233.2550048828125,285408,AMD,5m
2026-04-09 14:05:00+00:00,233.2899932861328,233.69000244140625,232.74000549316406,232.9499969482422,283953,AMD,5m
2026-04-09 14:10:00+00:00,232.91000366210938,233.5399932861328,232.57000732421875,232.97999572753906,267383,AMD,5m
2026-04-09 14:15:00+00:00,232.97500610351562,233.00999450683594,231.86000061035156,232.38499450683594,418389,AMD,5m
2026-04-09 14:20:00+00:00,232.38999938964844,233.10000610351562,232.0500030517578,232.88999938964844,334164,AMD,5m
2026-04-09 14:25:00+00:00,232.86000061035156,232.86500549316406,231.75999450683594,232.3800048828125,327284,AMD,5m
2026-04-09 14:30:00+00:00,232.33999633789062,232.72000122070312,232.02000427246094,232.47999572753906,253915,AMD,5m
2026-04-09 14:35:00+00:00,232.47500610351562,232.94000244140625,232.06239318847656,232.89999389648438,278910,AMD,5m
2026-04-09 14:40:00+00:00,232.9040985107422,233.81399536132812,232.82000732421875,233.6750030517578,337495,AMD,5m
2026-04-09 14:45:00+00:00,233.64999389648438,234.1199951171875,233.38999938964844,234.05999755859375,309057,AMD,5m
2026-04-09 14:50:00+00:00,234.07000732421875,235.47000122070312,233.92999267578125,235.22999572753906,471814,AMD,5m
2026-04-09 14:55:00+00:00,235.2100067138672,235.52999877929688,234.5605926513672,235.22500610351562,442627,AMD,5m
2026-04-09 15:00:00+00:00,235.19000244140625,235.19000244140625,234.64999389648438,234.7698974609375,300997,AMD,5m
2026-04-09 15:05:00+00:00,234.76800537109375,234.8000030517578,234.0,234.181396484375,315644,AMD,5m
2026-04-09 15:10:00+00:00,234.1511993408203,235.52000427246094,234.10000610351562,235.4499053955078,360710,AMD,5m
2026-04-09 15:15:00+00:00,235.40499877929688,235.8000030517578,235.16000366210938,235.63999938964844,420613,AMD,5m
2026-04-09 15:20:00+00:00,235.64999389648438,235.9600067138672,235.33090209960938,235.36000061035156,317963,AMD,5m
2026-04-09 15:25:00+00:00,235.33059692382812,235.4499969482422,234.2180938720703,234.385498046875,307208,AMD,5m
2026-04-09 15:30:00+00:00,234.3800048828125,235.85000610351562,234.32000732421875,235.63999938964844,600401,AMD,5m
2026-04-09 15:35:00+00:00,235.59849548339844,235.88999938964844,234.89999389648438,235.0399932861328,373359,AMD,5m
2026-04-09 15:40:00+00:00,235.07000732421875,235.60000610351562,234.7301025390625,235.36000061035156,271960,AMD,5m
2026-04-09 15:45:00+00:00,235.35499572753906,236.5,235.06100463867188,235.75,449225,AMD,5m
2026-04-09 15:50:00+00:00,235.69000244140625,236.07000732421875,235.64999389648438,235.76499938964844,227209,AMD,5m
2026-04-09 15:55:00+00:00,235.75999450683594,235.99000549316406,235.55999755859375,235.99000549316406,482670,AMD,5m
2026-04-09 16:00:00+00:00,236.0,236.8699951171875,235.82000732421875,236.39999389648438,324277,AMD,5m
2026-04-09 16:05:00+00:00,236.41000366210938,236.41000366210938,235.16050720214844,235.1699981689453,254810,AMD,5m
2026-04-09 16:10:00+00:00,235.16000366210938,235.3000030517578,234.8000030517578,234.88999938964844,260444,AMD,5m
2026-04-09 16:15:00+00:00,234.89999389648438,235.85000610351562,234.89999389648438,235.82000732421875,215337,AMD,5m
2026-04-09 16:20:00+00:00,235.8282012939453,235.91000366210938,235.4949951171875,235.62010192871094,585120,AMD,5m
2026-04-09 16:25:00+00:00,235.63999938964844,235.6649932861328,235.3000030517578,235.32989501953125,0,AMD,5m
2026-04-09 16:30:00+00:00,235.33009338378906,235.5800018310547,235.1999969482422,235.42120361328125,144667,AMD,5m
2026-04-09 16:35:00+00:00,235.39999389648438,235.44000244140625,234.86959838867188,235.13999938964844,175140,AMD,5m
2026-04-09 16:40:00+00:00,235.13999938964844,235.13999938964844,234.75999450683594,234.85000610351562,117541,AMD,5m
2026-04-09 16:45:00+00:00,234.8300018310547,234.8300018310547,234.02000427246094,234.35989379882812,213969,AMD,5m
2026-04-09 16:50:00+00:00,234.3300018310547,234.8000030517578,234.1999969482422,234.56500244140625,177208,AMD,5m
2026-04-09 16:55:00+00:00,234.57069396972656,234.66000366210938,234.22000122070312,234.33999633789062,107059,AMD,5m
2026-04-09 17:00:00+00:00,234.34500122070312,234.5,233.9499969482422,234.36000061035156,262913,AMD,5m
2026-04-09 17:05:00+00:00,234.3800048828125,234.6750030517578,234.2100067138672,234.39990234375,160133,AMD,5m
2026-04-09 17:10:00+00:00,234.40069580078125,234.5500030517578,234.26319885253906,234.3101043701172,106886,AMD,5m
2026-04-09 17:15:00+00:00,234.30999755859375,234.8300018310547,234.30999755859375,234.63999938964844,129896,AMD,5m
2026-04-09 17:20:00+00:00,234.66000366210938,234.8000030517578,234.39999389648438,234.44749450683594,112562,AMD,5m
2026-04-09 17:25:00+00:00,234.46499633789062,234.5850067138672,234.15159606933594,234.19000244140625,170237,AMD,5m
2026-04-09 17:30:00+00:00,234.18499755859375,234.18499755859375,233.4199981689453,233.73500061035156,284710,AMD,5m
2026-04-09 17:35:00+00:00,233.75,234.56500244140625,233.75,234.40499877929688,262722,AMD,5m
2026-04-09 17:40:00+00:00,234.41000366210938,234.4600067138672,234.02000427246094,234.1300048828125,109039,AMD,5m
2026-04-09 17:45:00+00:00,234.1199951171875,234.3800048828125,233.9550018310547,234.1696014404297,149554,AMD,5m
2026-04-09 17:50:00+00:00,234.08999633789062,234.08999633789062,233.64999389648438,234.0,121315,AMD,5m
2026-04-09 17:55:00+00:00,234.02000427246094,234.10000610351562,233.83999633789062,233.94000244140625,84135,AMD,5m
2026-04-09 18:00:00+00:00,233.9600067138672,234.3000030517578,233.4499969482422,233.7100067138672,216623,AMD,5m
2026-04-09 18:05:00+00:00,233.8000030517578,234.72999572753906,233.8000030517578,234.72000122070312,234343,AMD,5m
2026-04-09 18:10:00+00:00,234.72500610351562,234.99000549316406,234.33999633789062,234.8699951171875,279125,AMD,5m
2026-04-09 18:15:00+00:00,234.90989685058594,235.44000244140625,234.85000610351562,235.1416015625,411795,AMD,5m
2026-04-09 18:20:00+00:00,235.15499877929688,235.36000061035156,235.0800018310547,235.1699981689453,206255,AMD,5m
2026-04-09 18:25:00+00:00,235.19000244140625,235.6300048828125,235.0500030517578,235.1685028076172,257294,AMD,5m
2026-04-09 18:30:00+00:00,235.1750030517578,235.4600067138672,234.9300994873047,235.0800018310547,144429,AMD,5m
2026-04-09 18:35:00+00:00,235.0800018310547,235.51939392089844,234.85879516601562,235.4199981689453,141326,AMD,5m
2026-04-09 18:40:00+00:00,235.42999267578125,235.47999572753906,235.00999450683594,235.1999969482422,135655,AMD,5m
2026-04-09 18:45:00+00:00,235.22500610351562,235.5399932861328,235.1300048828125,235.53500366210938,112258,AMD,5m
2026-04-09 18:50:00+00:00,235.5399932861328,235.74989318847656,235.24000549316406,235.67999267578125,226255,AMD,5m
2026-04-09 18:55:00+00:00,235.6999969482422,236.1999969482422,235.67999267578125,236.0500030517578,322430,AMD,5m
2026-04-09 19:00:00+00:00,236.0500030517578,236.77999877929688,236.02999877929688,236.5500030517578,249756,AMD,5m
2026-04-09 19:05:00+00:00,236.5399932861328,236.64639282226562,236.2899932861328,236.64639282226562,152972,AMD,5m
2026-04-09 19:10:00+00:00,236.63009643554688,236.9600067138672,236.57000732421875,236.6999969482422,233943,AMD,5m
2026-04-09 19:15:00+00:00,236.69000244140625,236.82000732421875,236.4801025390625,236.55999755859375,145908,AMD,5m
2026-04-09 19:20:00+00:00,236.57000732421875,236.6699981689453,236.40049743652344,236.58999633789062,161350,AMD,5m
2026-04-09 19:25:00+00:00,236.60000610351562,236.9600067138672,236.49000549316406,236.58999633789062,192054,AMD,5m
2026-04-09 19:30:00+00:00,236.60499572753906,237.0,236.47000122070312,236.95989990234375,298501,AMD,5m
2026-04-09 19:35:00+00:00,236.92999267578125,236.9550018310547,236.75999450683594,236.80999755859375,189602,AMD,5m
2026-04-09 19:40:00+00:00,236.83999633789062,236.85000610351562,236.52999877929688,236.74000549316406,253440,AMD,5m
2026-04-09 19:45:00+00:00,236.72999572753906,236.8350067138672,236.50999450683594,236.61000061035156,249932,AMD,5m
2026-04-09 19:50:00+00:00,236.63999938964844,237.10000610351562,236.57000732421875,236.99000549316406,411862,AMD,5m
2026-04-09 19:55:00+00:00,237.0,237.0,236.3022003173828,236.63999938964844,802168,AMD,5m
2026-04-10 13:30:00+00:00,238.9600067138672,243.69000244140625,238.9600067138672,242.82000732421875,2792667,AMD,5m
2026-04-10 13:35:00+00:00,242.84800720214844,244.1999969482422,241.79010009765625,242.1761016845703,1195642,AMD,5m
2026-04-10 13:40:00+00:00,242.16769409179688,246.0,241.86000061035156,245.72999572753906,1874999,AMD,5m
2026-04-10 13:45:00+00:00,245.75,249.49000549316406,245.7301025390625,248.8249969482422,2268196,AMD,5m
2026-04-10 13:50:00+00:00,248.8000030517578,248.8249969482422,247.55999755859375,247.9333953857422,1153272,AMD,5m
2026-04-10 13:55:00+00:00,247.94000244140625,247.94000244140625,246.64999389648438,247.3300018310547,821195,AMD,5m
2026-04-10 14:00:00+00:00,247.27999877929688,247.8000030517578,246.0800018310547,246.23500061035156,719849,AMD,5m
2026-04-10 14:05:00+00:00,246.24000549316406,246.66000366210938,245.33999633789062,245.61000061035156,641272,AMD,5m
2026-04-10 14:10:00+00:00,245.66000366210938,246.17990112304688,244.6199951171875,246.1114044189453,865324,AMD,5m
2026-04-10 14:15:00+00:00,246.13499450683594,246.55999755859375,245.89999389648438,246.3800048828125,502089,AMD,5m
2026-04-10 14:20:00+00:00,246.38499450683594,247.1999969482422,245.85000610351562,246.5749969482422,582819,AMD,5m
2026-04-10 14:25:00+00:00,246.5749969482422,246.72000122070312,245.8800048828125,246.16000366210938,302835,AMD,5m
2026-04-10 14:30:00+00:00,246.1649932861328,247.3000030517578,246.05999755859375,246.9149932861328,501576,AMD,5m
2026-04-10 14:35:00+00:00,246.8800048828125,246.98489379882812,246.2899932861328,246.52499389648438,389049,AMD,5m
2026-04-10 14:40:00+00:00,246.5500030517578,247.22000122070312,246.34039306640625,246.74000549316406,382815,AMD,5m
2026-04-10 14:45:00+00:00,246.7449951171875,247.60000610351562,246.64999389648438,247.15499877929688,440687,AMD,5m
2026-04-10 14:50:00+00:00,247.25,247.97999572753906,246.9600067138672,247.47999572753906,371771,AMD,5m
2026-04-10 14:55:00+00:00,247.49000549316406,248.67999267578125,247.12010192871094,248.5050048828125,577727,AMD,5m
2026-04-10 15:00:00+00:00,248.52000427246094,248.6999969482422,247.97149658203125,248.5800018310547,409076,AMD,5m
2026-04-10 15:05:00+00:00,248.6199951171875,248.9799041748047,248.47999572753906,248.6811065673828,401764,AMD,5m
2026-04-10 15:10:00+00:00,248.69000244140625,248.7100067138672,248.05999755859375,248.6199951171875,376676,AMD,5m
2026-04-10 15:15:00+00:00,248.58999633789062,248.87989807128906,248.41000366210938,248.5749969482422,276311,AMD,5m
2026-04-10 15:20:00+00:00,248.5749969482422,249.5800018310547,248.42840576171875,249.39610290527344,483927,AMD,5m
2026-04-10 15:25:00+00:00,249.30999755859375,249.30999755859375,248.14999389648438,248.4600067138672,439581,AMD,5m
2026-04-10 15:30:00+00:00,248.4600067138672,248.46499633789062,247.11000061035156,247.50999450683594,433340,AMD,5m
2026-04-10 15:35:00+00:00,247.5050048828125,247.6999969482422,246.49000549316406,246.59080505371094,452651,AMD,5m
2026-04-10 15:40:00+00:00,246.60000610351562,246.6201934814453,245.85499572753906,246.10049438476562,469299,AMD,5m
2026-04-10 15:45:00+00:00,246.1199951171875,246.35000610351562,245.80999755859375,245.9600067138672,343307,AMD,5m
2026-04-10 15:50:00+00:00,245.9499969482422,246.28990173339844,245.8350067138672,245.8699951171875,245246,AMD,5m
2026-04-10 15:55:00+00:00,245.85000610351562,245.89999389648438,244.85000610351562,245.21499633789062,432070,AMD,5m
2026-04-10 16:00:00+00:00,245.2449951171875,245.27499389648438,244.70010375976562,244.72999572753906,318335,AMD,5m
2026-04-10 16:05:00+00:00,244.73500061035156,245.25999450683594,244.67999267578125,244.8000030517578,312550,AMD,5m
2026-04-10 16:10:00+00:00,244.8000030517578,245.66000366210938,244.75999450683594,245.2100067138672,354142,AMD,5m
2026-04-10 16:15:00+00:00,245.22000122070312,245.5500030517578,244.9600067138672,245.13999938964844,208675,AMD,5m
2026-04-10 16:20:00+00:00,245.17999267578125,245.34979248046875,244.85000610351562,245.27000427246094,206403,AMD,5m
2026-04-10 16:25:00+00:00,245.27000427246094,245.3350067138672,244.57000732421875,244.60000610351562,250949,AMD,5m
2026-04-10 16:30:00+00:00,244.60000610351562,244.97999572753906,244.08999633789062,244.36000061035156,335657,AMD,5m
2026-04-10 16:35:00+00:00,244.36000061035156,244.4600067138672,243.88999938964844,243.97999572753906,276953,AMD,5m
2026-04-10 16:40:00+00:00,243.98500061035156,244.08999633789062,243.6300048828125,243.85000610351562,313760,AMD,5m
2026-04-10 16:45:00+00:00,243.86500549316406,244.5,243.86500549316406,244.38499450683594,296178,AMD,5m
2026-04-10 16:50:00+00:00,244.375,245.44479370117188,244.1699981689453,245.4250030517578,433375,AMD,5m
2026-04-10 16:55:00+00:00,245.42999267578125,245.49000549316406,244.97000122070312,245.2819061279297,269980,AMD,5m
2026-04-10 17:00:00+00:00,245.3000030517578,245.35989379882812,244.9199981689453,245.22000122070312,474178,AMD,5m
2026-04-10 17:05:00+00:00,245.19000244140625,245.5426025390625,244.9600067138672,245.375,247127,AMD,5m
2026-04-10 17:10:00+00:00,245.33999633789062,245.55999755859375,244.9499969482422,245.2050018310547,220362,AMD,5m
2026-04-10 17:15:00+00:00,245.2550048828125,245.36000061035156,245.0800018310547,245.22999572753906,125212,AMD,5m
2026-04-10 17:20:00+00:00,245.2100067138672,245.30999755859375,244.6999969482422,245.07000732421875,174989,AMD,5m
2026-04-10 17:25:00+00:00,245.08999633789062,245.57000732421875,244.94000244140625,245.45750427246094,278836,AMD,5m
2026-04-10 17:30:00+00:00,245.47000122070312,245.74989318847656,245.22999572753906,245.47999572753906,667623,AMD,5m
2026-04-10 17:35:00+00:00,245.52999877929688,245.72999572753906,245.39999389648438,245.72999572753906,138635,AMD,5m
2026-04-10 17:40:00+00:00,245.64999389648438,245.8800048828125,245.55999755859375,245.77999877929688,149789,AMD,5m
2026-04-10 17:45:00+00:00,245.81179809570312,245.86000061035156,245.47000122070312,245.75999450683594,138491,AMD,5m
2026-04-10 17:50:00+00:00,245.75999450683594,245.8800048828125,245.5800018310547,245.6999969482422,125074,AMD,5m
2026-04-10 17:55:00+00:00,245.69000244140625,246.0800018310547,245.6300048828125,245.8300018310547,165275,AMD,5m
2026-04-10 18:00:00+00:00,245.82000732421875,246.02000427246094,245.58009338378906,245.58009338378906,142651,AMD,5m
2026-04-10 18:05:00+00:00,245.59500122070312,245.8000030517578,245.47000122070312,245.60049438476562,120282,AMD,5m
2026-04-10 18:10:00+00:00,245.58999633789062,245.8699951171875,245.48500061035156,245.80499267578125,121851,AMD,5m
2026-04-10 18:15:00+00:00,245.77000427246094,246.02000427246094,245.64999389648438,245.9320068359375,125246,AMD,5m
2026-04-10 18:20:00+00:00,245.9499969482422,246.32000732421875,245.92999267578125,246.11000061035156,230038,AMD,5m
2026-04-10 18:25:00+00:00,246.08999633789062,246.2100067138672,245.8209991455078,245.93499755859375,127475,AMD,5m
2026-04-10 18:30:00+00:00,245.9304962158203,245.99000549316406,245.4600067138672,245.4600067138672,161536,AMD,5m
2026-04-10 18:35:00+00:00,245.460205078125,245.6197052001953,245.25,245.3300018310547,152476,AMD,5m
2026-04-10 18:40:00+00:00,245.3000030517578,245.3800048828125,244.88999938964844,245.10000610351562,239801,AMD,5m
2026-04-10 18:45:00+00:00,245.00999450683594,245.29989624023438,245.0,245.1999969482422,130439,AMD,5m
2026-04-10 18:50:00+00:00,245.1649932861328,245.57000732421875,245.1501007080078,245.2899932861328,169509,AMD,5m
2026-04-10 18:55:00+00:00,245.2899932861328,245.39999389648438,245.1199951171875,245.22999572753906,139951,AMD,5m
2026-04-10 19:00:00+00:00,245.2100067138672,245.41000366210938,245.110107421875,245.30999755859375,191905,AMD,5m
2026-04-10 19:05:00+00:00,245.32000732421875,245.75,245.30999755859375,245.63499450683594,167169,AMD,5m
2026-04-10 19:10:00+00:00,245.6300048828125,245.8699951171875,245.52999877929688,245.60000610351562,189305,AMD,5m
2026-04-10 19:15:00+00:00,245.63499450683594,246.0500030517578,245.5,246.0,204989,AMD,5m
2026-04-10 19:20:00+00:00,246.01499938964844,246.16000366210938,245.82009887695312,245.89999389648438,192983,AMD,5m
2026-04-10 19:25:00+00:00,245.91000366210938,246.10000610351562,245.8000030517578,245.8101043701172,167796,AMD,5m
2026-04-10 19:30:00+00:00,245.8249969482422,245.8249969482422,245.47999572753906,245.73989868164062,257604,AMD,5m
2026-04-10 19:35:00+00:00,245.73989868164062,245.77999877929688,245.3300018310547,245.4499969482422,245883,AMD,5m
2026-04-10 19:40:00+00:00,245.39999389648438,245.85000610351562,245.25599670410156,245.8350067138672,317383,AMD,5m
2026-04-10 19:45:00+00:00,245.82000732421875,245.94000244140625,245.1199951171875,245.2550048828125,435221,AMD,5m
2026-04-10 19:50:00+00:00,245.27999877929688,245.6999969482422,245.1699981689453,245.64999389648438,472401,AMD,5m
2026-04-10 19:55:00+00:00,245.6300048828125,245.6300048828125,244.8000030517578,245.02000427246094,1065203,AMD,5m
2026-04-13 13:30:00+00:00,244.97500610351562,246.27999877929688,244.97500610351562,245.1199951171875,2026624,AMD,5m
2026-04-13 13:35:00+00:00,245.13999938964844,245.85000610351562,243.72999572753906,244.3242950439453,676993,AMD,5m
2026-04-13 13:40:00+00:00,244.30349731445312,244.63999938964844,242.89999389648438,243.00999450683594,557544,AMD,5m
2026-04-13 13:45:00+00:00,243.03500366210938,243.7655029296875,242.02999877929688,243.6300048828125,619960,AMD,5m
2026-04-13 13:50:00+00:00,243.6300048828125,243.9499969482422,242.85009765625,243.5,403040,AMD,5m
2026-04-13 13:55:00+00:00,243.64999389648438,243.75,242.5500030517578,243.68499755859375,398712,AMD,5m
2026-04-13 14:00:00+00:00,243.6699981689453,244.44000244140625,243.39500427246094,244.43099975585938,482434,AMD,5m
2026-04-13 14:05:00+00:00,244.4550018310547,244.49000549316406,243.0500030517578,243.375,357348,AMD,5m
2026-04-13 14:10:00+00:00,243.41000366210938,243.41000366210938,242.6199951171875,242.86000061035156,330598,AMD,5m
2026-04-13 14:15:00+00:00,242.88999938964844,243.4149932861328,242.83999633789062,243.23500061035156,228240,AMD,5m
2026-04-13 14:20:00+00:00,243.24000549316406,243.75,242.6501007080078,243.1300048828125,294145,AMD,5m
2026-04-13 14:25:00+00:00,243.14999389648438,243.36500549316406,242.97999572753906,243.17999267578125,151501,AMD,5m
2026-04-13 14:30:00+00:00,243.1199951171875,243.49000549316406,242.72000122070312,243.4499969482422,246912,AMD,5m
2026-04-13 14:35:00+00:00,243.44009399414062,243.60000610351562,242.8800048828125,242.9550018310547,188994,AMD,5m
2026-04-13 14:40:00+00:00,242.91000366210938,243.5312957763672,242.86000061035156,243.52000427246094,197502,AMD,5m
2026-04-13 14:45:00+00:00,243.50999450683594,243.75,243.2899932861328,243.57839965820312,186800,AMD,5m
2026-04-13 14:50:00+00:00,243.5449981689453,244.32000732421875,243.36000061035156,244.2100067138672,248419,AMD,5m
2026-04-13 14:55:00+00:00,244.25999450683594,244.5399932861328,243.9499969482422,244.35000610351562,275856,AMD,5m
2026-04-13 15:00:00+00:00,244.35000610351562,244.36000061035156,243.3800048828125,243.44000244140625,239230,AMD,5m
2026-04-13 15:05:00+00:00,243.46499633789062,244.10000610351562,243.4001007080078,243.99000549316406,143872,AMD,5m
2026-04-13 15:10:00+00:00,243.9600067138672,244.67999267578125,243.75999450683594,244.34500122070312,201602,AMD,5m
2026-04-13 15:15:00+00:00,244.3800048828125,244.85000610351562,244.35000610351562,244.49000549316406,211374,AMD,5m
2026-04-13 15:20:00+00:00,244.5399932861328,245.0,244.4949951171875,244.60499572753906,210430,AMD,5m
2026-04-13 15:25:00+00:00,244.57000732421875,245.00999450683594,244.41000366210938,244.4499969482422,330351,AMD,5m
2026-04-13 15:30:00+00:00,244.47999572753906,244.6699981689453,244.17999267578125,244.42999267578125,250539,AMD,5m
2026-04-13 15:35:00+00:00,244.5,245.15960693359375,244.33999633789062,245.0050048828125,218363,AMD,5m
2026-04-13 15:40:00+00:00,245.01499938964844,245.09959411621094,244.6699981689453,244.6699981689453,184767,AMD,5m
2026-04-13 15:45:00+00:00,244.60169982910156,245.10000610351562,244.49000549316406,245.05999755859375,175757,AMD,5m
2026-04-13 15:50:00+00:00,245.02000427246094,245.09860229492188,244.8300018310547,244.9499969482422,126652,AMD,5m
2026-04-13 15:55:00+00:00,244.9600067138672,245.2050018310547,244.7899932861328,245.19500732421875,171704,AMD,5m
2026-04-13 16:00:00+00:00,245.19500732421875,245.32000732421875,244.8300018310547,245.07000732421875,272455,AMD,5m
2026-04-13 16:05:00+00:00,245.0800018310547,245.1999969482422,244.44000244140625,245.02999877929688,252860,AMD,5m
2026-04-13 16:10:00+00:00,245.02000427246094,245.17999267578125,244.6999969482422,244.71499633789062,122110,AMD,5m
2026-04-13 16:15:00+00:00,244.71499633789062,244.92999267578125,244.4600067138672,244.60000610351562,182413,AMD,5m
2026-04-13 16:20:00+00:00,244.55999755859375,245.0500030517578,244.5500030517578,245.03500366210938,134115,AMD,5m
2026-04-13 16:25:00+00:00,245.10000610351562,245.75,244.97000122070312,245.4949951171875,187964,AMD,5m
2026-04-13 16:30:00+00:00,245.49989318847656,245.54989624023438,244.9300994873047,245.25,182436,AMD,5m
2026-04-13 16:35:00+00:00,245.2100067138672,245.6999969482422,245.11000061035156,245.47000122070312,211417,AMD,5m
2026-04-13 16:40:00+00:00,245.46499633789062,245.75,245.17999267578125,245.44000244140625,196926,AMD,5m
2026-04-13 16:45:00+00:00,245.42999267578125,245.89999389648438,245.3000030517578,245.69000244140625,156513,AMD,5m
2026-04-13 16:50:00+00:00,245.71499633789062,246.0998992919922,245.62010192871094,245.75,212940,AMD,5m
2026-04-13 16:55:00+00:00,245.75,246.10000610351562,245.52000427246094,245.9949951171875,124929,AMD,5m
2026-04-13 17:00:00+00:00,246.0500030517578,246.3000030517578,245.9199981689453,246.06500244140625,680945,AMD,5m
2026-04-13 17:05:00+00:00,246.06500244140625,246.09500122070312,245.5800018310547,245.6999969482422,129590,AMD,5m
2026-04-13 17:10:00+00:00,245.7100067138672,245.97999572753906,245.69009399414062,245.89999389648438,106274,AMD,5m
2026-04-13 17:15:00+00:00,245.88650512695312,246.25,245.7899932861328,246.1199951171875,152391,AMD,5m
2026-04-13 17:20:00+00:00,246.10000610351562,246.25999450683594,245.94000244140625,246.0800018310547,116289,AMD,5m
2026-04-13 17:25:00+00:00,246.08999633789062,246.24000549316406,245.99000549316406,246.22000122070312,107418,AMD,5m
2026-04-13 17:30:00+00:00,246.1999969482422,246.30499267578125,246.04640197753906,246.10989379882812,110263,AMD,5m
2026-04-13 17:35:00+00:00,246.11000061035156,246.24000549316406,245.9499969482422,246.0500030517578,124702,AMD,5m
2026-04-13 17:40:00+00:00,246.0200958251953,246.08999633789062,245.67010498046875,245.71499633789062,140773,AMD,5m
2026-04-13 17:45:00+00:00,245.7050018310547,245.72000122070312,245.2801055908203,245.2899932861328,215418,AMD,5m
2026-04-13 17:50:00+00:00,245.30499267578125,245.3699951171875,245.07000732421875,245.2899932861328,171027,AMD,5m
2026-04-13 17:55:00+00:00,245.3300018310547,245.47000122070312,245.02999877929688,245.1024932861328,122922,AMD,5m
2026-04-13 18:00:00+00:00,245.0850067138672,245.34500122070312,244.843505859375,245.19000244140625,175359,AMD,5m
2026-04-13 18:05:00+00:00,245.19000244140625,245.38999938964844,245.17999267578125,245.25,103380,AMD,5m
2026-04-13 18:10:00+00:00,245.27000427246094,245.5,245.218505859375,245.41000366210938,112272,AMD,5m
2026-04-13 18:15:00+00:00,245.38999938964844,245.42990112304688,245.0601043701172,245.11000061035156,105710,AMD,5m
2026-04-13 18:20:00+00:00,245.08999633789062,245.61000061035156,244.9600067138672,245.44000244140625,212624,AMD,5m
2026-04-13 18:25:00+00:00,245.44009399414062,245.63299560546875,245.4199981689453,245.52000427246094,110117,AMD,5m
2026-04-13 18:30:00+00:00,245.52000427246094,245.9199981689453,245.5,245.83999633789062,160182,AMD,5m
2026-04-13 18:35:00+00:00,245.8249969482422,246.20989990234375,245.82000732421875,246.0399932861328,168329,AMD,5m
2026-04-13 18:40:00+00:00,246.0500030517578,246.19920349121094,245.9199981689453,246.02000427246094,174740,AMD,5m
2026-04-13 18:45:00+00:00,246.02000427246094,246.3699951171875,246.01010131835938,246.35980224609375,162584,AMD,5m
2026-04-13 18:50:00+00:00,246.33999633789062,246.75,246.17630004882812,246.72000122070312,179846,AMD,5m
2026-04-13 18:55:00+00:00,246.69000244140625,247.0800018310547,246.66000366210938,246.92100524902344,298560,AMD,5m
2026-04-13 19:00:00+00:00,246.92999267578125,247.10000610351562,246.7100067138672,246.75,170582,AMD,5m
2026-04-13 19:05:00+00:00,246.75999450683594,246.94000244140625,246.6699981689453,246.7899932861328,156801,AMD,5m
2026-04-13 19:10:00+00:00,246.8000030517578,246.83999633789062,246.52450561523438,246.7100067138672,134780,AMD,5m
2026-04-13 19:15:00+00:00,246.72000122070312,247.13999938964844,246.6300048828125,247.08999633789062,180644,AMD,5m
2026-04-13 19:20:00+00:00,247.1199951171875,247.1199951171875,246.77999877929688,246.860107421875,157230,AMD,5m
2026-04-13 19:25:00+00:00,246.89999389648438,247.05999755859375,246.8000946044922,246.94000244140625,144654,AMD,5m
2026-04-13 19:30:00+00:00,246.94000244140625,247.24000549316406,246.88009643554688,247.0,185385,AMD,5m
2026-04-13 19:35:00+00:00,247.02000427246094,247.02999877929688,246.5200958251953,246.5850067138672,203234,AMD,5m
2026-04-13 19:40:00+00:00,246.58999633789062,246.67999267578125,246.33299255371094,246.52000427246094,196708,AMD,5m
2026-04-13 19:45:00+00:00,246.52000427246094,246.72999572753906,246.3101043701172,246.6999969482422,259324,AMD,5m
2026-04-13 19:50:00+00:00,246.6999969482422,247.3300018310547,246.6699981689453,247.08999633789062,451577,AMD,5m
2026-04-13 19:55:00+00:00,247.10000610351562,247.27999877929688,246.66000366210938,246.77999877929688,1060228,AMD,5m
2026-04-14 13:30:00+00:00,249.97999572753906,252.02999877929688,247.06300354003906,247.2899932861328,2034082,AMD,5m
2026-04-14 13:35:00+00:00,247.2899932861328,247.7899932861328,245.8699951171875,246.125,788651,AMD,5m
2026-04-14 13:40:00+00:00,246.125,247.9499969482422,245.70010375976562,247.93299865722656,718629,AMD,5m
2026-04-14 13:45:00+00:00,247.9499969482422,248.60000610351562,246.85000610351562,248.30999755859375,612946,AMD,5m
2026-04-14 13:50:00+00:00,248.24749755859375,249.72999572753906,247.52999877929688,249.25,614070,AMD,5m
2026-04-14 13:55:00+00:00,249.1999969482422,249.36000061035156,247.77000427246094,247.89500427246094,551372,AMD,5m
2026-04-14 14:00:00+00:00,247.8699951171875,248.01150512695312,246.64500427246094,246.83999633789062,482337,AMD,5m
2026-04-14 14:05:00+00:00,246.8699951171875,248.25900268554688,246.7899932861328,248.02999877929688,423321,AMD,5m
2026-04-14 14:10:00+00:00,247.98500061035156,248.65499877929688,247.8000946044922,248.58999633789062,324942,AMD,5m
2026-04-14 14:15:00+00:00,248.6898956298828,249.02000427246094,248.5500030517578,248.63999938964844,264450,AMD,5m
2026-04-14 14:20:00+00:00,248.639892578125,249.0399932861328,248.360107421875,248.9199981689453,286574,AMD,5m
2026-04-14 14:25:00+00:00,248.88999938964844,249.2100067138672,248.58009338378906,248.94000244140625,310099,AMD,5m
2026-04-14 14:30:00+00:00,248.9774932861328,249.0800018310547,248.5800018310547,248.8699951171875,236079,AMD,5m
2026-04-14 14:35:00+00:00,248.8800048828125,249.5,248.75999450683594,249.01199340820312,316892,AMD,5m
2026-04-14 14:40:00+00:00,248.9949951171875,249.22999572753906,248.8000030517578,248.87989807128906,149445,AMD,5m
2026-04-14 14:45:00+00:00,248.86500549316406,249.39999389648438,248.8300018310547,249.22500610351562,145353,AMD,5m
2026-04-14 14:50:00+00:00,249.24000549316406,249.90989685058594,249.11830139160156,249.65150451660156,243455,AMD,5m
2026-04-14 14:55:00+00:00,249.64999389648438,249.75,249.36500549316406,249.47000122070312,274826,AMD,5m
2026-04-14 15:00:00+00:00,249.4499969482422,249.47000122070312,248.52999877929688,248.52999877929688,234538,AMD,5m
2026-04-14 15:05:00+00:00,248.55320739746094,248.6699981689453,248.110107421875,248.5601043701172,216112,AMD,5m
2026-04-14 15:10:00+00:00,248.60000610351562,249.64999389648438,248.5399932861328,249.3800048828125,231360,AMD,5m
2026-04-14 15:15:00+00:00,249.36000061035156,250.1656036376953,249.3000030517578,250.15989685058594,312559,AMD,5m
2026-04-14 15:20:00+00:00,250.13499450683594,251.14999389648438,250.04739379882812,251.1300048828125,473292,AMD,5m
2026-04-14 15:25:00+00:00,251.14999389648438,251.4499969482422,251.0,251.07000732421875,307304,AMD,5m
2026-04-14 15:30:00+00:00,251.05999755859375,251.8000030517578,251.00999450683594,251.6300048828125,377807,AMD,5m
2026-04-14 15:35:00+00:00,251.60000610351562,251.89999389648438,251.4199981689453,251.56430053710938,227859,AMD,5m
2026-04-14 15:40:00+00:00,251.5321044921875,251.88999938964844,251.24000549316406,251.77000427246094,276610,AMD,5m
2026-04-14 15:45:00+00:00,251.76499938964844,252.3000030517578,251.74000549316406,252.10000610351562,423996,AMD,5m
2026-04-14 15:50:00+00:00,252.08999633789062,252.25,251.7082061767578,252.24989318847656,247066,AMD,5m
2026-04-14 15:55:00+00:00,252.25,252.3699951171875,251.63999938964844,251.82000732421875,238626,AMD,5m
2026-04-14 16:00:00+00:00,251.82000732421875,252.27000427246094,251.8000030517578,252.24420166015625,203302,AMD,5m
2026-04-14 16:05:00+00:00,252.24000549316406,252.4499969482422,251.83999633789062,252.3800048828125,227339,AMD,5m
2026-04-14 16:10:00+00:00,252.3802947998047,252.5800018310547,252.22000122070312,252.5800018310547,191929,AMD,5m
2026-04-14 16:15:00+00:00,252.55499267578125,252.90499877929688,252.53720092773438,252.74000549316406,250618,AMD,5m
2026-04-14 16:20:00+00:00,252.74000549316406,253.0,252.64999389648438,252.78500366210938,215199,AMD,5m
2026-04-14 16:25:00+00:00,252.78509521484375,252.99000549316406,252.70010375976562,252.86000061035156,161062,AMD,5m
2026-04-14 16:30:00+00:00,252.8699951171875,253.0800018310547,252.66000366210938,252.7100067138672,263498,AMD,5m
2026-04-14 16:35:00+00:00,252.77499389648438,252.82989501953125,252.5,252.7899932861328,174587,AMD,5m
2026-04-14 16:40:00+00:00,252.77000427246094,253.10000610351562,252.71009826660156,253.0749969482422,131765,AMD,5m
2026-04-14 16:45:00+00:00,253.0850067138672,253.11000061035156,252.75,252.94500732421875,158248,AMD,5m
2026-04-14 16:50:00+00:00,252.9600067138672,252.9600067138672,252.4501953125,252.57000732421875,154559,AMD,5m
2026-04-14 16:55:00+00:00,252.59410095214844,252.6300048828125,252.17449951171875,252.27999877929688,198568,AMD,5m
2026-04-14 17:00:00+00:00,252.29010009765625,252.639892578125,252.29010009765625,252.4600067138672,146429,AMD,5m
2026-04-14 17:05:00+00:00,252.44000244140625,252.6999969482422,252.4071044921875,252.5200958251953,180861,AMD,5m
2026-04-14 17:10:00+00:00,252.5399932861328,252.8090057373047,252.50999450683594,252.7100067138672,124233,AMD,5m
2026-04-14 17:15:00+00:00,252.73500061035156,253.19949340820312,252.69630432128906,253.14480590820312,171477,AMD,5m
2026-04-14 17:20:00+00:00,253.1300048828125,253.64500427246094,253.1199951171875,253.49000549316406,260390,AMD,5m
2026-04-14 17:25:00+00:00,253.50770568847656,253.5800018310547,253.22000122070312,253.3800048828125,190337,AMD,5m
2026-04-14 17:30:00+00:00,253.39999389648438,253.60000610351562,253.33999633789062,253.5,119331,AMD,5m
2026-04-14 17:35:00+00:00,253.49000549316406,253.75990295410156,253.35009765625,253.72500610351562,151374,AMD,5m
2026-04-14 17:40:00+00:00,253.77000427246094,253.84959411621094,253.57000732421875,253.625,135751,AMD,5m
2026-04-14 17:45:00+00:00,253.625,253.67999267578125,253.27000427246094,253.39999389648438,120014,AMD,5m
2026-04-14 17:50:00+00:00,253.41000366210938,253.4499969482422,253.24330139160156,253.39999389648438,127424,AMD,5m
2026-04-14 17:55:00+00:00,253.38999938964844,253.6699981689453,253.2998046875,253.61709594726562,167993,AMD,5m
2026-04-14 18:00:00+00:00,253.61709594726562,253.80499267578125,253.5399932861328,253.68499755859375,125561,AMD,5m
2026-04-14 18:05:00+00:00,253.66000366210938,253.82000732421875,253.61000061035156,253.77999877929688,131217,AMD,5m
2026-04-14 18:10:00+00:00,253.72999572753906,253.75,253.35000610351562,253.4510040283203,162952,AMD,5m
2026-04-14 18:15:00+00:00,253.42999267578125,253.44000244140625,252.97000122070312,253.02000427246094,159493,AMD,5m
2026-04-14 18:20:00+00:00,253.0500030517578,253.24000549316406,252.77000427246094,253.04580688476562,207998,AMD,5m
2026-04-14 18:25:00+00:00,253.09500122070312,253.49000549316406,252.91000366210938,253.42999267578125,183462,AMD,5m
2026-04-14 18:30:00+00:00,253.4250030517578,253.8300018310547,253.3699951171875,253.50999450683594,207344,AMD,5m
2026-04-14 18:35:00+00:00,253.5399932861328,253.72000122070312,253.50999450683594,253.64500427246094,127845,AMD,5m
2026-04-14 18:40:00+00:00,253.64999389648438,253.6999053955078,253.30569458007812,253.3699951171875,125053,AMD,5m
2026-04-14 18:45:00+00:00,253.42999267578125,253.75999450683594,253.375,253.75010681152344,144344,AMD,5m
2026-04-14 18:50:00+00:00,253.74000549316406,254.24989318847656,253.7100067138672,254.08999633789062,331371,AMD,5m
2026-04-14 18:55:00+00:00,254.07000732421875,254.1999969482422,253.9700927734375,254.14990234375,163480,AMD,5m
2026-04-14 19:00:00+00:00,254.1199951171875,254.2698974609375,253.99000549316406,254.24009704589844,167860,AMD,5m
2026-04-14 19:05:00+00:00,254.23500061035156,254.69000244140625,254.22999572753906,254.49000549316406,266788,AMD,5m
2026-04-14 19:10:00+00:00,254.47999572753906,254.67880249023438,254.4149932861328,254.5395965576172,181304,AMD,5m
2026-04-14 19:15:00+00:00,254.52000427246094,254.82000732421875,254.50010681152344,254.80499267578125,198212,AMD,5m
2026-04-14 19:20:00+00:00,254.7899932861328,255.10000610351562,254.75010681152344,255.0,403232,AMD,5m
2026-04-14 19:25:00+00:00,255.0198974609375,255.3000030517578,254.8800048828125,255.1699981689453,295002,AMD,5m
2026-04-14 19:30:00+00:00,255.14999389648438,255.4600067138672,255.03709411621094,255.0850067138672,284514,AMD,5m
2026-04-14 19:35:00+00:00,255.0399932861328,255.33999633789062,254.9600067138672,255.2050018310547,283223,AMD,5m
2026-04-14 19:40:00+00:00,255.1999969482422,255.23989868164062,254.64999389648438,254.86500549316406,418449,AMD,5m
2026-04-14 19:45:00+00:00,254.8699951171875,255.14999389648438,254.8699951171875,255.14999389648438,332897,AMD,5m
2026-04-14 19:50:00+00:00,255.19000244140625,255.3699951171875,254.86000061035156,255.08999633789062,463073,AMD,5m
2026-04-14 19:55:00+00:00,255.11500549316406,255.35000610351562,254.89999389648438,255.05999755859375,987128,AMD,5m
2026-04-15 13:30:00+00:00,255.02999877929688,256.5498962402344,253.72999572753906,253.86000061035156,1646275,AMD,5m
2026-04-15 13:35:00+00:00,253.78500366210938,254.77920532226562,253.24000549316406,254.32000732421875,576899,AMD,5m
2026-04-15 13:40:00+00:00,254.25650024414062,254.5,253.25,253.66000366210938,405121,AMD,5m
2026-04-15 13:45:00+00:00,253.5850067138672,255.15480041503906,253.39999389648438,254.64999389648438,528709,AMD,5m
2026-04-15 13:50:00+00:00,254.58999633789062,255.1999969482422,254.4199981689453,254.9949951171875,353641,AMD,5m
2026-04-15 13:55:00+00:00,254.9949951171875,255.5800018310547,254.59010314941406,255.57000732421875,477099,AMD,5m
2026-04-15 14:00:00+00:00,255.5800018310547,255.83999633789062,255.20010375976562,255.4199981689453,355119,AMD,5m
2026-04-15 14:05:00+00:00,255.41050720214844,255.4199981689453,254.7899932861328,255.0998992919922,389607,AMD,5m
2026-04-15 14:10:00+00:00,255.10000610351562,255.42999267578125,254.6009979248047,254.72999572753906,317712,AMD,5m
2026-04-15 14:15:00+00:00,254.63999938964844,255.24000549316406,254.4250030517578,254.55999755859375,331015,AMD,5m
2026-04-15 14:20:00+00:00,254.5749969482422,255.2906951904297,254.56900024414062,255.19500732421875,327319,AMD,5m
2026-04-15 14:25:00+00:00,255.1999969482422,256.1300048828125,254.77999877929688,256.1000061035156,419699,AMD,5m
2026-04-15 14:30:00+00:00,256.1199951171875,256.989990234375,255.89129638671875,256.57000732421875,526862,AMD,5m
2026-04-15 14:35:00+00:00,256.5799865722656,257.59991455078125,256.5150146484375,256.9649963378906,467715,AMD,5m
2026-04-15 14:40:00+00:00,256.9800109863281,257.2998962402344,256.8500061035156,257.0899963378906,249774,AMD,5m
2026-04-15 14:45:00+00:00,257.05999755859375,257.07501220703125,256.5,256.9949951171875,265946,AMD,5m
2026-04-15 14:50:00+00:00,257.0299987792969,257.1698913574219,256.5,256.68280029296875,248355,AMD,5m
2026-04-15 14:55:00+00:00,256.6700134277344,256.9599914550781,256.5,256.6000061035156,248522,AMD,5m
2026-04-15 15:00:00+00:00,256.6050109863281,256.67999267578125,256.1000061035156,256.2149963378906,296594,AMD,5m
2026-04-15 15:05:00+00:00,256.19500732421875,256.2300109863281,255.7100067138672,256.1849060058594,204899,AMD,5m
2026-04-15 15:10:00+00:00,256.19500732421875,256.8800048828125,256.1300048828125,256.69000244140625,218686,AMD,5m
2026-04-15 15:15:00+00:00,256.7099914550781,256.92999267578125,256.4100036621094,256.43499755859375,203977,AMD,5m
2026-04-15 15:20:00+00:00,256.43499755859375,256.57000732421875,256.1400146484375,256.2650146484375,261897,AMD,5m
2026-04-15 15:25:00+00:00,256.260009765625,257.0199890136719,256.2005920410156,256.7349853515625,244653,AMD,5m
2026-04-15 15:30:00+00:00,256.7099914550781,256.7099914550781,256.07000732421875,256.239990234375,185913,AMD,5m
2026-04-15 15:35:00+00:00,256.2699890136719,256.4444885253906,255.8699951171875,256.3500061035156,182006,AMD,5m
2026-04-15 15:40:00+00:00,256.3800048828125,256.95001220703125,256.3500061035156,256.69000244140625,165390,AMD,5m
2026-04-15 15:45:00+00:00,256.68499755859375,257.45001220703125,256.67010498046875,257.1636047363281,240643,AMD,5m
2026-04-15 15:50:00+00:00,257.17498779296875,257.2250061035156,256.7300109863281,256.79998779296875,122438,AMD,5m
2026-04-15 15:55:00+00:00,256.7654113769531,256.8299865722656,255.91000366210938,256.0,196843,AMD,5m
2026-04-15 16:00:00+00:00,256.05999755859375,256.1499938964844,255.8699951171875,255.94000244140625,135862,AMD,5m
2026-04-15 16:05:00+00:00,255.9149932861328,256.3399963378906,255.85000610351562,256.2651062011719,175447,AMD,5m
2026-04-15 16:10:00+00:00,256.2550048828125,256.32000732421875,256.0899963378906,256.19000244140625,97777,AMD,5m
2026-04-15 16:15:00+00:00,256.18499755859375,256.514892578125,255.93499755859375,256.45001220703125,183569,AMD,5m
2026-04-15 16:20:00+00:00,256.4549865722656,256.67999267578125,256.3299865722656,256.6099853515625,128298,AMD,5m
2026-04-15 16:25:00+00:00,256.5799865722656,256.5799865722656,255.8800048828125,255.9199981689453,276891,AMD,5m
2026-04-15 16:30:00+00:00,255.92999267578125,255.99000549316406,255.07009887695312,255.27999877929688,259181,AMD,5m
2026-04-15 16:35:00+00:00,255.2899932861328,255.66000366210938,255.13999938964844,255.13999938964844,179628,AMD,5m
2026-04-15 16:40:00+00:00,255.14999389648438,255.17880249023438,253.90289306640625,254.0500030517578,379990,AMD,5m
2026-04-15 16:45:00+00:00,254.02000427246094,254.17999267578125,253.11000061035156,253.6300048828125,370636,AMD,5m
2026-04-15 16:50:00+00:00,253.64959716796875,253.92999267578125,252.3000030517578,252.56500244140625,415343,AMD,5m
2026-04-15 16:55:00+00:00,252.57000732421875,253.2899932861328,251.85000610351562,253.24000549316406,349867,AMD,5m
2026-04-15 17:00:00+00:00,253.26840209960938,253.84500122070312,253.04010009765625,253.74009704589844,364357,AMD,5m
2026-04-15 17:05:00+00:00,253.75999450683594,254.0800018310547,253.63999938964844,253.85000610351562,226975,AMD,5m
2026-04-15 17:10:00+00:00,253.8699951171875,253.94000244140625,253.6300048828125,253.7899932861328,145522,AMD,5m
2026-04-15 17:15:00+00:00,253.77000427246094,253.99989318847656,253.66000366210938,253.74000549316406,113959,AMD,5m
2026-04-15 17:20:00+00:00,253.71499633789062,253.79989624023438,253.43499755859375,253.57000732421875,104843,AMD,5m
2026-04-15 17:25:00+00:00,253.60000610351562,254.0800018310547,253.55999755859375,253.89999389648438,149320,AMD,5m
2026-04-15 17:30:00+00:00,253.89999389648438,254.52999877929688,253.89500427246094,254.4499969482422,164284,AMD,5m
2026-04-15 17:35:00+00:00,254.44000244140625,254.70199584960938,254.21009826660156,254.27499389648438,231780,AMD,5m
2026-04-15 17:40:00+00:00,254.27499389648438,254.3800048828125,253.8000030517578,253.94000244140625,170012,AMD,5m
2026-04-15 17:45:00+00:00,253.94000244140625,254.34500122070312,253.9250030517578,254.2100067138672,196088,AMD,5m
2026-04-15 17:50:00+00:00,254.2100067138672,254.593994140625,254.2100067138672,254.42999267578125,126893,AMD,5m
2026-04-15 17:55:00+00:00,254.42999267578125,254.4499969482422,254.0500030517578,254.1750030517578,112319,AMD,5m
2026-04-15 18:00:00+00:00,254.19000244140625,254.8000030517578,253.6999969482422,254.19500732421875,269990,AMD,5m
2026-04-15 18:05:00+00:00,254.14500427246094,254.50999450683594,254.10499572753906,254.35499572753906,96094,AMD,5m
2026-04-15 18:10:00+00:00,254.36000061035156,254.8000030517578,254.21009826660156,254.5106964111328,116481,AMD,5m
2026-04-15 18:15:00+00:00,254.5,255.0399932861328,254.47999572753906,254.625,141706,AMD,5m
2026-04-15 18:20:00+00:00,254.625,254.75999450683594,254.2949981689453,254.6699981689453,141747,AMD,5m
2026-04-15 18:25:00+00:00,254.6300048828125,254.87989807128906,254.50010681152344,254.7449951171875,122423,AMD,5m
2026-04-15 18:30:00+00:00,254.7554931640625,254.97999572753906,254.75,254.97000122070312,122848,AMD,5m
2026-04-15 18:35:00+00:00,254.97000122070312,255.25999450683594,254.85009765625,255.13999938964844,138571,AMD,5m
2026-04-15 18:40:00+00:00,255.11000061035156,255.17999267578125,254.91000366210938,255.0,113500,AMD,5m
2026-04-15 18:45:00+00:00,255.0198974609375,255.16000366210938,254.92999267578125,255.08999633789062,107006,AMD,5m
2026-04-15 18:50:00+00:00,255.11000061035156,255.42999267578125,255.11000061035156,255.32000732421875,208260,AMD,5m
2026-04-15 18:55:00+00:00,255.3000946044922,255.5576934814453,255.26010131835938,255.31829833984375,127400,AMD,5m
2026-04-15 19:00:00+00:00,255.30999755859375,255.49859619140625,255.17140197753906,255.4499969482422,133861,AMD,5m
2026-04-15 19:05:00+00:00,255.44000244140625,256.04998779296875,255.44000244140625,256.0199890136719,191332,AMD,5m
2026-04-15 19:10:00+00:00,256.0299987792969,256.2200012207031,255.77999877929688,255.8444061279297,236175,AMD,5m
2026-04-15 19:15:00+00:00,255.875,256.260009765625,255.86000061035156,256.19000244140625,186470,AMD,5m
2026-04-15 19:20:00+00:00,256.19000244140625,256.42999267578125,256.1600036621094,256.3038024902344,152845,AMD,5m
2026-04-15 19:25:00+00:00,256.3500061035156,256.7799072265625,256.2760009765625,256.7650146484375,239304,AMD,5m
2026-04-15 19:30:00+00:00,256.75,257.4700012207031,256.739990234375,257.3999938964844,354938,AMD,5m
2026-04-15 19:35:00+00:00,257.4049987792969,257.4700012207031,257.05999755859375,257.1000061035156,244728,AMD,5m
2026-04-15 19:40:00+00:00,257.1000061035156,257.1099853515625,256.68499755859375,256.739990234375,257431,AMD,5m
2026-04-15 19:45:00+00:00,256.7200012207031,257.05999755859375,256.6200866699219,256.95001220703125,220264,AMD,5m
2026-04-15 19:50:00+00:00,256.9599914550781,257.5289001464844,256.9599914550781,257.30999755859375,645873,AMD,5m
2026-04-15 19:55:00+00:00,257.3399963378906,258.17999267578125,257.3399963378906,258.1099853515625,1350663,AMD,5m
2026-04-16 13:30:00+00:00,265.0,268.7099914550781,263.4599914550781,268.5050048828125,5426227,AMD,5m
2026-04-16 13:35:00+00:00,268.4649963378906,270.1000061035156,264.6600036621094,265.07000732421875,2166374,AMD,5m
2026-04-16 13:40:00+00:00,265.0700988769531,267.33990478515625,264.8999938964844,265.3999938964844,1194892,AMD,5m
2026-04-16 13:45:00+00:00,265.4800109863281,266.3599853515625,264.260009765625,265.4999084472656,921520,AMD,5m
2026-04-16 13:50:00+00:00,265.32000732421875,265.32000732421875,261.510009765625,262.0400085449219,1129108,AMD,5m
2026-04-16 13:55:00+00:00,261.9849853515625,263.45001220703125,261.8369140625,263.32501220703125,664505,AMD,5m
2026-04-16 14:00:00+00:00,263.2950134277344,264.3599853515625,263.1700134277344,263.7799987792969,614387,AMD,5m
2026-04-16 14:05:00+00:00,263.7799987792969,265.45001220703125,263.45001220703125,264.67999267578125,836350,AMD,5m
2026-04-16 14:10:00+00:00,264.67999267578125,265.8999938964844,264.4750061035156,264.8500061035156,521749,AMD,5m
2026-04-16 14:15:00+00:00,265.010009765625,265.260009765625,263.56719970703125,264.239990234375,584043,AMD,5m
2026-04-16 14:20:00+00:00,264.25,265.45001220703125,263.9100036621094,265.3599853515625,488586,AMD,5m
2026-04-16 14:25:00+00:00,265.3194885253906,267.3800048828125,265.2043151855469,266.9200134277344,876680,AMD,5m
2026-04-16 14:30:00+00:00,266.9620056152344,268.3800048828125,266.79998779296875,268.28009033203125,878427,AMD,5m
2026-04-16 14:35:00+00:00,268.30499267578125,268.70001220703125,267.6499938964844,268.0299987792969,811375,AMD,5m
2026-04-16 14:40:00+00:00,267.9700012207031,268.4700012207031,267.3699951171875,268.44000244140625,661843,AMD,5m
2026-04-16 14:45:00+00:00,268.3999938964844,271.20001220703125,268.25,270.8500061035156,1849025,AMD,5m
2026-04-16 14:50:00+00:00,270.7900085449219,272.5899963378906,270.4801025390625,271.1695861816406,1550508,AMD,5m
2026-04-16 14:55:00+00:00,271.1099853515625,271.4327087402344,270.6000061035156,270.8999938964844,628585,AMD,5m
2026-04-16 15:00:00+00:00,270.8900146484375,272.20001220703125,270.45001220703125,272.0849914550781,756136,AMD,5m
2026-04-16 15:05:00+00:00,272.03509521484375,272.8299865722656,271.7099914550781,272.2049865722656,751822,AMD,5m
2026-04-16 15:10:00+00:00,272.20001220703125,273.0899963378906,271.2850036621094,271.5350036621094,1057220,AMD,5m
2026-04-16 15:15:00+00:00,271.5350036621094,272.44000244140625,271.38848876953125,272.20001220703125,583912,AMD,5m
2026-04-16 15:20:00+00:00,272.19500732421875,274.6518859863281,272.17010498046875,274.19000244140625,1136613,AMD,5m
2026-04-16 15:25:00+00:00,274.2099914550781,275.29998779296875,274.0400085449219,275.114990234375,1209927,AMD,5m
2026-04-16 15:30:00+00:00,275.1099853515625,276.57000732421875,274.8399963378906,275.8900146484375,1135644,AMD,5m
2026-04-16 15:35:00+00:00,275.8800048828125,276.56988525390625,275.510009765625,275.7120056152344,897919,AMD,5m
2026-04-16 15:40:00+00:00,275.70001220703125,276.7699890136719,275.4599914550781,276.55999755859375,822804,AMD,5m
2026-04-16 15:45:00+00:00,276.5733947753906,276.5733947753906,275.1000061035156,275.5299987792969,745072,AMD,5m
2026-04-16 15:50:00+00:00,275.510009765625,277.3699951171875,275.4765930175781,277.3299865722656,805225,AMD,5m
2026-04-16 15:55:00+00:00,277.37451171875,278.3599853515625,277.19000244140625,277.8900146484375,954705,AMD,5m
2026-04-16 16:00:00+00:00,277.8699951171875,278.3599853515625,276.8100891113281,276.9700012207031,753607,AMD,5m
2026-04-16 16:05:00+00:00,276.93499755859375,277.7900085449219,276.510498046875,277.7799987792969,697410,AMD,5m
2026-04-16 16:10:00+00:00,277.760009765625,279.2398986816406,277.65008544921875,279.19970703125,920620,AMD,5m
2026-04-16 16:15:00+00:00,279.2185974121094,279.3399963378906,278.3599853515625,278.864990234375,670833,AMD,5m
2026-04-16 16:20:00+00:00,278.864990234375,278.9209899902344,277.6099853515625,278.07000732421875,608718,AMD,5m
2026-04-16 16:25:00+00:00,278.1000061035156,278.82000732421875,277.6499938964844,277.7099914550781,602733,AMD,5m
2026-04-16 16:30:00+00:00,277.760009765625,277.80841064453125,275.5,275.7074890136719,924045,AMD,5m
2026-04-16 16:35:00+00:00,275.69000244140625,277.32000732421875,275.3599853515625,277.1499938964844,760170,AMD,5m
2026-04-16 16:40:00+00:00,277.17498779296875,277.4200134277344,276.6758117675781,276.9750061035156,525635,AMD,5m
2026-04-16 16:45:00+00:00,276.94000244140625,278.3299865722656,276.82000732421875,277.989990234375,605636,AMD,5m
2026-04-16 16:50:00+00:00,277.9599914550781,278.6700134277344,277.3999938964844,277.4800109863281,456159,AMD,5m
2026-04-16 16:55:00+00:00,277.4800109863281,278.0,277.30999755859375,277.4800109863281,539930,AMD,5m
2026-04-16 17:00:00+00:00,277.5375061035156,277.760009765625,277.1600036621094,277.2384948730469,346438,AMD,5m
2026-04-16 17:05:00+00:00,277.2699890136719,277.4198913574219,276.1300048828125,276.4700012207031,450700,AMD,5m
2026-04-16 17:10:00+00:00,276.5,277.2300109863281,275.9599914550781,276.010009765625,525283,AMD,5m
2026-04-16 17:15:00+00:00,276.04998779296875,276.20989990234375,275.7232971191406,275.9049987792969,403452,AMD,5m
2026-04-16 17:20:00+00:00,276.0,276.8900146484375,275.3399963378906,276.8299865722656,572308,AMD,5m
2026-04-16 17:25:00+00:00,276.8550109863281,277.07000732421875,276.20001220703125,276.375,413911,AMD,5m
2026-04-16 17:30:00+00:00,276.3500061035156,276.6499938964844,276.1700134277344,276.29998779296875,275544,AMD,5m
2026-04-16 17:35:00+00:00,276.25,276.25,275.5199890136719,275.79998779296875,342165,AMD,5m
2026-04-16 17:40:00+00:00,275.7900085449219,276.2799987792969,275.75201416015625,276.0799865722656,282648,AMD,5m
2026-04-16 17:45:00+00:00,276.1000061035156,276.2699890136719,275.6099853515625,276.19500732421875,313982,AMD,5m
2026-04-16 17:50:00+00:00,276.19500732421875,276.20001220703125,275.25048828125,275.4700012207031,355699,AMD,5m
2026-04-16 17:55:00+00:00,275.43011474609375,275.45001220703125,274.239990234375,274.6199951171875,600619,AMD,5m
2026-04-16 18:00:00+00:00,274.63958740234375,275.1400146484375,274.1741943359375,274.1741943359375,454285,AMD,5m
2026-04-16 18:05:00+00:00,274.2300109863281,274.6400146484375,273.25,273.4700927734375,643749,AMD,5m
2026-04-16 18:10:00+00:00,273.489990234375,274.1700134277344,273.135009765625,273.92999267578125,499498,AMD,5m
2026-04-16 18:15:00+00:00,273.94000244140625,274.1698913574219,273.42999267578125,273.4790954589844,613058,AMD,5m
2026-04-16 18:20:00+00:00,273.489990234375,273.7699890136719,272.1246032714844,272.54998779296875,580960,AMD,5m
2026-04-16 18:25:00+00:00,272.54998779296875,272.69989013671875,271.8999938964844,272.69989013671875,617995,AMD,5m
2026-04-16 18:30:00+00:00,272.6600036621094,273.4800109863281,272.5000915527344,273.010009765625,471798,AMD,5m
2026-04-16 18:35:00+00:00,272.9906921386719,273.31500244140625,272.75,273.0199890136719,357601,AMD,5m
2026-04-16 18:40:00+00:00,273.05340576171875,273.49859619140625,272.83319091796875,273.1510009765625,446690,AMD,5m
2026-04-16 18:45:00+00:00,273.1700134277344,273.7699890136719,273.1200866699219,273.27288818359375,421588,AMD,5m
2026-04-16 18:50:00+00:00,273.2200012207031,273.6496887207031,273.0,273.5498962402344,313255,AMD,5m
2026-04-16 18:55:00+00:00,273.489990234375,273.67999267578125,273.1600036621094,273.43499755859375,328479,AMD,5m
2026-04-16 19:00:00+00:00,273.4599914550781,274.5340881347656,273.3800964355469,274.0150146484375,609363,AMD,5m
2026-04-16 19:05:00+00:00,274.0249938964844,274.3800048828125,273.6400146484375,273.8500061035156,401689,AMD,5m
2026-04-16 19:10:00+00:00,273.8299865722656,274.3399963378906,273.781005859375,274.25,371809,AMD,5m
2026-04-16 19:15:00+00:00,274.281005859375,275.2698974609375,274.2749938964844,275.1600036621094,774911,AMD,5m
2026-04-16 19:20:00+00:00,275.17498779296875,275.3486022949219,274.32000732421875,274.6300048828125,403183,AMD,5m
2026-04-16 19:25:00+00:00,274.6600036621094,275.260009765625,274.5400085449219,275.05999755859375,411271,AMD,5m
2026-04-16 19:30:00+00:00,275.19000244140625,276.0398864746094,275.0799865722656,275.80499267578125,622461,AMD,5m
2026-04-16 19:35:00+00:00,275.83990478515625,276.6300048828125,275.5799865722656,276.6099853515625,531253,AMD,5m
2026-04-16 19:40:00+00:00,276.6199951171875,277.5144958496094,276.5899963378906,277.30828857421875,848448,AMD,5m
2026-04-16 19:45:00+00:00,277.32000732421875,277.8999938964844,277.25,277.8500061035156,893944,AMD,5m
2026-04-16 19:50:00+00:00,277.82000732421875,278.3999938964844,276.9801025390625,277.06988525390625,1184776,AMD,5m
2026-04-16 19:55:00+00:00,277.07000732421875,278.29998779296875,277.07000732421875,278.260009765625,1936939,AMD,5m
2026-04-17 13:30:00+00:00,278.6400146484375,279.1499938964844,274.1400146484375,276.82000732421875,4316691,AMD,5m
2026-04-17 13:35:00+00:00,276.70001220703125,278.3500061035156,276.29998779296875,276.95050048828125,736434,AMD,5m
2026-04-17 13:40:00+00:00,276.9599914550781,278.21990966796875,276.6000061035156,277.2898864746094,725556,AMD,5m
2026-04-17 13:45:00+00:00,277.25,277.6799011230469,275.1099853515625,277.55999755859375,886317,AMD,5m
2026-04-17 13:50:00+00:00,277.5350036621094,278.5,277.1000061035156,277.67999267578125,811074,AMD,5m
2026-04-17 13:55:00+00:00,277.68499755859375,277.75,275.9100036621094,276.6899108886719,545510,AMD,5m
2026-04-17 14:00:00+00:00,276.70001220703125,277.3699951171875,276.2449951171875,277.1199951171875,406176,AMD,5m
2026-04-17 14:05:00+00:00,277.2398986816406,278.7898864746094,277.06060791015625,278.70001220703125,566545,AMD,5m
2026-04-17 14:10:00+00:00,278.75,279.489990234375,278.3699951171875,279.0,784970,AMD,5m
2026-04-17 14:15:00+00:00,278.93499755859375,279.25,278.4200134277344,278.5028076171875,491479,AMD,5m
2026-04-17 14:20:00+00:00,278.5,278.5249938964844,277.2799987792969,277.5799865722656,453832,AMD,5m
2026-04-17 14:25:00+00:00,277.635009765625,278.79998779296875,277.2200012207031,278.4949951171875,421230,AMD,5m
2026-04-17 14:30:00+00:00,278.55999755859375,279.5,278.0,278.5249938964844,528780,AMD,5m
2026-04-17 14:35:00+00:00,278.42999267578125,278.42999267578125,277.42999267578125,278.19500732421875,392856,AMD,5m
2026-04-17 14:40:00+00:00,278.19500732421875,278.7398986816406,278.0801086425781,278.2430114746094,346689,AMD,5m
2026-04-17 14:45:00+00:00,278.2049865722656,279.29998779296875,277.8900146484375,279.2200012207031,422695,AMD,5m
2026-04-17 14:50:00+00:00,279.17999267578125,279.25,277.760009765625,277.80999755859375,307150,AMD,5m
2026-04-17 14:55:00+00:00,277.82000732421875,278.1700134277344,277.09100341796875,277.6050109863281,402293,AMD,5m
2026-04-17 15:00:00+00:00,277.5950012207031,277.8599853515625,277.0199890136719,277.2099914550781,309093,AMD,5m
2026-04-17 15:05:00+00:00,277.2200012207031,277.5151062011719,277.010009765625,277.3900146484375,243235,AMD,5m
2026-04-17 15:10:00+00:00,277.4049987792969,277.55999755859375,277.1000061035156,277.5044860839844,230474,AMD,5m
2026-04-17 15:15:00+00:00,277.5,277.9599914550781,277.2301025390625,277.42999267578125,313864,AMD,5m
2026-04-17 15:20:00+00:00,277.4549865722656,277.6300048828125,276.95001220703125,277.6300048828125,266772,AMD,5m
2026-04-17 15:25:00+00:00,277.6449890136719,277.82000732421875,277.29998779296875,277.5849914550781,207656,AMD,5m
2026-04-17 15:30:00+00:00,277.54998779296875,278.1789855957031,277.4700012207031,277.9599914550781,243262,AMD,5m
2026-04-17 15:35:00+00:00,277.92999267578125,278.0,276.9599914550781,277.17999267578125,299564,AMD,5m
2026-04-17 15:40:00+00:00,277.1709899902344,277.2200012207031,276.1000061035156,276.2699890136719,376103,AMD,5m
2026-04-17 15:45:00+00:00,276.27508544921875,277.57989501953125,276.27508544921875,277.18499755859375,359208,AMD,5m
2026-04-17 15:50:00+00:00,277.1650085449219,277.46929931640625,277.0299987792969,277.15509033203125,180591,AMD,5m
2026-04-17 15:55:00+00:00,277.1000061035156,277.14990234375,276.260009765625,276.375,276185,AMD,5m
2026-04-17 16:00:00+00:00,276.364990234375,277.3399963378906,276.2604064941406,277.05999755859375,276391,AMD,5m
2026-04-17 16:05:00+00:00,277.04010009765625,278.1700134277344,277.04010009765625,277.8699951171875,437778,AMD,5m
2026-04-17 16:10:00+00:00,277.885009765625,279.1099853515625,277.8450012207031,278.6400146484375,404262,AMD,5m
2026-04-17 16:15:00+00:00,278.60009765625,278.9200134277344,277.9200134277344,278.1199951171875,274163,AMD,5m
2026-04-17 16:20:00+00:00,278.110107421875,278.69000244140625,277.9949951171875,278.6451110839844,201498,AMD,5m
2026-04-17 16:25:00+00:00,278.6099853515625,278.7497863769531,278.2300109863281,278.6300048828125,248215,AMD,5m
2026-04-17 16:30:00+00:00,278.6499938964844,278.9200134277344,278.4801025390625,278.7449951171875,224686,AMD,5m
2026-04-17 16:35:00+00:00,278.7449951171875,279.0,278.5603942871094,278.7300109863281,215231,AMD,5m
2026-04-17 16:40:00+00:00,278.67999267578125,279.2200012207031,278.4200134277344,279.0400085449219,246096,AMD,5m
2026-04-17 16:45:00+00:00,279.05999755859375,279.8999938964844,279.0400085449219,279.7749938964844,470228,AMD,5m
2026-04-17 16:50:00+00:00,279.7900085449219,280.04998779296875,279.6109924316406,279.6300964355469,641464,AMD,5m
2026-04-17 16:55:00+00:00,279.6600036621094,279.8299865722656,279.1099853515625,279.6499938964844,374842,AMD,5m
2026-04-17 17:00:00+00:00,279.6600036621094,280.010009765625,279.3575134277344,279.5299987792969,309182,AMD,5m
2026-04-17 17:05:00+00:00,279.5299987792969,279.83990478515625,278.29998779296875,279.19000244140625,388935,AMD,5m
2026-04-17 17:10:00+00:00,279.05999755859375,279.8500061035156,278.8599853515625,279.739990234375,261215,AMD,5m
2026-04-17 17:15:00+00:00,279.7908020019531,280.04998779296875,279.0799865722656,279.1300048828125,483016,AMD,5m
2026-04-17 17:20:00+00:00,279.0799865722656,279.1990051269531,277.54998779296875,278.1099853515625,516931,AMD,5m
2026-04-17 17:25:00+00:00,278.30999755859375,278.6099853515625,277.9100036621094,278.5150146484375,255747,AMD,5m
2026-04-17 17:30:00+00:00,278.510009765625,278.9700012207031,278.260009765625,278.57501220703125,208238,AMD,5m
2026-04-17 17:35:00+00:00,278.55999755859375,279.17999267578125,278.0899963378906,278.8299865722656,320764,AMD,5m
2026-04-17 17:40:00+00:00,278.75628662109375,279.1000061035156,278.70001220703125,278.9649963378906,162439,AMD,5m
2026-04-17 17:45:00+00:00,278.9700012207031,279.7200012207031,278.9700012207031,279.489990234375,194027,AMD,5m
2026-04-17 17:50:00+00:00,279.4800109863281,279.6400146484375,279.29180908203125,279.4490051269531,215186,AMD,5m
2026-04-17 17:55:00+00:00,279.3900146484375,279.72900390625,279.19000244140625,279.32220458984375,208277,AMD,5m
2026-04-17 18:00:00+00:00,279.3999938964844,279.7298889160156,278.6499938964844,278.8900146484375,247167,AMD,5m
2026-04-17 18:05:00+00:00,278.8900146484375,278.9800109863281,278.610595703125,278.75,135258,AMD,5m
2026-04-17 18:10:00+00:00,278.75,279.0400085449219,278.4714050292969,278.7349853515625,278521,AMD,5m
2026-04-17 18:15:00+00:00,278.7349853515625,279.1499938964844,278.6600036621094,278.8299865722656,148042,AMD,5m
2026-04-17 18:20:00+00:00,278.82000732421875,279.07000732421875,278.3699951171875,279.02508544921875,238745,AMD,5m
2026-04-17 18:25:00+00:00,278.989990234375,279.25,278.20001220703125,278.41009521484375,256354,AMD,5m
2026-04-17 18:30:00+00:00,278.45440673828125,278.739990234375,278.3800048828125,278.44500732421875,157044,AMD,5m
2026-04-17 18:35:00+00:00,278.44000244140625,278.4596862792969,277.7799987792969,277.840087890625,231214,AMD,5m
2026-04-17 18:40:00+00:00,277.8699951171875,278.06500244140625,277.69000244140625,278.0450134277344,176725,AMD,5m
2026-04-17 18:45:00+00:00,278.05499267578125,278.0899963378906,277.67999267578125,277.739990234375,163787,AMD,5m
2026-04-17 18:50:00+00:00,277.75,277.81988525390625,277.1199951171875,277.5531005859375,214809,AMD,5m
2026-04-17 18:55:00+00:00,277.53009033203125,277.8299865722656,277.4200134277344,277.5177001953125,169272,AMD,5m
2026-04-17 19:00:00+00:00,277.5400085449219,277.68499755859375,277.4100036621094,277.5450134277344,141497,AMD,5m
2026-04-17 19:05:00+00:00,277.5450134277344,277.59991455078125,277.19061279296875,277.3450012207031,180855,AMD,5m
2026-04-17 19:10:00+00:00,277.3999938964844,277.44000244140625,277.0201110839844,277.260009765625,212463,AMD,5m
2026-04-17 19:15:00+00:00,277.239990234375,277.82000732421875,277.2300109863281,277.82000732421875,213995,AMD,5m
2026-04-17 19:20:00+00:00,277.7900085449219,278.05999755859375,277.5899963378906,277.82000732421875,240589,AMD,5m
2026-04-17 19:25:00+00:00,277.81500244140625,278.135009765625,277.739990234375,278.07501220703125,242103,AMD,5m
2026-04-17 19:30:00+00:00,278.1000061035156,278.6499938964844,278.0849914550781,278.4200134277344,293052,AMD,5m
2026-04-17 19:35:00+00:00,278.42498779296875,278.69000244140625,277.92999267578125,278.3599853515625,403243,AMD,5m
2026-04-17 19:40:00+00:00,278.3999938964844,278.5,277.7900085449219,278.010009765625,379362,AMD,5m
2026-04-17 19:45:00+00:00,277.989990234375,278.1789855957031,277.82000732421875,277.91119384765625,317672,AMD,5m
2026-04-17 19:50:00+00:00,277.94000244140625,278.2749938964844,277.47119140625,277.5274963378906,582173,AMD,5m
2026-04-17 19:55:00+00:00,277.5799865722656,278.4200134277344,277.54998779296875,278.2799987792969,1335024,AMD,5m
2026-04-20 13:30:00+00:00,280.8800048828125,287.6099853515625,280.80999755859375,285.04998779296875,3619773,AMD,5m
2026-04-20 13:35:00+00:00,285.2200012207031,285.6600036621094,281.54998779296875,282.489990234375,1095669,AMD,5m
2026-04-20 13:40:00+00:00,282.489990234375,283.6299133300781,280.78009033203125,282.53851318359375,1055334,AMD,5m
2026-04-20 13:45:00+00:00,282.4750061035156,282.5799865722656,279.6449890136719,279.8500061035156,795159,AMD,5m
2026-04-20 13:50:00+00:00,279.8800048828125,281.9599914550781,279.4200134277344,281.6885070800781,856896,AMD,5m
2026-04-20 13:55:00+00:00,281.6700134277344,282.5823974609375,279.5805969238281,279.60009765625,928909,AMD,5m
2026-04-20 14:00:00+00:00,279.6549987792969,279.8070068359375,276.5899963378906,277.42498779296875,1018699,AMD,5m
2026-04-20 14:05:00+00:00,277.44500732421875,278.2300109863281,275.6000061035156,276.1000061035156,811737,AMD,5m
2026-04-20 14:10:00+00:00,276.17498779296875,277.75,275.8999938964844,277.29998779296875,653640,AMD,5m
2026-04-20 14:15:00+00:00,277.2099914550781,277.2099914550781,274.7200012207031,275.3450012207031,875948,AMD,5m
2026-04-20 14:20:00+00:00,275.375,276.70989990234375,275.17999267578125,276.5,523842,AMD,5m
2026-04-20 14:25:00+00:00,276.5299987792969,277.55999755859375,276.20001220703125,276.67498779296875,497193,AMD,5m
2026-04-20 14:30:00+00:00,276.6400146484375,277.4200134277344,276.32000732421875,276.8699951171875,372598,AMD,5m
2026-04-20 14:35:00+00:00,276.8399963378906,278.0,276.77301025390625,277.623291015625,437241,AMD,5m
2026-04-20 14:40:00+00:00,277.5751037597656,277.5751037597656,276.0848083496094,276.7200012207031,451689,AMD,5m
2026-04-20 14:45:00+00:00,276.81988525390625,276.86041259765625,276.1099853515625,276.5014953613281,216046,AMD,5m
2026-04-20 14:50:00+00:00,276.5400085449219,276.6462097167969,274.4501037597656,275.32501220703125,529148,AMD,5m
2026-04-20 14:55:00+00:00,275.2001037597656,275.3644104003906,274.0299987792969,274.3299865722656,469349,AMD,5m
2026-04-20 15:00:00+00:00,274.30999755859375,275.08050537109375,273.3699951171875,273.6601867675781,467088,AMD,5m
2026-04-20 15:05:00+00:00,273.7099914550781,274.1098937988281,272.1300048828125,273.8349914550781,684751,AMD,5m
2026-04-20 15:10:00+00:00,273.8349914550781,274.70001220703125,273.739990234375,274.447998046875,505301,AMD,5m
2026-04-20 15:15:00+00:00,274.42999267578125,274.79998779296875,274.1099853515625,274.5899963378906,294684,AMD,5m
2026-04-20 15:20:00+00:00,274.5199890136719,275.3800048828125,274.1499938964844,275.2799987792969,375687,AMD,5m
2026-04-20 15:25:00+00:00,275.2799987792969,276.1099853515625,275.0278015136719,275.7950134277344,343087,AMD,5m
2026-04-20 15:30:00+00:00,275.8276062011719,275.8276062011719,274.6300048828125,274.7699890136719,262176,AMD,5m
2026-04-20 15:35:00+00:00,274.7749938964844,275.2300109863281,274.6400146484375,274.8301086425781,222826,AMD,5m
2026-04-20 15:40:00+00:00,274.8299865722656,275.260009765625,274.3999938964844,274.6650085449219,203566,AMD,5m
2026-04-20 15:45:00+00:00,274.70001220703125,275.57000732421875,274.3883972167969,275.21990966796875,277136,AMD,5m
2026-04-20 15:50:00+00:00,275.1499938964844,275.17999267578125,274.2900085449219,274.7850036621094,243091,AMD,5m
2026-04-20 15:55:00+00:00,274.8399963378906,274.9198913574219,274.44000244140625,274.6050109863281,173441,AMD,5m
2026-04-20 16:00:00+00:00,274.6000061035156,274.94989013671875,274.45001220703125,274.7650146484375,139431,AMD,5m
2026-04-20 16:05:00+00:00,274.69000244140625,275.20001220703125,274.6047058105469,274.7799987792969,210712,AMD,5m
2026-04-20 16:10:00+00:00,274.79998779296875,275.1099853515625,274.69000244140625,275.0199890136719,135877,AMD,5m
2026-04-20 16:15:00+00:00,274.9599914550781,275.0022888183594,274.3299865722656,274.8450012207031,658727,AMD,5m
2026-04-20 16:20:00+00:00,274.8550109863281,275.010009765625,274.360107421875,274.44000244140625,161030,AMD,5m
2026-04-20 16:25:00+00:00,274.4599914550781,274.50640869140625,273.5741882324219,274.1050109863281,371392,AMD,5m
2026-04-20 16:30:00+00:00,274.05999755859375,274.4049072265625,273.8299865722656,274.18011474609375,375284,AMD,5m
2026-04-20 16:35:00+00:00,274.2250061035156,274.42999267578125,273.7247009277344,273.8467102050781,229765,AMD,5m
2026-04-20 16:40:00+00:00,273.8599853515625,274.5,273.840087890625,274.2850036621094,205447,AMD,5m
2026-04-20 16:45:00+00:00,274.2900085449219,274.37139892578125,273.260009765625,273.343994140625,271562,AMD,5m
2026-04-20 16:50:00+00:00,273.3699951171875,273.7900085449219,273.20001220703125,273.59100341796875,195330,AMD,5m
2026-04-20 16:55:00+00:00,273.635009765625,273.7898864746094,273.2528991699219,273.67498779296875,234619,AMD,5m
2026-04-20 17:00:00+00:00,273.6499938964844,274.07000732421875,273.5700988769531,273.7950134277344,565588,AMD,5m
2026-04-20 17:05:00+00:00,273.7699890136719,274.05999755859375,273.6000061035156,273.7149963378906,326619,AMD,5m
2026-04-20 17:10:00+00:00,273.7099914550781,273.79998779296875,273.3699951171875,273.6449890136719,223453,AMD,5m
2026-04-20 17:15:00+00:00,273.5450134277344,273.80999755859375,273.5,273.7149963378906,99824,AMD,5m
2026-04-20 17:20:00+00:00,273.70208740234375,273.70208740234375,273.2601013183594,273.4599914550781,189487,AMD,5m
2026-04-20 17:25:00+00:00,273.5,273.8049011230469,272.94000244140625,272.9700927734375,252790,AMD,5m
2026-04-20 17:30:00+00:00,272.94000244140625,273.8399963378906,272.8500061035156,273.44000244140625,304427,AMD,5m
2026-04-20 17:35:00+00:00,273.4100036621094,273.8599853515625,273.2099914550781,273.6099853515625,219702,AMD,5m
2026-04-20 17:40:00+00:00,273.6099853515625,273.6099853515625,273.04998779296875,273.40008544921875,309588,AMD,5m
2026-04-20 17:45:00+00:00,273.44500732421875,273.7799987792969,273.2300109863281,273.70001220703125,254475,AMD,5m
2026-04-20 17:50:00+00:00,273.7099914550781,274.239990234375,273.70001220703125,274.1700134277344,232949,AMD,5m
2026-04-20 17:55:00+00:00,274.2200012207031,274.2699890136719,273.8999938964844,274.0498962402344,207295,AMD,5m
2026-04-20 18:00:00+00:00,274.0799865722656,274.44000244140625,274.010009765625,274.20001220703125,195013,AMD,5m
2026-04-20 18:05:00+00:00,274.20001220703125,274.2650146484375,273.75,273.864990234375,234847,AMD,5m
2026-04-20 18:10:00+00:00,273.8900146484375,273.9100036621094,273.2200012207031,273.5249938964844,279030,AMD,5m
2026-04-20 18:15:00+00:00,273.5249938964844,273.6000061035156,273.32000732421875,273.4700012207031,123162,AMD,5m
2026-04-20 18:20:00+00:00,273.4800109863281,273.6899108886719,273.2099914550781,273.6390075683594,183438,AMD,5m
2026-04-20 18:25:00+00:00,273.614990234375,274.6400146484375,273.489990234375,274.3500061035156,314927,AMD,5m
2026-04-20 18:30:00+00:00,274.3599853515625,274.81988525390625,274.25,274.7528991699219,249153,AMD,5m
2026-04-20 18:35:00+00:00,274.739990234375,274.9100036621094,274.29998779296875,274.4400939941406,235332,AMD,5m
2026-04-20 18:40:00+00:00,274.44000244140625,275.34991455078125,274.3550109863281,274.9750061035156,326985,AMD,5m
2026-04-20 18:45:00+00:00,275.010009765625,275.3599853515625,274.8800048828125,275.0000915527344,188895,AMD,5m
2026-04-20 18:50:00+00:00,275.05999755859375,275.8399963378906,275.0450134277344,275.79180908203125,262609,AMD,5m
2026-04-20 18:55:00+00:00,275.7950134277344,276.3399963378906,275.7701110839844,276.125,548199,AMD,5m
2026-04-20 19:00:00+00:00,276.1300048828125,276.5,275.79998779296875,276.01959228515625,320496,AMD,5m
2026-04-20 19:05:00+00:00,276.0199890136719,276.42999267578125,275.93011474609375,276.1300048828125,223292,AMD,5m
2026-04-20 19:10:00+00:00,276.1400146484375,276.1700134277344,275.739990234375,275.739990234375,168513,AMD,5m
2026-04-20 19:15:00+00:00,275.7799987792969,275.82000732421875,275.2200012207031,275.70001220703125,216043,AMD,5m
2026-04-20 19:20:00+00:00,275.739990234375,275.739990234375,275.0249938964844,275.05499267578125,186594,AMD,5m
2026-04-20 19:25:00+00:00,275.05999755859375,275.6698913574219,274.82000732421875,275.5299987792969,316056,AMD,5m
2026-04-20 19:30:00+00:00,275.5450134277344,275.7300109863281,275.2200012207031,275.25,238979,AMD,5m
2026-04-20 19:35:00+00:00,275.260009765625,275.57000732421875,275.0700988769531,275.5400085449219,168314,AMD,5m
2026-04-20 19:40:00+00:00,275.5400085449219,275.8861999511719,274.9599914550781,275.0400085449219,266042,AMD,5m
2026-04-20 19:45:00+00:00,275.0150146484375,275.6199951171875,274.9949951171875,275.30010986328125,301546,AMD,5m
2026-04-20 19:50:00+00:00,275.29998779296875,275.3800048828125,274.1600036621094,274.4917907714844,548371,AMD,5m
2026-04-20 19:55:00+00:00,274.5299987792969,275.04998779296875,274.510009765625,274.9599914550781,882361,AMD,5m
2026-04-21 13:30:00+00:00,277.32501220703125,279.79998779296875,277.0799865722656,279.44000244140625,2649500,AMD,5m
2026-04-21 13:35:00+00:00,279.44500732421875,280.45001220703125,278.4800109863281,279.94500732421875,1148421,AMD,5m
2026-04-21 13:40:00+00:00,280.0199890136719,280.1058044433594,278.3699951171875,278.760009765625,620364,AMD,5m
2026-04-21 13:45:00+00:00,278.739990234375,279.5799865722656,278.0899963378906,278.44000244140625,690869,AMD,5m
2026-04-21 13:50:00+00:00,278.44000244140625,278.79998779296875,276.6199951171875,277.9100036621094,590654,AMD,5m
2026-04-21 13:55:00+00:00,277.9150085449219,280.4399108886719,277.65008544921875,280.3299865722656,841539,AMD,5m
2026-04-21 14:00:00+00:00,280.3450012207031,281.0799865722656,279.75,280.4482116699219,686736,AMD,5m
2026-04-21 14:05:00+00:00,280.4049987792969,282.07000732421875,280.4049987792969,281.5,761399,AMD,5m
2026-04-21 14:10:00+00:00,281.45001220703125,281.6499938964844,280.4100036621094,281.32989501953125,445693,AMD,5m
2026-04-21 14:15:00+00:00,281.260009765625,281.9971008300781,280.2300109863281,280.80999755859375,550841,AMD,5m
2026-04-21 14:20:00+00:00,280.8699951171875,281.3699951171875,280.3944091796875,281.14990234375,300237,AMD,5m
2026-04-21 14:25:00+00:00,281.0899963378906,281.75,281.0,281.3599853515625,259895,AMD,5m
2026-04-21 14:30:00+00:00,281.29998779296875,281.57000732421875,280.2500915527344,281.0299987792969,410549,AMD,5m
2026-04-21 14:35:00+00:00,281.0199890136719,281.3599853515625,280.4700012207031,280.760009765625,348621,AMD,5m
2026-04-21 14:40:00+00:00,280.7550048828125,281.1408996582031,280.1499938964844,280.57000732421875,456437,AMD,5m
2026-04-21 14:45:00+00:00,280.5201110839844,280.7298889160156,278.70001220703125,279.1700134277344,638573,AMD,5m
2026-04-21 14:50:00+00:00,279.1300048828125,279.6499938964844,278.70001220703125,279.2699890136719,334267,AMD,5m
2026-04-21 14:55:00+00:00,279.2099914550781,279.2099914550781,277.20001220703125,277.875,456730,AMD,5m
2026-04-21 15:00:00+00:00,277.92999267578125,278.3599853515625,276.8699951171875,277.385009765625,464020,AMD,5m
2026-04-21 15:05:00+00:00,277.3100891113281,278.7900085449219,276.7101135253906,278.67498779296875,502896,AMD,5m
2026-04-21 15:10:00+00:00,278.715087890625,280.2593078613281,278.70001220703125,280.010009765625,791506,AMD,5m
2026-04-21 15:15:00+00:00,280.0458068847656,281.9599914550781,279.79998779296875,281.9200134277344,571266,AMD,5m
2026-04-21 15:20:00+00:00,281.9200134277344,282.6700134277344,281.2099914550781,281.7850036621094,816851,AMD,5m
2026-04-21 15:25:00+00:00,281.7650146484375,281.889892578125,279.9801025390625,280.4700012207031,459221,AMD,5m
2026-04-21 15:30:00+00:00,280.5,282.25,280.4400939941406,281.5950012207031,501366,AMD,5m
2026-04-21 15:35:00+00:00,281.6000061035156,281.63079833984375,280.04998779296875,281.57000732421875,459017,AMD,5m
2026-04-21 15:40:00+00:00,281.5174865722656,282.3900146484375,281.1199951171875,282.0,394483,AMD,5m
2026-04-21 15:45:00+00:00,282.0398864746094,282.9399108886719,281.3999938964844,281.6510925292969,611662,AMD,5m
2026-04-21 15:50:00+00:00,281.7099914550781,281.7099914550781,280.1600036621094,281.1600036621094,440233,AMD,5m
2026-04-21 15:55:00+00:00,281.17999267578125,282.0,281.07000732421875,281.489990234375,247940,AMD,5m
2026-04-21 16:00:00+00:00,281.6698913574219,282.8800048828125,281.5201110839844,282.135009765625,376714,AMD,5m
2026-04-21 16:05:00+00:00,282.135009765625,283.6000061035156,282.0964050292969,283.5203857421875,540591,AMD,5m
2026-04-21 16:10:00+00:00,283.5840148925781,283.6000061035156,282.6499938964844,282.7850036621094,424034,AMD,5m
2026-04-21 16:15:00+00:00,282.8999938964844,283.9599914550781,282.6199951171875,283.8699951171875,412504,AMD,5m
2026-04-21 16:20:00+00:00,283.9100036621094,283.92999267578125,283.0,283.07501220703125,335253,AMD,5m
2026-04-21 16:25:00+00:00,283.139892578125,283.2699890136719,282.4200134277344,282.7449951171875,248256,AMD,5m
2026-04-21 16:30:00+00:00,282.70001220703125,283.4700012207031,282.6600036621094,283.3800048828125,211906,AMD,5m
2026-04-21 16:35:00+00:00,283.4700012207031,283.7699890136719,282.29010009765625,282.5299987792969,325717,AMD,5m
2026-04-21 16:40:00+00:00,282.5299987792969,282.6600036621094,281.6000061035156,281.7950134277344,243692,AMD,5m
2026-04-21 16:45:00+00:00,281.7950134277344,282.9800109863281,281.760009765625,282.95001220703125,254512,AMD,5m
2026-04-21 16:50:00+00:00,282.8900146484375,282.9798889160156,282.5700988769531,282.79998779296875,177382,AMD,5m
2026-04-21 16:55:00+00:00,282.79998779296875,282.8800048828125,282.20001220703125,282.45001220703125,179697,AMD,5m
2026-04-21 17:00:00+00:00,282.44000244140625,284.20001220703125,282.44000244140625,284.0799865722656,589022,AMD,5m
2026-04-21 17:05:00+00:00,284.0249938964844,284.2699890136719,283.0,283.80499267578125,509920,AMD,5m
2026-04-21 17:10:00+00:00,283.80499267578125,283.8793029785156,282.2401123046875,282.7749938964844,313344,AMD,5m
2026-04-21 17:15:00+00:00,282.7749938964844,282.9299011230469,281.4700012207031,281.55999755859375,261312,AMD,5m
2026-04-21 17:20:00+00:00,281.55999755859375,281.75,281.1099853515625,281.5317077636719,301786,AMD,5m
2026-04-21 17:25:00+00:00,281.55999755859375,282.0899963378906,281.1241149902344,281.3349914550781,246867,AMD,5m
2026-04-21 17:30:00+00:00,281.3349914550781,282.0,281.2099914550781,281.57000732421875,226356,AMD,5m
2026-04-21 17:35:00+00:00,281.56500244140625,283.0199890136719,281.4949951171875,282.80999755859375,243010,AMD,5m
2026-04-21 17:40:00+00:00,282.6499938964844,283.3599853515625,282.6000061035156,282.8599853515625,347017,AMD,5m
2026-04-21 17:45:00+00:00,282.8599853515625,283.0,282.19000244140625,282.79998779296875,208070,AMD,5m
2026-04-21 17:50:00+00:00,282.739990234375,283.04998779296875,282.2218933105469,282.3299865722656,145996,AMD,5m
2026-04-21 17:55:00+00:00,282.30499267578125,282.8799133300781,282.0199890136719,282.7900085449219,136985,AMD,5m
2026-04-21 18:00:00+00:00,282.81988525390625,283.739990234375,282.7101135253906,283.44000244140625,233614,AMD,5m
2026-04-21 18:05:00+00:00,283.44000244140625,284.2200012207031,283.3200988769531,283.9049987792969,257301,AMD,5m
2026-04-21 18:10:00+00:00,283.8999938964844,284.9599914550781,283.79998779296875,284.95001220703125,475405,AMD,5m
2026-04-21 18:15:00+00:00,284.9800109863281,284.989990234375,283.4949951171875,284.3599853515625,386020,AMD,5m
2026-04-21 18:20:00+00:00,284.3349914550781,285.1499938964844,284.2300109863281,284.7200012207031,503067,AMD,5m
2026-04-21 18:25:00+00:00,284.7101135253906,285.1499938964844,284.0,284.2349853515625,393133,AMD,5m
2026-04-21 18:30:00+00:00,284.2349853515625,284.8800048828125,284.1914978027344,284.4100036621094,213548,AMD,5m
2026-04-21 18:35:00+00:00,284.4150085449219,284.5799865722656,283.6600036621094,284.07000732421875,326237,AMD,5m
2026-04-21 18:40:00+00:00,284.07000732421875,284.25,283.54998779296875,283.7950134277344,653302,AMD,5m
2026-04-21 18:45:00+00:00,283.739990234375,283.8599853515625,283.1600036621094,283.375,222811,AMD,5m
2026-04-21 18:50:00+00:00,283.3999938964844,284.29998779296875,283.30999755859375,284.2499084472656,276114,AMD,5m
2026-04-21 18:55:00+00:00,284.04998779296875,284.3699951171875,283.2300109863281,283.8599853515625,295347,AMD,5m
2026-04-21 19:00:00+00:00,283.9049987792969,284.6000061035156,283.8800048828125,284.239990234375,361627,AMD,5m
2026-04-21 19:05:00+00:00,284.20001220703125,284.44000244140625,283.7300109863281,284.25,271793,AMD,5m
2026-04-21 19:10:00+00:00,284.20001220703125,285.3699035644531,284.0700988769531,284.510009765625,497225,AMD,5m
2026-04-21 19:15:00+00:00,284.510009765625,284.989990234375,284.3013916015625,284.6499938964844,231413,AMD,5m
2026-04-21 19:20:00+00:00,284.7300109863281,285.3500061035156,284.6108093261719,285.18499755859375,298491,AMD,5m
2026-04-21 19:25:00+00:00,285.239990234375,286.0,285.1300048828125,285.5801086425781,460088,AMD,5m
2026-04-21 19:30:00+00:00,285.5899963378906,286.20001220703125,285.20001220703125,285.3599853515625,391132,AMD,5m
2026-04-21 19:35:00+00:00,285.3299865722656,285.75,284.7799987792969,285.3550109863281,427799,AMD,5m
2026-04-21 19:40:00+00:00,285.3999938964844,285.3999938964844,281.7699890136719,282.25,668352,AMD,5m
2026-04-21 19:45:00+00:00,282.2900085449219,283.20001220703125,282.2900085449219,283.05999755859375,510818,AMD,5m
2026-04-21 19:50:00+00:00,283.0249938964844,283.664794921875,282.69000244140625,282.9049987792969,589062,AMD,5m
2026-04-21 19:55:00+00:00,282.95001220703125,284.7699890136719,282.8599853515625,284.4200134277344,1428220,AMD,5m
2026-04-22 13:30:00+00:00,291.2099914550781,292.7900085449219,288.2001037597656,290.4591064453125,3309809,AMD,5m
2026-04-22 13:35:00+00:00,290.385009765625,291.1000061035156,288.125,288.6449890136719,790324,AMD,5m
2026-04-22 13:40:00+00:00,288.7300109863281,289.6499938964844,288.30999755859375,289.1300048828125,681454,AMD,5m
2026-04-22 13:45:00+00:00,289.15008544921875,289.3800048828125,286.7300109863281,287.3900146484375,836423,AMD,5m
2026-04-22 13:50:00+00:00,287.4100036621094,288.5199890136719,286.1400146484375,287.79998779296875,901865,AMD,5m
2026-04-22 13:55:00+00:00,287.8599853515625,288.4200134277344,286.75,288.375,615701,AMD,5m
2026-04-22 14:00:00+00:00,288.3299865722656,289.0,287.2835998535156,288.55499267578125,672887,AMD,5m
2026-04-22 14:05:00+00:00,288.5,289.2200012207031,287.85980224609375,288.7655944824219,459559,AMD,5m
2026-04-22 14:10:00+00:00,288.8599853515625,289.8599853515625,288.70001220703125,289.79010009765625,581108,AMD,5m
2026-04-22 14:15:00+00:00,289.81500244140625,291.5299987792969,289.6050109863281,291.04998779296875,747582,AMD,5m
2026-04-22 14:20:00+00:00,291.1299133300781,293.29998779296875,290.989990234375,292.739990234375,1000278,AMD,5m
2026-04-22 14:25:00+00:00,292.7799987792969,295.8500061035156,292.6499938964844,295.1817932128906,1359227,AMD,5m
2026-04-22 14:30:00+00:00,295.1964111328125,296.1700134277344,294.1400146484375,294.8251037597656,1075999,AMD,5m
2026-04-22 14:35:00+00:00,294.760009765625,296.0398864746094,294.07000732421875,294.8800048828125,786486,AMD,5m
2026-04-22 14:40:00+00:00,294.8500061035156,295.3900146484375,294.4599914550781,295.0899963378906,627648,AMD,5m
2026-04-22 14:45:00+00:00,295.0899963378906,295.5799865722656,293.9800109863281,294.2049865722656,490496,AMD,5m
2026-04-22 14:50:00+00:00,294.25,295.0799865722656,293.70001220703125,294.40509033203125,454280,AMD,5m
2026-04-22 14:55:00+00:00,294.3299865722656,294.8392028808594,293.7300109863281,294.3699951171875,370435,AMD,5m
2026-04-22 15:00:00+00:00,294.3500061035156,294.84210205078125,293.4800109863281,294.7300109863281,420313,AMD,5m
2026-04-22 15:05:00+00:00,294.7499084472656,296.5400085449219,294.7049865722656,296.135009765625,652080,AMD,5m
2026-04-22 15:10:00+00:00,296.07000732421875,296.6499938964844,295.6300048828125,296.6499938964844,531862,AMD,5m
2026-04-22 15:15:00+00:00,296.6449890136719,297.0,296.239990234375,296.7149963378906,491065,AMD,5m
2026-04-22 15:20:00+00:00,296.7449951171875,297.3800048828125,296.55010986328125,297.05999755859375,634839,AMD,5m
2026-04-22 15:25:00+00:00,297.07501220703125,298.17999267578125,297.03009033203125,297.8500061035156,651678,AMD,5m
2026-04-22 15:30:00+00:00,297.8402099609375,297.8699951171875,297.0,297.42498779296875,442086,AMD,5m
2026-04-22 15:35:00+00:00,297.4599914550781,297.8699951171875,296.8210144042969,297.385009765625,465674,AMD,5m
2026-04-22 15:40:00+00:00,297.3699951171875,297.3900146484375,296.1700134277344,296.375,366857,AMD,5m
2026-04-22 15:45:00+00:00,296.3699951171875,297.1000061035156,295.95001220703125,296.947998046875,379489,AMD,5m
2026-04-22 15:50:00+00:00,296.8800048828125,296.9768981933594,296.40008544921875,296.7477111816406,205480,AMD,5m
2026-04-22 15:55:00+00:00,296.79998779296875,297.07000732421875,295.8999938964844,295.9999084472656,356307,AMD,5m
2026-04-22 16:00:00+00:00,296.0,296.34991455078125,295.7831115722656,295.92999267578125,348865,AMD,5m
2026-04-22 16:05:00+00:00,295.92999267578125,296.0398864746094,295.32000732421875,295.510009765625,374210,AMD,5m
2026-04-22 16:10:00+00:00,295.3999938964844,295.7499084472656,295.0201110839844,295.45001220703125,474427,AMD,5m
2026-04-22 16:15:00+00:00,295.4849853515625,295.489990234375,294.6400146484375,294.7349853515625,306886,AMD,5m
2026-04-22 16:20:00+00:00,294.70001220703125,295.8800048828125,294.70001220703125,295.45001220703125,319847,AMD,5m
2026-04-22 16:25:00+00:00,295.4549865722656,296.45001220703125,295.1650085449219,296.1400146484375,351729,AMD,5m
2026-04-22 16:30:00+00:00,296.1549987792969,296.739990234375,295.75,296.6650085449219,304836,AMD,5m
2026-04-22 16:35:00+00:00,296.6650085449219,297.20001220703125,296.3399963378906,297.114990234375,325481,AMD,5m
2026-04-22 16:40:00+00:00,297.1899108886719,297.57000732421875,296.6700134277344,296.80999755859375,378408,AMD,5m
2026-04-22 16:45:00+00:00,296.769287109375,296.9200134277344,296.2001037597656,296.57000732421875,305465,AMD,5m
2026-04-22 16:50:00+00:00,296.6099853515625,297.4200134277344,296.5400085449219,297.3200988769531,302708,AMD,5m
2026-04-22 16:55:00+00:00,297.3699951171875,298.3599853515625,297.2200012207031,298.3500061035156,503537,AMD,5m
2026-04-22 17:00:00+00:00,298.3500061035156,299.75,298.3100891113281,299.6899108886719,1078247,AMD,5m
2026-04-22 17:05:00+00:00,299.69500732421875,299.7449951171875,298.79998779296875,298.9750061035156,593212,AMD,5m
2026-04-22 17:10:00+00:00,298.9700012207031,300.0400085449219,298.94000244140625,299.1400146484375,1295494,AMD,5m
2026-04-22 17:15:00+00:00,299.1050109863281,299.4700012207031,298.2500915527344,299.4150085449219,612876,AMD,5m
2026-04-22 17:20:00+00:00,299.4390869140625,300.6400146484375,299.3399963378906,300.1300048828125,679365,AMD,5m
2026-04-22 17:25:00+00:00,300.1300048828125,300.8399963378906,300.0799865722656,300.44000244140625,612691,AMD,5m
2026-04-22 17:30:00+00:00,300.5,300.760009765625,300.20001220703125,300.3599853515625,381698,AMD,5m
2026-04-22 17:35:00+00:00,300.3800048828125,300.95001220703125,300.25,300.510009765625,375782,AMD,5m
2026-04-22 17:40:00+00:00,300.5299987792969,301.0,300.4601135253906,300.889892578125,397060,AMD,5m
2026-04-22 17:45:00+00:00,300.7799987792969,300.8900146484375,300.1000061035156,300.81500244140625,444670,AMD,5m
2026-04-22 17:50:00+00:00,300.7900085449219,300.9299011230469,300.4700927734375,300.8500061035156,271118,AMD,5m
2026-04-22 17:55:00+00:00,300.8699951171875,300.8699951171875,299.8800964355469,300.2699890136719,448407,AMD,5m
2026-04-22 18:00:00+00:00,300.29998779296875,300.760009765625,300.0000915527344,300.3399963378906,402764,AMD,5m
2026-04-22 18:05:00+00:00,300.33929443359375,300.54998779296875,300.0,300.2149963378906,333136,AMD,5m
2026-04-22 18:10:00+00:00,300.2298889160156,300.4991149902344,300.04998779296875,300.1578063964844,222849,AMD,5m
2026-04-22 18:15:00+00:00,300.1300048828125,300.1300048828125,299.3999938964844,299.55499267578125,326793,AMD,5m
2026-04-22 18:20:00+00:00,299.55499267578125,300.19000244140625,299.04998779296875,300.1199951171875,389820,AMD,5m
2026-04-22 18:25:00+00:00,300.15899658203125,300.6000061035156,300.0400085449219,300.0799865722656,465970,AMD,5m
2026-04-22 18:30:00+00:00,300.1449890136719,300.8699951171875,300.0799865722656,300.3999938964844,313517,AMD,5m
2026-04-22 18:35:00+00:00,300.3999938964844,300.79998779296875,300.0899963378906,300.79998779296875,251191,AMD,5m
2026-04-22 18:40:00+00:00,300.7900085449219,301.4100036621094,300.7401123046875,301.2850036621094,494676,AMD,5m
2026-04-22 18:45:00+00:00,301.2850036621094,302.3599853515625,301.1499938964844,302.04998779296875,750377,AMD,5m
2026-04-22 18:50:00+00:00,302.04998779296875,302.6000061035156,301.8999938964844,302.260009765625,621430,AMD,5m
2026-04-22 18:55:00+00:00,302.260009765625,302.3800048828125,301.67999267578125,301.7749938964844,361440,AMD,5m
2026-04-22 19:00:00+00:00,301.75,301.75,300.6199035644531,301.4750061035156,571437,AMD,5m
2026-04-22 19:05:00+00:00,301.4750061035156,302.510009765625,301.090087890625,302.2019958496094,509486,AMD,5m
2026-04-22 19:10:00+00:00,302.1300048828125,302.4200134277344,302.0101013183594,302.3800048828125,316479,AMD,5m
2026-04-22 19:15:00+00:00,302.3634948730469,303.4296875,302.3100891113281,303.0950012207031,715302,AMD,5m
2026-04-22 19:20:00+00:00,303.1413879394531,303.5,302.8599853515625,303.158203125,469156,AMD,5m
2026-04-22 19:25:00+00:00,303.19000244140625,303.3500061035156,302.42999267578125,302.46051025390625,421428,AMD,5m
2026-04-22 19:30:00+00:00,302.489990234375,302.6199035644531,302.1000061035156,302.42999267578125,372783,AMD,5m
2026-04-22 19:35:00+00:00,302.44000244140625,303.20001220703125,302.20001220703125,303.17999267578125,545315,AMD,5m
2026-04-22 19:40:00+00:00,303.1600036621094,303.375,302.9200134277344,303.2799987792969,629533,AMD,5m
2026-04-22 19:45:00+00:00,303.2799987792969,303.4700012207031,302.8500061035156,302.9949951171875,580696,AMD,5m
2026-04-22 19:50:00+00:00,303.0400085449219,304.1000061035156,302.70111083984375,303.57989501953125,1212027,AMD,5m
2026-04-22 19:55:00+00:00,303.5799865722656,303.84600830078125,303.07000732421875,303.44000244140625,1789019,AMD,5m
2026-04-23 13:30:00+00:00,302.010009765625,303.3599853515625,300.17999267578125,302.8901062011719,2589368,AMD,5m
2026-04-23 13:35:00+00:00,302.94000244140625,305.239990234375,302.5199890136719,304.8951110839844,1276721,AMD,5m
2026-04-23 13:40:00+00:00,304.95001220703125,305.0400085449219,303.19378662109375,304.5,948801,AMD,5m
2026-04-23 13:45:00+00:00,304.4200134277344,304.8599853515625,303.3900146484375,303.8900146484375,785135,AMD,5m
2026-04-23 13:50:00+00:00,303.8900146484375,305.45001220703125,303.79010009765625,304.1099853515625,805902,AMD,5m
2026-04-23 13:55:00+00:00,304.1199951171875,304.1199951171875,301.6300048828125,302.6600036621094,833460,AMD,5m
2026-04-23 14:00:00+00:00,302.6499938964844,303.5799865722656,301.2200012207031,303.56500244140625,601896,AMD,5m
2026-04-23 14:05:00+00:00,303.4700012207031,306.3399963378906,303.1499938964844,305.590087890625,1061842,AMD,5m
2026-04-23 14:10:00+00:00,305.7149963378906,306.1499938964844,302.57769775390625,303.2250061035156,774455,AMD,5m
2026-04-23 14:15:00+00:00,303.2149963378906,305.6600036621094,303.1499938964844,304.635009765625,713392,AMD,5m
2026-04-23 14:20:00+00:00,304.5400085449219,305.4800109863281,304.21160888671875,304.9750061035156,394545,AMD,5m
2026-04-23 14:25:00+00:00,304.8800048828125,305.95989990234375,304.69000244140625,305.8500061035156,443939,AMD,5m
2026-04-23 14:30:00+00:00,305.95989990234375,306.3999938964844,305.04998779296875,305.0849914550781,520219,AMD,5m
2026-04-23 14:35:00+00:00,305.0849914550781,306.3599853515625,304.8599853515625,305.0450134277344,445046,AMD,5m
2026-04-23 14:40:00+00:00,305.0799865722656,305.3500061035156,304.05389404296875,304.6400146484375,356194,AMD,5m
2026-04-23 14:45:00+00:00,304.69000244140625,305.07501220703125,304.20001220703125,304.2550048828125,268458,AMD,5m
2026-04-23 14:50:00+00:00,304.2550048828125,305.8799133300781,304.0,305.715087890625,370385,AMD,5m
2026-04-23 14:55:00+00:00,305.7799987792969,306.7799072265625,305.75,306.3699951171875,522896,AMD,5m
2026-04-23 15:00:00+00:00,306.4898986816406,307.29998779296875,306.0199890136719,307.0799865722656,425193,AMD,5m
2026-04-23 15:05:00+00:00,307.0050048828125,308.0299987792969,306.7900085449219,307.989990234375,450405,AMD,5m
2026-04-23 15:10:00+00:00,307.94000244140625,309.39990234375,307.7701110839844,309.0299987792969,739776,AMD,5m
2026-04-23 15:15:00+00:00,309.0299987792969,309.6099853515625,308.3999938964844,309.3305969238281,552118,AMD,5m
2026-04-23 15:20:00+00:00,309.34161376953125,309.75,309.0,309.239990234375,418175,AMD,5m
2026-04-23 15:25:00+00:00,309.2349853515625,309.239990234375,308.5,308.80999755859375,394851,AMD,5m
2026-04-23 15:30:00+00:00,308.7799987792969,310.2200012207031,308.6099853515625,310.1051940917969,648442,AMD,5m
2026-04-23 15:35:00+00:00,310.07000732421875,310.07000732421875,309.25,309.30999755859375,287345,AMD,5m
2026-04-23 15:40:00+00:00,309.2850036621094,309.5799865722656,308.5,308.6300048828125,312494,AMD,5m
2026-04-23 15:45:00+00:00,308.625,308.75,307.69000244140625,307.8800048828125,452512,AMD,5m
2026-04-23 15:50:00+00:00,307.8299865722656,307.8299865722656,306.72540283203125,306.8299865722656,749127,AMD,5m
2026-04-23 15:55:00+00:00,306.7650146484375,307.7698974609375,306.7650146484375,307.67999267578125,363050,AMD,5m
2026-04-23 16:00:00+00:00,307.7699890136719,307.8999938964844,306.53009033203125,306.6400146484375,330637,AMD,5m
2026-04-23 16:05:00+00:00,306.6300048828125,307.5,306.1499938964844,307.1650085449219,420388,AMD,5m
2026-04-23 16:10:00+00:00,307.1300048828125,308.4700012207031,307.010009765625,308.2300109863281,286204,AMD,5m
2026-04-23 16:15:00+00:00,308.20001220703125,308.82000732421875,308.20001220703125,308.489990234375,224389,AMD,5m
2026-04-23 16:20:00+00:00,308.5498962402344,308.6600036621094,307.6499938964844,308.6099853515625,287338,AMD,5m
2026-04-23 16:25:00+00:00,308.6099853515625,308.989990234375,308.44000244140625,308.92498779296875,321201,AMD,5m
2026-04-23 16:30:00+00:00,308.91009521484375,309.8500061035156,308.7699890136719,309.7099914550781,356784,AMD,5m
2026-04-23 16:35:00+00:00,309.7099914550781,309.8500061035156,308.6499938964844,308.875,265440,AMD,5m
2026-04-23 16:40:00+00:00,308.8949890136719,309.4700012207031,308.5270080566406,309.3349914550781,181883,AMD,5m
2026-04-23 16:45:00+00:00,309.2799987792969,309.6600036621094,308.69000244140625,309.30999755859375,243371,AMD,5m
2026-04-23 16:50:00+00:00,309.32000732421875,309.82000732421875,309.0,309.1400146484375,243351,AMD,5m
2026-04-23 16:55:00+00:00,309.0849914550781,309.7142028808594,308.6700134277344,309.07501220703125,221772,AMD,5m
2026-04-23 17:00:00+00:00,309.1300048828125,309.4700012207031,307.5799865722656,307.864990234375,346268,AMD,5m
2026-04-23 17:05:00+00:00,307.864990234375,308.2699890136719,306.70001220703125,306.9049987792969,379540,AMD,5m
2026-04-23 17:10:00+00:00,306.8800048828125,306.989990234375,305.2900085449219,305.8900146484375,629625,AMD,5m
2026-04-23 17:15:00+00:00,305.67999267578125,305.69989013671875,303.8299865722656,304.3299865722656,476365,AMD,5m
2026-04-23 17:20:00+00:00,304.32000732421875,305.20989990234375,303.92999267578125,304.6549987792969,409048,AMD,5m
2026-04-23 17:25:00+00:00,304.67498779296875,305.1700134277344,303.6099853515625,303.80999755859375,448611,AMD,5m
2026-04-23 17:30:00+00:00,303.81500244140625,305.1799011230469,302.6199951171875,305.0249938964844,499872,AMD,5m
2026-04-23 17:35:00+00:00,305.0249938964844,305.44989013671875,303.1199951171875,303.7699890136719,392198,AMD,5m
2026-04-23 17:40:00+00:00,303.8999938964844,303.8999938964844,301.010009765625,301.8599853515625,604289,AMD,5m
2026-04-23 17:45:00+00:00,301.739990234375,301.7550048828125,299.760009765625,301.0199890136719,851264,AMD,5m
2026-04-23 17:50:00+00:00,301.0450134277344,302.94000244140625,299.8399963378906,302.4849853515625,678253,AMD,5m
2026-04-23 17:55:00+00:00,302.5050048828125,304.22930908203125,302.2049865722656,304.1199951171875,601895,AMD,5m
2026-04-23 18:00:00+00:00,304.010009765625,305.6600036621094,303.6236877441406,304.92999267578125,581578,AMD,5m
2026-04-23 18:05:00+00:00,304.7799987792969,305.639892578125,304.54998779296875,304.9800109863281,300630,AMD,5m
2026-04-23 18:10:00+00:00,305.0400085449219,305.5400085449219,304.6199951171875,305.0,302197,AMD,5m
2026-04-23 18:15:00+00:00,305.125,305.5,304.7699890136719,304.875,207547,AMD,5m
2026-04-23 18:20:00+00:00,304.9599914550781,305.1499938964844,303.75,304.0799865722656,278363,AMD,5m
2026-04-23 18:25:00+00:00,303.9100036621094,304.54998779296875,303.3200988769531,304.4150085449219,283026,AMD,5m
2026-04-23 18:30:00+00:00,304.3999938964844,305.54998779296875,304.3999938964844,305.3301086425781,295556,AMD,5m
2026-04-23 18:35:00+00:00,305.3949890136719,306.1000061035156,305.2701110839844,305.4599914550781,366941,AMD,5m
2026-04-23 18:40:00+00:00,305.4233093261719,305.80999755859375,304.69000244140625,305.70001220703125,264618,AMD,5m
2026-04-23 18:45:00+00:00,305.6400146484375,305.7598876953125,304.8999938964844,304.94000244140625,249517,AMD,5m
2026-04-23 18:50:00+00:00,304.92498779296875,305.2799987792969,304.3999938964844,304.8351135253906,237159,AMD,5m
2026-04-23 18:55:00+00:00,304.8349914550781,305.19000244140625,303.0299987792969,303.54998779296875,400193,AMD,5m
2026-04-23 19:00:00+00:00,303.55499267578125,304.1300048828125,303.17999267578125,303.5299987792969,330804,AMD,5m
2026-04-23 19:05:00+00:00,303.6000061035156,304.54998779296875,303.5199890136719,304.0799865722656,295106,AMD,5m
2026-04-23 19:10:00+00:00,304.0799865722656,304.2900085449219,303.40008544921875,304.04998779296875,236771,AMD,5m
2026-04-23 19:15:00+00:00,304.1000061035156,304.6499938964844,303.760009765625,303.760009765625,255098,AMD,5m
2026-04-23 19:20:00+00:00,303.8699951171875,304.1000061035156,303.4200134277344,304.0150146484375,213209,AMD,5m
2026-04-23 19:25:00+00:00,304.07000732421875,304.20001220703125,303.760009765625,303.8999938964844,170561,AMD,5m
2026-04-23 19:30:00+00:00,303.7900085449219,304.6400146484375,303.5799865722656,303.6199951171875,254663,AMD,5m
2026-04-23 19:35:00+00:00,303.57000732421875,303.7200012207031,302.70001220703125,303.18499755859375,467891,AMD,5m
2026-04-23 19:40:00+00:00,303.17999267578125,303.58990478515625,303.1449890136719,303.29998779296875,229070,AMD,5m
2026-04-23 19:45:00+00:00,303.2650146484375,304.06988525390625,303.260009765625,303.9700012207031,278665,AMD,5m
2026-04-23 19:50:00+00:00,303.9200134277344,304.67999267578125,303.2900085449219,304.364990234375,560817,AMD,5m
2026-04-23 19:55:00+00:00,304.3500061035156,305.489990234375,303.9700012207031,305.239990234375,1003814,AMD,5m
2026-04-24 13:30:00+00:00,336.8349914550781,343.5,334.5400085449219,342.239990234375,11350063,AMD,5m
2026-04-24 13:35:00+00:00,342.2349853515625,342.9599914550781,337.40899658203125,341.3500061035156,2785295,AMD,5m
2026-04-24 13:40:00+00:00,341.4700012207031,347.4700012207031,341.3399963378906,344.29998779296875,3798584,AMD,5m
2026-04-24 13:45:00+00:00,344.2449951171875,347.8999938964844,343.739990234375,345.6549987792969,2625410,AMD,5m
2026-04-24 13:50:00+00:00,345.6099853515625,346.8800048828125,339.32000732421875,340.75,2163228,AMD,5m
2026-04-24 13:55:00+00:00,340.689208984375,342.17510986328125,337.55999755859375,340.6000061035156,1907115,AMD,5m
2026-04-24 14:00:00+00:00,340.54998779296875,343.32989501953125,339.1000061035156,342.32000732421875,1453274,AMD,5m
2026-04-24 14:05:00+00:00,342.4150085449219,345.8599853515625,341.25,345.7991943359375,1537776,AMD,5m
2026-04-24 14:10:00+00:00,345.66241455078125,348.19000244140625,344.7200012207031,346.5400085449219,1791376,AMD,5m
2026-04-24 14:15:00+00:00,346.6199951171875,349.54998779296875,346.239990234375,347.20001220703125,1809688,AMD,5m
2026-04-24 14:20:00+00:00,347.2200012207031,348.2796936035156,345.29998779296875,347.2349853515625,1222296,AMD,5m
2026-04-24 14:25:00+00:00,347.2149963378906,348.44000244140625,345.6199951171875,346.3399963378906,952229,AMD,5m
2026-04-24 14:30:00+00:00,346.42498779296875,346.8599853515625,343.7284851074219,344.7298889160156,988523,AMD,5m
2026-04-24 14:35:00+00:00,344.55010986328125,345.42999267578125,342.6000061035156,345.1877136230469,922460,AMD,5m
2026-04-24 14:40:00+00:00,345.0799865722656,345.29998779296875,343.5,344.2200012207031,613756,AMD,5m
2026-04-24 14:45:00+00:00,344.3800048828125,345.2900085449219,342.3900146484375,343.55010986328125,814660,AMD,5m
2026-04-24 14:50:00+00:00,343.57000732421875,344.71990966796875,343.2200012207031,343.8299865722656,682007,AMD,5m
2026-04-24 14:55:00+00:00,343.885009765625,346.25,343.7099914550781,345.8900146484375,892470,AMD,5m
2026-04-24 15:00:00+00:00,345.989990234375,347.57000732421875,345.7300109863281,346.57550048828125,843280,AMD,5m
2026-04-24 15:05:00+00:00,346.489990234375,349.7200012207031,346.3200988769531,348.8949890136719,1163232,AMD,5m
2026-04-24 15:10:00+00:00,348.8550109863281,349.3999938964844,347.6600036621094,349.3179016113281,764270,AMD,5m
2026-04-24 15:15:00+00:00,349.239990234375,350.8800048828125,347.9200134277344,348.0400085449219,2078681,AMD,5m
2026-04-24 15:20:00+00:00,348.0400085449219,349.1000061035156,347.30999755859375,348.16009521484375,1114968,AMD,5m
2026-04-24 15:25:00+00:00,348.2449951171875,348.2900085449219,346.5199890136719,347.6199951171875,673467,AMD,5m
2026-04-24 15:30:00+00:00,347.5799865722656,348.09991455078125,346.9599914550781,347.1700134277344,387645,AMD,5m
2026-04-24 15:35:00+00:00,347.19000244140625,348.0,347.1200866699219,347.5199890136719,486330,AMD,5m
2026-04-24 15:40:00+00:00,347.4599914550781,349.45001220703125,347.239990234375,349.2099914550781,623751,AMD,5m
2026-04-24 15:45:00+00:00,349.239990234375,351.19000244140625,347.85321044921875,350.6199951171875,2096963,AMD,5m
2026-04-24 15:50:00+00:00,350.6698913574219,351.3299865722656,350.4599914550781,350.6700134277344,983087,AMD,5m
2026-04-24 15:55:00+00:00,350.6300048828125,351.70001220703125,349.5,351.4750061035156,1035026,AMD,5m
2026-04-24 16:00:00+00:00,351.5,351.7598876953125,350.4200134277344,351.5199890136719,890269,AMD,5m
2026-04-24 16:05:00+00:00,351.5,352.989990234375,350.2001037597656,350.760009765625,1296845,AMD,5m
2026-04-24 16:10:00+00:00,350.7300109863281,351.2799987792969,350.4440002441406,350.9849853515625,459485,AMD,5m
2026-04-24 16:15:00+00:00,350.9849853515625,351.1000061035156,350.10009765625,350.7699890136719,496711,AMD,5m
2026-04-24 16:20:00+00:00,350.69000244140625,351.45001220703125,350.29998779296875,350.8655090332031,456656,AMD,5m
2026-04-24 16:25:00+00:00,350.8800048828125,351.2300109863281,350.13189697265625,351.0,452516,AMD,5m
2026-04-24 16:30:00+00:00,351.0249938964844,352.57989501953125,350.9800109863281,351.80999755859375,689885,AMD,5m
2026-04-24 16:35:00+00:00,351.80999755859375,352.20001220703125,350.6763000488281,350.7900085449219,493743,AMD,5m
2026-04-24 16:40:00+00:00,350.79998779296875,351.1700134277344,349.75,349.95001220703125,628071,AMD,5m
2026-04-24 16:45:00+00:00,350.0,350.92999267578125,349.9949951171875,350.2749938964844,542039,AMD,5m
2026-04-24 16:50:00+00:00,350.3399963378906,350.3799133300781,348.5199890136719,348.6449890136719,683843,AMD,5m
2026-04-24 16:55:00+00:00,348.6449890136719,349.1199951171875,348.18701171875,348.3699951171875,523904,AMD,5m
2026-04-24 17:00:00+00:00,348.3699951171875,349.1325988769531,348.0899963378906,348.82989501953125,490939,AMD,5m
2026-04-24 17:05:00+00:00,348.7650146484375,349.55999755859375,348.0,348.31500244140625,550937,AMD,5m
2026-04-24 17:10:00+00:00,348.3349914550781,348.57000732421875,347.69000244140625,348.3500061035156,375361,AMD,5m
2026-04-24 17:15:00+00:00,348.4367980957031,348.5,347.70001220703125,348.05999755859375,291527,AMD,5m
2026-04-24 17:20:00+00:00,348.1000061035156,348.19989013671875,346.30999755859375,347.32501220703125,606416,AMD,5m
2026-04-24 17:25:00+00:00,347.3013000488281,347.59991455078125,346.5400085449219,346.5950012207031,402880,AMD,5m
2026-04-24 17:30:00+00:00,346.5314025878906,347.4049987792969,346.3699951171875,347.239990234375,398408,AMD,5m
2026-04-24 17:35:00+00:00,347.2250061035156,348.29998779296875,347.17999267578125,347.8399963378906,512620,AMD,5m
2026-04-24 17:40:00+00:00,347.79998779296875,349.0899963378906,347.7278137207031,348.7049865722656,391082,AMD,5m
2026-04-24 17:45:00+00:00,348.70001220703125,349.7699890136719,348.45001220703125,348.66900634765625,497751,AMD,5m
2026-04-24 17:50:00+00:00,348.7200012207031,348.88360595703125,347.57501220703125,347.9849853515625,503505,AMD,5m
2026-04-24 17:55:00+00:00,348.0559997558594,348.95001220703125,347.860107421875,348.8599853515625,327479,AMD,5m
2026-04-24 18:00:00+00:00,348.8999938964844,349.3999938964844,348.0899963378906,348.1000061035156,439087,AMD,5m
2026-04-24 18:05:00+00:00,348.0,348.135009765625,347.20001220703125,347.58770751953125,393036,AMD,5m
2026-04-24 18:10:00+00:00,347.6400146484375,348.1099853515625,347.19000244140625,347.3299865722656,305832,AMD,5m
2026-04-24 18:15:00+00:00,347.25,347.4200134277344,346.4056091308594,346.92498779296875,392878,AMD,5m
2026-04-24 18:20:00+00:00,346.9898986816406,347.2099914550781,346.05010986328125,346.5199890136719,407095,AMD,5m
2026-04-24 18:25:00+00:00,346.5,347.0,345.82000732421875,346.014892578125,382483,AMD,5m
2026-04-24 18:30:00+00:00,346.1199951171875,347.07000732421875,346.0,346.9100036621094,407901,AMD,5m
2026-04-24 18:35:00+00:00,346.875,347.989990234375,346.85009765625,347.8900146484375,494006,AMD,5m
2026-04-24 18:40:00+00:00,347.8900146484375,348.25,346.69110107421875,346.7550048828125,525356,AMD,5m
2026-04-24 18:45:00+00:00,346.69000244140625,346.8599853515625,346.0101013183594,346.05499267578125,399709,AMD,5m
2026-04-24 18:50:00+00:00,346.0350036621094,347.2200012207031,345.5799865722656,346.95001220703125,449133,AMD,5m
2026-04-24 18:55:00+00:00,346.90008544921875,347.05999755859375,345.7489013671875,345.8800048828125,392008,AMD,5m
2026-04-24 19:00:00+00:00,345.9999084472656,346.6199951171875,345.2300109863281,345.3599853515625,409347,AMD,5m
2026-04-24 19:05:00+00:00,345.3599853515625,345.55999755859375,344.54998779296875,345.3999938964844,568249,AMD,5m
2026-04-24 19:10:00+00:00,345.3949890136719,345.5899963378906,344.8299865722656,345.04998779296875,399516,AMD,5m
2026-04-24 19:15:00+00:00,345.04010009765625,346.1700134277344,345.04010009765625,346.1549987792969,590091,AMD,5m
2026-04-24 19:20:00+00:00,346.1300048828125,346.8399963378906,346.0,346.5050048828125,550654,AMD,5m
2026-04-24 19:25:00+00:00,346.5299987792969,346.7499084472656,346.0450134277344,346.32000732421875,399241,AMD,5m
2026-04-24 19:30:00+00:00,346.29998779296875,346.6300048828125,345.66009521484375,346.2699890136719,450047,AMD,5m
2026-04-24 19:35:00+00:00,346.25,346.3699951171875,345.5899963378906,346.2799987792969,414008,AMD,5m
2026-04-24 19:40:00+00:00,346.239990234375,346.8500061035156,345.80999755859375,346.80999755859375,521146,AMD,5m
2026-04-24 19:45:00+00:00,346.7699890136719,346.9495849609375,346.2749938964844,346.94000244140625,556423,AMD,5m
2026-04-24 19:50:00+00:00,346.9800109863281,347.0,345.3999938964844,346.32000732421875,826970,AMD,5m
2026-04-24 19:55:00+00:00,346.45001220703125,347.92999267578125,346.32501220703125,347.760009765625,1989051,AMD,5m
2026-04-27 13:30:00+00:00,346.55999755859375,349.0899963378906,337.4100036621094,338.80108642578125,5989599,AMD,5m
2026-04-27 13:35:00+00:00,338.739990234375,339.1163024902344,334.5,334.5849914550781,2108464,AMD,5m
2026-04-27 13:40:00+00:00,334.5849914550781,335.1299133300781,330.3699951171875,333.5450134277344,2397530,AMD,5m
2026-04-27 13:45:00+00:00,333.5450134277344,333.8699035644531,330.67999267578125,331.0899963378906,1503481,AMD,5m
2026-04-27 13:50:00+00:00,331.1499938964844,333.7300109863281,328.80999755859375,333.56500244140625,1653323,AMD,5m
2026-04-27 13:55:00+00:00,333.6000061035156,337.1000061035156,333.5434875488281,335.8699951171875,1475082,AMD,5m
2026-04-27 14:00:00+00:00,335.8800048828125,336.0,333.42999267578125,334.8999938964844,1054974,AMD,5m
2026-04-27 14:05:00+00:00,334.9700012207031,337.39990234375,333.8800048828125,335.4967956542969,1084788,AMD,5m
2026-04-27 14:10:00+00:00,335.3900146484375,338.0,334.3800048828125,337.8507995605469,1022587,AMD,5m
2026-04-27 14:15:00+00:00,337.8699951171875,338.0,335.5400085449219,336.6997985839844,689214,AMD,5m
2026-04-27 14:20:00+00:00,336.6499938964844,337.45001220703125,335.70001220703125,336.8550109863281,592663,AMD,5m
2026-04-27 14:25:00+00:00,336.8500061035156,337.3599853515625,334.739990234375,334.7699890136719,628978,AMD,5m
2026-04-27 14:30:00+00:00,334.82501220703125,335.8699951171875,333.1050109863281,335.6700134277344,804553,AMD,5m
2026-04-27 14:35:00+00:00,335.69000244140625,337.260009765625,334.4800109863281,335.30450439453125,654096,AMD,5m
2026-04-27 14:40:00+00:00,335.364990234375,336.20001220703125,334.8800048828125,335.9100036621094,324241,AMD,5m
2026-04-27 14:45:00+00:00,336.010009765625,336.1199035644531,334.2500915527344,335.7550048828125,395510,AMD,5m
2026-04-27 14:50:00+00:00,335.67999267578125,337.0,334.5,335.1700134277344,455340,AMD,5m
2026-04-27 14:55:00+00:00,335.1300048828125,336.0,334.67999267578125,335.5,361557,AMD,5m
2026-04-27 15:00:00+00:00,335.4200134277344,336.2099914550781,333.1000061035156,333.1000061035156,627517,AMD,5m
2026-04-27 15:05:00+00:00,333.19000244140625,336.19989013671875,333.0,335.625,567437,AMD,5m
2026-04-27 15:10:00+00:00,335.6499938964844,336.4635925292969,334.3700866699219,334.489990234375,408750,AMD,5m
2026-04-27 15:15:00+00:00,334.4849853515625,336.0799865722656,334.25,334.9501037597656,416439,AMD,5m
2026-04-27 15:20:00+00:00,335.0,335.2799987792969,333.2099914550781,333.2850036621094,444786,AMD,5m
2026-04-27 15:25:00+00:00,333.260009765625,334.1199035644531,332.54998779296875,333.6000061035156,446598,AMD,5m
2026-04-27 15:30:00+00:00,333.6000061035156,334.0199890136719,332.0,333.2550048828125,641240,AMD,5m
2026-04-27 15:35:00+00:00,333.2099914550781,333.5,332.3299865722656,333.20001220703125,553791,AMD,5m
2026-04-27 15:40:00+00:00,333.20001220703125,334.1099853515625,332.80010986328125,333.5249938964844,434436,AMD,5m
2026-04-27 15:45:00+00:00,333.5,334.260009765625,333.0299987792969,333.6000061035156,385994,AMD,5m
2026-04-27 15:50:00+00:00,333.6300048828125,334.0299072265625,332.4700012207031,332.79840087890625,434663,AMD,5m
2026-04-27 15:55:00+00:00,332.83990478515625,333.83990478515625,332.6000061035156,332.7049865722656,403814,AMD,5m
2026-04-27 16:00:00+00:00,332.7449951171875,333.4700012207031,331.55999755859375,331.8399963378906,574210,AMD,5m
2026-04-27 16:05:00+00:00,331.7749938964844,332.75,331.6000061035156,332.3999938964844,410005,AMD,5m
2026-04-27 16:10:00+00:00,332.4200134277344,333.20001220703125,332.1099853515625,332.8999938964844,525278,AMD,5m
2026-04-27 16:15:00+00:00,332.8900146484375,335.8800048828125,332.5299987792969,335.6300048828125,704082,AMD,5m
2026-04-27 16:20:00+00:00,335.6099853515625,336.29998779296875,334.4200134277344,334.5199890136719,528110,AMD,5m
2026-04-27 16:25:00+00:00,334.4949951171875,334.4949951171875,332.44000244140625,332.9798889160156,405840,AMD,5m
2026-04-27 16:30:00+00:00,332.8301086425781,333.239990234375,331.92999267578125,332.9100036621094,454756,AMD,5m
2026-04-27 16:35:00+00:00,332.9100036621094,333.79998779296875,332.8500061035156,333.2950134277344,344404,AMD,5m
2026-04-27 16:40:00+00:00,333.2300109863281,334.45001220703125,333.0101013183594,334.0899963378906,311629,AMD,5m
2026-04-27 16:45:00+00:00,334.04998779296875,334.8900146484375,333.4700012207031,334.5150146484375,516646,AMD,5m
2026-04-27 16:50:00+00:00,334.4700012207031,335.1199951171875,334.2200012207031,334.3500061035156,437244,AMD,5m
2026-04-27 16:55:00+00:00,334.32000732421875,334.4100036621094,333.70001220703125,334.1199035644531,278368,AMD,5m
2026-04-27 17:00:00+00:00,334.090087890625,334.3800048828125,333.04998779296875,334.1199951171875,256779,AMD,5m
2026-04-27 17:05:00+00:00,334.1600036621094,334.6199951171875,333.79998779296875,334.1499938964844,240309,AMD,5m
2026-04-27 17:10:00+00:00,334.1499938964844,334.6899108886719,333.75,334.489990234375,194428,AMD,5m
2026-04-27 17:15:00+00:00,334.6000061035156,335.2799987792969,333.75,334.3299865722656,331549,AMD,5m
2026-04-27 17:20:00+00:00,334.2300109863281,334.79998779296875,333.4516906738281,334.3900146484375,390832,AMD,5m
2026-04-27 17:25:00+00:00,334.3349914550781,335.1199951171875,334.20001220703125,335.1050109863281,280505,AMD,5m
2026-04-27 17:30:00+00:00,335.0799865722656,335.8900146484375,334.79998779296875,335.7200012207031,345134,AMD,5m
2026-04-27 17:35:00+00:00,335.739990234375,336.0,335.05999755859375,335.2799987792969,199116,AMD,5m
2026-04-27 17:40:00+00:00,335.32501220703125,335.8099060058594,335.0799865722656,335.6199951171875,189931,AMD,5m
2026-04-27 17:45:00+00:00,335.67999267578125,336.81988525390625,335.55499267578125,336.7149963378906,327241,AMD,5m
2026-04-27 17:50:00+00:00,336.7900085449219,337.0,335.3999938964844,335.7250061035156,271522,AMD,5m
2026-04-27 17:55:00+00:00,335.79998779296875,336.07000732421875,335.0899963378906,335.0899963378906,225927,AMD,5m
2026-04-27 18:00:00+00:00,335.0899963378906,335.2900085449219,334.70001220703125,335.07958984375,197275,AMD,5m
2026-04-27 18:05:00+00:00,335.159912109375,335.54998779296875,334.79998779296875,335.43499755859375,138499,AMD,5m
2026-04-27 18:10:00+00:00,335.44500732421875,335.760009765625,335.1650085449219,335.20001220703125,168845,AMD,5m
2026-04-27 18:15:00+00:00,335.25,335.889892578125,334.9100036621094,335.80499267578125,198321,AMD,5m
2026-04-27 18:20:00+00:00,335.80999755859375,336.4971923828125,335.5,336.4200134277344,285201,AMD,5m
2026-04-27 18:25:00+00:00,336.44500732421875,336.75,335.8399963378906,336.07000732421875,373575,AMD,5m
2026-04-27 18:30:00+00:00,336.19000244140625,337.32000732421875,336.1499938964844,336.8399963378906,277271,AMD,5m
2026-04-27 18:35:00+00:00,336.8800048828125,337.6199951171875,336.7799987792969,336.9599914550781,385310,AMD,5m
2026-04-27 18:40:00+00:00,336.94000244140625,337.3299865722656,336.25,337.1199951171875,266446,AMD,5m
2026-04-27 18:45:00+00:00,337.1199951171875,337.8080139160156,336.7001037597656,337.2250061035156,322503,AMD,5m
2026-04-27 18:50:00+00:00,337.260009765625,337.4599914550781,335.79998779296875,336.0400085449219,360167,AMD,5m
2026-04-27 18:55:00+00:00,336.0249938964844,337.79998779296875,335.8900146484375,337.20001220703125,441000,AMD,5m
2026-04-27 19:00:00+00:00,337.04998779296875,337.6499938964844,336.5199890136719,336.92999267578125,356310,AMD,5m
2026-04-27 19:05:00+00:00,336.79998779296875,337.1600036621094,336.03009033203125,336.29998779296875,624081,AMD,5m
2026-04-27 19:10:00+00:00,336.3800048828125,336.9831848144531,335.80010986328125,336.8399963378906,314440,AMD,5m
2026-04-27 19:15:00+00:00,336.8500061035156,337.0,336.0,336.57000732421875,173089,AMD,5m
2026-04-27 19:20:00+00:00,336.510009765625,336.80999755859375,335.55560302734375,335.6300048828125,257496,AMD,5m
2026-04-27 19:25:00+00:00,335.6300048828125,337.0,335.5849914550781,336.8699951171875,268168,AMD,5m
2026-04-27 19:30:00+00:00,336.8450012207031,337.09991455078125,336.2900085449219,336.44000244140625,258565,AMD,5m
2026-04-27 19:35:00+00:00,336.44000244140625,336.75,335.814697265625,336.4200134277344,233872,AMD,5m
2026-04-27 19:40:00+00:00,336.5,336.6000061035156,335.3999938964844,335.6449890136719,308353,AMD,5m
2026-04-27 19:45:00+00:00,335.6449890136719,335.9700012207031,335.1600036621094,335.3800048828125,330714,AMD,5m
2026-04-27 19:50:00+00:00,335.489990234375,336.31988525390625,335.2699890136719,335.489990234375,507055,AMD,5m
2026-04-27 19:55:00+00:00,335.4100036621094,335.44000244140625,334.2099914550781,334.4800109863281,1319824,AMD,5m
2026-04-28 13:30:00+00:00,311.875,320.4898986816406,310.0,319.8244934082031,7629035,AMD,5m
2026-04-28 13:35:00+00:00,319.95001220703125,323.9898986816406,319.95001220703125,321.9200134277344,1832876,AMD,5m
2026-04-28 13:40:00+00:00,321.760009765625,325.5849914550781,320.8800048828125,323.82000732421875,1602257,AMD,5m
2026-04-28 13:45:00+00:00,324.05999755859375,324.43450927734375,322.3500061035156,322.7900085449219,985318,AMD,5m
2026-04-28 13:50:00+00:00,322.7900085449219,323.5799865722656,320.9400939941406,321.60699462890625,870036,AMD,5m
2026-04-28 13:55:00+00:00,321.6064147949219,323.9599914550781,320.1000061035156,322.9549865722656,933011,AMD,5m
2026-04-28 14:00:00+00:00,322.8800048828125,323.2398986816406,321.42999267578125,322.3900146484375,658143,AMD,5m
2026-04-28 14:05:00+00:00,322.4599914550781,324.7699890136719,322.30999755859375,324.54998779296875,737373,AMD,5m
2026-04-28 14:10:00+00:00,324.6099853515625,326.389892578125,324.1300048828125,325.3399963378906,1049514,AMD,5m
2026-04-28 14:15:00+00:00,325.2900085449219,327.5,324.6300048828125,326.1000061035156,864840,AMD,5m
2026-04-28 14:20:00+00:00,326.1000061035156,326.6700134277344,324.1630859375,324.1630859375,649233,AMD,5m
2026-04-28 14:25:00+00:00,324.25,324.8399963378906,323.3500061035156,323.95001220703125,514060,AMD,5m
2026-04-28 14:30:00+00:00,323.8900146484375,324.29998779296875,322.0,322.2099914550781,524847,AMD,5m
2026-04-28 14:35:00+00:00,322.2099914550781,322.44000244140625,318.6000061035156,319.3399963378906,928581,AMD,5m
2026-04-28 14:40:00+00:00,319.2334899902344,320.25,317.6000061035156,320.20989990234375,1164610,AMD,5m
2026-04-28 14:45:00+00:00,320.010009765625,320.45001220703125,317.610107421875,317.760009765625,673469,AMD,5m
2026-04-28 14:50:00+00:00,317.760009765625,317.83599853515625,316.2001037597656,316.9700012207031,688610,AMD,5m
2026-04-28 14:55:00+00:00,317.0400085449219,319.96990966796875,316.5400085449219,319.7900085449219,623156,AMD,5m
2026-04-28 15:00:00+00:00,319.7900085449219,321.4198913574219,319.5799865722656,320.2300109863281,614023,AMD,5m
2026-04-28 15:05:00+00:00,320.2699890136719,320.2900085449219,318.6400146484375,319.8299865722656,393419,AMD,5m
2026-04-28 15:10:00+00:00,319.7200012207031,321.6099853515625,319.2101135253906,321.0899963378906,417697,AMD,5m
2026-04-28 15:15:00+00:00,321.19500732421875,321.70001220703125,320.3999938964844,321.0299987792969,328530,AMD,5m
2026-04-28 15:20:00+00:00,321.1600036621094,321.1600036621094,319.2401123046875,319.4849853515625,321736,AMD,5m
2026-04-28 15:25:00+00:00,319.4849853515625,319.8999938964844,318.5199890136719,319.69989013671875,309271,AMD,5m
2026-04-28 15:30:00+00:00,319.5400085449219,319.69989013671875,318.20001220703125,318.8399963378906,297244,AMD,5m
2026-04-28 15:35:00+00:00,318.80999755859375,319.6935119628906,318.3949890136719,318.9200134277344,220467,AMD,5m
2026-04-28 15:40:00+00:00,318.9549865722656,319.1199035644531,318.3200988769531,318.43499755859375,281696,AMD,5m
2026-04-28 15:45:00+00:00,318.3299865722656,318.86700439453125,317.80010986328125,318.5199890136719,209025,AMD,5m
2026-04-28 15:50:00+00:00,318.6099853515625,319.94000244140625,318.32000732421875,319.2550048828125,362142,AMD,5m
2026-04-28 15:55:00+00:00,319.20001220703125,320.30999755859375,318.93011474609375,319.8999938964844,269004,AMD,5m
2026-04-28 16:00:00+00:00,319.8500061035156,320.6028137207031,319.19000244140625,320.3999938964844,264400,AMD,5m
2026-04-28 16:05:00+00:00,320.3299865722656,321.5,320.2799987792969,321.0950012207031,344161,AMD,5m
2026-04-28 16:10:00+00:00,321.0799865722656,321.17999267578125,320.1838073730469,320.55499267578125,168041,AMD,5m
2026-04-28 16:15:00+00:00,320.55499267578125,321.1000061035156,320.3999938964844,320.95001220703125,158703,AMD,5m
2026-04-28 16:20:00+00:00,321.0,322.0398864746094,320.9700012207031,321.1650085449219,274241,AMD,5m
2026-04-28 16:25:00+00:00,321.1650085449219,321.239990234375,320.29998779296875,320.54998779296875,191096,AMD,5m
2026-04-28 16:30:00+00:00,320.54998779296875,321.0,319.8599853515625,319.8949890136719,182822,AMD,5m
2026-04-28 16:35:00+00:00,319.956298828125,320.5,319.1099853515625,319.3999938964844,311196,AMD,5m
2026-04-28 16:40:00+00:00,319.3299865722656,320.75,319.3299865722656,320.4932861328125,212098,AMD,5m
2026-04-28 16:45:00+00:00,320.5400085449219,321.25,320.4700012207031,321.0799865722656,248655,AMD,5m
2026-04-28 16:50:00+00:00,321.0799865722656,322.2998962402344,320.5899963378906,322.1199951171875,256668,AMD,5m
2026-04-28 16:55:00+00:00,322.05999755859375,322.5799865722656,321.75,322.2099914550781,215398,AMD,5m
2026-04-28 17:00:00+00:00,322.1300048828125,322.3599853515625,321.4200134277344,321.681884765625,219497,AMD,5m
2026-04-28 17:05:00+00:00,321.5799865722656,322.0,321.3399963378906,321.82000732421875,148834,AMD,5m
2026-04-28 17:10:00+00:00,321.739990234375,322.0799865722656,321.2701110839844,321.6809997558594,148791,AMD,5m
2026-04-28 17:15:00+00:00,321.739990234375,322.1003112792969,321.3999938964844,321.6000061035156,140242,AMD,5m
2026-04-28 17:20:00+00:00,321.6000061035156,322.1098937988281,321.3999938964844,321.9501037597656,125646,AMD,5m
2026-04-28 17:25:00+00:00,322.010009765625,322.8599853515625,321.760009765625,322.6401062011719,220467,AMD,5m
2026-04-28 17:30:00+00:00,322.6499938964844,323.8999938964844,322.6499938964844,323.8999938964844,278192,AMD,5m
2026-04-28 17:35:00+00:00,323.8900146484375,324.69000244140625,323.510009765625,323.7300109863281,389160,AMD,5m
2026-04-28 17:40:00+00:00,323.80999755859375,324.6000061035156,323.6600036621094,324.0199890136719,281240,AMD,5m
2026-04-28 17:45:00+00:00,323.93450927734375,324.3999938964844,323.8699951171875,324.2200012207031,178687,AMD,5m
2026-04-28 17:50:00+00:00,324.2900085449219,324.95001220703125,324.1300048828125,324.6400146484375,242928,AMD,5m
2026-04-28 17:55:00+00:00,324.5899963378906,325.1199951171875,324.54998779296875,324.8399963378906,238563,AMD,5m
2026-04-28 18:00:00+00:00,324.8399963378906,325.1099853515625,324.5,324.7250061035156,198501,AMD,5m
2026-04-28 18:05:00+00:00,324.8359069824219,325.2099914550781,324.5799865722656,325.07000732421875,160668,AMD,5m
2026-04-28 18:10:00+00:00,325.0592956542969,325.0751037597656,324.6000061035156,324.7200012207031,186098,AMD,5m
2026-04-28 18:15:00+00:00,324.75,325.1400146484375,324.5600891113281,324.9649963378906,257299,AMD,5m
2026-04-28 18:20:00+00:00,324.95001220703125,326.1000061035156,324.95001220703125,325.8900146484375,298570,AMD,5m
2026-04-28 18:25:00+00:00,325.8599853515625,326.25,325.6499938964844,325.9599914550781,214306,AMD,5m
2026-04-28 18:30:00+00:00,326.0350036621094,326.3399963378906,324.8999938964844,325.0199890136719,320370,AMD,5m
2026-04-28 18:35:00+00:00,324.95001220703125,325.07000732421875,324.5,324.9649963378906,199161,AMD,5m
2026-04-28 18:40:00+00:00,324.9700012207031,325.44000244140625,324.82000732421875,325.2749938964844,182893,AMD,5m
2026-04-28 18:45:00+00:00,325.32000732421875,325.6449890136719,324.7200012207031,324.864990234375,175403,AMD,5m
2026-04-28 18:50:00+00:00,324.864990234375,325.0387878417969,324.6358947753906,324.7998962402344,144094,AMD,5m
2026-04-28 18:55:00+00:00,324.8299865722656,325.8399963378906,324.3599853515625,325.75,301663,AMD,5m
2026-04-28 19:00:00+00:00,325.7349853515625,326.6758117675781,325.7146911621094,326.4100036621094,317719,AMD,5m
2026-04-28 19:05:00+00:00,326.42999267578125,326.7699890136719,325.9100036621094,326.07501220703125,226207,AMD,5m
2026-04-28 19:10:00+00:00,326.0400085449219,326.4100036621094,325.4549865722656,325.5199890136719,236418,AMD,5m
2026-04-28 19:15:00+00:00,325.4800109863281,325.4800109863281,324.2300109863281,324.7412109375,333075,AMD,5m
2026-04-28 19:20:00+00:00,324.7900085449219,325.2200012207031,324.3599853515625,324.80499267578125,236669,AMD,5m
2026-04-28 19:25:00+00:00,324.864990234375,324.8930969238281,324.1000061035156,324.6203918457031,164393,AMD,5m
2026-04-28 19:30:00+00:00,324.6199951171875,325.4800109863281,324.3102111816406,324.42999267578125,271624,AMD,5m
2026-04-28 19:35:00+00:00,324.40008544921875,324.5400085449219,323.75,323.8349914550781,299317,AMD,5m
2026-04-28 19:40:00+00:00,323.8699951171875,324.5899963378906,323.7550048828125,324.1614990234375,292870,AMD,5m
2026-04-28 19:45:00+00:00,324.20001220703125,324.20001220703125,323.79998779296875,323.875,232779,AMD,5m
2026-04-28 19:50:00+00:00,323.92999267578125,323.989990234375,322.6099853515625,322.9800109863281,542404,AMD,5m
2026-04-28 19:55:00+00:00,323.0,323.67999267578125,322.7099914550781,323.1099853515625,913995,AMD,5m
2026-04-29 13:30:00+00:00,326.5799865722656,327.2699890136719,320.70001220703125,321.16400146484375,2337409,AMD,5m
2026-04-29 13:35:00+00:00,321.2300109863281,321.6700134277344,318.8599853515625,319.7699890136719,1250882,AMD,5m
2026-04-29 13:40:00+00:00,319.7699890136719,321.739990234375,319.3999938964844,321.1199951171875,902863,AMD,5m
2026-04-29 13:45:00+00:00,321.0899963378906,321.8800048828125,319.75,320.1300048828125,505196,AMD,5m
2026-04-29 13:50:00+00:00,320.17999267578125,323.8900146484375,320.0799865722656,323.54998779296875,1042208,AMD,5m
2026-04-29 13:55:00+00:00,323.6099853515625,324.34991455078125,323.0,323.2950134277344,810084,AMD,5m
2026-04-29 14:00:00+00:00,323.2300109863281,323.40679931640625,321.1000061035156,321.57000732421875,547992,AMD,5m
2026-04-29 14:05:00+00:00,321.5199890136719,322.010009765625,319.75,320.4200134277344,556326,AMD,5m
2026-04-29 14:10:00+00:00,320.4200134277344,322.6199951171875,319.860107421875,322.364990234375,554629,AMD,5m
2026-04-29 14:15:00+00:00,322.364990234375,324.8299865722656,322.0400085449219,324.2799987792969,684104,AMD,5m
2026-04-29 14:20:00+00:00,324.1300048828125,326.21990966796875,323.79998779296875,325.8949890136719,608881,AMD,5m
2026-04-29 14:25:00+00:00,325.8999938964844,327.989990234375,325.7500915527344,326.8399963378906,643152,AMD,5m
2026-04-29 14:30:00+00:00,326.82000732421875,329.54998779296875,326.2300109863281,329.4599914550781,821700,AMD,5m
2026-04-29 14:35:00+00:00,329.4599914550781,331.7867126464844,329.023193359375,330.8800048828125,1333307,AMD,5m
2026-04-29 14:40:00+00:00,330.7799987792969,331.4599914550781,329.5199890136719,331.25,889844,AMD,5m
2026-04-29 14:45:00+00:00,331.29998779296875,331.8900146484375,329.8900146484375,329.989990234375,791243,AMD,5m
2026-04-29 14:50:00+00:00,329.9849853515625,332.45001220703125,329.67999267578125,332.345703125,674014,AMD,5m
2026-04-29 14:55:00+00:00,332.3420104980469,333.3900146484375,332.0700988769531,332.7900085449219,887536,AMD,5m
2026-04-29 15:00:00+00:00,332.7900085449219,333.95001220703125,332.0400085449219,332.1549987792969,960368,AMD,5m
2026-04-29 15:05:00+00:00,332.1499938964844,332.7300109863281,330.1199951171875,330.1300048828125,686400,AMD,5m
2026-04-29 15:10:00+00:00,330.1300048828125,330.34991455078125,328.52288818359375,329.19000244140625,721024,AMD,5m
2026-04-29 15:15:00+00:00,329.2699890136719,330.1600036621094,328.7749938964844,329.44000244140625,516629,AMD,5m
2026-04-29 15:20:00+00:00,329.55999755859375,330.54998779296875,328.7699890136719,328.8399963378906,509954,AMD,5m
2026-04-29 15:25:00+00:00,328.8599853515625,329.1700134277344,327.7026062011719,328.19500732421875,503099,AMD,5m
2026-04-29 15:30:00+00:00,328.090087890625,328.8699951171875,327.5,327.7261962890625,421189,AMD,5m
2026-04-29 15:35:00+00:00,327.67010498046875,328.17999267578125,326.7799987792969,327.2535095214844,383845,AMD,5m
2026-04-29 15:40:00+00:00,327.44989013671875,328.7398986816406,327.1376037597656,328.67999267578125,358960,AMD,5m
2026-04-29 15:45:00+00:00,328.67999267578125,328.9200134277344,327.82000732421875,328.2900085449219,294171,AMD,5m
2026-04-29 15:50:00+00:00,328.2900085449219,328.6499938964844,326.9519958496094,327.6400146484375,310006,AMD,5m
2026-04-29 15:55:00+00:00,327.4700012207031,328.4208068847656,327.41009521484375,327.8599853515625,244880,AMD,5m
2026-04-29 16:00:00+00:00,328.0,328.52630615234375,327.7200012207031,328.0350036621094,137909,AMD,5m
2026-04-29 16:05:00+00:00,328.010009765625,328.8599853515625,328.010009765625,328.2300109863281,180924,AMD,5m
2026-04-29 16:10:00+00:00,328.1300048828125,328.8207092285156,327.3299865722656,327.3450012207031,219192,AMD,5m
2026-04-29 16:15:00+00:00,327.3450012207031,327.75,326.2099914550781,326.239990234375,278032,AMD,5m
2026-04-29 16:20:00+00:00,326.30499267578125,327.43499755859375,326.04998779296875,326.8800048828125,339271,AMD,5m
2026-04-29 16:25:00+00:00,326.7301025390625,328.20001220703125,326.7301025390625,328.0799865722656,306552,AMD,5m
2026-04-29 16:30:00+00:00,327.9750061035156,328.6600036621094,327.1600036621094,328.2699890136719,398715,AMD,5m
2026-04-29 16:35:00+00:00,328.2900085449219,330.05999755859375,328.1600036621094,329.9700012207031,523664,AMD,5m
2026-04-29 16:40:00+00:00,329.9700012207031,330.88330078125,329.7200012207031,329.92498779296875,419320,AMD,5m
2026-04-29 16:45:00+00:00,329.92498779296875,330.760009765625,329.44891357421875,330.0400085449219,213107,AMD,5m
2026-04-29 16:50:00+00:00,330.0199890136719,331.0,329.8500061035156,330.5450134277344,222661,AMD,5m
2026-04-29 16:55:00+00:00,330.5799865722656,331.1698913574219,330.1400146484375,330.8999938964844,258441,AMD,5m
2026-04-29 17:00:00+00:00,331.0,331.44989013671875,330.25,330.610107421875,274053,AMD,5m
2026-04-29 17:05:00+00:00,330.6499938964844,331.0,330.54998779296875,330.8949890136719,137949,AMD,5m
2026-04-29 17:10:00+00:00,330.92999267578125,332.5199890136719,330.92999267578125,332.4800109863281,292325,AMD,5m
2026-04-29 17:15:00+00:00,332.43499755859375,332.66180419921875,331.7200927734375,331.739990234375,248435,AMD,5m
2026-04-29 17:20:00+00:00,331.75,333.0,331.7200012207031,332.5799865722656,271275,AMD,5m
2026-04-29 17:25:00+00:00,332.5,333.3399963378906,332.3200988769531,333.2950134277344,316966,AMD,5m
2026-04-29 17:30:00+00:00,333.3500061035156,333.8500061035156,332.75,333.28680419921875,362657,AMD,5m
2026-04-29 17:35:00+00:00,333.3550109863281,333.6499938964844,332.17999267578125,332.7294006347656,314361,AMD,5m
2026-04-29 17:40:00+00:00,332.67999267578125,332.92999267578125,332.239990234375,332.4587097167969,233664,AMD,5m
2026-04-29 17:45:00+00:00,332.44000244140625,332.8500061035156,332.0,332.7799987792969,235328,AMD,5m
2026-04-29 17:50:00+00:00,332.6647033691406,333.6712951660156,332.5000915527344,333.30499267578125,321730,AMD,5m
2026-04-29 17:55:00+00:00,333.30999755859375,335.3900146484375,333.2040100097656,335.114990234375,560661,AMD,5m
2026-04-29 18:00:00+00:00,335.20001220703125,335.6499938964844,334.3900146484375,334.5,522534,AMD,5m
2026-04-29 18:05:00+00:00,334.4949951171875,335.0,334.07000732421875,334.2049865722656,348582,AMD,5m
2026-04-29 18:10:00+00:00,334.1700134277344,334.30999755859375,333.29998779296875,334.05999755859375,346196,AMD,5m
2026-04-29 18:15:00+00:00,334.09991455078125,335.4200134277344,333.9700012207031,334.7550048828125,384689,AMD,5m
2026-04-29 18:20:00+00:00,334.7300109863281,336.2900085449219,334.6650085449219,336.1300048828125,382794,AMD,5m
2026-04-29 18:25:00+00:00,336.07000732421875,336.3500061035156,335.57000732421875,335.7749938964844,320130,AMD,5m
2026-04-29 18:30:00+00:00,335.80999755859375,336.0400085449219,334.9100036621094,335.875,259133,AMD,5m
2026-04-29 18:35:00+00:00,335.80670166015625,337.54998779296875,335.7799987792969,336.7699890136719,503998,AMD,5m
2026-04-29 18:40:00+00:00,336.6499938964844,337.4100036621094,335.840087890625,336.3800048828125,572995,AMD,5m
2026-04-29 18:45:00+00:00,336.45001220703125,337.70001220703125,335.7300109863281,337.3800048828125,487747,AMD,5m
2026-04-29 18:50:00+00:00,337.4599914550781,338.3399963378906,337.0,337.2298889160156,555652,AMD,5m
2026-04-29 18:55:00+00:00,337.2298889160156,338.17999267578125,337.06500244140625,337.45001220703125,327200,AMD,5m
2026-04-29 19:00:00+00:00,337.45001220703125,337.9200134277344,336.9849853515625,337.5799865722656,312022,AMD,5m
2026-04-29 19:05:00+00:00,337.53009033203125,338.79998779296875,337.0199890136719,338.3500061035156,449966,AMD,5m
2026-04-29 19:10:00+00:00,338.3200988769531,338.89990234375,338.2117004394531,338.70001220703125,377793,AMD,5m
2026-04-29 19:15:00+00:00,338.79998779296875,339.33990478515625,338.5400085449219,338.8999938964844,416260,AMD,5m
2026-04-29 19:20:00+00:00,338.8599853515625,340.0,338.42999267578125,339.44000244140625,588360,AMD,5m
2026-04-29 19:25:00+00:00,339.4898986816406,340.1700134277344,339.1300048828125,339.3500061035156,551534,AMD,5m
2026-04-29 19:30:00+00:00,339.25,339.6499938964844,338.40008544921875,338.6700134277344,590717,AMD,5m
2026-04-29 19:35:00+00:00,338.614990234375,338.614990234375,337.3500061035156,337.3500061035156,522001,AMD,5m
2026-04-29 19:40:00+00:00,337.3599853515625,337.8399963378906,336.8599853515625,337.25,367312,AMD,5m
2026-04-29 19:45:00+00:00,337.30999755859375,337.44500732421875,336.3700866699219,336.69000244140625,426907,AMD,5m
2026-04-29 19:50:00+00:00,336.69000244140625,337.31988525390625,336.3500061035156,336.4700927734375,582383,AMD,5m
2026-04-29 19:55:00+00:00,336.32000732421875,337.2699890136719,336.0,337.07000732421875,1243550,AMD,5m
2026-04-30 13:30:00+00:00,341.3550109863281,341.489990234375,333.0,334.43499755859375,3611857,AMD,5m
2026-04-30 13:35:00+00:00,334.260009765625,337.0,332.6000061035156,336.125,1011039,AMD,5m
2026-04-30 13:40:00+00:00,336.2099914550781,340.5,336.04998779296875,340.07501220703125,971734,AMD,5m
2026-04-30 13:45:00+00:00,340.07501220703125,342.0,338.3800048828125,339.92999267578125,899586,AMD,5m
2026-04-30 13:50:00+00:00,339.92999267578125,339.9999084472656,336.75,339.6075134277344,770283,AMD,5m
2026-04-30 13:55:00+00:00,339.8999938964844,343.0950012207031,339.0,342.760009765625,1030553,AMD,5m
2026-04-30 14:00:00+00:00,342.8699951171875,345.1000061035156,341.7300109863281,344.07501220703125,1100580,AMD,5m
2026-04-30 14:05:00+00:00,344.20001220703125,345.5646057128906,343.0,345.15789794921875,1068214,AMD,5m
2026-04-30 14:10:00+00:00,345.05499267578125,345.84991455078125,342.8900146484375,345.39849853515625,909511,AMD,5m
2026-04-30 14:15:00+00:00,345.2950134277344,345.3544921875,341.05999755859375,344.42498779296875,838926,AMD,5m
2026-04-30 14:20:00+00:00,344.42498779296875,344.79998779296875,342.7701110839844,344.1700134277344,450194,AMD,5m
2026-04-30 14:25:00+00:00,344.08599853515625,345.1199951171875,342.54998779296875,343.1099853515625,682298,AMD,5m
2026-04-30 14:30:00+00:00,342.9200134277344,344.239990234375,340.989990234375,341.32000732421875,574995,AMD,5m
2026-04-30 14:35:00+00:00,341.239990234375,341.489990234375,338.0317077636719,338.20989990234375,648479,AMD,5m
2026-04-30 14:40:00+00:00,338.1841125488281,341.3800048828125,337.69000244140625,340.8450012207031,574630,AMD,5m
2026-04-30 14:45:00+00:00,340.8450012207031,343.02899169921875,340.7099914550781,342.6700134277344,502322,AMD,5m
2026-04-30 14:50:00+00:00,342.6199951171875,345.8999938964844,342.239990234375,345.42999267578125,672118,AMD,5m
2026-04-30 14:55:00+00:00,345.35009765625,345.67999267578125,344.7200012207031,345.5899963378906,682424,AMD,5m
2026-04-30 15:00:00+00:00,345.5,348.3399963378906,345.4100036621094,347.3800048828125,1095075,AMD,5m
2026-04-30 15:05:00+00:00,347.32000732421875,347.989990234375,346.5,347.989990234375,425788,AMD,5m
2026-04-30 15:10:00+00:00,347.9800109863281,349.1000061035156,347.1000061035156,348.30999755859375,562730,AMD,5m
2026-04-30 15:15:00+00:00,348.3450012207031,348.7499084472656,347.5000915527344,348.19500732421875,322758,AMD,5m
2026-04-30 15:20:00+00:00,348.1400146484375,348.8598937988281,347.419189453125,347.7049865722656,354852,AMD,5m
2026-04-30 15:25:00+00:00,347.7799987792969,348.6000061035156,346.8146057128906,348.1600036621094,404305,AMD,5m
2026-04-30 15:30:00+00:00,348.2986145019531,350.7200012207031,348.110107421875,350.1700134277344,876805,AMD,5m
2026-04-30 15:35:00+00:00,350.07000732421875,350.07000732421875,347.45001220703125,347.7900085449219,453603,AMD,5m
2026-04-30 15:40:00+00:00,347.7900085449219,347.9700012207031,346.0700988769531,346.3299865722656,319795,AMD,5m
2026-04-30 15:45:00+00:00,346.29998779296875,347.04339599609375,345.45001220703125,346.65008544921875,330653,AMD,5m
2026-04-30 15:50:00+00:00,346.6300048828125,347.9894104003906,346.5299987792969,347.7099914550781,260144,AMD,5m
2026-04-30 15:55:00+00:00,347.6664123535156,347.86920166015625,346.45001220703125,346.80499267578125,249475,AMD,5m
2026-04-30 16:00:00+00:00,346.7200012207031,347.9599914550781,346.5,347.4750061035156,226165,AMD,5m
2026-04-30 16:05:00+00:00,347.4599914550781,348.0,347.2799987792969,347.42999267578125,168413,AMD,5m
2026-04-30 16:10:00+00:00,347.3999938964844,348.96990966796875,347.0899963378906,348.8550109863281,263715,AMD,5m
2026-04-30 16:15:00+00:00,348.8550109863281,349.2200012207031,348.3299865722656,349.1087951660156,190964,AMD,5m
2026-04-30 16:20:00+00:00,348.9800109863281,349.2200012207031,348.4599914550781,348.4599914550781,164159,AMD,5m
2026-04-30 16:25:00+00:00,348.3599853515625,349.4800109863281,347.92010498046875,349.4800109863281,207290,AMD,5m
2026-04-30 16:30:00+00:00,349.4800109863281,349.94000244140625,349.16009521484375,349.40008544921875,326803,AMD,5m
2026-04-30 16:35:00+00:00,349.3999938964844,350.6400146484375,349.1700134277344,350.6300048828125,336100,AMD,5m
2026-04-30 16:40:00+00:00,350.5899963378906,351.0,349.69000244140625,349.8800048828125,332539,AMD,5m
2026-04-30 16:45:00+00:00,349.82000732421875,349.82000732421875,348.79998779296875,349.468994140625,265300,AMD,5m
2026-04-30 16:50:00+00:00,349.510009765625,349.9898986816406,348.8800048828125,349.1400146484375,236090,AMD,5m
2026-04-30 16:55:00+00:00,349.0899963378906,349.909912109375,348.8100891113281,349.8067932128906,148499,AMD,5m
2026-04-30 17:00:00+00:00,349.78009033203125,351.19000244140625,349.78009033203125,351.1600036621094,358117,AMD,5m
2026-04-30 17:05:00+00:00,351.15008544921875,352.20001220703125,350.989990234375,351.9800109863281,457950,AMD,5m
2026-04-30 17:10:00+00:00,352.0,352.5010070800781,351.79998779296875,351.9549865722656,346879,AMD,5m
2026-04-30 17:15:00+00:00,351.9100036621094,352.1300048828125,351.3500061035156,351.9049987792969,287491,AMD,5m
2026-04-30 17:20:00+00:00,351.8999938964844,352.2998962402344,351.6000061035156,352.010009765625,239368,AMD,5m
2026-04-30 17:25:00+00:00,352.0199890136719,352.28961181640625,351.6199951171875,352.07470703125,217765,AMD,5m
2026-04-30 17:30:00+00:00,352.0849914550781,352.7699890136719,352.0849914550781,352.7300109863281,310737,AMD,5m
2026-04-30 17:35:00+00:00,352.75,353.0799865722656,352.20001220703125,352.70001220703125,375003,AMD,5m
2026-04-30 17:40:00+00:00,352.739990234375,353.45001220703125,352.5400085449219,353.1899108886719,371652,AMD,5m
2026-04-30 17:45:00+00:00,353.19000244140625,354.3299865722656,353.1000061035156,353.82000732421875,495516,AMD,5m
2026-04-30 17:50:00+00:00,353.75,354.2898864746094,353.75,354.1050109863281,257902,AMD,5m
2026-04-30 17:55:00+00:00,354.1600036621094,354.760009765625,353.8800048828125,354.239990234375,376358,AMD,5m
2026-04-30 18:00:00+00:00,354.260009765625,354.7799987792969,354.1000061035156,354.3999938964844,341064,AMD,5m
2026-04-30 18:05:00+00:00,354.3999938964844,354.4798889160156,353.510009765625,353.7799987792969,364211,AMD,5m
2026-04-30 18:10:00+00:00,353.7749938964844,353.79998779296875,352.8200988769531,353.19000244140625,303976,AMD,5m
2026-04-30 18:15:00+00:00,353.22979736328125,353.71978759765625,352.92999267578125,353.05499267578125,221599,AMD,5m
2026-04-30 18:20:00+00:00,353.05499267578125,353.2099914550781,352.4006042480469,352.5314025878906,336144,AMD,5m
2026-04-30 18:25:00+00:00,352.5050048828125,352.8598937988281,351.6000061035156,351.99090576171875,365438,AMD,5m
2026-04-30 18:30:00+00:00,352.04998779296875,352.5799865722656,351.6401062011719,352.239990234375,279472,AMD,5m
2026-04-30 18:35:00+00:00,352.2349853515625,353.1083984375,352.1499938964844,352.2698974609375,282495,AMD,5m
2026-04-30 18:40:00+00:00,352.1449890136719,352.44000244140625,351.8800048828125,352.17999267578125,176420,AMD,5m
2026-04-30 18:45:00+00:00,352.2250061035156,352.5400085449219,351.95849609375,352.2900085449219,179364,AMD,5m
2026-04-30 18:50:00+00:00,352.25,352.34490966796875,351.80999755859375,351.8900146484375,202020,AMD,5m
2026-04-30 18:55:00+00:00,351.8399963378906,351.86199951171875,351.0400085449219,351.2900085449219,251517,AMD,5m
2026-04-30 19:00:00+00:00,351.2449951171875,352.0199890136719,351.0,351.3699951171875,264610,AMD,5m
2026-04-30 19:05:00+00:00,351.42999267578125,352.25,351.2301025390625,352.114990234375,198440,AMD,5m
2026-04-30 19:10:00+00:00,352.1000061035156,352.79998779296875,351.8299865722656,352.79998779296875,243577,AMD,5m
2026-04-30 19:15:00+00:00,352.80999755859375,352.8900146484375,352.44000244140625,352.7749938964844,220183,AMD,5m
2026-04-30 19:20:00+00:00,352.75,353.0199890136719,352.5400085449219,352.6099853515625,248574,AMD,5m
2026-04-30 19:25:00+00:00,352.5899963378906,353.06500244140625,352.4200134277344,352.75,258569,AMD,5m
2026-04-30 19:30:00+00:00,352.7900085449219,353.69000244140625,352.4800109863281,353.44000244140625,362934,AMD,5m
2026-04-30 19:35:00+00:00,353.43499755859375,353.4800109863281,352.7101135253906,353.3500061035156,285244,AMD,5m
2026-04-30 19:40:00+00:00,353.3500061035156,353.4682922363281,352.8999938964844,353.17999267578125,341568,AMD,5m
2026-04-30 19:45:00+00:00,353.1600036621094,353.8599853515625,353.1099853515625,353.760009765625,362564,AMD,5m
2026-04-30 19:50:00+00:00,353.7900085449219,354.5,353.2701110839844,354.1300048828125,839382,AMD,5m
2026-04-30 19:55:00+00:00,354.17999267578125,354.9599914550781,354.0899963378906,354.3500061035156,1547597,AMD,5m
2026-05-01 13:30:00+00:00,351.8699951171875,355.92999267578125,349.510009765625,354.95001220703125,2047499,AMD,5m
2026-05-01 13:35:00+00:00,354.75,357.3299865722656,352.7001037597656,357.260009765625,1157876,AMD,5m
2026-05-01 13:40:00+00:00,357.0199890136719,358.2349853515625,354.3399963378906,354.80999755859375,1008522,AMD,5m
2026-05-01 13:45:00+00:00,354.80999755859375,355.0198974609375,351.3301086425781,352.19989013671875,910014,AMD,5m
2026-05-01 13:50:00+00:00,352.0400085449219,354.2799987792969,351.5299987792969,353.0150146484375,706145,AMD,5m
2026-05-01 13:55:00+00:00,353.0150146484375,356.3918151855469,352.70001220703125,356.2950134277344,643394,AMD,5m
2026-05-01 14:00:00+00:00,356.3999938964844,357.0899963378906,355.489990234375,356.32000732421875,627789,AMD,5m
2026-05-01 14:05:00+00:00,356.39990234375,356.4800109863281,353.5,353.8832092285156,566254,AMD,5m
2026-05-01 14:10:00+00:00,353.7651062011719,356.1734924316406,353.5400085449219,354.9224853515625,592813,AMD,5m
2026-05-01 14:15:00+00:00,354.8900146484375,355.0899963378906,352.8710021972656,354.2799987792969,451815,AMD,5m
2026-05-01 14:20:00+00:00,354.2799987792969,354.42999267578125,352.8800048828125,353.1719970703125,386571,AMD,5m
2026-05-01 14:25:00+00:00,353.0199890136719,354.3800048828125,352.010009765625,352.2149963378906,479742,AMD,5m
2026-05-01 14:30:00+00:00,352.2149963378906,353.0899963378906,350.5299987792969,350.8800964355469,545923,AMD,5m
2026-05-01 14:35:00+00:00,350.9700012207031,351.8800048828125,349.25,351.3009033203125,652141,AMD,5m
2026-05-01 14:40:00+00:00,351.3599853515625,353.2789001464844,351.010009765625,352.7300109863281,476325,AMD,5m
2026-05-01 14:45:00+00:00,352.7900085449219,353.3399963378906,352.3699951171875,352.5050048828125,244468,AMD,5m
2026-05-01 14:50:00+00:00,352.364990234375,353.0,351.0000915527344,352.0899963378906,246517,AMD,5m
2026-05-01 14:55:00+00:00,352.07501220703125,352.7799987792969,351.4100036621094,351.4100036621094,220092,AMD,5m
2026-05-01 15:00:00+00:00,351.4750061035156,352.3599853515625,350.7699890136719,352.1300048828125,188255,AMD,5m
2026-05-01 15:05:00+00:00,352.239990234375,353.20001220703125,351.9949951171875,352.7001037597656,181558,AMD,5m
2026-05-01 15:10:00+00:00,352.6600036621094,353.3799133300781,352.0801086425781,353.2300109863281,214807,AMD,5m
2026-05-01 15:15:00+00:00,353.1200866699219,354.6619873046875,353.1200866699219,354.2850036621094,371269,AMD,5m
2026-05-01 15:20:00+00:00,354.2850036621094,354.4800109863281,353.05999755859375,353.29998779296875,224779,AMD,5m
2026-05-01 15:25:00+00:00,353.07000732421875,354.1799011230469,353.07000732421875,353.9450988769531,164605,AMD,5m
2026-05-01 15:30:00+00:00,353.9599914550781,354.69000244140625,353.6199951171875,354.260009765625,241978,AMD,5m
2026-05-01 15:35:00+00:00,354.1400146484375,354.9798889160156,353.93011474609375,354.5664978027344,214038,AMD,5m
2026-05-01 15:40:00+00:00,354.5899963378906,355.0957946777344,354.3500061035156,354.7699890136719,210842,AMD,5m
2026-05-01 15:45:00+00:00,354.739990234375,355.29998779296875,354.6400146484375,354.7650146484375,157885,AMD,5m
2026-05-01 15:50:00+00:00,354.67999267578125,354.8900146484375,353.0000915527344,354.3900146484375,239964,AMD,5m
2026-05-01 15:55:00+00:00,354.55499267578125,355.25,354.3045959472656,355.1549987792969,198903,AMD,5m
2026-05-01 16:00:00+00:00,355.1449890136719,356.1000061035156,354.8323974609375,355.3299865722656,284984,AMD,5m
2026-05-01 16:05:00+00:00,355.2900085449219,355.7998962402344,355.17999267578125,355.3599853515625,156162,AMD,5m
2026-05-01 16:10:00+00:00,355.4150085449219,356.70001220703125,355.25,356.07501220703125,333195,AMD,5m
2026-05-01 16:15:00+00:00,356.01251220703125,357.25,355.9800109863281,357.20001220703125,310046,AMD,5m
2026-05-01 16:20:00+00:00,357.15478515625,358.04998779296875,356.760009765625,357.55499267578125,448834,AMD,5m
2026-05-01 16:25:00+00:00,357.5299987792969,357.70001220703125,356.32000732421875,356.54998779296875,236798,AMD,5m
2026-05-01 16:30:00+00:00,356.5400085449219,357.19000244140625,356.30120849609375,356.8299865722656,226862,AMD,5m
2026-05-01 16:35:00+00:00,356.8299865722656,357.7900085449219,356.6400146484375,357.55499267578125,290678,AMD,5m
2026-05-01 16:40:00+00:00,357.42999267578125,358.1000061035156,357.15008544921875,357.6199951171875,267684,AMD,5m
2026-05-01 16:45:00+00:00,357.56500244140625,358.46990966796875,356.8800048828125,357.3900146484375,379546,AMD,5m
2026-05-01 16:50:00+00:00,357.489990234375,358.30999755859375,357.20001220703125,357.80999755859375,278217,AMD,5m
2026-05-01 16:55:00+00:00,357.8900146484375,358.7200012207031,357.8900146484375,358.44000244140625,287936,AMD,5m
2026-05-01 17:00:00+00:00,358.4150085449219,359.0899963378906,358.1400146484375,358.8949890136719,295505,AMD,5m
2026-05-01 17:05:00+00:00,358.9549865722656,359.2698974609375,358.44000244140625,359.07000732421875,285047,AMD,5m
2026-05-01 17:10:00+00:00,359.07000732421875,359.989990234375,358.6300048828125,359.8500061035156,370162,AMD,5m
2026-05-01 17:15:00+00:00,359.8500061035156,359.989990234375,359.1282958984375,359.7799987792969,275046,AMD,5m
2026-05-01 17:20:00+00:00,359.715087890625,360.1000061035156,359.2101135253906,359.6184997558594,385617,AMD,5m
2026-05-01 17:25:00+00:00,359.6050109863281,359.95001220703125,358.8699951171875,359.8399963378906,249279,AMD,5m
2026-05-01 17:30:00+00:00,359.8900146484375,360.45001220703125,359.6000061035156,360.2099914550781,479084,AMD,5m
2026-05-01 17:35:00+00:00,360.2099914550781,360.8099060058594,360.05010986328125,360.4700012207031,241242,AMD,5m
2026-05-01 17:40:00+00:00,360.5199890136719,362.1199951171875,360.45001220703125,362.010009765625,614063,AMD,5m
2026-05-01 17:45:00+00:00,361.9800109863281,362.67999267578125,361.44000244140625,362.4700012207031,417067,AMD,5m
2026-05-01 17:50:00+00:00,362.3999938964844,362.7900085449219,361.5199890136719,361.840087890625,510834,AMD,5m
2026-05-01 17:55:00+00:00,361.89849853515625,362.2799072265625,361.6000061035156,361.8900146484375,236996,AMD,5m
2026-05-01 18:00:00+00:00,361.8900146484375,362.20001220703125,361.20001220703125,361.3900146484375,382045,AMD,5m
2026-05-01 18:05:00+00:00,361.5199890136719,361.79998779296875,361.35009765625,361.5899963378906,235089,AMD,5m
2026-05-01 18:10:00+00:00,361.6050109863281,362.29998779296875,360.7200012207031,360.8900146484375,517461,AMD,5m
2026-05-01 18:15:00+00:00,360.875,361.57000732421875,360.510009765625,361.04998779296875,315827,AMD,5m
2026-05-01 18:20:00+00:00,361.010009765625,361.6199951171875,360.8201904296875,361.3699951171875,168991,AMD,5m
2026-05-01 18:25:00+00:00,361.3999938964844,361.4599914550781,360.3299865722656,360.6600036621094,221188,AMD,5m
2026-05-01 18:30:00+00:00,360.6549987792969,360.6549987792969,359.6962890625,359.94500732421875,268460,AMD,5m
2026-05-01 18:35:00+00:00,359.8999938964844,360.08990478515625,359.17999267578125,359.17999267578125,248031,AMD,5m
2026-05-01 18:40:00+00:00,359.2298889160156,359.30999755859375,358.54998779296875,358.71990966796875,328809,AMD,5m
2026-05-01 18:45:00+00:00,358.7099914550781,358.75,357.55999755859375,358.0400085449219,318155,AMD,5m
2026-05-01 18:50:00+00:00,357.95001220703125,358.2699890136719,357.29998779296875,357.3699951171875,303146,AMD,5m
2026-05-01 18:55:00+00:00,357.5050048828125,358.1600036621094,357.3900146484375,357.8500061035156,224936,AMD,5m
2026-05-01 19:00:00+00:00,357.8500061035156,358.2699890136719,357.25,358.260009765625,276803,AMD,5m
2026-05-01 19:05:00+00:00,358.2349853515625,359.2499084472656,358.14300537109375,359.10009765625,286242,AMD,5m
2026-05-01 19:10:00+00:00,359.1199951171875,360.0,358.79998779296875,359.9100036621094,312550,AMD,5m
2026-05-01 19:15:00+00:00,359.7799987792969,361.9200134277344,359.6499938964844,361.614990234375,459471,AMD,5m
2026-05-01 19:20:00+00:00,361.70001220703125,361.79998779296875,360.8999938964844,361.6400146484375,441960,AMD,5m
2026-05-01 19:25:00+00:00,361.56500244140625,361.9599914550781,360.75,361.114990234375,300407,AMD,5m
2026-05-01 19:30:00+00:00,361.010009765625,361.20001220703125,360.1199951171875,360.17498779296875,293699,AMD,5m
2026-05-01 19:35:00+00:00,360.1199951171875,360.2499084472656,359.5199890136719,359.9649963378906,396319,AMD,5m
2026-05-01 19:40:00+00:00,359.93011474609375,360.4800109863281,359.760009765625,359.9150085449219,300611,AMD,5m
2026-05-01 19:45:00+00:00,359.8699951171875,359.9898986816406,358.3800048828125,359.30499267578125,397286,AMD,5m
2026-05-01 19:50:00+00:00,359.42999267578125,360.8800048828125,359.1099853515625,360.5,817549,AMD,5m
2026-05-01 19:55:00+00:00,360.489990234375,361.1199951171875,359.8299865722656,360.54998779296875,1379894,AMD,5m
2026-05-04 13:30:00+00:00,360.30999755859375,361.8500061035156,355.79998779296875,356.0221862792969,3450249,AMD,5m
2026-05-04 13:35:00+00:00,356.010009765625,356.1099853515625,349.0,349.40008544921875,1694783,AMD,5m
2026-05-04 13:40:00+00:00,349.5150146484375,352.5498962402344,348.68011474609375,349.30999755859375,1354008,AMD,5m
2026-05-04 13:45:00+00:00,349.37799072265625,349.4599914550781,346.70001220703125,346.75,1305342,AMD,5m
2026-05-04 13:50:00+00:00,346.68011474609375,350.09991455078125,346.5199890136719,349.20001220703125,964977,AMD,5m
2026-05-04 13:55:00+00:00,349.3399963378906,352.4750061035156,348.70001220703125,352.45001220703125,910013,AMD,5m
2026-05-04 14:00:00+00:00,352.3349914550781,353.2428894042969,349.8900146484375,350.55999755859375,851964,AMD,5m
2026-05-04 14:05:00+00:00,350.6400146484375,350.95001220703125,348.54998779296875,349.6449890136719,616881,AMD,5m
2026-05-04 14:10:00+00:00,349.7799072265625,350.2799987792969,347.2778015136719,347.2778015136719,688273,AMD,5m
2026-05-04 14:15:00+00:00,347.2900085449219,347.45001220703125,343.8299865722656,344.9200134277344,1601650,AMD,5m
2026-05-04 14:20:00+00:00,344.96990966796875,346.39990234375,344.41009521484375,344.7756042480469,961641,AMD,5m
2026-05-04 14:25:00+00:00,344.7149963378906,345.7298889160156,342.8399963378906,342.92999267578125,742619,AMD,5m
2026-05-04 14:30:00+00:00,342.9700012207031,345.989990234375,342.70001220703125,344.4200134277344,606121,AMD,5m
2026-05-04 14:35:00+00:00,344.3999938964844,346.22711181640625,344.0,346.0946044921875,486193,AMD,5m
2026-05-04 14:40:00+00:00,346.1099853515625,347.5,345.7101135253906,347.19500732421875,582262,AMD,5m
2026-05-04 14:45:00+00:00,347.2300109863281,348.33990478515625,347.19268798828125,347.47088623046875,555699,AMD,5m
2026-05-04 14:50:00+00:00,347.4800109863281,347.4800109863281,346.0,346.44000244140625,530480,AMD,5m
2026-05-04 14:55:00+00:00,346.6659851074219,347.8699035644531,345.7200012207031,346.8800048828125,482035,AMD,5m
2026-05-04 15:00:00+00:00,346.9200134277344,347.3299865722656,345.6000061035156,346.2699890136719,394003,AMD,5m
2026-05-04 15:05:00+00:00,346.2699890136719,346.5899963378906,345.29998779296875,346.1499938964844,339866,AMD,5m
2026-05-04 15:10:00+00:00,346.1499938964844,346.55999755859375,344.3905944824219,344.6700134277344,373174,AMD,5m
2026-05-04 15:15:00+00:00,344.5899963378906,345.0,343.2300109863281,343.4200134277344,417337,AMD,5m
2026-05-04 15:20:00+00:00,343.42999267578125,343.42999267578125,340.1499938964844,340.2149963378906,989981,AMD,5m
2026-05-04 15:25:00+00:00,340.17999267578125,342.7699890136719,340.1400146484375,342.05999755859375,700432,AMD,5m
2026-05-04 15:30:00+00:00,342.05499267578125,342.3999938964844,340.760009765625,341.75,487332,AMD,5m
2026-05-04 15:35:00+00:00,341.6400146484375,341.7101135253906,339.75,340.2200012207031,593998,AMD,5m
2026-05-04 15:40:00+00:00,340.17999267578125,342.07000732421875,338.70001220703125,341.9100036621094,766575,AMD,5m
2026-05-04 15:45:00+00:00,341.8699951171875,342.20001220703125,341.2900085449219,341.62799072265625,321918,AMD,5m
2026-05-04 15:50:00+00:00,341.5799865722656,342.55999755859375,340.2587890625,342.30999755859375,444331,AMD,5m
2026-05-04 15:55:00+00:00,342.3659973144531,342.70001220703125,341.75,342.0299987792969,307069,AMD,5m
2026-05-04 16:00:00+00:00,342.0299987792969,342.2900085449219,341.20001220703125,342.2149963378906,276216,AMD,5m
2026-05-04 16:05:00+00:00,342.20001220703125,342.3999938964844,339.7300109863281,340.1700134277344,501695,AMD,5m
2026-05-04 16:10:00+00:00,340.1000061035156,340.8999938964844,339.0400085449219,340.04998779296875,428795,AMD,5m
2026-05-04 16:15:00+00:00,340.05999755859375,340.93499755859375,338.8100891113281,340.29998779296875,479980,AMD,5m
2026-05-04 16:20:00+00:00,340.3599853515625,340.9299011230469,339.9100036621094,340.7099914550781,297392,AMD,5m
2026-05-04 16:25:00+00:00,340.7099914550781,341.5,340.57000732421875,341.06500244140625,274741,AMD,5m
2026-05-04 16:30:00+00:00,341.0350036621094,341.9299011230469,340.79998779296875,341.635009765625,241247,AMD,5m
2026-05-04 16:35:00+00:00,341.67999267578125,341.67999267578125,339.8900146484375,340.7770080566406,325783,AMD,5m
2026-05-04 16:40:00+00:00,340.8900146484375,341.95001220703125,340.60009765625,341.55340576171875,236735,AMD,5m
2026-05-04 16:45:00+00:00,341.57000732421875,342.139892578125,340.75030517578125,342.1199951171875,349076,AMD,5m
2026-05-04 16:50:00+00:00,342.1099853515625,342.4399108886719,341.24090576171875,342.20001220703125,243758,AMD,5m
2026-05-04 16:55:00+00:00,342.2799987792969,343.239990234375,342.2380065917969,342.3500061035156,371692,AMD,5m
2026-05-04 17:00:00+00:00,342.25,343.5899963378906,342.19000244140625,343.17999267578125,343507,AMD,5m
2026-05-04 17:05:00+00:00,343.1600036621094,343.42999267578125,342.760009765625,343.1300048828125,254154,AMD,5m
2026-05-04 17:10:00+00:00,343.20001220703125,343.3900146484375,342.1300048828125,342.4700012207031,241168,AMD,5m
2026-05-04 17:15:00+00:00,342.42999267578125,344.0799865722656,342.2001037597656,343.7650146484375,576002,AMD,5m
2026-05-04 17:20:00+00:00,343.8291931152344,343.9798889160156,343.3500061035156,343.7650146484375,202966,AMD,5m
2026-05-04 17:25:00+00:00,343.79998779296875,344.4200134277344,343.760009765625,344.3514099121094,274953,AMD,5m
2026-05-04 17:30:00+00:00,344.3900146484375,344.7698974609375,343.6600036621094,343.7699890136719,288439,AMD,5m
2026-05-04 17:35:00+00:00,343.7799987792969,343.7950134277344,343.20001220703125,343.635009765625,215240,AMD,5m
2026-05-04 17:40:00+00:00,343.70001220703125,343.95989990234375,343.32000732421875,343.4798889160156,179534,AMD,5m
2026-05-04 17:45:00+00:00,343.4800109863281,343.5199890136719,343.0,343.4100036621094,155216,AMD,5m
2026-05-04 17:50:00+00:00,343.3949890136719,343.8999938964844,343.17999267578125,343.2850036621094,184287,AMD,5m
2026-05-04 17:55:00+00:00,343.3599853515625,344.4800109863281,343.2900085449219,344.25,186073,AMD,5m
2026-05-04 18:00:00+00:00,344.239990234375,344.8399963378906,344.010009765625,344.4200134277344,220661,AMD,5m
2026-05-04 18:05:00+00:00,344.41241455078125,344.5,343.8999938964844,344.0101013183594,165900,AMD,5m
2026-05-04 18:10:00+00:00,344.0328063964844,344.30999755859375,343.7099914550781,344.081298828125,153809,AMD,5m
2026-05-04 18:15:00+00:00,344.06500244140625,344.1600036621094,343.29010009765625,343.6099853515625,163074,AMD,5m
2026-05-04 18:20:00+00:00,343.59991455078125,344.0,343.4100036621094,343.95001220703125,179038,AMD,5m
2026-05-04 18:25:00+00:00,343.95001220703125,344.3598937988281,342.75,344.19000244140625,280536,AMD,5m
2026-05-04 18:30:00+00:00,344.20001220703125,344.2799072265625,343.56500244140625,343.84649658203125,167763,AMD,5m
2026-05-04 18:35:00+00:00,343.8074951171875,344.04998779296875,343.4800109863281,343.6700134277344,156662,AMD,5m
2026-05-04 18:40:00+00:00,343.6650085449219,343.8194885253906,342.8299865722656,342.989990234375,294819,AMD,5m
2026-05-04 18:45:00+00:00,342.989990234375,342.9999084472656,342.2699890136719,342.9800109863281,297720,AMD,5m
2026-05-04 18:50:00+00:00,342.989990234375,343.1000061035156,342.29998779296875,342.4599914550781,193794,AMD,5m
2026-05-04 18:55:00+00:00,342.3299865722656,343.05999755859375,342.3299865722656,342.8118896484375,171075,AMD,5m
2026-05-04 19:00:00+00:00,342.82000732421875,343.0799865722656,342.3800048828125,342.68499755859375,142039,AMD,5m
2026-05-04 19:05:00+00:00,342.6499938964844,343.6098937988281,342.2900085449219,343.19000244140625,249301,AMD,5m
2026-05-04 19:10:00+00:00,343.1499938964844,343.4200134277344,343.010009765625,343.1000061035156,197145,AMD,5m
2026-05-04 19:15:00+00:00,343.19500732421875,343.3500061035156,341.80010986328125,341.89471435546875,350150,AMD,5m
2026-05-04 19:20:00+00:00,341.8949890136719,342.20001220703125,341.4200134277344,341.7950134277344,293807,AMD,5m
2026-05-04 19:25:00+00:00,341.7950134277344,342.64990234375,341.44000244140625,342.43499755859375,329209,AMD,5m
2026-05-04 19:30:00+00:00,342.3800048828125,343.5172119140625,342.25,343.17999267578125,344375,AMD,5m
2026-05-04 19:35:00+00:00,343.2200012207031,343.5,342.7200012207031,343.1099853515625,220922,AMD,5m
2026-05-04 19:40:00+00:00,343.1099853515625,343.9399108886719,343.05999755859375,343.7799987792969,331824,AMD,5m
2026-05-04 19:45:00+00:00,343.760009765625,344.9599914550781,343.6400146484375,344.3500061035156,525860,AMD,5m
2026-05-04 19:50:00+00:00,344.32000732421875,344.32000732421875,342.30999755859375,342.3399963378906,517712,AMD,5m
2026-05-04 19:55:00+00:00,342.3399963378906,342.3399963378906,341.0,341.489990234375,1245253,AMD,5m
2026-05-05 13:30:00+00:00,351.42999267578125,354.71990966796875,346.5,347.68011474609375,3906254,AMD,5m
2026-05-05 13:35:00+00:00,347.8500061035156,350.8999938964844,346.2799987792969,350.7950134277344,1049304,AMD,5m
2026-05-05 13:40:00+00:00,350.83880615234375,352.606201171875,349.5201110839844,351.1099853515625,1182617,AMD,5m
2026-05-05 13:45:00+00:00,351.03009033203125,351.3999938964844,349.0,350.3949890136719,784109,AMD,5m
2026-05-05 13:50:00+00:00,350.3949890136719,352.5,348.4027099609375,348.6549987792969,886762,AMD,5m
2026-05-05 13:55:00+00:00,348.6499938964844,349.7200012207031,347.5199890136719,347.79998779296875,622124,AMD,5m
2026-05-05 14:00:00+00:00,347.6700134277344,349.3900146484375,347.0,348.8851013183594,622048,AMD,5m
2026-05-05 14:05:00+00:00,348.8900146484375,348.8900146484375,346.5700988769531,347.2149963378906,573124,AMD,5m
2026-05-05 14:10:00+00:00,347.2200012207031,347.6600036621094,345.7300109863281,346.3900146484375,708058,AMD,5m
2026-05-05 14:15:00+00:00,346.3900146484375,346.95001220703125,344.8800048828125,346.8699951171875,830158,AMD,5m
2026-05-05 14:20:00+00:00,346.947509765625,350.2099914550781,346.69000244140625,350.0199890136719,879638,AMD,5m
2026-05-05 14:25:00+00:00,349.91009521484375,350.94000244140625,349.80010986328125,350.1600036621094,669667,AMD,5m
2026-05-05 14:30:00+00:00,350.2099914550781,352.25,350.05999755859375,352.2267150878906,702582,AMD,5m
2026-05-05 14:35:00+00:00,352.2099914550781,353.0,350.5,351.0,720017,AMD,5m
2026-05-05 14:40:00+00:00,350.94000244140625,352.8599853515625,350.2799987792969,351.2300109863281,469929,AMD,5m
2026-05-05 14:45:00+00:00,351.2550048828125,352.1000061035156,351.0700988769531,351.239990234375,292861,AMD,5m
2026-05-05 14:50:00+00:00,351.239990234375,351.9100036621094,350.0400085449219,351.8550109863281,341702,AMD,5m
2026-05-05 14:55:00+00:00,351.7799987792969,352.2598876953125,350.79998779296875,350.79998779296875,322954,AMD,5m
2026-05-05 15:00:00+00:00,350.760009765625,351.19000244140625,350.3699951171875,351.07000732421875,225850,AMD,5m
2026-05-05 15:05:00+00:00,351.0799865722656,352.0,350.0199890136719,350.70001220703125,424988,AMD,5m
2026-05-05 15:10:00+00:00,350.70001220703125,351.98431396484375,350.3013916015625,351.98431396484375,463239,AMD,5m
2026-05-05 15:15:00+00:00,351.875,352.95001220703125,350.3900146484375,350.5199890136719,509189,AMD,5m
2026-05-05 15:20:00+00:00,350.4599914550781,351.75,349.989990234375,351.2077941894531,417229,AMD,5m
2026-05-05 15:25:00+00:00,351.2200012207031,351.67999267578125,350.4599914550781,350.8800048828125,255243,AMD,5m
2026-05-05 15:30:00+00:00,350.9150085449219,352.8800048828125,350.70001220703125,352.8800048828125,409418,AMD,5m
2026-05-05 15:35:00+00:00,352.8550109863281,355.0299072265625,352.6099853515625,354.80999755859375,1000823,AMD,5m
2026-05-05 15:40:00+00:00,354.78009033203125,355.4599914550781,353.70001220703125,354.4200134277344,484795,AMD,5m
2026-05-05 15:45:00+00:00,354.3800048828125,355.9898986816406,353.7001037597656,355.875,407088,AMD,5m
2026-05-05 15:50:00+00:00,355.875,356.2998962402344,355.25,355.55499267578125,441921,AMD,5m
2026-05-05 15:55:00+00:00,355.55499267578125,355.67730712890625,354.60101318359375,355.3168029785156,483759,AMD,5m
2026-05-05 16:00:00+00:00,355.2546081542969,355.57989501953125,353.90008544921875,354.1000061035156,358532,AMD,5m
2026-05-05 16:05:00+00:00,354.010009765625,354.6299133300781,353.4800109863281,353.6099853515625,316609,AMD,5m
2026-05-05 16:10:00+00:00,353.6449890136719,354.44000244140625,353.2300109863281,354.1470031738281,251211,AMD,5m
2026-05-05 16:15:00+00:00,354.1700134277344,354.7799987792969,353.4100036621094,354.7149963378906,563493,AMD,5m
2026-05-05 16:20:00+00:00,354.7149963378906,355.0899963378906,354.3999938964844,354.69000244140625,264254,AMD,5m
2026-05-05 16:25:00+00:00,354.55999755859375,354.6199951171875,352.1199951171875,352.375,351981,AMD,5m
2026-05-05 16:30:00+00:00,352.43499755859375,352.9800109863281,351.55999755859375,352.1700134277344,280639,AMD,5m
2026-05-05 16:35:00+00:00,352.2049865722656,353.1099853515625,351.5,351.5,277059,AMD,5m
2026-05-05 16:40:00+00:00,351.5450134277344,352.80999755859375,351.3299865722656,352.6700134277344,227230,AMD,5m
2026-05-05 16:45:00+00:00,352.55999755859375,354.3399963378906,352.54998779296875,354.1199951171875,283749,AMD,5m
2026-05-05 16:50:00+00:00,354.1199951171875,354.6400146484375,353.79998779296875,354.30999755859375,207241,AMD,5m
2026-05-05 16:55:00+00:00,354.2950134277344,355.489990234375,354.2950134277344,354.69000244140625,287207,AMD,5m
2026-05-05 17:00:00+00:00,354.75,354.8999938964844,354.3999938964844,354.8599853515625,261922,AMD,5m
2026-05-05 17:05:00+00:00,354.75,355.5,354.2900085449219,354.2900085449219,273413,AMD,5m
2026-05-05 17:10:00+00:00,354.239990234375,354.5899963378906,354.04998779296875,354.31500244140625,167876,AMD,5m
2026-05-05 17:15:00+00:00,354.4200134277344,354.9700012207031,353.94000244140625,354.5801086425781,225878,AMD,5m
2026-05-05 17:20:00+00:00,354.6698913574219,354.7149963378906,353.7699890136719,354.0201110839844,240043,AMD,5m
2026-05-05 17:25:00+00:00,354.05499267578125,355.0450134277344,354.05499267578125,354.8349914550781,194082,AMD,5m
2026-05-05 17:30:00+00:00,354.8699035644531,355.0799865722656,354.55999755859375,354.67999267578125,322901,AMD,5m
2026-05-05 17:35:00+00:00,354.7998962402344,355.3699951171875,354.3999938964844,355.1499938964844,164663,AMD,5m
2026-05-05 17:40:00+00:00,355.2900085449219,355.6899108886719,355.07000732421875,355.3900146484375,258859,AMD,5m
2026-05-05 17:45:00+00:00,355.4049987792969,356.96990966796875,355.35009765625,356.6700134277344,478506,AMD,5m
2026-05-05 17:50:00+00:00,356.6986083984375,356.8900146484375,356.04998779296875,356.2099914550781,304924,AMD,5m
2026-05-05 17:55:00+00:00,356.17498779296875,356.6872863769531,356.04998779296875,356.3949890136719,232294,AMD,5m
2026-05-05 18:00:00+00:00,356.3949890136719,358.7200012207031,356.2099914550781,358.5899963378906,664355,AMD,5m
2026-05-05 18:05:00+00:00,358.5199890136719,359.57159423828125,358.0400085449219,358.70001220703125,762081,AMD,5m
2026-05-05 18:10:00+00:00,358.6199951171875,359.19989013671875,357.7699890136719,357.86419677734375,399539,AMD,5m
2026-05-05 18:15:00+00:00,357.8500061035156,358.1600036621094,357.25,357.81500244140625,301130,AMD,5m
2026-05-05 18:20:00+00:00,357.84991455078125,358.04998779296875,357.04998779296875,357.0899963378906,225720,AMD,5m
2026-05-05 18:25:00+00:00,357.04998779296875,357.57989501953125,357.04998779296875,357.3599853515625,158572,AMD,5m
2026-05-05 18:30:00+00:00,357.30999755859375,358.0,357.1050109863281,357.739990234375,269027,AMD,5m
2026-05-05 18:35:00+00:00,357.67999267578125,358.64990234375,357.29998779296875,358.510009765625,474769,AMD,5m
2026-05-05 18:40:00+00:00,358.4849853515625,359.1099853515625,357.9100036621094,358.19000244140625,433787,AMD,5m
2026-05-05 18:45:00+00:00,358.131103515625,358.260009765625,357.305908203125,357.30999755859375,268229,AMD,5m
2026-05-05 18:50:00+00:00,357.340087890625,357.3970031738281,355.82000732421875,356.3699951171875,440682,AMD,5m
2026-05-05 18:55:00+00:00,356.4049987792969,357.1000061035156,355.82000732421875,355.9750061035156,346065,AMD,5m
2026-05-05 19:00:00+00:00,355.9200134277344,356.4198913574219,355.2799987792969,355.2850036621094,389858,AMD,5m
2026-05-05 19:05:00+00:00,355.3399963378906,356.59588623046875,355.2799987792969,356.42999267578125,478157,AMD,5m
2026-05-05 19:10:00+00:00,356.42999267578125,356.81500244140625,356.0199890136719,356.30999755859375,500071,AMD,5m
2026-05-05 19:15:00+00:00,356.3349914550781,356.5299987792969,355.7228088378906,355.7250061035156,400182,AMD,5m
2026-05-05 19:20:00+00:00,355.70001220703125,355.7998962402344,353.0600891113281,353.364990234375,647046,AMD,5m
2026-05-05 19:25:00+00:00,353.30499267578125,355.4997863769531,352.6400146484375,355.47698974609375,692992,AMD,5m
2026-05-05 19:30:00+00:00,355.3999938964844,356.1600036621094,355.07000732421875,356.1199951171875,457928,AMD,5m
2026-05-05 19:35:00+00:00,356.1199951171875,357.4200134277344,355.840087890625,357.25,774489,AMD,5m
2026-05-05 19:40:00+00:00,357.260009765625,358.0,356.0199890136719,356.2799987792969,742787,AMD,5m
2026-05-05 19:45:00+00:00,356.2300109863281,356.3500061035156,354.54998779296875,354.760009765625,711197,AMD,5m
2026-05-05 19:50:00+00:00,354.6000061035156,355.1700134277344,353.2701110839844,354.0450134277344,1078186,AMD,5m
2026-05-05 19:55:00+00:00,354.0899963378906,356.0199890136719,353.5299987792969,355.32000732421875,1704555,AMD,5m
2026-05-06 13:30:00+00:00,409.1000061035156,427.0,405.6300048828125,426.79998779296875,17362792,AMD,5m
2026-05-06 13:35:00+00:00,426.79998779296875,428.5799865722656,419.6199951171875,423.2699890136719,4229261,AMD,5m
2026-05-06 13:40:00+00:00,423.32000732421875,429.75,421.80999755859375,428.19000244140625,3055486,AMD,5m
2026-05-06 13:45:00+00:00,428.19000244140625,430.57000732421875,420.05999755859375,421.1099853515625,2874419,AMD,5m
2026-05-06 13:50:00+00:00,421.05999755859375,422.0,416.5101013183594,417.69500732421875,2178479,AMD,5m
2026-05-06 13:55:00+00:00,417.69500732421875,418.6000061035156,411.30999755859375,411.4501037597656,2233129,AMD,5m
2026-05-06 14:00:00+00:00,411.6199951171875,413.70001220703125,409.5199890136719,410.2001037597656,1907841,AMD,5m
2026-05-06 14:05:00+00:00,410.29998779296875,415.2300109863281,408.5799865722656,414.92999267578125,1779963,AMD,5m
2026-05-06 14:10:00+00:00,415.1099853515625,416.5,411.1499938964844,413.3299865722656,1686821,AMD,5m
2026-05-06 14:15:00+00:00,413.0400085449219,413.489990234375,404.1199951171875,404.82000732421875,1774767,AMD,5m
2026-05-06 14:20:00+00:00,404.82000732421875,406.17999267578125,402.0400085449219,404.07501220703125,1912846,AMD,5m
2026-05-06 14:25:00+00:00,404.2799987792969,408.8299865722656,403.9801025390625,405.92999267578125,1756329,AMD,5m
2026-05-06 14:30:00+00:00,405.8949890136719,409.29998779296875,404.79998779296875,409.20001220703125,1032782,AMD,5m
2026-05-06 14:35:00+00:00,409.1499938964844,410.32000732421875,406.5,409.9100036621094,951604,AMD,5m
2026-05-06 14:40:00+00:00,410.1189880371094,411.9700012207031,409.0199890136719,410.1600036621094,1053696,AMD,5m
2026-05-06 14:45:00+00:00,410.1300048828125,411.9798889160156,409.80999755859375,410.75,769292,AMD,5m
2026-05-06 14:50:00+00:00,410.6300048828125,413.4700012207031,409.0199890136719,412.4849853515625,897937,AMD,5m
2026-05-06 14:55:00+00:00,412.6000061035156,413.25,409.20001220703125,409.635009765625,643281,AMD,5m
2026-05-06 15:00:00+00:00,409.70001220703125,410.010009765625,406.94000244140625,407.6700134277344,749330,AMD,5m
2026-05-06 15:05:00+00:00,407.6300048828125,408.9700012207031,407.0,408.3299865722656,545569,AMD,5m
2026-05-06 15:10:00+00:00,408.2900085449219,410.8399963378906,407.54998779296875,410.510009765625,741670,AMD,5m
2026-05-06 15:15:00+00:00,410.6000061035156,415.8999938964844,410.41009521484375,415.3500061035156,1137566,AMD,5m
2026-05-06 15:20:00+00:00,415.4700012207031,417.0,415.0,416.0299987792969,946079,AMD,5m
2026-05-06 15:25:00+00:00,415.93011474609375,417.3900146484375,415.7699890136719,417.1700134277344,762952,AMD,5m
2026-05-06 15:30:00+00:00,417.29998779296875,418.79998779296875,416.20001220703125,417.2250061035156,886230,AMD,5m
2026-05-06 15:35:00+00:00,417.16009521484375,417.989990234375,415.5400085449219,416.20001220703125,613002,AMD,5m
2026-05-06 15:40:00+00:00,416.04998779296875,416.1899108886719,414.0,414.9800109863281,529025,AMD,5m
2026-05-06 15:45:00+00:00,415.19000244140625,416.25,412.68011474609375,413.0299987792969,675335,AMD,5m
2026-05-06 15:50:00+00:00,413.05999755859375,416.17999267578125,413.010009765625,416.0470886230469,494645,AMD,5m
2026-05-06 15:55:00+00:00,416.17999267578125,416.7499084472656,413.5,413.998291015625,403951,AMD,5m
2026-05-06 16:00:00+00:00,414.0899963378906,415.8800048828125,413.60009765625,415.0150146484375,353000,AMD,5m
2026-05-06 16:05:00+00:00,415.07000732421875,415.60699462890625,413.30999755859375,414.2643127441406,423497,AMD,5m
2026-05-06 16:10:00+00:00,414.29998779296875,414.9800109863281,413.5899963378906,414.1799011230469,297139,AMD,5m
2026-05-06 16:15:00+00:00,414.2200012207031,414.3999938964844,411.5,411.68499755859375,487906,AMD,5m
2026-05-06 16:20:00+00:00,411.6650085449219,412.42999267578125,411.1000061035156,412.2699890136719,405551,AMD,5m
2026-05-06 16:25:00+00:00,412.2701110839844,412.9800109863281,411.3299865722656,412.44500732421875,480359,AMD,5m
2026-05-06 16:30:00+00:00,412.4450988769531,413.6700134277344,412.239990234375,413.29998779296875,374030,AMD,5m
2026-05-06 16:35:00+00:00,413.260009765625,414.17999267578125,411.7101135253906,414.0799865722656,368516,AMD,5m
2026-05-06 16:40:00+00:00,414.1050109863281,414.95001220703125,412.7300109863281,412.8900146484375,428430,AMD,5m
2026-05-06 16:45:00+00:00,412.81500244140625,413.6199951171875,411.28009033203125,411.55499267578125,398785,AMD,5m
2026-05-06 16:50:00+00:00,411.5799865722656,412.14990234375,410.5,410.95001220703125,395877,AMD,5m
2026-05-06 16:55:00+00:00,410.8999938964844,412.5400085449219,410.8387145996094,411.67498779296875,338598,AMD,5m
2026-05-06 17:00:00+00:00,411.7049865722656,414.1499938964844,411.1200866699219,413.83990478515625,416876,AMD,5m
2026-05-06 17:05:00+00:00,413.79998779296875,414.1499938964844,413.15008544921875,413.4200134277344,303585,AMD,5m
2026-05-06 17:10:00+00:00,413.30999755859375,415.3500061035156,413.260009765625,414.0616149902344,539522,AMD,5m
2026-05-06 17:15:00+00:00,414.2300109863281,415.1000061035156,414.0,415.07000732421875,256279,AMD,5m
2026-05-06 17:20:00+00:00,415.0,415.4800109863281,414.0205993652344,414.4599914550781,292367,AMD,5m
2026-05-06 17:25:00+00:00,414.3999938964844,414.8900146484375,414.0,414.2250061035156,231322,AMD,5m
2026-05-06 17:30:00+00:00,414.32000732421875,415.6000061035156,414.1400146484375,415.1700134277344,280289,AMD,5m
2026-05-06 17:35:00+00:00,415.1700134277344,416.2998962402344,414.5700988769531,415.2535095214844,410324,AMD,5m
2026-05-06 17:40:00+00:00,415.30999755859375,416.3699951171875,414.79998779296875,416.20001220703125,262082,AMD,5m
2026-05-06 17:45:00+00:00,416.1700134277344,416.2673034667969,414.0199890136719,414.17999267578125,306892,AMD,5m
2026-05-06 17:50:00+00:00,414.1108093261719,415.5799865722656,413.94000244140625,415.1099853515625,283890,AMD,5m
2026-05-06 17:55:00+00:00,415.1199951171875,417.04998779296875,415.0,416.8999938964844,371090,AMD,5m
2026-05-06 18:00:00+00:00,416.9100036621094,417.3320007324219,416.05999755859375,416.25,399023,AMD,5m
2026-05-06 18:05:00+00:00,416.3800048828125,418.44000244140625,416.2601013183594,417.8009948730469,576316,AMD,5m
2026-05-06 18:10:00+00:00,417.80999755859375,418.3999938964844,417.5,417.79998779296875,319428,AMD,5m
2026-05-06 18:15:00+00:00,417.79998779296875,418.0220031738281,416.590087890625,416.8550109863281,326880,AMD,5m
2026-05-06 18:20:00+00:00,416.9100036621094,418.8800048828125,416.7099914550781,418.5400085449219,446621,AMD,5m
2026-05-06 18:25:00+00:00,418.4750061035156,420.3699951171875,417.2300109863281,420.0,845555,AMD,5m
2026-05-06 18:30:00+00:00,420.0799865722656,421.54998779296875,419.32000732421875,421.3999938964844,821501,AMD,5m
2026-05-06 18:35:00+00:00,421.4700012207031,423.0,421.30010986328125,421.760009765625,1051903,AMD,5m
2026-05-06 18:40:00+00:00,421.82000732421875,423.0,420.8800048828125,422.44000244140625,607338,AMD,5m
2026-05-06 18:45:00+00:00,422.3599853515625,422.92999267578125,419.6600036621094,420.0,686828,AMD,5m
2026-05-06 18:50:00+00:00,420.010009765625,420.20001220703125,419.1400146484375,419.5741882324219,412118,AMD,5m
2026-05-06 18:55:00+00:00,419.6400146484375,419.9259948730469,418.2799987792969,418.3450012207031,333929,AMD,5m
2026-05-06 19:00:00+00:00,418.2799987792969,418.67999267578125,417.09100341796875,417.8699951171875,536613,AMD,5m
2026-05-06 19:05:00+00:00,417.70001220703125,419.75,417.5299987792969,419.1300048828125,534108,AMD,5m
2026-05-06 19:10:00+00:00,419.20001220703125,419.5799865722656,417.80999755859375,418.6499938964844,556255,AMD,5m
2026-05-06 19:15:00+00:00,418.6499938964844,419.99859619140625,418.6499938964844,419.9150085449219,420079,AMD,5m
2026-05-06 19:20:00+00:00,420.0,420.8999938964844,419.7300109863281,419.80010986328125,529108,AMD,5m
2026-05-06 19:25:00+00:00,419.79998779296875,420.6000061035156,419.5299987792969,419.6099853515625,410043,AMD,5m
2026-05-06 19:30:00+00:00,419.54998779296875,419.6400146484375,418.1000061035156,418.85870361328125,555332,AMD,5m
2026-05-06 19:35:00+00:00,419.0,419.4798889160156,417.739990234375,419.3280944824219,497617,AMD,5m
2026-05-06 19:40:00+00:00,419.2749938964844,419.5799865722656,416.5,416.5000915527344,584589,AMD,5m
2026-05-06 19:45:00+00:00,416.57000732421875,418.4100036621094,416.5299987792969,417.909912109375,695994,AMD,5m
2026-05-06 19:50:00+00:00,417.80999755859375,419.7650146484375,417.2500915527344,419.67999267578125,885804,AMD,5m
2026-05-06 19:55:00+00:00,419.67999267578125,421.9700012207031,418.5899963378906,421.42498779296875,2502380,AMD,5m
2026-05-07 13:30:00+00:00,417.19500732421875,420.1499938964844,413.1099853515625,415.92999267578125,3183168,AMD,5m
2026-05-07 13:35:00+00:00,415.8385009765625,419.7799987792969,413.5799865722656,417.4750061035156,1230920,AMD,5m
2026-05-07 13:40:00+00:00,417.4750061035156,417.69989013671875,410.5,411.0299987792969,1029373,AMD,5m
2026-05-07 13:45:00+00:00,411.125,414.9599914550781,411.0,413.52398681640625,975743,AMD,5m
2026-05-07 13:50:00+00:00,413.2099914550781,417.3999938964844,411.0101013183594,416.7879943847656,1031872,AMD,5m
2026-05-07 13:55:00+00:00,416.8599853515625,418.0,415.0,415.489990234375,670202,AMD,5m
2026-05-07 14:00:00+00:00,415.5799865722656,415.6659851074219,411.80010986328125,413.07501220703125,599746,AMD,5m
2026-05-07 14:05:00+00:00,413.1400146484375,415.42999267578125,412.05999755859375,414.9800109863281,603294,AMD,5m
2026-05-07 14:10:00+00:00,414.989990234375,417.7699890136719,413.9100036621094,416.2301025390625,669990,AMD,5m
2026-05-07 14:15:00+00:00,416.3999938964844,419.6098937988281,416.2301025390625,419.5199890136719,832441,AMD,5m
2026-05-07 14:20:00+00:00,419.6299133300781,421.70001220703125,418.92999267578125,419.6199951171875,890296,AMD,5m
2026-05-07 14:25:00+00:00,419.79998779296875,420.57000732421875,418.79998779296875,419.239990234375,460218,AMD,5m
2026-05-07 14:30:00+00:00,419.239990234375,420.8999938964844,418.5299987792969,419.614013671875,441508,AMD,5m
2026-05-07 14:35:00+00:00,419.8699951171875,421.70001220703125,419.5400085449219,420.1400146484375,523380,AMD,5m
2026-05-07 14:40:00+00:00,420.1400146484375,421.1000061035156,419.25,419.5357971191406,495906,AMD,5m
2026-05-07 14:45:00+00:00,419.55999755859375,420.54998779296875,417.0400085449219,417.25,567669,AMD,5m
2026-05-07 14:50:00+00:00,417.2699890136719,418.9700012207031,416.2300109863281,417.239990234375,426848,AMD,5m
2026-05-07 14:55:00+00:00,417.3500061035156,417.5,414.2099914550781,414.2099914550781,644038,AMD,5m
2026-05-07 15:00:00+00:00,414.3450012207031,414.7799072265625,413.0,414.3324890136719,472652,AMD,5m
2026-05-07 15:05:00+00:00,414.20001220703125,414.2099914550781,411.80010986328125,413.67498779296875,633348,AMD,5m
2026-05-07 15:10:00+00:00,413.54998779296875,413.79998779296875,411.29998779296875,411.625,492493,AMD,5m
2026-05-07 15:15:00+00:00,411.625,412.3500061035156,411.0400085449219,412.09991455078125,455803,AMD,5m
2026-05-07 15:20:00+00:00,411.8900146484375,412.2799072265625,410.70001220703125,411.9100036621094,525879,AMD,5m
2026-05-07 15:25:00+00:00,411.9100036621094,413.0039978027344,410.75,411.31500244140625,467875,AMD,5m
2026-05-07 15:30:00+00:00,411.3800048828125,412.4800109863281,410.0,412.25,725842,AMD,5m
2026-05-07 15:35:00+00:00,412.17999267578125,412.7499084472656,411.2099914550781,412.0098876953125,370284,AMD,5m
2026-05-07 15:40:00+00:00,411.9750061035156,412.1000061035156,410.4949951171875,410.8999938964844,297100,AMD,5m
2026-05-07 15:45:00+00:00,410.8999938964844,410.9700012207031,409.7301025390625,410.15008544921875,465910,AMD,5m
2026-05-07 15:50:00+00:00,410.25,410.30999755859375,407.510009765625,408.8664855957031,797289,AMD,5m
2026-05-07 15:55:00+00:00,408.9599914550781,408.9599914550781,406.1700134277344,407.2749938964844,733147,AMD,5m
2026-05-07 16:00:00+00:00,407.3999938964844,408.3999938964844,406.54010009765625,408.0,451064,AMD,5m
2026-05-07 16:05:00+00:00,408.1000061035156,408.1000061035156,405.4100036621094,406.375,553243,AMD,5m
2026-05-07 16:10:00+00:00,406.510009765625,406.6099853515625,403.8500061035156,404.2749938964844,610488,AMD,5m
2026-05-07 16:15:00+00:00,404.19500732421875,404.7298889160156,402.3299865722656,403.06500244140625,861318,AMD,5m
2026-05-07 16:20:00+00:00,403.0150146484375,405.3999938964844,402.5,405.04998779296875,699593,AMD,5m
2026-05-07 16:25:00+00:00,405.0299987792969,407.08990478515625,404.8966979980469,406.260009765625,849330,AMD,5m
2026-05-07 16:30:00+00:00,406.1199951171875,408.42999267578125,405.30010986328125,407.9700012207031,451448,AMD,5m
2026-05-07 16:35:00+00:00,407.9150085449219,408.0849914550781,405.32000732421875,405.7650146484375,409075,AMD,5m
2026-05-07 16:40:00+00:00,405.7049865722656,406.9643859863281,405.3500061035156,406.0,291434,AMD,5m
2026-05-07 16:45:00+00:00,406.0,406.9999084472656,405.79998779296875,406.19500732421875,261310,AMD,5m
2026-05-07 16:50:00+00:00,406.32000732421875,407.5198974609375,405.0,407.0299072265625,429962,AMD,5m
2026-05-07 16:55:00+00:00,406.9811096191406,407.1299133300781,404.67010498046875,406.6199951171875,360214,AMD,5m
2026-05-07 17:00:00+00:00,406.6600036621094,406.8800048828125,405.010009765625,405.26519775390625,225252,AMD,5m
2026-05-07 17:05:00+00:00,405.25299072265625,406.1099853515625,403.8599853515625,403.9200134277344,379475,AMD,5m
2026-05-07 17:10:00+00:00,403.9599914550781,404.2300109863281,402.75,403.6300048828125,415957,AMD,5m
2026-05-07 17:15:00+00:00,403.3500061035156,403.375,401.60009765625,401.8500061035156,494105,AMD,5m
2026-05-07 17:20:00+00:00,401.8999938964844,404.8900146484375,401.3599853515625,404.2799987792969,552969,AMD,5m
2026-05-07 17:25:00+00:00,404.0799865722656,404.760009765625,401.0799865722656,403.489990234375,627030,AMD,5m
2026-05-07 17:30:00+00:00,403.4150085449219,405.3949890136719,402.67999267578125,405.1099853515625,334983,AMD,5m
2026-05-07 17:35:00+00:00,405.2998962402344,407.3999938964844,404.92010498046875,406.7950134277344,383756,AMD,5m
2026-05-07 17:40:00+00:00,406.7950134277344,407.6700134277344,405.5,406.0400085449219,238820,AMD,5m
2026-05-07 17:45:00+00:00,405.94500732421875,406.75,405.20001220703125,405.3999938964844,254661,AMD,5m
2026-05-07 17:50:00+00:00,405.239990234375,405.39990234375,404.5,405.0450134277344,193921,AMD,5m
2026-05-07 17:55:00+00:00,405.1499938964844,407.7998962402344,405.1499938964844,407.6347961425781,376112,AMD,5m
2026-05-07 18:00:00+00:00,407.6499938964844,408.8999938964844,407.44000244140625,408.1299133300781,385577,AMD,5m
2026-05-07 18:05:00+00:00,408.06500244140625,408.7799987792969,406.4866943359375,406.510009765625,336677,AMD,5m
2026-05-07 18:10:00+00:00,406.510009765625,407.4299011230469,405.79620361328125,405.9200134277344,275979,AMD,5m
2026-05-07 18:15:00+00:00,405.9750061035156,407.3999938964844,404.9049987792969,406.4949951171875,889955,AMD,5m
2026-05-07 18:20:00+00:00,406.6499938964844,406.6600036621094,405.2200012207031,405.4750061035156,204224,AMD,5m
2026-05-07 18:25:00+00:00,405.5899963378906,405.9200134277344,404.55999755859375,405.1199951171875,325503,AMD,5m
2026-05-07 18:30:00+00:00,405.0299987792969,406.29998779296875,404.6300048828125,405.64410400390625,223130,AMD,5m
2026-05-07 18:35:00+00:00,405.7200012207031,406.3800048828125,404.8999938964844,406.2300109863281,206154,AMD,5m
2026-05-07 18:40:00+00:00,406.2799987792969,406.6300048828125,404.90008544921875,405.3699951171875,298245,AMD,5m
2026-05-07 18:45:00+00:00,405.44500732421875,406.29998779296875,404.79998779296875,405.25,201988,AMD,5m
2026-05-07 18:50:00+00:00,405.31988525390625,405.57989501953125,404.3999938964844,405.3299865722656,250119,AMD,5m
2026-05-07 18:55:00+00:00,405.2037048339844,407.489990234375,404.5400085449219,406.82000732421875,419761,AMD,5m
2026-05-07 19:00:00+00:00,406.75,406.92999267578125,405.80010986328125,406.0849914550781,207061,AMD,5m
2026-05-07 19:05:00+00:00,406.010009765625,406.7300109863281,405.20001220703125,405.947509765625,396048,AMD,5m
2026-05-07 19:10:00+00:00,405.8699951171875,407.9700012207031,405.7099914550781,406.9700012207031,366526,AMD,5m
2026-05-07 19:15:00+00:00,407.010009765625,407.2799072265625,405.375,405.9200134277344,246778,AMD,5m
2026-05-07 19:20:00+00:00,405.8399963378906,406.6799011230469,405.1200866699219,405.55999755859375,234565,AMD,5m
2026-05-07 19:25:00+00:00,405.44000244140625,406.29998779296875,405.20001220703125,405.7799987792969,211226,AMD,5m
2026-05-07 19:30:00+00:00,405.7300109863281,407.75,405.54998779296875,407.5093078613281,282810,AMD,5m
2026-05-07 19:35:00+00:00,407.7398986816406,409.17999267578125,407.45001220703125,409.0299987792969,346707,AMD,5m
2026-05-07 19:40:00+00:00,409.05999755859375,409.3999938964844,407.8999938964844,408.32000732421875,315878,AMD,5m
2026-05-07 19:45:00+00:00,408.3999938964844,408.8699951171875,408.2300109863281,408.55999755859375,281666,AMD,5m
2026-05-07 19:50:00+00:00,408.75,409.75,407.6099853515625,407.875,711378,AMD,5m
2026-05-07 19:55:00+00:00,407.75,408.7799987792969,407.5799865722656,408.3500061035156,946991,AMD,5m
2026-05-08 13:30:00+00:00,418.29998779296875,425.6000061035156,418.2900085449219,424.43121337890625,3721729,AMD,5m
2026-05-08 13:35:00+00:00,424.42999267578125,429.9599914550781,423.760009765625,429.9049987792969,1795295,AMD,5m
2026-05-08 13:40:00+00:00,429.79278564453125,431.8800048828125,428.60009765625,429.67498779296875,1937876,AMD,5m
2026-05-08 13:45:00+00:00,429.635009765625,433.3399963378906,429.04998779296875,433.1099853515625,1102144,AMD,5m
2026-05-08 13:50:00+00:00,433.1099853515625,434.79998779296875,431.80999755859375,432.32989501953125,1110550,AMD,5m
2026-05-08 13:55:00+00:00,432.2449951171875,432.9999084472656,430.11370849609375,432.6300048828125,694278,AMD,5m
2026-05-08 14:00:00+00:00,432.3900146484375,434.0,431.5799865722656,433.3900146484375,635560,AMD,5m
2026-05-08 14:05:00+00:00,433.3800048828125,437.2799072265625,433.03009033203125,436.510009765625,1194531,AMD,5m
2026-05-08 14:10:00+00:00,436.57000732421875,436.889892578125,433.7001037597656,434.45001220703125,782633,AMD,5m
2026-05-08 14:15:00+00:00,434.4100036621094,436.45989990234375,434.1050109863281,435.4549865722656,721840,AMD,5m
2026-05-08 14:20:00+00:00,435.4549865722656,439.30999755859375,434.85009765625,439.3099060058594,776486,AMD,5m
2026-05-08 14:25:00+00:00,439.2699890136719,441.2099914550781,435.41009521484375,435.7749938964844,1134848,AMD,5m
2026-05-08 14:30:00+00:00,435.8900146484375,436.1199951171875,434.3100891113281,435.70001220703125,645952,AMD,5m
2026-05-08 14:35:00+00:00,435.70001220703125,435.70001220703125,432.1415100097656,433.70001220703125,665414,AMD,5m
2026-05-08 14:40:00+00:00,433.54400634765625,434.8550109863281,433.1578063964844,434.6400146484375,435741,AMD,5m
2026-05-08 14:45:00+00:00,434.5,435.2900085449219,433.3999938964844,434.4750061035156,446177,AMD,5m
2026-05-08 14:50:00+00:00,434.3999938964844,434.79998779296875,432.7601013183594,433.7900085449219,381935,AMD,5m
2026-05-08 14:55:00+00:00,433.95001220703125,436.56988525390625,433.760009765625,435.7799987792969,535671,AMD,5m
2026-05-08 15:00:00+00:00,435.6400146484375,435.989990234375,434.1400146484375,435.1448059082031,414528,AMD,5m
2026-05-08 15:05:00+00:00,435.19000244140625,437.4798889160156,434.8699951171875,435.79998779296875,494260,AMD,5m
2026-05-08 15:10:00+00:00,435.8434143066406,436.989990234375,435.25,436.0495910644531,302116,AMD,5m
2026-05-08 15:15:00+00:00,435.9649963378906,436.5249938964844,434.1000061035156,435.82000732421875,377250,AMD,5m
2026-05-08 15:20:00+00:00,435.82000732421875,437.3599853515625,435.7300109863281,436.4100036621094,359913,AMD,5m
2026-05-08 15:25:00+00:00,436.29998779296875,436.989990234375,435.66650390625,436.2699890136719,279882,AMD,5m
2026-05-08 15:30:00+00:00,436.239990234375,436.239990234375,434.3500061035156,435.8999938964844,294699,AMD,5m
2026-05-08 15:35:00+00:00,436.0299987792969,439.2449951171875,435.8500061035156,437.7300109863281,947239,AMD,5m
2026-05-08 15:40:00+00:00,437.7900085449219,439.3299865722656,437.739990234375,438.9700012207031,894482,AMD,5m
2026-05-08 15:45:00+00:00,438.9200134277344,440.2900085449219,438.8200988769531,439.8699951171875,488197,AMD,5m
2026-05-08 15:50:00+00:00,439.6400146484375,442.79998779296875,439.6400146484375,442.7200012207031,777213,AMD,5m
2026-05-08 15:55:00+00:00,442.7200012207031,444.9798889160156,441.5199890136719,441.6600036621094,1041101,AMD,5m
2026-05-08 16:00:00+00:00,441.5690002441406,442.7699890136719,439.5400085449219,439.6199951171875,457381,AMD,5m
2026-05-08 16:05:00+00:00,439.54998779296875,441.0679016113281,439.5,440.9599914550781,557468,AMD,5m
2026-05-08 16:10:00+00:00,441.0,442.70001220703125,439.79998779296875,442.55499267578125,464838,AMD,5m
2026-05-08 16:15:00+00:00,442.44000244140625,443.1700134277344,441.1333923339844,441.3475036621094,472025,AMD,5m
2026-05-08 16:20:00+00:00,441.30999755859375,442.09991455078125,440.60009765625,441.7900085449219,286611,AMD,5m
2026-05-08 16:25:00+00:00,441.864990234375,443.9700012207031,441.82000732421875,443.8349914550781,465762,AMD,5m
2026-05-08 16:30:00+00:00,443.8388977050781,446.0799865722656,443.55999755859375,445.6000061035156,771055,AMD,5m
2026-05-08 16:35:00+00:00,445.6000061035156,445.6000061035156,442.8299865722656,444.44000244140625,596900,AMD,5m
2026-05-08 16:40:00+00:00,444.44000244140625,444.8900146484375,442.2099914550781,442.5,484562,AMD,5m
2026-05-08 16:45:00+00:00,442.4649963378906,443.70001220703125,440.5799865722656,441.135009765625,541536,AMD,5m
2026-05-08 16:50:00+00:00,441.1400146484375,441.9599914550781,440.5199890136719,440.8949890136719,356693,AMD,5m
2026-05-08 16:55:00+00:00,440.8550109863281,442.8299865722656,440.70001220703125,442.5,410470,AMD,5m
2026-05-08 17:00:00+00:00,442.4849853515625,445.8399963378906,442.3999938964844,445.01031494140625,726989,AMD,5m
2026-05-08 17:05:00+00:00,445.08990478515625,445.1199951171875,442.739990234375,443.7200012207031,354175,AMD,5m
2026-05-08 17:10:00+00:00,443.82000732421875,443.89990234375,442.66009521484375,443.1300964355469,231255,AMD,5m
2026-05-08 17:15:00+00:00,443.2200012207031,443.55999755859375,442.7099914550781,443.0899963378906,234488,AMD,5m
2026-05-08 17:20:00+00:00,443.0,445.3190002441406,442.4298095703125,445.010009765625,509009,AMD,5m
2026-05-08 17:25:00+00:00,445.04998779296875,446.9800109863281,444.04010009765625,445.7349853515625,764389,AMD,5m
2026-05-08 17:30:00+00:00,445.5899963378906,446.29998779296875,445.1199951171875,445.67498779296875,354398,AMD,5m
2026-05-08 17:35:00+00:00,445.7250061035156,446.2799987792969,445.5,445.7768859863281,285999,AMD,5m
2026-05-08 17:40:00+00:00,445.79998779296875,447.5,445.3699951171875,447.2650146484375,615298,AMD,5m
2026-05-08 17:45:00+00:00,447.2998046875,448.4884948730469,446.2001037597656,447.010009765625,630354,AMD,5m
2026-05-08 17:50:00+00:00,446.9200134277344,447.00250244140625,444.5199890136719,444.8599853515625,446162,AMD,5m
2026-05-08 17:55:00+00:00,444.8081970214844,445.6199951171875,444.239990234375,444.2799987792969,356331,AMD,5m
2026-05-08 18:00:00+00:00,444.260009765625,445.29998779296875,443.2500915527344,444.31500244140625,415089,AMD,5m
2026-05-08 18:05:00+00:00,444.2500915527344,445.59991455078125,444.20001220703125,444.7001037597656,361744,AMD,5m
2026-05-08 18:10:00+00:00,444.70001220703125,446.30999755859375,444.5,446.1600036621094,266043,AMD,5m
2026-05-08 18:15:00+00:00,446.29998779296875,446.79998779296875,445.6600036621094,445.8550109863281,353137,AMD,5m
2026-05-08 18:20:00+00:00,445.8999938964844,447.8399963378906,445.8399963378906,447.7250061035156,461440,AMD,5m
2026-05-08 18:25:00+00:00,447.7101135253906,447.9299011230469,447.2200012207031,447.4750061035156,327178,AMD,5m
2026-05-08 18:30:00+00:00,447.3800048828125,447.3900146484375,446.1400146484375,446.9858093261719,405774,AMD,5m
2026-05-08 18:35:00+00:00,446.8742980957031,448.3500061035156,446.2699890136719,448.04998779296875,424085,AMD,5m
2026-05-08 18:40:00+00:00,448.1300048828125,448.4289855957031,447.3599853515625,447.7749938964844,338808,AMD,5m
2026-05-08 18:45:00+00:00,447.80999755859375,448.4800109863281,446.7001037597656,448.44000244140625,412643,AMD,5m
2026-05-08 18:50:00+00:00,448.4599914550781,448.489990234375,447.0899963378906,447.2049865722656,395853,AMD,5m
2026-05-08 18:55:00+00:00,447.110107421875,447.3399963378906,445.0155029296875,445.125,633253,AMD,5m
2026-05-08 19:00:00+00:00,445.2099914550781,447.5,445.1210021972656,447.3550109863281,316883,AMD,5m
2026-05-08 19:05:00+00:00,447.3550109863281,448.8800048828125,447.239990234375,448.6700134277344,460676,AMD,5m
2026-05-08 19:10:00+00:00,448.6449890136719,449.0,448.0,448.05999755859375,446065,AMD,5m
2026-05-08 19:15:00+00:00,448.010009765625,448.260009765625,446.9200134277344,447.07501220703125,314204,AMD,5m
2026-05-08 19:20:00+00:00,447.0000915527344,447.8500061035156,446.0299987792969,447.5350036621094,578063,AMD,5m
2026-05-08 19:25:00+00:00,447.47039794921875,448.20001220703125,445.7200012207031,445.7200012207031,430936,AMD,5m
2026-05-08 19:30:00+00:00,445.7950134277344,446.7898864746094,445.3500061035156,446.7898864746094,517669,AMD,5m
2026-05-08 19:35:00+00:00,446.7900085449219,449.70001220703125,446.6400146484375,449.5,834330,AMD,5m
2026-05-08 19:40:00+00:00,449.4599914550781,451.2300109863281,449.05999755859375,450.7799987792969,1194309,AMD,5m
2026-05-08 19:45:00+00:00,450.9014892578125,451.70989990234375,449.4501037597656,451.4599914550781,1069194,AMD,5m
2026-05-08 19:50:00+00:00,451.44000244140625,454.79998779296875,451.4200134277344,454.79998779296875,1497349,AMD,5m
2026-05-08 19:55:00+00:00,454.79998779296875,456.25,454.6409912109375,455.0,2869754,AMD,5m
2026-05-11 13:30:00+00:00,460.54998779296875,467.67999267578125,457.1600036621094,465.3299865722656,6622413,AMD,5m
2026-05-11 13:35:00+00:00,465.70001220703125,466.4649963378906,456.42999267578125,460.1000061035156,1676044,AMD,5m
2026-05-11 13:40:00+00:00,460.400390625,460.400390625,456.0,458.5899963378906,1073322,AMD,5m
2026-05-11 13:45:00+00:00,458.55999755859375,459.6600036621094,456.260009765625,457.010009765625,1013826,AMD,5m
2026-05-11 13:50:00+00:00,457.010009765625,458.5,452.4200134277344,452.8699951171875,1345358,AMD,5m
2026-05-11 13:55:00+00:00,452.739990234375,454.79998779296875,451.75,454.29998779296875,1158434,AMD,5m
2026-05-11 14:00:00+00:00,454.3999938964844,459.3599853515625,454.260009765625,458.239990234375,1185745,AMD,5m
2026-05-11 14:05:00+00:00,458.4100036621094,460.0,457.7200927734375,459.3999938964844,593265,AMD,5m
2026-05-11 14:10:00+00:00,459.30999755859375,462.2699890136719,458.0899963378906,461.5,902312,AMD,5m
2026-05-11 14:15:00+00:00,461.5101013183594,462.9999084472656,460.07000732421875,462.2698974609375,570031,AMD,5m
2026-05-11 14:20:00+00:00,462.0799865722656,462.5,460.29998779296875,460.510009765625,460264,AMD,5m
2026-05-11 14:25:00+00:00,460.510009765625,460.8399963378906,451.8800048828125,452.385009765625,844728,AMD,5m
2026-05-11 14:30:00+00:00,452.4100036621094,455.1199951171875,450.8800048828125,454.80999755859375,716521,AMD,5m
2026-05-11 14:35:00+00:00,454.7850036621094,457.69000244140625,454.6499938964844,457.4200134277344,598135,AMD,5m
2026-05-11 14:40:00+00:00,457.6099853515625,459.4198913574219,456.20001220703125,459.0799865722656,562516,AMD,5m
2026-05-11 14:45:00+00:00,459.18719482421875,460.4200134277344,458.5,460.31500244140625,483010,AMD,5m
2026-05-11 14:50:00+00:00,460.2300109863281,460.94000244140625,457.7099914550781,460.54998779296875,683935,AMD,5m
2026-05-11 14:55:00+00:00,460.4849853515625,460.7699890136719,456.8999938964844,456.8999938964844,380653,AMD,5m
2026-05-11 15:00:00+00:00,456.8699951171875,458.989990234375,456.0,458.29998779296875,430059,AMD,5m
2026-05-11 15:05:00+00:00,458.1499938964844,460.1000061035156,456.6300048828125,459.9700012207031,332652,AMD,5m
2026-05-11 15:10:00+00:00,459.9599914550781,460.2900085449219,458.60009765625,459.42999267578125,407537,AMD,5m
2026-05-11 15:15:00+00:00,459.30999755859375,461.5,458.6300048828125,460.2349853515625,586955,AMD,5m
2026-05-11 15:20:00+00:00,459.9700012207031,462.1600036621094,458.1000061035156,461.9649963378906,633515,AMD,5m
2026-05-11 15:25:00+00:00,461.9649963378906,462.5,460.2200012207031,460.7650146484375,424114,AMD,5m
2026-05-11 15:30:00+00:00,460.7650146484375,461.0799865722656,459.6199951171875,460.4399108886719,280542,AMD,5m
2026-05-11 15:35:00+00:00,460.3500061035156,461.8999938964844,459.70001220703125,461.4800109863281,288745,AMD,5m
2026-05-11 15:40:00+00:00,461.6141052246094,463.19000244140625,461.3900146484375,462.21990966796875,400685,AMD,5m
2026-05-11 15:45:00+00:00,462.114990234375,464.54998779296875,461.8500061035156,464.29998779296875,401850,AMD,5m
2026-05-11 15:50:00+00:00,464.3999938964844,464.5799865722656,463.5,464.3349914550781,342838,AMD,5m
2026-05-11 15:55:00+00:00,464.3800048828125,465.2200012207031,464.0,464.82049560546875,414137,AMD,5m
2026-05-11 16:00:00+00:00,464.93499755859375,465.4200134277344,464.17010498046875,465.010009765625,248502,AMD,5m
2026-05-11 16:05:00+00:00,465.010009765625,465.1899108886719,463.25,463.75,294910,AMD,5m
2026-05-11 16:10:00+00:00,463.9800109863281,465.55499267578125,463.30999755859375,465.3349914550781,299539,AMD,5m
2026-05-11 16:15:00+00:00,465.2699890136719,465.2699890136719,463.510009765625,463.7449951171875,270057,AMD,5m
2026-05-11 16:20:00+00:00,463.7900085449219,464.389892578125,462.8999938964844,463.92999267578125,250700,AMD,5m
2026-05-11 16:25:00+00:00,463.92999267578125,464.8799133300781,463.40008544921875,463.79998779296875,185426,AMD,5m
2026-05-11 16:30:00+00:00,463.79998779296875,465.9700012207031,463.67010498046875,465.5249938964844,379196,AMD,5m
2026-05-11 16:35:00+00:00,465.3999938964844,466.79998779296875,465.3999938964844,465.6424865722656,409647,AMD,5m
2026-05-11 16:40:00+00:00,465.6199951171875,466.260009765625,463.0199890136719,464.8399963378906,484359,AMD,5m
2026-05-11 16:45:00+00:00,464.8349914550781,465.5,463.4200134277344,465.17498779296875,250834,AMD,5m
2026-05-11 16:50:00+00:00,465.20001220703125,466.2900085449219,465.0799865722656,465.70001220703125,321023,AMD,5m
2026-05-11 16:55:00+00:00,465.6400146484375,465.7950134277344,464.20001220703125,464.44000244140625,543560,AMD,5m
2026-05-11 17:00:00+00:00,464.6300048828125,465.6698913574219,463.7500915527344,464.9599914550781,197057,AMD,5m
2026-05-11 17:05:00+00:00,464.92999267578125,465.32989501953125,463.70001220703125,464.4150085449219,177704,AMD,5m
2026-05-11 17:10:00+00:00,464.3399963378906,465.0199890136719,463.1329040527344,463.7261047363281,249891,AMD,5m
2026-05-11 17:15:00+00:00,463.79998779296875,464.29998779296875,461.79998779296875,462.4549865722656,333342,AMD,5m
2026-05-11 17:20:00+00:00,462.4700012207031,464.2666015625,462.0,464.1099853515625,328250,AMD,5m
2026-05-11 17:25:00+00:00,464.0199890136719,466.2900085449219,463.92999267578125,465.25,409611,AMD,5m
2026-05-11 17:30:00+00:00,465.20001220703125,466.04998779296875,464.6889953613281,464.8999938964844,175515,AMD,5m
2026-05-11 17:35:00+00:00,464.90008544921875,466.51800537109375,464.75299072265625,465.2699890136719,293557,AMD,5m
2026-05-11 17:40:00+00:00,465.3550109863281,465.8599853515625,464.7701110839844,464.8999938964844,195570,AMD,5m
2026-05-11 17:45:00+00:00,464.8100891113281,467.3299865722656,464.7099914550781,465.8284912109375,340442,AMD,5m
2026-05-11 17:50:00+00:00,465.82501220703125,467.3699951171875,465.55999755859375,467.135009765625,193157,AMD,5m
2026-05-11 17:55:00+00:00,467.07501220703125,467.8900146484375,465.8399963378906,466.0849914550781,273502,AMD,5m
2026-05-11 18:00:00+00:00,466.07000732421875,466.96990966796875,465.9100036621094,466.55499267578125,355545,AMD,5m
2026-05-11 18:05:00+00:00,466.55499267578125,468.5,466.4800109863281,468.364990234375,283152,AMD,5m
2026-05-11 18:10:00+00:00,468.489990234375,469.2149963378906,468.25,468.489990234375,321208,AMD,5m
2026-05-11 18:15:00+00:00,468.5199890136719,468.7398986816406,467.3700866699219,468.0090026855469,227992,AMD,5m
2026-05-11 18:20:00+00:00,468.0899963378906,468.59991455078125,466.6000061035156,466.7799987792969,260622,AMD,5m
2026-05-11 18:25:00+00:00,466.7799987792969,468.0,466.6700134277344,466.8399963378906,195382,AMD,5m
2026-05-11 18:30:00+00:00,466.8450012207031,467.0899963378906,464.739990234375,464.8299865722656,300091,AMD,5m
2026-05-11 18:35:00+00:00,464.8299865722656,465.6299133300781,464.57000732421875,464.8399963378906,238458,AMD,5m
2026-05-11 18:40:00+00:00,464.8923034667969,465.6199951171875,464.2300109863281,465.31500244140625,285290,AMD,5m
2026-05-11 18:45:00+00:00,465.3299865722656,465.4100036621094,464.1099853515625,464.2900085449219,204497,AMD,5m
2026-05-11 18:50:00+00:00,464.29998779296875,465.32000732421875,464.19000244140625,464.8699951171875,192582,AMD,5m
2026-05-11 18:55:00+00:00,464.7950134277344,466.1600036621094,463.0299987792969,463.45001220703125,541333,AMD,5m
2026-05-11 19:00:00+00:00,463.6499938964844,464.8500061035156,463.0,463.2149963378906,331936,AMD,5m
2026-05-11 19:05:00+00:00,463.2001037597656,466.1499938964844,463.1300964355469,465.9700012207031,353732,AMD,5m
2026-05-11 19:10:00+00:00,465.9700012207031,466.5400085449219,463.2701110839844,463.3800048828125,459458,AMD,5m
2026-05-11 19:15:00+00:00,463.3800048828125,463.80999755859375,462.3599853515625,463.6700134277344,332335,AMD,5m
2026-05-11 19:20:00+00:00,463.69000244140625,463.8399963378906,462.1300964355469,462.2349853515625,582599,AMD,5m
2026-05-11 19:25:00+00:00,462.1499938964844,462.5199890136719,459.2401123046875,459.7449951171875,390293,AMD,5m
2026-05-11 19:30:00+00:00,459.80999755859375,460.6300048828125,458.2799987792969,458.28009033203125,362037,AMD,5m
2026-05-11 19:35:00+00:00,458.45001220703125,458.94000244140625,456.8599853515625,457.07000732421875,530899,AMD,5m
2026-05-11 19:40:00+00:00,457.0899963378906,458.6600036621094,456.45001220703125,457.239990234375,434249,AMD,5m
2026-05-11 19:45:00+00:00,457.1199951171875,457.989990234375,456.3299865722656,457.8999938964844,463163,AMD,5m
2026-05-11 19:50:00+00:00,457.7200012207031,460.07159423828125,457.7200012207031,457.8900146484375,617321,AMD,5m
2026-05-11 19:55:00+00:00,457.95001220703125,459.0,457.5299987792969,458.9100036621094,949130,AMD,5m
2026-05-12 13:30:00+00:00,449.25,457.8999938964844,445.0600891113281,456.510009765625,3460300,AMD,5m
2026-05-12 13:35:00+00:00,456.69000244140625,456.80999755859375,451.5,453.45001220703125,872152,AMD,5m
2026-05-12 13:40:00+00:00,453.44000244140625,458.29998779296875,452.8800048828125,457.79998779296875,736954,AMD,5m
2026-05-12 13:45:00+00:00,457.45001220703125,458.79998779296875,455.15008544921875,455.6400146484375,707831,AMD,5m
2026-05-12 13:50:00+00:00,455.6400146484375,457.3900146484375,455.1499938964844,456.0799865722656,527463,AMD,5m
2026-05-12 13:55:00+00:00,456.1000061035156,456.1300048828125,448.3699951171875,448.8517150878906,902025,AMD,5m
2026-05-12 14:00:00+00:00,448.95001220703125,451.4700012207031,447.0,448.0150146484375,696795,AMD,5m
2026-05-12 14:05:00+00:00,448.30999755859375,451.8900146484375,447.9700012207031,450.2699890136719,561503,AMD,5m
2026-05-12 14:10:00+00:00,450.3900146484375,453.5,449.85009765625,453.04998779296875,581634,AMD,5m
2026-05-12 14:15:00+00:00,452.9049987792969,455.010009765625,449.7514953613281,454.88848876953125,516628,AMD,5m
2026-05-12 14:20:00+00:00,454.7699890136719,455.2099914550781,451.3500061035156,452.19000244140625,404412,AMD,5m
2026-05-12 14:25:00+00:00,452.1300048828125,452.6199951171875,446.3200988769531,446.57501220703125,682712,AMD,5m
2026-05-12 14:30:00+00:00,446.6300048828125,447.1058044433594,443.25,445.2950134277344,862413,AMD,5m
2026-05-12 14:35:00+00:00,445.260009765625,449.5,443.3699951171875,448.6600036621094,676374,AMD,5m
2026-05-12 14:40:00+00:00,448.7799987792969,450.3699951171875,446.2701110839844,447.95001220703125,402654,AMD,5m
2026-05-12 14:45:00+00:00,447.93499755859375,448.25,444.1700134277344,444.3500061035156,426890,AMD,5m
2026-05-12 14:50:00+00:00,444.3349914550781,447.6300048828125,442.6700134277344,446.9754943847656,548045,AMD,5m
2026-05-12 14:55:00+00:00,447.17999267578125,447.71990966796875,442.7200012207031,443.4100036621094,376864,AMD,5m
2026-05-12 15:00:00+00:00,443.2950134277344,444.8599853515625,441.0,442.1499938964844,529890,AMD,5m
2026-05-12 15:05:00+00:00,442.1499938964844,444.3399963378906,441.0400085449219,444.1200866699219,370284,AMD,5m
2026-05-12 15:10:00+00:00,444.3999938964844,444.5400085449219,441.010009765625,441.2745056152344,412194,AMD,5m
2026-05-12 15:15:00+00:00,441.2200012207031,441.57000732421875,436.2401123046875,438.44000244140625,1097101,AMD,5m
2026-05-12 15:20:00+00:00,438.3500061035156,439.0,436.239990234375,436.8399963378906,508154,AMD,5m
2026-05-12 15:25:00+00:00,436.6600036621094,438.70001220703125,435.1499938964844,436.11248779296875,691859,AMD,5m
2026-05-12 15:30:00+00:00,436.0799865722656,439.92999267578125,436.0799865722656,439.5799865722656,478355,AMD,5m
2026-05-12 15:35:00+00:00,439.5,441.3800048828125,438.2301025390625,440.44000244140625,393444,AMD,5m
2026-05-12 15:40:00+00:00,440.44000244140625,441.1099853515625,438.0,438.0,339488,AMD,5m
2026-05-12 15:45:00+00:00,438.1000061035156,438.7987976074219,436.25,436.57000732421875,336077,AMD,5m
2026-05-12 15:50:00+00:00,436.57000732421875,437.2900085449219,434.3299865722656,434.3299865722656,391502,AMD,5m
2026-05-12 15:55:00+00:00,434.2200012207031,435.3299865722656,432.30010986328125,432.5950012207031,447637,AMD,5m
2026-05-12 16:00:00+00:00,432.69000244140625,435.54449462890625,431.30010986328125,434.5299987792969,480683,AMD,5m
2026-05-12 16:05:00+00:00,434.5400085449219,435.7200012207031,433.6400146484375,434.6000061035156,265988,AMD,5m
2026-05-12 16:10:00+00:00,434.6000061035156,436.989990234375,433.80999755859375,436.8500061035156,270684,AMD,5m
2026-05-12 16:15:00+00:00,436.8399963378906,436.95989990234375,434.70001220703125,434.72119140625,241412,AMD,5m
2026-05-12 16:20:00+00:00,434.8599853515625,435.8381042480469,433.20001220703125,434.1300048828125,229236,AMD,5m
2026-05-12 16:25:00+00:00,434.2242126464844,434.2242126464844,432.1700134277344,432.4599914550781,369706,AMD,5m
2026-05-12 16:30:00+00:00,432.7300109863281,433.4023132324219,430.7099914550781,430.7799987792969,431928,AMD,5m
2026-05-12 16:35:00+00:00,430.79998779296875,432.5,429.510009765625,429.7799987792969,473468,AMD,5m
2026-05-12 16:40:00+00:00,429.54998779296875,430.6000061035156,426.90008544921875,428.32000732421875,674397,AMD,5m
2026-05-12 16:45:00+00:00,428.2099914550781,429.4999084472656,427.1499938964844,428.8699951171875,423670,AMD,5m
2026-05-12 16:50:00+00:00,428.94000244140625,429.5498962402344,427.20001220703125,428.3949890136719,415271,AMD,5m
2026-05-12 16:55:00+00:00,428.20001220703125,428.989990234375,426.1099853515625,427.0899963378906,384884,AMD,5m
2026-05-12 17:00:00+00:00,427.5,430.1700134277344,427.2701110839844,429.81500244140625,355697,AMD,5m
2026-05-12 17:05:00+00:00,429.7099914550781,432.69000244140625,429.7099914550781,431.6099853515625,407167,AMD,5m
2026-05-12 17:10:00+00:00,431.7300109863281,435.7699890136719,431.5299987792969,435.44000244140625,539395,AMD,5m
2026-05-12 17:15:00+00:00,435.3699951171875,436.6991882324219,435.0,435.82501220703125,415821,AMD,5m
2026-05-12 17:20:00+00:00,436.0799865722656,438.2200012207031,435.9800109863281,437.5849914550781,474049,AMD,5m
2026-05-12 17:25:00+00:00,437.6400146484375,437.8999938964844,434.57000732421875,436.7300109863281,496349,AMD,5m
2026-05-12 17:30:00+00:00,436.94110107421875,438.6600036621094,436.3599853515625,437.6000061035156,302350,AMD,5m
2026-05-12 17:35:00+00:00,437.84991455078125,437.89990234375,435.2799987792969,436.46600341796875,216111,AMD,5m
2026-05-12 17:40:00+00:00,436.5299987792969,436.989990234375,435.6260070800781,435.95001220703125,154743,AMD,5m
2026-05-12 17:45:00+00:00,435.9543151855469,436.7200012207031,435.2300109863281,436.4150085449219,155042,AMD,5m
2026-05-12 17:50:00+00:00,436.5050048828125,436.8890075683594,435.3828125,436.19000244140625,161362,AMD,5m
2026-05-12 17:55:00+00:00,436.44000244140625,437.4200134277344,435.5,436.42999267578125,214065,AMD,5m
2026-05-12 18:00:00+00:00,436.1700134277344,438.1754150390625,435.6199951171875,437.54998779296875,337238,AMD,5m
2026-05-12 18:05:00+00:00,437.54998779296875,438.25,436.3399963378906,436.5799865722656,204069,AMD,5m
2026-05-12 18:10:00+00:00,436.54998779296875,438.1899108886719,436.30010986328125,438.05999755859375,198917,AMD,5m
2026-05-12 18:15:00+00:00,438.06500244140625,438.84991455078125,437.04998779296875,437.79998779296875,167415,AMD,5m
2026-05-12 18:20:00+00:00,437.7900085449219,438.3900146484375,437.3999938964844,438.197998046875,185522,AMD,5m
2026-05-12 18:25:00+00:00,438.3800048828125,440.5,438.260009765625,439.5899963378906,364786,AMD,5m
2026-05-12 18:30:00+00:00,439.4800109863281,441.3064880371094,439.04010009765625,440.260009765625,251385,AMD,5m
2026-05-12 18:35:00+00:00,440.3800048828125,441.1600036621094,439.6600036621094,440.6400146484375,211979,AMD,5m
2026-05-12 18:40:00+00:00,440.7900085449219,441.25,439.2300109863281,439.239990234375,198520,AMD,5m
2026-05-12 18:45:00+00:00,439.110107421875,439.5350036621094,438.25,439.20001220703125,242457,AMD,5m
2026-05-12 18:50:00+00:00,439.1300048828125,440.30999755859375,438.1300048828125,438.5899963378906,182393,AMD,5m
2026-05-12 18:55:00+00:00,438.54010009765625,440.510009765625,435.95001220703125,436.7950134277344,374675,AMD,5m
2026-05-12 19:00:00+00:00,436.590087890625,438.9200134277344,436.5899963378906,438.5899963378906,175385,AMD,5m
2026-05-12 19:05:00+00:00,438.55999755859375,439.20001220703125,436.7200012207031,437.34991455078125,294332,AMD,5m
2026-05-12 19:10:00+00:00,437.04010009765625,439.8900146484375,437.04010009765625,439.07501220703125,227944,AMD,5m
2026-05-12 19:15:00+00:00,439.2049865722656,441.2898864746094,439.2049865722656,440.7799987792969,279368,AMD,5m
2026-05-12 19:20:00+00:00,441.0,441.05499267578125,438.0,439.8999938964844,293575,AMD,5m
2026-05-12 19:25:00+00:00,439.9490966796875,440.2200012207031,439.3800048828125,439.79998779296875,166696,AMD,5m
2026-05-12 19:30:00+00:00,439.8699951171875,443.2300109863281,439.8695983886719,442.4649963378906,484441,AMD,5m
2026-05-12 19:35:00+00:00,442.6000061035156,443.75,441.760009765625,443.4100036621094,304892,AMD,5m
2026-05-12 19:40:00+00:00,443.4150085449219,444.9200134277344,443.17999267578125,444.4049987792969,357113,AMD,5m
2026-05-12 19:45:00+00:00,444.30999755859375,445.25,443.9909973144531,444.69000244140625,324426,AMD,5m
2026-05-12 19:50:00+00:00,444.79998779296875,447.1000061035156,444.69000244140625,446.5899963378906,479306,AMD,5m
2026-05-12 19:55:00+00:00,446.70001220703125,448.6400146484375,446.67999267578125,448.2139892578125,1026651,AMD,5m
2026-05-13 13:30:00+00:00,457.5950012207031,459.5,446.54998779296875,448.4501037597656,2863565,AMD,5m
2026-05-13 13:35:00+00:00,448.75,449.4299011230469,443.5,444.9999084472656,835413,AMD,5m
2026-05-13 13:40:00+00:00,444.92999267578125,447.239990234375,442.6000061035156,442.8699951171875,734359,AMD,5m
2026-05-13 13:45:00+00:00,442.8500061035156,443.3800048828125,437.1400146484375,440.489990234375,749236,AMD,5m
2026-05-13 13:50:00+00:00,440.5198974609375,444.8699035644531,437.5,444.3999938964844,730281,AMD,5m
2026-05-13 13:55:00+00:00,444.32501220703125,444.4999084472656,437.1000061035156,439.0,595139,AMD,5m
2026-05-13 14:00:00+00:00,439.30999755859375,440.17999267578125,436.15008544921875,437.2099914550781,428103,AMD,5m
2026-05-13 14:05:00+00:00,437.2049865722656,437.7099914550781,432.6499938964844,434.7300109863281,696733,AMD,5m
2026-05-13 14:10:00+00:00,434.57000732421875,437.19000244140625,434.3695068359375,435.6099853515625,541703,AMD,5m
2026-05-13 14:15:00+00:00,435.29998779296875,437.29998779296875,434.0000915527344,436.4599914550781,401667,AMD,5m
2026-05-13 14:20:00+00:00,436.0685119628906,439.0267028808594,436.0,438.6300048828125,576192,AMD,5m
2026-05-13 14:25:00+00:00,438.8490905761719,440.17999267578125,437.6000061035156,439.5400085449219,368731,AMD,5m
2026-05-13 14:30:00+00:00,439.75,440.9700012207031,438.70001220703125,440.6495056152344,572455,AMD,5m
2026-05-13 14:35:00+00:00,440.44000244140625,441.5,438.2401123046875,439.20001220703125,387453,AMD,5m
2026-05-13 14:40:00+00:00,439.0199890136719,441.4200134277344,438.79998779296875,440.864990234375,275497,AMD,5m
2026-05-13 14:45:00+00:00,440.8999938964844,441.80999755859375,439.40008544921875,440.9150085449219,267593,AMD,5m
2026-05-13 14:50:00+00:00,440.760009765625,443.1799011230469,440.29998779296875,443.09051513671875,282290,AMD,5m
2026-05-13 14:55:00+00:00,443.1050109863281,445.5,442.69000244140625,445.114990234375,414228,AMD,5m
2026-05-13 15:00:00+00:00,445.1300048828125,446.7499084472656,445.0799865722656,446.2099914550781,384926,AMD,5m
2026-05-13 15:05:00+00:00,446.1000061035156,447.7099914550781,445.79998779296875,446.3399963378906,447426,AMD,5m
2026-05-13 15:10:00+00:00,446.25,447.20001220703125,444.17999267578125,447.0249938964844,468159,AMD,5m
2026-05-13 15:15:00+00:00,447.0101013183594,448.7799987792969,446.2200927734375,446.6300048828125,333799,AMD,5m
2026-05-13 15:20:00+00:00,446.70001220703125,447.489990234375,445.6400146484375,446.45001220703125,212504,AMD,5m
2026-05-13 15:25:00+00:00,446.55999755859375,446.7900085449219,444.29998779296875,445.875,225568,AMD,5m
2026-05-13 15:30:00+00:00,445.70001220703125,446.0199890136719,443.85009765625,444.1400146484375,246332,AMD,5m
2026-05-13 15:35:00+00:00,444.1000061035156,446.43829345703125,443.8999938964844,445.0400085449219,213714,AMD,5m
2026-05-13 15:40:00+00:00,445.1199951171875,446.64990234375,444.8500061035156,446.3299865722656,160472,AMD,5m
2026-05-13 15:45:00+00:00,446.2773132324219,447.44000244140625,445.3900146484375,446.75,307646,AMD,5m
2026-05-13 15:50:00+00:00,446.70001220703125,447.05999755859375,444.79998779296875,445.693115234375,206841,AMD,5m
2026-05-13 15:55:00+00:00,445.551513671875,446.44989013671875,444.29998779296875,445.2699890136719,214734,AMD,5m
2026-05-13 16:00:00+00:00,445.4399108886719,447.70001220703125,444.5497131347656,447.2900085449219,335873,AMD,5m
2026-05-13 16:05:00+00:00,447.19000244140625,447.6300048828125,446.3700866699219,447.55999755859375,196285,AMD,5m
2026-05-13 16:10:00+00:00,447.3999938964844,448.29998779296875,446.79998779296875,447.69000244140625,236076,AMD,5m
2026-05-13 16:15:00+00:00,447.260009765625,447.6600036621094,446.3800048828125,447.2900085449219,142765,AMD,5m
2026-05-13 16:20:00+00:00,447.3786926269531,448.67999267578125,446.510009765625,448.4200134277344,216905,AMD,5m
2026-05-13 16:25:00+00:00,448.5799865722656,448.8999938964844,447.364990234375,448.1300048828125,241110,AMD,5m
2026-05-13 16:30:00+00:00,448.19000244140625,448.9299011230469,447.1099853515625,448.4789123535156,223280,AMD,5m
2026-05-13 16:35:00+00:00,448.4549865722656,448.9800109863281,448.10009765625,448.3299865722656,155295,AMD,5m
2026-05-13 16:40:00+00:00,448.3299865722656,448.55999755859375,447.70001220703125,448.0249938964844,151735,AMD,5m
2026-05-13 16:45:00+00:00,448.0249938964844,448.5,447.1099853515625,447.5799865722656,134182,AMD,5m
2026-05-13 16:50:00+00:00,447.7799987792969,448.57000732421875,447.4700927734375,448.1400146484375,138614,AMD,5m
2026-05-13 16:55:00+00:00,448.2200012207031,448.6000061035156,447.5000915527344,448.18499755859375,270841,AMD,5m
2026-05-13 17:00:00+00:00,448.3500061035156,451.4399108886719,448.3500061035156,450.8299865722656,424439,AMD,5m
2026-05-13 17:05:00+00:00,450.8399963378906,451.7998962402344,450.1199951171875,450.56988525390625,269518,AMD,5m
2026-05-13 17:10:00+00:00,450.2001037597656,451.6700134277344,450.2001037597656,451.0914001464844,178805,AMD,5m
2026-05-13 17:15:00+00:00,451.3399963378906,451.5,449.82000732421875,450.4800109863281,153845,AMD,5m
2026-05-13 17:20:00+00:00,450.4599914550781,450.8987121582031,449.6166076660156,449.6600036621094,144810,AMD,5m
2026-05-13 17:25:00+00:00,449.5799865722656,450.94000244140625,449.510009765625,450.8599853515625,194108,AMD,5m
2026-05-13 17:30:00+00:00,450.79998779296875,450.989990234375,449.8200988769531,450.6101989746094,137639,AMD,5m
2026-05-13 17:35:00+00:00,450.4849853515625,451.29998779296875,450.1400146484375,450.4082946777344,136564,AMD,5m
2026-05-13 17:40:00+00:00,450.57000732421875,450.760009765625,450.1199951171875,450.6899108886719,104407,AMD,5m
2026-05-13 17:45:00+00:00,450.489990234375,450.79998779296875,449.3599853515625,449.55999755859375,127944,AMD,5m
2026-05-13 17:50:00+00:00,449.6199951171875,450.239990234375,449.3800964355469,450.0400085449219,130451,AMD,5m
2026-05-13 17:55:00+00:00,449.9100036621094,450.55999755859375,447.45001220703125,447.5600891113281,218332,AMD,5m
2026-05-13 18:00:00+00:00,447.7300109863281,449.739990234375,447.5299987792969,449.489990234375,204206,AMD,5m
2026-05-13 18:05:00+00:00,449.4949951171875,449.95001220703125,448.75,449.5450134277344,132879,AMD,5m
2026-05-13 18:10:00+00:00,449.4849853515625,450.739990234375,449.260009765625,450.6099853515625,113185,AMD,5m
2026-05-13 18:15:00+00:00,450.6050109863281,451.6000061035156,450.50030517578125,451.0899963378906,206362,AMD,5m
2026-05-13 18:20:00+00:00,451.0400085449219,451.54998779296875,450.260009765625,450.7650146484375,127843,AMD,5m
2026-05-13 18:25:00+00:00,450.7799987792969,451.45001220703125,450.1000061035156,450.4649963378906,151439,AMD,5m
2026-05-13 18:30:00+00:00,450.3450012207031,450.8999938964844,449.2200927734375,449.83990478515625,139717,AMD,5m
2026-05-13 18:35:00+00:00,449.8399963378906,449.8399963378906,448.7005920410156,448.92498779296875,145477,AMD,5m
2026-05-13 18:40:00+00:00,448.8800048828125,449.5,448.7699890136719,448.9200134277344,137989,AMD,5m
2026-05-13 18:45:00+00:00,448.94000244140625,449.1405029296875,447.79998779296875,448.7900085449219,160537,AMD,5m
2026-05-13 18:50:00+00:00,448.7900085449219,448.7900085449219,446.82000732421875,447.260009765625,195453,AMD,5m
2026-05-13 18:55:00+00:00,447.19500732421875,447.19500732421875,445.239990234375,445.6299133300781,235238,AMD,5m
2026-05-13 19:00:00+00:00,445.5299987792969,446.9049987792969,445.3800048828125,446.0700988769531,171649,AMD,5m
2026-05-13 19:05:00+00:00,446.1400146484375,448.2200012207031,445.590087890625,448.2200012207031,219556,AMD,5m
2026-05-13 19:10:00+00:00,448.1449890136719,448.5,447.82000732421875,448.0400085449219,180876,AMD,5m
2026-05-13 19:15:00+00:00,448.1199951171875,448.7900085449219,447.239990234375,448.6499938964844,231679,AMD,5m
2026-05-13 19:20:00+00:00,448.70001220703125,449.1600036621094,447.5299987792969,447.7051086425781,167970,AMD,5m
2026-05-13 19:25:00+00:00,447.739990234375,448.7799987792969,447.3999938964844,448.5726013183594,152548,AMD,5m
2026-05-13 19:30:00+00:00,448.4750061035156,448.7900085449219,448.04998779296875,448.1700134277344,123644,AMD,5m
2026-05-13 19:35:00+00:00,448.1400146484375,448.8500061035156,448.04998779296875,448.80999755859375,150927,AMD,5m
2026-05-13 19:40:00+00:00,448.80999755859375,449.54998779296875,448.29998779296875,448.4200134277344,196232,AMD,5m
2026-05-13 19:45:00+00:00,448.4200134277344,448.67999267578125,447.8900146484375,448.239990234375,190663,AMD,5m
2026-05-13 19:50:00+00:00,448.20001220703125,448.20001220703125,444.1000061035156,444.239990234375,553024,AMD,5m
2026-05-13 19:55:00+00:00,444.3500061035156,445.80999755859375,444.3500061035156,445.3800048828125,1275305,AMD,5m
2026-05-14 13:30:00+00:00,440.95001220703125,442.79998779296875,435.69000244140625,437.8900146484375,2407226,AMD,5m
2026-05-14 13:35:00+00:00,438.2850036621094,442.6000061035156,437.45001220703125,442.2099914550781,578645,AMD,5m
2026-05-14 13:40:00+00:00,442.1741027832031,447.5799865722656,441.760009765625,446.114990234375,936538,AMD,5m
2026-05-14 13:45:00+00:00,446.32501220703125,450.9798889160156,446.260009765625,450.0400085449219,1005837,AMD,5m
2026-05-14 13:50:00+00:00,450.1025085449219,450.92498779296875,445.3700866699219,446.989990234375,796236,AMD,5m
2026-05-14 13:55:00+00:00,446.9049987792969,449.14990234375,445.1300048828125,445.7650146484375,513787,AMD,5m
2026-05-14 14:00:00+00:00,445.7149963378906,450.20001220703125,445.489990234375,447.67498779296875,543141,AMD,5m
2026-05-14 14:05:00+00:00,447.8900146484375,447.8900146484375,442.25,442.3999938964844,475330,AMD,5m
2026-05-14 14:10:00+00:00,442.5459899902344,444.7699890136719,442.0235900878906,444.20001220703125,414620,AMD,5m
2026-05-14 14:15:00+00:00,444.1000061035156,446.4200134277344,443.5799865722656,445.8699951171875,337476,AMD,5m
2026-05-14 14:20:00+00:00,445.8699951171875,447.70001220703125,445.0,445.6400146484375,366957,AMD,5m
2026-05-14 14:25:00+00:00,445.6000061035156,447.0,445.05010986328125,446.4049987792969,276057,AMD,5m
2026-05-14 14:30:00+00:00,446.44000244140625,448.19989013671875,445.5,448.09991455078125,240513,AMD,5m
2026-05-14 14:35:00+00:00,447.9100036621094,451.4800109863281,447.739990234375,450.90289306640625,622581,AMD,5m
2026-05-14 14:40:00+00:00,450.89990234375,451.3699951171875,447.8699951171875,448.739990234375,328244,AMD,5m
2026-05-14 14:45:00+00:00,448.8999938964844,451.4798889160156,448.0000915527344,451.143310546875,815864,AMD,5m
2026-05-14 14:50:00+00:00,451.1199951171875,453.0,450.20001220703125,450.80999755859375,504965,AMD,5m
2026-05-14 14:55:00+00:00,450.8349914550781,452.5799865722656,450.0,451.07000732421875,368123,AMD,5m
2026-05-14 15:00:00+00:00,451.07000732421875,452.6199951171875,449.3299865722656,449.5350036621094,288566,AMD,5m
2026-05-14 15:05:00+00:00,449.29998779296875,453.07000732421875,449.110107421875,452.8800048828125,288836,AMD,5m
2026-05-14 15:10:00+00:00,452.9999084472656,453.30999755859375,449.8949890136719,451.5299987792969,363719,AMD,5m
2026-05-14 15:15:00+00:00,451.3949890136719,452.8999938964844,451.0299987792969,452.5,208554,AMD,5m
2026-05-14 15:20:00+00:00,452.5,452.8999938964844,451.55999755859375,452.0,174323,AMD,5m
2026-05-14 15:25:00+00:00,452.09271240234375,452.57000732421875,450.55999755859375,450.8500061035156,174648,AMD,5m
2026-05-14 15:30:00+00:00,450.802490234375,451.4599914550781,449.5,450.09991455078125,251467,AMD,5m
2026-05-14 15:35:00+00:00,449.9200134277344,450.47760009765625,449.2300109863281,450.3699035644531,242394,AMD,5m
2026-05-14 15:40:00+00:00,450.2250061035156,451.3999938964844,450.0776062011719,450.9949951171875,245168,AMD,5m
2026-05-14 15:45:00+00:00,451.1199951171875,451.2099914550781,448.67999267578125,449.82000732421875,193314,AMD,5m
2026-05-14 15:50:00+00:00,449.55999755859375,451.089111328125,448.60009765625,450.7601013183594,172745,AMD,5m
2026-05-14 15:55:00+00:00,451.0150146484375,451.34991455078125,448.8999938964844,448.989990234375,146586,AMD,5m
2026-05-14 16:00:00+00:00,448.989990234375,449.8399963378906,448.8999938964844,449.4800109863281,141197,AMD,5m
2026-05-14 16:05:00+00:00,449.3949890136719,449.989990234375,448.7900085449219,449.7300109863281,110861,AMD,5m
2026-05-14 16:10:00+00:00,449.7250061035156,451.44989013671875,449.7250061035156,450.55999755859375,165751,AMD,5m
2026-05-14 16:15:00+00:00,450.4049987792969,451.260009765625,447.79998779296875,448.239990234375,209564,AMD,5m
2026-05-14 16:20:00+00:00,448.4700012207031,449.3699951171875,448.0899963378906,448.9049987792969,135410,AMD,5m
2026-05-14 16:25:00+00:00,448.8999938964844,449.17999267578125,447.6600036621094,448.1300048828125,122629,AMD,5m
2026-05-14 16:30:00+00:00,448.1400146484375,449.1400146484375,447.45001220703125,447.92999267578125,127523,AMD,5m
2026-05-14 16:35:00+00:00,447.80499267578125,448.5,447.5101013183594,448.04998779296875,113125,AMD,5m
2026-05-14 16:40:00+00:00,448.010009765625,449.5,447.9150085449219,448.68499755859375,215415,AMD,5m
2026-05-14 16:45:00+00:00,448.45001220703125,449.67999267578125,448.1499938964844,449.36041259765625,118363,AMD,5m
2026-05-14 16:50:00+00:00,449.510009765625,449.95001220703125,448.5000915527344,449.7349853515625,120097,AMD,5m
2026-05-14 16:55:00+00:00,449.7349853515625,450.19000244140625,448.20001220703125,448.8948974609375,139060,AMD,5m
2026-05-14 17:00:00+00:00,449.1600036621094,450.09161376953125,448.91009521484375,449.05499267578125,91276,AMD,5m
2026-05-14 17:05:00+00:00,449.05999755859375,449.05999755859375,446.6400146484375,446.9800109863281,212065,AMD,5m
2026-05-14 17:10:00+00:00,446.97369384765625,447.79998779296875,444.760009765625,444.8500061035156,315953,AMD,5m
2026-05-14 17:15:00+00:00,444.8999938964844,445.739990234375,442.510009765625,443.3900146484375,298099,AMD,5m
2026-05-14 17:20:00+00:00,443.4649963378906,445.2416076660156,442.69000244140625,442.9750061035156,248842,AMD,5m
2026-05-14 17:25:00+00:00,442.9750061035156,444.1199951171875,442.0199890136719,444.1199951171875,233132,AMD,5m
2026-05-14 17:30:00+00:00,443.9599914550781,445.66241455078125,443.5199890136719,445.239990234375,200011,AMD,5m
2026-05-14 17:35:00+00:00,445.239990234375,446.8800048828125,445.07000732421875,445.70001220703125,197733,AMD,5m
2026-05-14 17:40:00+00:00,445.864990234375,446.5299072265625,445.4599914550781,446.0299987792969,100344,AMD,5m
2026-05-14 17:45:00+00:00,446.32501220703125,447.17999267578125,446.010009765625,446.9750061035156,134300,AMD,5m
2026-05-14 17:50:00+00:00,446.9750061035156,448.5,446.70001220703125,448.3699951171875,171909,AMD,5m
2026-05-14 17:55:00+00:00,448.3999938964844,448.96600341796875,448.1600036621094,448.44000244140625,131560,AMD,5m
2026-05-14 18:00:00+00:00,448.260009765625,448.3800048828125,445.5,445.875,261802,AMD,5m
2026-05-14 18:05:00+00:00,445.864990234375,446.3999938964844,444.79998779296875,445.1499938964844,158093,AMD,5m
2026-05-14 18:10:00+00:00,445.29998779296875,446.7799987792969,444.7101135253906,446.32501220703125,148134,AMD,5m
2026-05-14 18:15:00+00:00,446.3299865722656,446.989990234375,445.9451904296875,446.3537902832031,149269,AMD,5m
2026-05-14 18:20:00+00:00,446.57000732421875,446.57000732421875,444.79998779296875,444.9849853515625,98186,AMD,5m
2026-05-14 18:25:00+00:00,445.2699890136719,446.1109924316406,444.2864074707031,445.79998779296875,180679,AMD,5m
2026-05-14 18:30:00+00:00,445.69500732421875,446.6600036621094,445.510009765625,446.3299865722656,111893,AMD,5m
2026-05-14 18:35:00+00:00,446.4800109863281,446.6700134277344,445.6824951171875,446.0,93504,AMD,5m
2026-05-14 18:40:00+00:00,445.90008544921875,446.1099853515625,444.6499938964844,445.0199890136719,111312,AMD,5m
2026-05-14 18:45:00+00:00,445.07000732421875,445.79998779296875,444.489990234375,445.6000061035156,102515,AMD,5m
2026-05-14 18:50:00+00:00,445.7598876953125,446.8299865722656,445.5873107910156,446.6000061035156,120210,AMD,5m
2026-05-14 18:55:00+00:00,446.6300048828125,447.6000061035156,446.40008544921875,446.55999755859375,131533,AMD,5m
2026-05-14 19:00:00+00:00,446.8299865722656,448.1300048828125,446.610107421875,446.9776916503906,118860,AMD,5m
2026-05-14 19:05:00+00:00,446.9849853515625,447.20001220703125,446.29998779296875,446.76458740234375,116279,AMD,5m
2026-05-14 19:10:00+00:00,446.7200012207031,447.1099853515625,445.7799987792969,446.5050048828125,101586,AMD,5m
2026-05-14 19:15:00+00:00,446.64990234375,447.7598876953125,446.3599853515625,447.3800048828125,607064,AMD,5m
2026-05-14 19:20:00+00:00,447.4999084472656,449.9800109863281,447.44500732421875,449.7300109863281,396315,AMD,5m
2026-05-14 19:25:00+00:00,449.9800109863281,450.7900085449219,449.25,449.510009765625,288193,AMD,5m
2026-05-14 19:30:00+00:00,449.510009765625,450.5899963378906,449.3800048828125,450.07000732421875,184200,AMD,5m
2026-05-14 19:35:00+00:00,450.0,451.17999267578125,449.82000732421875,450.8901062011719,213608,AMD,5m
2026-05-14 19:40:00+00:00,450.8399963378906,452.05999755859375,450.8399963378906,451.75,276824,AMD,5m
2026-05-14 19:45:00+00:00,451.6700134277344,452.0,451.24468994140625,451.32501220703125,255550,AMD,5m
2026-05-14 19:50:00+00:00,451.260009765625,451.7300109863281,450.42999267578125,451.1700134277344,361159,AMD,5m
2026-05-14 19:55:00+00:00,451.0799865722656,451.3800048828125,449.6099853515625,449.6300048828125,964023,AMD,5m
2026-05-15 13:30:00+00:00,433.3399963378906,437.33990478515625,430.60009765625,433.5,2876587,AMD,5m
2026-05-15 13:35:00+00:00,433.0000915527344,433.9999084472656,426.260009765625,427.1199951171875,1000982,AMD,5m
2026-05-15 13:40:00+00:00,427.1098937988281,433.0,426.80999755859375,432.1700134277344,710548,AMD,5m
2026-05-15 13:45:00+00:00,432.1000061035156,433.7300109863281,427.1499938964844,433.3399963378906,753248,AMD,5m
2026-05-15 13:50:00+00:00,433.2850036621094,433.6700134277344,429.4700012207031,432.7200012207031,499604,AMD,5m
2026-05-15 13:55:00+00:00,432.7200012207031,434.20001220703125,427.30999755859375,427.69000244140625,530281,AMD,5m
2026-05-15 14:00:00+00:00,427.42999267578125,428.8999938964844,426.1900939941406,427.68011474609375,668577,AMD,5m
2026-05-15 14:05:00+00:00,427.8349914550781,432.8999938964844,426.5000915527344,431.9849853515625,524785,AMD,5m
2026-05-15 14:10:00+00:00,431.9849853515625,437.69000244140625,431.9849853515625,437.02398681640625,720721,AMD,5m
2026-05-15 14:15:00+00:00,437.18499755859375,439.0,435.5400085449219,437.32501220703125,601713,AMD,5m
2026-05-15 14:20:00+00:00,437.1000061035156,437.889892578125,435.010009765625,435.20001220703125,333982,AMD,5m
2026-05-15 14:25:00+00:00,435.17498779296875,435.39990234375,432.7300109863281,433.3900146484375,375608,AMD,5m
2026-05-15 14:30:00+00:00,433.739990234375,435.22900390625,432.5,434.3349914550781,269124,AMD,5m
2026-05-15 14:35:00+00:00,434.56988525390625,435.0,433.0,433.0199890136719,235399,AMD,5m
2026-05-15 14:40:00+00:00,433.17498779296875,434.8399963378906,432.8900146484375,434.42999267578125,268784,AMD,5m
2026-05-15 14:45:00+00:00,434.44989013671875,434.6300048828125,432.0799865722656,432.3299865722656,635224,AMD,5m
2026-05-15 14:50:00+00:00,432.1449890136719,432.389892578125,430.20001220703125,431.9100036621094,342990,AMD,5m
2026-05-15 14:55:00+00:00,432.1199951171875,434.3399963378906,430.6099853515625,430.9599914550781,312321,AMD,5m
2026-05-15 15:00:00+00:00,430.7950134277344,432.8658142089844,430.6401062011719,432.1549987792969,342223,AMD,5m
2026-05-15 15:05:00+00:00,432.1068115234375,433.6199951171875,430.67999267578125,433.6199951171875,230467,AMD,5m
2026-05-15 15:10:00+00:00,433.5450134277344,433.8900146484375,432.5,432.7200012207031,203401,AMD,5m
2026-05-15 15:15:00+00:00,432.7200012207031,434.20001220703125,432.0,433.1625061035156,161859,AMD,5m
2026-05-15 15:20:00+00:00,433.19500732421875,435.75,433.0400085449219,434.3399963378906,270040,AMD,5m
2026-05-15 15:25:00+00:00,434.2699890136719,435.3299865722656,433.5,435.2550048828125,182148,AMD,5m
2026-05-15 15:30:00+00:00,435.3299865722656,436.1300048828125,434.8699951171875,435.2049865722656,194361,AMD,5m
2026-05-15 15:35:00+00:00,435.010009765625,436.3999938964844,434.739990234375,435.05999755859375,199437,AMD,5m
2026-05-15 15:40:00+00:00,434.94000244140625,435.4100036621094,433.010009765625,433.4200134277344,186232,AMD,5m
2026-05-15 15:45:00+00:00,433.625,434.7099914550781,432.6499938964844,433.0400085449219,145980,AMD,5m
2026-05-15 15:50:00+00:00,433.1050109863281,433.1050109863281,431.3500061035156,431.6199951171875,153315,AMD,5m
2026-05-15 15:55:00+00:00,431.6199951171875,432.71990966796875,430.5400085449219,432.635009765625,197325,AMD,5m
2026-05-15 16:00:00+00:00,432.760009765625,433.8699951171875,432.28009033203125,432.8800048828125,154567,AMD,5m
2026-05-15 16:05:00+00:00,432.7900085449219,433.4700012207031,432.4200134277344,432.95001220703125,128260,AMD,5m
2026-05-15 16:10:00+00:00,432.9200134277344,433.20001220703125,431.0899963378906,431.875,139197,AMD,5m
2026-05-15 16:15:00+00:00,431.7900085449219,432.0799865722656,430.32000732421875,430.7099914550781,143220,AMD,5m
2026-05-15 16:20:00+00:00,430.8949890136719,432.05999755859375,430.6499938964844,431.70001220703125,227403,AMD,5m
2026-05-15 16:25:00+00:00,431.8999938964844,432.2099914550781,430.7300109863281,431.44500732421875,106802,AMD,5m
2026-05-15 16:30:00+00:00,431.4949951171875,432.19989013671875,431.2300109863281,431.6000061035156,117358,AMD,5m
2026-05-15 16:35:00+00:00,431.6449890136719,432.1698913574219,430.6000061035156,431.9670104980469,218029,AMD,5m
2026-05-15 16:40:00+00:00,432.1700134277344,432.70001220703125,431.6099853515625,432.6000061035156,142082,AMD,5m
2026-05-15 16:45:00+00:00,432.5150146484375,432.8999938964844,431.4200134277344,432.57000732421875,131047,AMD,5m
2026-05-15 16:50:00+00:00,432.70001220703125,433.17999267578125,430.20001220703125,430.3599853515625,203915,AMD,5m
2026-05-15 16:55:00+00:00,430.69000244140625,431.5,430.4700927734375,431.17498779296875,102858,AMD,5m
2026-05-15 17:00:00+00:00,431.17999267578125,432.0,430.9100036621094,431.54998779296875,97031,AMD,5m
2026-05-15 17:05:00+00:00,431.35009765625,432.3500061035156,431.2001037597656,431.9200134277344,81013,AMD,5m
2026-05-15 17:10:00+00:00,432.0,432.42999267578125,431.273193359375,432.0249938964844,93235,AMD,5m
2026-05-15 17:15:00+00:00,431.9599914550781,432.0899963378906,431.2200012207031,431.7650146484375,71306,AMD,5m
2026-05-15 17:20:00+00:00,431.6900939941406,432.95001220703125,431.6099853515625,432.3999938964844,103018,AMD,5m
2026-05-15 17:25:00+00:00,432.489990234375,433.7900085449219,432.4100036621094,433.4700012207031,130262,AMD,5m
2026-05-15 17:30:00+00:00,433.44000244140625,433.92999267578125,433.360107421875,433.7799987792969,104814,AMD,5m
2026-05-15 17:35:00+00:00,433.7898864746094,434.54998779296875,433.5,434.3800048828125,148223,AMD,5m
2026-05-15 17:40:00+00:00,434.364990234375,434.70001220703125,433.25,433.8800048828125,95021,AMD,5m
2026-05-15 17:45:00+00:00,433.8599853515625,434.1600036621094,432.3599853515625,432.6000061035156,107903,AMD,5m
2026-05-15 17:50:00+00:00,432.57000732421875,433.78729248046875,432.43011474609375,433.69000244140625,125586,AMD,5m
2026-05-15 17:55:00+00:00,433.6549987792969,434.510009765625,433.5,434.4700012207031,132352,AMD,5m
2026-05-15 18:00:00+00:00,434.375,435.82000732421875,434.2300109863281,435.6400146484375,192862,AMD,5m
2026-05-15 18:05:00+00:00,435.68011474609375,436.0,435.20001220703125,435.2300109863281,160875,AMD,5m
2026-05-15 18:10:00+00:00,435.3299865722656,435.97760009765625,435.10009765625,435.2550048828125,146426,AMD,5m
2026-05-15 18:15:00+00:00,435.2550048828125,435.489990234375,432.6000061035156,432.9299011230469,160595,AMD,5m
2026-05-15 18:20:00+00:00,433.0,434.4200134277344,432.7405090332031,433.5299987792969,98472,AMD,5m
2026-05-15 18:25:00+00:00,433.6050109863281,433.9200134277344,431.840087890625,432.20001220703125,128162,AMD,5m
2026-05-15 18:30:00+00:00,432.0,432.1549987792969,430.3999938964844,430.8800048828125,156997,AMD,5m
2026-05-15 18:35:00+00:00,431.0899963378906,432.6099853515625,430.760009765625,432.489990234375,119168,AMD,5m
2026-05-15 18:40:00+00:00,432.4800109863281,432.5299987792969,431.44000244140625,432.0950012207031,93428,AMD,5m
2026-05-15 18:45:00+00:00,432.0950012207031,432.3599853515625,431.42999267578125,432.010009765625,118303,AMD,5m
2026-05-15 18:50:00+00:00,432.20001220703125,433.5,432.07000732421875,433.2300109863281,115042,AMD,5m
2026-05-15 18:55:00+00:00,433.2449951171875,433.5899963378906,432.0199890136719,432.0199890136719,138607,AMD,5m
2026-05-15 19:00:00+00:00,432.08660888671875,432.6499938964844,431.010009765625,431.1499938964844,159474,AMD,5m
2026-05-15 19:05:00+00:00,431.20098876953125,431.6400146484375,429.54998779296875,430.32000732421875,301831,AMD,5m
2026-05-15 19:10:00+00:00,430.2799987792969,430.46990966796875,429.0,430.1099853515625,226168,AMD,5m
2026-05-15 19:15:00+00:00,430.2300109863281,430.67999267578125,429.0899963378906,429.614990234375,190741,AMD,5m
2026-05-15 19:20:00+00:00,429.55999755859375,430.30999755859375,429.1000061035156,429.1099853515625,184488,AMD,5m
2026-05-15 19:25:00+00:00,429.010009765625,429.6000061035156,428.9458923339844,429.2850036621094,179508,AMD,5m
2026-05-15 19:30:00+00:00,429.2900085449219,430.20001220703125,429.0,429.29998779296875,276147,AMD,5m
2026-05-15 19:35:00+00:00,429.30999755859375,430.55999755859375,428.7799987792969,430.39990234375,227477,AMD,5m
2026-05-15 19:40:00+00:00,430.3999938964844,430.79998779296875,428.79998779296875,429.05999755859375,249871,AMD,5m
2026-05-15 19:45:00+00:00,428.9700012207031,429.239990234375,427.8299865722656,428.7601013183594,349553,AMD,5m
2026-05-15 19:50:00+00:00,428.760009765625,428.760009765625,426.5000915527344,426.5000915527344,685426,AMD,5m
2026-05-15 19:55:00+00:00,426.5,426.67999267578125,423.3616027832031,423.7300109863281,2212937,AMD,5m
2026-05-18 13:30:00+00:00,428.6300048828125,438.79998779296875,428.4200134277344,435.2669982910156,2769214,AMD,5m
2026-05-18 13:35:00+00:00,435.5,436.489990234375,431.6200866699219,433.9599914550781,706493,AMD,5m
2026-05-18 13:40:00+00:00,433.8070983886719,433.8299865722656,425.20001220703125,425.8699035644531,727630,AMD,5m
2026-05-18 13:45:00+00:00,425.9200134277344,429.4150085449219,422.70001220703125,422.70001220703125,737582,AMD,5m
2026-05-18 13:50:00+00:00,422.510986328125,429.8800048828125,422.510009765625,428.44500732421875,502334,AMD,5m
2026-05-18 13:55:00+00:00,429.0,429.8699035644531,423.9700012207031,424.489990234375,483334,AMD,5m
2026-05-18 14:00:00+00:00,424.5950012207031,424.8800048828125,418.5002136230469,419.20001220703125,685173,AMD,5m
2026-05-18 14:05:00+00:00,419.3446960449219,424.2699890136719,417.489990234375,423.6099853515625,569395,AMD,5m
2026-05-18 14:10:00+00:00,423.239990234375,423.989990234375,420.21099853515625,423.0899963378906,348975,AMD,5m
2026-05-18 14:15:00+00:00,422.9035949707031,427.0,418.1099853515625,420.20001220703125,433261,AMD,5m
2026-05-18 14:20:00+00:00,419.9901123046875,422.989990234375,419.9501037597656,420.2300109863281,318587,AMD,5m
2026-05-18 14:25:00+00:00,420.2200012207031,421.2799072265625,416.4200134277344,416.760009765625,435030,AMD,5m
2026-05-18 14:30:00+00:00,417.0863952636719,418.159912109375,413.0,413.44000244140625,614247,AMD,5m
2026-05-18 14:35:00+00:00,413.44000244140625,417.0,412.5,414.6199951171875,648766,AMD,5m
2026-05-18 14:40:00+00:00,414.6400146484375,417.2499084472656,413.03009033203125,416.0899963378906,502135,AMD,5m
2026-05-18 14:45:00+00:00,416.1700134277344,416.84991455078125,412.5957946777344,412.760009765625,343348,AMD,5m
2026-05-18 14:50:00+00:00,412.67999267578125,417.25,411.79998779296875,415.0685119628906,372146,AMD,5m
2026-05-18 14:55:00+00:00,414.8999938964844,417.8799133300781,414.4100036621094,416.7200012207031,262590,AMD,5m
2026-05-18 15:00:00+00:00,416.94000244140625,420.4800109863281,416.1099853515625,419.75,403860,AMD,5m
2026-05-18 15:05:00+00:00,419.5303039550781,420.4299011230469,416.0899963378906,416.3500061035156,252420,AMD,5m
2026-05-18 15:10:00+00:00,416.6210021972656,421.1400146484375,415.54998779296875,419.54998779296875,354604,AMD,5m
2026-05-18 15:15:00+00:00,419.54998779296875,420.3299865722656,416.9700012207031,417.5,201840,AMD,5m
2026-05-18 15:20:00+00:00,417.55499267578125,418.9999084472656,416.79998779296875,418.2200012207031,198084,AMD,5m
2026-05-18 15:25:00+00:00,418.2200012207031,420.4826965332031,415.8500061035156,416.0802001953125,267440,AMD,5m
2026-05-18 15:30:00+00:00,416.010009765625,419.8800048828125,415.2900085449219,419.55499267578125,281576,AMD,5m
2026-05-18 15:35:00+00:00,419.55999755859375,423.5,419.54998779296875,421.3800048828125,495902,AMD,5m
2026-05-18 15:40:00+00:00,421.3800048828125,423.6099853515625,421.239990234375,422.2900085449219,225564,AMD,5m
2026-05-18 15:45:00+00:00,422.3299865722656,423.19769287109375,421.54998779296875,422.0,143012,AMD,5m
2026-05-18 15:50:00+00:00,421.5,423.4999084472656,420.7799987792969,423.25,160561,AMD,5m
2026-05-18 15:55:00+00:00,423.2099914550781,423.9100036621094,421.0,421.239990234375,246568,AMD,5m
2026-05-18 16:00:00+00:00,421.4800109863281,421.70001220703125,418.8299865722656,419.0,179153,AMD,5m
2026-05-18 16:05:00+00:00,418.8399963378906,419.92498779296875,418.6400146484375,419.2699890136719,188347,AMD,5m
2026-05-18 16:10:00+00:00,419.5190124511719,421.0799865722656,419.0400085449219,420.2109069824219,184863,AMD,5m
2026-05-18 16:15:00+00:00,420.2200012207031,420.79998779296875,419.0199890136719,419.6000061035156,136229,AMD,5m
2026-05-18 16:20:00+00:00,419.75,420.3399963378906,417.0400085449219,417.7401123046875,211991,AMD,5m
2026-05-18 16:25:00+00:00,418.04998779296875,418.04998779296875,413.4173889160156,413.885009765625,334120,AMD,5m
2026-05-18 16:30:00+00:00,413.9200134277344,414.82989501953125,412.29998779296875,413.2300109863281,283284,AMD,5m
2026-05-18 16:35:00+00:00,413.47698974609375,415.7598876953125,413.0,414.69000244140625,200300,AMD,5m
2026-05-18 16:40:00+00:00,414.67498779296875,415.57000732421875,414.3450012207031,415.2749938964844,153259,AMD,5m
2026-05-18 16:45:00+00:00,415.29998779296875,415.9798889160156,413.80999755859375,414.7349853515625,154786,AMD,5m
2026-05-18 16:50:00+00:00,414.5799865722656,418.54998779296875,414.54998779296875,418.3100891113281,210150,AMD,5m
2026-05-18 16:55:00+00:00,418.510009765625,419.59991455078125,417.9201965332031,418.5906982421875,246043,AMD,5m
2026-05-18 17:00:00+00:00,418.614990234375,418.8999938964844,417.1000061035156,418.7900085449219,172432,AMD,5m
2026-05-18 17:05:00+00:00,418.7900085449219,419.9198913574219,418.1600036621094,418.29998779296875,162666,AMD,5m
2026-05-18 17:10:00+00:00,418.4100036621094,419.2298889160156,417.1300964355469,417.6050109863281,139503,AMD,5m
2026-05-18 17:15:00+00:00,417.6050109863281,418.5398864746094,417.20001220703125,418.2049865722656,147724,AMD,5m
2026-05-18 17:20:00+00:00,418.0600891113281,418.5199890136719,415.79998779296875,416.3800048828125,157267,AMD,5m
2026-05-18 17:25:00+00:00,416.3800048828125,418.2598876953125,415.69000244140625,418.1199951171875,184072,AMD,5m
2026-05-18 17:30:00+00:00,418.1099853515625,418.31988525390625,416.3880920410156,417.22149658203125,124507,AMD,5m
2026-05-18 17:35:00+00:00,417.2349853515625,417.32000732421875,415.9700927734375,416.2300109863281,93142,AMD,5m
2026-05-18 17:40:00+00:00,416.45001220703125,417.9172058105469,416.4100036621094,417.19000244140625,100830,AMD,5m
2026-05-18 17:45:00+00:00,417.1449890136719,417.4661865234375,414.80010986328125,415.2099914550781,182166,AMD,5m
2026-05-18 17:50:00+00:00,415.2550048828125,416.3699035644531,414.9800109863281,415.9100036621094,127726,AMD,5m
2026-05-18 17:55:00+00:00,415.9599914550781,416.9999084472656,415.5299987792969,416.35009765625,84144,AMD,5m
2026-05-18 18:00:00+00:00,416.489990234375,416.739990234375,414.5,414.67498779296875,135992,AMD,5m
2026-05-18 18:05:00+00:00,414.6600036621094,415.4198913574219,413.8901062011719,414.3800048828125,145196,AMD,5m
2026-05-18 18:10:00+00:00,414.385009765625,414.9898986816406,413.7799987792969,413.8800048828125,97094,AMD,5m
2026-05-18 18:15:00+00:00,413.80499267578125,414.1650085449219,411.4100036621094,411.9999084472656,756563,AMD,5m
2026-05-18 18:20:00+00:00,411.9200134277344,412.409912109375,411.1199951171875,412.0,216381,AMD,5m
2026-05-18 18:25:00+00:00,411.92999267578125,412.80999755859375,410.7099914550781,412.3500061035156,325482,AMD,5m
2026-05-18 18:30:00+00:00,412.260009765625,412.6799011230469,410.86859130859375,411.5050048828125,231953,AMD,5m
2026-05-18 18:35:00+00:00,411.5,412.1860046386719,410.7099914550781,411.139892578125,263806,AMD,5m
2026-05-18 18:40:00+00:00,411.0400085449219,412.5,410.8114013671875,412.2200012207031,190685,AMD,5m
2026-05-18 18:45:00+00:00,412.20001220703125,412.8999938964844,410.8399963378906,411.4049987792969,170974,AMD,5m
2026-05-18 18:50:00+00:00,411.5,412.82000732421875,411.2850036621094,412.244384765625,232435,AMD,5m
2026-05-18 18:55:00+00:00,412.2300109863281,414.6300048828125,411.8200988769531,414.2200012207031,189212,AMD,5m
2026-05-18 19:00:00+00:00,414.2850036621094,420.80999755859375,413.7099914550781,416.9999084472656,519491,AMD,5m
2026-05-18 19:05:00+00:00,416.5199890136719,417.8656921386719,413.5600891113281,416.07000732421875,204400,AMD,5m
2026-05-18 19:10:00+00:00,416.2300109863281,417.8800048828125,415.8599853515625,416.3299865722656,182100,AMD,5m
2026-05-18 19:15:00+00:00,416.44000244140625,416.8900146484375,414.3299865722656,415.1499938964844,195393,AMD,5m
2026-05-18 19:20:00+00:00,415.2510070800781,415.989990234375,414.0899963378906,414.75,130009,AMD,5m
2026-05-18 19:25:00+00:00,414.6499938964844,414.8500061035156,413.1300048828125,413.79998779296875,169316,AMD,5m
2026-05-18 19:30:00+00:00,413.8999938964844,416.17999267578125,413.30999755859375,414.489990234375,268623,AMD,5m
2026-05-18 19:35:00+00:00,414.4800109863281,418.39990234375,414.45001220703125,418.39990234375,397631,AMD,5m
2026-05-18 19:40:00+00:00,418.3999938964844,418.6400146484375,417.0199890136719,418.43499755859375,311691,AMD,5m
2026-05-18 19:45:00+00:00,418.6073913574219,419.9200134277344,418.3599853515625,419.375,254020,AMD,5m
2026-05-18 19:50:00+00:00,419.3399963378906,421.3999938964844,418.60009765625,421.1600036621094,397324,AMD,5m
2026-05-18 19:55:00+00:00,421.0,421.9200134277344,420.3349914550781,421.0199890136719,824631,AMD,5m
2026-05-19 13:30:00+00:00,412.9649963378906,423.79998779296875,410.70001220703125,419.45001220703125,2010421,AMD,5m
2026-05-19 13:35:00+00:00,419.8160095214844,428.75,418.79998779296875,426.2300109863281,1002090,AMD,5m
2026-05-19 13:40:00+00:00,426.1348876953125,426.8800048828125,418.239990234375,419.139892578125,686899,AMD,5m
2026-05-19 13:45:00+00:00,418.8900146484375,419.3999938964844,413.3301086425781,413.8399963378906,552314,AMD,5m
2026-05-19 13:50:00+00:00,413.5849914550781,414.8799133300781,411.79998779296875,414.45001220703125,566474,AMD,5m
2026-05-19 13:55:00+00:00,414.4549865722656,415.6600036621094,404.95001220703125,405.42999267578125,1076803,AMD,5m
2026-05-19 14:00:00+00:00,405.2900085449219,406.4898986816406,403.0,404.1499938964844,975804,AMD,5m
2026-05-19 14:05:00+00:00,404.4700012207031,405.0,398.3800048828125,399.44000244140625,1431129,AMD,5m
2026-05-19 14:10:00+00:00,399.6000061035156,400.19989013671875,396.2200927734375,396.81201171875,961649,AMD,5m
2026-05-19 14:15:00+00:00,396.6000061035156,396.79998779296875,394.0199890136719,394.25970458984375,1154838,AMD,5m
2026-05-19 14:20:00+00:00,394.2947082519531,396.6400146484375,393.3599853515625,395.9801025390625,936446,AMD,5m
2026-05-19 14:25:00+00:00,396.1000061035156,397.510009765625,394.5299987792969,395.7850036621094,707228,AMD,5m
2026-05-19 14:30:00+00:00,395.9800109863281,398.19000244140625,394.55999755859375,394.989990234375,681956,AMD,5m
2026-05-19 14:35:00+00:00,394.7699890136719,400.0,394.0,399.6400146484375,681123,AMD,5m
2026-05-19 14:40:00+00:00,399.7799987792969,400.4533996582031,397.1700134277344,397.4599914550781,473399,AMD,5m
2026-05-19 14:45:00+00:00,397.489990234375,398.989990234375,395.79998779296875,397.3550109863281,336168,AMD,5m
2026-05-19 14:50:00+00:00,397.29998779296875,401.9299011230469,396.5,401.0899963378906,526992,AMD,5m
2026-05-19 14:55:00+00:00,400.8900146484375,403.6199951171875,400.66009521484375,403.364990234375,629779,AMD,5m
2026-05-19 15:00:00+00:00,403.3999938964844,405.7099914550781,403.1099853515625,404.67999267578125,496864,AMD,5m
2026-05-19 15:05:00+00:00,404.7099914550781,404.8450012207031,401.55999755859375,402.8399963378906,358241,AMD,5m
2026-05-19 15:10:00+00:00,403.05999755859375,405.9800109863281,402.840087890625,405.9800109863281,540226,AMD,5m
2026-05-19 15:15:00+00:00,405.8500061035156,408.19989013671875,405.8399963378906,406.135009765625,584591,AMD,5m
2026-05-19 15:20:00+00:00,406.07000732421875,408.1000061035156,406.010009765625,406.2749938964844,413427,AMD,5m
2026-05-19 15:25:00+00:00,406.1199951171875,408.6499938964844,405.3999938964844,408.0199890136719,388743,AMD,5m
2026-05-19 15:30:00+00:00,408.010009765625,410.0,407.7001037597656,407.88848876953125,416963,AMD,5m
2026-05-19 15:35:00+00:00,408.0050048828125,410.1499938964844,407.5,410.05499267578125,333726,AMD,5m
2026-05-19 15:40:00+00:00,410.0350036621094,410.75,408.67999267578125,409.5799865722656,310554,AMD,5m
2026-05-19 15:45:00+00:00,409.6700134277344,410.3900146484375,408.30999755859375,408.6499938964844,258444,AMD,5m
2026-05-19 15:50:00+00:00,408.5150146484375,408.79998779296875,407.0,407.6199951171875,293758,AMD,5m
2026-05-19 15:55:00+00:00,407.5,408.2900085449219,406.1000061035156,407.68499755859375,242300,AMD,5m
2026-05-19 16:00:00+00:00,407.875,410.4898986816406,407.70001220703125,410.1449890136719,297679,AMD,5m
2026-05-19 16:05:00+00:00,410.1400146484375,411.0,409.2300109863281,409.510009765625,641725,AMD,5m
2026-05-19 16:10:00+00:00,409.29998779296875,411.1000061035156,408.8299865722656,410.19000244140625,382508,AMD,5m
2026-05-19 16:15:00+00:00,410.2699890136719,411.69000244140625,409.9801025390625,410.95001220703125,282687,AMD,5m
2026-05-19 16:20:00+00:00,411.0,411.9100036621094,410.3299865722656,411.4100036621094,255253,AMD,5m
2026-05-19 16:25:00+00:00,411.43499755859375,415.0299987792969,411.43499755859375,415.0,451962,AMD,5m
2026-05-19 16:30:00+00:00,414.9800109863281,416.3500061035156,414.40008544921875,416.1700134277344,390415,AMD,5m
2026-05-19 16:35:00+00:00,416.05999755859375,418.70001220703125,416.05999755859375,418.010009765625,472597,AMD,5m
2026-05-19 16:40:00+00:00,418.0,419.4100036621094,417.8299865722656,418.78009033203125,358016,AMD,5m
2026-05-19 16:45:00+00:00,418.9100036621094,419.5,417.32000732421875,418.19000244140625,290599,AMD,5m
2026-05-19 16:50:00+00:00,418.20001220703125,419.8699035644531,417.5299987792969,419.212890625,384577,AMD,5m
2026-05-19 16:55:00+00:00,419.5,420.1700134277344,418.5,419.41009521484375,301416,AMD,5m
2026-05-19 17:00:00+00:00,419.5299987792969,421.9599914550781,419.06500244140625,421.8699951171875,364096,AMD,5m
2026-05-19 17:05:00+00:00,421.864990234375,422.5799865722656,420.4601135253906,421.4700012207031,291306,AMD,5m
2026-05-19 17:10:00+00:00,421.4649963378906,422.5,420.9200134277344,422.1300964355469,213008,AMD,5m
2026-05-19 17:15:00+00:00,422.2189025878906,423.5,422.1300048828125,423.216796875,507200,AMD,5m
2026-05-19 17:20:00+00:00,423.2699890136719,425.0,422.010009765625,423.9100036621094,442868,AMD,5m
2026-05-19 17:25:00+00:00,423.9700012207031,424.0299987792969,421.4100036621094,422.54998779296875,317143,AMD,5m
2026-05-19 17:30:00+00:00,422.69000244140625,423.83990478515625,422.489990234375,423.6299133300781,212978,AMD,5m
2026-05-19 17:35:00+00:00,423.45001220703125,423.69989013671875,422.4599914550781,423.1099853515625,177902,AMD,5m
2026-05-19 17:40:00+00:00,423.2200012207031,423.82000732421875,422.2799987792969,422.4949951171875,193369,AMD,5m
2026-05-19 17:45:00+00:00,422.54998779296875,422.8900146484375,420.6000061035156,422.5199890136719,292518,AMD,5m
2026-05-19 17:50:00+00:00,422.5199890136719,422.8999938964844,419.67999267578125,420.6650085449219,262122,AMD,5m
2026-05-19 17:55:00+00:00,420.95001220703125,423.2200012207031,420.6700134277344,422.70001220703125,246133,AMD,5m
2026-05-19 18:00:00+00:00,422.79998779296875,423.739990234375,422.6000061035156,422.8399963378906,199740,AMD,5m
2026-05-19 18:05:00+00:00,422.8399963378906,423.7300109863281,422.6000061035156,422.7250061035156,135639,AMD,5m
2026-05-19 18:10:00+00:00,422.8399963378906,422.96990966796875,421.05999755859375,421.1600036621094,179890,AMD,5m
2026-05-19 18:15:00+00:00,421.1549987792969,421.7900085449219,418.3999938964844,418.9200134277344,341781,AMD,5m
2026-05-19 18:20:00+00:00,418.94500732421875,419.05999755859375,416.5199890136719,418.07000732421875,297671,AMD,5m
2026-05-19 18:25:00+00:00,418.1099853515625,419.6700134277344,417.8100891113281,418.4800109863281,241409,AMD,5m
2026-05-19 18:30:00+00:00,418.5315856933594,418.89990234375,417.90008544921875,418.3999938964844,138954,AMD,5m
2026-05-19 18:35:00+00:00,418.4800109863281,419.1090087890625,417.5,417.5849914550781,149481,AMD,5m
2026-05-19 18:40:00+00:00,417.6400146484375,418.0,416.55999755859375,417.8699951171875,195637,AMD,5m
2026-05-19 18:45:00+00:00,417.864990234375,417.8699951171875,416.25,417.17999267578125,201398,AMD,5m
2026-05-19 18:50:00+00:00,417.05999755859375,417.82000732421875,416.2200012207031,416.3299865722656,241570,AMD,5m
2026-05-19 18:55:00+00:00,416.2200012207031,416.30999755859375,415.1300048828125,415.7130126953125,227532,AMD,5m
2026-05-19 19:00:00+00:00,415.7950134277344,418.489990234375,415.70001220703125,417.6000061035156,227094,AMD,5m
2026-05-19 19:05:00+00:00,417.6000061035156,419.0,416.6700134277344,418.739990234375,196218,AMD,5m
2026-05-19 19:10:00+00:00,418.9599914550781,420.75,418.8399963378906,420.1099853515625,214297,AMD,5m
2026-05-19 19:15:00+00:00,420.18499755859375,420.2349853515625,417.20001220703125,417.3450012207031,162952,AMD,5m
2026-05-19 19:20:00+00:00,417.25,417.4800109863281,415.07000732421875,415.07000732421875,171176,AMD,5m
2026-05-19 19:25:00+00:00,415.0799865722656,416.82000732421875,415.0,416.5101013183594,198417,AMD,5m
2026-05-19 19:30:00+00:00,416.5199890136719,418.5751037597656,416.5000915527344,417.0899963378906,241139,AMD,5m
2026-05-19 19:35:00+00:00,417.05499267578125,417.58990478515625,415.5,416.55499267578125,156332,AMD,5m
2026-05-19 19:40:00+00:00,416.6700134277344,417.19989013671875,415.7500915527344,416.3399963378906,176852,AMD,5m
2026-05-19 19:45:00+00:00,416.5400085449219,416.9200134277344,415.2001037597656,415.4200134277344,177809,AMD,5m
2026-05-19 19:50:00+00:00,415.4700012207031,416.8599853515625,412.5039978027344,413.2250061035156,490731,AMD,5m
2026-05-19 19:55:00+00:00,413.1199951171875,414.3800048828125,411.7099914550781,414.1099853515625,1492162,AMD,5m
