timestamp,open,high,low,close,volume,ticker,interval
2026-05-06 13:30:00+00:00,272.8900146484375,274.7250061035156,272.2076110839844,273.5400085449219,2349102,AMZN,1m
2026-05-06 13:31:00+00:00,273.5950012207031,274.0,273.1600036621094,273.9349975585937,217699,AMZN,1m
2026-05-06 13:32:00+00:00,273.95001220703125,274.20001220703125,273.42999267578125,273.54998779296875,175580,AMZN,1m
2026-05-06 13:33:00+00:00,273.55499267578125,273.79998779296875,272.84039306640625,273.7049865722656,188649,AMZN,1m
2026-05-06 13:34:00+00:00,273.7799987792969,273.9549865722656,273.1499938964844,273.5050048828125,159290,AMZN,1m
2026-05-06 13:35:00+00:00,273.4815979003906,273.9349975585937,272.9800109863281,273.9349975585937,255641,AMZN,1m
2026-05-06 13:36:00+00:00,273.9349975585937,274.20001220703125,273.5,274.20001220703125,133765,AMZN,1m
2026-05-06 13:37:00+00:00,274.20001220703125,274.5979919433594,274.07000732421875,274.1700134277344,158628,AMZN,1m
2026-05-06 13:38:00+00:00,274.1650085449219,274.5599975585937,273.5799865722656,273.7900085449219,186073,AMZN,1m
2026-05-06 13:39:00+00:00,273.8299865722656,273.9726867675781,273.5,273.739990234375,113450,AMZN,1m
2026-05-06 13:40:00+00:00,273.7785949707031,274.29998779296875,273.69500732421875,274.17498779296875,125716,AMZN,1m
2026-05-06 13:41:00+00:00,274.20001220703125,275.239990234375,274.19000244140625,274.739990234375,249614,AMZN,1m
2026-05-06 13:42:00+00:00,274.7099914550781,275.1300048828125,274.65008544921875,274.8399963378906,128832,AMZN,1m
2026-05-06 13:43:00+00:00,274.8299865722656,274.8299865722656,274.3900146484375,274.6650085449219,107461,AMZN,1m
2026-05-06 13:44:00+00:00,274.7298889160156,274.8999938964844,274.1499938964844,274.3999938964844,122474,AMZN,1m
2026-05-06 13:45:00+00:00,274.42999267578125,274.95001220703125,274.385009765625,274.5350036621094,125647,AMZN,1m
2026-05-06 13:46:00+00:00,274.56500244140625,275.06500244140625,274.2699890136719,274.7900085449219,112875,AMZN,1m
2026-05-06 13:47:00+00:00,274.739990234375,275.0599975585937,274.6650085449219,274.8800048828125,80660,AMZN,1m
2026-05-06 13:48:00+00:00,274.9100036621094,275.32000732421875,274.8299865722656,275.20001220703125,117674,AMZN,1m
2026-05-06 13:49:00+00:00,275.2049865722656,275.3500061035156,274.5203857421875,275.1549987792969,155066,AMZN,1m
2026-05-06 13:50:00+00:00,275.125,275.125,274.0599975585937,274.1499938964844,119935,AMZN,1m
2026-05-06 13:51:00+00:00,274.0849914550781,274.2300109863281,273.5799865722656,273.6549987792969,238295,AMZN,1m
2026-05-06 13:52:00+00:00,273.6549987792969,273.95001220703125,273.5299987792969,273.7099914550781,153589,AMZN,1m
2026-05-06 13:53:00+00:00,273.6849975585937,273.95001220703125,273.54998779296875,273.9200134277344,134496,AMZN,1m
2026-05-06 13:54:00+00:00,273.92999267578125,274.2799072265625,273.8900146484375,273.9800109863281,109954,AMZN,1m
2026-05-06 13:55:00+00:00,273.9700012207031,274.1400146484375,273.80499267578125,273.8099975585937,95307,AMZN,1m
2026-05-06 13:56:00+00:00,273.8099975585937,273.8299865722656,273.0899963378906,273.239990234375,140437,AMZN,1m
2026-05-06 13:57:00+00:00,273.2300109863281,273.5299987792969,273.2300109863281,273.45001220703125,223775,AMZN,1m
2026-05-06 13:58:00+00:00,273.4100036621094,273.45001220703125,272.9645080566406,273.2799987792969,128704,AMZN,1m
2026-05-06 13:59:00+00:00,273.2799987792969,273.8900146484375,273.1767883300781,273.5299987792969,123643,AMZN,1m
2026-05-06 14:00:00+00:00,273.57000732421875,273.67999267578125,273.1000061035156,273.3299865722656,177182,AMZN,1m
2026-05-06 14:01:00+00:00,273.3299865722656,273.6386108398437,273.1099853515625,273.4700012207031,104361,AMZN,1m
2026-05-06 14:02:00+00:00,273.4534912109375,273.6199951171875,273.0,273.2300109863281,141145,AMZN,1m
2026-05-06 14:03:00+00:00,273.2300109863281,273.4700012207031,273.0,273.0350036621094,132777,AMZN,1m
2026-05-06 14:04:00+00:00,273.0400085449219,273.4349975585937,273.0,273.31201171875,142129,AMZN,1m
2026-05-06 14:05:00+00:00,273.32000732421875,273.4700012207031,273.20001220703125,273.3377990722656,73112,AMZN,1m
2026-05-06 14:06:00+00:00,273.3301086425781,273.34698486328125,272.3800048828125,272.3800048828125,169043,AMZN,1m
2026-05-06 14:07:00+00:00,272.3399963378906,272.8900146484375,272.260009765625,272.760009765625,121429,AMZN,1m
2026-05-06 14:08:00+00:00,272.7900085449219,272.81500244140625,272.3299865722656,272.409912109375,194294,AMZN,1m
2026-05-06 14:09:00+00:00,272.4049072265625,272.6600036621094,272.2799987792969,272.54998779296875,82965,AMZN,1m
2026-05-06 14:10:00+00:00,272.5199890136719,272.8699951171875,272.4700012207031,272.6581115722656,85464,AMZN,1m
2026-05-06 14:11:00+00:00,272.6449890136719,273.1499938964844,272.5599975585937,273.0950012207031,93236,AMZN,1m
2026-05-06 14:12:00+00:00,273.1499938964844,273.4100036621094,273.0400085449219,273.3099975585937,93403,AMZN,1m
2026-05-06 14:13:00+00:00,273.3299865722656,273.3796081542969,272.9501037597656,272.9769897460937,96671,AMZN,1m
2026-05-06 14:14:00+00:00,273.010009765625,273.2200012207031,272.9114074707031,273.1499938964844,168420,AMZN,1m
2026-05-06 14:15:00+00:00,273.1600036621094,273.2850036621094,272.9349975585937,273.2099914550781,87764,AMZN,1m
2026-05-06 14:16:00+00:00,273.20001220703125,273.4200134277344,273.1499938964844,273.3099060058594,62284,AMZN,1m
2026-05-06 14:17:00+00:00,273.2900085449219,273.3800048828125,273.0599975585937,273.29998779296875,97254,AMZN,1m
2026-05-06 14:18:00+00:00,273.30499267578125,273.32000732421875,273.0400085449219,273.1401062011719,74674,AMZN,1m
2026-05-06 14:19:00+00:00,273.17498779296875,273.2698974609375,273.1003112792969,273.19000244140625,77282,AMZN,1m
2026-05-06 14:20:00+00:00,273.2099914550781,273.5599975585937,273.19000244140625,273.489990234375,141787,AMZN,1m
2026-05-06 14:21:00+00:00,273.4849853515625,273.7449951171875,273.4599914550781,273.7449951171875,125507,AMZN,1m
2026-05-06 14:22:00+00:00,273.7200012207031,273.989990234375,273.7200012207031,273.95001220703125,99412,AMZN,1m
2026-05-06 14:23:00+00:00,273.95001220703125,274.1600036621094,273.8949890136719,274.0101013183594,115177,AMZN,1m
2026-05-06 14:24:00+00:00,274.010009765625,274.010009765625,273.6200866699219,273.8500061035156,50691,AMZN,1m
2026-05-06 14:25:00+00:00,273.8699951171875,274.0199890136719,273.80010986328125,274.0199890136719,106017,AMZN,1m
2026-05-06 14:26:00+00:00,274.04840087890625,274.1199951171875,273.7900085449219,273.8900146484375,115363,AMZN,1m
2026-05-06 14:27:00+00:00,273.8699951171875,273.9700012207031,273.75,273.8349914550781,52991,AMZN,1m
2026-05-06 14:28:00+00:00,273.864990234375,273.96990966796875,273.6099853515625,273.885009765625,64566,AMZN,1m
2026-05-06 14:29:00+00:00,273.885009765625,274.1400146484375,273.69500732421875,274.07501220703125,101214,AMZN,1m
2026-05-06 14:30:00+00:00,274.1099853515625,274.114990234375,273.67999267578125,273.7300109863281,75539,AMZN,1m
2026-05-06 14:31:00+00:00,273.7349853515625,273.8599853515625,273.5599975585937,273.7449951171875,86482,AMZN,1m
2026-05-06 14:32:00+00:00,273.7200012207031,273.8500061035156,273.5599975585937,273.79998779296875,99232,AMZN,1m
2026-05-06 14:33:00+00:00,273.7699890136719,274.04998779296875,273.6849975585937,273.9599914550781,88923,AMZN,1m
2026-05-06 14:34:00+00:00,273.90008544921875,274.2499084472656,273.90008544921875,274.15509033203125,85760,AMZN,1m
2026-05-06 14:35:00+00:00,274.1400146484375,274.29998779296875,273.8500061035156,273.92498779296875,81797,AMZN,1m
2026-05-06 14:36:00+00:00,273.9224853515625,274.2004089355469,273.840087890625,274.1700134277344,55270,AMZN,1m
2026-05-06 14:37:00+00:00,274.17999267578125,274.67498779296875,274.1449890136719,274.5,104782,AMZN,1m
2026-05-06 14:38:00+00:00,274.4949951171875,274.7900085449219,274.4949951171875,274.7349853515625,88473,AMZN,1m
2026-05-06 14:39:00+00:00,274.7001037597656,274.9599914550781,274.70001220703125,274.9150085449219,104906,AMZN,1m
2026-05-06 14:40:00+00:00,274.92498779296875,275.0899963378906,274.7900085449219,274.9700012207031,163731,AMZN,1m
2026-05-06 14:41:00+00:00,274.9599914550781,274.9800109863281,274.5599975585937,274.57501220703125,87985,AMZN,1m
2026-05-06 14:42:00+00:00,274.5844116210937,274.9200134277344,274.5844116210937,274.9200134277344,86743,AMZN,1m
2026-05-06 14:43:00+00:00,274.8800048828125,274.9700012207031,274.75,274.8999938964844,602812,AMZN,1m
2026-05-06 14:44:00+00:00,274.8599853515625,275.3999938964844,274.7950134277344,275.3900146484375,131843,AMZN,1m
2026-05-06 14:45:00+00:00,275.4248046875,275.4700012207031,275.17999267578125,275.2550048828125,127542,AMZN,1m
2026-05-06 14:46:00+00:00,275.25,275.25,274.9599914550781,274.9599914550781,52074,AMZN,1m
2026-05-06 14:47:00+00:00,274.92999267578125,275.1600036621094,274.92999267578125,275.1099853515625,92677,AMZN,1m
2026-05-06 14:48:00+00:00,275.0801086425781,275.375,275.0799865722656,275.29998779296875,122348,AMZN,1m
2026-05-06 14:49:00+00:00,275.2950134277344,275.45001220703125,275.239990234375,275.3601989746094,101280,AMZN,1m
2026-05-06 14:50:00+00:00,275.3500061035156,275.389892578125,275.2893981933594,275.3789978027344,49872,AMZN,1m
2026-05-06 14:51:00+00:00,275.3500061035156,275.3800048828125,275.04998779296875,275.239990234375,60301,AMZN,1m
2026-05-06 14:52:00+00:00,275.29998779296875,275.32501220703125,275.0199890136719,275.0249938964844,55664,AMZN,1m
2026-05-06 14:53:00+00:00,275.0599975585937,275.2200012207031,274.9750061035156,275.0299987792969,98512,AMZN,1m
2026-05-06 14:54:00+00:00,274.989990234375,275.1300048828125,274.92999267578125,274.95001220703125,67082,AMZN,1m
2026-05-06 14:55:00+00:00,274.9599914550781,275.0799865722656,274.7650146484375,275.0199890136719,73854,AMZN,1m
2026-05-06 14:56:00+00:00,275.0599975585937,275.1099853515625,274.7699890136719,274.8500061035156,47786,AMZN,1m
2026-05-06 14:57:00+00:00,274.82000732421875,274.8999938964844,274.70001220703125,274.70001220703125,27780,AMZN,1m
2026-05-06 14:58:00+00:00,274.70001220703125,275.0400085449219,274.61749267578125,274.9750061035156,58262,AMZN,1m
2026-05-06 14:59:00+00:00,274.9649963378906,275.0400085449219,274.81500244140625,275.010009765625,43499,AMZN,1m
2026-05-06 15:00:00+00:00,275.07000732421875,275.17999267578125,274.9100036621094,275.05499267578125,82211,AMZN,1m
2026-05-06 15:01:00+00:00,274.9700012207031,275.1400146484375,274.8999938964844,274.94000244140625,46069,AMZN,1m
2026-05-06 15:02:00+00:00,274.8699951171875,274.9700012207031,274.82000732421875,274.8900146484375,44632,AMZN,1m
2026-05-06 15:03:00+00:00,274.95001220703125,275.2049865722656,274.9200134277344,275.0599975585937,50504,AMZN,1m
2026-05-06 15:04:00+00:00,275.0599975585937,275.1000061035156,274.8399963378906,274.89990234375,46170,AMZN,1m
2026-05-06 15:05:00+00:00,274.9200134277344,275.0299987792969,274.70001220703125,274.7550048828125,67973,AMZN,1m
2026-05-06 15:06:00+00:00,274.7900085449219,274.87921142578125,274.7200927734375,274.81500244140625,47683,AMZN,1m
2026-05-06 15:07:00+00:00,274.81500244140625,274.8999938964844,274.54998779296875,274.5599975585937,72114,AMZN,1m
2026-05-06 15:08:00+00:00,274.54998779296875,274.6499938964844,274.3599853515625,274.4100036621094,323958,AMZN,1m
2026-05-06 15:09:00+00:00,274.42498779296875,274.42999267578125,274.3099975585937,274.3500061035156,56220,AMZN,1m
2026-05-06 15:10:00+00:00,274.3500061035156,274.42999267578125,274.1600036621094,274.19500732421875,50089,AMZN,1m
2026-05-06 15:11:00+00:00,274.20001220703125,274.33428955078125,274.090087890625,274.1300048828125,67994,AMZN,1m
2026-05-06 15:12:00+00:00,274.1600036621094,274.1600036621094,273.9750061035156,274.0,53791,AMZN,1m
2026-05-06 15:13:00+00:00,274.0050048828125,274.0398864746094,273.7749938964844,273.82501220703125,138650,AMZN,1m
2026-05-06 15:14:00+00:00,273.82501220703125,274.04998779296875,273.82000732421875,273.9999084472656,76867,AMZN,1m
2026-05-06 15:15:00+00:00,273.989990234375,274.0,273.79998779296875,273.92999267578125,59004,AMZN,1m
2026-05-06 15:16:00+00:00,273.9591064453125,274.1199951171875,273.8999938964844,274.0400085449219,66083,AMZN,1m
2026-05-06 15:17:00+00:00,274.0450134277344,274.1700134277344,274.010009765625,274.0403137207031,57257,AMZN,1m
2026-05-06 15:18:00+00:00,274.0474853515625,274.1600036621094,273.9599914550781,274.0400085449219,73151,AMZN,1m
2026-05-06 15:19:00+00:00,274.0400085449219,274.0799865722656,273.7699890136719,274.0325012207031,59250,AMZN,1m
2026-05-06 15:20:00+00:00,274.04998779296875,274.2699890136719,273.8999938964844,273.989990234375,78897,AMZN,1m
2026-05-06 15:21:00+00:00,273.9949951171875,274.1099853515625,273.9100036621094,273.92999267578125,47551,AMZN,1m
2026-05-06 15:22:00+00:00,273.95001220703125,273.95001220703125,273.7699890136719,273.8800048828125,68701,AMZN,1m
2026-05-06 15:23:00+00:00,273.8800048828125,274.0899963378906,273.815185546875,274.0400085449219,62748,AMZN,1m
2026-05-06 15:24:00+00:00,274.04998779296875,274.1600036621094,273.9750061035156,274.010009765625,45832,AMZN,1m
2026-05-06 15:25:00+00:00,274.0350036621094,274.1199951171875,273.9599914550781,274.010009765625,66720,AMZN,1m
2026-05-06 15:26:00+00:00,273.9949951171875,274.28009033203125,273.9800109863281,274.2300109863281,60731,AMZN,1m
2026-05-06 15:27:00+00:00,274.2101135253906,274.2101135253906,274.010009765625,274.0400085449219,35625,AMZN,1m
2026-05-06 15:28:00+00:00,274.0032043457031,274.0299987792969,273.92498779296875,273.9599914550781,61931,AMZN,1m
2026-05-06 15:29:00+00:00,273.9750061035156,273.989990234375,273.6600036621094,273.7099914550781,94991,AMZN,1m
2026-05-06 15:30:00+00:00,273.7099914550781,273.7799987792969,273.5899963378906,273.6650085449219,54375,AMZN,1m
2026-05-06 15:31:00+00:00,273.67999267578125,273.7099914550781,273.2701110839844,273.2702941894531,93399,AMZN,1m
2026-05-06 15:32:00+00:00,273.2850036621094,273.409912109375,273.1300048828125,273.25,82326,AMZN,1m
2026-05-06 15:33:00+00:00,273.2200012207031,273.2300109863281,272.94000244140625,272.9599914550781,111699,AMZN,1m
2026-05-06 15:34:00+00:00,272.9599914550781,273.010009765625,272.7799987792969,272.7900085449219,77086,AMZN,1m
2026-05-06 15:35:00+00:00,272.7900085449219,272.8475952148437,272.5400085449219,272.75,103056,AMZN,1m
2026-05-06 15:36:00+00:00,272.7550048828125,272.89990234375,272.6099853515625,272.8699951171875,100377,AMZN,1m
2026-05-06 15:37:00+00:00,272.8550109863281,273.2099914550781,272.8399963378906,273.2099914550781,133443,AMZN,1m
2026-05-06 15:38:00+00:00,273.2200012207031,273.44000244140625,273.20001220703125,273.3500061035156,111859,AMZN,1m
2026-05-06 15:39:00+00:00,273.3500061035156,273.5,273.239990234375,273.2500915527344,80588,AMZN,1m
2026-05-06 15:40:00+00:00,273.2699890136719,273.4800109863281,273.25,273.31500244140625,63034,AMZN,1m
2026-05-06 15:41:00+00:00,273.3207092285156,273.5498962402344,273.3207092285156,273.5199890136719,52838,AMZN,1m
2026-05-06 15:42:00+00:00,273.489990234375,273.510009765625,273.3699951171875,273.4750061035156,50961,AMZN,1m
2026-05-06 15:43:00+00:00,273.4800109863281,273.4800109863281,273.1199951171875,273.25,47231,AMZN,1m
2026-05-06 15:44:00+00:00,273.239990234375,273.6299133300781,273.125,273.510009765625,117415,AMZN,1m
2026-05-06 15:45:00+00:00,273.5,273.6000061035156,273.385009765625,273.5199890136719,49488,AMZN,1m
2026-05-06 15:46:00+00:00,273.5299987792969,273.8147888183594,273.4800109863281,273.7950134277344,50641,AMZN,1m
2026-05-06 15:47:00+00:00,273.760009765625,274.05499267578125,273.75,274.0201110839844,77099,AMZN,1m
2026-05-06 15:48:00+00:00,274.04998779296875,274.3800048828125,274.0216979980469,274.29998779296875,84940,AMZN,1m
2026-05-06 15:49:00+00:00,274.28350830078125,274.3349914550781,274.1400146484375,274.2250061035156,69399,AMZN,1m
2026-05-06 15:50:00+00:00,274.2449951171875,274.3099975585937,274.010009765625,274.11749267578125,56253,AMZN,1m
2026-05-06 15:51:00+00:00,274.0950012207031,274.1700134277344,274.0199890136719,274.1199951171875,36494,AMZN,1m
2026-05-06 15:52:00+00:00,274.0899963378906,274.30499267578125,274.07000732421875,274.29998779296875,37250,AMZN,1m
2026-05-06 15:53:00+00:00,274.2950134277344,274.4549865722656,274.2699890136719,274.4549865722656,571438,AMZN,1m
2026-05-06 15:54:00+00:00,274.4599914550781,274.635009765625,274.4599914550781,274.49530029296875,267165,AMZN,1m
2026-05-06 15:55:00+00:00,274.4849853515625,274.70001220703125,274.3800048828125,274.5884094238281,93845,AMZN,1m
2026-05-06 15:56:00+00:00,274.5950012207031,274.81500244140625,274.5299987792969,274.69500732421875,74896,AMZN,1m
2026-05-06 15:57:00+00:00,274.7300109863281,274.7300109863281,274.5899963378906,274.6499938964844,58225,AMZN,1m
2026-05-06 15:58:00+00:00,274.6199951171875,274.8500061035156,274.6000061035156,274.8399963378906,75847,AMZN,1m
2026-05-06 15:59:00+00:00,274.8399963378906,274.9599914550781,274.7699890136719,274.8800048828125,88617,AMZN,1m
2026-05-06 16:00:00+00:00,274.8900146484375,274.9100036621094,274.75,274.79998779296875,46370,AMZN,1m
2026-05-06 16:01:00+00:00,274.80499267578125,275.04998779296875,274.80499267578125,274.9549865722656,133409,AMZN,1m
2026-05-06 16:02:00+00:00,274.98779296875,274.98779296875,274.8399963378906,274.95001220703125,52890,AMZN,1m
2026-05-06 16:03:00+00:00,274.95001220703125,274.989990234375,274.82000732421875,274.9150085449219,34642,AMZN,1m
2026-05-06 16:04:00+00:00,274.9150085449219,274.9800109863281,274.8500061035156,274.9100036621094,37289,AMZN,1m
2026-05-06 16:05:00+00:00,274.94500732421875,275.0,274.8900146484375,275.0,59487,AMZN,1m
2026-05-06 16:06:00+00:00,274.989990234375,275.0199890136719,274.8500061035156,274.95001220703125,53179,AMZN,1m
2026-05-06 16:07:00+00:00,274.94000244140625,274.989990234375,274.8900146484375,274.9599914550781,32441,AMZN,1m
2026-05-06 16:08:00+00:00,274.9700012207031,275.0,274.8900146484375,274.94000244140625,32888,AMZN,1m
2026-05-06 16:09:00+00:00,274.9599914550781,274.9800109863281,274.8599853515625,274.86749267578125,21928,AMZN,1m
2026-05-06 16:10:00+00:00,274.864990234375,275.2200012207031,274.85009765625,275.1199951171875,77732,AMZN,1m
2026-05-06 16:11:00+00:00,275.125,275.2900085449219,275.10009765625,275.2799072265625,62130,AMZN,1m
2026-05-06 16:12:00+00:00,275.2550048828125,275.3099975585937,275.1600036621094,275.19000244140625,31821,AMZN,1m
2026-05-06 16:13:00+00:00,275.1600036621094,275.32000732421875,275.1600036621094,275.272705078125,45109,AMZN,1m
2026-05-06 16:14:00+00:00,275.2799987792969,275.3500061035156,275.25,275.2629089355469,36611,AMZN,1m
2026-05-06 16:15:00+00:00,275.25,275.3099975585937,275.1700134277344,275.2900085449219,63843,AMZN,1m
2026-05-06 16:16:00+00:00,275.29998779296875,275.75,275.29998779296875,275.6400146484375,185309,AMZN,1m
2026-05-06 16:17:00+00:00,275.6199951171875,275.909912109375,275.6000061035156,275.8500061035156,83719,AMZN,1m
2026-05-06 16:18:00+00:00,275.87139892578125,275.9800109863281,275.7099914550781,275.875,87458,AMZN,1m
2026-05-06 16:19:00+00:00,275.875,275.875,275.7200927734375,275.760009765625,56155,AMZN,1m
2026-05-06 16:20:00+00:00,275.739990234375,275.8599853515625,275.5105895996094,275.56500244140625,56266,AMZN,1m
2026-05-06 16:21:00+00:00,275.5799865722656,275.7749938964844,275.5675964355469,275.6600036621094,46642,AMZN,1m
2026-05-06 16:22:00+00:00,275.635009765625,275.760009765625,275.5450134277344,275.6400146484375,56916,AMZN,1m
2026-05-06 16:23:00+00:00,275.6099853515625,275.67999267578125,275.4649963378906,275.5450134277344,50713,AMZN,1m
2026-05-06 16:24:00+00:00,275.54998779296875,275.57000732421875,275.3099975585937,275.4200134277344,95964,AMZN,1m
2026-05-06 16:25:00+00:00,275.4200134277344,275.5199890136719,275.32000732421875,275.4800109863281,59787,AMZN,1m
2026-05-06 16:26:00+00:00,275.4649963378906,275.6499938964844,275.45001220703125,275.5950012207031,49167,AMZN,1m
2026-05-06 16:27:00+00:00,275.5801086425781,275.7298889160156,275.5299987792969,275.6700134277344,39657,AMZN,1m
2026-05-06 16:28:00+00:00,275.6600036621094,275.739990234375,275.6400146484375,275.7200012207031,36758,AMZN,1m
2026-05-06 16:29:00+00:00,275.739990234375,275.7900085449219,275.5899963378906,275.5899963378906,67755,AMZN,1m
2026-05-06 16:30:00+00:00,275.614990234375,275.75,275.5299987792969,275.7200012207031,68830,AMZN,1m
2026-05-06 16:31:00+00:00,275.7250061035156,276.0199890136719,275.7200012207031,275.997314453125,141795,AMZN,1m
2026-05-06 16:32:00+00:00,275.989990234375,275.9999084472656,275.7699890136719,275.83380126953125,42656,AMZN,1m
2026-05-06 16:33:00+00:00,275.8399963378906,275.9700012207031,275.739990234375,275.75048828125,34036,AMZN,1m
2026-05-06 16:34:00+00:00,275.7716064453125,275.8699951171875,275.6600036621094,275.6700134277344,36044,AMZN,1m
2026-05-06 16:35:00+00:00,275.6600952148437,275.6600952148437,275.5400085449219,275.57000732421875,75843,AMZN,1m
2026-05-06 16:36:00+00:00,275.54998779296875,275.68798828125,275.5400085449219,275.6799011230469,39312,AMZN,1m
2026-05-06 16:37:00+00:00,275.6499938964844,275.75,275.57000732421875,275.67498779296875,44098,AMZN,1m
2026-05-06 16:38:00+00:00,275.70001220703125,275.739990234375,275.6300048828125,275.7250061035156,42367,AMZN,1m
2026-05-06 16:39:00+00:00,275.7200012207031,275.8999938964844,275.7200012207031,275.8999938964844,56070,AMZN,1m
2026-05-06 16:40:00+00:00,275.885009765625,276.0498962402344,275.8599853515625,275.9599914550781,53203,AMZN,1m
2026-05-06 16:41:00+00:00,275.9599914550781,275.9800109863281,275.8800048828125,275.96148681640625,39553,AMZN,1m
2026-05-06 16:42:00+00:00,275.9800109863281,276.0,275.760009765625,275.82000732421875,51375,AMZN,1m
2026-05-06 16:43:00+00:00,275.82501220703125,275.92999267578125,275.760009765625,275.7950134277344,31033,AMZN,1m
2026-05-06 16:44:00+00:00,275.7300109863281,275.7499084472656,275.6099853515625,275.6099853515625,34606,AMZN,1m
2026-05-06 16:45:00+00:00,275.585693359375,275.6400146484375,275.54998779296875,275.5504150390625,33611,AMZN,1m
2026-05-06 16:46:00+00:00,275.57550048828125,275.7387084960937,275.5599975585937,275.6000061035156,41419,AMZN,1m
2026-05-06 16:47:00+00:00,275.5950012207031,275.6199951171875,275.55499267578125,275.6199951171875,45327,AMZN,1m
2026-05-06 16:48:00+00:00,275.6199951171875,275.7099914550781,275.5799865722656,275.6669921875,41414,AMZN,1m
2026-05-06 16:49:00+00:00,275.69500732421875,275.7699890136719,275.6499938964844,275.7149963378906,58588,AMZN,1m
2026-05-06 16:50:00+00:00,275.7395935058594,275.8994140625,275.69500732421875,275.8500061035156,82745,AMZN,1m
2026-05-06 16:51:00+00:00,275.8599853515625,275.8599853515625,275.510009765625,275.5299987792969,72128,AMZN,1m
2026-05-06 16:52:00+00:00,275.5400085449219,275.57000732421875,275.3599853515625,275.489990234375,80574,AMZN,1m
2026-05-06 16:53:00+00:00,275.489990234375,275.5450134277344,275.3399963378906,275.510009765625,60424,AMZN,1m
2026-05-06 16:54:00+00:00,275.4901123046875,275.5400085449219,275.3900146484375,275.3999938964844,34663,AMZN,1m
2026-05-06 16:55:00+00:00,275.3599853515625,275.46051025390625,275.2699890136719,275.46051025390625,65190,AMZN,1m
2026-05-06 16:56:00+00:00,275.5,275.7099914550781,275.4601135253906,275.69500732421875,64219,AMZN,1m
2026-05-06 16:57:00+00:00,275.69000244140625,275.7300109863281,275.3999938964844,275.42999267578125,91701,AMZN,1m
2026-05-06 16:58:00+00:00,275.3699951171875,275.42999267578125,275.19500732421875,275.4200134277344,34925,AMZN,1m
2026-05-06 16:59:00+00:00,275.3999938964844,275.510009765625,275.3099975585937,275.489990234375,48601,AMZN,1m
2026-05-06 17:00:00+00:00,275.4700012207031,275.5523986816406,275.3699951171875,275.42999267578125,57023,AMZN,1m
2026-05-06 17:01:00+00:00,275.4549865722656,275.6000061035156,275.4549865722656,275.5950927734375,40341,AMZN,1m
2026-05-06 17:02:00+00:00,275.5899963378906,276.0,275.5899963378906,275.9599914550781,62194,AMZN,1m
2026-05-06 17:03:00+00:00,275.9750061035156,276.0,275.840087890625,275.864990234375,56441,AMZN,1m
2026-05-06 17:04:00+00:00,275.8599853515625,276.04998779296875,275.8599853515625,275.9999084472656,61297,AMZN,1m
2026-05-06 17:05:00+00:00,276.0,276.0199890136719,275.9100036621094,276.0199890136719,31931,AMZN,1m
2026-05-06 17:06:00+00:00,276.0,276.0,275.8500061035156,275.8500061035156,62618,AMZN,1m
2026-05-06 17:07:00+00:00,275.8299865722656,275.9200134277344,275.7701110839844,275.8599853515625,54851,AMZN,1m
2026-05-06 17:08:00+00:00,275.8599853515625,275.9200134277344,275.82000732421875,275.90509033203125,33955,AMZN,1m
2026-05-06 17:09:00+00:00,275.8800048828125,276.0793151855469,275.8800048828125,276.0599975585937,41404,AMZN,1m
2026-05-06 17:10:00+00:00,276.07000732421875,276.4100036621094,276.07000732421875,276.364990234375,74240,AMZN,1m
2026-05-06 17:11:00+00:00,276.364990234375,276.4200134277344,276.3299865722656,276.3699951171875,56443,AMZN,1m
2026-05-06 17:12:00+00:00,276.3699951171875,276.57000732421875,276.3500061035156,276.5400085449219,87299,AMZN,1m
2026-05-06 17:13:00+00:00,276.5498962402344,276.5799865722656,276.3900146484375,276.45001220703125,60435,AMZN,1m
2026-05-06 17:14:00+00:00,276.4800109863281,276.5199890136719,276.3099975585937,276.3099975585937,54004,AMZN,1m
2026-05-06 17:15:00+00:00,276.32000732421875,276.44000244140625,276.32000732421875,276.3599853515625,32943,AMZN,1m
2026-05-06 17:16:00+00:00,276.3800048828125,276.4150085449219,276.2200012207031,276.2250061035156,33985,AMZN,1m
2026-05-06 17:17:00+00:00,276.2124938964844,276.3900146484375,276.20001220703125,276.2049865722656,44636,AMZN,1m
2026-05-06 17:18:00+00:00,276.2049865722656,276.29998779296875,276.1933898925781,276.2850036621094,31424,AMZN,1m
2026-05-06 17:19:00+00:00,276.2850036621094,276.4200134277344,276.25,276.3699951171875,37104,AMZN,1m
2026-05-06 17:20:00+00:00,276.3599853515625,276.3800048828125,276.239990234375,276.32000732421875,119145,AMZN,1m
2026-05-06 17:21:00+00:00,276.31500244140625,276.44500732421875,276.2900085449219,276.3349914550781,52187,AMZN,1m
2026-05-06 17:22:00+00:00,276.3099975585937,276.3399963378906,276.25,276.3399963378906,38701,AMZN,1m
2026-05-06 17:23:00+00:00,276.3399963378906,276.3399963378906,276.1400146484375,276.1400146484375,38626,AMZN,1m
2026-05-06 17:24:00+00:00,276.1300048828125,276.2099914550781,276.0799865722656,276.19000244140625,50702,AMZN,1m
2026-05-06 17:25:00+00:00,276.20001220703125,276.31500244140625,276.1300048828125,276.260009765625,46625,AMZN,1m
2026-05-06 17:26:00+00:00,276.2650146484375,276.3999938964844,276.2650146484375,276.3699951171875,38380,AMZN,1m
2026-05-06 17:27:00+00:00,276.36749267578125,276.4200134277344,276.3299865722656,276.4100036621094,29552,AMZN,1m
2026-05-06 17:28:00+00:00,276.42498779296875,276.42498779296875,276.32000732421875,276.375,40585,AMZN,1m
2026-05-06 17:29:00+00:00,276.3399963378906,276.4700012207031,276.29010009765625,276.4200134277344,73379,AMZN,1m
2026-05-06 17:30:00+00:00,276.4100036621094,276.4100036621094,276.29998779296875,276.32000732421875,40181,AMZN,1m
2026-05-06 17:31:00+00:00,276.3299865722656,276.44000244140625,276.2900085449219,276.3099975585937,39612,AMZN,1m
2026-05-06 17:32:00+00:00,276.32000732421875,276.4200134277344,276.2650146484375,276.30499267578125,45137,AMZN,1m
2026-05-06 17:33:00+00:00,276.30499267578125,276.5,276.30499267578125,276.45001220703125,70542,AMZN,1m
2026-05-06 17:34:00+00:00,276.4599914550781,276.4700012207031,276.2200012207031,276.2799987792969,37278,AMZN,1m
2026-05-06 17:35:00+00:00,276.2749938964844,276.3900146484375,276.25,276.3599853515625,36872,AMZN,1m
2026-05-06 17:36:00+00:00,276.3500061035156,276.4599914550781,276.3399963378906,276.3399963378906,43233,AMZN,1m
2026-05-06 17:37:00+00:00,276.3399963378906,276.5799865722656,276.3299865722656,276.5325927734375,50284,AMZN,1m
2026-05-06 17:38:00+00:00,276.55499267578125,276.6600036621094,276.42999267578125,276.4800109863281,54139,AMZN,1m
2026-05-06 17:39:00+00:00,276.489990234375,276.6099853515625,276.4700012207031,276.5,50916,AMZN,1m
2026-05-06 17:40:00+00:00,276.510009765625,276.54400634765625,276.44000244140625,276.47119140625,49629,AMZN,1m
2026-05-06 17:41:00+00:00,276.489990234375,276.614990234375,276.4884033203125,276.614990234375,69516,AMZN,1m
2026-05-06 17:42:00+00:00,276.614990234375,276.65948486328125,276.5425109863281,276.5599975585937,75181,AMZN,1m
2026-05-06 17:43:00+00:00,276.5599975585937,276.614990234375,276.4599914550781,276.5950012207031,87178,AMZN,1m
2026-05-06 17:44:00+00:00,276.6099853515625,276.70001220703125,276.5899963378906,276.625,59373,AMZN,1m
2026-05-06 17:45:00+00:00,276.6297912597656,276.69989013671875,276.5575866699219,276.6600036621094,48889,AMZN,1m
2026-05-06 17:46:00+00:00,276.6600036621094,276.7200012207031,276.568115234375,276.67999267578125,44875,AMZN,1m
2026-05-06 17:47:00+00:00,276.6700134277344,276.9200134277344,276.6600036621094,276.9100036621094,111956,AMZN,1m
2026-05-06 17:48:00+00:00,276.9100036621094,277.0,276.885009765625,276.9599914550781,275252,AMZN,1m
2026-05-06 17:49:00+00:00,276.9599914550781,277.0,276.9200134277344,276.9800109863281,45960,AMZN,1m
2026-05-06 17:50:00+00:00,276.9700927734375,276.9849853515625,276.7699890136719,276.8299865722656,77181,AMZN,1m
2026-05-06 17:51:00+00:00,276.8399963378906,276.8599853515625,276.7699890136719,276.82501220703125,41341,AMZN,1m
2026-05-06 17:52:00+00:00,276.8349914550781,276.92999267578125,276.7900085449219,276.82000732421875,66451,AMZN,1m
2026-05-06 17:53:00+00:00,276.82000732421875,276.82000732421875,276.7200927734375,276.7699890136719,56647,AMZN,1m
2026-05-06 17:54:00+00:00,276.7799987792969,276.7950134277344,276.6499938964844,276.70001220703125,52826,AMZN,1m
2026-05-06 17:55:00+00:00,276.70001220703125,276.7799987792969,276.70001220703125,276.71661376953125,38586,AMZN,1m
2026-05-06 17:56:00+00:00,276.7200012207031,276.8399963378906,276.7200012207031,276.82501220703125,43274,AMZN,1m
2026-05-06 17:57:00+00:00,276.8399963378906,276.989990234375,276.8399963378906,276.94989013671875,37175,AMZN,1m
2026-05-06 17:58:00+00:00,276.9349975585937,276.989990234375,276.860107421875,276.989990234375,45712,AMZN,1m
2026-05-06 17:59:00+00:00,276.989990234375,277.09991455078125,276.9599914550781,277.0299987792969,102515,AMZN,1m
2026-05-06 18:00:00+00:00,277.0249938964844,277.0849914550781,276.9700012207031,277.0802917480469,62273,AMZN,1m
2026-05-06 18:01:00+00:00,277.0950012207031,277.3699951171875,277.0862121582031,277.2099914550781,121072,AMZN,1m
2026-05-06 18:02:00+00:00,277.20001220703125,277.29998779296875,277.0799865722656,277.125,125518,AMZN,1m
2026-05-06 18:03:00+00:00,277.0599975585937,277.1650085449219,276.92559814453125,276.9775085449219,174182,AMZN,1m
2026-05-06 18:04:00+00:00,276.989990234375,277.1000061035156,276.989990234375,277.0599975585937,54965,AMZN,1m
2026-05-06 18:05:00+00:00,277.07000732421875,277.1199951171875,277.0199890136719,277.08599853515625,59262,AMZN,1m
2026-05-06 18:06:00+00:00,277.0799865722656,277.17999267578125,277.0400085449219,277.1449890136719,52131,AMZN,1m
2026-05-06 18:07:00+00:00,277.135009765625,277.1600036621094,277.0400085449219,277.0400085449219,57188,AMZN,1m
2026-05-06 18:08:00+00:00,277.04998779296875,277.2300109863281,277.04998779296875,277.2300109863281,48027,AMZN,1m
2026-05-06 18:09:00+00:00,277.2300109863281,277.4150085449219,277.17498779296875,277.4049987792969,87783,AMZN,1m
2026-05-06 18:10:00+00:00,277.3999938964844,277.3999938964844,277.25,277.3800048828125,86339,AMZN,1m
2026-05-06 18:11:00+00:00,277.3599853515625,277.4198913574219,277.29010009765625,277.29010009765625,74287,AMZN,1m
2026-05-06 18:12:00+00:00,277.3099975585937,277.3999938964844,277.2099914550781,277.2200012207031,51465,AMZN,1m
2026-05-06 18:13:00+00:00,277.2099914550781,277.3782043457031,277.0799865722656,277.3500061035156,96790,AMZN,1m
2026-05-06 18:14:00+00:00,277.3299865722656,277.6050109863281,277.3099975585937,277.4599914550781,135977,AMZN,1m
2026-05-06 18:15:00+00:00,277.4100036621094,277.56988525390625,277.4100036621094,277.54998779296875,56693,AMZN,1m
2026-05-06 18:16:00+00:00,277.5599975585937,277.7598876953125,277.5398864746094,277.7598876953125,73545,AMZN,1m
2026-05-06 18:17:00+00:00,277.760009765625,277.7900085449219,277.6300048828125,277.7349853515625,69638,AMZN,1m
2026-05-06 18:18:00+00:00,277.7149963378906,277.7900085449219,277.7099914550781,277.7099914550781,41893,AMZN,1m
2026-05-06 18:19:00+00:00,277.7099914550781,277.7101135253906,277.4800109863281,277.4801025390625,70886,AMZN,1m
2026-05-06 18:20:00+00:00,277.4898986816406,277.5,277.29010009765625,277.3099975585937,63191,AMZN,1m
2026-05-06 18:21:00+00:00,277.2701110839844,277.3299865722656,277.2200012207031,277.2799987792969,41190,AMZN,1m
2026-05-06 18:22:00+00:00,277.2799987792969,277.30499267578125,276.9599914550781,276.9599914550781,69423,AMZN,1m
2026-05-06 18:23:00+00:00,276.9599914550781,276.9700012207031,276.75,276.7699890136719,58642,AMZN,1m
2026-05-06 18:24:00+00:00,276.75,276.8099975585937,276.54998779296875,276.5849914550781,84921,AMZN,1m
2026-05-06 18:25:00+00:00,276.54998779296875,276.6000061035156,276.4700012207031,276.57989501953125,66645,AMZN,1m
2026-05-06 18:26:00+00:00,276.5799865722656,276.6099853515625,276.45001220703125,276.489990234375,85101,AMZN,1m
2026-05-06 18:27:00+00:00,276.4849853515625,276.57000732421875,276.4100036621094,276.4349975585937,50814,AMZN,1m
2026-05-06 18:28:00+00:00,276.4100036621094,276.4700927734375,276.3299865722656,276.4700012207031,43091,AMZN,1m
2026-05-06 18:29:00+00:00,276.48980712890625,276.489990234375,276.2650146484375,276.29998779296875,53671,AMZN,1m
2026-05-06 18:30:00+00:00,276.2799987792969,276.8500061035156,276.239990234375,276.80499267578125,83141,AMZN,1m
2026-05-06 18:31:00+00:00,276.8099975585937,276.8699951171875,276.7900085449219,276.8450012207031,204848,AMZN,1m
2026-05-06 18:32:00+00:00,276.840087890625,276.88360595703125,276.7900085449219,276.8598937988281,52374,AMZN,1m
2026-05-06 18:33:00+00:00,276.8500061035156,276.9150085449219,276.70001220703125,276.75,100581,AMZN,1m
2026-05-06 18:34:00+00:00,276.75,276.75,276.5450134277344,276.639892578125,115135,AMZN,1m
2026-05-06 18:35:00+00:00,276.635009765625,276.8599853515625,276.6199951171875,276.7699890136719,53353,AMZN,1m
2026-05-06 18:36:00+00:00,276.7850036621094,276.7900085449219,276.67999267578125,276.7300109863281,61287,AMZN,1m
2026-05-06 18:37:00+00:00,276.69000244140625,276.8800048828125,276.69000244140625,276.8349914550781,45782,AMZN,1m
2026-05-06 18:38:00+00:00,276.8099975585937,276.8500061035156,276.5799865722656,276.5899963378906,41881,AMZN,1m
2026-05-06 18:39:00+00:00,276.5799865722656,276.7699890136719,276.3699951171875,276.760009765625,96697,AMZN,1m
2026-05-06 18:40:00+00:00,276.760009765625,276.8999938964844,276.6300048828125,276.6499938964844,93809,AMZN,1m
2026-05-06 18:41:00+00:00,276.6499938964844,276.69000244140625,276.57000732421875,276.6000061035156,56544,AMZN,1m
2026-05-06 18:42:00+00:00,276.6050109863281,276.6300048828125,276.3900146484375,276.44000244140625,88849,AMZN,1m
2026-05-06 18:43:00+00:00,276.42999267578125,276.4533996582031,276.3550109863281,276.4200134277344,26460,AMZN,1m
2026-05-06 18:44:00+00:00,276.4200134277344,276.489990234375,276.25,276.25,41956,AMZN,1m
2026-05-06 18:45:00+00:00,276.239990234375,276.3500061035156,276.1199951171875,276.1199951171875,63182,AMZN,1m
2026-05-06 18:46:00+00:00,276.114990234375,276.3500061035156,276.110107421875,276.17999267578125,73139,AMZN,1m
2026-05-06 18:47:00+00:00,276.1600036621094,276.29998779296875,276.1600036621094,276.2850036621094,37891,AMZN,1m
2026-05-06 18:48:00+00:00,276.2799987792969,276.2950134277344,276.17498779296875,276.2018127441406,40407,AMZN,1m
2026-05-06 18:49:00+00:00,276.2099914550781,276.25,276.1700134277344,276.2298889160156,36047,AMZN,1m
2026-05-06 18:50:00+00:00,276.20001220703125,276.2850036621094,276.1600036621094,276.19500732421875,34576,AMZN,1m
2026-05-06 18:51:00+00:00,276.2055053710937,276.55499267578125,276.1600036621094,276.54998779296875,97216,AMZN,1m
2026-05-06 18:52:00+00:00,276.5299987792969,276.635009765625,276.5299987792969,276.625,86253,AMZN,1m
2026-05-06 18:53:00+00:00,276.6300048828125,276.82989501953125,276.4901123046875,276.510009765625,104229,AMZN,1m
2026-05-06 18:54:00+00:00,276.5299987792969,276.57000732421875,276.4649963378906,276.5299987792969,55380,AMZN,1m
2026-05-06 18:55:00+00:00,276.5400085449219,276.57000732421875,276.3800964355469,276.4549865722656,46351,AMZN,1m
2026-05-06 18:56:00+00:00,276.4619140625,276.6300048828125,276.42999267578125,276.6099853515625,40153,AMZN,1m
2026-05-06 18:57:00+00:00,276.5950012207031,276.7200012207031,276.5101013183594,276.67498779296875,35130,AMZN,1m
2026-05-06 18:58:00+00:00,276.67498779296875,276.7799987792969,276.5849914550781,276.7449951171875,79291,AMZN,1m
2026-05-06 18:59:00+00:00,276.7449951171875,276.7550048828125,276.5950012207031,276.6199951171875,64750,AMZN,1m
2026-05-06 19:00:00+00:00,276.63250732421875,276.8099975585937,276.63250732421875,276.80499267578125,44829,AMZN,1m
2026-05-06 19:01:00+00:00,276.80499267578125,276.8121032714844,276.7200927734375,276.760009765625,47536,AMZN,1m
2026-05-06 19:02:00+00:00,276.7650146484375,276.8949890136719,276.7650146484375,276.8900146484375,47795,AMZN,1m
2026-05-06 19:03:00+00:00,276.864990234375,276.9049987792969,276.6600036621094,276.7099914550781,48289,AMZN,1m
2026-05-06 19:04:00+00:00,276.7130126953125,276.760009765625,276.6199951171875,276.659912109375,43481,AMZN,1m
2026-05-06 19:05:00+00:00,276.6449890136719,276.7900085449219,276.6099853515625,276.7799987792969,35081,AMZN,1m
2026-05-06 19:06:00+00:00,276.7749938964844,277.0799865722656,276.7749938964844,277.0599975585937,84704,AMZN,1m
2026-05-06 19:07:00+00:00,277.0184936523437,277.0539855957031,276.8900146484375,276.9800109863281,44826,AMZN,1m
2026-05-06 19:08:00+00:00,277.0,277.010009765625,276.8800048828125,276.9700012207031,44540,AMZN,1m
2026-05-06 19:09:00+00:00,276.95001220703125,276.9549865722656,276.875,276.8999938964844,37052,AMZN,1m
2026-05-06 19:10:00+00:00,276.8999938964844,277.010009765625,276.8999938964844,276.9100036621094,40834,AMZN,1m
2026-05-06 19:11:00+00:00,276.9200134277344,276.95001220703125,276.7799987792969,276.7799987792969,61746,AMZN,1m
2026-05-06 19:12:00+00:00,276.760009765625,276.7699890136719,276.6499938964844,276.75,51046,AMZN,1m
2026-05-06 19:13:00+00:00,276.75,276.82000732421875,276.5799865722656,276.5799865722656,58851,AMZN,1m
2026-05-06 19:14:00+00:00,276.5899963378906,276.6899108886719,276.5,276.5299987792969,63520,AMZN,1m
2026-05-06 19:15:00+00:00,276.54998779296875,276.5599975585937,276.3500061035156,276.5050048828125,63597,AMZN,1m
2026-05-06 19:16:00+00:00,276.510009765625,276.75,276.510009765625,276.7149963378906,91826,AMZN,1m
2026-05-06 19:17:00+00:00,276.7200012207031,276.95001220703125,276.7200012207031,276.8550109863281,73746,AMZN,1m
2026-05-06 19:18:00+00:00,276.8550109863281,277.0199890136719,276.82501220703125,277.0,104687,AMZN,1m
2026-05-06 19:19:00+00:00,277.0150146484375,277.0249938964844,276.7950134277344,276.81500244140625,157543,AMZN,1m
2026-05-06 19:20:00+00:00,276.8099975585937,276.9049987792969,276.7300109863281,276.8349914550781,62794,AMZN,1m
2026-05-06 19:21:00+00:00,276.8351135253906,276.94000244140625,276.7950134277344,276.8099975585937,97320,AMZN,1m
2026-05-06 19:22:00+00:00,276.8099975585937,276.8599853515625,276.159912109375,276.260009765625,684313,AMZN,1m
2026-05-06 19:23:00+00:00,276.25799560546875,276.3949890136719,276.20489501953125,276.32000732421875,58643,AMZN,1m
2026-05-06 19:24:00+00:00,276.30010986328125,276.3299865722656,276.1600036621094,276.19000244140625,90498,AMZN,1m
2026-05-06 19:25:00+00:00,276.1903076171875,276.3800048828125,276.1199951171875,276.2099914550781,58065,AMZN,1m
2026-05-06 19:26:00+00:00,276.2099914550781,276.260009765625,276.0604858398437,276.2149963378906,52114,AMZN,1m
2026-05-06 19:27:00+00:00,276.2149963378906,276.3349914550781,276.2149963378906,276.3349914550781,48844,AMZN,1m
2026-05-06 19:28:00+00:00,276.3351135253906,276.42999267578125,276.239990234375,276.30499267578125,95267,AMZN,1m
2026-05-06 19:29:00+00:00,276.29998779296875,276.4136047363281,276.2349853515625,276.2349853515625,66852,AMZN,1m
2026-05-06 19:30:00+00:00,276.2349853515625,276.5,276.2149963378906,276.5,62086,AMZN,1m
2026-05-06 19:31:00+00:00,276.5249938964844,276.57000732421875,276.44000244140625,276.5400085449219,49483,AMZN,1m
2026-05-06 19:32:00+00:00,276.5491027832031,276.67498779296875,276.4798889160156,276.4849853515625,66376,AMZN,1m
2026-05-06 19:33:00+00:00,276.4800109863281,276.4800109863281,276.239990234375,276.3699951171875,71969,AMZN,1m
2026-05-06 19:34:00+00:00,276.3699951171875,276.4450988769531,276.3399963378906,276.3999938964844,48666,AMZN,1m
2026-05-06 19:35:00+00:00,276.3999938964844,276.4599914550781,276.3399963378906,276.4150085449219,62499,AMZN,1m
2026-05-06 19:36:00+00:00,276.3999938964844,276.4714050292969,276.3999938964844,276.4649963378906,49962,AMZN,1m
2026-05-06 19:37:00+00:00,276.4700012207031,276.6199035644531,276.4599914550781,276.5899963378906,63726,AMZN,1m
2026-05-06 19:38:00+00:00,276.5950012207031,276.61981201171875,276.5199890136719,276.54998779296875,71744,AMZN,1m
2026-05-06 19:39:00+00:00,276.5450134277344,276.69000244140625,276.5400085449219,276.6690979003906,59863,AMZN,1m
2026-05-06 19:40:00+00:00,276.6700134277344,276.7300109863281,276.42999267578125,276.44000244140625,85265,AMZN,1m
2026-05-06 19:41:00+00:00,276.4599914550781,276.5899963378906,276.42999267578125,276.4549865722656,60467,AMZN,1m
2026-05-06 19:42:00+00:00,276.4549865722656,276.5,276.3699951171875,276.3699951171875,106216,AMZN,1m
2026-05-06 19:43:00+00:00,276.3800048828125,276.5398864746094,276.37060546875,276.5249938964844,67646,AMZN,1m
2026-05-06 19:44:00+00:00,276.5249938964844,276.5249938964844,276.1000061035156,276.1000061035156,107082,AMZN,1m
2026-05-06 19:45:00+00:00,276.0950012207031,276.1000061035156,275.9700012207031,276.0299987792969,223368,AMZN,1m
2026-05-06 19:46:00+00:00,276.0274963378906,276.1854858398437,276.0199890136719,276.07000732421875,74994,AMZN,1m
2026-05-06 19:47:00+00:00,276.06500244140625,276.2200012207031,276.06500244140625,276.2149963378906,66683,AMZN,1m
2026-05-06 19:48:00+00:00,276.2149963378906,276.2200012207031,275.8720092773437,275.8720092773437,87417,AMZN,1m
2026-05-06 19:49:00+00:00,275.8900146484375,276.0150146484375,275.8900146484375,276.0,60013,AMZN,1m
2026-05-06 19:50:00+00:00,276.0,276.3799133300781,276.0,276.2200012207031,280781,AMZN,1m
2026-05-06 19:51:00+00:00,276.2200012207031,276.32000732421875,276.19000244140625,276.2699890136719,176589,AMZN,1m
2026-05-06 19:52:00+00:00,276.2699890136719,276.29998779296875,275.8999938964844,275.9750061035156,171889,AMZN,1m
2026-05-06 19:53:00+00:00,275.9800109863281,276.07000732421875,275.8999938964844,276.04998779296875,171715,AMZN,1m
2026-05-06 19:54:00+00:00,276.04998779296875,276.1000061035156,275.7699890136719,275.7749938964844,186317,AMZN,1m
2026-05-06 19:55:00+00:00,275.7799987792969,275.7850036621094,275.2300109863281,275.4700012207031,304361,AMZN,1m
2026-05-06 19:56:00+00:00,275.4599914550781,275.5899963378906,275.42999267578125,275.4599914550781,248897,AMZN,1m
2026-05-06 19:57:00+00:00,275.42999267578125,275.42999267578125,275.1400146484375,275.1499938964844,292904,AMZN,1m
2026-05-06 19:58:00+00:00,275.1300048828125,275.1499938964844,275.0,275.0050048828125,400981,AMZN,1m
2026-05-06 19:59:00+00:00,275.010009765625,275.1400146484375,274.9100036621094,274.9100036621094,971610,AMZN,1m
2026-05-07 13:30:00+00:00,275.0,276.6300048828125,274.2099914550781,274.5104064941406,1541083,AMZN,1m
2026-05-07 13:31:00+00:00,274.4601135253906,274.5400085449219,273.57000732421875,274.3070068359375,166563,AMZN,1m
2026-05-07 13:32:00+00:00,274.3327941894531,274.3327941894531,273.54998779296875,273.8500061035156,169639,AMZN,1m
2026-05-07 13:33:00+00:00,273.8599853515625,273.92999267578125,273.45001220703125,273.5599975585937,178989,AMZN,1m
2026-05-07 13:34:00+00:00,273.55499267578125,274.1400146484375,273.5,273.8800048828125,147359,AMZN,1m
2026-05-07 13:35:00+00:00,273.9100036621094,274.0223999023437,273.5899963378906,273.6300048828125,135466,AMZN,1m
2026-05-07 13:36:00+00:00,273.7049865722656,274.1499938964844,273.3999938964844,274.1499938964844,196612,AMZN,1m
2026-05-07 13:37:00+00:00,274.1499938964844,274.9800109863281,273.92999267578125,274.57000732421875,220810,AMZN,1m
2026-05-07 13:38:00+00:00,274.6000061035156,274.8699951171875,274.3450012207031,274.6300964355469,130978,AMZN,1m
2026-05-07 13:39:00+00:00,274.6700134277344,274.67999267578125,274.17999267578125,274.4979858398437,97953,AMZN,1m
2026-05-07 13:40:00+00:00,274.5,274.7200012207031,274.3450012207031,274.5299987792969,101588,AMZN,1m
2026-05-07 13:41:00+00:00,274.5400085449219,274.79998779296875,274.4714050292969,274.7099914550781,128440,AMZN,1m
2026-05-07 13:42:00+00:00,274.69000244140625,275.20001220703125,274.6400146484375,274.989990234375,150948,AMZN,1m
2026-05-07 13:43:00+00:00,275.0,275.1400146484375,274.9100036621094,275.0849914550781,69814,AMZN,1m
2026-05-07 13:44:00+00:00,275.1199951171875,275.2049865722656,274.6199951171875,274.75,118985,AMZN,1m
2026-05-07 13:45:00+00:00,274.69000244140625,274.75,274.35009765625,274.4599914550781,113875,AMZN,1m
2026-05-07 13:46:00+00:00,274.4200134277344,274.4800109863281,274.010009765625,274.1400146484375,108311,AMZN,1m
2026-05-07 13:47:00+00:00,274.1247863769531,274.1505126953125,273.739990234375,273.82000732421875,106757,AMZN,1m
2026-05-07 13:48:00+00:00,273.7900085449219,273.8399963378906,273.5409851074219,273.70001220703125,106374,AMZN,1m
2026-05-07 13:49:00+00:00,273.6199951171875,273.8500061035156,273.29998779296875,273.3800048828125,190897,AMZN,1m
2026-05-07 13:50:00+00:00,273.3599853515625,273.635009765625,273.2900085449219,273.54998779296875,107107,AMZN,1m
2026-05-07 13:51:00+00:00,273.54998779296875,273.7900085449219,273.4800109863281,273.6199951171875,114461,AMZN,1m
2026-05-07 13:52:00+00:00,273.6199951171875,273.8999938964844,273.3500061035156,273.8800048828125,108223,AMZN,1m
2026-05-07 13:53:00+00:00,273.875,273.96990966796875,273.75,273.760009765625,90289,AMZN,1m
2026-05-07 13:54:00+00:00,273.75079345703125,273.9200134277344,273.1200866699219,273.1600036621094,139352,AMZN,1m
2026-05-07 13:55:00+00:00,273.1700134277344,273.4245910644531,273.1300048828125,273.28009033203125,199078,AMZN,1m
2026-05-07 13:56:00+00:00,273.2701110839844,273.6499938964844,273.239990234375,273.54998779296875,116589,AMZN,1m
2026-05-07 13:57:00+00:00,273.5993957519531,273.739990234375,273.3399963378906,273.4599914550781,104499,AMZN,1m
2026-05-07 13:58:00+00:00,273.4200134277344,273.57501220703125,273.3949890136719,273.5299987792969,90710,AMZN,1m
2026-05-07 13:59:00+00:00,273.5,274.04998779296875,273.4599914550781,273.7149963378906,138519,AMZN,1m
2026-05-07 14:00:00+00:00,273.739990234375,273.989990234375,273.5199890136719,273.82000732421875,143659,AMZN,1m
2026-05-07 14:01:00+00:00,273.8099975585937,273.9700012207031,273.7117919921875,273.7117919921875,83776,AMZN,1m
2026-05-07 14:02:00+00:00,273.70001220703125,273.760009765625,273.4700012207031,273.760009765625,114866,AMZN,1m
2026-05-07 14:03:00+00:00,273.7650146484375,273.85430908203125,273.510009765625,273.7200012207031,83315,AMZN,1m
2026-05-07 14:04:00+00:00,273.7869873046875,273.8999938964844,273.489990234375,273.7300109863281,82891,AMZN,1m
2026-05-07 14:05:00+00:00,273.7300109863281,273.7998962402344,273.5599975585937,273.60211181640625,80978,AMZN,1m
2026-05-07 14:06:00+00:00,273.6700134277344,273.9288024902344,273.6046142578125,273.8349914550781,89036,AMZN,1m
2026-05-07 14:07:00+00:00,273.8099975585937,273.9100036621094,273.7900085449219,273.9100036621094,51309,AMZN,1m
2026-05-07 14:08:00+00:00,273.9150085449219,273.92999267578125,273.5,273.6199951171875,143860,AMZN,1m
2026-05-07 14:09:00+00:00,273.6099853515625,273.70001220703125,273.3900146484375,273.70001220703125,81288,AMZN,1m
2026-05-07 14:10:00+00:00,273.6650085449219,273.989990234375,273.6545104980469,273.7650146484375,134555,AMZN,1m
2026-05-07 14:11:00+00:00,273.739990234375,273.7869873046875,273.3800048828125,273.4411926269531,83363,AMZN,1m
2026-05-07 14:12:00+00:00,273.44000244140625,273.54998779296875,273.364990234375,273.364990234375,84665,AMZN,1m
2026-05-07 14:13:00+00:00,273.37139892578125,273.5799865722656,273.32501220703125,273.4891967773437,86957,AMZN,1m
2026-05-07 14:14:00+00:00,273.5,273.54998779296875,273.3699951171875,273.4849853515625,92710,AMZN,1m
2026-05-07 14:15:00+00:00,273.4750061035156,273.510009765625,272.8999938964844,272.9599914550781,222206,AMZN,1m
2026-05-07 14:16:00+00:00,272.9599914550781,273.20001220703125,272.7900085449219,272.885009765625,149976,AMZN,1m
2026-05-07 14:17:00+00:00,272.885009765625,273.5599975585937,272.8299865722656,273.3800048828125,188295,AMZN,1m
2026-05-07 14:18:00+00:00,273.3800048828125,273.5299987792969,273.3280029296875,273.42498779296875,93489,AMZN,1m
2026-05-07 14:19:00+00:00,273.42498779296875,273.4700012207031,273.239990234375,273.3800048828125,115067,AMZN,1m
2026-05-07 14:20:00+00:00,273.364990234375,273.44000244140625,273.1300048828125,273.20001220703125,96732,AMZN,1m
2026-05-07 14:21:00+00:00,273.2300109863281,273.32000732421875,273.0899963378906,273.29998779296875,71930,AMZN,1m
2026-05-07 14:22:00+00:00,273.29998779296875,273.5098876953125,273.2699890136719,273.29998779296875,116374,AMZN,1m
2026-05-07 14:23:00+00:00,273.2900085449219,273.760009765625,273.2001037597656,273.7149963378906,83825,AMZN,1m
2026-05-07 14:24:00+00:00,273.7349853515625,273.79998779296875,273.4849853515625,273.5150146484375,87003,AMZN,1m
2026-05-07 14:25:00+00:00,273.5400085449219,273.739990234375,273.5199890136719,273.739990234375,89973,AMZN,1m
2026-05-07 14:26:00+00:00,273.7349853515625,273.7349853515625,273.5199890136719,273.5199890136719,56109,AMZN,1m
2026-05-07 14:27:00+00:00,273.5450134277344,273.59130859375,273.364990234375,273.4049987792969,82193,AMZN,1m
2026-05-07 14:28:00+00:00,273.4200134277344,273.6400146484375,273.3599853515625,273.5950012207031,56816,AMZN,1m
2026-05-07 14:29:00+00:00,273.5799865722656,273.6099853515625,273.3450012207031,273.3450012207031,83340,AMZN,1m
2026-05-07 14:30:00+00:00,273.3599853515625,273.3949890136719,272.8699951171875,272.9049987792969,115801,AMZN,1m
2026-05-07 14:31:00+00:00,272.9200134277344,273.25,272.9200134277344,273.0199890136719,63476,AMZN,1m
2026-05-07 14:32:00+00:00,273.0,273.1299133300781,272.864990234375,273.1299133300781,73599,AMZN,1m
2026-05-07 14:33:00+00:00,273.1050109863281,273.239990234375,273.1050109863281,273.1300048828125,39444,AMZN,1m
2026-05-07 14:34:00+00:00,273.1449890136719,273.25,273.04998779296875,273.1199951171875,59104,AMZN,1m
2026-05-07 14:35:00+00:00,273.135009765625,273.4200134277344,273.135009765625,273.2200012207031,67258,AMZN,1m
2026-05-07 14:36:00+00:00,273.25,273.489990234375,273.2149963378906,273.45001220703125,69336,AMZN,1m
2026-05-07 14:37:00+00:00,273.45001220703125,273.7099914550781,273.3999938964844,273.67999267578125,63554,AMZN,1m
2026-05-07 14:38:00+00:00,273.6499938964844,273.6698913574219,273.5,273.54998779296875,81050,AMZN,1m
2026-05-07 14:39:00+00:00,273.5400085449219,273.6700134277344,273.4700012207031,273.4960021972656,81099,AMZN,1m
2026-05-07 14:40:00+00:00,273.4800109863281,273.760009765625,273.3992919921875,273.7250061035156,93699,AMZN,1m
2026-05-07 14:41:00+00:00,273.739990234375,273.9399108886719,273.5899963378906,273.6300048828125,73859,AMZN,1m
2026-05-07 14:42:00+00:00,273.6300048828125,273.760009765625,273.6300048828125,273.760009765625,43550,AMZN,1m
2026-05-07 14:43:00+00:00,273.760009765625,273.7998962402344,273.6507873535156,273.6650085449219,49309,AMZN,1m
2026-05-07 14:44:00+00:00,273.67999267578125,273.79998779296875,273.6400146484375,273.7098999023437,47753,AMZN,1m
2026-05-07 14:45:00+00:00,273.67999267578125,273.9700012207031,273.67999267578125,273.8901062011719,55351,AMZN,1m
2026-05-07 14:46:00+00:00,273.91070556640625,273.9349975585937,273.6099853515625,273.6400146484375,85528,AMZN,1m
2026-05-07 14:47:00+00:00,273.6199951171875,273.6499938964844,273.45001220703125,273.4949951171875,115106,AMZN,1m
2026-05-07 14:48:00+00:00,273.5,273.5199890136719,273.260009765625,273.2900085449219,136152,AMZN,1m
2026-05-07 14:49:00+00:00,273.3900146484375,273.45001220703125,273.2500915527344,273.3103942871094,62689,AMZN,1m
2026-05-07 14:50:00+00:00,273.349609375,273.44000244140625,273.2001037597656,273.2449951171875,55072,AMZN,1m
2026-05-07 14:51:00+00:00,273.2449951171875,273.3800048828125,273.125,273.3599853515625,48811,AMZN,1m
2026-05-07 14:52:00+00:00,273.32000732421875,273.3999938964844,273.260009765625,273.29998779296875,67426,AMZN,1m
2026-05-07 14:53:00+00:00,273.2950134277344,273.4599914550781,273.19000244140625,273.42999267578125,40806,AMZN,1m
2026-05-07 14:54:00+00:00,273.44000244140625,273.6300048828125,273.2799987792969,273.2799987792969,74047,AMZN,1m
2026-05-07 14:55:00+00:00,273.3200988769531,273.6499938964844,273.3200988769531,273.510009765625,69237,AMZN,1m
2026-05-07 14:56:00+00:00,273.5299987792969,273.67999267578125,273.489990234375,273.6600036621094,64324,AMZN,1m
2026-05-07 14:57:00+00:00,273.6650085449219,273.6650085449219,273.4750061035156,273.5350036621094,34346,AMZN,1m
2026-05-07 14:58:00+00:00,273.5201110839844,273.6600036621094,273.3599853515625,273.6600036621094,54644,AMZN,1m
2026-05-07 14:59:00+00:00,273.6549987792969,273.6570129394531,273.3999938964844,273.42999267578125,52119,AMZN,1m
2026-05-07 15:00:00+00:00,273.3999938964844,273.5599975585937,273.3699951171875,273.5,50239,AMZN,1m
2026-05-07 15:01:00+00:00,273.489990234375,273.5,273.3099975585937,273.3949890136719,39484,AMZN,1m
2026-05-07 15:02:00+00:00,273.4049987792969,273.4700012207031,273.3500061035156,273.4700012207031,29372,AMZN,1m
2026-05-07 15:03:00+00:00,273.4700012207031,273.4700012207031,273.239990234375,273.3399963378906,177979,AMZN,1m
2026-05-07 15:04:00+00:00,273.3099975585937,273.3599853515625,273.2301025390625,273.25,35543,AMZN,1m
2026-05-07 15:05:00+00:00,273.25,273.25,272.6099853515625,272.6099853515625,146680,AMZN,1m
2026-05-07 15:06:00+00:00,272.6449890136719,272.7099914550781,272.3500061035156,272.44000244140625,164799,AMZN,1m
2026-05-07 15:07:00+00:00,272.3800048828125,272.5400085449219,272.3299865722656,272.4549865722656,64872,AMZN,1m
2026-05-07 15:08:00+00:00,272.4700012207031,272.5799865722656,272.3999938964844,272.45001220703125,57090,AMZN,1m
2026-05-07 15:09:00+00:00,272.45001220703125,272.7099914550781,272.4049987792969,272.70001220703125,72763,AMZN,1m
2026-05-07 15:10:00+00:00,272.70001220703125,272.8262023925781,272.6099853515625,272.7200012207031,84849,AMZN,1m
2026-05-07 15:11:00+00:00,272.7149963378906,272.8599853515625,272.6849975585937,272.6849975585937,57206,AMZN,1m
2026-05-07 15:12:00+00:00,272.70001220703125,272.7300109863281,272.45001220703125,272.57000732421875,83504,AMZN,1m
2026-05-07 15:13:00+00:00,272.57000732421875,272.67999267578125,272.5249938964844,272.5249938964844,56719,AMZN,1m
2026-05-07 15:14:00+00:00,272.5299987792969,272.6199951171875,272.489990234375,272.6099853515625,48606,AMZN,1m
2026-05-07 15:15:00+00:00,272.6099853515625,272.6199951171875,272.1914978027344,272.2650146484375,113641,AMZN,1m
2026-05-07 15:16:00+00:00,272.2650146484375,272.5549011230469,272.2650146484375,272.54400634765625,54188,AMZN,1m
2026-05-07 15:17:00+00:00,272.54998779296875,272.739990234375,272.52508544921875,272.6600036621094,48827,AMZN,1m
2026-05-07 15:18:00+00:00,272.6600036621094,272.7550048828125,272.5199890136719,272.7349853515625,56931,AMZN,1m
2026-05-07 15:19:00+00:00,272.7571105957031,272.9299011230469,272.7099914550781,272.7950134277344,88225,AMZN,1m
2026-05-07 15:20:00+00:00,272.79998779296875,273.07000732421875,272.79998779296875,272.864990234375,88876,AMZN,1m
2026-05-07 15:21:00+00:00,272.81500244140625,272.95001220703125,272.7699890136719,272.8099975585937,57199,AMZN,1m
2026-05-07 15:22:00+00:00,272.81500244140625,272.9100036621094,272.7900085449219,272.8500061035156,48971,AMZN,1m
2026-05-07 15:23:00+00:00,272.8800048828125,273.04998779296875,272.79998779296875,273.0249938964844,80755,AMZN,1m
2026-05-07 15:24:00+00:00,273.0249938964844,273.0799865722656,272.7900085449219,272.94000244140625,58909,AMZN,1m
2026-05-07 15:25:00+00:00,272.92999267578125,273.010009765625,272.8900146484375,272.92999267578125,52034,AMZN,1m
2026-05-07 15:26:00+00:00,272.92999267578125,273.1499938964844,272.7799987792969,272.9653015136719,88469,AMZN,1m
2026-05-07 15:27:00+00:00,272.9750061035156,273.3500061035156,272.927001953125,273.29998779296875,91793,AMZN,1m
2026-05-07 15:28:00+00:00,273.2900085449219,273.30499267578125,273.0799865722656,273.1549987792969,71811,AMZN,1m
2026-05-07 15:29:00+00:00,273.1549987792969,273.3500061035156,273.0849914550781,273.31500244140625,67843,AMZN,1m
2026-05-07 15:30:00+00:00,273.3399963378906,273.5599975585937,273.29998779296875,273.4349975585937,111170,AMZN,1m
2026-05-07 15:31:00+00:00,273.44000244140625,273.6000061035156,273.4100036621094,273.5799865722656,69190,AMZN,1m
2026-05-07 15:32:00+00:00,273.57281494140625,273.67999267578125,273.5,273.60009765625,80954,AMZN,1m
2026-05-07 15:33:00+00:00,273.6199951171875,273.760009765625,273.5799865722656,273.5874938964844,108873,AMZN,1m
2026-05-07 15:34:00+00:00,273.5907897949219,273.635009765625,273.239990234375,273.4200134277344,231816,AMZN,1m
2026-05-07 15:35:00+00:00,273.3800048828125,273.3949890136719,273.0599975585937,273.2850036621094,71737,AMZN,1m
2026-05-07 15:36:00+00:00,273.239990234375,273.2900085449219,273.17999267578125,273.2601013183594,24217,AMZN,1m
2026-05-07 15:37:00+00:00,273.2799987792969,273.5899963378906,273.2799987792969,273.54998779296875,40023,AMZN,1m
2026-05-07 15:38:00+00:00,273.5398864746094,273.6084899902344,273.4800109863281,273.4800109863281,26249,AMZN,1m
2026-05-07 15:39:00+00:00,273.4501037597656,273.57000732421875,273.45001220703125,273.4501037597656,33549,AMZN,1m
2026-05-07 15:40:00+00:00,273.4800109863281,273.5299987792969,273.0799865722656,273.1849975585937,67756,AMZN,1m
2026-05-07 15:41:00+00:00,273.17999267578125,273.32000732421875,273.1700134277344,273.3190002441406,31427,AMZN,1m
2026-05-07 15:42:00+00:00,273.3349914550781,273.4700012207031,273.3099975585937,273.4700012207031,43362,AMZN,1m
2026-05-07 15:43:00+00:00,273.4700012207031,273.4800109863281,273.29998779296875,273.3299865722656,47772,AMZN,1m
2026-05-07 15:44:00+00:00,273.3599853515625,273.42999267578125,273.2850036621094,273.42999267578125,36846,AMZN,1m
2026-05-07 15:45:00+00:00,273.3949890136719,273.5,273.3800048828125,273.45001220703125,35354,AMZN,1m
2026-05-07 15:46:00+00:00,273.4599914550781,273.57000732421875,273.2799987792969,273.5599975585937,56575,AMZN,1m
2026-05-07 15:47:00+00:00,273.54998779296875,273.67999267578125,273.4801025390625,273.6000061035156,91778,AMZN,1m
2026-05-07 15:48:00+00:00,273.614990234375,273.88800048828125,273.614990234375,273.70001220703125,75777,AMZN,1m
2026-05-07 15:49:00+00:00,273.6700134277344,273.889892578125,273.6549987792969,273.7799987792969,56360,AMZN,1m
2026-05-07 15:50:00+00:00,273.7950134277344,273.8099975585937,273.5599975585937,273.67999267578125,58266,AMZN,1m
2026-05-07 15:51:00+00:00,273.6600036621094,273.75,273.5799865722656,273.7298889160156,38265,AMZN,1m
2026-05-07 15:52:00+00:00,273.6700134277344,273.6700134277344,273.3612976074219,273.510009765625,58770,AMZN,1m
2026-05-07 15:53:00+00:00,273.510009765625,273.70001220703125,273.510009765625,273.5799865722656,66751,AMZN,1m
2026-05-07 15:54:00+00:00,273.5400085449219,273.54998779296875,273.3099975585937,273.3599853515625,51047,AMZN,1m
2026-05-07 15:55:00+00:00,273.3699951171875,273.4700012207031,273.260009765625,273.3599853515625,60397,AMZN,1m
2026-05-07 15:56:00+00:00,273.3599853515625,273.5,273.2699890136719,273.489990234375,33405,AMZN,1m
2026-05-07 15:57:00+00:00,273.5,273.5899963378906,273.4200134277344,273.42498779296875,58790,AMZN,1m
2026-05-07 15:58:00+00:00,273.3900146484375,273.42999267578125,273.2200012207031,273.4299011230469,36900,AMZN,1m
2026-05-07 15:59:00+00:00,273.3999938964844,273.6099853515625,273.3900146484375,273.57000732421875,84446,AMZN,1m
2026-05-07 16:00:00+00:00,273.5799865722656,273.5799865722656,273.1700134277344,273.2300109863281,56675,AMZN,1m
2026-05-07 16:01:00+00:00,273.20001220703125,273.260009765625,273.0920104980469,273.139892578125,43806,AMZN,1m
2026-05-07 16:02:00+00:00,273.1300048828125,273.3800048828125,273.0899963378906,273.3200988769531,43261,AMZN,1m
2026-05-07 16:03:00+00:00,273.3399963378906,273.510009765625,273.29998779296875,273.4800109863281,36114,AMZN,1m
2026-05-07 16:04:00+00:00,273.4949951171875,273.5299987792969,273.139892578125,273.139892578125,46042,AMZN,1m
2026-05-07 16:05:00+00:00,273.1099853515625,273.239990234375,273.07000732421875,273.1700134277344,34898,AMZN,1m
2026-05-07 16:06:00+00:00,273.1700134277344,273.20001220703125,272.9700012207031,273.07000732421875,48783,AMZN,1m
2026-05-07 16:07:00+00:00,273.0199890136719,273.19000244140625,272.9100036621094,272.9700012207031,66614,AMZN,1m
2026-05-07 16:08:00+00:00,272.95001220703125,273.072998046875,272.885009765625,272.9100036621094,40737,AMZN,1m
2026-05-07 16:09:00+00:00,272.87310791015625,273.1000061035156,272.8678894042969,273.0599975585937,32902,AMZN,1m
2026-05-07 16:10:00+00:00,273.07501220703125,273.0799865722656,272.8984069824219,273.0098876953125,27479,AMZN,1m
2026-05-07 16:11:00+00:00,272.989990234375,273.0450134277344,272.8599853515625,272.9100036621094,35582,AMZN,1m
2026-05-07 16:12:00+00:00,272.95001220703125,272.9800109863281,272.5849914550781,272.614990234375,62414,AMZN,1m
2026-05-07 16:13:00+00:00,272.6400146484375,272.7699890136719,272.5849914550781,272.5899963378906,55310,AMZN,1m
2026-05-07 16:14:00+00:00,272.6400146484375,272.760009765625,272.5000915527344,272.6054992675781,56033,AMZN,1m
2026-05-07 16:15:00+00:00,272.5799865722656,272.5799865722656,271.95001220703125,272.17498779296875,188212,AMZN,1m
2026-05-07 16:16:00+00:00,272.2049865722656,272.25,271.8500061035156,272.05499267578125,151677,AMZN,1m
2026-05-07 16:17:00+00:00,272.05499267578125,272.07000732421875,271.885009765625,272.0400085449219,124723,AMZN,1m
2026-05-07 16:18:00+00:00,272.05499267578125,272.0799865722656,271.8200988769531,271.8699951171875,84166,AMZN,1m
2026-05-07 16:19:00+00:00,271.8500061035156,271.9599914550781,271.739990234375,271.81500244140625,97811,AMZN,1m
2026-05-07 16:20:00+00:00,271.7699890136719,271.8900146484375,271.5899963378906,271.70001220703125,110903,AMZN,1m
2026-05-07 16:21:00+00:00,271.739990234375,271.7900085449219,271.44000244140625,271.57000732421875,88768,AMZN,1m
2026-05-07 16:22:00+00:00,271.5799865722656,271.75,271.5346984863281,271.625,107898,AMZN,1m
2026-05-07 16:23:00+00:00,271.625,271.79998779296875,271.4679870605469,271.7900085449219,299247,AMZN,1m
2026-05-07 16:24:00+00:00,271.8299865722656,271.8399963378906,271.3999938964844,271.489990234375,92615,AMZN,1m
2026-05-07 16:25:00+00:00,271.4849853515625,271.5799865722656,271.44000244140625,271.5599975585937,118821,AMZN,1m
2026-05-07 16:26:00+00:00,271.6000061035156,271.7569885253906,271.5199890136719,271.6000061035156,70825,AMZN,1m
2026-05-07 16:27:00+00:00,271.6400146484375,271.9100036621094,271.6000061035156,271.81500244140625,84235,AMZN,1m
2026-05-07 16:28:00+00:00,271.8299865722656,272.3699951171875,271.8299865722656,272.3450012207031,87615,AMZN,1m
2026-05-07 16:29:00+00:00,272.3999938964844,272.5899963378906,272.239990234375,272.5849914550781,96098,AMZN,1m
2026-05-07 16:30:00+00:00,272.5899963378906,272.6700134277344,272.4200134277344,272.4700012207031,102272,AMZN,1m
2026-05-07 16:31:00+00:00,272.5199890136719,272.6199035644531,272.4700927734375,272.510009765625,54227,AMZN,1m
2026-05-07 16:32:00+00:00,272.4949951171875,272.8800048828125,272.4800109863281,272.840087890625,69150,AMZN,1m
2026-05-07 16:33:00+00:00,272.8599853515625,272.92999267578125,272.8102111816406,272.8550109863281,51268,AMZN,1m
2026-05-07 16:34:00+00:00,272.8399963378906,273.0400085449219,272.82000732421875,272.8999938964844,46101,AMZN,1m
2026-05-07 16:35:00+00:00,272.9200134277344,273.0199890136719,272.8800048828125,272.94000244140625,45861,AMZN,1m
2026-05-07 16:36:00+00:00,272.94500732421875,272.95001220703125,272.7699890136719,272.94000244140625,44771,AMZN,1m
2026-05-07 16:37:00+00:00,272.8999938964844,272.989990234375,272.8099975585937,272.8599853515625,61698,AMZN,1m
2026-05-07 16:38:00+00:00,272.875,273.0,272.739990234375,272.8399963378906,49339,AMZN,1m
2026-05-07 16:39:00+00:00,272.79010009765625,272.8099975585937,272.60009765625,272.6600036621094,39415,AMZN,1m
2026-05-07 16:40:00+00:00,272.6199951171875,272.83990478515625,272.6199951171875,272.7349853515625,25767,AMZN,1m
2026-05-07 16:41:00+00:00,272.7349853515625,272.79998779296875,272.6499938964844,272.7799987792969,20893,AMZN,1m
2026-05-07 16:42:00+00:00,272.760009765625,272.82000732421875,272.7001037597656,272.75,32102,AMZN,1m
2026-05-07 16:43:00+00:00,272.7401123046875,272.82989501953125,272.5450134277344,272.6099853515625,49049,AMZN,1m
2026-05-07 16:44:00+00:00,272.6099853515625,272.8951110839844,272.6099853515625,272.8788146972656,23918,AMZN,1m
2026-05-07 16:45:00+00:00,272.864990234375,272.95001220703125,272.70001220703125,272.92498779296875,37378,AMZN,1m
2026-05-07 16:46:00+00:00,272.9100036621094,273.0098876953125,272.739990234375,272.7799987792969,35756,AMZN,1m
2026-05-07 16:47:00+00:00,272.7749938964844,272.8900146484375,272.67010498046875,272.67999267578125,43308,AMZN,1m
2026-05-07 16:48:00+00:00,272.7200012207031,272.9198913574219,272.7200012207031,272.7799987792969,60131,AMZN,1m
2026-05-07 16:49:00+00:00,272.760009765625,272.7799987792969,272.4599914550781,272.6401062011719,105795,AMZN,1m
2026-05-07 16:50:00+00:00,272.67999267578125,272.8099975585937,272.5350036621094,272.760009765625,36208,AMZN,1m
2026-05-07 16:51:00+00:00,272.7699890136719,272.7699890136719,272.6000061035156,272.6449890136719,29109,AMZN,1m
2026-05-07 16:52:00+00:00,272.6300048828125,272.7799072265625,272.6099853515625,272.7300109863281,27092,AMZN,1m
2026-05-07 16:53:00+00:00,272.69500732421875,272.8599853515625,272.6700134277344,272.8399963378906,29876,AMZN,1m
2026-05-07 16:54:00+00:00,272.885009765625,272.9599914550781,272.760009765625,272.7900085449219,32298,AMZN,1m
2026-05-07 16:55:00+00:00,272.82000732421875,272.9100036621094,272.7200927734375,272.82501220703125,31223,AMZN,1m
2026-05-07 16:56:00+00:00,272.81500244140625,272.8299865722656,272.6849975585937,272.7250061035156,28101,AMZN,1m
2026-05-07 16:57:00+00:00,272.7049865722656,272.81988525390625,272.5799865722656,272.6243896484375,33680,AMZN,1m
2026-05-07 16:58:00+00:00,272.6138000488281,272.81500244140625,272.6138000488281,272.81500244140625,22013,AMZN,1m
2026-05-07 16:59:00+00:00,272.8500061035156,272.8999938964844,272.70001220703125,272.89990234375,26770,AMZN,1m
2026-05-07 17:00:00+00:00,272.9100036621094,272.9599914550781,272.82000732421875,272.9599914550781,28435,AMZN,1m
2026-05-07 17:01:00+00:00,272.95001220703125,272.95001220703125,272.6600036621094,272.739990234375,57937,AMZN,1m
2026-05-07 17:02:00+00:00,272.7200927734375,273.0,272.6300048828125,272.9649963378906,40363,AMZN,1m
2026-05-07 17:03:00+00:00,272.9200134277344,272.92999267578125,272.7799987792969,272.9150085449219,20027,AMZN,1m
2026-05-07 17:04:00+00:00,272.9599914550781,272.96990966796875,272.760009765625,272.8099975585937,27645,AMZN,1m
2026-05-07 17:05:00+00:00,272.8399963378906,272.8399963378906,272.5899963378906,272.5899963378906,20111,AMZN,1m
2026-05-07 17:06:00+00:00,272.5599975585937,272.75,272.5599975585937,272.69000244140625,27162,AMZN,1m
2026-05-07 17:07:00+00:00,272.7300109863281,272.889892578125,272.7049865722656,272.80499267578125,83121,AMZN,1m
2026-05-07 17:08:00+00:00,272.7799987792969,272.8999938964844,272.70001220703125,272.8399963378906,31628,AMZN,1m
2026-05-07 17:09:00+00:00,272.8349914550781,272.8349914550781,272.32000732421875,272.4200134277344,44976,AMZN,1m
2026-05-07 17:10:00+00:00,272.42498779296875,272.510009765625,272.1549987792969,272.1650085449219,47579,AMZN,1m
2026-05-07 17:11:00+00:00,272.1549987792969,272.1698913574219,272.0101013183594,272.1300048828125,44406,AMZN,1m
2026-05-07 17:12:00+00:00,272.1622009277344,272.25,272.0801086425781,272.135009765625,26136,AMZN,1m
2026-05-07 17:13:00+00:00,272.1499938964844,272.4598999023437,272.1449890136719,272.45001220703125,40023,AMZN,1m
2026-05-07 17:14:00+00:00,272.4200134277344,272.5,272.3099975585937,272.3901062011719,32851,AMZN,1m
2026-05-07 17:15:00+00:00,272.3599853515625,272.42999267578125,272.17999267578125,272.29998779296875,63696,AMZN,1m
2026-05-07 17:16:00+00:00,272.29998779296875,272.44000244140625,272.1700134277344,272.4100036621094,25585,AMZN,1m
2026-05-07 17:17:00+00:00,272.4100036621094,272.4100036621094,272.239990234375,272.3500061035156,23192,AMZN,1m
2026-05-07 17:18:00+00:00,272.3699951171875,272.3699951171875,272.0599975585937,272.1000061035156,60895,AMZN,1m
2026-05-07 17:19:00+00:00,272.07000732421875,272.1099853515625,271.8999938964844,271.989990234375,142801,AMZN,1m
2026-05-07 17:20:00+00:00,271.989990234375,272.04998779296875,271.82000732421875,271.8399963378906,43964,AMZN,1m
2026-05-07 17:21:00+00:00,271.8699951171875,271.8699951171875,271.7200012207031,271.8099975585937,47955,AMZN,1m
2026-05-07 17:22:00+00:00,271.8324890136719,272.0687866210937,271.82000732421875,272.04010009765625,27980,AMZN,1m
2026-05-07 17:23:00+00:00,272.0899963378906,272.32989501953125,272.0849914550781,272.17999267578125,42898,AMZN,1m
2026-05-07 17:24:00+00:00,272.19000244140625,272.45001220703125,272.1499938964844,272.45001220703125,43122,AMZN,1m
2026-05-07 17:25:00+00:00,272.44000244140625,272.6499938964844,271.8699951171875,271.9599914550781,116669,AMZN,1m
2026-05-07 17:26:00+00:00,271.9100036621094,271.9200134277344,271.36749267578125,271.44500732421875,91211,AMZN,1m
2026-05-07 17:27:00+00:00,271.3999938964844,271.5599060058594,271.1801147460937,271.3486022949219,67812,AMZN,1m
2026-05-07 17:28:00+00:00,271.3399963378906,271.6299133300781,271.2900085449219,271.5450134277344,52549,AMZN,1m
2026-05-07 17:29:00+00:00,271.5450134277344,271.7398986816406,271.4150085449219,271.4599914550781,51042,AMZN,1m
2026-05-07 17:30:00+00:00,271.4800109863281,271.57000732421875,271.2300109863281,271.3299865722656,50639,AMZN,1m
2026-05-07 17:31:00+00:00,271.3299865722656,271.5,271.2300109863281,271.4100036621094,36004,AMZN,1m
2026-05-07 17:32:00+00:00,271.4150085449219,271.739990234375,271.3399963378906,271.6600036621094,43653,AMZN,1m
2026-05-07 17:33:00+00:00,271.6449890136719,271.67498779296875,271.2449951171875,271.32501220703125,31964,AMZN,1m
2026-05-07 17:34:00+00:00,271.260009765625,271.57000732421875,271.2101135253906,271.489990234375,114461,AMZN,1m
2026-05-07 17:35:00+00:00,271.4599914550781,271.75,271.375,271.75,39553,AMZN,1m
2026-05-07 17:36:00+00:00,271.7300109863281,271.92999267578125,271.7250061035156,271.92999267578125,42430,AMZN,1m
2026-05-07 17:37:00+00:00,271.92999267578125,272.20001220703125,271.89019775390625,272.1549987792969,47945,AMZN,1m
2026-05-07 17:38:00+00:00,272.1400146484375,272.25,271.989990234375,272.0599975585937,38745,AMZN,1m
2026-05-07 17:39:00+00:00,272.07501220703125,272.17999267578125,271.92999267578125,272.1099853515625,38193,AMZN,1m
2026-05-07 17:40:00+00:00,272.0799865722656,272.2799987792969,272.0320129394531,272.1300048828125,44825,AMZN,1m
2026-05-07 17:41:00+00:00,272.1300048828125,272.20001220703125,272.0299987792969,272.20001220703125,27553,AMZN,1m
2026-05-07 17:42:00+00:00,272.1600036621094,272.20001220703125,272.07000732421875,272.07501220703125,49455,AMZN,1m
2026-05-07 17:43:00+00:00,272.0350036621094,272.04998779296875,271.9400939941406,272.04998779296875,25702,AMZN,1m
2026-05-07 17:44:00+00:00,272.0299987792969,272.0299987792969,271.8399963378906,271.92999267578125,34116,AMZN,1m
2026-05-07 17:45:00+00:00,271.92999267578125,271.989990234375,271.80010986328125,271.8349914550781,38485,AMZN,1m
2026-05-07 17:46:00+00:00,271.8299865722656,271.8699035644531,271.70001220703125,271.7200012207031,39884,AMZN,1m
2026-05-07 17:47:00+00:00,271.70001220703125,271.9360046386719,271.70001220703125,271.864990234375,38856,AMZN,1m
2026-05-07 17:48:00+00:00,271.8550109863281,271.8999938964844,271.75,271.82000732421875,34798,AMZN,1m
2026-05-07 17:49:00+00:00,271.8389892578125,271.864990234375,271.7699890136719,271.864990234375,37555,AMZN,1m
2026-05-07 17:50:00+00:00,271.8299865722656,271.8800048828125,271.760009765625,271.864990234375,47507,AMZN,1m
2026-05-07 17:51:00+00:00,271.885009765625,272.0,271.860107421875,271.95001220703125,36609,AMZN,1m
2026-05-07 17:52:00+00:00,271.95001220703125,271.95001220703125,271.79998779296875,271.8550109863281,31800,AMZN,1m
2026-05-07 17:53:00+00:00,271.8301086425781,271.9800109863281,271.8301086425781,271.9800109863281,34650,AMZN,1m
2026-05-07 17:54:00+00:00,271.989990234375,272.1300048828125,271.989990234375,272.1300048828125,23066,AMZN,1m
2026-05-07 17:55:00+00:00,272.1600036621094,272.239990234375,272.1199951171875,272.1700134277344,31836,AMZN,1m
2026-05-07 17:56:00+00:00,272.20001220703125,272.510009765625,272.05499267578125,272.3999938964844,89934,AMZN,1m
2026-05-07 17:57:00+00:00,272.3500061035156,272.7349853515625,272.3500061035156,272.7300109863281,78847,AMZN,1m
2026-05-07 17:58:00+00:00,272.7300109863281,272.8099975585937,272.6700134277344,272.7799987792969,81725,AMZN,1m
2026-05-07 17:59:00+00:00,272.7900085449219,272.95001220703125,272.7900085449219,272.8200988769531,39615,AMZN,1m
2026-05-07 18:00:00+00:00,272.8599853515625,272.9200134277344,272.69000244140625,272.7149963378906,49597,AMZN,1m
2026-05-07 18:01:00+00:00,272.7699890136719,272.7699890136719,272.6300048828125,272.70001220703125,35948,AMZN,1m
2026-05-07 18:02:00+00:00,272.7099914550781,272.79998779296875,272.57000732421875,272.7749938964844,37248,AMZN,1m
2026-05-07 18:03:00+00:00,272.7650146484375,272.8399963378906,272.6199951171875,272.6499938964844,50354,AMZN,1m
2026-05-07 18:04:00+00:00,272.6499938964844,272.7799987792969,272.5899963378906,272.6050109863281,35201,AMZN,1m
2026-05-07 18:05:00+00:00,272.6400146484375,272.7250061035156,272.635009765625,272.7200012207031,24859,AMZN,1m
2026-05-07 18:06:00+00:00,272.7250061035156,272.7889099121094,272.69000244140625,272.7650146484375,24248,AMZN,1m
2026-05-07 18:07:00+00:00,272.7650146484375,272.7900085449219,272.635009765625,272.7099914550781,38205,AMZN,1m
2026-05-07 18:08:00+00:00,272.7300109863281,272.739990234375,272.5799865722656,272.5950012207031,39003,AMZN,1m
2026-05-07 18:09:00+00:00,272.5849914550781,272.7099914550781,272.4800109863281,272.57000732421875,65480,AMZN,1m
2026-05-07 18:10:00+00:00,272.5599975585937,272.6199951171875,272.44000244140625,272.6199951171875,40060,AMZN,1m
2026-05-07 18:11:00+00:00,272.6070861816406,272.8399963378906,272.5801086425781,272.82000732421875,33389,AMZN,1m
2026-05-07 18:12:00+00:00,272.82000732421875,272.8699951171875,272.75,272.8219909667969,36417,AMZN,1m
2026-05-07 18:13:00+00:00,272.7900085449219,272.80499267578125,272.7200012207031,272.77508544921875,38747,AMZN,1m
2026-05-07 18:14:00+00:00,272.79998779296875,272.82000732421875,272.7101135253906,272.7699890136719,37215,AMZN,1m
2026-05-07 18:15:00+00:00,272.79998779296875,272.8800048828125,272.7799987792969,272.8599853515625,35644,AMZN,1m
2026-05-07 18:16:00+00:00,272.8500061035156,272.8999938964844,272.7699890136719,272.8125,18454,AMZN,1m
2026-05-07 18:17:00+00:00,272.8099975585937,272.8450012207031,272.7401123046875,272.79998779296875,32117,AMZN,1m
2026-05-07 18:18:00+00:00,272.8099975585937,272.9728088378906,272.8099975585937,272.96319580078125,41915,AMZN,1m
2026-05-07 18:19:00+00:00,272.95001220703125,272.9800109863281,272.82501220703125,272.82501220703125,29590,AMZN,1m
2026-05-07 18:20:00+00:00,272.8399963378906,272.9200134277344,272.7900085449219,272.8699951171875,35192,AMZN,1m
2026-05-07 18:21:00+00:00,272.875,272.9599914550781,272.82000732421875,272.82000732421875,31188,AMZN,1m
2026-05-07 18:22:00+00:00,272.82000732421875,272.8999938964844,272.7601013183594,272.7749938964844,38127,AMZN,1m
2026-05-07 18:23:00+00:00,272.7749938964844,272.79998779296875,272.6700134277344,272.7200012207031,30216,AMZN,1m
2026-05-07 18:24:00+00:00,272.7051086425781,272.7200012207031,272.3999938964844,272.4150085449219,206632,AMZN,1m
2026-05-07 18:25:00+00:00,272.4100036621094,272.5050048828125,272.3500061035156,272.364990234375,35651,AMZN,1m
2026-05-07 18:26:00+00:00,272.3800048828125,272.6000061035156,272.360595703125,272.6000061035156,44816,AMZN,1m
2026-05-07 18:27:00+00:00,272.5799865722656,272.75,272.5368957519531,272.70001220703125,39931,AMZN,1m
2026-05-07 18:28:00+00:00,272.7099914550781,272.79998779296875,272.6719970703125,272.7025146484375,24536,AMZN,1m
2026-05-07 18:29:00+00:00,272.6849975585937,272.760009765625,272.5799865722656,272.6199951171875,27258,AMZN,1m
2026-05-07 18:30:00+00:00,272.614990234375,272.70001220703125,272.57000732421875,272.6600036621094,26366,AMZN,1m
2026-05-07 18:31:00+00:00,272.67999267578125,272.7900085449219,272.6700134277344,272.7699890136719,37305,AMZN,1m
2026-05-07 18:32:00+00:00,272.7768859863281,272.81500244140625,272.7099914550781,272.7850036621094,29036,AMZN,1m
2026-05-07 18:33:00+00:00,272.8099975585937,272.8399963378906,272.760009765625,272.7900085449219,25385,AMZN,1m
2026-05-07 18:34:00+00:00,272.7850036621094,272.7900085449219,272.7200927734375,272.7250061035156,34531,AMZN,1m
2026-05-07 18:35:00+00:00,272.7250061035156,272.8111877441406,272.67999267578125,272.7051086425781,34389,AMZN,1m
2026-05-07 18:36:00+00:00,272.67999267578125,272.7200012207031,272.6300048828125,272.6600036621094,36020,AMZN,1m
2026-05-07 18:37:00+00:00,272.6650085449219,272.6899108886719,272.5,272.5299987792969,31395,AMZN,1m
2026-05-07 18:38:00+00:00,272.5299987792969,272.5599975585937,272.3299865722656,272.3299865722656,43301,AMZN,1m
2026-05-07 18:39:00+00:00,272.3299865722656,272.42999267578125,272.1499938964844,272.3399963378906,63496,AMZN,1m
2026-05-07 18:40:00+00:00,272.3399963378906,272.4150085449219,272.29998779296875,272.32000732421875,44619,AMZN,1m
2026-05-07 18:41:00+00:00,272.2900085449219,272.3226928710937,272.1199951171875,272.1700134277344,44829,AMZN,1m
2026-05-07 18:42:00+00:00,272.1650085449219,272.32000732421875,272.1499938964844,272.25,33881,AMZN,1m
2026-05-07 18:43:00+00:00,272.2200012207031,272.2200012207031,271.8399963378906,271.94500732421875,53374,AMZN,1m
2026-05-07 18:44:00+00:00,271.94000244140625,271.94000244140625,271.3800048828125,271.6000061035156,94443,AMZN,1m
2026-05-07 18:45:00+00:00,271.5199890136719,271.7699890136719,271.3800048828125,271.75,46169,AMZN,1m
2026-05-07 18:46:00+00:00,271.739990234375,271.8799133300781,271.67999267578125,271.81500244140625,30206,AMZN,1m
2026-05-07 18:47:00+00:00,271.79998779296875,271.8800048828125,271.6099853515625,271.7300109863281,50129,AMZN,1m
2026-05-07 18:48:00+00:00,271.69000244140625,271.9700012207031,271.69000244140625,271.7900085449219,50469,AMZN,1m
2026-05-07 18:49:00+00:00,271.8099975585937,271.8900146484375,271.7699890136719,271.8299865722656,35923,AMZN,1m
2026-05-07 18:50:00+00:00,271.80010986328125,271.8900146484375,271.65008544921875,271.8699951171875,38540,AMZN,1m
2026-05-07 18:51:00+00:00,271.8900146484375,272.1099853515625,271.8299865722656,272.0849914550781,62229,AMZN,1m
2026-05-07 18:52:00+00:00,272.0950012207031,272.1499938964844,271.9700012207031,272.0150146484375,50421,AMZN,1m
2026-05-07 18:53:00+00:00,272.0,272.0199890136719,271.8800048828125,271.9700012207031,31941,AMZN,1m
2026-05-07 18:54:00+00:00,271.965087890625,272.0,271.82000732421875,271.8500061035156,36788,AMZN,1m
2026-05-07 18:55:00+00:00,271.8399963378906,272.19000244140625,271.7699890136719,272.0849914550781,68047,AMZN,1m
2026-05-07 18:56:00+00:00,272.06500244140625,272.1199951171875,271.9800109863281,272.0,36713,AMZN,1m
2026-05-07 18:57:00+00:00,272.0400085449219,272.1000061035156,271.9700012207031,272.0199890136719,33693,AMZN,1m
2026-05-07 18:58:00+00:00,272.0299987792969,272.1199951171875,272.0018005371094,272.0400085449219,32647,AMZN,1m
2026-05-07 18:59:00+00:00,272.07000732421875,272.1600036621094,272.0199890136719,272.0849914550781,41881,AMZN,1m
2026-05-07 19:00:00+00:00,272.0599975585937,272.0799865722656,271.8399963378906,271.8500061035156,37984,AMZN,1m
2026-05-07 19:01:00+00:00,271.875,271.9200134277344,271.70001220703125,271.739990234375,38433,AMZN,1m
2026-05-07 19:02:00+00:00,271.75,271.75,271.5400085449219,271.70001220703125,45916,AMZN,1m
2026-05-07 19:03:00+00:00,271.7298889160156,271.8949890136719,271.6499938964844,271.7850036621094,66664,AMZN,1m
2026-05-07 19:04:00+00:00,271.7699890136719,271.82000732421875,271.7077941894531,271.7900085449219,26864,AMZN,1m
2026-05-07 19:05:00+00:00,271.82000732421875,271.8432006835937,271.76959228515625,271.82501220703125,30144,AMZN,1m
2026-05-07 19:06:00+00:00,271.8299865722656,271.8599853515625,271.7650146484375,271.8337097167969,35700,AMZN,1m
2026-05-07 19:07:00+00:00,271.7650146484375,271.9150085449219,271.6400146484375,271.79998779296875,42109,AMZN,1m
2026-05-07 19:08:00+00:00,271.82000732421875,271.82000732421875,271.5780944824219,271.6199951171875,55627,AMZN,1m
2026-05-07 19:09:00+00:00,271.6224975585937,271.739990234375,271.5899963378906,271.7101135253906,43656,AMZN,1m
2026-05-07 19:10:00+00:00,271.7300109863281,271.7900085449219,271.6300048828125,271.7250061035156,46850,AMZN,1m
2026-05-07 19:11:00+00:00,271.7250061035156,271.9800109863281,271.7250061035156,271.91510009765625,76085,AMZN,1m
2026-05-07 19:12:00+00:00,271.9800109863281,271.989990234375,271.9100036621094,271.9349975585937,46179,AMZN,1m
2026-05-07 19:13:00+00:00,271.95001220703125,272.0299987792969,271.92999267578125,271.92999267578125,40758,AMZN,1m
2026-05-07 19:14:00+00:00,271.94000244140625,271.9800109863281,271.8799133300781,271.92999267578125,39044,AMZN,1m
2026-05-07 19:15:00+00:00,271.92999267578125,271.9599914550781,271.80010986328125,271.9599914550781,39071,AMZN,1m
2026-05-07 19:16:00+00:00,271.9599914550781,271.989990234375,271.8699951171875,271.9649963378906,63711,AMZN,1m
2026-05-07 19:17:00+00:00,271.92498779296875,272.0299987792969,271.6600036621094,271.67999267578125,52064,AMZN,1m
2026-05-07 19:18:00+00:00,271.712890625,271.8500061035156,271.6300048828125,271.69989013671875,61948,AMZN,1m
2026-05-07 19:19:00+00:00,271.6700134277344,271.84991455078125,271.5249938964844,271.8099975585937,87829,AMZN,1m
2026-05-07 19:20:00+00:00,271.7799987792969,271.7850036621094,271.67999267578125,271.7850036621094,41407,AMZN,1m
2026-05-07 19:21:00+00:00,271.79998779296875,271.8599853515625,271.739990234375,271.7799987792969,36500,AMZN,1m
2026-05-07 19:22:00+00:00,271.7950134277344,271.9700012207031,271.7825012207031,271.9100036621094,76173,AMZN,1m
2026-05-07 19:23:00+00:00,271.9299011230469,271.92999267578125,271.79998779296875,271.9200134277344,41059,AMZN,1m
2026-05-07 19:24:00+00:00,271.8999938964844,271.9620056152344,271.8599853515625,271.9049987792969,56377,AMZN,1m
2026-05-07 19:25:00+00:00,271.8800048828125,271.9700012207031,271.7799987792969,271.8299865722656,65922,AMZN,1m
2026-05-07 19:26:00+00:00,271.79998779296875,271.94000244140625,271.75,271.8999938964844,38667,AMZN,1m
2026-05-07 19:27:00+00:00,271.8999938964844,272.0799865722656,271.8699951171875,272.0400085449219,44179,AMZN,1m
2026-05-07 19:28:00+00:00,272.0599975585937,272.07000732421875,271.82000732421875,271.82000732421875,44487,AMZN,1m
2026-05-07 19:29:00+00:00,271.8399963378906,272.0299987792969,271.82000732421875,271.9800109863281,38516,AMZN,1m
2026-05-07 19:30:00+00:00,271.9700012207031,272.1000061035156,271.94000244140625,272.0400085449219,41260,AMZN,1m
2026-05-07 19:31:00+00:00,272.07000732421875,272.1300048828125,271.9599914550781,272.0199890136719,50549,AMZN,1m
2026-05-07 19:32:00+00:00,272.0199890136719,272.0199890136719,271.8900146484375,271.9150085449219,49870,AMZN,1m
2026-05-07 19:33:00+00:00,271.9150085449219,271.9700012207031,271.8550109863281,271.8699951171875,60008,AMZN,1m
2026-05-07 19:34:00+00:00,271.8699951171875,271.8999938964844,271.6600036621094,271.70001220703125,70758,AMZN,1m
2026-05-07 19:35:00+00:00,271.67999267578125,271.69000244140625,271.5400085449219,271.57000732421875,56069,AMZN,1m
2026-05-07 19:36:00+00:00,271.5599975585937,271.70001220703125,271.54010009765625,271.67010498046875,44349,AMZN,1m
2026-05-07 19:37:00+00:00,271.70001220703125,271.8900146484375,271.6700134277344,271.7799987792969,91607,AMZN,1m
2026-05-07 19:38:00+00:00,271.7401123046875,271.7898864746094,271.6000061035156,271.69000244140625,66781,AMZN,1m
2026-05-07 19:39:00+00:00,271.69000244140625,271.739990234375,271.6400146484375,271.6897888183594,29376,AMZN,1m
2026-05-07 19:40:00+00:00,271.69000244140625,271.82000732421875,271.6499938964844,271.8002014160156,54494,AMZN,1m
2026-05-07 19:41:00+00:00,271.8399963378906,271.8500061035156,271.7200012207031,271.7349853515625,47777,AMZN,1m
2026-05-07 19:42:00+00:00,271.7349853515625,271.7650146484375,271.5899963378906,271.69000244140625,60413,AMZN,1m
2026-05-07 19:43:00+00:00,271.69500732421875,271.9100036621094,271.69500732421875,271.82501220703125,46427,AMZN,1m
2026-05-07 19:44:00+00:00,271.8099975585937,271.94000244140625,271.7799987792969,271.8599853515625,44416,AMZN,1m
2026-05-07 19:45:00+00:00,271.8599853515625,271.8800048828125,271.7749938964844,271.82000732421875,49027,AMZN,1m
2026-05-07 19:46:00+00:00,271.8099975585937,271.81988525390625,271.67999267578125,271.69000244140625,56682,AMZN,1m
2026-05-07 19:47:00+00:00,271.70001220703125,271.75,271.5870056152344,271.5899963378906,45633,AMZN,1m
2026-05-07 19:48:00+00:00,271.57000732421875,271.57000732421875,271.4150085449219,271.5,90043,AMZN,1m
2026-05-07 19:49:00+00:00,271.5199890136719,271.6300048828125,271.4549865722656,271.510009765625,72980,AMZN,1m
2026-05-07 19:50:00+00:00,271.5400085449219,271.79998779296875,271.44000244140625,271.7049865722656,156541,AMZN,1m
2026-05-07 19:51:00+00:00,271.70001220703125,271.7699890136719,271.6199951171875,271.6499938964844,108306,AMZN,1m
2026-05-07 19:52:00+00:00,271.6549987792969,271.6600036621094,271.20001220703125,271.510009765625,223485,AMZN,1m
2026-05-07 19:53:00+00:00,271.5299987792969,271.5799865722656,271.29998779296875,271.3999938964844,136244,AMZN,1m
2026-05-07 19:54:00+00:00,271.3800048828125,271.4200134277344,270.489990234375,270.8900146484375,286539,AMZN,1m
2026-05-07 19:55:00+00:00,270.8800048828125,271.3299865722656,270.8399963378906,271.2900085449219,205595,AMZN,1m
2026-05-07 19:56:00+00:00,271.29998779296875,271.3900146484375,271.0849914550781,271.0849914550781,184167,AMZN,1m
2026-05-07 19:57:00+00:00,271.0599975585937,271.3299865722656,271.0400085449219,271.1199951171875,246163,AMZN,1m
2026-05-07 19:58:00+00:00,271.1199951171875,271.1400146484375,270.9700012207031,271.1300048828125,290818,AMZN,1m
2026-05-07 19:59:00+00:00,271.1400146484375,271.2699890136719,271.0199890136719,271.25,525818,AMZN,1m
2026-05-08 13:30:00+00:00,271.6300048828125,271.9800109863281,270.29998779296875,270.889892578125,1401673,AMZN,1m
2026-05-08 13:31:00+00:00,270.8429870605469,271.25,270.5,271.1849975585937,112449,AMZN,1m
2026-05-08 13:32:00+00:00,271.2300109863281,271.2699890136719,270.7200012207031,270.885009765625,85224,AMZN,1m
2026-05-08 13:33:00+00:00,270.885009765625,270.8999938964844,270.30010986328125,270.6600036621094,146860,AMZN,1m
2026-05-08 13:34:00+00:00,270.6600036621094,271.1099853515625,270.5,271.1099853515625,98644,AMZN,1m
2026-05-08 13:35:00+00:00,271.1010131835937,271.1300048828125,270.3800048828125,270.3999938964844,100586,AMZN,1m
2026-05-08 13:36:00+00:00,270.3949890136719,270.69000244140625,270.2099914550781,270.5599975585937,162753,AMZN,1m
2026-05-08 13:37:00+00:00,270.5450134277344,270.739990234375,270.3999938964844,270.4700012207031,100339,AMZN,1m
2026-05-08 13:38:00+00:00,270.4599914550781,270.510009765625,269.9599914550781,270.0799865722656,217034,AMZN,1m
2026-05-08 13:39:00+00:00,270.0,270.489990234375,269.95001220703125,270.4049987792969,99973,AMZN,1m
2026-05-08 13:40:00+00:00,270.3949890136719,270.4894104003906,270.1499938964844,270.3299865722656,72103,AMZN,1m
2026-05-08 13:41:00+00:00,270.3399963378906,270.70001220703125,270.25,270.70001220703125,76098,AMZN,1m
2026-05-08 13:42:00+00:00,270.7200012207031,271.1199035644531,270.67010498046875,270.9599914550781,134640,AMZN,1m
2026-05-08 13:43:00+00:00,271.0398864746094,271.1199951171875,270.7349853515625,271.114990234375,67626,AMZN,1m
2026-05-08 13:44:00+00:00,271.1019897460937,271.4700012207031,270.95001220703125,271.3999938964844,106158,AMZN,1m
2026-05-08 13:45:00+00:00,271.44000244140625,271.8999938964844,271.3699951171875,271.8500061035156,204284,AMZN,1m
2026-05-08 13:46:00+00:00,271.8500061035156,272.1700134277344,271.70001220703125,272.07000732421875,168015,AMZN,1m
2026-05-08 13:47:00+00:00,272.07000732421875,272.1796875,271.70001220703125,272.0400085449219,118169,AMZN,1m
2026-05-08 13:48:00+00:00,272.07000732421875,272.6000061035156,272.07000732421875,272.5199890136719,142930,AMZN,1m
2026-05-08 13:49:00+00:00,272.51251220703125,272.760009765625,272.4599914550781,272.7300109863281,183490,AMZN,1m
2026-05-08 13:50:00+00:00,272.7300109863281,272.8299865722656,272.3999938964844,272.7699890136719,95426,AMZN,1m
2026-05-08 13:51:00+00:00,272.7699890136719,272.8898010253906,272.510009765625,272.56500244140625,151626,AMZN,1m
2026-05-08 13:52:00+00:00,272.5899963378906,272.75,272.3411865234375,272.3500061035156,105973,AMZN,1m
2026-05-08 13:53:00+00:00,272.3599853515625,272.5950012207031,272.2500915527344,272.33990478515625,239412,AMZN,1m
2026-05-08 13:54:00+00:00,272.3099975585937,273.0415954589844,271.92999267578125,273.0249938964844,157363,AMZN,1m
2026-05-08 13:55:00+00:00,273.0299987792969,273.2699890136719,272.79998779296875,273.1784973144531,154894,AMZN,1m
2026-05-08 13:56:00+00:00,273.21990966796875,273.3599853515625,272.95001220703125,273.0400085449219,180403,AMZN,1m
2026-05-08 13:57:00+00:00,273.04998779296875,273.1050109863281,272.3550109863281,272.5,150163,AMZN,1m
2026-05-08 13:58:00+00:00,272.489990234375,272.7699890136719,272.3699951171875,272.75,110929,AMZN,1m
2026-05-08 13:59:00+00:00,272.7049865722656,273.1400146484375,272.6000061035156,273.1393127441406,70748,AMZN,1m
2026-05-08 14:00:00+00:00,273.1390075683594,273.3594055175781,272.739990234375,272.82501220703125,231355,AMZN,1m
2026-05-08 14:01:00+00:00,272.7950134277344,272.94000244140625,272.625,272.8299865722656,81975,AMZN,1m
2026-05-08 14:02:00+00:00,272.81500244140625,272.94000244140625,272.69000244140625,272.82501220703125,56128,AMZN,1m
2026-05-08 14:03:00+00:00,272.8500061035156,273.0987854003906,272.69000244140625,272.739990234375,107904,AMZN,1m
2026-05-08 14:04:00+00:00,272.760009765625,272.9800109863281,272.7200012207031,272.8996887207031,60278,AMZN,1m
2026-05-08 14:05:00+00:00,272.8699951171875,272.8699951171875,272.19000244140625,272.5199890136719,107246,AMZN,1m
2026-05-08 14:06:00+00:00,272.5,272.760009765625,272.4949951171875,272.75,57314,AMZN,1m
2026-05-08 14:07:00+00:00,272.75,272.8399963378906,272.4949951171875,272.75,63034,AMZN,1m
2026-05-08 14:08:00+00:00,272.75,273.0899963378906,272.7301025390625,273.07000732421875,85658,AMZN,1m
2026-05-08 14:09:00+00:00,273.0899963378906,273.25,272.9200134277344,272.9800109863281,91567,AMZN,1m
2026-05-08 14:10:00+00:00,272.9800109863281,273.0198974609375,272.7699890136719,272.885009765625,83420,AMZN,1m
2026-05-08 14:11:00+00:00,272.875,273.2300109863281,272.82000732421875,273.1700134277344,98740,AMZN,1m
2026-05-08 14:12:00+00:00,273.1449890136719,273.2099914550781,272.9100036621094,273.0,112075,AMZN,1m
2026-05-08 14:13:00+00:00,272.9800109863281,273.2300109863281,272.9024963378906,273.19000244140625,92614,AMZN,1m
2026-05-08 14:14:00+00:00,273.1600036621094,273.3699951171875,273.1000061035156,273.2699890136719,100766,AMZN,1m
2026-05-08 14:15:00+00:00,273.2349853515625,273.3758850097656,273.010009765625,273.3599853515625,95868,AMZN,1m
2026-05-08 14:16:00+00:00,273.3399963378906,273.3500061035156,272.7701110839844,272.7799987792969,87021,AMZN,1m
2026-05-08 14:17:00+00:00,272.7099914550781,272.75,272.5,272.56500244140625,70622,AMZN,1m
2026-05-08 14:18:00+00:00,272.56500244140625,272.7698974609375,272.5400085449219,272.70001220703125,47379,AMZN,1m
2026-05-08 14:19:00+00:00,272.67999267578125,272.739990234375,272.4700012207031,272.5599975585937,44710,AMZN,1m
2026-05-08 14:20:00+00:00,272.5400085449219,272.67498779296875,272.4700012207031,272.67498779296875,58271,AMZN,1m
2026-05-08 14:21:00+00:00,272.6600036621094,272.94500732421875,272.6543884277344,272.8599853515625,58049,AMZN,1m
2026-05-08 14:22:00+00:00,272.8599853515625,272.9800109863281,272.6499938964844,272.67999267578125,49790,AMZN,1m
2026-05-08 14:23:00+00:00,272.6650085449219,272.760009765625,272.4700012207031,272.4800109863281,52288,AMZN,1m
2026-05-08 14:24:00+00:00,272.4800109863281,272.75,272.4800109863281,272.75,42899,AMZN,1m
2026-05-08 14:25:00+00:00,272.75,272.7596130371094,272.4599914550781,272.69000244140625,48295,AMZN,1m
2026-05-08 14:26:00+00:00,272.6700134277344,272.739990234375,272.5899963378906,272.7149963378906,39854,AMZN,1m
2026-05-08 14:27:00+00:00,272.70001220703125,272.75,272.5950012207031,272.6400146484375,31838,AMZN,1m
2026-05-08 14:28:00+00:00,272.6099853515625,272.614990234375,272.3949890136719,272.3999938964844,59251,AMZN,1m
2026-05-08 14:29:00+00:00,272.35009765625,272.6199951171875,272.29998779296875,272.4200134277344,67163,AMZN,1m
2026-05-08 14:30:00+00:00,272.4150085449219,272.4349975585937,272.10009765625,272.1889038085937,89237,AMZN,1m
2026-05-08 14:31:00+00:00,272.1600036621094,272.6400146484375,272.1499938964844,272.44000244140625,81594,AMZN,1m
2026-05-08 14:32:00+00:00,272.44000244140625,272.4599914550781,272.2799987792969,272.2799987792969,45165,AMZN,1m
2026-05-08 14:33:00+00:00,272.2799987792969,272.42999267578125,272.239990234375,272.2749938964844,73790,AMZN,1m
2026-05-08 14:34:00+00:00,272.29998779296875,272.5450134277344,272.2850036621094,272.4800109863281,48547,AMZN,1m
2026-05-08 14:35:00+00:00,272.4599914550781,272.5799865722656,272.0716857910156,272.20001220703125,139057,AMZN,1m
2026-05-08 14:36:00+00:00,272.1600036621094,272.3500061035156,272.1449890136719,272.1600036621094,36789,AMZN,1m
2026-05-08 14:37:00+00:00,272.1600036621094,272.3799133300781,272.0400085449219,272.19500732421875,37969,AMZN,1m
2026-05-08 14:38:00+00:00,272.20001220703125,272.2950134277344,272.1300048828125,272.15509033203125,49356,AMZN,1m
2026-05-08 14:39:00+00:00,272.1059875488281,272.20001220703125,272.0299987792969,272.19000244140625,33954,AMZN,1m
2026-05-08 14:40:00+00:00,272.1849975585937,272.2550048828125,272.0350036621094,272.04998779296875,27092,AMZN,1m
2026-05-08 14:41:00+00:00,272.0400085449219,272.12939453125,271.7099914550781,271.739990234375,86711,AMZN,1m
2026-05-08 14:42:00+00:00,271.760009765625,271.7699890136719,271.6600036621094,271.7200012207031,56207,AMZN,1m
2026-05-08 14:43:00+00:00,271.718505859375,271.7699890136719,271.6199951171875,271.760009765625,39828,AMZN,1m
2026-05-08 14:44:00+00:00,271.75,271.8099975585937,271.70001220703125,271.7200012207031,108691,AMZN,1m
2026-05-08 14:45:00+00:00,271.7099914550781,271.7099914550781,271.4200134277344,271.6000061035156,86811,AMZN,1m
2026-05-08 14:46:00+00:00,271.593994140625,271.6300048828125,271.4800109863281,271.6300048828125,52224,AMZN,1m
2026-05-08 14:47:00+00:00,271.5979919433594,272.1849975585937,271.5979919433594,272.07989501953125,89656,AMZN,1m
2026-05-08 14:48:00+00:00,272.0400085449219,272.3041076660156,272.0400085449219,272.2349853515625,57624,AMZN,1m
2026-05-08 14:49:00+00:00,272.2300109863281,272.32000732421875,272.1000061035156,272.29998779296875,76528,AMZN,1m
2026-05-08 14:50:00+00:00,272.29998779296875,272.3900146484375,272.1849975585937,272.3399963378906,82124,AMZN,1m
2026-05-08 14:51:00+00:00,272.29998779296875,272.45001220703125,272.0199890136719,272.0350036621094,85414,AMZN,1m
2026-05-08 14:52:00+00:00,272.0199890136719,272.1400146484375,271.9599914550781,272.1400146484375,44053,AMZN,1m
2026-05-08 14:53:00+00:00,272.1050109863281,272.239990234375,271.96490478515625,272.04998779296875,36599,AMZN,1m
2026-05-08 14:54:00+00:00,272.0599975585937,272.2349853515625,271.9599914550781,272.2200012207031,26843,AMZN,1m
2026-05-08 14:55:00+00:00,272.239990234375,272.3299865722656,272.1000061035156,272.1050109863281,55995,AMZN,1m
2026-05-08 14:56:00+00:00,272.1300048828125,272.2699890136719,272.10009765625,272.1600036621094,42220,AMZN,1m
2026-05-08 14:57:00+00:00,272.1549987792969,272.260009765625,272.1300048828125,272.20001220703125,45809,AMZN,1m
2026-05-08 14:58:00+00:00,272.20001220703125,272.2091064453125,272.1199951171875,272.19000244140625,34459,AMZN,1m
2026-05-08 14:59:00+00:00,272.19000244140625,272.2200012207031,271.9100036621094,271.9100036621094,65042,AMZN,1m
2026-05-08 15:00:00+00:00,271.9150085449219,272.17498779296875,271.8599853515625,272.17498779296875,51190,AMZN,1m
2026-05-08 15:01:00+00:00,272.17498779296875,272.6000061035156,272.17498779296875,272.59991455078125,71198,AMZN,1m
2026-05-08 15:02:00+00:00,272.57501220703125,272.864013671875,272.510009765625,272.82501220703125,87200,AMZN,1m
2026-05-08 15:03:00+00:00,272.8399963378906,272.8599853515625,272.6400146484375,272.7699890136719,80779,AMZN,1m
2026-05-08 15:04:00+00:00,272.7900085449219,272.82501220703125,272.6000061035156,272.6449890136719,47658,AMZN,1m
2026-05-08 15:05:00+00:00,272.6300048828125,272.7200012207031,272.3900146484375,272.3949890136719,44413,AMZN,1m
2026-05-08 15:06:00+00:00,272.3800048828125,272.4700012207031,272.2200012207031,272.4700012207031,69326,AMZN,1m
2026-05-08 15:07:00+00:00,272.4700012207031,272.489990234375,272.1700134277344,272.3099975585937,71329,AMZN,1m
2026-05-08 15:08:00+00:00,272.33990478515625,272.54998779296875,272.260009765625,272.4049987792969,49971,AMZN,1m
2026-05-08 15:09:00+00:00,272.4049987792969,272.5,272.2900085449219,272.3599853515625,32444,AMZN,1m
2026-05-08 15:10:00+00:00,272.3800048828125,272.3900146484375,272.17010498046875,272.2099914550781,44757,AMZN,1m
2026-05-08 15:11:00+00:00,272.2300109863281,272.5400085449219,272.2300109863281,272.5299987792969,33147,AMZN,1m
2026-05-08 15:12:00+00:00,272.5150146484375,272.5400085449219,272.29998779296875,272.3099975585937,29754,AMZN,1m
2026-05-08 15:13:00+00:00,272.2900085449219,272.29998779296875,272.17498779296875,272.2449951171875,51113,AMZN,1m
2026-05-08 15:14:00+00:00,272.2349853515625,272.2900085449219,272.0950012207031,272.0950012207031,67665,AMZN,1m
2026-05-08 15:15:00+00:00,272.0950012207031,272.3299865722656,272.04010009765625,272.32000732421875,47232,AMZN,1m
2026-05-08 15:16:00+00:00,272.32000732421875,272.3349914550781,272.17999267578125,272.2900085449219,54838,AMZN,1m
2026-05-08 15:17:00+00:00,272.2900085449219,272.3599853515625,272.20001220703125,272.2699890136719,53869,AMZN,1m
2026-05-08 15:18:00+00:00,272.260009765625,272.44000244140625,272.260009765625,272.3800048828125,35803,AMZN,1m
2026-05-08 15:19:00+00:00,272.3900146484375,272.5356140136719,272.3301086425781,272.489990234375,29799,AMZN,1m
2026-05-08 15:20:00+00:00,272.510009765625,272.5400085449219,272.4349975585937,272.4800109863281,42794,AMZN,1m
2026-05-08 15:21:00+00:00,272.4599914550781,272.6549987792969,272.4599914550781,272.6300048828125,41301,AMZN,1m
2026-05-08 15:22:00+00:00,272.614990234375,272.6400146484375,272.4150085449219,272.4150085449219,45418,AMZN,1m
2026-05-08 15:23:00+00:00,272.42999267578125,272.510009765625,272.3700866699219,272.4700012207031,68548,AMZN,1m
2026-05-08 15:24:00+00:00,272.489990234375,272.54949951171875,272.3699951171875,272.3699951171875,40942,AMZN,1m
2026-05-08 15:25:00+00:00,272.3800048828125,272.70001220703125,272.3599853515625,272.5849914550781,54907,AMZN,1m
2026-05-08 15:26:00+00:00,272.6000061035156,272.67999267578125,272.56500244140625,272.5899963378906,56634,AMZN,1m
2026-05-08 15:27:00+00:00,272.5799865722656,272.69000244140625,272.5599975585937,272.6300048828125,47113,AMZN,1m
2026-05-08 15:28:00+00:00,272.6449890136719,272.7200012207031,272.635009765625,272.69500732421875,39513,AMZN,1m
2026-05-08 15:29:00+00:00,272.67999267578125,272.8999938964844,272.67999267578125,272.8999938964844,84647,AMZN,1m
2026-05-08 15:30:00+00:00,272.9100036621094,272.95001220703125,272.54998779296875,272.6000061035156,87240,AMZN,1m
2026-05-08 15:31:00+00:00,272.6199951171875,272.82000732421875,272.5150146484375,272.79998779296875,57832,AMZN,1m
2026-05-08 15:32:00+00:00,272.79998779296875,272.79998779296875,272.6099853515625,272.6300048828125,51639,AMZN,1m
2026-05-08 15:33:00+00:00,272.6000061035156,272.614990234375,272.4599914550781,272.4800109863281,49079,AMZN,1m
2026-05-08 15:34:00+00:00,272.4700012207031,272.5361022949219,272.3500061035156,272.4700012207031,47913,AMZN,1m
2026-05-08 15:35:00+00:00,272.4599914550781,272.6073913574219,272.4049987792969,272.5849914550781,54831,AMZN,1m
2026-05-08 15:36:00+00:00,272.57000732421875,272.7699890136719,272.5599975585937,272.69000244140625,74266,AMZN,1m
2026-05-08 15:37:00+00:00,272.69000244140625,272.875,272.5899963378906,272.81500244140625,87246,AMZN,1m
2026-05-08 15:38:00+00:00,272.79998779296875,272.92999267578125,272.7300109863281,272.889892578125,76078,AMZN,1m
2026-05-08 15:39:00+00:00,272.8599853515625,272.95001220703125,272.67498779296875,272.8388977050781,63068,AMZN,1m
2026-05-08 15:40:00+00:00,272.8175048828125,273.1000061035156,272.739990234375,272.9800109863281,120346,AMZN,1m
2026-05-08 15:41:00+00:00,272.989990234375,273.0400085449219,272.6300048828125,272.6600036621094,71163,AMZN,1m
2026-05-08 15:42:00+00:00,272.6199951171875,272.760009765625,272.5199890136719,272.760009765625,65817,AMZN,1m
2026-05-08 15:43:00+00:00,272.7799987792969,273.1000061035156,272.7650146484375,272.9049987792969,62258,AMZN,1m
2026-05-08 15:44:00+00:00,272.9200134277344,273.0899963378906,272.9200134277344,273.010009765625,31196,AMZN,1m
2026-05-08 15:45:00+00:00,273.010009765625,273.0299987792969,272.860107421875,272.9750061035156,38965,AMZN,1m
2026-05-08 15:46:00+00:00,272.9599914550781,273.09991455078125,272.9200134277344,273.0635986328125,54563,AMZN,1m
2026-05-08 15:47:00+00:00,273.04998779296875,273.2095031738281,273.04998779296875,273.20001220703125,86338,AMZN,1m
2026-05-08 15:48:00+00:00,273.2099914550781,273.3099975585937,273.1702880859375,273.17498779296875,86872,AMZN,1m
2026-05-08 15:49:00+00:00,273.1680908203125,273.2149963378906,273.0799865722656,273.1600036621094,54585,AMZN,1m
2026-05-08 15:50:00+00:00,273.1499938964844,273.3299865722656,273.1300048828125,273.2799987792969,59887,AMZN,1m
2026-05-08 15:51:00+00:00,273.2569885253906,273.489990234375,273.2200012207031,273.3999938964844,124069,AMZN,1m
2026-05-08 15:52:00+00:00,273.3999938964844,273.4200134277344,273.1000061035156,273.1400146484375,78894,AMZN,1m
2026-05-08 15:53:00+00:00,273.1499938964844,273.2898864746094,273.1499938964844,273.2200012207031,58883,AMZN,1m
2026-05-08 15:54:00+00:00,273.2099914550781,273.3500061035156,273.1600036621094,273.3299865722656,46573,AMZN,1m
2026-05-08 15:55:00+00:00,273.3399963378906,273.3699951171875,272.8572998046875,272.885009765625,66164,AMZN,1m
2026-05-08 15:56:00+00:00,272.885009765625,273.189697265625,272.8800048828125,273.189697265625,51905,AMZN,1m
2026-05-08 15:57:00+00:00,273.17999267578125,273.19000244140625,272.9800109863281,273.0199890136719,44135,AMZN,1m
2026-05-08 15:58:00+00:00,273.04998779296875,273.0730895996094,272.7101135253906,272.7200012207031,32985,AMZN,1m
2026-05-08 15:59:00+00:00,272.7250061035156,272.79998779296875,272.5899963378906,272.6300048828125,49877,AMZN,1m
2026-05-08 16:00:00+00:00,272.625,272.8999938964844,272.6099853515625,272.885009765625,63545,AMZN,1m
2026-05-08 16:01:00+00:00,272.885009765625,272.9800109863281,272.8163146972656,272.9800109863281,38650,AMZN,1m
2026-05-08 16:02:00+00:00,272.98590087890625,272.989990234375,272.7799987792969,272.7799987792969,33776,AMZN,1m
2026-05-08 16:03:00+00:00,272.8099975585937,272.885009765625,272.7699890136719,272.8299865722656,22702,AMZN,1m
2026-05-08 16:04:00+00:00,272.83599853515625,272.94000244140625,272.83599853515625,272.94000244140625,43618,AMZN,1m
2026-05-08 16:05:00+00:00,272.92999267578125,273.010009765625,272.8886108398437,272.94000244140625,44614,AMZN,1m
2026-05-08 16:06:00+00:00,272.9150085449219,272.9700012207031,272.8900146484375,272.92999267578125,36248,AMZN,1m
2026-05-08 16:07:00+00:00,272.94000244140625,272.989990234375,272.8699951171875,272.9150085449219,28710,AMZN,1m
2026-05-08 16:08:00+00:00,272.9200134277344,272.9349975585937,272.7799987792969,272.8399963378906,42753,AMZN,1m
2026-05-08 16:09:00+00:00,272.8450012207031,272.885009765625,272.8099975585937,272.885009765625,14922,AMZN,1m
2026-05-08 16:10:00+00:00,272.8999938964844,272.9750061035156,272.8800048828125,272.8800048828125,34270,AMZN,1m
2026-05-08 16:11:00+00:00,272.8392028808594,272.9800109863281,272.8392028808594,272.92498779296875,27863,AMZN,1m
2026-05-08 16:12:00+00:00,272.95001220703125,273.0199890136719,272.8999938964844,272.9700012207031,25237,AMZN,1m
2026-05-08 16:13:00+00:00,272.9700012207031,273.1199951171875,272.9700012207031,273.114990234375,499532,AMZN,1m
2026-05-08 16:14:00+00:00,273.0950012207031,273.29998779296875,273.0950012207031,273.2550048828125,48071,AMZN,1m
2026-05-08 16:15:00+00:00,273.239990234375,273.3599853515625,273.2300109863281,273.2699890136719,52136,AMZN,1m
2026-05-08 16:16:00+00:00,273.2900085449219,273.3399963378906,273.1300048828125,273.1700134277344,32228,AMZN,1m
2026-05-08 16:17:00+00:00,273.1400146484375,273.2200012207031,273.0899963378906,273.19000244140625,41079,AMZN,1m
2026-05-08 16:18:00+00:00,273.17999267578125,273.3550109863281,273.177001953125,273.3212890625,38164,AMZN,1m
2026-05-08 16:19:00+00:00,273.3099975585937,273.3500061035156,273.2200927734375,273.239990234375,43252,AMZN,1m
2026-05-08 16:20:00+00:00,273.2550048828125,273.2898864746094,273.1099853515625,273.1099853515625,41461,AMZN,1m
2026-05-08 16:21:00+00:00,273.12799072265625,273.1816101074219,273.0799865722656,273.1549987792969,23855,AMZN,1m
2026-05-08 16:22:00+00:00,273.19000244140625,273.285888671875,273.1700134277344,273.2300109863281,30772,AMZN,1m
2026-05-08 16:23:00+00:00,273.2250061035156,273.2300109863281,273.1310119628906,273.1700134277344,33245,AMZN,1m
2026-05-08 16:24:00+00:00,273.1601867675781,273.1700134277344,273.0799865722656,273.0950012207031,33805,AMZN,1m
2026-05-08 16:25:00+00:00,273.1099853515625,273.19000244140625,273.0600891113281,273.1449890136719,54625,AMZN,1m
2026-05-08 16:26:00+00:00,273.1400146484375,273.2799987792969,273.0599975585937,273.0799865722656,62839,AMZN,1m
2026-05-08 16:27:00+00:00,273.1000061035156,273.1549987792969,273.04998779296875,273.1000061035156,101073,AMZN,1m
2026-05-08 16:28:00+00:00,273.1000061035156,273.2300109863281,273.0799865722656,273.1400146484375,50978,AMZN,1m
2026-05-08 16:29:00+00:00,273.1400146484375,273.2900085449219,272.95001220703125,272.9601135253906,49953,AMZN,1m
2026-05-08 16:30:00+00:00,272.94500732421875,273.19000244140625,272.82000732421875,272.82000732421875,33419,AMZN,1m
2026-05-08 16:31:00+00:00,272.79998779296875,272.8550109863281,272.6600036621094,272.8299865722656,62646,AMZN,1m
2026-05-08 16:32:00+00:00,272.8500061035156,272.8699951171875,272.7001037597656,272.7449951171875,33396,AMZN,1m
2026-05-08 16:33:00+00:00,272.7349853515625,272.92999267578125,272.7300109863281,272.8800048828125,48320,AMZN,1m
2026-05-08 16:34:00+00:00,272.9049987792969,272.9800109863281,272.8299865722656,272.8599853515625,21477,AMZN,1m
2026-05-08 16:35:00+00:00,272.8500061035156,272.9599914550781,272.8399963378906,272.8399963378906,26953,AMZN,1m
2026-05-08 16:36:00+00:00,272.8550109863281,272.9200134277344,272.760009765625,272.9200134277344,27146,AMZN,1m
2026-05-08 16:37:00+00:00,272.94000244140625,273.0,272.8099975585937,272.8599853515625,55258,AMZN,1m
2026-05-08 16:38:00+00:00,272.8500061035156,272.9750061035156,272.8160095214844,272.875,21497,AMZN,1m
2026-05-08 16:39:00+00:00,272.8699951171875,272.9700012207031,272.8500061035156,272.8999938964844,36485,AMZN,1m
2026-05-08 16:40:00+00:00,272.8949890136719,272.9100036621094,272.6099853515625,272.6199951171875,30599,AMZN,1m
2026-05-08 16:41:00+00:00,272.6300048828125,272.639892578125,272.5400085449219,272.57000732421875,25826,AMZN,1m
2026-05-08 16:42:00+00:00,272.54998779296875,272.5599975585937,272.4549865722656,272.4700012207031,32201,AMZN,1m
2026-05-08 16:43:00+00:00,272.4849853515625,272.5,272.32000732421875,272.3900146484375,41990,AMZN,1m
2026-05-08 16:44:00+00:00,272.4049987792969,272.5050048828125,272.4049987792969,272.44000244140625,146545,AMZN,1m
2026-05-08 16:45:00+00:00,272.45001220703125,272.67498779296875,272.43798828125,272.67498779296875,71291,AMZN,1m
2026-05-08 16:46:00+00:00,272.67498779296875,272.70001220703125,272.57000732421875,272.67999267578125,32815,AMZN,1m
2026-05-08 16:47:00+00:00,272.67999267578125,272.7900085449219,272.67999267578125,272.7749938964844,31452,AMZN,1m
2026-05-08 16:48:00+00:00,272.7850036621094,272.864990234375,272.7699890136719,272.8599853515625,26878,AMZN,1m
2026-05-08 16:49:00+00:00,272.875,272.94500732421875,272.8399963378906,272.94500732421875,38878,AMZN,1m
2026-05-08 16:50:00+00:00,272.9599914550781,272.9599914550781,272.7860107421875,272.7860107421875,61780,AMZN,1m
2026-05-08 16:51:00+00:00,272.7799987792969,272.8900146484375,272.7749938964844,272.79998779296875,21226,AMZN,1m
2026-05-08 16:52:00+00:00,272.7850036621094,272.8099975585937,272.4800109863281,272.5350036621094,71791,AMZN,1m
2026-05-08 16:53:00+00:00,272.54998779296875,272.635009765625,272.5199890136719,272.6300048828125,34203,AMZN,1m
2026-05-08 16:54:00+00:00,272.6700134277344,272.7598876953125,272.6300964355469,272.69000244140625,25841,AMZN,1m
2026-05-08 16:55:00+00:00,272.6600036621094,272.7019958496094,272.5,272.510009765625,43358,AMZN,1m
2026-05-08 16:56:00+00:00,272.5199890136719,272.5299987792969,272.3900146484375,272.42999267578125,39122,AMZN,1m
2026-05-08 16:57:00+00:00,272.4117126464844,272.4800109863281,272.4117126464844,272.4349975585937,32690,AMZN,1m
2026-05-08 16:58:00+00:00,272.44000244140625,272.53961181640625,272.44000244140625,272.49249267578125,23165,AMZN,1m
2026-05-08 16:59:00+00:00,272.5,272.552490234375,272.4750061035156,272.4750061035156,29520,AMZN,1m
2026-05-08 17:00:00+00:00,272.4750061035156,272.6449890136719,272.4750061035156,272.6400146484375,30789,AMZN,1m
2026-05-08 17:01:00+00:00,272.6199951171875,272.7650146484375,272.6199951171875,272.739990234375,34383,AMZN,1m
2026-05-08 17:02:00+00:00,272.739990234375,272.9049987792969,272.739990234375,272.8399963378906,44228,AMZN,1m
2026-05-08 17:03:00+00:00,272.8450012207031,272.94000244140625,272.8099975585937,272.9150085449219,36564,AMZN,1m
2026-05-08 17:04:00+00:00,272.9200134277344,273.1400146484375,272.8999938964844,273.07501220703125,56979,AMZN,1m
2026-05-08 17:05:00+00:00,273.0877990722656,273.2200012207031,273.0299987792969,273.04998779296875,75250,AMZN,1m
2026-05-08 17:06:00+00:00,273.0950012207031,273.1889953613281,273.04998779296875,273.125,37728,AMZN,1m
2026-05-08 17:07:00+00:00,273.125,273.1700134277344,273.07501220703125,273.1000061035156,35397,AMZN,1m
2026-05-08 17:08:00+00:00,273.0950012207031,273.239990234375,273.081298828125,273.2074890136719,32802,AMZN,1m
2026-05-08 17:09:00+00:00,273.2149963378906,273.29998779296875,273.17999267578125,273.20001220703125,50604,AMZN,1m
2026-05-08 17:10:00+00:00,273.2149963378906,273.25,273.1199951171875,273.20001220703125,34534,AMZN,1m
2026-05-08 17:11:00+00:00,273.17498779296875,273.20001220703125,273.0599975585937,273.0899963378906,24812,AMZN,1m
2026-05-08 17:12:00+00:00,273.0849914550781,273.1400146484375,273.0,273.04998779296875,48240,AMZN,1m
2026-05-08 17:13:00+00:00,273.0299987792969,273.1050109863281,273.0299987792969,273.0899963378906,22869,AMZN,1m
2026-05-08 17:14:00+00:00,273.0799865722656,273.1300048828125,273.0450134277344,273.05499267578125,29716,AMZN,1m
2026-05-08 17:15:00+00:00,273.04998779296875,273.1300048828125,272.8900146484375,272.989990234375,104974,AMZN,1m
2026-05-08 17:16:00+00:00,272.9849853515625,273.05731201171875,272.94000244140625,273.0199890136719,33174,AMZN,1m
2026-05-08 17:17:00+00:00,273.0299987792969,273.1199951171875,273.010009765625,273.0150146484375,32944,AMZN,1m
2026-05-08 17:18:00+00:00,273.0150146484375,273.1400146484375,272.9800109863281,273.135009765625,41473,AMZN,1m
2026-05-08 17:19:00+00:00,273.1402893066406,273.19000244140625,273.0801086425781,273.0899963378906,49526,AMZN,1m
2026-05-08 17:20:00+00:00,273.0299987792969,273.1199035644531,273.0150146484375,273.1199035644531,32924,AMZN,1m
2026-05-08 17:21:00+00:00,273.1099853515625,273.1099853515625,273.0299987792969,273.07000732421875,39176,AMZN,1m
2026-05-08 17:22:00+00:00,273.05499267578125,273.06500244140625,272.89990234375,272.9049987792969,47170,AMZN,1m
2026-05-08 17:23:00+00:00,272.91510009765625,272.91510009765625,272.7200012207031,272.7200012207031,46192,AMZN,1m
2026-05-08 17:24:00+00:00,272.7250061035156,272.8450012207031,272.6400146484375,272.7200012207031,136079,AMZN,1m
2026-05-08 17:25:00+00:00,272.739990234375,272.7699890136719,272.6199951171875,272.65399169921875,39198,AMZN,1m
2026-05-08 17:26:00+00:00,272.6369934082031,272.7099914550781,272.3299865722656,272.3599853515625,54852,AMZN,1m
2026-05-08 17:27:00+00:00,272.3699951171875,272.385986328125,272.1499938964844,272.2699890136719,98567,AMZN,1m
2026-05-08 17:28:00+00:00,272.2900085449219,272.3349914550781,272.25,272.32000732421875,42852,AMZN,1m
2026-05-08 17:29:00+00:00,272.3099975585937,272.45001220703125,272.2550048828125,272.340087890625,105027,AMZN,1m
2026-05-08 17:30:00+00:00,272.3900146484375,272.635009765625,272.3900146484375,272.57000732421875,65305,AMZN,1m
2026-05-08 17:31:00+00:00,272.54998779296875,272.6300048828125,272.5150146484375,272.6050109863281,29527,AMZN,1m
2026-05-08 17:32:00+00:00,272.5950012207031,272.6300048828125,272.44000244140625,272.4599914550781,42696,AMZN,1m
2026-05-08 17:33:00+00:00,272.4800109863281,272.5150146484375,272.3800048828125,272.3800048828125,40982,AMZN,1m
2026-05-08 17:34:00+00:00,272.389892578125,272.5150146484375,272.3299865722656,272.4949951171875,42012,AMZN,1m
2026-05-08 17:35:00+00:00,272.510009765625,272.56500244140625,272.45001220703125,272.4549865722656,27663,AMZN,1m
2026-05-08 17:36:00+00:00,272.4700012207031,272.5400085449219,272.4101867675781,272.45001220703125,26059,AMZN,1m
2026-05-08 17:37:00+00:00,272.5,272.6499938964844,272.4800109863281,272.6050109863281,55410,AMZN,1m
2026-05-08 17:38:00+00:00,272.6050109863281,272.6300048828125,272.5199890136719,272.54998779296875,33186,AMZN,1m
2026-05-08 17:39:00+00:00,272.5350036621094,272.56500244140625,272.3901062011719,272.4349975585937,54858,AMZN,1m
2026-05-08 17:40:00+00:00,272.44000244140625,272.4800109863281,272.3900146484375,272.4800109863281,18877,AMZN,1m
2026-05-08 17:41:00+00:00,272.4800109863281,272.4800109863281,272.4100036621094,272.4549865722656,20691,AMZN,1m
2026-05-08 17:42:00+00:00,272.4700012207031,272.5400085449219,272.4700012207031,272.5299987792969,44676,AMZN,1m
2026-05-08 17:43:00+00:00,272.5400085449219,272.54998779296875,272.3800048828125,272.4740905761719,37969,AMZN,1m
2026-05-08 17:44:00+00:00,272.4599914550781,272.4798889160156,272.3299865722656,272.3299865722656,522776,AMZN,1m
2026-05-08 17:45:00+00:00,272.3299865722656,272.5299987792969,272.3299865722656,272.4700012207031,32248,AMZN,1m
2026-05-08 17:46:00+00:00,272.4800109863281,272.6000061035156,272.4800109863281,272.5599975585937,40335,AMZN,1m
2026-05-08 17:47:00+00:00,272.5599975585937,272.5599975585937,272.4100036621094,272.4349975585937,39840,AMZN,1m
2026-05-08 17:48:00+00:00,272.4200134277344,272.5299987792969,272.3901062011719,272.5054931640625,26302,AMZN,1m
2026-05-08 17:49:00+00:00,272.510009765625,272.5284118652344,272.45001220703125,272.45001220703125,27290,AMZN,1m
2026-05-08 17:50:00+00:00,272.4599914550781,272.7099914550781,272.45001220703125,272.6600036621094,39796,AMZN,1m
2026-05-08 17:51:00+00:00,272.6600036621094,272.760009765625,272.6239929199219,272.739990234375,31787,AMZN,1m
2026-05-08 17:52:00+00:00,272.7300109863281,272.760009765625,272.69000244140625,272.760009765625,26047,AMZN,1m
2026-05-08 17:53:00+00:00,272.760009765625,272.82000732421875,272.75,272.7650146484375,39139,AMZN,1m
2026-05-08 17:54:00+00:00,272.7500915527344,272.8550109863281,272.7500915527344,272.82000732421875,34517,AMZN,1m
2026-05-08 17:55:00+00:00,272.82000732421875,272.8399963378906,272.7300109863281,272.7550048828125,32678,AMZN,1m
2026-05-08 17:56:00+00:00,272.7304992675781,272.7900085449219,272.7300109863281,272.7699890136719,51304,AMZN,1m
2026-05-08 17:57:00+00:00,272.7650146484375,272.7799987792969,272.7099914550781,272.7250061035156,27927,AMZN,1m
2026-05-08 17:58:00+00:00,272.70001220703125,272.7200012207031,272.635009765625,272.6650085449219,29160,AMZN,1m
2026-05-08 17:59:00+00:00,272.67999267578125,272.7200012207031,272.5600891113281,272.57000732421875,39755,AMZN,1m
2026-05-08 18:00:00+00:00,272.57000732421875,273.0,272.4800109863281,272.8299865722656,121755,AMZN,1m
2026-05-08 18:01:00+00:00,272.8399963378906,272.95001220703125,272.8310852050781,272.8996887207031,25726,AMZN,1m
2026-05-08 18:02:00+00:00,272.9200134277344,272.9800109863281,272.8301086425781,272.8949890136719,37140,AMZN,1m
2026-05-08 18:03:00+00:00,272.8949890136719,272.9599914550781,272.82501220703125,272.864990234375,20864,AMZN,1m
2026-05-08 18:04:00+00:00,272.8299865722656,272.94500732421875,272.739990234375,272.7698974609375,32841,AMZN,1m
2026-05-08 18:05:00+00:00,272.7550048828125,272.7799987792969,272.69000244140625,272.75,27299,AMZN,1m
2026-05-08 18:06:00+00:00,272.7900085449219,272.82000732421875,272.5899963378906,272.5899963378906,22041,AMZN,1m
2026-05-08 18:07:00+00:00,272.5899963378906,272.59991455078125,272.4801025390625,272.54998779296875,30888,AMZN,1m
2026-05-08 18:08:00+00:00,272.5450134277344,272.6097106933594,272.5038146972656,272.510009765625,32938,AMZN,1m
2026-05-08 18:09:00+00:00,272.5,272.5,272.2699890136719,272.3099975585937,63757,AMZN,1m
2026-05-08 18:10:00+00:00,272.31500244140625,272.31500244140625,272.1600036621094,272.2749938964844,57203,AMZN,1m
2026-05-08 18:11:00+00:00,272.2900085449219,272.3299865722656,272.2250061035156,272.32000732421875,31990,AMZN,1m
2026-05-08 18:12:00+00:00,272.32000732421875,272.5400085449219,272.3153076171875,272.5,34455,AMZN,1m
2026-05-08 18:13:00+00:00,272.5,272.5249938964844,272.4100036621094,272.489990234375,23153,AMZN,1m
2026-05-08 18:14:00+00:00,272.4700012207031,272.5199890136719,272.42999267578125,272.4599914550781,24830,AMZN,1m
2026-05-08 18:15:00+00:00,272.4700012207031,272.5299072265625,272.340087890625,272.375,69351,AMZN,1m
2026-05-08 18:16:00+00:00,272.3900146484375,272.4599914550781,272.3599853515625,272.42999267578125,25866,AMZN,1m
2026-05-08 18:17:00+00:00,272.4200134277344,272.5,272.3999938964844,272.489990234375,26195,AMZN,1m
2026-05-08 18:18:00+00:00,272.489990234375,272.489990234375,272.3800048828125,272.4549865722656,41844,AMZN,1m
2026-05-08 18:19:00+00:00,272.4400939941406,272.510009765625,272.42999267578125,272.44500732421875,41921,AMZN,1m
2026-05-08 18:20:00+00:00,272.42999267578125,272.510009765625,272.42010498046875,272.45001220703125,30406,AMZN,1m
2026-05-08 18:21:00+00:00,272.45001220703125,272.45001220703125,272.3599853515625,272.3800048828125,29428,AMZN,1m
2026-05-08 18:22:00+00:00,272.377685546875,272.45001220703125,272.377685546875,272.44000244140625,23834,AMZN,1m
2026-05-08 18:23:00+00:00,272.44000244140625,272.44500732421875,272.3999938964844,272.42999267578125,23285,AMZN,1m
2026-05-08 18:24:00+00:00,272.4399108886719,272.4599914550781,272.3800048828125,272.4599914550781,27814,AMZN,1m
2026-05-08 18:25:00+00:00,272.4700012207031,272.5899963378906,272.4599914550781,272.510009765625,69239,AMZN,1m
2026-05-08 18:26:00+00:00,272.5,272.5799865722656,272.4849853515625,272.5299987792969,30042,AMZN,1m
2026-05-08 18:27:00+00:00,272.5249938964844,272.5400085449219,272.4801025390625,272.5199890136719,23634,AMZN,1m
2026-05-08 18:28:00+00:00,272.5199890136719,272.6499938964844,272.5,272.5199890136719,52209,AMZN,1m
2026-05-08 18:29:00+00:00,272.5299987792969,272.5899963378906,272.4801025390625,272.5050048828125,35255,AMZN,1m
2026-05-08 18:30:00+00:00,272.5198974609375,272.5799865722656,272.45001220703125,272.5249938964844,31287,AMZN,1m
2026-05-08 18:31:00+00:00,272.5199890136719,272.5899963378906,272.5,272.5599975585937,29909,AMZN,1m
2026-05-08 18:32:00+00:00,272.57000732421875,272.5867919921875,272.5199890136719,272.54998779296875,33275,AMZN,1m
2026-05-08 18:33:00+00:00,272.5350036621094,272.6199951171875,272.5350036621094,272.57000732421875,39062,AMZN,1m
2026-05-08 18:34:00+00:00,272.5799865722656,272.6300048828125,272.57000732421875,272.6000061035156,39538,AMZN,1m
2026-05-08 18:35:00+00:00,272.6000061035156,272.6499938964844,272.55010986328125,272.5899963378906,24211,AMZN,1m
2026-05-08 18:36:00+00:00,272.6000061035156,272.6596984863281,272.54998779296875,272.5799865722656,34060,AMZN,1m
2026-05-08 18:37:00+00:00,272.58990478515625,272.625,272.4599914550781,272.5194091796875,44575,AMZN,1m
2026-05-08 18:38:00+00:00,272.5,272.5199890136719,272.4599914550781,272.4800109863281,18901,AMZN,1m
2026-05-08 18:39:00+00:00,272.4643859863281,272.4700012207031,272.3100891113281,272.364990234375,35857,AMZN,1m
2026-05-08 18:40:00+00:00,272.364990234375,272.3699035644531,272.2300109863281,272.30499267578125,36577,AMZN,1m
2026-05-08 18:41:00+00:00,272.30499267578125,272.3099975585937,272.239990234375,272.260009765625,31767,AMZN,1m
2026-05-08 18:42:00+00:00,272.2799987792969,272.3699951171875,272.25,272.2749938964844,63592,AMZN,1m
2026-05-08 18:43:00+00:00,272.2749938964844,272.3299865722656,272.0799865722656,272.114990234375,103442,AMZN,1m
2026-05-08 18:44:00+00:00,272.1300048828125,272.1700134277344,271.9700012207031,272.0201110839844,97823,AMZN,1m
2026-05-08 18:45:00+00:00,272.0299987792969,272.1294860839844,271.94000244140625,271.989990234375,87138,AMZN,1m
2026-05-08 18:46:00+00:00,271.9949951171875,272.04998779296875,271.9130859375,272.04998779296875,50907,AMZN,1m
2026-05-08 18:47:00+00:00,272.0299987792969,272.0899963378906,271.95001220703125,272.0599975585937,44532,AMZN,1m
2026-05-08 18:48:00+00:00,272.04998779296875,272.0799865722656,271.989990234375,272.06500244140625,25761,AMZN,1m
2026-05-08 18:49:00+00:00,272.0799865722656,272.1000061035156,272.0199890136719,272.06500244140625,34991,AMZN,1m
2026-05-08 18:50:00+00:00,272.0611877441406,272.1000061035156,271.9852905273437,272.0299987792969,39016,AMZN,1m
2026-05-08 18:51:00+00:00,272.0400085449219,272.2300109863281,272.0400085449219,272.1700134277344,45788,AMZN,1m
2026-05-08 18:52:00+00:00,272.17999267578125,272.2650146484375,272.1600036621094,272.2349853515625,28204,AMZN,1m
2026-05-08 18:53:00+00:00,272.239990234375,272.3299865722656,272.230712890625,272.3099975585937,40646,AMZN,1m
2026-05-08 18:54:00+00:00,272.3099975585937,272.32000732421875,272.1700134277344,272.2300109863281,48963,AMZN,1m
2026-05-08 18:55:00+00:00,272.2300109863281,272.260009765625,272.1199951171875,272.20001220703125,50946,AMZN,1m
2026-05-08 18:56:00+00:00,272.20001220703125,272.2925109863281,272.19000244140625,272.2799987792969,52598,AMZN,1m
2026-05-08 18:57:00+00:00,272.2799987792969,272.3599853515625,272.2300109863281,272.3399963378906,42574,AMZN,1m
2026-05-08 18:58:00+00:00,272.3500061035156,272.4700012207031,272.3399963378906,272.3900146484375,43467,AMZN,1m
2026-05-08 18:59:00+00:00,272.3900146484375,272.42999267578125,272.2900085449219,272.42999267578125,45809,AMZN,1m
2026-05-08 19:00:00+00:00,272.44000244140625,272.5400085449219,272.3699951171875,272.4049987792969,49385,AMZN,1m
2026-05-08 19:01:00+00:00,272.42999267578125,272.4349975585937,272.2300109863281,272.3699951171875,51346,AMZN,1m
2026-05-08 19:02:00+00:00,272.3699951171875,272.44989013671875,272.3550109863281,272.44989013671875,32296,AMZN,1m
2026-05-08 19:03:00+00:00,272.44000244140625,272.5599975585937,272.4100952148437,272.45001220703125,58151,AMZN,1m
2026-05-08 19:04:00+00:00,272.4599914550781,272.57000732421875,272.4200134277344,272.56500244140625,27204,AMZN,1m
2026-05-08 19:05:00+00:00,272.57000732421875,272.625,272.57000732421875,272.6199951171875,46212,AMZN,1m
2026-05-08 19:06:00+00:00,272.6102905273437,272.6600036621094,272.5799865722656,272.6449890136719,59599,AMZN,1m
2026-05-08 19:07:00+00:00,272.6449890136719,272.70001220703125,272.57501220703125,272.6499938964844,57142,AMZN,1m
2026-05-08 19:08:00+00:00,272.6499938964844,272.8299865722656,272.6400146484375,272.7550048828125,61089,AMZN,1m
2026-05-08 19:09:00+00:00,272.75,272.75,272.5799865722656,272.5899963378906,77189,AMZN,1m
2026-05-08 19:10:00+00:00,272.614990234375,272.639892578125,272.5299987792969,272.5799865722656,69747,AMZN,1m
2026-05-08 19:11:00+00:00,272.6000061035156,272.6600036621094,272.4700927734375,272.5299987792969,63211,AMZN,1m
2026-05-08 19:12:00+00:00,272.5299987792969,272.6300048828125,272.5299987792969,272.6199951171875,43257,AMZN,1m
2026-05-08 19:13:00+00:00,272.6199951171875,272.6499938964844,272.5400085449219,272.625,40409,AMZN,1m
2026-05-08 19:14:00+00:00,272.6499938964844,272.760009765625,272.6000061035156,272.7401123046875,42810,AMZN,1m
2026-05-08 19:15:00+00:00,272.7799987792969,272.8729858398437,272.75,272.864990234375,59187,AMZN,1m
2026-05-08 19:16:00+00:00,272.8500061035156,272.9200134277344,272.82000732421875,272.8599853515625,45176,AMZN,1m
2026-05-08 19:17:00+00:00,272.8599853515625,272.8949890136719,272.82000732421875,272.82000732421875,52594,AMZN,1m
2026-05-08 19:18:00+00:00,272.82000732421875,272.95001220703125,272.82000732421875,272.875,57740,AMZN,1m
2026-05-08 19:19:00+00:00,272.875,273.0,272.7699890136719,272.9800109863281,108090,AMZN,1m
2026-05-08 19:20:00+00:00,272.9700012207031,272.9800109863281,272.7699890136719,272.82000732421875,114778,AMZN,1m
2026-05-08 19:21:00+00:00,272.82000732421875,272.9200134277344,272.7799987792969,272.8699951171875,87288,AMZN,1m
2026-05-08 19:22:00+00:00,272.8599853515625,273.1199951171875,272.8500061035156,273.0599975585937,122407,AMZN,1m
2026-05-08 19:23:00+00:00,273.0299987792969,273.1000061035156,272.7799987792969,272.8299865722656,70991,AMZN,1m
2026-05-08 19:24:00+00:00,272.8500061035156,273.0,272.8099975585937,273.0,64323,AMZN,1m
2026-05-08 19:25:00+00:00,272.9530029296875,273.0299987792969,272.9530029296875,273.0198974609375,58766,AMZN,1m
2026-05-08 19:26:00+00:00,273.0199890136719,273.0599060058594,272.9100952148437,273.0,42683,AMZN,1m
2026-05-08 19:27:00+00:00,272.989990234375,273.0199890136719,272.9200134277344,273.010009765625,62331,AMZN,1m
2026-05-08 19:28:00+00:00,273.0199890136719,273.1642150878906,273.010009765625,273.1499938964844,74294,AMZN,1m
2026-05-08 19:29:00+00:00,273.1400146484375,273.15679931640625,273.0199890136719,273.0849914550781,54084,AMZN,1m
2026-05-08 19:30:00+00:00,273.07000732421875,273.19000244140625,273.0400085449219,273.1799011230469,79163,AMZN,1m
2026-05-08 19:31:00+00:00,273.1700134277344,273.2900085449219,273.1700134277344,273.2300109863281,75851,AMZN,1m
2026-05-08 19:32:00+00:00,273.2300109863281,273.32000732421875,273.1000061035156,273.1199951171875,73715,AMZN,1m
2026-05-08 19:33:00+00:00,273.1300048828125,273.260009765625,273.1300048828125,273.14898681640625,48289,AMZN,1m
2026-05-08 19:34:00+00:00,273.1400146484375,273.260009765625,273.1400146484375,273.2349853515625,47462,AMZN,1m
2026-05-08 19:35:00+00:00,273.2349853515625,273.2699890136719,273.13739013671875,273.1900939941406,61547,AMZN,1m
2026-05-08 19:36:00+00:00,273.19000244140625,273.2099914550781,273.04998779296875,273.0799865722656,73884,AMZN,1m
2026-05-08 19:37:00+00:00,273.0950012207031,273.114990234375,272.8500061035156,272.8599853515625,75037,AMZN,1m
2026-05-08 19:38:00+00:00,272.8699951171875,272.989990234375,272.8699951171875,272.9700012207031,51730,AMZN,1m
2026-05-08 19:39:00+00:00,272.9700012207031,273.0050048828125,272.92999267578125,272.9798889160156,58570,AMZN,1m
2026-05-08 19:40:00+00:00,272.9700012207031,273.0799865722656,272.94000244140625,273.010009765625,95491,AMZN,1m
2026-05-08 19:41:00+00:00,273.010009765625,273.1099853515625,273.010009765625,273.04998779296875,91442,AMZN,1m
2026-05-08 19:42:00+00:00,273.0599975585937,273.0799865722656,272.95001220703125,272.9649963378906,59513,AMZN,1m
2026-05-08 19:43:00+00:00,272.9700012207031,273.1600036621094,272.9700012207031,273.1499938964844,58106,AMZN,1m
2026-05-08 19:44:00+00:00,273.1600036621094,273.2099914550781,273.0150146484375,273.04998779296875,70546,AMZN,1m
2026-05-08 19:45:00+00:00,273.0400085449219,273.2900085449219,273.0299987792969,273.2799987792969,98584,AMZN,1m
2026-05-08 19:46:00+00:00,273.2799987792969,273.4649963378906,273.2699890136719,273.4599914550781,116137,AMZN,1m
2026-05-08 19:47:00+00:00,273.4599914550781,273.5450134277344,273.42999267578125,273.510009765625,133902,AMZN,1m
2026-05-08 19:48:00+00:00,273.510009765625,273.6099853515625,273.510009765625,273.5299987792969,138807,AMZN,1m
2026-05-08 19:49:00+00:00,273.510009765625,273.6199951171875,273.5000915527344,273.5398864746094,108991,AMZN,1m
2026-05-08 19:50:00+00:00,273.5299987792969,273.7699890136719,273.3299865722656,273.3599853515625,191471,AMZN,1m
2026-05-08 19:51:00+00:00,273.3699951171875,273.5299987792969,273.3699951171875,273.44000244140625,138130,AMZN,1m
2026-05-08 19:52:00+00:00,273.44000244140625,273.6400146484375,273.4200134277344,273.5799865722656,120618,AMZN,1m
2026-05-08 19:53:00+00:00,273.6000061035156,273.68701171875,273.54998779296875,273.6600952148437,136986,AMZN,1m
2026-05-08 19:54:00+00:00,273.67999267578125,274.0,273.44000244140625,273.8299865722656,310975,AMZN,1m
2026-05-08 19:55:00+00:00,273.7900085449219,273.9200134277344,273.1099853515625,273.1499938964844,307531,AMZN,1m
2026-05-08 19:56:00+00:00,273.1449890136719,273.2850036621094,273.1000061035156,273.135009765625,232203,AMZN,1m
2026-05-08 19:57:00+00:00,273.1300048828125,273.1499938964844,272.908203125,272.92999267578125,324230,AMZN,1m
2026-05-08 19:58:00+00:00,272.94000244140625,273.0,272.6400146484375,272.6549987792969,430622,AMZN,1m
2026-05-08 19:59:00+00:00,272.6600036621094,272.7200012207031,272.5,272.67999267578125,1213999,AMZN,1m
2026-05-11 13:30:00+00:00,269.8349914550781,270.3999938964844,269.1700134277344,270.0950012207031,1840816,AMZN,1m
2026-05-11 13:31:00+00:00,270.0669860839844,270.6099853515625,269.92498779296875,270.42999267578125,158419,AMZN,1m
2026-05-11 13:32:00+00:00,270.4200134277344,270.7499084472656,270.0,270.2650146484375,178715,AMZN,1m
2026-05-11 13:33:00+00:00,270.2650146484375,271.1000061035156,270.1499938964844,270.989990234375,184713,AMZN,1m
2026-05-11 13:34:00+00:00,271.0150146484375,271.8800048828125,271.0,271.8558959960937,227561,AMZN,1m
2026-05-11 13:35:00+00:00,271.7950134277344,272.0899963378906,270.7300109863281,270.8800048828125,242643,AMZN,1m
2026-05-11 13:36:00+00:00,270.875,271.6400146484375,270.625,271.5400085449219,158531,AMZN,1m
2026-05-11 13:37:00+00:00,271.5299987792969,272.3699951171875,271.5199890136719,271.94500732421875,174158,AMZN,1m
2026-05-11 13:38:00+00:00,271.9700012207031,272.1700134277344,271.6300048828125,271.7799987792969,185958,AMZN,1m
2026-05-11 13:39:00+00:00,271.7799987792969,272.260009765625,271.5799865722656,272.17999267578125,150562,AMZN,1m
2026-05-11 13:40:00+00:00,272.17999267578125,272.3500061035156,272.0350036621094,272.2189025878906,126531,AMZN,1m
2026-05-11 13:41:00+00:00,272.17999267578125,272.2900085449219,272.010009765625,272.2099914550781,92207,AMZN,1m
2026-05-11 13:42:00+00:00,272.2099914550781,272.5,272.07000732421875,272.4100036621094,138900,AMZN,1m
2026-05-11 13:43:00+00:00,272.3800048828125,272.9599914550781,272.2550048828125,272.7001037597656,184634,AMZN,1m
2026-05-11 13:44:00+00:00,272.7301025390625,272.7349853515625,272.2699890136719,272.42999267578125,95888,AMZN,1m
2026-05-11 13:45:00+00:00,272.4200134277344,273.2099914550781,272.20001220703125,273.1600036621094,215434,AMZN,1m
2026-05-11 13:46:00+00:00,273.1449890136719,273.19989013671875,272.9100036621094,273.0299987792969,141138,AMZN,1m
2026-05-11 13:47:00+00:00,272.94000244140625,273.125,272.8299865722656,272.9125061035156,104574,AMZN,1m
2026-05-11 13:48:00+00:00,272.94000244140625,273.42999267578125,272.8399963378906,273.29998779296875,144589,AMZN,1m
2026-05-11 13:49:00+00:00,273.2749938964844,273.2886962890625,272.8399963378906,272.8699951171875,175247,AMZN,1m
2026-05-11 13:50:00+00:00,272.8900146484375,273.2699890136719,272.7850036621094,273.0299072265625,147059,AMZN,1m
2026-05-11 13:51:00+00:00,272.9800109863281,273.17999267578125,272.8677062988281,272.92041015625,94419,AMZN,1m
2026-05-11 13:52:00+00:00,272.95001220703125,273.4049987792969,272.9100952148437,273.3450012207031,187598,AMZN,1m
2026-05-11 13:53:00+00:00,273.3399963378906,273.6300048828125,273.29998779296875,273.489990234375,158281,AMZN,1m
2026-05-11 13:54:00+00:00,273.4981994628906,273.4981994628906,272.8949890136719,272.9999084472656,108604,AMZN,1m
2026-05-11 13:55:00+00:00,273.0,273.260009765625,272.660888671875,273.0799865722656,109140,AMZN,1m
2026-05-11 13:56:00+00:00,273.1000061035156,273.1000061035156,272.5799865722656,272.7349853515625,103449,AMZN,1m
2026-05-11 13:57:00+00:00,272.7699890136719,272.84991455078125,272.3299865722656,272.7900085449219,102735,AMZN,1m
2026-05-11 13:58:00+00:00,272.82000732421875,273.0,272.6449890136719,272.92999267578125,104264,AMZN,1m
2026-05-11 13:59:00+00:00,272.92999267578125,273.2300109863281,272.739990234375,273.1700134277344,117073,AMZN,1m
2026-05-11 14:00:00+00:00,273.1600036621094,273.4389038085937,273.0,273.125,132809,AMZN,1m
2026-05-11 14:01:00+00:00,273.1099853515625,273.2099914550781,272.8900146484375,272.9049987792969,103539,AMZN,1m
2026-05-11 14:02:00+00:00,272.9800109863281,273.1300048828125,272.8399963378906,272.9700012207031,156481,AMZN,1m
2026-05-11 14:03:00+00:00,272.9800109863281,273.1300048828125,272.8800048828125,273.0,73781,AMZN,1m
2026-05-11 14:04:00+00:00,273.0199890136719,273.07000732421875,272.7099914550781,272.7200012207031,93045,AMZN,1m
2026-05-11 14:05:00+00:00,272.739990234375,272.9200134277344,272.57501220703125,272.864990234375,135032,AMZN,1m
2026-05-11 14:06:00+00:00,272.875,273.0299987792969,272.6499938964844,272.7701110839844,148960,AMZN,1m
2026-05-11 14:07:00+00:00,272.760009765625,272.7898864746094,272.5,272.6199951171875,68151,AMZN,1m
2026-05-11 14:08:00+00:00,272.6300048828125,273.0299987792969,272.6300048828125,272.8099975585937,95933,AMZN,1m
2026-05-11 14:09:00+00:00,272.82000732421875,272.9349975585937,272.2850036621094,272.3800048828125,95027,AMZN,1m
2026-05-11 14:10:00+00:00,272.3699951171875,272.42999267578125,272.1600036621094,272.3500061035156,71529,AMZN,1m
2026-05-11 14:11:00+00:00,272.31500244140625,272.3299865722656,271.80010986328125,271.81500244140625,104786,AMZN,1m
2026-05-11 14:12:00+00:00,271.8399963378906,271.9700012207031,271.5899963378906,271.70001220703125,102151,AMZN,1m
2026-05-11 14:13:00+00:00,271.6767883300781,271.7950134277344,271.38690185546875,271.739990234375,119754,AMZN,1m
2026-05-11 14:14:00+00:00,271.7200012207031,271.7773132324219,271.6050109863281,271.7200012207031,67369,AMZN,1m
2026-05-11 14:15:00+00:00,271.7099914550781,271.8999938964844,271.6600036621094,271.8587951660156,56646,AMZN,1m
2026-05-11 14:16:00+00:00,271.8301086425781,272.1499938964844,271.8299865722656,272.1000061035156,77442,AMZN,1m
2026-05-11 14:17:00+00:00,272.0849914550781,272.1099853515625,271.69061279296875,271.7300109863281,123645,AMZN,1m
2026-05-11 14:18:00+00:00,271.7300109863281,272.0899963378906,271.7099914550781,271.9549865722656,73093,AMZN,1m
2026-05-11 14:19:00+00:00,271.9599914550781,271.9599914550781,271.5350952148437,271.6650085449219,88527,AMZN,1m
2026-05-11 14:20:00+00:00,271.6700134277344,271.8099975585937,271.6199951171875,271.7049865722656,60569,AMZN,1m
2026-05-11 14:21:00+00:00,271.7300109863281,271.92498779296875,271.7200012207031,271.8301086425781,69077,AMZN,1m
2026-05-11 14:22:00+00:00,271.81500244140625,272.0360107421875,271.81500244140625,271.94000244140625,69742,AMZN,1m
2026-05-11 14:23:00+00:00,271.94000244140625,272.0199890136719,271.7301025390625,271.7650146484375,62243,AMZN,1m
2026-05-11 14:24:00+00:00,271.7651062011719,271.7898864746094,271.6499938964844,271.7596130371094,81311,AMZN,1m
2026-05-11 14:25:00+00:00,271.7449951171875,272.04998779296875,271.7300109863281,272.0168151855469,68045,AMZN,1m
2026-05-11 14:26:00+00:00,272.010009765625,272.2300109863281,271.9700012207031,272.1199951171875,122370,AMZN,1m
2026-05-11 14:27:00+00:00,272.1199951171875,272.1600036621094,271.9150085449219,271.9526062011719,85565,AMZN,1m
2026-05-11 14:28:00+00:00,271.94000244140625,271.9849853515625,271.7300109863281,271.81500244140625,113205,AMZN,1m
2026-05-11 14:29:00+00:00,271.79998779296875,272.0299987792969,271.7799987792969,271.9599914550781,99221,AMZN,1m
2026-05-11 14:30:00+00:00,271.9649963378906,272.2019958496094,271.94000244140625,272.04998779296875,84292,AMZN,1m
2026-05-11 14:31:00+00:00,272.0350036621094,272.1199951171875,271.739990234375,271.7449951171875,99885,AMZN,1m
2026-05-11 14:32:00+00:00,271.75,271.92999267578125,271.6099853515625,271.7049865722656,139791,AMZN,1m
2026-05-11 14:33:00+00:00,271.7298889160156,271.8699951171875,271.69000244140625,271.8099060058594,76484,AMZN,1m
2026-05-11 14:34:00+00:00,271.79998779296875,272.04998779296875,271.739990234375,272.0199890136719,57432,AMZN,1m
2026-05-11 14:35:00+00:00,272.0150146484375,272.0299987792969,271.7850036621094,271.82440185546875,134063,AMZN,1m
2026-05-11 14:36:00+00:00,271.80499267578125,271.92999267578125,271.6600036621094,271.92999267578125,140940,AMZN,1m
2026-05-11 14:37:00+00:00,271.95001220703125,272.07000732421875,271.92999267578125,271.9549865722656,67523,AMZN,1m
2026-05-11 14:38:00+00:00,271.95001220703125,271.95001220703125,271.5849914550781,271.6000061035156,61858,AMZN,1m
2026-05-11 14:39:00+00:00,271.6300048828125,271.8299865722656,271.625,271.7040100097656,32145,AMZN,1m
2026-05-11 14:40:00+00:00,271.6872863769531,271.7099914550781,271.4100036621094,271.5599975585937,115491,AMZN,1m
2026-05-11 14:41:00+00:00,271.5599975585937,271.6199951171875,271.42999267578125,271.5849914550781,61312,AMZN,1m
2026-05-11 14:42:00+00:00,271.56500244140625,271.6400146484375,271.4200134277344,271.6300048828125,53827,AMZN,1m
2026-05-11 14:43:00+00:00,271.6300048828125,271.7099914550781,271.5299987792969,271.5599975585937,41160,AMZN,1m
2026-05-11 14:44:00+00:00,271.5599975585937,271.6600036621094,271.42498779296875,271.42498779296875,70114,AMZN,1m
2026-05-11 14:45:00+00:00,271.4200134277344,271.54998779296875,271.2900085449219,271.3299865722656,78481,AMZN,1m
2026-05-11 14:46:00+00:00,271.32501220703125,271.45001220703125,271.29998779296875,271.42498779296875,43106,AMZN,1m
2026-05-11 14:47:00+00:00,271.4200134277344,271.54998779296875,271.3599853515625,271.3900146484375,47570,AMZN,1m
2026-05-11 14:48:00+00:00,271.385009765625,271.4100036621094,271.2699890136719,271.3699951171875,64659,AMZN,1m
2026-05-11 14:49:00+00:00,271.3599853515625,271.3599853515625,271.2300109863281,271.2401123046875,129613,AMZN,1m
2026-05-11 14:50:00+00:00,271.2409973144531,271.2699890136719,271.1102905273437,271.1400146484375,98847,AMZN,1m
2026-05-11 14:51:00+00:00,271.1099853515625,271.2698974609375,271.0299987792969,271.19000244140625,74645,AMZN,1m
2026-05-11 14:52:00+00:00,271.1799011230469,271.2099914550781,271.0599975585937,271.19000244140625,30494,AMZN,1m
2026-05-11 14:53:00+00:00,271.2099914550781,271.3099975585937,271.17999267578125,271.2449951171875,54134,AMZN,1m
2026-05-11 14:54:00+00:00,271.2300109863281,271.2300109863281,271.1000061035156,271.2300109863281,43772,AMZN,1m
2026-05-11 14:55:00+00:00,271.2099914550781,271.739990234375,271.17999267578125,271.4999084472656,110880,AMZN,1m
2026-05-11 14:56:00+00:00,271.4800109863281,271.7200012207031,271.4100036621094,271.6849975585937,56948,AMZN,1m
2026-05-11 14:57:00+00:00,271.6849975585937,271.77899169921875,271.6199951171875,271.6700134277344,68575,AMZN,1m
2026-05-11 14:58:00+00:00,271.6499938964844,271.8699951171875,271.6400146484375,271.7950134277344,48694,AMZN,1m
2026-05-11 14:59:00+00:00,271.78009033203125,271.8399963378906,271.67999267578125,271.78399658203125,75619,AMZN,1m
2026-05-11 15:00:00+00:00,271.7799987792969,271.7950134277344,271.6099853515625,271.6600036621094,41909,AMZN,1m
2026-05-11 15:01:00+00:00,271.6401062011719,272.0,271.6300048828125,271.8099975585937,86671,AMZN,1m
2026-05-11 15:02:00+00:00,271.79998779296875,271.9525146484375,271.75,271.7850036621094,133894,AMZN,1m
2026-05-11 15:03:00+00:00,271.81500244140625,271.8900146484375,271.69000244140625,271.75,75816,AMZN,1m
2026-05-11 15:04:00+00:00,271.760009765625,271.9100036621094,271.75,271.8999938964844,35851,AMZN,1m
2026-05-11 15:05:00+00:00,271.9049987792969,271.9100036621094,271.79998779296875,271.8399963378906,37081,AMZN,1m
2026-05-11 15:06:00+00:00,271.8190002441406,272.0,271.8190002441406,271.92498779296875,60718,AMZN,1m
2026-05-11 15:07:00+00:00,271.94000244140625,272.2049865722656,271.9100952148437,272.1715087890625,43075,AMZN,1m
2026-05-11 15:08:00+00:00,272.1700134277344,272.2850036621094,272.07501220703125,272.25,44913,AMZN,1m
2026-05-11 15:09:00+00:00,272.2500915527344,272.2998962402344,272.0799865722656,272.0950927734375,49040,AMZN,1m
2026-05-11 15:10:00+00:00,272.10528564453125,272.10528564453125,271.9599914550781,272.0400085449219,33555,AMZN,1m
2026-05-11 15:11:00+00:00,272.0599975585937,272.1499938964844,272.0599975585937,272.0715026855469,36315,AMZN,1m
2026-05-11 15:12:00+00:00,272.07000732421875,272.07000732421875,271.8099975585937,271.8999938964844,36329,AMZN,1m
2026-05-11 15:13:00+00:00,271.9049987792969,271.92999267578125,271.8099975585937,271.8299865722656,33652,AMZN,1m
2026-05-11 15:14:00+00:00,271.8399963378906,271.8500061035156,271.70001220703125,271.70001220703125,48166,AMZN,1m
2026-05-11 15:15:00+00:00,271.7300109863281,271.79998779296875,271.6700134277344,271.79998779296875,35789,AMZN,1m
2026-05-11 15:16:00+00:00,271.79998779296875,272.0,271.7900085449219,271.9840087890625,40987,AMZN,1m
2026-05-11 15:17:00+00:00,271.989990234375,272.0,271.8999938964844,271.9200134277344,36719,AMZN,1m
2026-05-11 15:18:00+00:00,271.9100036621094,271.9949951171875,271.8900146484375,271.94000244140625,39062,AMZN,1m
2026-05-11 15:19:00+00:00,271.94000244140625,272.0,271.8900146484375,271.90509033203125,42192,AMZN,1m
2026-05-11 15:20:00+00:00,271.8900146484375,271.9200134277344,271.8100891113281,271.9100036621094,54805,AMZN,1m
2026-05-11 15:21:00+00:00,271.9100036621094,271.9200134277344,271.8099975585937,271.8699951171875,38829,AMZN,1m
2026-05-11 15:22:00+00:00,271.8699951171875,272.1000061035156,271.8550109863281,271.9200134277344,69600,AMZN,1m
2026-05-11 15:23:00+00:00,271.9150085449219,271.95001220703125,271.8500061035156,271.9100036621094,36159,AMZN,1m
2026-05-11 15:24:00+00:00,271.989990234375,272.0813903808594,271.9700012207031,272.0400085449219,33122,AMZN,1m
2026-05-11 15:25:00+00:00,272.04998779296875,272.1700134277344,271.9800109863281,272.0950012207031,33599,AMZN,1m
2026-05-11 15:26:00+00:00,272.0799865722656,272.2980041503906,272.010009765625,272.2850036621094,61717,AMZN,1m
2026-05-11 15:27:00+00:00,272.29998779296875,272.4200134277344,272.260009765625,272.4200134277344,57244,AMZN,1m
2026-05-11 15:28:00+00:00,272.4049987792969,272.6400146484375,272.3800048828125,272.4598083496094,77121,AMZN,1m
2026-05-11 15:29:00+00:00,272.45001220703125,272.6449890136719,272.44000244140625,272.55499267578125,58032,AMZN,1m
2026-05-11 15:30:00+00:00,272.5599975585937,272.7699890136719,272.51251220703125,272.7300109863281,93283,AMZN,1m
2026-05-11 15:31:00+00:00,272.739990234375,272.739990234375,272.5299987792969,272.5809020996094,61180,AMZN,1m
2026-05-11 15:32:00+00:00,272.5450134277344,272.5450134277344,272.3299865722656,272.5150146484375,63921,AMZN,1m
2026-05-11 15:33:00+00:00,272.5249938964844,272.6099853515625,272.5,272.5599975585937,31111,AMZN,1m
2026-05-11 15:34:00+00:00,272.5799865722656,272.6000061035156,272.4761962890625,272.5,48591,AMZN,1m
2026-05-11 15:35:00+00:00,272.489990234375,272.6000061035156,272.3099975585937,272.364990234375,48118,AMZN,1m
2026-05-11 15:36:00+00:00,272.3349914550781,272.4490966796875,272.239990234375,272.385009765625,114407,AMZN,1m
2026-05-11 15:37:00+00:00,272.3700866699219,272.4800109863281,272.3583984375,272.4200134277344,51974,AMZN,1m
2026-05-11 15:38:00+00:00,272.3699951171875,272.5899963378906,272.3699951171875,272.45001220703125,44390,AMZN,1m
2026-05-11 15:39:00+00:00,272.4599914550781,272.5299987792969,272.3500061035156,272.4100036621094,70012,AMZN,1m
2026-05-11 15:40:00+00:00,272.4200134277344,272.4750061035156,272.2699890136719,272.385009765625,32790,AMZN,1m
2026-05-11 15:41:00+00:00,272.3999938964844,272.69000244140625,272.3500061035156,272.6101989746094,45267,AMZN,1m
2026-05-11 15:42:00+00:00,272.6300048828125,272.6849975585937,272.54010009765625,272.6499938964844,30555,AMZN,1m
2026-05-11 15:43:00+00:00,272.67999267578125,272.7349853515625,272.5899963378906,272.67999267578125,62799,AMZN,1m
2026-05-11 15:44:00+00:00,272.6700134277344,272.760009765625,272.3900146484375,272.3999938964844,244044,AMZN,1m
2026-05-11 15:45:00+00:00,272.4079895019531,272.5400085449219,272.375,272.52508544921875,39142,AMZN,1m
2026-05-11 15:46:00+00:00,272.5199890136719,272.5599975585937,272.427001953125,272.510009765625,37922,AMZN,1m
2026-05-11 15:47:00+00:00,272.5,272.5,272.4100036621094,272.4700012207031,39805,AMZN,1m
2026-05-11 15:48:00+00:00,272.4649963378906,272.54998779296875,272.4100036621094,272.5169982910156,31180,AMZN,1m
2026-05-11 15:49:00+00:00,272.489990234375,272.5,272.1400146484375,272.17999267578125,44007,AMZN,1m
2026-05-11 15:50:00+00:00,272.17999267578125,272.2143859863281,272.0950012207031,272.13800048828125,26859,AMZN,1m
2026-05-11 15:51:00+00:00,272.1170959472656,272.2200012207031,272.1170959472656,272.2099914550781,38700,AMZN,1m
2026-05-11 15:52:00+00:00,272.20001220703125,272.2799987792969,272.1400146484375,272.2449951171875,36001,AMZN,1m
2026-05-11 15:53:00+00:00,272.239990234375,272.4800109863281,272.239990234375,272.4200134277344,32695,AMZN,1m
2026-05-11 15:54:00+00:00,272.3949890136719,272.4100036621094,272.1900939941406,272.2950134277344,31170,AMZN,1m
2026-05-11 15:55:00+00:00,272.2900085449219,272.44000244140625,272.2699890136719,272.3900146484375,25572,AMZN,1m
2026-05-11 15:56:00+00:00,272.3800048828125,272.42999267578125,272.3699951171875,272.4100952148437,26755,AMZN,1m
2026-05-11 15:57:00+00:00,272.42498779296875,272.45001220703125,272.3900146484375,272.4100036621094,23232,AMZN,1m
2026-05-11 15:58:00+00:00,272.42999267578125,272.42999267578125,272.1499938964844,272.1499938964844,29424,AMZN,1m
2026-05-11 15:59:00+00:00,272.1099853515625,272.2749938964844,272.1099853515625,272.260009765625,32360,AMZN,1m
2026-05-11 16:00:00+00:00,272.2550048828125,272.7900085449219,272.1341857910156,272.5950012207031,150641,AMZN,1m
2026-05-11 16:01:00+00:00,272.5950012207031,273.0299987792969,272.5600891113281,272.6700134277344,178293,AMZN,1m
2026-05-11 16:02:00+00:00,272.6700134277344,273.07000732421875,272.510009765625,273.0199890136719,93622,AMZN,1m
2026-05-11 16:03:00+00:00,273.04998779296875,273.04998779296875,272.70001220703125,272.7200012207031,52933,AMZN,1m
2026-05-11 16:04:00+00:00,272.7200012207031,272.8550109863281,272.6400146484375,272.78009033203125,49869,AMZN,1m
2026-05-11 16:05:00+00:00,272.7799987792969,272.89990234375,272.67498779296875,272.7149963378906,62541,AMZN,1m
2026-05-11 16:06:00+00:00,272.7099914550781,272.71990966796875,272.61248779296875,272.6700134277344,25318,AMZN,1m
2026-05-11 16:07:00+00:00,272.67999267578125,272.7099914550781,272.47119140625,272.4827880859375,46277,AMZN,1m
2026-05-11 16:08:00+00:00,272.4700012207031,272.5199890136719,272.2059020996094,272.2699890136719,51006,AMZN,1m
2026-05-11 16:09:00+00:00,272.2950134277344,272.3598937988281,272.25,272.2699890136719,31475,AMZN,1m
2026-05-11 16:10:00+00:00,272.2699890136719,272.4700012207031,272.2349853515625,272.3900146484375,34752,AMZN,1m
2026-05-11 16:11:00+00:00,272.385009765625,272.489990234375,272.2799987792969,272.3349914550781,36932,AMZN,1m
2026-05-11 16:12:00+00:00,272.3349914550781,272.3599853515625,272.18170166015625,272.239990234375,49447,AMZN,1m
2026-05-11 16:13:00+00:00,272.2300109863281,272.31500244140625,272.22149658203125,272.3099975585937,26604,AMZN,1m
2026-05-11 16:14:00+00:00,272.30279541015625,272.3599853515625,272.2900085449219,272.29998779296875,15347,AMZN,1m
2026-05-11 16:15:00+00:00,272.3099975585937,272.3399963378906,272.0400085449219,272.2124938964844,43221,AMZN,1m
2026-05-11 16:16:00+00:00,272.2149963378906,272.2799987792969,272.0209045410156,272.0299987792969,50080,AMZN,1m
2026-05-11 16:17:00+00:00,272.0199890136719,272.17999267578125,271.9200134277344,272.0899963378906,132943,AMZN,1m
2026-05-11 16:18:00+00:00,272.06500244140625,272.1600036621094,272.0199890136719,272.0400085449219,224529,AMZN,1m
2026-05-11 16:19:00+00:00,272.0400085449219,272.2200012207031,272.0220031738281,272.2200012207031,60813,AMZN,1m
2026-05-11 16:20:00+00:00,272.2471923828125,272.3900146484375,272.2099914550781,272.3900146484375,54705,AMZN,1m
2026-05-11 16:21:00+00:00,272.4100036621094,272.510009765625,272.3500061035156,272.4800109863281,46391,AMZN,1m
2026-05-11 16:22:00+00:00,272.4700012207031,272.5,272.3800048828125,272.42999267578125,34868,AMZN,1m
2026-05-11 16:23:00+00:00,272.45001220703125,272.54998779296875,272.44500732421875,272.4700012207031,31873,AMZN,1m
2026-05-11 16:24:00+00:00,272.4599914550781,272.54998779296875,272.4301147460937,272.5199890136719,29035,AMZN,1m
2026-05-11 16:25:00+00:00,272.52911376953125,272.5599975585937,272.3949890136719,272.45001220703125,36058,AMZN,1m
2026-05-11 16:26:00+00:00,272.4750061035156,272.54400634765625,272.3599853515625,272.4100036621094,35233,AMZN,1m
2026-05-11 16:27:00+00:00,272.4100036621094,272.4849853515625,272.4100036621094,272.4849853515625,23804,AMZN,1m
2026-05-11 16:28:00+00:00,272.489990234375,272.5150146484375,272.4349975585937,272.4599914550781,20534,AMZN,1m
2026-05-11 16:29:00+00:00,272.44000244140625,272.44000244140625,272.239990234375,272.2699890136719,27799,AMZN,1m
2026-05-11 16:30:00+00:00,272.2699890136719,272.3099975585937,272.2300109863281,272.30499267578125,26864,AMZN,1m
2026-05-11 16:31:00+00:00,272.32000732421875,272.4100036621094,272.3099975585937,272.4100036621094,25597,AMZN,1m
2026-05-11 16:32:00+00:00,272.3900146484375,272.4200134277344,272.3099975585937,272.3099975585937,44024,AMZN,1m
2026-05-11 16:33:00+00:00,272.29998779296875,272.3800048828125,272.2900085449219,272.3599853515625,22012,AMZN,1m
2026-05-11 16:34:00+00:00,272.3901062011719,272.42999267578125,272.31500244140625,272.31500244140625,20271,AMZN,1m
2026-05-11 16:35:00+00:00,272.29998779296875,272.30499267578125,271.9549865722656,272.07000732421875,74752,AMZN,1m
2026-05-11 16:36:00+00:00,272.0599975585937,272.1199951171875,272.0199890136719,272.0599975585937,31690,AMZN,1m
2026-05-11 16:37:00+00:00,272.04998779296875,272.114990234375,272.00360107421875,272.07000732421875,64457,AMZN,1m
2026-05-11 16:38:00+00:00,272.07000732421875,272.1000061035156,271.989990234375,272.00030517578125,51555,AMZN,1m
2026-05-11 16:39:00+00:00,272.010009765625,272.1000061035156,271.9849853515625,272.0,52066,AMZN,1m
2026-05-11 16:40:00+00:00,272.0,272.07000732421875,271.989990234375,272.06500244140625,45923,AMZN,1m
2026-05-11 16:41:00+00:00,272.06500244140625,272.068603515625,271.7099914550781,271.7200012207031,117276,AMZN,1m
2026-05-11 16:42:00+00:00,271.7200012207031,271.8999938964844,271.39190673828125,271.7698974609375,102268,AMZN,1m
2026-05-11 16:43:00+00:00,271.75,272.0,271.67498779296875,271.9599914550781,52311,AMZN,1m
2026-05-11 16:44:00+00:00,271.9800109863281,272.0799865722656,271.9700012207031,272.04998779296875,42848,AMZN,1m
2026-05-11 16:45:00+00:00,272.0675048828125,272.1400146484375,272.0599975585937,272.1400146484375,38372,AMZN,1m
2026-05-11 16:46:00+00:00,272.1499938964844,272.1499938964844,271.95001220703125,272.03009033203125,39158,AMZN,1m
2026-05-11 16:47:00+00:00,272.04998779296875,272.2099914550781,272.0350036621094,272.1899108886719,29691,AMZN,1m
2026-05-11 16:48:00+00:00,272.1700134277344,272.1700134277344,272.0400085449219,272.0450134277344,21080,AMZN,1m
2026-05-11 16:49:00+00:00,272.0400085449219,272.0400085449219,271.92999267578125,271.9599914550781,29338,AMZN,1m
2026-05-11 16:50:00+00:00,271.9599914550781,272.0400085449219,271.79998779296875,272.010009765625,163098,AMZN,1m
2026-05-11 16:51:00+00:00,272.010009765625,272.1600036621094,272.010009765625,272.0849914550781,42095,AMZN,1m
2026-05-11 16:52:00+00:00,272.1099853515625,272.1099853515625,272.0400085449219,272.0599975585937,30610,AMZN,1m
2026-05-11 16:53:00+00:00,272.0350036621094,272.1499938964844,272.0350036621094,272.1099853515625,191205,AMZN,1m
2026-05-11 16:54:00+00:00,272.1099853515625,272.1300048828125,272.0400085449219,272.0599975585937,32543,AMZN,1m
2026-05-11 16:55:00+00:00,272.0599975585937,272.0599975585937,271.8099975585937,271.8900146484375,73076,AMZN,1m
2026-05-11 16:56:00+00:00,271.8699951171875,271.8999938964844,271.69000244140625,271.75,62589,AMZN,1m
2026-05-11 16:57:00+00:00,271.739990234375,271.79998779296875,271.5199890136719,271.54998779296875,48769,AMZN,1m
2026-05-11 16:58:00+00:00,271.58990478515625,271.7099914550781,271.5599975585937,271.5899963378906,42082,AMZN,1m
2026-05-11 16:59:00+00:00,271.59991455078125,271.67999267578125,271.57000732421875,271.6099853515625,32816,AMZN,1m
2026-05-11 17:00:00+00:00,271.6099853515625,271.7369079589844,271.57501220703125,271.5899963378906,49697,AMZN,1m
2026-05-11 17:01:00+00:00,271.590087890625,271.6600036621094,271.5799865722656,271.5799865722656,29601,AMZN,1m
2026-05-11 17:02:00+00:00,271.6000061035156,271.6300048828125,271.489990234375,271.625,56240,AMZN,1m
2026-05-11 17:03:00+00:00,271.6099853515625,271.7550048828125,271.5703125,271.5799865722656,52320,AMZN,1m
2026-05-11 17:04:00+00:00,271.5899963378906,271.6499938964844,271.5599975585937,271.5899963378906,29202,AMZN,1m
2026-05-11 17:05:00+00:00,271.590087890625,271.6050109863281,271.510009765625,271.5400085449219,37227,AMZN,1m
2026-05-11 17:06:00+00:00,271.5599975585937,271.6000061035156,271.5400085449219,271.590087890625,26161,AMZN,1m
2026-05-11 17:07:00+00:00,271.6000061035156,271.6700134277344,271.57000732421875,271.5799865722656,27088,AMZN,1m
2026-05-11 17:08:00+00:00,271.57000732421875,271.6300048828125,271.57000732421875,271.6199951171875,31202,AMZN,1m
2026-05-11 17:09:00+00:00,271.6050109863281,271.6099853515625,271.57501220703125,271.5799865722656,21285,AMZN,1m
2026-05-11 17:10:00+00:00,271.5701904296875,271.6000061035156,271.4599914550781,271.489990234375,43746,AMZN,1m
2026-05-11 17:11:00+00:00,271.489990234375,271.489990234375,271.3999938964844,271.4299011230469,54293,AMZN,1m
2026-05-11 17:12:00+00:00,271.4200134277344,271.42999267578125,271.19000244140625,271.260009765625,75391,AMZN,1m
2026-05-11 17:13:00+00:00,271.25,271.468994140625,271.239990234375,271.4601135253906,48862,AMZN,1m
2026-05-11 17:14:00+00:00,271.4599914550781,271.4599914550781,271.3429870605469,271.3703918457031,51705,AMZN,1m
2026-05-11 17:15:00+00:00,271.3500061035156,271.44000244140625,271.3399963378906,271.42999267578125,49655,AMZN,1m
2026-05-11 17:16:00+00:00,271.42999267578125,271.42999267578125,271.2699890136719,271.3599853515625,36256,AMZN,1m
2026-05-11 17:17:00+00:00,271.3599853515625,271.3599853515625,271.260009765625,271.3497009277344,35387,AMZN,1m
2026-05-11 17:18:00+00:00,271.3399963378906,271.40008544921875,271.2300109863281,271.30938720703125,51553,AMZN,1m
2026-05-11 17:19:00+00:00,271.3099975585937,271.3099975585937,271.2099914550781,271.2550048828125,32894,AMZN,1m
2026-05-11 17:20:00+00:00,271.2550048828125,271.2900085449219,271.1499938964844,271.25,41262,AMZN,1m
2026-05-11 17:21:00+00:00,271.260009765625,271.4700012207031,271.260009765625,271.4200134277344,64605,AMZN,1m
2026-05-11 17:22:00+00:00,271.4100036621094,271.42999267578125,271.2900085449219,271.3399963378906,34360,AMZN,1m
2026-05-11 17:23:00+00:00,271.3450012207031,271.4100036621094,271.3299865722656,271.3800048828125,42895,AMZN,1m
2026-05-11 17:24:00+00:00,271.38238525390625,271.42999267578125,271.19500732421875,271.20001220703125,46227,AMZN,1m
2026-05-11 17:25:00+00:00,271.1199951171875,271.1199951171875,270.8999938964844,271.043701171875,97417,AMZN,1m
2026-05-11 17:26:00+00:00,271.010009765625,271.2250061035156,270.9200134277344,271.214111328125,49531,AMZN,1m
2026-05-11 17:27:00+00:00,271.260009765625,271.2900085449219,271.0350036621094,271.0350036621094,47491,AMZN,1m
2026-05-11 17:28:00+00:00,271.0350952148437,271.1300048828125,270.9200134277344,271.010009765625,36125,AMZN,1m
2026-05-11 17:29:00+00:00,271.0,271.0599975585937,270.8500061035156,270.8599853515625,61866,AMZN,1m
2026-05-11 17:30:00+00:00,270.8500061035156,270.8999938964844,270.7699890136719,270.8500061035156,72395,AMZN,1m
2026-05-11 17:31:00+00:00,270.8550109863281,270.9200134277344,270.6499938964844,270.7200012207031,49165,AMZN,1m
2026-05-11 17:32:00+00:00,270.760009765625,270.760009765625,270.5899963378906,270.7090148925781,26623,AMZN,1m
2026-05-11 17:33:00+00:00,270.7200012207031,270.7900085449219,270.635009765625,270.7300109863281,33212,AMZN,1m
2026-05-11 17:34:00+00:00,270.7300109863281,270.9216003417969,270.6499938964844,270.89990234375,39721,AMZN,1m
2026-05-11 17:35:00+00:00,270.8999938964844,270.9100036621094,270.7976989746094,270.8699951171875,33290,AMZN,1m
2026-05-11 17:36:00+00:00,270.8699951171875,271.010009765625,270.7900085449219,271.0050048828125,105677,AMZN,1m
2026-05-11 17:37:00+00:00,271.0050048828125,271.17999267578125,270.989990234375,271.1700134277344,55997,AMZN,1m
2026-05-11 17:38:00+00:00,271.19000244140625,271.2200012207031,271.1300048828125,271.1499938964844,38399,AMZN,1m
2026-05-11 17:39:00+00:00,271.114990234375,271.114990234375,270.7799987792969,270.7799987792969,38808,AMZN,1m
2026-05-11 17:40:00+00:00,270.7651062011719,270.8500061035156,270.760009765625,270.8399963378906,32020,AMZN,1m
2026-05-11 17:41:00+00:00,270.8399963378906,270.9100036621094,270.7699890136719,270.9100036621094,26267,AMZN,1m
2026-05-11 17:42:00+00:00,270.8800964355469,271.04998779296875,270.8800964355469,271.010009765625,31409,AMZN,1m
2026-05-11 17:43:00+00:00,271.0299987792969,271.1000061035156,271.0,271.0899963378906,52844,AMZN,1m
2026-05-11 17:44:00+00:00,271.0950012207031,271.1317138671875,271.0628967285156,271.1000061035156,27387,AMZN,1m
2026-05-11 17:45:00+00:00,271.1199951171875,271.20001220703125,271.1099853515625,271.1300048828125,32081,AMZN,1m
2026-05-11 17:46:00+00:00,271.1099853515625,271.1499938964844,271.06500244140625,271.06500244140625,23118,AMZN,1m
2026-05-11 17:47:00+00:00,271.04998779296875,271.1300048828125,270.9599914550781,270.9599914550781,49445,AMZN,1m
2026-05-11 17:48:00+00:00,270.9800109863281,271.0799865722656,270.9800109863281,271.05499267578125,28082,AMZN,1m
2026-05-11 17:49:00+00:00,271.06500244140625,271.0849914550781,270.9800109863281,271.0299072265625,40081,AMZN,1m
2026-05-11 17:50:00+00:00,271.0101013183594,271.0599975585937,270.9801025390625,271.0599975585937,22795,AMZN,1m
2026-05-11 17:51:00+00:00,271.07000732421875,271.0899963378906,270.9800109863281,271.04998779296875,19699,AMZN,1m
2026-05-11 17:52:00+00:00,271.0599975585937,271.0929870605469,270.9801025390625,271.0400085449219,28835,AMZN,1m
2026-05-11 17:53:00+00:00,271.06719970703125,271.1300048828125,271.0400085449219,271.0799865722656,35398,AMZN,1m
2026-05-11 17:54:00+00:00,271.0899963378906,271.0899963378906,270.9100952148437,270.9599914550781,37873,AMZN,1m
2026-05-11 17:55:00+00:00,270.9393920898437,271.0093994140625,270.9100036621094,270.94000244140625,24856,AMZN,1m
2026-05-11 17:56:00+00:00,270.94000244140625,270.9599914550781,270.9100036621094,270.9100036621094,27748,AMZN,1m
2026-05-11 17:57:00+00:00,270.9045104980469,271.0,270.8999938964844,270.9800109863281,40287,AMZN,1m
2026-05-11 17:58:00+00:00,270.9599914550781,270.9649963378906,270.8349914550781,270.8699951171875,36647,AMZN,1m
2026-05-11 17:59:00+00:00,270.84991455078125,270.84991455078125,270.7699890136719,270.7850036621094,25866,AMZN,1m
2026-05-11 18:00:00+00:00,270.7799987792969,270.8599853515625,270.75,270.8399963378906,48372,AMZN,1m
2026-05-11 18:01:00+00:00,270.8299865722656,270.92999267578125,270.79998779296875,270.9200134277344,33784,AMZN,1m
2026-05-11 18:02:00+00:00,270.8800048828125,270.9800109863281,270.860107421875,270.9549865722656,39006,AMZN,1m
2026-05-11 18:03:00+00:00,270.95001220703125,271.07000732421875,270.95001220703125,271.0450134277344,42854,AMZN,1m
2026-05-11 18:04:00+00:00,271.0299987792969,271.07000732421875,271.0,271.0199890136719,30581,AMZN,1m
2026-05-11 18:05:00+00:00,271.0180053710937,271.0299987792969,270.9549865722656,270.9549865722656,38341,AMZN,1m
2026-05-11 18:06:00+00:00,270.9599914550781,271.1199951171875,270.9599914550781,271.0849914550781,28380,AMZN,1m
2026-05-11 18:07:00+00:00,271.0775146484375,271.1000061035156,270.9200134277344,270.9700012207031,35970,AMZN,1m
2026-05-11 18:08:00+00:00,270.965087890625,270.9798889160156,270.69000244140625,270.8450012207031,67257,AMZN,1m
2026-05-11 18:09:00+00:00,270.8599853515625,270.8599853515625,270.7699890136719,270.8599853515625,20890,AMZN,1m
2026-05-11 18:10:00+00:00,270.8500061035156,270.8800048828125,270.7799987792969,270.79998779296875,25052,AMZN,1m
2026-05-11 18:11:00+00:00,270.7950134277344,270.8699951171875,270.75,270.8349914550781,22007,AMZN,1m
2026-05-11 18:12:00+00:00,270.840087890625,271.010009765625,270.8399963378906,270.92999267578125,43823,AMZN,1m
2026-05-11 18:13:00+00:00,270.92999267578125,271.0599975585937,270.8999938964844,270.9200134277344,33874,AMZN,1m
2026-05-11 18:14:00+00:00,270.9200134277344,270.9585876464844,270.79998779296875,270.79998779296875,91585,AMZN,1m
2026-05-11 18:15:00+00:00,270.7900085449219,270.7900085449219,270.5,270.5299987792969,60963,AMZN,1m
2026-05-11 18:16:00+00:00,270.5400085449219,270.57000732421875,270.4601135253906,270.5199890136719,72073,AMZN,1m
2026-05-11 18:17:00+00:00,270.539794921875,270.59991455078125,270.510009765625,270.5599975585937,25217,AMZN,1m
2026-05-11 18:18:00+00:00,270.5599975585937,270.5599975585937,270.4599914550781,270.4800109863281,31891,AMZN,1m
2026-05-11 18:19:00+00:00,270.4750061035156,270.5199890136719,270.3601989746094,270.3699951171875,43127,AMZN,1m
2026-05-11 18:20:00+00:00,270.364990234375,270.4150085449219,270.2099914550781,270.3999938964844,66165,AMZN,1m
2026-05-11 18:21:00+00:00,270.3999938964844,270.4150085449219,270.3500061035156,270.4079895019531,44075,AMZN,1m
2026-05-11 18:22:00+00:00,270.4049987792969,270.489990234375,270.3905944824219,270.42498779296875,40305,AMZN,1m
2026-05-11 18:23:00+00:00,270.4110107421875,270.489990234375,270.3999938964844,270.45001220703125,34315,AMZN,1m
2026-05-11 18:24:00+00:00,270.45001220703125,270.4599914550781,270.3500061035156,270.3699951171875,41512,AMZN,1m
2026-05-11 18:25:00+00:00,270.3949890136719,270.3949890136719,270.20001220703125,270.2049865722656,40752,AMZN,1m
2026-05-11 18:26:00+00:00,270.19500732421875,270.2200012207031,270.1300048828125,270.1700134277344,51024,AMZN,1m
2026-05-11 18:27:00+00:00,270.1700134277344,270.1700134277344,270.0599975585937,270.0799865722656,50434,AMZN,1m
2026-05-11 18:28:00+00:00,270.1000061035156,270.17999267578125,270.1000061035156,270.1400146484375,39468,AMZN,1m
2026-05-11 18:29:00+00:00,270.139892578125,270.1449890136719,270.04998779296875,270.1050109863281,44444,AMZN,1m
2026-05-11 18:30:00+00:00,270.1000061035156,270.1099853515625,269.860107421875,269.989990234375,104602,AMZN,1m
2026-05-11 18:31:00+00:00,269.989990234375,270.07501220703125,269.92999267578125,270.0,46610,AMZN,1m
2026-05-11 18:32:00+00:00,269.9800109863281,270.07000732421875,269.9150085449219,270.0267028808594,42302,AMZN,1m
2026-05-11 18:33:00+00:00,270.0199890136719,270.0199890136719,269.82501220703125,269.8450927734375,39129,AMZN,1m
2026-05-11 18:34:00+00:00,269.8399963378906,269.9034118652344,269.8099975585937,269.8599853515625,36085,AMZN,1m
2026-05-11 18:35:00+00:00,269.864990234375,269.95001220703125,269.864990234375,269.9049987792969,31004,AMZN,1m
2026-05-11 18:36:00+00:00,269.9200134277344,270.0199890136719,269.9049987792969,269.989990234375,41110,AMZN,1m
2026-05-11 18:37:00+00:00,269.9849853515625,270.0,269.8999938964844,269.92999267578125,33837,AMZN,1m
2026-05-11 18:38:00+00:00,269.9200134277344,269.9761047363281,269.8900146484375,269.95001220703125,32667,AMZN,1m
2026-05-11 18:39:00+00:00,269.95001220703125,269.95001220703125,269.739990234375,269.75,53296,AMZN,1m
2026-05-11 18:40:00+00:00,269.760009765625,269.79998779296875,269.7099914550781,269.7699890136719,38395,AMZN,1m
2026-05-11 18:41:00+00:00,269.7950134277344,269.9198913574219,269.7799987792969,269.8670959472656,32806,AMZN,1m
2026-05-11 18:42:00+00:00,269.8699951171875,269.989990234375,269.8699951171875,269.9200134277344,52357,AMZN,1m
2026-05-11 18:43:00+00:00,269.9100036621094,269.9700012207031,269.8800048828125,269.9383850097656,60270,AMZN,1m
2026-05-11 18:44:00+00:00,269.92999267578125,269.9800109863281,269.8800048828125,269.94000244140625,66151,AMZN,1m
2026-05-11 18:45:00+00:00,269.95001220703125,269.9559020996094,269.8450012207031,269.92999267578125,44079,AMZN,1m
2026-05-11 18:46:00+00:00,269.9200134277344,270.0899963378906,269.9200134277344,270.0849914550781,51689,AMZN,1m
2026-05-11 18:47:00+00:00,270.0899963378906,270.17999267578125,270.05499267578125,270.1099853515625,66370,AMZN,1m
2026-05-11 18:48:00+00:00,270.1099853515625,270.1499938964844,270.07000732421875,270.1229858398437,69941,AMZN,1m
2026-05-11 18:49:00+00:00,270.114990234375,270.114990234375,269.95001220703125,270.0,29070,AMZN,1m
2026-05-11 18:50:00+00:00,270.0,270.1199951171875,269.95001220703125,269.95001220703125,44646,AMZN,1m
2026-05-11 18:51:00+00:00,269.9555969238281,270.0296936035156,269.84161376953125,270.0150146484375,39929,AMZN,1m
2026-05-11 18:52:00+00:00,270.0199890136719,270.1199951171875,270.0199890136719,270.1099853515625,32482,AMZN,1m
2026-05-11 18:53:00+00:00,270.1000061035156,270.1000061035156,269.94000244140625,269.989990234375,48915,AMZN,1m
2026-05-11 18:54:00+00:00,269.95001220703125,270.0400085449219,269.9200134277344,269.94000244140625,64845,AMZN,1m
2026-05-11 18:55:00+00:00,269.9649963378906,270.010009765625,269.8500061035156,269.9425048828125,66949,AMZN,1m
2026-05-11 18:56:00+00:00,269.9349975585937,269.9599914550781,269.8399963378906,269.8399963378906,55936,AMZN,1m
2026-05-11 18:57:00+00:00,269.8598937988281,269.89990234375,269.75,269.79998779296875,43321,AMZN,1m
2026-05-11 18:58:00+00:00,269.80010986328125,269.9100036621094,269.6300048828125,269.70001220703125,82250,AMZN,1m
2026-05-11 18:59:00+00:00,269.7099914550781,269.8099975585937,269.6400146484375,269.6600036621094,78021,AMZN,1m
2026-05-11 19:00:00+00:00,269.6600036621094,269.7300109863281,269.4800109863281,269.5199890136719,63398,AMZN,1m
2026-05-11 19:01:00+00:00,269.5299987792969,269.614990234375,269.44000244140625,269.4700012207031,69874,AMZN,1m
2026-05-11 19:02:00+00:00,269.4649963378906,269.4649963378906,269.3301086425781,269.4169921875,53720,AMZN,1m
2026-05-11 19:03:00+00:00,269.4100036621094,269.4800109863281,269.3999938964844,269.4397888183594,60829,AMZN,1m
2026-05-11 19:04:00+00:00,269.4100036621094,269.42999267578125,269.2699890136719,269.2699890136719,62578,AMZN,1m
2026-05-11 19:05:00+00:00,269.2698974609375,269.7099914550781,269.25,269.7099914550781,76994,AMZN,1m
2026-05-11 19:06:00+00:00,269.7200012207031,269.79998779296875,269.5849914550781,269.7449951171875,76393,AMZN,1m
2026-05-11 19:07:00+00:00,269.69000244140625,269.75,269.6199951171875,269.6502990722656,41507,AMZN,1m
2026-05-11 19:08:00+00:00,269.6549987792969,269.6549987792969,269.4599914550781,269.4800109863281,65869,AMZN,1m
2026-05-11 19:09:00+00:00,269.4800109863281,269.5450134277344,269.4200134277344,269.5008850097656,43759,AMZN,1m
2026-05-11 19:10:00+00:00,269.5198974609375,269.5599975585937,269.4700012207031,269.510009765625,53308,AMZN,1m
2026-05-11 19:11:00+00:00,269.5199890136719,269.6300048828125,269.5,269.6199951171875,46809,AMZN,1m
2026-05-11 19:12:00+00:00,269.6300048828125,269.69000244140625,269.614990234375,269.6499938964844,57603,AMZN,1m
2026-05-11 19:13:00+00:00,269.6300048828125,269.6969909667969,269.5400085449219,269.5799865722656,58131,AMZN,1m
2026-05-11 19:14:00+00:00,269.5849914550781,269.6600036621094,269.57000732421875,269.6400146484375,43112,AMZN,1m
2026-05-11 19:15:00+00:00,269.6300048828125,269.64898681640625,269.57000732421875,269.60009765625,44307,AMZN,1m
2026-05-11 19:16:00+00:00,269.6099853515625,269.75,269.4700012207031,269.5249938964844,77680,AMZN,1m
2026-05-11 19:17:00+00:00,269.510009765625,269.6000061035156,269.4200134277344,269.5799865722656,41398,AMZN,1m
2026-05-11 19:18:00+00:00,269.5899963378906,269.6199035644531,269.510009765625,269.5199890136719,30347,AMZN,1m
2026-05-11 19:19:00+00:00,269.5201110839844,269.6000061035156,269.4599914550781,269.510009765625,35595,AMZN,1m
2026-05-11 19:20:00+00:00,269.5,269.5350036621094,269.45001220703125,269.4800109863281,46240,AMZN,1m
2026-05-11 19:21:00+00:00,269.4800109863281,269.4800109863281,269.3299865722656,269.3800048828125,57872,AMZN,1m
2026-05-11 19:22:00+00:00,269.36199951171875,269.3999938964844,269.2950134277344,269.31500244140625,53072,AMZN,1m
2026-05-11 19:23:00+00:00,269.3299865722656,269.4700012207031,269.3299865722656,269.44000244140625,46068,AMZN,1m
2026-05-11 19:24:00+00:00,269.4599914550781,269.5299987792969,269.3900146484375,269.3900146484375,53146,AMZN,1m
2026-05-11 19:25:00+00:00,269.4100036621094,269.54998779296875,269.3900146484375,269.5299987792969,56187,AMZN,1m
2026-05-11 19:26:00+00:00,269.5299987792969,269.5299987792969,269.4599914550781,269.4700012207031,49185,AMZN,1m
2026-05-11 19:27:00+00:00,269.4599914550781,269.7300109863281,269.45001220703125,269.69000244140625,76960,AMZN,1m
2026-05-11 19:28:00+00:00,269.67999267578125,269.7799987792969,269.6650085449219,269.7200012207031,62672,AMZN,1m
2026-05-11 19:29:00+00:00,269.7099914550781,269.9800109863281,269.69000244140625,269.9100036621094,91441,AMZN,1m
2026-05-11 19:30:00+00:00,269.9100036621094,269.92120361328125,269.75,269.82000732421875,47971,AMZN,1m
2026-05-11 19:31:00+00:00,269.8099975585937,269.8299865722656,269.7200012207031,269.79998779296875,39736,AMZN,1m
2026-05-11 19:32:00+00:00,269.79998779296875,269.8999938964844,269.760009765625,269.8599853515625,38959,AMZN,1m
2026-05-11 19:33:00+00:00,269.8699951171875,269.8800048828125,269.81500244140625,269.8399963378906,59414,AMZN,1m
2026-05-11 19:34:00+00:00,269.84991455078125,269.8800048828125,269.82000732421875,269.82000732421875,36379,AMZN,1m
2026-05-11 19:35:00+00:00,269.82000732421875,269.8399963378906,269.760009765625,269.8099975585937,65506,AMZN,1m
2026-05-11 19:36:00+00:00,269.8299865722656,269.8351135253906,269.7200012207031,269.7349853515625,47177,AMZN,1m
2026-05-11 19:37:00+00:00,269.7300109863281,269.7300109863281,269.60009765625,269.6050109863281,68455,AMZN,1m
2026-05-11 19:38:00+00:00,269.6000061035156,269.7300109863281,269.6000061035156,269.7200927734375,72704,AMZN,1m
2026-05-11 19:39:00+00:00,269.7200012207031,269.7749938964844,269.6482849121094,269.75,53552,AMZN,1m
2026-05-11 19:40:00+00:00,269.7699890136719,269.94000244140625,269.7699890136719,269.8800048828125,68222,AMZN,1m
2026-05-11 19:41:00+00:00,269.8800048828125,269.8800048828125,269.5899963378906,269.6000061035156,49789,AMZN,1m
2026-05-11 19:42:00+00:00,269.5950012207031,269.6600036621094,269.55499267578125,269.6199951171875,60803,AMZN,1m
2026-05-11 19:43:00+00:00,269.6199951171875,269.6499938964844,269.5899963378906,269.5950012207031,55555,AMZN,1m
2026-05-11 19:44:00+00:00,269.5950012207031,269.6199951171875,269.510009765625,269.5599975585937,65833,AMZN,1m
2026-05-11 19:45:00+00:00,269.5299987792969,269.6300048828125,269.4599914550781,269.510009765625,85519,AMZN,1m
2026-05-11 19:46:00+00:00,269.4949951171875,269.6199951171875,269.4888916015625,269.5799865722656,75722,AMZN,1m
2026-05-11 19:47:00+00:00,269.5899963378906,269.7699890136719,269.5899963378906,269.67999267578125,54561,AMZN,1m
2026-05-11 19:48:00+00:00,269.6700134277344,269.70001220703125,269.5599975585937,269.5899963378906,86677,AMZN,1m
2026-05-11 19:49:00+00:00,269.6099853515625,269.7300109863281,269.6099853515625,269.6549987792969,76529,AMZN,1m
2026-05-11 19:50:00+00:00,269.6600036621094,269.8099975585937,269.614990234375,269.6650085449219,108649,AMZN,1m
2026-05-11 19:51:00+00:00,269.6600036621094,269.6650085449219,269.32000732421875,269.385009765625,148450,AMZN,1m
2026-05-11 19:52:00+00:00,269.3900146484375,269.4700012207031,269.3800048828125,269.3999938964844,95718,AMZN,1m
2026-05-11 19:53:00+00:00,269.3999938964844,269.4049987792969,269.2698974609375,269.3324890136719,134604,AMZN,1m
2026-05-11 19:54:00+00:00,269.3349914550781,269.3900146484375,269.1600036621094,269.1700134277344,191254,AMZN,1m
2026-05-11 19:55:00+00:00,269.1780090332031,269.1780090332031,268.7200012207031,268.9599914550781,435672,AMZN,1m
2026-05-11 19:56:00+00:00,268.9599914550781,268.9649963378906,268.489990234375,268.5599975585937,289058,AMZN,1m
2026-05-11 19:57:00+00:00,268.5599975585937,268.7550048828125,268.5599975585937,268.739990234375,275556,AMZN,1m
2026-05-11 19:58:00+00:00,268.7474975585937,268.8099975585937,268.7204895019531,268.7699890136719,292163,AMZN,1m
2026-05-11 19:59:00+00:00,268.7799987792969,269.010009765625,268.7099914550781,268.989990234375,624908,AMZN,1m
2026-05-12 13:30:00+00:00,266.2699890136719,267.1596984863281,265.489990234375,267.0199890136719,1395176,AMZN,1m
2026-05-12 13:31:00+00:00,267.0249938964844,267.6499938964844,266.6300048828125,266.9599914550781,136657,AMZN,1m
2026-05-12 13:32:00+00:00,266.8900146484375,267.5,266.75,267.0,84406,AMZN,1m
2026-05-12 13:33:00+00:00,267.0,267.1099853515625,266.32000732421875,266.4599914550781,114246,AMZN,1m
2026-05-12 13:34:00+00:00,266.5050048828125,266.7900085449219,266.28009033203125,266.3500061035156,91501,AMZN,1m
2026-05-12 13:35:00+00:00,266.3099975585937,266.42999267578125,265.3399963378906,265.3900146484375,288697,AMZN,1m
2026-05-12 13:36:00+00:00,265.3500061035156,265.6600036621094,265.0299987792969,265.4049987792969,231224,AMZN,1m
2026-05-12 13:37:00+00:00,265.42999267578125,265.67999267578125,265.25,265.4800109863281,132540,AMZN,1m
2026-05-12 13:38:00+00:00,265.4849853515625,265.5199890136719,264.5299987792969,264.7300109863281,347211,AMZN,1m
2026-05-12 13:39:00+00:00,264.7099914550781,265.0400085449219,264.70001220703125,264.9909973144531,137415,AMZN,1m
2026-05-12 13:40:00+00:00,264.9599914550781,265.739990234375,264.9100036621094,265.3299865722656,128148,AMZN,1m
2026-05-12 13:41:00+00:00,265.40008544921875,265.6759948730469,265.3699951171875,265.5516967773437,111751,AMZN,1m
2026-05-12 13:42:00+00:00,265.5599975585937,266.04998779296875,265.48748779296875,265.6499938964844,169235,AMZN,1m
2026-05-12 13:43:00+00:00,265.6499938964844,265.7200012207031,265.25,265.25,97887,AMZN,1m
2026-05-12 13:44:00+00:00,265.29998779296875,265.5599975585937,265.2099914550781,265.3599853515625,114299,AMZN,1m
2026-05-12 13:45:00+00:00,265.32000732421875,265.5299987792969,265.1549987792969,265.2164001464844,147568,AMZN,1m
2026-05-12 13:46:00+00:00,265.1600036621094,265.20001220703125,264.7601013183594,264.8500061035156,196197,AMZN,1m
2026-05-12 13:47:00+00:00,264.8550109863281,265.0150146484375,264.5899963378906,264.864990234375,181374,AMZN,1m
2026-05-12 13:48:00+00:00,264.8699951171875,265.29998779296875,264.8099975585937,264.8900146484375,199128,AMZN,1m
2026-05-12 13:49:00+00:00,264.8800048828125,265.2149963378906,264.8800048828125,265.0799865722656,105756,AMZN,1m
2026-05-12 13:50:00+00:00,265.0849914550781,265.17999267578125,264.7300109863281,264.7650146484375,125837,AMZN,1m
2026-05-12 13:51:00+00:00,264.7900085449219,264.8599853515625,264.5299987792969,264.760009765625,102474,AMZN,1m
2026-05-12 13:52:00+00:00,264.739990234375,265.0,264.6506042480469,264.9190979003906,92232,AMZN,1m
2026-05-12 13:53:00+00:00,264.989990234375,265.8500061035156,264.9599914550781,265.80499267578125,118116,AMZN,1m
2026-05-12 13:54:00+00:00,265.79998779296875,265.94000244140625,265.4805908203125,265.57000732421875,90776,AMZN,1m
2026-05-12 13:55:00+00:00,265.510009765625,265.7099914550781,265.3800048828125,265.68951416015625,93975,AMZN,1m
2026-05-12 13:56:00+00:00,265.6700134277344,265.760009765625,265.32000732421875,265.4700012207031,56369,AMZN,1m
2026-05-12 13:57:00+00:00,265.4700012207031,265.57000732421875,265.2099914550781,265.4700012207031,76686,AMZN,1m
2026-05-12 13:58:00+00:00,265.4800109863281,265.4800109863281,264.9150085449219,265.0299987792969,248905,AMZN,1m
2026-05-12 13:59:00+00:00,265.0899963378906,265.54998779296875,265.0899963378906,265.4649963378906,118136,AMZN,1m
2026-05-12 14:00:00+00:00,265.489990234375,265.6000061035156,264.92498779296875,264.989990234375,167728,AMZN,1m
2026-05-12 14:01:00+00:00,264.989990234375,265.17999267578125,264.3699951171875,264.489990234375,210467,AMZN,1m
2026-05-12 14:02:00+00:00,264.4800109863281,264.6600036621094,264.17999267578125,264.3599853515625,177656,AMZN,1m
2026-05-12 14:03:00+00:00,264.3599853515625,264.3800048828125,264.04998779296875,264.3380126953125,84288,AMZN,1m
2026-05-12 14:04:00+00:00,264.32000732421875,264.6099853515625,264.1199951171875,264.3999938964844,93876,AMZN,1m
2026-05-12 14:05:00+00:00,264.4100036621094,264.7200012207031,264.3299865722656,264.4796142578125,134173,AMZN,1m
2026-05-12 14:06:00+00:00,264.4236145019531,265.1099853515625,264.4236145019531,265.0212097167969,88987,AMZN,1m
2026-05-12 14:07:00+00:00,265.07000732421875,265.44500732421875,265.0299987792969,265.2300109863281,82242,AMZN,1m
2026-05-12 14:08:00+00:00,265.2699890136719,265.2699890136719,264.7749938964844,264.94000244140625,103608,AMZN,1m
2026-05-12 14:09:00+00:00,264.8999938964844,265.1700134277344,264.8999938964844,265.1000061035156,69205,AMZN,1m
2026-05-12 14:10:00+00:00,265.0849914550781,265.1600036621094,264.8599853515625,264.95001220703125,78530,AMZN,1m
2026-05-12 14:11:00+00:00,264.94000244140625,265.17999267578125,264.69000244140625,265.1600036621094,91334,AMZN,1m
2026-05-12 14:12:00+00:00,265.1400146484375,265.375,265.0599975585937,265.07501220703125,69636,AMZN,1m
2026-05-12 14:13:00+00:00,265.0950012207031,265.3999938964844,264.9501037597656,265.05499267578125,68773,AMZN,1m
2026-05-12 14:14:00+00:00,265.0199890136719,265.3699951171875,264.9949951171875,265.2900085449219,58204,AMZN,1m
2026-05-12 14:15:00+00:00,265.3599853515625,265.5199890136719,265.28009033203125,265.44000244140625,83747,AMZN,1m
2026-05-12 14:16:00+00:00,265.4700012207031,265.510009765625,265.20001220703125,265.2250061035156,73074,AMZN,1m
2026-05-12 14:17:00+00:00,265.2200012207031,265.32000732421875,265.0199890136719,265.32000732421875,88646,AMZN,1m
2026-05-12 14:18:00+00:00,265.32000732421875,265.5299987792969,265.29998779296875,265.5,59163,AMZN,1m
2026-05-12 14:19:00+00:00,265.4849853515625,265.8500061035156,265.4849853515625,265.6650085449219,114357,AMZN,1m
2026-05-12 14:20:00+00:00,265.70001220703125,265.8399963378906,265.1400146484375,265.239990234375,47220,AMZN,1m
2026-05-12 14:21:00+00:00,265.239990234375,265.3599853515625,265.20001220703125,265.2174987792969,45696,AMZN,1m
2026-05-12 14:22:00+00:00,265.1849975585937,265.3800048828125,265.1700134277344,265.2601928710937,58260,AMZN,1m
2026-05-12 14:23:00+00:00,265.2699890136719,265.2699890136719,265.04998779296875,265.0849914550781,44230,AMZN,1m
2026-05-12 14:24:00+00:00,265.0899963378906,265.2950134277344,265.07000732421875,265.17999267578125,60308,AMZN,1m
2026-05-12 14:25:00+00:00,265.2049865722656,265.3599853515625,265.1499938964844,265.2799987792969,67202,AMZN,1m
2026-05-12 14:26:00+00:00,265.2799987792969,265.29998779296875,265.04998779296875,265.19000244140625,63826,AMZN,1m
2026-05-12 14:27:00+00:00,265.2300109863281,265.3599853515625,265.0,265.010009765625,82625,AMZN,1m
2026-05-12 14:28:00+00:00,265.0299987792969,265.1000061035156,264.8949890136719,265.0400085449219,87677,AMZN,1m
2026-05-12 14:29:00+00:00,265.0450134277344,265.20831298828125,264.8099975585937,264.81500244140625,73784,AMZN,1m
2026-05-12 14:30:00+00:00,264.82000732421875,264.9599914550781,264.6600036621094,264.9599914550781,78840,AMZN,1m
2026-05-12 14:31:00+00:00,264.9800109863281,265.0,264.6700134277344,264.860107421875,81222,AMZN,1m
2026-05-12 14:32:00+00:00,264.8999938964844,264.9999084472656,264.8485107421875,264.94000244140625,62019,AMZN,1m
2026-05-12 14:33:00+00:00,264.92498779296875,265.0,264.7699890136719,264.7900085449219,79294,AMZN,1m
2026-05-12 14:34:00+00:00,264.75,264.9700012207031,264.70001220703125,264.95001220703125,104887,AMZN,1m
2026-05-12 14:35:00+00:00,264.885009765625,264.9349975585937,264.6499938964844,264.75030517578125,75087,AMZN,1m
2026-05-12 14:36:00+00:00,264.7799987792969,264.8399963378906,264.5498046875,264.8299865722656,57337,AMZN,1m
2026-05-12 14:37:00+00:00,264.8598937988281,265.1549987792969,264.7749938964844,265.06988525390625,64636,AMZN,1m
2026-05-12 14:38:00+00:00,265.07000732421875,265.17999267578125,264.9700012207031,265.0599975585937,59923,AMZN,1m
2026-05-12 14:39:00+00:00,265.0899963378906,265.3299865722656,265.0849914550781,265.2900085449219,86636,AMZN,1m
2026-05-12 14:40:00+00:00,265.2699890136719,265.29998779296875,264.9200134277344,264.92498779296875,52898,AMZN,1m
2026-05-12 14:41:00+00:00,264.92498779296875,264.9700012207031,264.82000732421875,264.82000732421875,41120,AMZN,1m
2026-05-12 14:42:00+00:00,264.8599853515625,264.94000244140625,264.60009765625,264.75,86024,AMZN,1m
2026-05-12 14:43:00+00:00,264.7699890136719,264.9150085449219,264.7699890136719,264.82501220703125,53532,AMZN,1m
2026-05-12 14:44:00+00:00,264.8349914550781,264.8599853515625,264.7099914550781,264.7760925292969,46463,AMZN,1m
2026-05-12 14:45:00+00:00,264.7349853515625,264.760009765625,264.44000244140625,264.5199890136719,67575,AMZN,1m
2026-05-12 14:46:00+00:00,264.54998779296875,264.625,264.44000244140625,264.5299987792969,92854,AMZN,1m
2026-05-12 14:47:00+00:00,264.57000732421875,264.5899963378906,264.44000244140625,264.5,69237,AMZN,1m
2026-05-12 14:48:00+00:00,264.3999938964844,264.70001220703125,264.3655090332031,264.5299072265625,105322,AMZN,1m
2026-05-12 14:49:00+00:00,264.5244140625,264.6669921875,264.4750061035156,264.6669921875,40608,AMZN,1m
2026-05-12 14:50:00+00:00,264.6600036621094,264.6600036621094,264.2500915527344,264.2699890136719,86400,AMZN,1m
2026-05-12 14:51:00+00:00,264.239990234375,264.25,263.9200134277344,263.989990234375,145120,AMZN,1m
2026-05-12 14:52:00+00:00,263.9800109863281,264.2300109863281,263.97039794921875,264.15899658203125,75678,AMZN,1m
2026-05-12 14:53:00+00:00,264.17498779296875,264.2727966308594,264.07000732421875,264.1400146484375,75687,AMZN,1m
2026-05-12 14:54:00+00:00,264.1199951171875,264.1199951171875,263.82000732421875,263.9648132324219,76576,AMZN,1m
2026-05-12 14:55:00+00:00,263.9349975585937,264.07989501953125,263.8999938964844,263.8999938964844,81337,AMZN,1m
2026-05-12 14:56:00+00:00,263.9100036621094,264.0,263.8092956542969,263.8599853515625,83389,AMZN,1m
2026-05-12 14:57:00+00:00,263.8500061035156,263.8900146484375,263.70001220703125,263.8099975585937,72814,AMZN,1m
2026-05-12 14:58:00+00:00,263.8399963378906,263.92999267578125,263.7799987792969,263.7799987792969,49715,AMZN,1m
2026-05-12 14:59:00+00:00,263.7699890136719,263.95001220703125,263.7099914550781,263.9049987792969,72898,AMZN,1m
2026-05-12 15:00:00+00:00,263.9100036621094,264.1199951171875,263.8699951171875,264.0,205916,AMZN,1m
2026-05-12 15:01:00+00:00,264.0400085449219,264.06500244140625,263.81500244140625,264.0150146484375,68935,AMZN,1m
2026-05-12 15:02:00+00:00,263.94000244140625,263.94000244140625,263.75,263.75,69385,AMZN,1m
2026-05-12 15:03:00+00:00,263.7550048828125,264.0899963378906,263.739990234375,264.07000732421875,63244,AMZN,1m
2026-05-12 15:04:00+00:00,264.09991455078125,264.3800048828125,264.06500244140625,264.260009765625,68318,AMZN,1m
2026-05-12 15:05:00+00:00,264.239990234375,264.239990234375,263.94500732421875,264.17999267578125,92762,AMZN,1m
2026-05-12 15:06:00+00:00,264.1650085449219,264.6300048828125,264.1650085449219,264.6120910644531,87888,AMZN,1m
2026-05-12 15:07:00+00:00,264.6000061035156,264.7300109863281,264.55499267578125,264.7099914550781,67780,AMZN,1m
2026-05-12 15:08:00+00:00,264.7099914550781,264.95001220703125,264.6549987792969,264.95001220703125,64192,AMZN,1m
2026-05-12 15:09:00+00:00,264.989990234375,265.1899108886719,264.864990234375,265.0799865722656,114277,AMZN,1m
2026-05-12 15:10:00+00:00,265.0799865722656,265.0950012207031,264.7850036621094,264.9200134277344,72741,AMZN,1m
2026-05-12 15:11:00+00:00,264.9100036621094,265.0799865722656,264.8299865722656,265.0450134277344,66847,AMZN,1m
2026-05-12 15:12:00+00:00,265.010009765625,265.1700134277344,264.9349975585937,265.1400146484375,63147,AMZN,1m
2026-05-12 15:13:00+00:00,265.1400146484375,265.20001220703125,265.0249938964844,265.19000244140625,54178,AMZN,1m
2026-05-12 15:14:00+00:00,265.1700134277344,265.1700134277344,264.8699951171875,264.9100036621094,50197,AMZN,1m
2026-05-12 15:15:00+00:00,264.9049072265625,264.9200134277344,264.5899963378906,264.67999267578125,63474,AMZN,1m
2026-05-12 15:16:00+00:00,264.70001220703125,264.889892578125,264.6099853515625,264.7950134277344,51409,AMZN,1m
2026-05-12 15:17:00+00:00,264.7699890136719,264.9800109863281,264.6700134277344,264.9800109863281,50091,AMZN,1m
2026-05-12 15:18:00+00:00,264.9700927734375,265.0,264.6300048828125,264.67498779296875,110215,AMZN,1m
2026-05-12 15:19:00+00:00,264.6499938964844,264.6499938964844,264.5,264.56500244140625,89743,AMZN,1m
2026-05-12 15:20:00+00:00,264.54998779296875,264.5899963378906,264.4844970703125,264.5,60193,AMZN,1m
2026-05-12 15:21:00+00:00,264.510009765625,264.57000732421875,264.239990234375,264.239990234375,60326,AMZN,1m
2026-05-12 15:22:00+00:00,264.2349853515625,264.29998779296875,264.1000061035156,264.15008544921875,108616,AMZN,1m
2026-05-12 15:23:00+00:00,264.15008544921875,264.17999267578125,264.0,264.0,66365,AMZN,1m
2026-05-12 15:24:00+00:00,264.0199890136719,264.4599914550781,263.95001220703125,264.36248779296875,97378,AMZN,1m
2026-05-12 15:25:00+00:00,264.3399963378906,264.3599853515625,264.0,264.0899963378906,68510,AMZN,1m
2026-05-12 15:26:00+00:00,264.0299987792969,264.44000244140625,264.010009765625,264.3074951171875,84106,AMZN,1m
2026-05-12 15:27:00+00:00,264.25,264.489990234375,264.19000244140625,264.3949890136719,55732,AMZN,1m
2026-05-12 15:28:00+00:00,264.4200134277344,264.4800109863281,264.29998779296875,264.3309020996094,75254,AMZN,1m
2026-05-12 15:29:00+00:00,264.375,264.5599975585937,264.3399963378906,264.5199890136719,66128,AMZN,1m
2026-05-12 15:30:00+00:00,264.57000732421875,264.6000061035156,264.3900146484375,264.5,47805,AMZN,1m
2026-05-12 15:31:00+00:00,264.4967041015625,264.510009765625,264.33990478515625,264.4219970703125,45857,AMZN,1m
2026-05-12 15:32:00+00:00,264.42999267578125,264.6499938964844,264.4150085449219,264.57501220703125,67745,AMZN,1m
2026-05-12 15:33:00+00:00,264.5799865722656,264.7200012207031,264.4700012207031,264.6499938964844,38689,AMZN,1m
2026-05-12 15:34:00+00:00,264.6199951171875,264.7099914550781,264.5920104980469,264.6700134277344,26690,AMZN,1m
2026-05-12 15:35:00+00:00,264.6499938964844,264.6499938964844,264.45001220703125,264.5950012207031,41230,AMZN,1m
2026-05-12 15:36:00+00:00,264.6099853515625,264.6199951171875,264.489990234375,264.5400085449219,22818,AMZN,1m
2026-05-12 15:37:00+00:00,264.5400085449219,264.6000061035156,264.4700012207031,264.5350036621094,34177,AMZN,1m
2026-05-12 15:38:00+00:00,264.54998779296875,264.614990234375,264.510009765625,264.5799865722656,29233,AMZN,1m
2026-05-12 15:39:00+00:00,264.5600891113281,264.70001220703125,264.5599975585937,264.635009765625,44873,AMZN,1m
2026-05-12 15:40:00+00:00,264.635009765625,264.69500732421875,264.3599853515625,264.375,53347,AMZN,1m
2026-05-12 15:41:00+00:00,264.364990234375,264.4700012207031,264.2900085449219,264.3399963378906,51062,AMZN,1m
2026-05-12 15:42:00+00:00,264.3599853515625,264.6499938964844,264.32000732421875,264.5799865722656,44208,AMZN,1m
2026-05-12 15:43:00+00:00,264.56500244140625,264.889892578125,264.5599975585937,264.82000732421875,40917,AMZN,1m
2026-05-12 15:44:00+00:00,264.8299865722656,264.8739929199219,264.7200012207031,264.7699890136719,41894,AMZN,1m
2026-05-12 15:45:00+00:00,264.7799987792969,264.8900146484375,264.7300109863281,264.760009765625,49215,AMZN,1m
2026-05-12 15:46:00+00:00,264.7900085449219,264.9595031738281,264.7250061035156,264.7799987792969,45323,AMZN,1m
2026-05-12 15:47:00+00:00,264.8099975585937,264.94000244140625,264.79998779296875,264.8999938964844,57650,AMZN,1m
2026-05-12 15:48:00+00:00,264.8949890136719,264.95001220703125,264.760009765625,264.760009765625,31057,AMZN,1m
2026-05-12 15:49:00+00:00,264.7799987792969,264.8099975585937,264.6600036621094,264.69000244140625,29731,AMZN,1m
2026-05-12 15:50:00+00:00,264.69000244140625,264.760009765625,264.5400085449219,264.6600036621094,54686,AMZN,1m
2026-05-12 15:51:00+00:00,264.6698913574219,264.6698913574219,264.42999267578125,264.5450134277344,54373,AMZN,1m
2026-05-12 15:52:00+00:00,264.510009765625,264.5299987792969,264.32501220703125,264.34698486328125,40016,AMZN,1m
2026-05-12 15:53:00+00:00,264.32501220703125,264.4599914550781,264.32501220703125,264.4349975585937,43041,AMZN,1m
2026-05-12 15:54:00+00:00,264.44000244140625,264.4649963378906,264.32000732421875,264.32000732421875,26487,AMZN,1m
2026-05-12 15:55:00+00:00,264.29998779296875,264.3500061035156,264.1700134277344,264.3500061035156,62129,AMZN,1m
2026-05-12 15:56:00+00:00,264.3500061035156,264.3500061035156,264.1499938964844,264.2099914550781,44003,AMZN,1m
2026-05-12 15:57:00+00:00,264.2200012207031,264.2799987792969,264.19000244140625,264.260009765625,45217,AMZN,1m
2026-05-12 15:58:00+00:00,264.25,264.3299865722656,264.20001220703125,264.3214111328125,45410,AMZN,1m
2026-05-12 15:59:00+00:00,264.3399963378906,264.42999267578125,264.2500915527344,264.3999938964844,33757,AMZN,1m
2026-05-12 16:00:00+00:00,264.4100036621094,264.44000244140625,264.1499938964844,264.25,41580,AMZN,1m
2026-05-12 16:01:00+00:00,264.260009765625,264.6600036621094,264.2255859375,264.6300048828125,40881,AMZN,1m
2026-05-12 16:02:00+00:00,264.6600036621094,264.7850036621094,264.6199951171875,264.739990234375,33308,AMZN,1m
2026-05-12 16:03:00+00:00,264.7300109863281,264.8099975585937,264.54998779296875,264.8099975585937,47509,AMZN,1m
2026-05-12 16:04:00+00:00,264.8299865722656,264.8999938964844,264.7699890136719,264.82000732421875,28455,AMZN,1m
2026-05-12 16:05:00+00:00,264.82000732421875,264.8599853515625,264.6401062011719,264.6401062011719,47364,AMZN,1m
2026-05-12 16:06:00+00:00,264.6700134277344,264.67999267578125,264.5133972167969,264.57000732421875,25873,AMZN,1m
2026-05-12 16:07:00+00:00,264.6000061035156,264.7699890136719,264.6000061035156,264.7099914550781,41809,AMZN,1m
2026-05-12 16:08:00+00:00,264.7200012207031,264.739990234375,264.5090026855469,264.54998779296875,23008,AMZN,1m
2026-05-12 16:09:00+00:00,264.5400085449219,264.6400146484375,264.5072021484375,264.57000732421875,28919,AMZN,1m
2026-05-12 16:10:00+00:00,264.57000732421875,264.60040283203125,264.4800109863281,264.489990234375,29724,AMZN,1m
2026-05-12 16:11:00+00:00,264.4800109863281,264.5899963378906,264.47808837890625,264.5199890136719,33472,AMZN,1m
2026-05-12 16:12:00+00:00,264.5400085449219,264.5450134277344,264.42779541015625,264.489990234375,28841,AMZN,1m
2026-05-12 16:13:00+00:00,264.5,264.6199951171875,264.5,264.6199951171875,37790,AMZN,1m
2026-05-12 16:14:00+00:00,264.6199951171875,264.6199951171875,264.239990234375,264.239990234375,83979,AMZN,1m
2026-05-12 16:15:00+00:00,264.2099914550781,264.25,263.92999267578125,263.9700012207031,97217,AMZN,1m
2026-05-12 16:16:00+00:00,263.9700012207031,264.0987854003906,263.8599853515625,263.9800109863281,65806,AMZN,1m
2026-05-12 16:17:00+00:00,264.0,264.0299987792969,263.8800048828125,263.8999938964844,58572,AMZN,1m
2026-05-12 16:18:00+00:00,263.8900146484375,264.0,263.70001220703125,263.8297119140625,64278,AMZN,1m
2026-05-12 16:19:00+00:00,263.8399963378906,263.989990234375,263.79998779296875,263.8599853515625,55507,AMZN,1m
2026-05-12 16:20:00+00:00,263.8399963378906,263.8500061035156,263.739990234375,263.739990234375,67540,AMZN,1m
2026-05-12 16:21:00+00:00,263.7699890136719,263.7900085449219,263.4200134277344,263.4200134277344,113295,AMZN,1m
2026-05-12 16:22:00+00:00,263.4150085449219,263.4800109863281,263.3699951171875,263.4324951171875,64348,AMZN,1m
2026-05-12 16:23:00+00:00,263.4100036621094,263.70001220703125,263.3699951171875,263.4800109863281,80068,AMZN,1m
2026-05-12 16:24:00+00:00,263.5,263.54998779296875,263.44000244140625,263.4800109863281,53936,AMZN,1m
2026-05-12 16:25:00+00:00,263.4599914550781,263.51910400390625,263.3399963378906,263.5,87686,AMZN,1m
2026-05-12 16:26:00+00:00,263.5050048828125,263.6199951171875,263.45001220703125,263.489990234375,47642,AMZN,1m
2026-05-12 16:27:00+00:00,263.45001220703125,263.5599975585937,263.45001220703125,263.4898986816406,52012,AMZN,1m
2026-05-12 16:28:00+00:00,263.489990234375,263.57000732421875,263.42999267578125,263.4692077636719,100224,AMZN,1m
2026-05-12 16:29:00+00:00,263.44500732421875,263.5400085449219,263.25,263.31201171875,76307,AMZN,1m
2026-05-12 16:30:00+00:00,263.29998779296875,263.32989501953125,263.04998779296875,263.04998779296875,87340,AMZN,1m
2026-05-12 16:31:00+00:00,263.0299987792969,263.0599975585937,262.8399963378906,262.8399963378906,159093,AMZN,1m
2026-05-12 16:32:00+00:00,262.8299865722656,262.8299865722656,262.67999267578125,262.69000244140625,105989,AMZN,1m
2026-05-12 16:33:00+00:00,262.69000244140625,262.8550109863281,262.6300048828125,262.8099975585937,103474,AMZN,1m
2026-05-12 16:34:00+00:00,262.864990234375,263.0299987792969,262.8099975585937,262.8599853515625,81346,AMZN,1m
2026-05-12 16:35:00+00:00,262.8299865722656,262.8800048828125,262.7200012207031,262.8800048828125,74824,AMZN,1m
2026-05-12 16:36:00+00:00,262.8900146484375,262.9800109863281,262.7900085449219,262.94000244140625,87022,AMZN,1m
2026-05-12 16:37:00+00:00,262.9599914550781,263.2300109863281,262.94000244140625,262.95001220703125,124727,AMZN,1m
2026-05-12 16:38:00+00:00,262.9549865722656,263.0299987792969,262.8500061035156,262.9849853515625,71816,AMZN,1m
2026-05-12 16:39:00+00:00,262.9700012207031,263.1549987792969,262.9700012207031,263.1199951171875,83060,AMZN,1m
2026-05-12 16:40:00+00:00,263.114990234375,263.1499938964844,263.0599975585937,263.1300048828125,76606,AMZN,1m
2026-05-12 16:41:00+00:00,263.1300048828125,263.1700134277344,262.8599853515625,263.1499938964844,107770,AMZN,1m
2026-05-12 16:42:00+00:00,263.1199951171875,263.25,263.0400085449219,263.1400146484375,74357,AMZN,1m
2026-05-12 16:43:00+00:00,263.110107421875,263.17999267578125,263.0299987792969,263.0599975585937,81532,AMZN,1m
2026-05-12 16:44:00+00:00,263.0,263.45001220703125,262.9849853515625,263.4200134277344,82488,AMZN,1m
2026-05-12 16:45:00+00:00,263.4349975585937,263.4649963378906,263.0249938964844,263.2099914550781,58329,AMZN,1m
2026-05-12 16:46:00+00:00,263.1849975585937,263.375,263.1401062011719,263.32501220703125,59503,AMZN,1m
2026-05-12 16:47:00+00:00,263.32989501953125,263.4198913574219,263.20001220703125,263.2703857421875,70495,AMZN,1m
2026-05-12 16:48:00+00:00,263.2699890136719,263.2799987792969,263.1549987792969,263.2200012207031,53405,AMZN,1m
2026-05-12 16:49:00+00:00,263.239990234375,263.239990234375,263.114990234375,263.2300109863281,32787,AMZN,1m
2026-05-12 16:50:00+00:00,263.20001220703125,263.2099914550781,263.0299987792969,263.0899963378906,37158,AMZN,1m
2026-05-12 16:51:00+00:00,263.07000732421875,263.19000244140625,263.04998779296875,263.1600036621094,38198,AMZN,1m
2026-05-12 16:52:00+00:00,263.1465148925781,263.17999267578125,262.95001220703125,263.1400146484375,65478,AMZN,1m
2026-05-12 16:53:00+00:00,263.1300048828125,263.2099914550781,263.0600891113281,263.1099853515625,55031,AMZN,1m
2026-05-12 16:54:00+00:00,263.0950012207031,263.1300048828125,263.010009765625,263.04998779296875,37039,AMZN,1m
2026-05-12 16:55:00+00:00,263.0450134277344,263.0450134277344,262.8800048828125,263.010009765625,49563,AMZN,1m
2026-05-12 16:56:00+00:00,263.010009765625,263.0899963378906,262.9800109863281,263.04998779296875,42423,AMZN,1m
2026-05-12 16:57:00+00:00,263.07000732421875,263.1099853515625,263.010009765625,263.0799865722656,35716,AMZN,1m
2026-05-12 16:58:00+00:00,263.0849914550781,263.0899963378906,262.8800048828125,262.989990234375,41926,AMZN,1m
2026-05-12 16:59:00+00:00,263.0,263.07501220703125,262.9601135253906,263.010009765625,33206,AMZN,1m
2026-05-12 17:00:00+00:00,263.0199890136719,263.3099975585937,263.0199890136719,263.1000061035156,61407,AMZN,1m
2026-05-12 17:01:00+00:00,263.04998779296875,263.1099853515625,262.95001220703125,263.0599975585937,31478,AMZN,1m
2026-05-12 17:02:00+00:00,263.0799865722656,263.2976989746094,263.06500244140625,263.2950134277344,38171,AMZN,1m
2026-05-12 17:03:00+00:00,263.2601013183594,263.3500061035156,263.2099914550781,263.31500244140625,116043,AMZN,1m
2026-05-12 17:04:00+00:00,263.31500244140625,263.3800048828125,263.28009033203125,263.3399963378906,27372,AMZN,1m
2026-05-12 17:05:00+00:00,263.3500061035156,263.3900146484375,263.2699890136719,263.29998779296875,25179,AMZN,1m
2026-05-12 17:06:00+00:00,263.29998779296875,263.4100036621094,263.29998779296875,263.35699462890625,48261,AMZN,1m
2026-05-12 17:07:00+00:00,263.32000732421875,263.3699951171875,263.260009765625,263.3099975585937,28299,AMZN,1m
2026-05-12 17:08:00+00:00,263.3099975585937,263.4150085449219,263.2349853515625,263.4020080566406,74195,AMZN,1m
2026-05-12 17:09:00+00:00,263.4200134277344,263.44500732421875,263.3219909667969,263.4200134277344,33472,AMZN,1m
2026-05-12 17:10:00+00:00,263.44000244140625,263.5899963378906,263.32000732421875,263.5799865722656,61558,AMZN,1m
2026-05-12 17:11:00+00:00,263.5599975585937,263.5599975585937,263.3949890136719,263.3949890136719,43474,AMZN,1m
2026-05-12 17:12:00+00:00,263.3900146484375,263.4599914550781,263.2933959960937,263.3099975585937,29545,AMZN,1m
2026-05-12 17:13:00+00:00,263.2850036621094,263.4200134277344,263.25,263.3900146484375,38067,AMZN,1m
2026-05-12 17:14:00+00:00,263.3949890136719,263.44000244140625,263.25,263.29998779296875,63409,AMZN,1m
2026-05-12 17:15:00+00:00,263.2900085449219,263.3399963378906,263.2200012207031,263.2950134277344,53920,AMZN,1m
2026-05-12 17:16:00+00:00,263.29998779296875,263.3599853515625,263.2699890136719,263.3558044433594,30052,AMZN,1m
2026-05-12 17:17:00+00:00,263.3399963378906,263.45001220703125,263.3399963378906,263.3800048828125,35985,AMZN,1m
2026-05-12 17:18:00+00:00,263.3699951171875,263.5299987792969,263.3699951171875,263.5249938964844,45018,AMZN,1m
2026-05-12 17:19:00+00:00,263.54998779296875,263.69000244140625,263.5400085449219,263.67498779296875,45121,AMZN,1m
2026-05-12 17:20:00+00:00,263.715087890625,264.1400146484375,263.7094116210937,264.07000732421875,133194,AMZN,1m
2026-05-12 17:21:00+00:00,264.0849914550781,264.1300048828125,263.9700012207031,264.0299987792969,58179,AMZN,1m
2026-05-12 17:22:00+00:00,264.04998779296875,264.1600036621094,263.9949951171875,264.14898681640625,43049,AMZN,1m
2026-05-12 17:23:00+00:00,264.1549987792969,264.32000732421875,264.1300048828125,264.3099975585937,50295,AMZN,1m
2026-05-12 17:24:00+00:00,264.3399963378906,264.5199890136719,264.3399963378906,264.44000244140625,46094,AMZN,1m
2026-05-12 17:25:00+00:00,264.42999267578125,264.4700012207031,264.2200012207031,264.2799987792969,74423,AMZN,1m
2026-05-12 17:26:00+00:00,264.2699890136719,264.31500244140625,264.1449890136719,264.3099975585937,64168,AMZN,1m
2026-05-12 17:27:00+00:00,264.3099975585937,264.3399963378906,264.2250061035156,264.2250061035156,60985,AMZN,1m
2026-05-12 17:28:00+00:00,264.2200012207031,264.2200012207031,264.13751220703125,264.20001220703125,42395,AMZN,1m
2026-05-12 17:29:00+00:00,264.17999267578125,264.2300109863281,264.1199951171875,264.17999267578125,38844,AMZN,1m
2026-05-12 17:30:00+00:00,264.17498779296875,264.20001220703125,264.010009765625,264.0899963378906,38762,AMZN,1m
2026-05-12 17:31:00+00:00,264.0950012207031,264.1499938964844,263.8599853515625,263.875,60623,AMZN,1m
2026-05-12 17:32:00+00:00,263.8800048828125,264.1571960449219,263.8800048828125,263.9549865722656,86902,AMZN,1m
2026-05-12 17:33:00+00:00,263.9700012207031,264.0599975585937,263.9504089355469,264.0199890136719,41303,AMZN,1m
2026-05-12 17:34:00+00:00,264.0050048828125,264.0400085449219,263.9599914550781,264.010009765625,28960,AMZN,1m
2026-05-12 17:35:00+00:00,263.9849853515625,264.010009765625,263.75,263.75,26091,AMZN,1m
2026-05-12 17:36:00+00:00,263.7749938964844,263.8900146484375,263.7449951171875,263.760009765625,42092,AMZN,1m
2026-05-12 17:37:00+00:00,263.7699890136719,263.8275146484375,263.7461853027344,263.79998779296875,21005,AMZN,1m
2026-05-12 17:38:00+00:00,263.79998779296875,263.8299865722656,263.6101989746094,263.67999267578125,32640,AMZN,1m
2026-05-12 17:39:00+00:00,263.67999267578125,263.8299865722656,263.6700134277344,263.7699890136719,41558,AMZN,1m
2026-05-12 17:40:00+00:00,263.7749938964844,263.7900085449219,263.6099853515625,263.67999267578125,54417,AMZN,1m
2026-05-12 17:41:00+00:00,263.6700134277344,264.1199951171875,263.6600036621094,264.0599975585937,56958,AMZN,1m
2026-05-12 17:42:00+00:00,264.0249938964844,264.1000061035156,263.9800109863281,264.0299987792969,25278,AMZN,1m
2026-05-12 17:43:00+00:00,264.07000732421875,264.0899963378906,263.8450012207031,264.07000732421875,48945,AMZN,1m
2026-05-12 17:44:00+00:00,264.05499267578125,264.2699890136719,264.05499267578125,264.17999267578125,40401,AMZN,1m
2026-05-12 17:45:00+00:00,264.1849975585937,264.1849975585937,264.0801086425781,264.0899963378906,22451,AMZN,1m
2026-05-12 17:46:00+00:00,264.07000732421875,264.19000244140625,264.0199890136719,264.17999267578125,59520,AMZN,1m
2026-05-12 17:47:00+00:00,264.1849975585937,264.3700866699219,264.1700134277344,264.29998779296875,40644,AMZN,1m
2026-05-12 17:48:00+00:00,264.32000732421875,264.3999938964844,264.114990234375,264.1300048828125,31608,AMZN,1m
2026-05-12 17:49:00+00:00,264.125,264.29998779296875,264.1000061035156,264.2959899902344,30035,AMZN,1m
2026-05-12 17:50:00+00:00,264.3099975585937,264.3301086425781,264.0199890136719,264.0899963378906,37746,AMZN,1m
2026-05-12 17:51:00+00:00,264.0950012207031,264.17999267578125,264.0299987792969,264.1400146484375,46243,AMZN,1m
2026-05-12 17:52:00+00:00,264.1400146484375,264.2099914550781,264.1300048828125,264.1600036621094,30317,AMZN,1m
2026-05-12 17:53:00+00:00,264.1549987792969,264.3599853515625,264.1549987792969,264.2998962402344,31317,AMZN,1m
2026-05-12 17:54:00+00:00,264.2900085449219,264.3399963378906,264.1600036621094,264.335693359375,28645,AMZN,1m
2026-05-12 17:55:00+00:00,264.3301086425781,264.3699951171875,264.1499938964844,264.17999267578125,28236,AMZN,1m
2026-05-12 17:56:00+00:00,264.17498779296875,264.17498779296875,264.04998779296875,264.1199951171875,33809,AMZN,1m
2026-05-12 17:57:00+00:00,264.1099853515625,264.2099914550781,264.0199890136719,264.1499938964844,25808,AMZN,1m
2026-05-12 17:58:00+00:00,264.1400146484375,264.17999267578125,264.0400085449219,264.07501220703125,28224,AMZN,1m
2026-05-12 17:59:00+00:00,264.0599975585937,264.1700134277344,264.0400085449219,264.1499938964844,29823,AMZN,1m
2026-05-12 18:00:00+00:00,264.1300048828125,264.19000244140625,264.07000732421875,264.0950012207031,40114,AMZN,1m
2026-05-12 18:01:00+00:00,264.0899963378906,264.2349853515625,264.0400085449219,264.2300109863281,28590,AMZN,1m
2026-05-12 18:02:00+00:00,264.2300109863281,264.32000732421875,263.989990234375,264.0899963378906,55198,AMZN,1m
2026-05-12 18:03:00+00:00,264.07000732421875,264.1099853515625,264.010009765625,264.1000061035156,27959,AMZN,1m
2026-05-12 18:04:00+00:00,264.1000061035156,264.1700134277344,264.010009765625,264.1499938964844,24997,AMZN,1m
2026-05-12 18:05:00+00:00,264.1499938964844,264.19000244140625,264.0849914550781,264.1199951171875,25768,AMZN,1m
2026-05-12 18:06:00+00:00,264.1600036621094,264.2099914550781,264.0950012207031,264.2099914550781,23915,AMZN,1m
2026-05-12 18:07:00+00:00,264.2099914550781,264.2099914550781,264.0599975585937,264.0849914550781,27650,AMZN,1m
2026-05-12 18:08:00+00:00,264.0899963378906,264.1099853515625,263.9349975585937,263.989990234375,60111,AMZN,1m
2026-05-12 18:09:00+00:00,264.0400085449219,264.1000061035156,264.0050048828125,264.0350036621094,24797,AMZN,1m
2026-05-12 18:10:00+00:00,264.0599975585937,264.2049865722656,263.989990234375,264.1000061035156,42591,AMZN,1m
2026-05-12 18:11:00+00:00,264.1000061035156,264.1400146484375,263.9800109863281,263.9800109863281,27035,AMZN,1m
2026-05-12 18:12:00+00:00,264.0,264.0599975585937,263.977294921875,263.9849853515625,29784,AMZN,1m
2026-05-12 18:13:00+00:00,263.9700012207031,263.989990234375,263.760009765625,263.8599853515625,64161,AMZN,1m
2026-05-12 18:14:00+00:00,263.864990234375,264.1000061035156,263.8500061035156,264.0950012207031,31193,AMZN,1m
2026-05-12 18:15:00+00:00,264.114990234375,264.1199951171875,264.04998779296875,264.0799865722656,25264,AMZN,1m
2026-05-12 18:16:00+00:00,264.0799865722656,264.20001220703125,264.0799865722656,264.1300048828125,42624,AMZN,1m
2026-05-12 18:17:00+00:00,264.1199951171875,264.1400146484375,263.95001220703125,263.9700012207031,30582,AMZN,1m
2026-05-12 18:18:00+00:00,263.9800109863281,264.0199890136719,263.8900146484375,263.94000244140625,37206,AMZN,1m
2026-05-12 18:19:00+00:00,263.94000244140625,264.0899963378906,263.9200134277344,264.0299987792969,21185,AMZN,1m
2026-05-12 18:20:00+00:00,263.989990234375,264.0599975585937,263.9700012207031,263.9750061035156,20248,AMZN,1m
2026-05-12 18:21:00+00:00,263.9700012207031,264.0799865722656,263.9599914550781,264.05499267578125,24712,AMZN,1m
2026-05-12 18:22:00+00:00,264.0599975585937,264.1199951171875,264.0599975585937,264.06500244140625,31410,AMZN,1m
2026-05-12 18:23:00+00:00,264.07000732421875,264.1000061035156,264.0,264.04998779296875,28695,AMZN,1m
2026-05-12 18:24:00+00:00,264.0299987792969,264.30499267578125,264.0150146484375,264.2008056640625,50266,AMZN,1m
2026-05-12 18:25:00+00:00,264.2099914550781,264.510009765625,264.2099914550781,264.4800109863281,50650,AMZN,1m
2026-05-12 18:26:00+00:00,264.4700012207031,264.6794128417969,264.44500732421875,264.6000061035156,54414,AMZN,1m
2026-05-12 18:27:00+00:00,264.6099853515625,264.69000244140625,264.54998779296875,264.6600036621094,43610,AMZN,1m
2026-05-12 18:28:00+00:00,264.6600036621094,264.75,264.489990234375,264.489990234375,39011,AMZN,1m
2026-05-12 18:29:00+00:00,264.489990234375,264.489990234375,264.3399963378906,264.42999267578125,63591,AMZN,1m
2026-05-12 18:30:00+00:00,264.4100036621094,264.5,264.29998779296875,264.4599914550781,43977,AMZN,1m
2026-05-12 18:31:00+00:00,264.45001220703125,264.510009765625,264.385009765625,264.44000244140625,50122,AMZN,1m
2026-05-12 18:32:00+00:00,264.4599914550781,264.489990234375,264.32000732421875,264.32000732421875,25822,AMZN,1m
2026-05-12 18:33:00+00:00,264.32000732421875,264.3599853515625,264.1600036621094,264.17999267578125,23545,AMZN,1m
2026-05-12 18:34:00+00:00,264.1700134277344,264.2099914550781,264.114501953125,264.1499938964844,29643,AMZN,1m
2026-05-12 18:35:00+00:00,264.1700134277344,264.17999267578125,263.9849853515625,264.0599975585937,40929,AMZN,1m
2026-05-12 18:36:00+00:00,264.0849914550781,264.17999267578125,264.0799865722656,264.17999267578125,32065,AMZN,1m
2026-05-12 18:37:00+00:00,264.19000244140625,264.2200012207031,264.0799865722656,264.0799865722656,25583,AMZN,1m
2026-05-12 18:38:00+00:00,264.0799865722656,264.1300048828125,264.0599975585937,264.114990234375,31332,AMZN,1m
2026-05-12 18:39:00+00:00,264.1300048828125,264.1600036621094,264.0299987792969,264.0299987792969,31278,AMZN,1m
2026-05-12 18:40:00+00:00,264.0299987792969,264.11920166015625,264.0299987792969,264.0450134277344,27701,AMZN,1m
2026-05-12 18:41:00+00:00,264.0599975585937,264.3099975585937,264.0450134277344,264.3099975585937,37773,AMZN,1m
2026-05-12 18:42:00+00:00,264.29998779296875,264.3399963378906,264.2699890136719,264.29998779296875,20247,AMZN,1m
2026-05-12 18:43:00+00:00,264.2900085449219,264.29998779296875,264.1400146484375,264.19000244140625,43807,AMZN,1m
2026-05-12 18:44:00+00:00,264.17999267578125,264.31988525390625,264.17999267578125,264.239990234375,31295,AMZN,1m
2026-05-12 18:45:00+00:00,264.239990234375,264.2950134277344,264.19000244140625,264.2950134277344,62272,AMZN,1m
2026-05-12 18:46:00+00:00,264.2900085449219,264.32000732421875,264.1199951171875,264.1499938964844,54398,AMZN,1m
2026-05-12 18:47:00+00:00,264.1600036621094,264.3500061035156,264.1449890136719,264.29998779296875,53408,AMZN,1m
2026-05-12 18:48:00+00:00,264.31500244140625,264.3450012207031,264.2099914550781,264.3099975585937,37745,AMZN,1m
2026-05-12 18:49:00+00:00,264.2998962402344,264.2998962402344,264.1600952148437,264.1900939941406,25086,AMZN,1m
2026-05-12 18:50:00+00:00,264.2099914550781,264.2699890136719,264.19000244140625,264.2300109863281,53656,AMZN,1m
2026-05-12 18:51:00+00:00,264.2300109863281,264.28570556640625,264.17999267578125,264.2101135253906,43828,AMZN,1m
2026-05-12 18:52:00+00:00,264.20001220703125,264.2200012207031,264.1499938964844,264.1700134277344,31784,AMZN,1m
2026-05-12 18:53:00+00:00,264.20001220703125,264.2799987792969,264.1700134277344,264.2799987792969,65883,AMZN,1m
2026-05-12 18:54:00+00:00,264.2699890136719,264.44000244140625,264.239990234375,264.3699951171875,73502,AMZN,1m
2026-05-12 18:55:00+00:00,264.3799133300781,264.3900146484375,264.29010009765625,264.32000732421875,66119,AMZN,1m
2026-05-12 18:56:00+00:00,264.32000732421875,264.42999267578125,264.2799987792969,264.3900146484375,59698,AMZN,1m
2026-05-12 18:57:00+00:00,264.3900146484375,264.4049987792969,264.25,264.3900146484375,53394,AMZN,1m
2026-05-12 18:58:00+00:00,264.3349914550781,264.5,264.20001220703125,264.3999938964844,64837,AMZN,1m
2026-05-12 18:59:00+00:00,264.3800048828125,264.5,264.2950134277344,264.3099975585937,59615,AMZN,1m
2026-05-12 19:00:00+00:00,264.3099975585937,264.3500061035156,264.04998779296875,264.07989501953125,70742,AMZN,1m
2026-05-12 19:01:00+00:00,264.0799865722656,264.3901062011719,264.0299987792969,264.3800048828125,71068,AMZN,1m
2026-05-12 19:02:00+00:00,264.3599853515625,264.44500732421875,264.29998779296875,264.31500244140625,34888,AMZN,1m
2026-05-12 19:03:00+00:00,264.3299865722656,264.4200134277344,264.2900085449219,264.3900146484375,34906,AMZN,1m
2026-05-12 19:04:00+00:00,264.4100036621094,264.4200134277344,264.1400146484375,264.2099914550781,53828,AMZN,1m
2026-05-12 19:05:00+00:00,264.2099914550781,264.260009765625,264.1499938964844,264.2349853515625,30489,AMZN,1m
2026-05-12 19:06:00+00:00,264.2499084472656,264.32000732421875,264.20001220703125,264.31500244140625,41631,AMZN,1m
2026-05-12 19:07:00+00:00,264.31500244140625,264.3999938964844,264.20001220703125,264.2300109863281,41520,AMZN,1m
2026-05-12 19:08:00+00:00,264.2149963378906,264.42999267578125,264.19000244140625,264.385009765625,44890,AMZN,1m
2026-05-12 19:09:00+00:00,264.3800048828125,264.3800048828125,264.2300109863281,264.2449951171875,30004,AMZN,1m
2026-05-12 19:10:00+00:00,264.2449951171875,264.2749938964844,264.2049865722656,264.2300109863281,47587,AMZN,1m
2026-05-12 19:11:00+00:00,264.2349853515625,264.3900146484375,264.1600036621094,264.3599853515625,47523,AMZN,1m
2026-05-12 19:12:00+00:00,264.3900146484375,264.4700012207031,264.3299865722656,264.4507141113281,51203,AMZN,1m
2026-05-12 19:13:00+00:00,264.4599914550781,264.5661926269531,264.3800048828125,264.54010009765625,121459,AMZN,1m
2026-05-12 19:14:00+00:00,264.5599975585937,264.6000061035156,264.489990234375,264.5199890136719,51046,AMZN,1m
2026-05-12 19:15:00+00:00,264.535888671875,264.7651062011719,264.535888671875,264.739990234375,72031,AMZN,1m
2026-05-12 19:16:00+00:00,264.7200012207031,264.7200012207031,264.6000061035156,264.625,45822,AMZN,1m
2026-05-12 19:17:00+00:00,264.625,264.75,264.6099853515625,264.6300048828125,53036,AMZN,1m
2026-05-12 19:18:00+00:00,264.6300048828125,264.6700134277344,264.5899963378906,264.6499938964844,39120,AMZN,1m
2026-05-12 19:19:00+00:00,264.6499938964844,264.67999267578125,264.610107421875,264.6600036621094,38883,AMZN,1m
2026-05-12 19:20:00+00:00,264.6756896972656,264.7200012207031,264.5899963378906,264.6300048828125,58396,AMZN,1m
2026-05-12 19:21:00+00:00,264.6199951171875,264.9750061035156,264.6000061035156,264.9750061035156,95604,AMZN,1m
2026-05-12 19:22:00+00:00,264.9700012207031,265.1099853515625,264.9599914550781,265.0,100026,AMZN,1m
2026-05-12 19:23:00+00:00,265.010009765625,265.1199951171875,264.989990234375,265.0950012207031,43654,AMZN,1m
2026-05-12 19:24:00+00:00,265.0799865722656,265.19000244140625,265.0450134277344,265.1499938964844,64306,AMZN,1m
2026-05-12 19:25:00+00:00,265.1499938964844,265.2449951171875,265.1400146484375,265.2099914550781,50184,AMZN,1m
2026-05-12 19:26:00+00:00,265.20001220703125,265.2401123046875,265.1700134277344,265.17999267578125,36487,AMZN,1m
2026-05-12 19:27:00+00:00,265.17999267578125,265.239990234375,265.1000061035156,265.1700134277344,46202,AMZN,1m
2026-05-12 19:28:00+00:00,265.17999267578125,265.2699890136719,265.1700134277344,265.19000244140625,75708,AMZN,1m
2026-05-12 19:29:00+00:00,265.1849975585937,265.2300109863281,265.1200866699219,265.19000244140625,40857,AMZN,1m
2026-05-12 19:30:00+00:00,265.1849975585937,265.3599853515625,265.17999267578125,265.3500061035156,83656,AMZN,1m
2026-05-12 19:31:00+00:00,265.3500061035156,265.3500061035156,265.1650085449219,265.1650085449219,66206,AMZN,1m
2026-05-12 19:32:00+00:00,265.1700134277344,265.2950134277344,265.1600036621094,265.2250061035156,41140,AMZN,1m
2026-05-12 19:33:00+00:00,265.2200012207031,265.44000244140625,265.2200012207031,265.4349975585937,69000,AMZN,1m
2026-05-12 19:34:00+00:00,265.45001220703125,265.489990234375,265.3900146484375,265.4649963378906,54398,AMZN,1m
2026-05-12 19:35:00+00:00,265.4599914550781,265.4700012207031,265.20001220703125,265.2099914550781,66959,AMZN,1m
2026-05-12 19:36:00+00:00,265.2099914550781,265.32000732421875,265.19000244140625,265.2799987792969,50905,AMZN,1m
2026-05-12 19:37:00+00:00,265.25,265.2900085449219,265.1400146484375,265.2699890136719,80214,AMZN,1m
2026-05-12 19:38:00+00:00,265.2506103515625,265.2699890136719,265.2200012207031,265.23748779296875,51863,AMZN,1m
2026-05-12 19:39:00+00:00,265.2449951171875,265.3800048828125,265.2300109863281,265.2799987792969,42434,AMZN,1m
2026-05-12 19:40:00+00:00,265.2550048828125,265.3699951171875,265.19500732421875,265.2829895019531,158138,AMZN,1m
2026-05-12 19:41:00+00:00,265.2900085449219,265.3699951171875,265.239990234375,265.3299865722656,57926,AMZN,1m
2026-05-12 19:42:00+00:00,265.3299865722656,265.3699951171875,265.25,265.32000732421875,57608,AMZN,1m
2026-05-12 19:43:00+00:00,265.32000732421875,265.3500061035156,265.2701110839844,265.29998779296875,45368,AMZN,1m
2026-05-12 19:44:00+00:00,265.3099975585937,265.5,265.3099975585937,265.4700012207031,98422,AMZN,1m
2026-05-12 19:45:00+00:00,265.4849853515625,265.54998779296875,265.4599914550781,265.5199890136719,91130,AMZN,1m
2026-05-12 19:46:00+00:00,265.5199890136719,265.6199951171875,265.4150085449219,265.45001220703125,81317,AMZN,1m
2026-05-12 19:47:00+00:00,265.45001220703125,265.7699890136719,265.42999267578125,265.75,151332,AMZN,1m
2026-05-12 19:48:00+00:00,265.75,265.8900146484375,265.75,265.8299865722656,111253,AMZN,1m
2026-05-12 19:49:00+00:00,265.8399963378906,265.9200134277344,265.7049865722656,265.80499267578125,104776,AMZN,1m
2026-05-12 19:50:00+00:00,265.82000732421875,266.1099853515625,265.82000732421875,265.9700012207031,200239,AMZN,1m
2026-05-12 19:51:00+00:00,265.9649963378906,266.0899963378906,265.9649963378906,266.08990478515625,139831,AMZN,1m
2026-05-12 19:52:00+00:00,266.0899963378906,266.2015991210937,265.9649963378906,266.17498779296875,132560,AMZN,1m
2026-05-12 19:53:00+00:00,266.1700134277344,266.5,266.1300048828125,266.489990234375,495228,AMZN,1m
2026-05-12 19:54:00+00:00,266.4800109863281,266.4800109863281,265.1600036621094,265.53009033203125,339917,AMZN,1m
2026-05-12 19:55:00+00:00,265.5199890136719,265.5799865722656,265.2749938964844,265.4849853515625,331583,AMZN,1m
2026-05-12 19:56:00+00:00,265.4800109863281,265.5299987792969,265.3800048828125,265.489990234375,241162,AMZN,1m
2026-05-12 19:57:00+00:00,265.4949951171875,265.6000061035156,265.3599853515625,265.5899963378906,269387,AMZN,1m
2026-05-12 19:58:00+00:00,265.6099853515625,265.8399963378906,265.5599975585937,265.79998779296875,355626,AMZN,1m
2026-05-12 19:59:00+00:00,265.79998779296875,265.8999938964844,265.7699890136719,265.8900146484375,722279,AMZN,1m
2026-05-13 13:30:00+00:00,264.45001220703125,265.0799865722656,263.54998779296875,263.7699890136719,1485613,AMZN,1m
2026-05-13 13:31:00+00:00,263.69000244140625,264.0849914550781,263.3399963378906,263.71990966796875,180739,AMZN,1m
2026-05-13 13:32:00+00:00,263.6600036621094,264.6050109863281,263.590087890625,264.489990234375,147818,AMZN,1m
2026-05-13 13:33:00+00:00,264.5249938964844,264.5899963378906,263.739990234375,264.3349914550781,129480,AMZN,1m
2026-05-13 13:34:00+00:00,264.3349914550781,264.3800048828125,263.5599975585937,263.7300109863281,121322,AMZN,1m
2026-05-13 13:35:00+00:00,263.760009765625,263.760009765625,263.2699890136719,263.2699890136719,148611,AMZN,1m
2026-05-13 13:36:00+00:00,263.25,264.0299987792969,263.20001220703125,263.9100036621094,140444,AMZN,1m
2026-05-13 13:37:00+00:00,263.9100036621094,264.0899963378906,263.5599975585937,264.05499267578125,167429,AMZN,1m
2026-05-13 13:38:00+00:00,264.0899963378906,264.4200134277344,263.8699951171875,264.385009765625,97901,AMZN,1m
2026-05-13 13:39:00+00:00,264.3900146484375,264.3900146484375,263.9200134277344,263.94000244140625,147748,AMZN,1m
2026-05-13 13:40:00+00:00,263.9599914550781,264.25,263.760009765625,264.1700134277344,177059,AMZN,1m
2026-05-13 13:41:00+00:00,264.1499938964844,264.9800109863281,264.0199890136719,264.8800048828125,181427,AMZN,1m
2026-05-13 13:42:00+00:00,264.864990234375,264.9800109863281,264.57000732421875,264.57000732421875,120895,AMZN,1m
2026-05-13 13:43:00+00:00,264.3699951171875,265.1600036621094,264.3699951171875,265.1499938964844,95607,AMZN,1m
2026-05-13 13:44:00+00:00,265.19000244140625,265.44000244140625,265.0899963378906,265.31988525390625,72598,AMZN,1m
2026-05-13 13:45:00+00:00,265.29998779296875,265.3500061035156,264.94000244140625,265.17999267578125,97111,AMZN,1m
2026-05-13 13:46:00+00:00,265.1300048828125,265.2493896484375,264.8810119628906,264.989990234375,118990,AMZN,1m
2026-05-13 13:47:00+00:00,264.9563903808594,265.1199951171875,264.6225891113281,264.6225891113281,90273,AMZN,1m
2026-05-13 13:48:00+00:00,264.6099853515625,264.7900085449219,264.3800048828125,264.54998779296875,115175,AMZN,1m
2026-05-13 13:49:00+00:00,264.6099853515625,265.20001220703125,264.5599975585937,265.125,163945,AMZN,1m
2026-05-13 13:50:00+00:00,265.1199951171875,265.25299072265625,264.6499938964844,264.8500061035156,82863,AMZN,1m
2026-05-13 13:51:00+00:00,264.94989013671875,265.2499084472656,264.8699951171875,264.92779541015625,111803,AMZN,1m
2026-05-13 13:52:00+00:00,264.9150085449219,265.32000732421875,264.9150085449219,265.32000732421875,78209,AMZN,1m
2026-05-13 13:53:00+00:00,265.3099975585937,265.5,265.19500732421875,265.5,84364,AMZN,1m
2026-05-13 13:54:00+00:00,265.4349975585937,265.9100036621094,265.2149963378906,265.9100036621094,113773,AMZN,1m
2026-05-13 13:55:00+00:00,265.8999938964844,265.9849853515625,265.7699890136719,265.8099975585937,78974,AMZN,1m
2026-05-13 13:56:00+00:00,265.8500061035156,265.92498779296875,265.5299987792969,265.6700134277344,81757,AMZN,1m
2026-05-13 13:57:00+00:00,265.65509033203125,266.0,265.3099975585937,265.4800109863281,259918,AMZN,1m
2026-05-13 13:58:00+00:00,265.4775085449219,265.5350036621094,265.010009765625,265.2950134277344,90547,AMZN,1m
2026-05-13 13:59:00+00:00,265.2799072265625,265.42999267578125,265.04998779296875,265.0775146484375,66747,AMZN,1m
2026-05-13 14:00:00+00:00,265.0599975585937,265.1720886230469,264.82000732421875,265.0950012207031,104421,AMZN,1m
2026-05-13 14:01:00+00:00,265.07000732421875,265.260009765625,264.9649963378906,265.14410400390625,120675,AMZN,1m
2026-05-13 14:02:00+00:00,265.1499938964844,265.2799987792969,264.8599853515625,265.19000244140625,70256,AMZN,1m
2026-05-13 14:03:00+00:00,265.2099914550781,265.3599853515625,264.9849853515625,265.2900085449219,109267,AMZN,1m
2026-05-13 14:04:00+00:00,265.2799987792969,265.5,265.1499938964844,265.4800109863281,125025,AMZN,1m
2026-05-13 14:05:00+00:00,265.4700012207031,265.75,265.3900146484375,265.6400146484375,106028,AMZN,1m
2026-05-13 14:06:00+00:00,265.6400146484375,265.9599914550781,265.5799865722656,265.7633056640625,135237,AMZN,1m
2026-05-13 14:07:00+00:00,265.82000732421875,266.04998779296875,265.8099975585937,265.9049987792969,140692,AMZN,1m
2026-05-13 14:08:00+00:00,265.9599914550781,266.0398864746094,265.8800048828125,266.0199890136719,74968,AMZN,1m
2026-05-13 14:09:00+00:00,266.0199890136719,266.20001220703125,265.8999938964844,266.0899963378906,98025,AMZN,1m
2026-05-13 14:10:00+00:00,266.06500244140625,266.24560546875,265.9100036621094,266.0199890136719,77215,AMZN,1m
2026-05-13 14:11:00+00:00,266.0150146484375,266.04998779296875,265.8299865722656,265.8450012207031,50159,AMZN,1m
2026-05-13 14:12:00+00:00,265.8599853515625,265.9599914550781,265.7799987792969,265.92999267578125,58197,AMZN,1m
2026-05-13 14:13:00+00:00,265.9349975585937,266.0599975585937,265.8699951171875,265.94000244140625,73078,AMZN,1m
2026-05-13 14:14:00+00:00,265.95001220703125,266.010009765625,265.7701110839844,265.82501220703125,45792,AMZN,1m
2026-05-13 14:15:00+00:00,265.8800048828125,266.0050048828125,265.6849975585937,265.78009033203125,92342,AMZN,1m
2026-05-13 14:16:00+00:00,265.7850036621094,265.82000732421875,265.5199890136719,265.5400085449219,53349,AMZN,1m
2026-05-13 14:17:00+00:00,265.5849914550781,265.739990234375,265.31109619140625,265.3599853515625,142787,AMZN,1m
2026-05-13 14:18:00+00:00,265.3450012207031,265.3699951171875,265.1199951171875,265.135009765625,103540,AMZN,1m
2026-05-13 14:19:00+00:00,265.135009765625,265.5050048828125,265.1217041015625,265.480712890625,70701,AMZN,1m
2026-05-13 14:20:00+00:00,265.5299072265625,265.6400146484375,265.3999938964844,265.44970703125,64927,AMZN,1m
2026-05-13 14:21:00+00:00,265.4349975585937,265.5899963378906,265.4349975585937,265.5799865722656,44467,AMZN,1m
2026-05-13 14:22:00+00:00,265.5899963378906,265.6400146484375,265.47149658203125,265.6050109863281,45220,AMZN,1m
2026-05-13 14:23:00+00:00,265.6000061035156,265.6199951171875,265.53009033203125,265.5498046875,67217,AMZN,1m
2026-05-13 14:24:00+00:00,265.5599975585937,265.70001220703125,265.510009765625,265.614990234375,55375,AMZN,1m
2026-05-13 14:25:00+00:00,265.60009765625,266.1549987792969,265.60009765625,265.989990234375,75541,AMZN,1m
2026-05-13 14:26:00+00:00,266.0060119628906,266.06500244140625,265.5199890136719,265.7300109863281,178454,AMZN,1m
2026-05-13 14:27:00+00:00,265.7200012207031,265.8099975585937,265.45001220703125,265.45001220703125,51776,AMZN,1m
2026-05-13 14:28:00+00:00,265.4700012207031,265.6600036621094,265.42999267578125,265.5849914550781,74795,AMZN,1m
2026-05-13 14:29:00+00:00,265.6000061035156,265.6099853515625,265.3599853515625,265.4849853515625,87242,AMZN,1m
2026-05-13 14:30:00+00:00,265.4700012207031,265.4800109863281,265.2200012207031,265.364990234375,61505,AMZN,1m
2026-05-13 14:31:00+00:00,265.3699951171875,265.5231018066406,265.29998779296875,265.45001220703125,64348,AMZN,1m
2026-05-13 14:32:00+00:00,265.44000244140625,265.6600036621094,265.3800048828125,265.625,38337,AMZN,1m
2026-05-13 14:33:00+00:00,265.6400146484375,265.7699890136719,265.4599914550781,265.4849853515625,47172,AMZN,1m
2026-05-13 14:34:00+00:00,265.5,265.55938720703125,265.4700012207031,265.5299987792969,29543,AMZN,1m
2026-05-13 14:35:00+00:00,265.510009765625,265.510009765625,265.4100036621094,265.4200134277344,22561,AMZN,1m
2026-05-13 14:36:00+00:00,265.4100036621094,265.4100036621094,265.2900085449219,265.3399963378906,45831,AMZN,1m
2026-05-13 14:37:00+00:00,265.3399963378906,265.42999267578125,265.25,265.32000732421875,47376,AMZN,1m
2026-05-13 14:38:00+00:00,265.32000732421875,265.3399963378906,264.9800109863281,265.0,102948,AMZN,1m
2026-05-13 14:39:00+00:00,265.0,265.0899963378906,264.8800048828125,264.9515075683594,90265,AMZN,1m
2026-05-13 14:40:00+00:00,264.9551086425781,265.0,264.7799987792969,264.9800109863281,63006,AMZN,1m
2026-05-13 14:41:00+00:00,264.9800109863281,265.1700134277344,264.8999938964844,265.1199951171875,68935,AMZN,1m
2026-05-13 14:42:00+00:00,265.1400146484375,265.3299865722656,265.1000061035156,265.1549987792969,119260,AMZN,1m
2026-05-13 14:43:00+00:00,265.1300048828125,265.1600036621094,264.9700927734375,265.010009765625,36709,AMZN,1m
2026-05-13 14:44:00+00:00,265.0,265.20001220703125,265.0,265.0950012207031,37560,AMZN,1m
2026-05-13 14:45:00+00:00,265.1099853515625,265.19000244140625,264.9200134277344,265.0299987792969,45336,AMZN,1m
2026-05-13 14:46:00+00:00,265.0400085449219,265.3099975585937,264.9599914550781,265.29998779296875,60924,AMZN,1m
2026-05-13 14:47:00+00:00,265.2699890136719,265.45001220703125,265.1700134277344,265.45001220703125,47845,AMZN,1m
2026-05-13 14:48:00+00:00,265.4700012207031,265.67999267578125,265.3900146484375,265.67999267578125,40682,AMZN,1m
2026-05-13 14:49:00+00:00,265.6600036621094,265.8380126953125,265.6099853515625,265.67999267578125,110883,AMZN,1m
2026-05-13 14:50:00+00:00,265.67999267578125,265.7200012207031,265.510009765625,265.6000061035156,57996,AMZN,1m
2026-05-13 14:51:00+00:00,265.6050109863281,265.67999267578125,265.42498779296875,265.45001220703125,72828,AMZN,1m
2026-05-13 14:52:00+00:00,265.489990234375,265.5199890136719,265.2699890136719,265.2699890136719,40080,AMZN,1m
2026-05-13 14:53:00+00:00,265.2900085449219,265.55499267578125,265.2807006835937,265.5379943847656,65361,AMZN,1m
2026-05-13 14:54:00+00:00,265.57000732421875,265.6600036621094,265.4549865722656,265.4551086425781,42804,AMZN,1m
2026-05-13 14:55:00+00:00,265.4700012207031,265.510009765625,265.3999938964844,265.45001220703125,38223,AMZN,1m
2026-05-13 14:56:00+00:00,265.4800109863281,265.6199951171875,265.3699951171875,265.3699951171875,37357,AMZN,1m
2026-05-13 14:57:00+00:00,265.3599853515625,265.4700012207031,265.2699890136719,265.2850036621094,41831,AMZN,1m
2026-05-13 14:58:00+00:00,265.2799987792969,265.32000732421875,265.1784973144531,265.2749938964844,35376,AMZN,1m
2026-05-13 14:59:00+00:00,265.2850036621094,265.29998779296875,265.114990234375,265.19500732421875,33593,AMZN,1m
2026-05-13 15:00:00+00:00,265.19000244140625,265.32501220703125,265.19000244140625,265.2900085449219,37054,AMZN,1m
2026-05-13 15:01:00+00:00,265.2900085449219,265.3699951171875,265.25,265.2900085449219,30691,AMZN,1m
2026-05-13 15:02:00+00:00,265.25,265.3399963378906,265.2200012207031,265.3399963378906,25558,AMZN,1m
2026-05-13 15:03:00+00:00,265.32159423828125,265.6004943847656,265.25,265.57501220703125,49122,AMZN,1m
2026-05-13 15:04:00+00:00,265.56500244140625,265.57501220703125,265.1700134277344,265.4700012207031,173016,AMZN,1m
2026-05-13 15:05:00+00:00,265.4855041503906,265.4855041503906,265.1200866699219,265.1600036621094,59202,AMZN,1m
2026-05-13 15:06:00+00:00,265.1449890136719,265.19000244140625,265.1099853515625,265.17999267578125,33737,AMZN,1m
2026-05-13 15:07:00+00:00,265.2088928222656,265.260009765625,265.1000061035156,265.2489013671875,26353,AMZN,1m
2026-05-13 15:08:00+00:00,265.2550048828125,265.36981201171875,265.1700134277344,265.2900085449219,57840,AMZN,1m
2026-05-13 15:09:00+00:00,265.2900085449219,265.3699951171875,265.2640075683594,265.3500061035156,27232,AMZN,1m
2026-05-13 15:10:00+00:00,265.4100036621094,265.44000244140625,265.32000732421875,265.3399963378906,24231,AMZN,1m
2026-05-13 15:11:00+00:00,265.3463134765625,265.45001220703125,265.2650146484375,265.2650146484375,37323,AMZN,1m
2026-05-13 15:12:00+00:00,265.2349853515625,265.3800048828125,265.17999267578125,265.32000732421875,33313,AMZN,1m
2026-05-13 15:13:00+00:00,265.32000732421875,265.4100036621094,265.29998779296875,265.3999938964844,24765,AMZN,1m
2026-05-13 15:14:00+00:00,265.4125061035156,265.6600036621094,265.4125061035156,265.6299133300781,43190,AMZN,1m
2026-05-13 15:15:00+00:00,265.6300048828125,265.6788024902344,265.6000061035156,265.610107421875,40129,AMZN,1m
2026-05-13 15:16:00+00:00,265.6199951171875,265.79998779296875,265.5299987792969,265.739990234375,81731,AMZN,1m
2026-05-13 15:17:00+00:00,265.739990234375,265.8900146484375,265.6600036621094,265.8799133300781,49048,AMZN,1m
2026-05-13 15:18:00+00:00,265.8800048828125,266.1700134277344,265.8399963378906,266.1099853515625,98247,AMZN,1m
2026-05-13 15:19:00+00:00,266.1050109863281,266.1600036621094,265.9201965332031,266.06500244140625,60661,AMZN,1m
2026-05-13 15:20:00+00:00,266.05499267578125,266.1849975585937,266.010009765625,266.0899963378906,72763,AMZN,1m
2026-05-13 15:21:00+00:00,266.0899963378906,266.45001220703125,266.07501220703125,266.3599853515625,77228,AMZN,1m
2026-05-13 15:22:00+00:00,266.3500061035156,266.67999267578125,266.3450012207031,266.67999267578125,76181,AMZN,1m
2026-05-13 15:23:00+00:00,266.6700134277344,266.9599914550781,266.6700134277344,266.95001220703125,111221,AMZN,1m
2026-05-13 15:24:00+00:00,266.94500732421875,267.1099853515625,266.8471984863281,267.0299987792969,170663,AMZN,1m
2026-05-13 15:25:00+00:00,267.0400085449219,267.07000732421875,266.8699951171875,266.8900146484375,83862,AMZN,1m
2026-05-13 15:26:00+00:00,266.8699951171875,267.239990234375,266.8349914550781,267.0425109863281,351497,AMZN,1m
2026-05-13 15:27:00+00:00,267.0,267.0,266.7799987792969,266.864990234375,46999,AMZN,1m
2026-05-13 15:28:00+00:00,266.8599853515625,267.18328857421875,266.8349914550781,267.1824035644531,53427,AMZN,1m
2026-05-13 15:29:00+00:00,267.19000244140625,267.19000244140625,267.04998779296875,267.1000061035156,57917,AMZN,1m
2026-05-13 15:30:00+00:00,267.0199890136719,267.0299987792969,266.7950134277344,266.8453063964844,50486,AMZN,1m
2026-05-13 15:31:00+00:00,266.82000732421875,267.14990234375,266.82000732421875,267.04998779296875,41679,AMZN,1m
2026-05-13 15:32:00+00:00,267.0899963378906,267.3299865722656,267.0599975585937,267.318115234375,75532,AMZN,1m
2026-05-13 15:33:00+00:00,267.2699890136719,267.2900085449219,267.19000244140625,267.2799987792969,39936,AMZN,1m
2026-05-13 15:34:00+00:00,267.2651062011719,267.2900085449219,267.1099853515625,267.2300109863281,55637,AMZN,1m
2026-05-13 15:35:00+00:00,267.239990234375,267.4800109863281,267.2099914550781,267.4800109863281,65971,AMZN,1m
2026-05-13 15:36:00+00:00,267.4559936523437,267.7030029296875,267.44500732421875,267.56500244140625,74519,AMZN,1m
2026-05-13 15:37:00+00:00,267.54998779296875,267.8500061035156,267.510009765625,267.69500732421875,81254,AMZN,1m
2026-05-13 15:38:00+00:00,267.7200012207031,267.7900085449219,267.6849975585937,267.69000244140625,59610,AMZN,1m
2026-05-13 15:39:00+00:00,267.69500732421875,267.8450012207031,267.614990234375,267.70001220703125,82024,AMZN,1m
2026-05-13 15:40:00+00:00,267.70001220703125,267.9849853515625,267.70001220703125,267.885009765625,65583,AMZN,1m
2026-05-13 15:41:00+00:00,267.8900146484375,267.989990234375,267.8500061035156,267.8900146484375,38742,AMZN,1m
2026-05-13 15:42:00+00:00,267.8900146484375,268.010009765625,267.82000732421875,267.8949890136719,82033,AMZN,1m
2026-05-13 15:43:00+00:00,267.885009765625,268.29998779296875,267.885009765625,268.260009765625,153124,AMZN,1m
2026-05-13 15:44:00+00:00,268.260009765625,268.5599975585937,268.260009765625,268.5599975585937,106745,AMZN,1m
2026-05-13 15:45:00+00:00,268.5400085449219,268.6499938964844,268.4800109863281,268.5,164319,AMZN,1m
2026-05-13 15:46:00+00:00,268.489990234375,268.7900085449219,268.489990234375,268.7850036621094,97946,AMZN,1m
2026-05-13 15:47:00+00:00,268.7850036621094,269.17999267578125,268.7699890136719,269.05499267578125,162445,AMZN,1m
2026-05-13 15:48:00+00:00,269.05499267578125,269.3699951171875,269.0400085449219,269.2300109863281,207154,AMZN,1m
2026-05-13 15:49:00+00:00,269.268310546875,269.29998779296875,268.8800964355469,268.9049987792969,161737,AMZN,1m
2026-05-13 15:50:00+00:00,268.9200134277344,268.95001220703125,268.739990234375,268.8900146484375,66765,AMZN,1m
2026-05-13 15:51:00+00:00,268.9100036621094,268.9800109863281,268.67999267578125,268.7550048828125,89022,AMZN,1m
2026-05-13 15:52:00+00:00,268.7550048828125,269.1099853515625,268.7550048828125,268.885009765625,105970,AMZN,1m
2026-05-13 15:53:00+00:00,268.8800048828125,268.989990234375,268.65008544921875,268.8612060546875,59210,AMZN,1m
2026-05-13 15:54:00+00:00,268.8599853515625,268.989990234375,268.7300109863281,268.7699890136719,52690,AMZN,1m
2026-05-13 15:55:00+00:00,268.7300109863281,268.7550048828125,268.44000244140625,268.4949951171875,53034,AMZN,1m
2026-05-13 15:56:00+00:00,268.489990234375,268.57989501953125,268.2799987792969,268.4599914550781,94118,AMZN,1m
2026-05-13 15:57:00+00:00,268.4599914550781,268.510009765625,268.340087890625,268.44500732421875,108610,AMZN,1m
2026-05-13 15:58:00+00:00,268.3900146484375,268.489990234375,268.3399963378906,268.4800109863281,32572,AMZN,1m
2026-05-13 15:59:00+00:00,268.45001220703125,268.5199890136719,268.3399963378906,268.3800048828125,50078,AMZN,1m
2026-05-13 16:00:00+00:00,268.3599853515625,268.69989013671875,268.3299865722656,268.6499938964844,52824,AMZN,1m
2026-05-13 16:01:00+00:00,268.6400146484375,268.6400146484375,268.3699951171875,268.489990234375,43685,AMZN,1m
2026-05-13 16:02:00+00:00,268.489990234375,268.69500732421875,268.489990234375,268.6099853515625,42470,AMZN,1m
2026-05-13 16:03:00+00:00,268.6300048828125,268.6700134277344,268.5199890136719,268.55499267578125,65141,AMZN,1m
2026-05-13 16:04:00+00:00,268.55499267578125,268.55499267578125,268.4100036621094,268.4700012207031,31051,AMZN,1m
2026-05-13 16:05:00+00:00,268.4599914550781,268.5199890136719,268.40008544921875,268.4100036621094,32429,AMZN,1m
2026-05-13 16:06:00+00:00,268.4100036621094,268.6098937988281,268.3599853515625,268.5,74841,AMZN,1m
2026-05-13 16:07:00+00:00,268.510009765625,268.659912109375,268.510009765625,268.6050109863281,43593,AMZN,1m
2026-05-13 16:08:00+00:00,268.6050109863281,268.8999938964844,268.6050109863281,268.8999938964844,64638,AMZN,1m
2026-05-13 16:09:00+00:00,268.8900146484375,268.9700012207031,268.760009765625,268.7749938964844,46579,AMZN,1m
2026-05-13 16:10:00+00:00,268.7799987792969,268.8550109863281,268.57000732421875,268.6050109863281,39184,AMZN,1m
2026-05-13 16:11:00+00:00,268.6050109863281,268.739990234375,268.5400085449219,268.69000244140625,35551,AMZN,1m
2026-05-13 16:12:00+00:00,268.7200012207031,268.739990234375,268.54998779296875,268.6549987792969,25173,AMZN,1m
2026-05-13 16:13:00+00:00,268.6300048828125,268.6700134277344,268.5199890136719,268.5400085449219,37745,AMZN,1m
2026-05-13 16:14:00+00:00,268.54998779296875,268.7799987792969,268.5199890136719,268.75,65569,AMZN,1m
2026-05-13 16:15:00+00:00,268.739990234375,268.92999267578125,268.7099914550781,268.91949462890625,44774,AMZN,1m
2026-05-13 16:16:00+00:00,268.8999938964844,268.9100036621094,268.7200012207031,268.7300109863281,75680,AMZN,1m
2026-05-13 16:17:00+00:00,268.70001220703125,268.8599853515625,268.6700134277344,268.8349914550781,46933,AMZN,1m
2026-05-13 16:18:00+00:00,268.84991455078125,269.07000732421875,268.7650146484375,269.04998779296875,91912,AMZN,1m
2026-05-13 16:19:00+00:00,269.0625915527344,269.07000732421875,268.8800048828125,268.9599914550781,59075,AMZN,1m
2026-05-13 16:20:00+00:00,268.9599914550781,269.1099853515625,268.70001220703125,268.7900085449219,121450,AMZN,1m
2026-05-13 16:21:00+00:00,268.76031494140625,268.9100036621094,268.6000061035156,268.7250061035156,156309,AMZN,1m
2026-05-13 16:22:00+00:00,268.7398986816406,268.8299865722656,268.6600036621094,268.82000732421875,46498,AMZN,1m
2026-05-13 16:23:00+00:00,268.82000732421875,268.8800048828125,268.7200012207031,268.8299865722656,50455,AMZN,1m
2026-05-13 16:24:00+00:00,268.8399963378906,269.32000732421875,268.8399963378906,269.32000732421875,185641,AMZN,1m
2026-05-13 16:25:00+00:00,269.3299865722656,269.5899963378906,269.25,269.3450012207031,98030,AMZN,1m
2026-05-13 16:26:00+00:00,269.3599853515625,269.5360107421875,269.340087890625,269.4200134277344,54791,AMZN,1m
2026-05-13 16:27:00+00:00,269.4200134277344,269.5150146484375,269.2799987792969,269.4599914550781,76423,AMZN,1m
2026-05-13 16:28:00+00:00,269.4649963378906,269.65948486328125,269.4649963378906,269.5008850097656,70746,AMZN,1m
2026-05-13 16:29:00+00:00,269.5299987792969,269.5599975585937,269.42498779296875,269.5,64594,AMZN,1m
2026-05-13 16:30:00+00:00,269.489990234375,269.5299987792969,269.1700134277344,269.19000244140625,80402,AMZN,1m
2026-05-13 16:31:00+00:00,269.19000244140625,269.2550048828125,268.93438720703125,269.07501220703125,53674,AMZN,1m
2026-05-13 16:32:00+00:00,269.0799865722656,269.1300048828125,268.9700012207031,268.9700012207031,40607,AMZN,1m
2026-05-13 16:33:00+00:00,268.95001220703125,269.04998779296875,268.8699951171875,269.010009765625,40652,AMZN,1m
2026-05-13 16:34:00+00:00,269.010009765625,269.04998779296875,268.8099975585937,268.8800048828125,47307,AMZN,1m
2026-05-13 16:35:00+00:00,268.8800048828125,269.3399963378906,268.875,269.2950134277344,155168,AMZN,1m
2026-05-13 16:36:00+00:00,269.2699890136719,269.3999938964844,269.260009765625,269.3299865722656,51518,AMZN,1m
2026-05-13 16:37:00+00:00,269.32000732421875,269.4700012207031,269.1000061035156,269.1000061035156,119562,AMZN,1m
2026-05-13 16:38:00+00:00,269.1099853515625,269.30499267578125,269.1099853515625,269.19000244140625,57799,AMZN,1m
2026-05-13 16:39:00+00:00,269.19500732421875,269.2349853515625,269.07000732421875,269.0799865722656,52254,AMZN,1m
2026-05-13 16:40:00+00:00,269.0899963378906,269.2200012207031,269.010009765625,269.1535949707031,33492,AMZN,1m
2026-05-13 16:41:00+00:00,269.1528015136719,269.2940979003906,269.125,269.1400146484375,45515,AMZN,1m
2026-05-13 16:42:00+00:00,269.1099853515625,269.17999267578125,269.01141357421875,269.05499267578125,30991,AMZN,1m
2026-05-13 16:43:00+00:00,269.04998779296875,269.3900146484375,268.94500732421875,269.2099914550781,81706,AMZN,1m
2026-05-13 16:44:00+00:00,269.2099914550781,269.2300109863281,269.04998779296875,269.090087890625,48941,AMZN,1m
2026-05-13 16:45:00+00:00,269.0799865722656,269.260009765625,269.0799865722656,269.19000244140625,74194,AMZN,1m
2026-05-13 16:46:00+00:00,269.2049865722656,269.2699890136719,269.1050109863281,269.1050109863281,43402,AMZN,1m
2026-05-13 16:47:00+00:00,269.1050109863281,269.2799987792969,269.1050109863281,269.2673034667969,47757,AMZN,1m
2026-05-13 16:48:00+00:00,269.2799987792969,269.29998779296875,269.2200012207031,269.260009765625,30221,AMZN,1m
2026-05-13 16:49:00+00:00,269.260009765625,269.2799987792969,269.17010498046875,269.19000244140625,30734,AMZN,1m
2026-05-13 16:50:00+00:00,269.20001220703125,269.2300109863281,269.0199890136719,269.0599975585937,34606,AMZN,1m
2026-05-13 16:51:00+00:00,269.0599975585937,269.2349853515625,269.0299987792969,269.2349853515625,33229,AMZN,1m
2026-05-13 16:52:00+00:00,269.2699890136719,269.5799865722656,269.260009765625,269.4649963378906,77582,AMZN,1m
2026-05-13 16:53:00+00:00,269.4997863769531,269.7300109863281,269.489990234375,269.70001220703125,82841,AMZN,1m
2026-05-13 16:54:00+00:00,269.69500732421875,269.7799987792969,269.5932922363281,269.7799987792969,62608,AMZN,1m
2026-05-13 16:55:00+00:00,269.7799987792969,270.010009765625,269.760009765625,269.9800109863281,236700,AMZN,1m
2026-05-13 16:56:00+00:00,269.989990234375,270.17999267578125,269.989990234375,270.1600036621094,74209,AMZN,1m
2026-05-13 16:57:00+00:00,270.1700134277344,270.39959716796875,270.1700134277344,270.2900085449219,60130,AMZN,1m
2026-05-13 16:58:00+00:00,270.29998779296875,270.3800048828125,270.25,270.2601013183594,40088,AMZN,1m
2026-05-13 16:59:00+00:00,270.239990234375,270.25,270.0400085449219,270.07000732421875,58034,AMZN,1m
2026-05-13 17:00:00+00:00,270.0799865722656,270.260009765625,270.0199890136719,270.0498962402344,42375,AMZN,1m
2026-05-13 17:01:00+00:00,270.0199890136719,270.1499938964844,269.95001220703125,270.01220703125,43523,AMZN,1m
2026-05-13 17:02:00+00:00,270.0350036621094,270.2300109863281,270.0,270.1499938964844,65575,AMZN,1m
2026-05-13 17:03:00+00:00,270.1499938964844,270.29998779296875,270.1199951171875,270.260009765625,947782,AMZN,1m
2026-05-13 17:04:00+00:00,270.2699890136719,270.2850036621094,270.0799865722656,270.1099853515625,37398,AMZN,1m
2026-05-13 17:05:00+00:00,270.17999267578125,270.2900085449219,270.1366882324219,270.2749938964844,43132,AMZN,1m
2026-05-13 17:06:00+00:00,270.260009765625,270.2900085449219,270.1300048828125,270.2699890136719,59806,AMZN,1m
2026-05-13 17:07:00+00:00,270.2650146484375,270.3599853515625,270.1199951171875,270.1499938964844,59294,AMZN,1m
2026-05-13 17:08:00+00:00,270.1600036621094,270.19000244140625,269.8800048828125,270.0400085449219,85323,AMZN,1m
2026-05-13 17:09:00+00:00,270.04998779296875,270.0799865722656,269.989990234375,270.07501220703125,42659,AMZN,1m
2026-05-13 17:10:00+00:00,270.07000732421875,270.1650085449219,270.0599975585937,270.1650085449219,44898,AMZN,1m
2026-05-13 17:11:00+00:00,270.1698913574219,270.25,270.0599975585937,270.07830810546875,48592,AMZN,1m
2026-05-13 17:12:00+00:00,270.04998779296875,270.19000244140625,270.0364990234375,270.17498779296875,37386,AMZN,1m
2026-05-13 17:13:00+00:00,270.177001953125,270.2699890136719,270.0400085449219,270.2699890136719,79839,AMZN,1m
2026-05-13 17:14:00+00:00,270.2799987792969,270.2799987792969,270.0599975585937,270.19000244140625,54904,AMZN,1m
2026-05-13 17:15:00+00:00,270.1600952148437,270.260009765625,270.1449890136719,270.19000244140625,33875,AMZN,1m
2026-05-13 17:16:00+00:00,270.19000244140625,270.25,270.1199951171875,270.239990234375,47103,AMZN,1m
2026-05-13 17:17:00+00:00,270.2300109863281,270.2300109863281,269.864990234375,269.94500732421875,54661,AMZN,1m
2026-05-13 17:18:00+00:00,269.9599914550781,270.0,269.92999267578125,269.9428100585937,40656,AMZN,1m
2026-05-13 17:19:00+00:00,269.94500732421875,269.9549865722656,269.4566955566406,269.4649963378906,80642,AMZN,1m
2026-05-13 17:20:00+00:00,269.4649963378906,269.59588623046875,269.4649963378906,269.54998779296875,59763,AMZN,1m
2026-05-13 17:21:00+00:00,269.5450134277344,269.6159973144531,269.4800109863281,269.5150146484375,24030,AMZN,1m
2026-05-13 17:22:00+00:00,269.5,269.6199951171875,269.4800109863281,269.5841979980469,23036,AMZN,1m
2026-05-13 17:23:00+00:00,269.5899963378906,269.6499938964844,269.4750061035156,269.4849853515625,42253,AMZN,1m
2026-05-13 17:24:00+00:00,269.4849853515625,269.5400085449219,269.4750061035156,269.510009765625,24971,AMZN,1m
2026-05-13 17:25:00+00:00,269.5,269.5899963378906,269.4949951171875,269.5599975585937,27139,AMZN,1m
2026-05-13 17:26:00+00:00,269.5599975585937,269.6199951171875,269.42498779296875,269.4399108886719,40859,AMZN,1m
2026-05-13 17:27:00+00:00,269.44000244140625,269.6300048828125,269.42999267578125,269.6300048828125,36850,AMZN,1m
2026-05-13 17:28:00+00:00,269.6400146484375,269.6400146484375,269.4599914550781,269.4700927734375,23367,AMZN,1m
2026-05-13 17:29:00+00:00,269.4549865722656,269.5299987792969,269.4302978515625,269.5249938964844,35817,AMZN,1m
2026-05-13 17:30:00+00:00,269.5400085449219,269.54998779296875,269.3700866699219,269.385009765625,67446,AMZN,1m
2026-05-13 17:31:00+00:00,269.385009765625,269.5400085449219,269.3299865722656,269.510009765625,49626,AMZN,1m
2026-05-13 17:32:00+00:00,269.5199890136719,269.5599975585937,269.1700134277344,269.17999267578125,93043,AMZN,1m
2026-05-13 17:33:00+00:00,269.1700134277344,269.4800109863281,269.1549987792969,269.4800109863281,71390,AMZN,1m
2026-05-13 17:34:00+00:00,269.4800109863281,269.4800109863281,269.3399963378906,269.3800048828125,26369,AMZN,1m
2026-05-13 17:35:00+00:00,269.3799133300781,269.5199890136719,269.3599853515625,269.4349975585937,33180,AMZN,1m
2026-05-13 17:36:00+00:00,269.45001220703125,269.5,269.2099914550781,269.239990234375,48758,AMZN,1m
2026-05-13 17:37:00+00:00,269.2300109863281,269.45001220703125,269.2300109863281,269.4100036621094,75613,AMZN,1m
2026-05-13 17:38:00+00:00,269.4100036621094,269.5,269.3800048828125,269.45001220703125,25320,AMZN,1m
2026-05-13 17:39:00+00:00,269.4599914550781,269.54998779296875,269.42498779296875,269.5201110839844,36002,AMZN,1m
2026-05-13 17:40:00+00:00,269.4800109863281,269.510009765625,269.3349914550781,269.39990234375,39562,AMZN,1m
2026-05-13 17:41:00+00:00,269.4100036621094,269.4800109863281,269.32000732421875,269.4549865722656,42332,AMZN,1m
2026-05-13 17:42:00+00:00,269.4460144042969,269.4800109863281,269.3402099609375,269.3949890136719,32091,AMZN,1m
2026-05-13 17:43:00+00:00,269.3900146484375,269.3960876464844,269.2850036621094,269.29998779296875,51708,AMZN,1m
2026-05-13 17:44:00+00:00,269.3099060058594,269.3349914550781,269.1600036621094,269.32000732421875,39072,AMZN,1m
2026-05-13 17:45:00+00:00,269.32000732421875,269.3900146484375,269.28009033203125,269.3399963378906,28294,AMZN,1m
2026-05-13 17:46:00+00:00,269.3349914550781,269.44000244140625,269.2699890136719,269.29998779296875,40191,AMZN,1m
2026-05-13 17:47:00+00:00,269.3099975585937,269.3299865722656,269.2401123046875,269.260009765625,628613,AMZN,1m
2026-05-13 17:48:00+00:00,269.2449951171875,269.3099975585937,269.2300109863281,269.2699890136719,25140,AMZN,1m
2026-05-13 17:49:00+00:00,269.260009765625,269.4200134277344,269.260009765625,269.4200134277344,31303,AMZN,1m
2026-05-13 17:50:00+00:00,269.45001220703125,269.5599975585937,269.4200134277344,269.5199890136719,29475,AMZN,1m
2026-05-13 17:51:00+00:00,269.510009765625,269.5799865722656,269.5043029785156,269.5050048828125,46402,AMZN,1m
2026-05-13 17:52:00+00:00,269.510009765625,269.5799865722656,269.489990234375,269.5799865722656,26352,AMZN,1m
2026-05-13 17:53:00+00:00,269.5799865722656,269.7200012207031,269.5400085449219,269.7200012207031,229259,AMZN,1m
2026-05-13 17:54:00+00:00,269.7149963378906,269.7499084472656,269.6700134277344,269.67498779296875,25184,AMZN,1m
2026-05-13 17:55:00+00:00,269.6759948730469,269.6801147460937,269.5487060546875,269.5799865722656,23458,AMZN,1m
2026-05-13 17:56:00+00:00,269.5899963378906,269.6199035644531,269.502685546875,269.6000061035156,25416,AMZN,1m
2026-05-13 17:57:00+00:00,269.6199951171875,269.6199951171875,269.4849853515625,269.4849853515625,27521,AMZN,1m
2026-05-13 17:58:00+00:00,269.48858642578125,269.5199890136719,269.3800048828125,269.3800048828125,25531,AMZN,1m
2026-05-13 17:59:00+00:00,269.3599853515625,269.4100036621094,269.0400085449219,269.0849914550781,43494,AMZN,1m
2026-05-13 18:00:00+00:00,269.0450134277344,269.1499938964844,269.010009765625,269.0899963378906,48293,AMZN,1m
2026-05-13 18:01:00+00:00,269.0199890136719,269.2300109863281,269.0199890136719,269.1672058105469,49098,AMZN,1m
2026-05-13 18:02:00+00:00,269.17999267578125,269.260009765625,269.1600036621094,269.2200012207031,29551,AMZN,1m
2026-05-13 18:03:00+00:00,269.19000244140625,269.4024963378906,269.19000244140625,269.4024963378906,35552,AMZN,1m
2026-05-13 18:04:00+00:00,269.4200134277344,269.6199951171875,269.4200134277344,269.5899963378906,39633,AMZN,1m
2026-05-13 18:05:00+00:00,269.6300048828125,269.79998779296875,269.6199951171875,269.760009765625,46412,AMZN,1m
2026-05-13 18:06:00+00:00,269.7699890136719,270.0,269.7200012207031,269.9049987792969,91774,AMZN,1m
2026-05-13 18:07:00+00:00,269.9100036621094,270.0599975585937,269.8699951171875,269.8699951171875,76912,AMZN,1m
2026-05-13 18:08:00+00:00,269.8399963378906,269.875,269.716796875,269.739990234375,56684,AMZN,1m
2026-05-13 18:09:00+00:00,269.75,269.7699890136719,269.5299987792969,269.5299987792969,66558,AMZN,1m
2026-05-13 18:10:00+00:00,269.5199890136719,269.6300048828125,269.5199890136719,269.6300048828125,34816,AMZN,1m
2026-05-13 18:11:00+00:00,269.6300048828125,269.64990234375,269.56500244140625,269.59991455078125,199607,AMZN,1m
2026-05-13 18:12:00+00:00,269.59991455078125,269.739990234375,269.5799865722656,269.70001220703125,33737,AMZN,1m
2026-05-13 18:13:00+00:00,269.7300109863281,269.79998779296875,269.6700134277344,269.7900085449219,33342,AMZN,1m
2026-05-13 18:14:00+00:00,269.79010009765625,269.8699951171875,269.75,269.8099975585937,41431,AMZN,1m
2026-05-13 18:15:00+00:00,269.80499267578125,270.0299987792969,269.80499267578125,269.947998046875,40413,AMZN,1m
2026-05-13 18:16:00+00:00,269.9649963378906,270.0599975585937,269.92999267578125,270.0599975585937,58564,AMZN,1m
2026-05-13 18:17:00+00:00,270.0400085449219,270.0599060058594,269.7049865722656,269.75,44917,AMZN,1m
2026-05-13 18:18:00+00:00,269.7550048828125,269.8800048828125,269.7550048828125,269.8301086425781,29527,AMZN,1m
2026-05-13 18:19:00+00:00,269.8800048828125,269.8800048828125,269.6099853515625,269.6400146484375,25883,AMZN,1m
2026-05-13 18:20:00+00:00,269.6300048828125,269.94000244140625,269.6300048828125,269.9100036621094,42235,AMZN,1m
2026-05-13 18:21:00+00:00,269.885009765625,270.0899963378906,269.8800048828125,270.010009765625,58532,AMZN,1m
2026-05-13 18:22:00+00:00,269.99420166015625,270.1099853515625,269.9599914550781,270.1000061035156,49125,AMZN,1m
2026-05-13 18:23:00+00:00,270.1099853515625,270.32000732421875,270.1000061035156,270.1300048828125,98543,AMZN,1m
2026-05-13 18:24:00+00:00,270.1400146484375,270.1700134277344,270.010009765625,270.1099853515625,42230,AMZN,1m
2026-05-13 18:25:00+00:00,270.1099853515625,270.1600036621094,270.0249938964844,270.1400146484375,27607,AMZN,1m
2026-05-13 18:26:00+00:00,270.1300048828125,270.17999267578125,270.1099853515625,270.1300048828125,38706,AMZN,1m
2026-05-13 18:27:00+00:00,270.1499938964844,270.3299865722656,270.1300048828125,270.3299865722656,40604,AMZN,1m
2026-05-13 18:28:00+00:00,270.3299865722656,270.3500061035156,270.1600036621094,270.2200012207031,81061,AMZN,1m
2026-05-13 18:29:00+00:00,270.2099914550781,270.2799987792969,270.17498779296875,270.2699890136719,51306,AMZN,1m
2026-05-13 18:30:00+00:00,270.260009765625,270.2900085449219,270.1400146484375,270.1449890136719,54653,AMZN,1m
2026-05-13 18:31:00+00:00,270.1499938964844,270.2049865722656,270.0199890136719,270.0199890136719,52684,AMZN,1m
2026-05-13 18:32:00+00:00,270.0299987792969,270.1199951171875,270.0249938964844,270.0899963378906,44443,AMZN,1m
2026-05-13 18:33:00+00:00,270.0799865722656,270.0849914550781,269.9849853515625,270.07000732421875,32487,AMZN,1m
2026-05-13 18:34:00+00:00,270.0799865722656,270.1400146484375,270.0400085449219,270.1300048828125,29151,AMZN,1m
2026-05-13 18:35:00+00:00,270.1199951171875,270.1199951171875,270.0,270.0,31189,AMZN,1m
2026-05-13 18:36:00+00:00,269.9949951171875,270.0599975585937,269.885009765625,269.885009765625,31742,AMZN,1m
2026-05-13 18:37:00+00:00,269.8699951171875,269.8999938964844,269.8099975585937,269.8399963378906,40533,AMZN,1m
2026-05-13 18:38:00+00:00,269.8399963378906,269.864990234375,269.7200012207031,269.8299865722656,40119,AMZN,1m
2026-05-13 18:39:00+00:00,269.8099975585937,269.82000732421875,269.70001220703125,269.739990234375,30719,AMZN,1m
2026-05-13 18:40:00+00:00,269.739990234375,269.75,269.510009765625,269.6199951171875,64024,AMZN,1m
2026-05-13 18:41:00+00:00,269.6000061035156,269.75,269.5799865722656,269.69000244140625,33745,AMZN,1m
2026-05-13 18:42:00+00:00,269.6849975585937,269.82000732421875,269.6600952148437,269.7300109863281,37024,AMZN,1m
2026-05-13 18:43:00+00:00,269.7099914550781,269.7300109863281,269.6199951171875,269.6600036621094,28861,AMZN,1m
2026-05-13 18:44:00+00:00,269.6650085449219,269.8500061035156,269.6600036621094,269.7799987792969,29395,AMZN,1m
2026-05-13 18:45:00+00:00,269.7699890136719,269.9599914550781,269.7615051269531,269.94000244140625,53791,AMZN,1m
2026-05-13 18:46:00+00:00,269.95001220703125,269.9649963378906,269.8699951171875,269.8999938964844,37814,AMZN,1m
2026-05-13 18:47:00+00:00,269.8999938964844,269.92999267578125,269.8399963378906,269.8699951171875,40512,AMZN,1m
2026-05-13 18:48:00+00:00,269.8800048828125,269.9100036621094,269.8299865722656,269.8349914550781,46262,AMZN,1m
2026-05-13 18:49:00+00:00,269.8299865722656,269.8399963378906,269.7250061035156,269.75,27281,AMZN,1m
2026-05-13 18:50:00+00:00,269.7449951171875,269.760009765625,269.6700134277344,269.67999267578125,48325,AMZN,1m
2026-05-13 18:51:00+00:00,269.67999267578125,269.7099914550781,269.6199951171875,269.70001220703125,35897,AMZN,1m
2026-05-13 18:52:00+00:00,269.7200012207031,269.7200012207031,269.6300048828125,269.6700134277344,30600,AMZN,1m
2026-05-13 18:53:00+00:00,269.6700134277344,269.7049865722656,269.6099853515625,269.69000244140625,37586,AMZN,1m
2026-05-13 18:54:00+00:00,269.7099914550781,269.7799987792969,269.56500244140625,269.70001220703125,57914,AMZN,1m
2026-05-13 18:55:00+00:00,269.69500732421875,269.69500732421875,269.6000061035156,269.6099853515625,29698,AMZN,1m
2026-05-13 18:56:00+00:00,269.6199951171875,269.69000244140625,269.6000061035156,269.6600036621094,45231,AMZN,1m
2026-05-13 18:57:00+00:00,269.69000244140625,269.7300109863281,269.5799865722656,269.6000061035156,27191,AMZN,1m
2026-05-13 18:58:00+00:00,269.6099853515625,269.65008544921875,269.45001220703125,269.489990234375,44517,AMZN,1m
2026-05-13 18:59:00+00:00,269.4700012207031,269.4700012207031,269.3099975585937,269.3500061035156,52986,AMZN,1m
2026-05-13 19:00:00+00:00,269.3900146484375,269.5,269.3099975585937,269.45001220703125,58846,AMZN,1m
2026-05-13 19:01:00+00:00,269.44000244140625,269.57000732421875,269.44000244140625,269.5400085449219,34119,AMZN,1m
2026-05-13 19:02:00+00:00,269.5299987792969,269.5599975585937,269.35009765625,269.35009765625,30973,AMZN,1m
2026-05-13 19:03:00+00:00,269.3500061035156,269.3800048828125,269.2799987792969,269.3399963378906,31580,AMZN,1m
2026-05-13 19:04:00+00:00,269.3349914550781,269.3800048828125,269.29998779296875,269.32000732421875,38420,AMZN,1m
2026-05-13 19:05:00+00:00,269.3399963378906,269.489990234375,269.30499267578125,269.4599914550781,40617,AMZN,1m
2026-05-13 19:06:00+00:00,269.44000244140625,269.79998779296875,269.42999267578125,269.739990234375,101015,AMZN,1m
2026-05-13 19:07:00+00:00,269.760009765625,269.94000244140625,269.7349853515625,269.94000244140625,51453,AMZN,1m
2026-05-13 19:08:00+00:00,269.9349975585937,270.1600036621094,269.8399963378906,270.0799865722656,119562,AMZN,1m
2026-05-13 19:09:00+00:00,270.07501220703125,270.1099853515625,269.8349914550781,269.8399963378906,135785,AMZN,1m
2026-05-13 19:10:00+00:00,269.8349914550781,269.8599853515625,269.7049865722656,269.7200012207031,72954,AMZN,1m
2026-05-13 19:11:00+00:00,269.7099914550781,269.8299865722656,269.70001220703125,269.760009765625,56731,AMZN,1m
2026-05-13 19:12:00+00:00,269.760009765625,269.7650146484375,269.635009765625,269.6449890136719,48740,AMZN,1m
2026-05-13 19:13:00+00:00,269.64849853515625,269.6600036621094,269.5299987792969,269.54998779296875,64157,AMZN,1m
2026-05-13 19:14:00+00:00,269.5450134277344,269.6199951171875,269.5199890136719,269.6199951171875,35994,AMZN,1m
2026-05-13 19:15:00+00:00,269.6199951171875,269.6199951171875,269.5050048828125,269.5599975585937,34210,AMZN,1m
2026-05-13 19:16:00+00:00,269.57000732421875,269.6099853515625,269.5400085449219,269.5899963378906,31926,AMZN,1m
2026-05-13 19:17:00+00:00,269.5899963378906,269.6499938964844,269.57000732421875,269.6300048828125,34012,AMZN,1m
2026-05-13 19:18:00+00:00,269.6300048828125,269.7449951171875,269.5799865722656,269.7049865722656,35996,AMZN,1m
2026-05-13 19:19:00+00:00,269.7049865722656,269.7699890136719,269.67498779296875,269.70001220703125,53185,AMZN,1m
2026-05-13 19:20:00+00:00,269.7099914550781,269.7300109863281,269.510009765625,269.5299987792969,92361,AMZN,1m
2026-05-13 19:21:00+00:00,269.5199890136719,269.5599060058594,269.4599914550781,269.4750061035156,57054,AMZN,1m
2026-05-13 19:22:00+00:00,269.4800109863281,269.510009765625,269.4100952148437,269.4801025390625,33939,AMZN,1m
2026-05-13 19:23:00+00:00,269.5,269.5299072265625,269.46099853515625,269.4949951171875,42188,AMZN,1m
2026-05-13 19:24:00+00:00,269.5,269.5400085449219,269.4700012207031,269.5199890136719,44833,AMZN,1m
2026-05-13 19:25:00+00:00,269.5249938964844,269.54998779296875,269.44000244140625,269.54998779296875,60340,AMZN,1m
2026-05-13 19:26:00+00:00,269.5400085449219,269.57000732421875,269.44000244140625,269.489990234375,43014,AMZN,1m
2026-05-13 19:27:00+00:00,269.4949951171875,269.8999938964844,269.4949951171875,269.8949890136719,189717,AMZN,1m
2026-05-13 19:28:00+00:00,269.8900146484375,270.0299987792969,269.8550109863281,269.95001220703125,72418,AMZN,1m
2026-05-13 19:29:00+00:00,269.94000244140625,270.1499938964844,269.94000244140625,270.135009765625,50447,AMZN,1m
2026-05-13 19:30:00+00:00,270.135009765625,270.4599914550781,270.0799865722656,270.4599914550781,141891,AMZN,1m
2026-05-13 19:31:00+00:00,270.4599914550781,270.5,270.3109130859375,270.3699951171875,123961,AMZN,1m
2026-05-13 19:32:00+00:00,270.3699951171875,270.3699951171875,270.2300109863281,270.25,79049,AMZN,1m
2026-05-13 19:33:00+00:00,270.25,270.25,270.1400146484375,270.2049865722656,71798,AMZN,1m
2026-05-13 19:34:00+00:00,270.2051086425781,270.3299865722656,270.20001220703125,270.2900085449219,105664,AMZN,1m
2026-05-13 19:35:00+00:00,270.32000732421875,270.3299865722656,270.239990234375,270.2974853515625,62452,AMZN,1m
2026-05-13 19:36:00+00:00,270.2850952148437,270.3399963378906,270.1300048828125,270.3008117675781,64323,AMZN,1m
2026-05-13 19:37:00+00:00,270.32000732421875,270.32000732421875,270.2049865722656,270.2250061035156,63020,AMZN,1m
2026-05-13 19:38:00+00:00,270.2149963378906,270.3099975585937,270.2099914550781,270.3099975585937,58422,AMZN,1m
2026-05-13 19:39:00+00:00,270.31500244140625,270.3500061035156,270.2550048828125,270.2699890136719,62382,AMZN,1m
2026-05-13 19:40:00+00:00,270.2650146484375,270.3800048828125,270.260009765625,270.2850036621094,75825,AMZN,1m
2026-05-13 19:41:00+00:00,270.2900085449219,270.3699951171875,270.239990234375,270.3450012207031,77444,AMZN,1m
2026-05-13 19:42:00+00:00,270.3399963378906,270.3949890136719,270.32000732421875,270.3800048828125,61646,AMZN,1m
2026-05-13 19:43:00+00:00,270.3800048828125,270.3900146484375,270.3099975585937,270.3500061035156,66882,AMZN,1m
2026-05-13 19:44:00+00:00,270.3399963378906,270.5199890136719,270.3299865722656,270.510009765625,86890,AMZN,1m
2026-05-13 19:45:00+00:00,270.5050048828125,270.6499938964844,270.4849853515625,270.57501220703125,107138,AMZN,1m
2026-05-13 19:46:00+00:00,270.58990478515625,270.7200012207031,270.5299987792969,270.6700134277344,84886,AMZN,1m
2026-05-13 19:47:00+00:00,270.6849975585937,270.7094116210937,270.510009765625,270.5199890136719,114839,AMZN,1m
2026-05-13 19:48:00+00:00,270.5150146484375,270.5400085449219,270.3099975585937,270.31988525390625,77470,AMZN,1m
2026-05-13 19:49:00+00:00,270.3099975585937,270.3500061035156,270.1010131835937,270.2900085449219,111269,AMZN,1m
2026-05-13 19:50:00+00:00,270.3099975585937,270.6099853515625,270.2699890136719,270.385498046875,224494,AMZN,1m
2026-05-13 19:51:00+00:00,270.42999267578125,270.489990234375,270.24249267578125,270.3299865722656,192844,AMZN,1m
2026-05-13 19:52:00+00:00,270.31500244140625,270.4599914550781,270.23748779296875,270.2474975585937,175148,AMZN,1m
2026-05-13 19:53:00+00:00,270.2598876953125,270.3399963378906,270.07000732421875,270.28009033203125,182379,AMZN,1m
2026-05-13 19:54:00+00:00,270.2799987792969,270.3299865722656,269.7799987792969,269.8699951171875,219665,AMZN,1m
2026-05-13 19:55:00+00:00,269.843994140625,269.92999267578125,269.6000061035156,269.8699951171875,241532,AMZN,1m
2026-05-13 19:56:00+00:00,269.8699951171875,269.8800048828125,269.7200012207031,269.82501220703125,181979,AMZN,1m
2026-05-13 19:57:00+00:00,269.82501220703125,270.010009765625,269.7900085449219,269.9949951171875,185180,AMZN,1m
2026-05-13 19:58:00+00:00,270.0,270.1099853515625,269.989990234375,270.0899963378906,274923,AMZN,1m
2026-05-13 19:59:00+00:00,270.0899963378906,270.239990234375,270.04998779296875,270.0799865722656,661289,AMZN,1m
2026-05-14 13:30:00+00:00,269.2796936035156,269.5310974121094,268.3699951171875,268.8099975585937,1133775,AMZN,1m
2026-05-14 13:31:00+00:00,268.739990234375,269.7699890136719,268.6600036621094,269.75,140998,AMZN,1m
2026-05-14 13:32:00+00:00,269.7049865722656,269.8999938964844,269.5201110839844,269.7349853515625,98037,AMZN,1m
2026-05-14 13:33:00+00:00,269.739990234375,269.95001220703125,269.4800109863281,269.5,138597,AMZN,1m
2026-05-14 13:34:00+00:00,269.54998779296875,269.95001220703125,269.1300048828125,269.92999267578125,89081,AMZN,1m
2026-05-14 13:35:00+00:00,269.9100036621094,270.2250061035156,269.6199951171875,269.6199951171875,139903,AMZN,1m
2026-05-14 13:36:00+00:00,269.5799865722656,269.9049987792969,269.5,269.6600036621094,85789,AMZN,1m
2026-05-14 13:37:00+00:00,269.6400146484375,269.7900085449219,269.2681884765625,269.5599975585937,114322,AMZN,1m
2026-05-14 13:38:00+00:00,269.5400085449219,270.20001220703125,269.42999267578125,270.1199951171875,87692,AMZN,1m
2026-05-14 13:39:00+00:00,270.1499938964844,270.1499938964844,269.53009033203125,269.69000244140625,116620,AMZN,1m
2026-05-14 13:40:00+00:00,269.7349853515625,269.8800048828125,269.54998779296875,269.8299865722656,73322,AMZN,1m
2026-05-14 13:41:00+00:00,269.8099975585937,270.25,269.5801086425781,270.20001220703125,110966,AMZN,1m
2026-05-14 13:42:00+00:00,270.1499938964844,270.1499938964844,269.739990234375,269.864990234375,91941,AMZN,1m
2026-05-14 13:43:00+00:00,269.8550109863281,270.0350036621094,269.739990234375,269.989990234375,97080,AMZN,1m
2026-05-14 13:44:00+00:00,269.9800109863281,270.44000244140625,269.8900146484375,270.3800048828125,113046,AMZN,1m
2026-05-14 13:45:00+00:00,270.3800048828125,270.7799072265625,270.2300109863281,270.5527038574219,156730,AMZN,1m
2026-05-14 13:46:00+00:00,270.6099853515625,270.6700134277344,269.9200134277344,269.9200134277344,115014,AMZN,1m
2026-05-14 13:47:00+00:00,269.92999267578125,270.1308898925781,269.82000732421875,269.92999267578125,69988,AMZN,1m
2026-05-14 13:48:00+00:00,269.8900146484375,270.0150146484375,269.7200012207031,269.79998779296875,127091,AMZN,1m
2026-05-14 13:49:00+00:00,269.8399963378906,270.2799987792969,269.6300048828125,270.2799987792969,141935,AMZN,1m
2026-05-14 13:50:00+00:00,270.2699890136719,270.4200134277344,270.1000061035156,270.1300048828125,82759,AMZN,1m
2026-05-14 13:51:00+00:00,270.1600036621094,270.3099975585937,269.9599914550781,270.1700134277344,84292,AMZN,1m
2026-05-14 13:52:00+00:00,270.17999267578125,270.17999267578125,269.7900085449219,270.0400085449219,110954,AMZN,1m
2026-05-14 13:53:00+00:00,270.0400085449219,270.0400085449219,269.3599853515625,269.3999938964844,105820,AMZN,1m
2026-05-14 13:54:00+00:00,269.375,269.5050048828125,269.1600036621094,269.3599853515625,174001,AMZN,1m
2026-05-14 13:55:00+00:00,269.32000732421875,269.4599914550781,269.2049865722656,269.364990234375,55294,AMZN,1m
2026-05-14 13:56:00+00:00,269.4049987792969,269.67999267578125,269.20001220703125,269.239990234375,71672,AMZN,1m
2026-05-14 13:57:00+00:00,269.2200012207031,269.44500732421875,269.17999267578125,269.2799987792969,87893,AMZN,1m
2026-05-14 13:58:00+00:00,269.239990234375,269.4200134277344,269.17999267578125,269.239990234375,64890,AMZN,1m
2026-05-14 13:59:00+00:00,269.2449951171875,269.3900146484375,268.4649963378906,268.70001220703125,150479,AMZN,1m
2026-05-14 14:00:00+00:00,268.6499938964844,268.7298889160156,268.5799865722656,268.6000061035156,52818,AMZN,1m
2026-05-14 14:01:00+00:00,268.5400085449219,269.0150146484375,268.510009765625,268.9916076660156,58412,AMZN,1m
2026-05-14 14:02:00+00:00,269.0199890136719,269.0199890136719,268.75,268.9183044433594,61474,AMZN,1m
2026-05-14 14:03:00+00:00,268.875,269.17999267578125,268.875,269.1449890136719,54577,AMZN,1m
2026-05-14 14:04:00+00:00,269.1300048828125,269.3999938964844,269.0400085449219,269.3699951171875,52425,AMZN,1m
2026-05-14 14:05:00+00:00,269.3999938964844,269.5450134277344,268.9700012207031,269.0,82962,AMZN,1m
2026-05-14 14:06:00+00:00,269.0150146484375,269.0400085449219,268.7799987792969,268.8099975585937,59012,AMZN,1m
2026-05-14 14:07:00+00:00,268.8299865722656,268.96990966796875,268.5400085449219,268.5400085449219,69332,AMZN,1m
2026-05-14 14:08:00+00:00,268.5299987792969,268.6199035644531,268.19000244140625,268.20001220703125,88165,AMZN,1m
2026-05-14 14:09:00+00:00,268.2250061035156,268.57501220703125,268.2099914550781,268.5199890136719,75835,AMZN,1m
2026-05-14 14:10:00+00:00,268.5599975585937,268.70001220703125,268.54998779296875,268.57000732421875,51048,AMZN,1m
2026-05-14 14:11:00+00:00,268.5450134277344,268.6492919921875,268.32000732421875,268.4599914550781,62342,AMZN,1m
2026-05-14 14:12:00+00:00,268.46990966796875,268.6099853515625,268.32000732421875,268.5899963378906,57366,AMZN,1m
2026-05-14 14:13:00+00:00,268.5899963378906,268.760009765625,268.32501220703125,268.4349975585937,81280,AMZN,1m
2026-05-14 14:14:00+00:00,268.3900146484375,268.4599914550781,268.2449951171875,268.2850036621094,87543,AMZN,1m
2026-05-14 14:15:00+00:00,268.2699890136719,268.29998779296875,268.010009765625,268.07000732421875,91213,AMZN,1m
2026-05-14 14:16:00+00:00,268.0950012207031,268.3999938964844,268.0950012207031,268.3999938964844,67533,AMZN,1m
2026-05-14 14:17:00+00:00,268.3900146484375,268.44000244140625,268.239990234375,268.29998779296875,63178,AMZN,1m
2026-05-14 14:18:00+00:00,268.31500244140625,268.3609924316406,268.239990234375,268.3550109863281,61178,AMZN,1m
2026-05-14 14:19:00+00:00,268.3550109863281,268.739990234375,268.3299865722656,268.6801147460937,72339,AMZN,1m
2026-05-14 14:20:00+00:00,268.67999267578125,268.9800109863281,268.5350036621094,268.85260009765625,58534,AMZN,1m
2026-05-14 14:21:00+00:00,268.8099975585937,268.8999938964844,268.760009765625,268.8500061035156,43865,AMZN,1m
2026-05-14 14:22:00+00:00,268.8349914550781,268.8598937988281,268.6400146484375,268.75640869140625,48092,AMZN,1m
2026-05-14 14:23:00+00:00,268.75,268.80499267578125,268.6400146484375,268.70001220703125,58395,AMZN,1m
2026-05-14 14:24:00+00:00,268.70001220703125,268.735595703125,268.489990234375,268.6050109863281,59869,AMZN,1m
2026-05-14 14:25:00+00:00,268.6162109375,268.6162109375,268.3550109863281,268.3550109863281,47448,AMZN,1m
2026-05-14 14:26:00+00:00,268.3099975585937,268.489990234375,268.29998779296875,268.4549865722656,65009,AMZN,1m
2026-05-14 14:27:00+00:00,268.4599914550781,268.4800109863281,267.760009765625,267.7950134277344,148806,AMZN,1m
2026-05-14 14:28:00+00:00,267.8096008300781,267.8299865722656,267.57501220703125,267.67999267578125,96555,AMZN,1m
2026-05-14 14:29:00+00:00,267.67999267578125,267.7699890136719,267.6000061035156,267.739990234375,49278,AMZN,1m
2026-05-14 14:30:00+00:00,267.7049865722656,267.739990234375,267.510986328125,267.635009765625,52240,AMZN,1m
2026-05-14 14:31:00+00:00,267.6200866699219,267.8699951171875,267.5950012207031,267.8298034667969,55961,AMZN,1m
2026-05-14 14:32:00+00:00,267.8399963378906,267.8399963378906,267.3299865722656,267.42999267578125,67452,AMZN,1m
2026-05-14 14:33:00+00:00,267.42498779296875,267.5049133300781,267.3800048828125,267.3800048828125,49896,AMZN,1m
2026-05-14 14:34:00+00:00,267.3900146484375,267.4353942871094,267.239990234375,267.2799987792969,67357,AMZN,1m
2026-05-14 14:35:00+00:00,267.2699890136719,267.3800048828125,267.1400146484375,267.3800048828125,80828,AMZN,1m
2026-05-14 14:36:00+00:00,267.375,267.5199890136719,267.2799987792969,267.44000244140625,104203,AMZN,1m
2026-05-14 14:37:00+00:00,267.44000244140625,267.6400146484375,267.44000244140625,267.625,64104,AMZN,1m
2026-05-14 14:38:00+00:00,267.6099853515625,267.6499938964844,267.4599914550781,267.510009765625,59686,AMZN,1m
2026-05-14 14:39:00+00:00,267.5199890136719,267.8299865722656,267.5,267.739990234375,96124,AMZN,1m
2026-05-14 14:40:00+00:00,267.7398986816406,267.7749938964844,267.5201110839844,267.6199951171875,52370,AMZN,1m
2026-05-14 14:41:00+00:00,267.6400146484375,267.6799011230469,267.5400085449219,267.635009765625,44766,AMZN,1m
2026-05-14 14:42:00+00:00,267.614990234375,267.6300048828125,267.510009765625,267.5599975585937,35893,AMZN,1m
2026-05-14 14:43:00+00:00,267.6199951171875,267.7799072265625,267.5400085449219,267.635009765625,32484,AMZN,1m
2026-05-14 14:44:00+00:00,267.6400146484375,267.6499938964844,267.3599853515625,267.4197082519531,74496,AMZN,1m
2026-05-14 14:45:00+00:00,267.4100036621094,267.4949951171875,267.3299865722656,267.46881103515625,107863,AMZN,1m
2026-05-14 14:46:00+00:00,267.4700012207031,267.625,267.3099975585937,267.3100891113281,60043,AMZN,1m
2026-05-14 14:47:00+00:00,267.32000732421875,267.5199890136719,267.31500244140625,267.5199890136719,33454,AMZN,1m
2026-05-14 14:48:00+00:00,267.5299987792969,267.6050109863281,267.4100036621094,267.4399108886719,44527,AMZN,1m
2026-05-14 14:49:00+00:00,267.4200134277344,267.44500732421875,267.2099914550781,267.385009765625,53800,AMZN,1m
2026-05-14 14:50:00+00:00,267.3550109863281,267.54998779296875,267.30499267578125,267.54998779296875,58482,AMZN,1m
2026-05-14 14:51:00+00:00,267.54998779296875,267.6600036621094,267.4700012207031,267.6099853515625,61710,AMZN,1m
2026-05-14 14:52:00+00:00,267.6050109863281,267.6700134277344,267.45001220703125,267.6199035644531,50879,AMZN,1m
2026-05-14 14:53:00+00:00,267.6099853515625,267.7898864746094,267.5799865722656,267.739990234375,57297,AMZN,1m
2026-05-14 14:54:00+00:00,267.7300109863281,267.7699890136719,267.4649963378906,267.57989501953125,61802,AMZN,1m
2026-05-14 14:55:00+00:00,267.5599975585937,267.6199951171875,267.3800964355469,267.4198913574219,45547,AMZN,1m
2026-05-14 14:56:00+00:00,267.4150085449219,267.4849853515625,267.3500061035156,267.44000244140625,39484,AMZN,1m
2026-05-14 14:57:00+00:00,267.44500732421875,267.5350036621094,267.3500061035156,267.3900146484375,44193,AMZN,1m
2026-05-14 14:58:00+00:00,267.4049987792969,267.42999267578125,267.3299865722656,267.4049987792969,82850,AMZN,1m
2026-05-14 14:59:00+00:00,267.3800048828125,267.3999938964844,267.2449951171875,267.3500061035156,129155,AMZN,1m
2026-05-14 15:00:00+00:00,267.3299865722656,267.3699951171875,267.0299987792969,267.1499938964844,63114,AMZN,1m
2026-05-14 15:01:00+00:00,267.1600036621094,267.3489990234375,267.1600036621094,267.3489990234375,58591,AMZN,1m
2026-05-14 15:02:00+00:00,267.3500061035156,267.57000732421875,267.3299865722656,267.54998779296875,59918,AMZN,1m
2026-05-14 15:03:00+00:00,267.57000732421875,267.5899963378906,267.4700012207031,267.57000732421875,47959,AMZN,1m
2026-05-14 15:04:00+00:00,267.57501220703125,267.7149963378906,267.4830017089844,267.6622009277344,56461,AMZN,1m
2026-05-14 15:05:00+00:00,267.5849914550781,267.7698974609375,267.5849914550781,267.7300109863281,57106,AMZN,1m
2026-05-14 15:06:00+00:00,267.7200012207031,267.9100036621094,267.7200012207031,267.8550109863281,79501,AMZN,1m
2026-05-14 15:07:00+00:00,267.8500061035156,267.885009765625,267.6650085449219,267.8699951171875,98759,AMZN,1m
2026-05-14 15:08:00+00:00,267.85321044921875,267.94000244140625,267.8399963378906,267.8699951171875,43271,AMZN,1m
2026-05-14 15:09:00+00:00,267.8599853515625,267.8699951171875,267.6650085449219,267.70001220703125,48799,AMZN,1m
2026-05-14 15:10:00+00:00,267.6700134277344,267.85211181640625,267.6700134277344,267.69000244140625,40217,AMZN,1m
2026-05-14 15:11:00+00:00,267.67010498046875,267.67999267578125,267.3700866699219,267.4599914550781,97721,AMZN,1m
2026-05-14 15:12:00+00:00,267.5,267.5199890136719,267.4100036621094,267.4100036621094,37930,AMZN,1m
2026-05-14 15:13:00+00:00,267.4150085449219,267.7200012207031,267.4150085449219,267.67999267578125,51012,AMZN,1m
2026-05-14 15:14:00+00:00,267.6400146484375,267.71978759765625,267.625,267.7049865722656,39305,AMZN,1m
2026-05-14 15:15:00+00:00,267.75,267.9100036621094,267.6400146484375,267.8099975585937,97320,AMZN,1m
2026-05-14 15:16:00+00:00,267.80499267578125,267.82000732421875,267.6700134277344,267.67999267578125,40680,AMZN,1m
2026-05-14 15:17:00+00:00,267.6700134277344,267.75,267.6099853515625,267.6199951171875,51411,AMZN,1m
2026-05-14 15:18:00+00:00,267.6499938964844,267.739990234375,267.610107421875,267.7300109863281,37118,AMZN,1m
2026-05-14 15:19:00+00:00,267.7149963378906,267.7149963378906,267.6099853515625,267.6700134277344,40874,AMZN,1m
2026-05-14 15:20:00+00:00,267.67498779296875,268.04998779296875,267.67498779296875,267.9599914550781,77551,AMZN,1m
2026-05-14 15:21:00+00:00,267.9349975585937,267.9800109863281,267.75,267.760009765625,51482,AMZN,1m
2026-05-14 15:22:00+00:00,267.7799987792969,267.8500061035156,267.614990234375,267.614990234375,48091,AMZN,1m
2026-05-14 15:23:00+00:00,267.6300048828125,267.6933898925781,267.5899963378906,267.625,36046,AMZN,1m
2026-05-14 15:24:00+00:00,267.625,267.69989013671875,267.6099853515625,267.6796875,32273,AMZN,1m
2026-05-14 15:25:00+00:00,267.6700134277344,267.69500732421875,267.510009765625,267.54998779296875,38584,AMZN,1m
2026-05-14 15:26:00+00:00,267.57000732421875,267.7749938964844,267.5199890136719,267.755615234375,50506,AMZN,1m
2026-05-14 15:27:00+00:00,267.7699890136719,267.9700012207031,267.6976928710937,267.8900146484375,68682,AMZN,1m
2026-05-14 15:28:00+00:00,267.9150085449219,267.9162902832031,267.7349853515625,267.875,38418,AMZN,1m
2026-05-14 15:29:00+00:00,267.8598937988281,267.8598937988281,267.6600036621094,267.69000244140625,40925,AMZN,1m
2026-05-14 15:30:00+00:00,267.70001220703125,267.760009765625,267.69000244140625,267.7300109863281,36216,AMZN,1m
2026-05-14 15:31:00+00:00,267.75,267.79901123046875,267.6600036621094,267.6700134277344,35554,AMZN,1m
2026-05-14 15:32:00+00:00,267.67999267578125,267.94000244140625,267.6400146484375,267.8800048828125,42387,AMZN,1m
2026-05-14 15:33:00+00:00,267.8599853515625,268.1000061035156,267.8349914550781,267.8399963378906,71876,AMZN,1m
2026-05-14 15:34:00+00:00,267.8399963378906,267.8500061035156,267.6600036621094,267.69000244140625,50290,AMZN,1m
2026-05-14 15:35:00+00:00,267.70001220703125,267.7149963378906,267.54998779296875,267.56500244140625,44322,AMZN,1m
2026-05-14 15:36:00+00:00,267.5799865722656,267.6549987792969,267.5082092285156,267.510009765625,27122,AMZN,1m
2026-05-14 15:37:00+00:00,267.510009765625,267.57000732421875,267.410888671875,267.44000244140625,69817,AMZN,1m
2026-05-14 15:38:00+00:00,267.45001220703125,267.4800109863281,267.1499938964844,267.1499938964844,70449,AMZN,1m
2026-05-14 15:39:00+00:00,267.1400146484375,267.3599853515625,267.1000061035156,267.3500061035156,70190,AMZN,1m
2026-05-14 15:40:00+00:00,267.3500061035156,267.3699951171875,267.2799987792969,267.3432006835937,60405,AMZN,1m
2026-05-14 15:41:00+00:00,267.3599853515625,267.57000732421875,267.3500061035156,267.57000732421875,60911,AMZN,1m
2026-05-14 15:42:00+00:00,267.56500244140625,267.7300109863281,267.5201110839844,267.7200012207031,42849,AMZN,1m
2026-05-14 15:43:00+00:00,267.6700134277344,267.7998962402344,267.6700134277344,267.760009765625,70803,AMZN,1m
2026-05-14 15:44:00+00:00,267.70001220703125,267.7699890136719,267.6300048828125,267.7699890136719,38891,AMZN,1m
2026-05-14 15:45:00+00:00,267.7699890136719,267.8699951171875,267.7699890136719,267.8699951171875,29976,AMZN,1m
2026-05-14 15:46:00+00:00,267.875,267.9599914550781,267.7699890136719,267.7699890136719,54919,AMZN,1m
2026-05-14 15:47:00+00:00,267.7699890136719,267.7900085449219,267.6293029785156,267.635009765625,33744,AMZN,1m
2026-05-14 15:48:00+00:00,267.635009765625,267.67999267578125,267.6300048828125,267.64581298828125,25652,AMZN,1m
2026-05-14 15:49:00+00:00,267.6400146484375,267.6400146484375,267.44000244140625,267.4700012207031,40056,AMZN,1m
2026-05-14 15:50:00+00:00,267.4869079589844,267.7900085449219,267.4301147460937,267.7749938964844,61138,AMZN,1m
2026-05-14 15:51:00+00:00,267.739990234375,267.8800048828125,267.739990234375,267.864990234375,27477,AMZN,1m
2026-05-14 15:52:00+00:00,267.8688049316406,267.9399108886719,267.8399963378906,267.8800048828125,41231,AMZN,1m
2026-05-14 15:53:00+00:00,267.8800048828125,267.8800048828125,267.69500732421875,267.7250061035156,34801,AMZN,1m
2026-05-14 15:54:00+00:00,267.70001220703125,267.7900085449219,267.6391906738281,267.7699890136719,34757,AMZN,1m
2026-05-14 15:55:00+00:00,267.7900085449219,267.9800109863281,267.7850036621094,267.9599914550781,73507,AMZN,1m
2026-05-14 15:56:00+00:00,267.95001220703125,268.1650085449219,267.95001220703125,268.0799865722656,85932,AMZN,1m
2026-05-14 15:57:00+00:00,268.0899963378906,268.29998779296875,268.0799865722656,268.2699890136719,71630,AMZN,1m
2026-05-14 15:58:00+00:00,268.25,268.29998779296875,268.17999267578125,268.25,71102,AMZN,1m
2026-05-14 15:59:00+00:00,268.2749938964844,268.3450012207031,268.2300109863281,268.3299865722656,54219,AMZN,1m
2026-05-14 16:00:00+00:00,268.389892578125,268.6400146484375,268.35009765625,268.6199951171875,75624,AMZN,1m
2026-05-14 16:01:00+00:00,268.6000061035156,268.739990234375,268.54998779296875,268.56500244140625,62900,AMZN,1m
2026-05-14 16:02:00+00:00,268.5599975585937,268.56689453125,268.2900085449219,268.29998779296875,59019,AMZN,1m
2026-05-14 16:03:00+00:00,268.3006896972656,268.3299865722656,268.2200012207031,268.25,31144,AMZN,1m
2026-05-14 16:04:00+00:00,268.2799987792969,268.389892578125,268.260009765625,268.3399963378906,43317,AMZN,1m
2026-05-14 16:05:00+00:00,268.3500061035156,268.6000061035156,268.3500061035156,268.5899963378906,41294,AMZN,1m
2026-05-14 16:06:00+00:00,268.6000061035156,268.70001220703125,268.5199890136719,268.5299987792969,53128,AMZN,1m
2026-05-14 16:07:00+00:00,268.510009765625,268.5899963378906,268.510009765625,268.5199890136719,47799,AMZN,1m
2026-05-14 16:08:00+00:00,268.5249938964844,268.5899963378906,268.4801025390625,268.54998779296875,46325,AMZN,1m
2026-05-14 16:09:00+00:00,268.5400085449219,268.5400085449219,268.4100036621094,268.44500732421875,43098,AMZN,1m
2026-05-14 16:10:00+00:00,268.4301147460937,268.4700012207031,268.3399963378906,268.3399963378906,23018,AMZN,1m
2026-05-14 16:11:00+00:00,268.3399963378906,268.3999938964844,268.2200012207031,268.260009765625,42221,AMZN,1m
2026-05-14 16:12:00+00:00,268.2699890136719,268.32501220703125,268.2300109863281,268.260009765625,34685,AMZN,1m
2026-05-14 16:13:00+00:00,268.2900085449219,268.3599853515625,268.1499938964844,268.32000732421875,59822,AMZN,1m
2026-05-14 16:14:00+00:00,268.3399963378906,268.3399963378906,268.0799865722656,268.1099853515625,27734,AMZN,1m
2026-05-14 16:15:00+00:00,268.114990234375,268.1400146484375,268.04998779296875,268.1000061035156,29036,AMZN,1m
2026-05-14 16:16:00+00:00,268.1099853515625,268.2200012207031,268.090087890625,268.2200012207031,28484,AMZN,1m
2026-05-14 16:17:00+00:00,268.2080993652344,268.3299865722656,268.20001220703125,268.32000732421875,28392,AMZN,1m
2026-05-14 16:18:00+00:00,268.32000732421875,268.4100036621094,268.32000732421875,268.3699035644531,46795,AMZN,1m
2026-05-14 16:19:00+00:00,268.3550109863281,268.3900146484375,268.0400085449219,268.0799865722656,46983,AMZN,1m
2026-05-14 16:20:00+00:00,268.0799865722656,268.2200012207031,268.0599975585937,268.2200012207031,27135,AMZN,1m
2026-05-14 16:21:00+00:00,268.20001220703125,268.3500061035156,268.19000244140625,268.3500061035156,27743,AMZN,1m
2026-05-14 16:22:00+00:00,268.3399963378906,268.3399963378906,268.1400146484375,268.1600036621094,50130,AMZN,1m
2026-05-14 16:23:00+00:00,268.19000244140625,268.2300109863281,268.0299987792969,268.07000732421875,147379,AMZN,1m
2026-05-14 16:24:00+00:00,268.0599975585937,268.1099853515625,268.0299987792969,268.0599975585937,36307,AMZN,1m
2026-05-14 16:25:00+00:00,268.0400085449219,268.1400146484375,268.0299987792969,268.0899963378906,34456,AMZN,1m
2026-05-14 16:26:00+00:00,268.0899963378906,268.139892578125,267.9700012207031,267.9800109863281,75576,AMZN,1m
2026-05-14 16:27:00+00:00,267.9800109863281,268.1151123046875,267.9100036621094,268.09991455078125,31817,AMZN,1m
2026-05-14 16:28:00+00:00,268.0950012207031,268.1099853515625,267.95001220703125,267.9800109863281,37774,AMZN,1m
2026-05-14 16:29:00+00:00,267.9800109863281,268.0299987792969,267.9200134277344,267.9800109863281,29571,AMZN,1m
2026-05-14 16:30:00+00:00,267.989990234375,268.0899963378906,267.8999938964844,268.07000732421875,33474,AMZN,1m
2026-05-14 16:31:00+00:00,268.06500244140625,268.2099914550781,268.0625,268.1700134277344,51902,AMZN,1m
2026-05-14 16:32:00+00:00,268.1700134277344,268.2099914550781,267.95001220703125,267.9800109863281,54727,AMZN,1m
2026-05-14 16:33:00+00:00,267.96990966796875,268.0198974609375,267.8999938964844,267.9599914550781,50958,AMZN,1m
2026-05-14 16:34:00+00:00,267.9150085449219,268.1300048828125,267.8900146484375,268.1098937988281,41999,AMZN,1m
2026-05-14 16:35:00+00:00,268.0950012207031,268.3299865722656,268.0950012207031,268.19000244140625,52957,AMZN,1m
2026-05-14 16:36:00+00:00,268.19500732421875,268.4349975585937,268.19500732421875,268.385009765625,50537,AMZN,1m
2026-05-14 16:37:00+00:00,268.3999938964844,268.4798889160156,268.3299865722656,268.3800048828125,60024,AMZN,1m
2026-05-14 16:38:00+00:00,268.375,268.54998779296875,268.3699951171875,268.54998779296875,49891,AMZN,1m
2026-05-14 16:39:00+00:00,268.5599975585937,268.6300048828125,268.4811096191406,268.6300048828125,54073,AMZN,1m
2026-05-14 16:40:00+00:00,268.625,268.8800048828125,268.625,268.8399963378906,45719,AMZN,1m
2026-05-14 16:41:00+00:00,268.8299865722656,268.8599853515625,268.6600036621094,268.7701110839844,41700,AMZN,1m
2026-05-14 16:42:00+00:00,268.8059997558594,268.8800048828125,268.739990234375,268.760009765625,33851,AMZN,1m
2026-05-14 16:43:00+00:00,268.7796936035156,268.80499267578125,268.70001220703125,268.77801513671875,37765,AMZN,1m
2026-05-14 16:44:00+00:00,268.760009765625,268.7900085449219,268.53179931640625,268.56500244140625,43702,AMZN,1m
2026-05-14 16:45:00+00:00,268.510009765625,268.6650085449219,268.3800048828125,268.5799865722656,57508,AMZN,1m
2026-05-14 16:46:00+00:00,268.6099853515625,268.80499267578125,268.4800109863281,268.760009765625,36178,AMZN,1m
2026-05-14 16:47:00+00:00,268.7900085449219,268.8900146484375,268.75,268.8099975585937,29342,AMZN,1m
2026-05-14 16:48:00+00:00,268.82501220703125,268.82501220703125,268.5849914550781,268.6499938964844,18117,AMZN,1m
2026-05-14 16:49:00+00:00,268.6199951171875,268.6199951171875,268.5299987792969,268.6000061035156,19846,AMZN,1m
2026-05-14 16:50:00+00:00,268.6000061035156,268.67999267578125,268.44000244140625,268.45001220703125,20608,AMZN,1m
2026-05-14 16:51:00+00:00,268.45001220703125,268.510009765625,268.40008544921875,268.4649963378906,25586,AMZN,1m
2026-05-14 16:52:00+00:00,268.45001220703125,268.5,268.4200134277344,268.4200134277344,19599,AMZN,1m
2026-05-14 16:53:00+00:00,268.3999938964844,268.45001220703125,268.289306640625,268.29998779296875,31021,AMZN,1m
2026-05-14 16:54:00+00:00,268.3197021484375,268.42999267578125,268.2550048828125,268.42999267578125,27259,AMZN,1m
2026-05-14 16:55:00+00:00,268.3699951171875,268.3900146484375,268.2099914550781,268.2799987792969,26657,AMZN,1m
2026-05-14 16:56:00+00:00,268.260009765625,268.260009765625,268.1099853515625,268.2178039550781,39904,AMZN,1m
2026-05-14 16:57:00+00:00,268.2200012207031,268.239990234375,268.0950012207031,268.19000244140625,42012,AMZN,1m
2026-05-14 16:58:00+00:00,268.19000244140625,268.22711181640625,268.1199951171875,268.1700134277344,25866,AMZN,1m
2026-05-14 16:59:00+00:00,268.1849975585937,268.20001220703125,268.1099853515625,268.1310119628906,26633,AMZN,1m
2026-05-14 17:00:00+00:00,268.1449890136719,268.2250061035156,268.1400146484375,268.1600036621094,25416,AMZN,1m
2026-05-14 17:01:00+00:00,268.1600036621094,268.1600036621094,268.010009765625,268.04998779296875,26287,AMZN,1m
2026-05-14 17:02:00+00:00,268.0450134277344,268.17999267578125,268.0400085449219,268.1600036621094,28477,AMZN,1m
2026-05-14 17:03:00+00:00,268.1600036621094,268.2349853515625,268.1400146484375,268.1650085449219,33698,AMZN,1m
2026-05-14 17:04:00+00:00,268.17999267578125,268.20001220703125,268.0604858398437,268.1300048828125,19510,AMZN,1m
2026-05-14 17:05:00+00:00,268.1199951171875,268.2650146484375,268.06500244140625,268.2349853515625,40456,AMZN,1m
2026-05-14 17:06:00+00:00,268.2250061035156,268.239990234375,268.0700988769531,268.15509033203125,31599,AMZN,1m
2026-05-14 17:07:00+00:00,268.1549987792969,268.17999267578125,268.0599975585937,268.090087890625,34709,AMZN,1m
2026-05-14 17:08:00+00:00,268.1099853515625,268.1499938964844,268.0299987792969,268.1099853515625,35137,AMZN,1m
2026-05-14 17:09:00+00:00,268.1400146484375,268.1650085449219,268.0350036621094,268.0400085449219,45968,AMZN,1m
2026-05-14 17:10:00+00:00,268.0400085449219,268.1000061035156,267.8999938964844,268.07501220703125,49402,AMZN,1m
2026-05-14 17:11:00+00:00,268.07501220703125,268.2699890136719,268.04998779296875,268.260009765625,34519,AMZN,1m
2026-05-14 17:12:00+00:00,268.239990234375,268.3900146484375,268.2325134277344,268.3699951171875,51924,AMZN,1m
2026-05-14 17:13:00+00:00,268.3500061035156,268.3999938964844,268.2900085449219,268.3699951171875,55225,AMZN,1m
2026-05-14 17:14:00+00:00,268.4049987792969,268.42999267578125,268.1199951171875,268.1700134277344,77854,AMZN,1m
2026-05-14 17:15:00+00:00,268.1700134277344,268.2200012207031,267.9620056152344,268.0199890136719,57627,AMZN,1m
2026-05-14 17:16:00+00:00,268.0199890136719,268.139892578125,267.92999267578125,268.0,52157,AMZN,1m
2026-05-14 17:17:00+00:00,267.989990234375,268.32501220703125,267.9649963378906,268.2699890136719,40169,AMZN,1m
2026-05-14 17:18:00+00:00,268.2300109863281,268.2900085449219,268.1700134277344,268.2514038085937,21941,AMZN,1m
2026-05-14 17:19:00+00:00,268.239990234375,268.3500061035156,268.2049865722656,268.27178955078125,33852,AMZN,1m
2026-05-14 17:20:00+00:00,268.2601013183594,268.3299865722656,268.17999267578125,268.2799987792969,64298,AMZN,1m
2026-05-14 17:21:00+00:00,268.2850036621094,268.4200134277344,268.260009765625,268.3099975585937,60894,AMZN,1m
2026-05-14 17:22:00+00:00,268.29998779296875,268.4200134277344,268.25,268.4049987792969,25863,AMZN,1m
2026-05-14 17:23:00+00:00,268.4200134277344,268.510009765625,268.3494873046875,268.4599914550781,54273,AMZN,1m
2026-05-14 17:24:00+00:00,268.4549865722656,268.4599914550781,268.3099975585937,268.4549865722656,40264,AMZN,1m
2026-05-14 17:25:00+00:00,268.4429931640625,268.4599914550781,268.3500061035156,268.4599914550781,39092,AMZN,1m
2026-05-14 17:26:00+00:00,268.44000244140625,268.4949951171875,268.2300109863281,268.2550048828125,30370,AMZN,1m
2026-05-14 17:27:00+00:00,268.260009765625,268.4599914550781,268.2474975585937,268.4599914550781,32622,AMZN,1m
2026-05-14 17:28:00+00:00,268.4599914550781,268.5,268.4100036621094,268.46710205078125,22762,AMZN,1m
2026-05-14 17:29:00+00:00,268.45001220703125,268.7650146484375,268.44000244140625,268.739990234375,107725,AMZN,1m
2026-05-14 17:30:00+00:00,268.7449951171875,268.7449951171875,268.5400085449219,268.6799011230469,44382,AMZN,1m
2026-05-14 17:31:00+00:00,268.67999267578125,268.760009765625,268.57000732421875,268.67999267578125,51551,AMZN,1m
2026-05-14 17:32:00+00:00,268.66571044921875,268.75,268.66571044921875,268.75,30204,AMZN,1m
2026-05-14 17:33:00+00:00,268.7900085449219,268.79998779296875,268.6600036621094,268.70001220703125,27037,AMZN,1m
2026-05-14 17:34:00+00:00,268.7099914550781,268.8099975585937,268.67498779296875,268.7149963378906,40597,AMZN,1m
2026-05-14 17:35:00+00:00,268.7300109863281,268.7650146484375,268.6650085449219,268.7101135253906,34575,AMZN,1m
2026-05-14 17:36:00+00:00,268.6700134277344,268.7200012207031,268.20001220703125,268.2398986816406,110846,AMZN,1m
2026-05-14 17:37:00+00:00,268.2200012207031,268.5,268.1700134277344,268.5,51164,AMZN,1m
2026-05-14 17:38:00+00:00,268.4800109863281,268.6199951171875,268.32000732421875,268.6199951171875,39388,AMZN,1m
2026-05-14 17:39:00+00:00,268.6099853515625,268.75,268.6050109863281,268.75,36625,AMZN,1m
2026-05-14 17:40:00+00:00,268.739990234375,268.8999938964844,268.6199951171875,268.6400146484375,111158,AMZN,1m
2026-05-14 17:41:00+00:00,268.6337890625,268.8550109863281,268.6337890625,268.82000732421875,71127,AMZN,1m
2026-05-14 17:42:00+00:00,268.82000732421875,268.989990234375,268.7900085449219,268.8800048828125,99068,AMZN,1m
2026-05-14 17:43:00+00:00,268.875,268.94000244140625,268.82000732421875,268.82000732421875,58807,AMZN,1m
2026-05-14 17:44:00+00:00,268.82501220703125,268.9200134277344,268.7049865722656,268.9200134277344,77533,AMZN,1m
2026-05-14 17:45:00+00:00,268.9200134277344,269.1499938964844,268.8800048828125,269.114990234375,113833,AMZN,1m
2026-05-14 17:46:00+00:00,269.0899963378906,269.1499938964844,268.8882141113281,268.9364929199219,94982,AMZN,1m
2026-05-14 17:47:00+00:00,268.95001220703125,268.9549865722656,268.7449951171875,268.864990234375,41523,AMZN,1m
2026-05-14 17:48:00+00:00,268.875,268.95001220703125,268.7900085449219,268.7900085449219,25753,AMZN,1m
2026-05-14 17:49:00+00:00,268.7950134277344,268.9796142578125,268.7799987792969,268.95001220703125,34326,AMZN,1m
2026-05-14 17:50:00+00:00,268.94000244140625,269.1099853515625,268.9349975585937,269.0199890136719,108726,AMZN,1m
2026-05-14 17:51:00+00:00,269.0299987792969,269.0799865722656,269.010009765625,269.06500244140625,41354,AMZN,1m
2026-05-14 17:52:00+00:00,269.06500244140625,269.06500244140625,268.95001220703125,268.9599914550781,34993,AMZN,1m
2026-05-14 17:53:00+00:00,268.9599914550781,269.1199951171875,268.9508972167969,269.0299987792969,39436,AMZN,1m
2026-05-14 17:54:00+00:00,269.0400085449219,269.17498779296875,269.0400085449219,269.125,53717,AMZN,1m
2026-05-14 17:55:00+00:00,269.1199951171875,269.17498779296875,269.0798034667969,269.1700134277344,39635,AMZN,1m
2026-05-14 17:56:00+00:00,269.1799011230469,269.1799011230469,269.06500244140625,269.0849914550781,35604,AMZN,1m
2026-05-14 17:57:00+00:00,269.0599975585937,269.0799865722656,268.80499267578125,268.909912109375,41883,AMZN,1m
2026-05-14 17:58:00+00:00,268.9100036621094,269.0299987792969,268.9100036621094,269.0050048828125,31838,AMZN,1m
2026-05-14 17:59:00+00:00,269.0,269.0199890136719,268.739990234375,268.739990234375,34110,AMZN,1m
2026-05-14 18:00:00+00:00,268.70001220703125,268.7200012207031,268.44500732421875,268.44500732421875,57884,AMZN,1m
2026-05-14 18:01:00+00:00,268.44000244140625,268.4599914550781,268.04998779296875,268.1618957519531,55321,AMZN,1m
2026-05-14 18:02:00+00:00,268.20001220703125,268.4364929199219,268.20001220703125,268.42999267578125,51679,AMZN,1m
2026-05-14 18:03:00+00:00,268.489990234375,268.489990234375,268.28009033203125,268.3599853515625,69059,AMZN,1m
2026-05-14 18:04:00+00:00,268.3699951171875,268.4549865722656,268.2737121582031,268.3099975585937,48053,AMZN,1m
2026-05-14 18:05:00+00:00,268.3099975585937,268.44989013671875,268.29998779296875,268.4100036621094,33735,AMZN,1m
2026-05-14 18:06:00+00:00,268.4100036621094,268.5299987792969,268.375,268.510009765625,45228,AMZN,1m
2026-05-14 18:07:00+00:00,268.510009765625,268.56549072265625,268.4100036621094,268.4649963378906,37528,AMZN,1m
2026-05-14 18:08:00+00:00,268.4549865722656,268.4549865722656,268.3301086425781,268.3800048828125,29631,AMZN,1m
2026-05-14 18:09:00+00:00,268.3900146484375,268.4700012207031,268.3599853515625,268.44000244140625,33644,AMZN,1m
2026-05-14 18:10:00+00:00,268.45001220703125,268.45001220703125,268.364990234375,268.4100036621094,24389,AMZN,1m
2026-05-14 18:11:00+00:00,268.4100036621094,268.5,268.4100036621094,268.4599914550781,43871,AMZN,1m
2026-05-14 18:12:00+00:00,268.4700012207031,268.489990234375,268.4100036621094,268.489990234375,29896,AMZN,1m
2026-05-14 18:13:00+00:00,268.4750061035156,268.5299072265625,268.42999267578125,268.4599914550781,26435,AMZN,1m
2026-05-14 18:14:00+00:00,268.4700012207031,268.5954895019531,268.4700012207031,268.5899963378906,44333,AMZN,1m
2026-05-14 18:15:00+00:00,268.5899963378906,268.6300048828125,268.5400085449219,268.5899963378906,31383,AMZN,1m
2026-05-14 18:16:00+00:00,268.5899963378906,268.6499938964844,268.54071044921875,268.5599060058594,45307,AMZN,1m
2026-05-14 18:17:00+00:00,268.54998779296875,268.5799865722656,268.4200134277344,268.5,37951,AMZN,1m
2026-05-14 18:18:00+00:00,268.510009765625,268.5599975585937,268.4200134277344,268.4599914550781,45467,AMZN,1m
2026-05-14 18:19:00+00:00,268.4700012207031,268.6499938964844,268.4599914550781,268.5887145996094,29092,AMZN,1m
2026-05-14 18:20:00+00:00,268.54998779296875,268.5599975585937,268.44500732421875,268.4700012207031,33239,AMZN,1m
2026-05-14 18:21:00+00:00,268.4599914550781,268.510009765625,268.4349975585937,268.5,38343,AMZN,1m
2026-05-14 18:22:00+00:00,268.4949951171875,268.5599975585937,268.4599914550781,268.4800109863281,30385,AMZN,1m
2026-05-14 18:23:00+00:00,268.489990234375,268.5,268.3949890136719,268.489990234375,38893,AMZN,1m
2026-05-14 18:24:00+00:00,268.489990234375,268.5599975585937,268.4649963378906,268.5249938964844,44333,AMZN,1m
2026-05-14 18:25:00+00:00,268.510009765625,268.5299987792969,268.4750061035156,268.4750061035156,28178,AMZN,1m
2026-05-14 18:26:00+00:00,268.4750061035156,268.489990234375,268.2229919433594,268.2799072265625,43814,AMZN,1m
2026-05-14 18:27:00+00:00,268.2597961425781,268.2597961425781,268.010009765625,268.010009765625,42708,AMZN,1m
2026-05-14 18:28:00+00:00,268.0018005371094,268.1199951171875,267.8500061035156,267.8598937988281,57597,AMZN,1m
2026-05-14 18:29:00+00:00,267.8399963378906,267.92999267578125,267.7900085449219,267.7900085449219,46709,AMZN,1m
2026-05-14 18:30:00+00:00,267.7799987792969,267.92999267578125,267.7699890136719,267.92999267578125,28706,AMZN,1m
2026-05-14 18:31:00+00:00,267.94000244140625,267.9700012207031,267.8099975585937,267.8099975585937,32731,AMZN,1m
2026-05-14 18:32:00+00:00,267.8099975585937,267.8599853515625,267.7799987792969,267.8099975585937,28594,AMZN,1m
2026-05-14 18:33:00+00:00,267.8291015625,267.9700012207031,267.7994079589844,267.9700012207031,46194,AMZN,1m
2026-05-14 18:34:00+00:00,267.9599914550781,267.9800109863281,267.8999938964844,267.94000244140625,28334,AMZN,1m
2026-05-14 18:35:00+00:00,267.9200134277344,267.9700012207031,267.8399963378906,267.8699951171875,30390,AMZN,1m
2026-05-14 18:36:00+00:00,267.8599853515625,267.8699951171875,267.67498779296875,267.69000244140625,43608,AMZN,1m
2026-05-14 18:37:00+00:00,267.70001220703125,267.7099914550781,267.6311950683594,267.70001220703125,41214,AMZN,1m
2026-05-14 18:38:00+00:00,267.7120056152344,267.75,267.67999267578125,267.7149963378906,44700,AMZN,1m
2026-05-14 18:39:00+00:00,267.7149963378906,267.7149963378906,267.635009765625,267.6600036621094,30886,AMZN,1m
2026-05-14 18:40:00+00:00,267.6600036621094,267.75,267.5537109375,267.57000732421875,42225,AMZN,1m
2026-05-14 18:41:00+00:00,267.5400085449219,267.8099060058594,267.5299987792969,267.8099060058594,61108,AMZN,1m
2026-05-14 18:42:00+00:00,267.79998779296875,267.79998779296875,267.75,267.7550048828125,22552,AMZN,1m
2026-05-14 18:43:00+00:00,267.739990234375,267.8099975585937,267.7200012207031,267.7699890136719,23125,AMZN,1m
2026-05-14 18:44:00+00:00,267.7799987792969,267.8399963378906,267.7149963378906,267.739990234375,38722,AMZN,1m
2026-05-14 18:45:00+00:00,267.739990234375,267.75,267.67498779296875,267.70001220703125,36131,AMZN,1m
2026-05-14 18:46:00+00:00,267.70001220703125,267.70001220703125,267.57000732421875,267.6400146484375,39892,AMZN,1m
2026-05-14 18:47:00+00:00,267.6449890136719,267.70001220703125,267.6099853515625,267.69500732421875,23863,AMZN,1m
2026-05-14 18:48:00+00:00,267.69989013671875,267.7300109863281,267.6700134277344,267.7200012207031,34014,AMZN,1m
2026-05-14 18:49:00+00:00,267.7200012207031,267.760009765625,267.6700134277344,267.7200012207031,34590,AMZN,1m
2026-05-14 18:50:00+00:00,267.7250061035156,267.7394104003906,267.6400146484375,267.6510925292969,30739,AMZN,1m
2026-05-14 18:51:00+00:00,267.6700134277344,267.739990234375,267.5802001953125,267.5899963378906,37485,AMZN,1m
2026-05-14 18:52:00+00:00,267.6098937988281,267.6199951171875,267.510009765625,267.5599975585937,45898,AMZN,1m
2026-05-14 18:53:00+00:00,267.5599975585937,267.5599975585937,267.4100036621094,267.4599914550781,58739,AMZN,1m
2026-05-14 18:54:00+00:00,267.4649963378906,267.5400085449219,267.4150085449219,267.4150085449219,37029,AMZN,1m
2026-05-14 18:55:00+00:00,267.4200134277344,267.5400085449219,267.4198913574219,267.5299987792969,43514,AMZN,1m
2026-05-14 18:56:00+00:00,267.52398681640625,267.6300048828125,267.45001220703125,267.57000732421875,86223,AMZN,1m
2026-05-14 18:57:00+00:00,267.56988525390625,267.5799865722656,267.5,267.54998779296875,32821,AMZN,1m
2026-05-14 18:58:00+00:00,267.56988525390625,267.635009765625,267.44000244140625,267.635009765625,46928,AMZN,1m
2026-05-14 18:59:00+00:00,267.6300048828125,267.6300048828125,267.44000244140625,267.44000244140625,42718,AMZN,1m
2026-05-14 19:00:00+00:00,267.42999267578125,267.489990234375,267.3005065917969,267.4100036621094,58342,AMZN,1m
2026-05-14 19:01:00+00:00,267.4100036621094,267.5199890136719,267.4100036621094,267.5199890136719,29389,AMZN,1m
2026-05-14 19:02:00+00:00,267.5299987792969,267.6199951171875,267.510009765625,267.5732116699219,35536,AMZN,1m
2026-05-14 19:03:00+00:00,267.56500244140625,267.6600036621094,267.5199890136719,267.57501220703125,37172,AMZN,1m
2026-05-14 19:04:00+00:00,267.57000732421875,267.6499938964844,267.552490234375,267.6300048828125,27792,AMZN,1m
2026-05-14 19:05:00+00:00,267.6400146484375,267.7701110839844,267.6099853515625,267.739990234375,46518,AMZN,1m
2026-05-14 19:06:00+00:00,267.7149963378906,267.7200012207031,267.635009765625,267.635009765625,38837,AMZN,1m
2026-05-14 19:07:00+00:00,267.6300048828125,267.6300048828125,267.5299987792969,267.54998779296875,38753,AMZN,1m
2026-05-14 19:08:00+00:00,267.5599975585937,267.6400146484375,267.4700012207031,267.6400146484375,35642,AMZN,1m
2026-05-14 19:09:00+00:00,267.6499938964844,267.8599853515625,267.6401062011719,267.75,50575,AMZN,1m
2026-05-14 19:10:00+00:00,267.75,267.75,267.6549987792969,267.6549987792969,29777,AMZN,1m
2026-05-14 19:11:00+00:00,267.6499938964844,267.7099914550781,267.6300048828125,267.7099914550781,35955,AMZN,1m
2026-05-14 19:12:00+00:00,267.739990234375,267.7799987792969,267.6849975585937,267.7099914550781,42795,AMZN,1m
2026-05-14 19:13:00+00:00,267.7200012207031,267.7200012207031,267.5400085449219,267.6990051269531,41601,AMZN,1m
2026-05-14 19:14:00+00:00,267.69000244140625,267.7698974609375,267.67999267578125,267.7698974609375,46481,AMZN,1m
2026-05-14 19:15:00+00:00,267.7550048828125,267.90899658203125,267.6650085449219,267.8450012207031,98144,AMZN,1m
2026-05-14 19:16:00+00:00,267.8599853515625,267.94000244140625,267.8599853515625,267.92498779296875,34815,AMZN,1m
2026-05-14 19:17:00+00:00,267.910888671875,268.0899963378906,267.8699951171875,268.0299987792969,50425,AMZN,1m
2026-05-14 19:18:00+00:00,268.0299987792969,268.0849914550781,267.9100036621094,268.0400085449219,70822,AMZN,1m
2026-05-14 19:19:00+00:00,268.04998779296875,268.0899963378906,268.0199890136719,268.0799865722656,103968,AMZN,1m
2026-05-14 19:20:00+00:00,268.0899963378906,268.1199951171875,267.9735107421875,268.0849914550781,105410,AMZN,1m
2026-05-14 19:21:00+00:00,268.0799865722656,268.1449890136719,268.04998779296875,268.0899963378906,75680,AMZN,1m
2026-05-14 19:22:00+00:00,268.0599975585937,268.1300048828125,267.94000244140625,268.1300048828125,56252,AMZN,1m
2026-05-14 19:23:00+00:00,268.125,268.1650085449219,268.0400085449219,268.0498962402344,70975,AMZN,1m
2026-05-14 19:24:00+00:00,268.0400085449219,268.1300048828125,268.0400085449219,268.1300048828125,49428,AMZN,1m
2026-05-14 19:25:00+00:00,268.1300048828125,268.1400146484375,268.07501220703125,268.1099853515625,48822,AMZN,1m
2026-05-14 19:26:00+00:00,268.1050109863281,268.20001220703125,268.07501220703125,268.135009765625,56739,AMZN,1m
2026-05-14 19:27:00+00:00,268.1400146484375,268.17999267578125,268.04998779296875,268.0849914550781,66814,AMZN,1m
2026-05-14 19:28:00+00:00,268.0849914550781,268.2051086425781,268.0849914550781,268.1600036621094,53793,AMZN,1m
2026-05-14 19:29:00+00:00,268.1600036621094,268.2300109863281,268.0599975585937,268.1000061035156,51064,AMZN,1m
2026-05-14 19:30:00+00:00,268.0799865722656,268.1199951171875,268.0299987792969,268.0899963378906,61808,AMZN,1m
2026-05-14 19:31:00+00:00,268.0849914550781,268.1700134277344,268.0249938964844,268.10009765625,58962,AMZN,1m
2026-05-14 19:32:00+00:00,268.1099853515625,268.1099853515625,267.9100036621094,267.95001220703125,59830,AMZN,1m
2026-05-14 19:33:00+00:00,267.9598999023437,268.0199890136719,267.9200134277344,267.9200134277344,46920,AMZN,1m
2026-05-14 19:34:00+00:00,267.92498779296875,268.010009765625,267.8800048828125,267.8900146484375,47624,AMZN,1m
2026-05-14 19:35:00+00:00,267.9100036621094,267.94000244140625,267.8299865722656,267.8599853515625,71255,AMZN,1m
2026-05-14 19:36:00+00:00,267.8699951171875,267.95001220703125,267.7699890136719,267.8299865722656,51039,AMZN,1m
2026-05-14 19:37:00+00:00,267.8299865722656,267.9200134277344,267.8299865722656,267.9049987792969,36124,AMZN,1m
2026-05-14 19:38:00+00:00,267.8999938964844,267.9100036621094,267.79998779296875,267.8655090332031,45282,AMZN,1m
2026-05-14 19:39:00+00:00,267.8699951171875,267.92999267578125,267.8450012207031,267.9200134277344,44958,AMZN,1m
2026-05-14 19:40:00+00:00,267.9200134277344,268.0599975585937,267.9200134277344,268.05499267578125,73928,AMZN,1m
2026-05-14 19:41:00+00:00,268.0599975585937,268.07000732421875,267.94000244140625,268.0599975585937,72357,AMZN,1m
2026-05-14 19:42:00+00:00,268.04998779296875,268.1600036621094,268.03009033203125,268.04998779296875,52038,AMZN,1m
2026-05-14 19:43:00+00:00,268.0450134277344,268.0450134277344,267.8599853515625,267.9700012207031,57109,AMZN,1m
2026-05-14 19:44:00+00:00,267.95001220703125,268.1199951171875,267.9150085449219,268.0600891113281,60941,AMZN,1m
2026-05-14 19:45:00+00:00,268.07000732421875,268.1000061035156,267.8099975585937,267.82989501953125,54527,AMZN,1m
2026-05-14 19:46:00+00:00,267.82000732421875,267.989990234375,267.82000732421875,267.9800109863281,45268,AMZN,1m
2026-05-14 19:47:00+00:00,267.9898986816406,268.1300048828125,267.9801025390625,268.114990234375,54455,AMZN,1m
2026-05-14 19:48:00+00:00,268.10369873046875,268.1700134277344,268.0599975585937,268.0849914550781,71781,AMZN,1m
2026-05-14 19:49:00+00:00,268.0849914550781,268.1300048828125,267.9700012207031,268.0,69708,AMZN,1m
2026-05-14 19:50:00+00:00,267.9700012207031,267.9700012207031,267.6241149902344,267.6849975585937,118277,AMZN,1m
2026-05-14 19:51:00+00:00,267.6700134277344,267.67999267578125,267.5299987792969,267.5599975585937,97979,AMZN,1m
2026-05-14 19:52:00+00:00,267.54998779296875,267.6300048828125,267.3699951171875,267.45001220703125,120467,AMZN,1m
2026-05-14 19:53:00+00:00,267.4400939941406,267.489990234375,267.3900146484375,267.44000244140625,73376,AMZN,1m
2026-05-14 19:54:00+00:00,267.44000244140625,267.5400085449219,267.06500244140625,267.5199890136719,171865,AMZN,1m
2026-05-14 19:55:00+00:00,267.57000732421875,267.57000732421875,266.79998779296875,266.9649963378906,300381,AMZN,1m
2026-05-14 19:56:00+00:00,266.9599914550781,267.0,266.735107421875,266.760009765625,228710,AMZN,1m
2026-05-14 19:57:00+00:00,266.7699890136719,267.0599975585937,266.6300048828125,267.0299987792969,345481,AMZN,1m
2026-05-14 19:58:00+00:00,267.0400085449219,267.0599975585937,266.9700012207031,267.0238952636719,357166,AMZN,1m
2026-05-14 19:59:00+00:00,267.0299987792969,267.3599853515625,267.0199890136719,267.25,761939,AMZN,1m
2026-05-15 13:30:00+00:00,262.5899963378906,262.75,261.1300048828125,262.0150146484375,3822118,AMZN,1m
2026-05-15 13:31:00+00:00,261.9599914550781,262.489990234375,261.3500061035156,262.45001220703125,251074,AMZN,1m
2026-05-15 13:32:00+00:00,262.44500732421875,262.6600036621094,261.9100036621094,261.9949951171875,223970,AMZN,1m
2026-05-15 13:33:00+00:00,262.05999755859375,262.0799865722656,261.4200134277344,261.70001220703125,285157,AMZN,1m
2026-05-15 13:34:00+00:00,261.70001220703125,261.760009765625,260.8901062011719,261.5249938964844,253991,AMZN,1m
2026-05-15 13:35:00+00:00,261.5249938964844,261.8550109863281,261.1499938964844,261.489990234375,230287,AMZN,1m
2026-05-15 13:36:00+00:00,261.5199890136719,261.96630859375,261.3599853515625,261.7099914550781,212687,AMZN,1m
2026-05-15 13:37:00+00:00,261.67999267578125,261.93450927734375,261.20001220703125,261.29998779296875,179372,AMZN,1m
2026-05-15 13:38:00+00:00,261.30499267578125,261.44500732421875,261.20001220703125,261.239990234375,178868,AMZN,1m
2026-05-15 13:39:00+00:00,261.2499084472656,261.3999938964844,261.0400085449219,261.1600036621094,172414,AMZN,1m
2026-05-15 13:40:00+00:00,261.1499938964844,262.20001220703125,261.1449890136719,262.20001220703125,226785,AMZN,1m
2026-05-15 13:41:00+00:00,262.19000244140625,262.260009765625,261.9089050292969,262.19000244140625,257927,AMZN,1m
2026-05-15 13:42:00+00:00,262.19000244140625,262.6000061035156,262.0,262.08880615234375,190738,AMZN,1m
2026-05-15 13:43:00+00:00,262.0,262.8699951171875,261.25,262.04998779296875,279874,AMZN,1m
2026-05-15 13:44:00+00:00,262.0199890136719,262.30999755859375,262.0199890136719,262.04998779296875,155698,AMZN,1m
2026-05-15 13:45:00+00:00,262.04998779296875,262.1400146484375,261.3800048828125,261.510009765625,210989,AMZN,1m
2026-05-15 13:46:00+00:00,261.510009765625,261.6400146484375,261.3349914550781,261.5899963378906,119579,AMZN,1m
2026-05-15 13:47:00+00:00,261.6199951171875,261.9700012207031,261.56500244140625,261.92999267578125,113084,AMZN,1m
2026-05-15 13:48:00+00:00,261.93499755859375,262.6099853515625,261.8922119140625,262.56500244140625,153182,AMZN,1m
2026-05-15 13:49:00+00:00,262.5899963378906,262.9800109863281,261.5,262.5799865722656,224369,AMZN,1m
2026-05-15 13:50:00+00:00,262.57000732421875,262.8699951171875,262.5,262.7300109863281,160686,AMZN,1m
2026-05-15 13:51:00+00:00,262.75,262.80999755859375,262.3299865722656,262.45001220703125,95878,AMZN,1m
2026-05-15 13:52:00+00:00,262.3800048828125,262.56988525390625,262.2950134277344,262.4700012207031,100954,AMZN,1m
2026-05-15 13:53:00+00:00,262.4800109863281,262.6700134277344,262.3399963378906,262.3450012207031,92137,AMZN,1m
2026-05-15 13:54:00+00:00,262.3598937988281,262.5799865722656,262.2799987792969,262.4200134277344,114115,AMZN,1m
2026-05-15 13:55:00+00:00,262.4200134277344,262.760009765625,262.32000732421875,262.739990234375,178330,AMZN,1m
2026-05-15 13:56:00+00:00,262.760009765625,263.1499938964844,262.5799865722656,263.1000061035156,135418,AMZN,1m
2026-05-15 13:57:00+00:00,263.07501220703125,263.45001220703125,262.8500061035156,262.8500061035156,137717,AMZN,1m
2026-05-15 13:58:00+00:00,262.8299865722656,262.8800048828125,261.5,262.5,173508,AMZN,1m
2026-05-15 13:59:00+00:00,262.5050048828125,262.656494140625,262.3450012207031,262.4949951171875,182670,AMZN,1m
2026-05-15 14:00:00+00:00,262.4700012207031,262.55999755859375,262.1400146484375,262.510009765625,192301,AMZN,1m
2026-05-15 14:01:00+00:00,262.5,262.8699951171875,262.5,262.8699951171875,95954,AMZN,1m
2026-05-15 14:02:00+00:00,262.8900146484375,263.0799865722656,262.0,262.9750061035156,158118,AMZN,1m
2026-05-15 14:03:00+00:00,262.989990234375,263.0299987792969,262.7200012207031,262.7699890136719,93329,AMZN,1m
2026-05-15 14:04:00+00:00,262.7699890136719,263.04998779296875,262.6099853515625,262.95001220703125,109499,AMZN,1m
2026-05-15 14:05:00+00:00,262.94000244140625,263.14410400390625,262.1499938964844,263.0400085449219,171034,AMZN,1m
2026-05-15 14:06:00+00:00,263.0199890136719,263.2300109863281,262.84600830078125,262.84600830078125,97376,AMZN,1m
2026-05-15 14:07:00+00:00,262.8599853515625,263.07000732421875,262.67010498046875,262.9949951171875,145000,AMZN,1m
2026-05-15 14:08:00+00:00,263.0299987792969,263.70001220703125,262.20001220703125,263.6549987792969,289744,AMZN,1m
2026-05-15 14:09:00+00:00,263.67999267578125,263.760009765625,263.29998779296875,263.4100036621094,101270,AMZN,1m
2026-05-15 14:10:00+00:00,263.38140869140625,263.7200012207031,263.38140869140625,263.69500732421875,96211,AMZN,1m
2026-05-15 14:11:00+00:00,263.6700134277344,263.68499755859375,263.07000732421875,263.3949890136719,103806,AMZN,1m
2026-05-15 14:12:00+00:00,263.3999938964844,263.4200134277344,263.1600036621094,263.3299865722656,77059,AMZN,1m
2026-05-15 14:13:00+00:00,263.31500244140625,263.70001220703125,263.31500244140625,263.6400146484375,90249,AMZN,1m
2026-05-15 14:14:00+00:00,263.6099853515625,264.0199890136719,263.5899963378906,263.9079895019531,138461,AMZN,1m
2026-05-15 14:15:00+00:00,263.92999267578125,264.04998779296875,263.0,263.67498779296875,196621,AMZN,1m
2026-05-15 14:16:00+00:00,263.6700134277344,263.70001220703125,263.4800109863281,263.5400085449219,112486,AMZN,1m
2026-05-15 14:17:00+00:00,263.54998779296875,263.6000061035156,263.36199951171875,263.510009765625,131447,AMZN,1m
2026-05-15 14:18:00+00:00,263.5450134277344,263.6300048828125,263.3999938964844,263.6199951171875,107130,AMZN,1m
2026-05-15 14:19:00+00:00,263.6199951171875,263.739990234375,263.5400085449219,263.55999755859375,87325,AMZN,1m
2026-05-15 14:20:00+00:00,263.5799865722656,263.70001220703125,263.45001220703125,263.6600036621094,87507,AMZN,1m
2026-05-15 14:21:00+00:00,263.69000244140625,263.82000732421875,263.5400085449219,263.6033935546875,123583,AMZN,1m
2026-05-15 14:22:00+00:00,263.57000732421875,263.9700012207031,263.5,263.81500244140625,88806,AMZN,1m
2026-05-15 14:23:00+00:00,263.8299865722656,263.989990234375,263.69000244140625,263.69000244140625,105972,AMZN,1m
2026-05-15 14:24:00+00:00,263.6700134277344,263.739990234375,263.30999755859375,263.3349914550781,70904,AMZN,1m
2026-05-15 14:25:00+00:00,263.29998779296875,263.3800048828125,263.010009765625,263.05999755859375,116035,AMZN,1m
2026-05-15 14:26:00+00:00,263.06500244140625,263.0899963378906,262.739990234375,262.8399963378906,97580,AMZN,1m
2026-05-15 14:27:00+00:00,262.80999755859375,262.9200134277344,262.7001037597656,262.8399963378906,69515,AMZN,1m
2026-05-15 14:28:00+00:00,262.8299865722656,263.19000244140625,262.7799987792969,263.1799011230469,76521,AMZN,1m
2026-05-15 14:29:00+00:00,263.1300048828125,263.1600036621094,262.760009765625,262.94500732421875,85623,AMZN,1m
2026-05-15 14:30:00+00:00,262.9800109863281,263.25,262.79998779296875,263.2001037597656,98528,AMZN,1m
2026-05-15 14:31:00+00:00,263.239990234375,263.45001220703125,263.17999267578125,263.2051086425781,78483,AMZN,1m
2026-05-15 14:32:00+00:00,263.2300109863281,263.239990234375,262.6000061035156,263.0899963378906,151588,AMZN,1m
2026-05-15 14:33:00+00:00,263.05499267578125,263.31988525390625,263.0199890136719,263.0849914550781,80287,AMZN,1m
2026-05-15 14:34:00+00:00,263.0849914550781,263.3599853515625,263.04998779296875,263.3599853515625,65345,AMZN,1m
2026-05-15 14:35:00+00:00,263.3800048828125,263.3800048828125,263.1600036621094,263.2099914550781,54235,AMZN,1m
2026-05-15 14:36:00+00:00,263.2049865722656,263.30499267578125,263.07000732421875,263.239990234375,84938,AMZN,1m
2026-05-15 14:37:00+00:00,263.17999267578125,263.5,263.1700134277344,263.4700927734375,87659,AMZN,1m
2026-05-15 14:38:00+00:00,263.4649963378906,263.6099853515625,263.4100036621094,263.5899963378906,92565,AMZN,1m
2026-05-15 14:39:00+00:00,263.56500244140625,263.56500244140625,263.25,263.25,48807,AMZN,1m
2026-05-15 14:40:00+00:00,263.239990234375,263.2799072265625,263.1199951171875,263.20001220703125,44113,AMZN,1m
2026-05-15 14:41:00+00:00,263.1864013671875,263.2192077636719,262.9599914550781,262.9599914550781,60718,AMZN,1m
2026-05-15 14:42:00+00:00,262.989990234375,263.1099853515625,262.8299865722656,263.08099365234375,87707,AMZN,1m
2026-05-15 14:43:00+00:00,263.0799865722656,263.1400146484375,262.9750061035156,262.9750061035156,46260,AMZN,1m
2026-05-15 14:44:00+00:00,262.9599914550781,263.010009765625,262.8550109863281,262.8800048828125,57018,AMZN,1m
2026-05-15 14:45:00+00:00,262.8999938964844,263.1000061035156,262.82000732421875,262.875,68899,AMZN,1m
2026-05-15 14:46:00+00:00,262.8500061035156,262.9800109863281,262.5899963378906,262.6449890136719,114244,AMZN,1m
2026-05-15 14:47:00+00:00,262.6300048828125,262.69000244140625,262.4200134277344,262.54998779296875,103256,AMZN,1m
2026-05-15 14:48:00+00:00,262.5199890136719,262.6300048828125,262.4200134277344,262.57501220703125,60899,AMZN,1m
2026-05-15 14:49:00+00:00,262.5299987792969,262.6199951171875,262.5,262.5799865722656,36125,AMZN,1m
2026-05-15 14:50:00+00:00,262.6000061035156,262.6000061035156,262.32000732421875,262.5400085449219,76837,AMZN,1m
2026-05-15 14:51:00+00:00,262.54998779296875,262.6000061035156,262.45001220703125,262.4814147949219,66366,AMZN,1m
2026-05-15 14:52:00+00:00,262.4975891113281,262.7300109863281,262.44000244140625,262.69000244140625,64473,AMZN,1m
2026-05-15 14:53:00+00:00,262.6600036621094,262.7300109863281,262.5400085449219,262.5799865722656,72969,AMZN,1m
2026-05-15 14:54:00+00:00,262.57000732421875,262.9849853515625,262.57000732421875,262.9700012207031,54166,AMZN,1m
2026-05-15 14:55:00+00:00,262.9649963378906,263.07000732421875,262.04998779296875,262.8500061035156,101217,AMZN,1m
2026-05-15 14:56:00+00:00,262.8500061035156,263.07000732421875,262.8500061035156,263.05999755859375,78744,AMZN,1m
2026-05-15 14:57:00+00:00,263.04998779296875,263.25,263.0199890136719,263.1050109863281,72405,AMZN,1m
2026-05-15 14:58:00+00:00,263.1099853515625,263.1300048828125,262.7900085449219,262.8599853515625,79942,AMZN,1m
2026-05-15 14:59:00+00:00,262.8599853515625,262.9700012207031,262.7699890136719,262.79998779296875,143362,AMZN,1m
2026-05-15 15:00:00+00:00,262.80999755859375,262.9200134277344,262.7099914550781,262.7601013183594,44685,AMZN,1m
2026-05-15 15:01:00+00:00,262.760009765625,263.1000061035156,262.760009765625,262.9700012207031,50947,AMZN,1m
2026-05-15 15:02:00+00:00,262.94500732421875,263.1700134277344,262.9100036621094,262.9200134277344,65036,AMZN,1m
2026-05-15 15:03:00+00:00,262.8900146484375,263.1199951171875,262.82000732421875,263.07000732421875,85119,AMZN,1m
2026-05-15 15:04:00+00:00,263.125,263.3550109863281,263.1199951171875,263.2460021972656,49448,AMZN,1m
2026-05-15 15:05:00+00:00,263.2099914550781,263.239990234375,262.94000244140625,263.1000061035156,74243,AMZN,1m
2026-05-15 15:06:00+00:00,263.1199951171875,263.1300048828125,262.7699890136719,262.93499755859375,58486,AMZN,1m
2026-05-15 15:07:00+00:00,262.875,263.1000061035156,262.80999755859375,263.06500244140625,75889,AMZN,1m
2026-05-15 15:08:00+00:00,263.0400085449219,263.20001220703125,263.0,263.1424865722656,60067,AMZN,1m
2026-05-15 15:09:00+00:00,263.12750244140625,263.489990234375,263.05999755859375,263.41400146484375,47912,AMZN,1m
2026-05-15 15:10:00+00:00,263.4100036621094,263.4599914550781,262.5,263.3550109863281,180706,AMZN,1m
2026-05-15 15:11:00+00:00,263.3550109863281,263.3699951171875,263.17999267578125,263.3399963378906,41961,AMZN,1m
2026-05-15 15:12:00+00:00,263.3599853515625,263.3800048828125,263.1700134277344,263.3299865722656,49642,AMZN,1m
2026-05-15 15:13:00+00:00,263.32000732421875,263.4800109863281,263.32000732421875,263.4200134277344,44396,AMZN,1m
2026-05-15 15:14:00+00:00,263.3900146484375,263.3900146484375,263.1600036621094,263.20001220703125,73776,AMZN,1m
2026-05-15 15:15:00+00:00,263.1700134277344,263.31500244140625,263.0799865722656,263.1600036621094,70272,AMZN,1m
2026-05-15 15:16:00+00:00,263.2099914550781,263.3275146484375,263.05999755859375,263.07989501953125,55894,AMZN,1m
2026-05-15 15:17:00+00:00,263.05999755859375,263.2099914550781,263.0,263.17999267578125,46503,AMZN,1m
2026-05-15 15:18:00+00:00,263.18499755859375,263.2300109863281,263.0799865722656,263.2099914550781,38511,AMZN,1m
2026-05-15 15:19:00+00:00,263.2200012207031,263.4200134277344,262.79998779296875,263.2749938964844,135672,AMZN,1m
2026-05-15 15:20:00+00:00,263.2699890136719,263.45001220703125,263.25,263.4049987792969,43645,AMZN,1m
2026-05-15 15:21:00+00:00,263.4049987792969,263.45001220703125,263.3599853515625,263.3999938964844,54926,AMZN,1m
2026-05-15 15:22:00+00:00,263.4200134277344,263.67010498046875,263.4100036621094,263.57000732421875,94925,AMZN,1m
2026-05-15 15:23:00+00:00,263.5849914550781,263.80999755859375,262.75,263.4200134277344,218157,AMZN,1m
2026-05-15 15:24:00+00:00,263.385009765625,263.4460144042969,263.2250061035156,263.42498779296875,58753,AMZN,1m
2026-05-15 15:25:00+00:00,263.46490478515625,263.46490478515625,262.5,263.0799865722656,289439,AMZN,1m
2026-05-15 15:26:00+00:00,263.0849914550781,263.5799865722656,263.0400085449219,263.53509521484375,63577,AMZN,1m
2026-05-15 15:27:00+00:00,263.510009765625,263.75,263.4800109863281,263.5899963378906,41570,AMZN,1m
2026-05-15 15:28:00+00:00,263.6400146484375,263.67498779296875,263.5,263.5201110839844,35770,AMZN,1m
2026-05-15 15:29:00+00:00,263.5450134277344,263.6600036621094,263.5120849609375,263.6199951171875,42336,AMZN,1m
2026-05-15 15:30:00+00:00,263.6199951171875,263.94000244140625,263.5101013183594,263.5450134277344,71893,AMZN,1m
2026-05-15 15:31:00+00:00,263.55999755859375,263.56500244140625,263.3999938964844,263.510009765625,62553,AMZN,1m
2026-05-15 15:32:00+00:00,263.48199462890625,263.5400085449219,263.29998779296875,263.3900146484375,57745,AMZN,1m
2026-05-15 15:33:00+00:00,263.4200134277344,263.4200134277344,263.181396484375,263.19000244140625,69300,AMZN,1m
2026-05-15 15:34:00+00:00,263.1600036621094,263.260009765625,263.1000061035156,263.114990234375,25908,AMZN,1m
2026-05-15 15:35:00+00:00,263.1000061035156,263.125,262.92498779296875,263.0899963378906,43485,AMZN,1m
2026-05-15 15:36:00+00:00,263.1199951171875,263.1983947753906,262.989990234375,262.989990234375,43041,AMZN,1m
2026-05-15 15:37:00+00:00,263.0,263.1600036621094,263.0,263.1199951171875,54079,AMZN,1m
2026-05-15 15:38:00+00:00,263.1000061035156,263.1099853515625,262.82000732421875,262.8900146484375,47269,AMZN,1m
2026-05-15 15:39:00+00:00,262.8949890136719,262.9700012207031,262.60009765625,262.6199951171875,76084,AMZN,1m
2026-05-15 15:40:00+00:00,262.6000061035156,262.6600036621094,262.4599914550781,262.6300048828125,53029,AMZN,1m
2026-05-15 15:41:00+00:00,262.6400146484375,262.68798828125,262.489990234375,262.510009765625,58262,AMZN,1m
2026-05-15 15:42:00+00:00,262.5050048828125,262.5260925292969,262.3500061035156,262.3599853515625,49023,AMZN,1m
2026-05-15 15:43:00+00:00,262.3599853515625,262.3699951171875,262.1300048828125,262.239990234375,64561,AMZN,1m
2026-05-15 15:44:00+00:00,262.215087890625,262.239990234375,261.94000244140625,262.0299987792969,96821,AMZN,1m
2026-05-15 15:45:00+00:00,262.04998779296875,262.1600036621094,261.9700012207031,262.1099853515625,43763,AMZN,1m
2026-05-15 15:46:00+00:00,262.1000061035156,262.19000244140625,262.0101013183594,262.0299987792969,42033,AMZN,1m
2026-05-15 15:47:00+00:00,262.03009033203125,262.1400146484375,261.94000244140625,262.0299987792969,55863,AMZN,1m
2026-05-15 15:48:00+00:00,262.0299987792969,262.2099914550781,262.0,262.1099853515625,36768,AMZN,1m
2026-05-15 15:49:00+00:00,262.1099853515625,262.1780090332031,261.8999938964844,262.1000061035156,64502,AMZN,1m
2026-05-15 15:50:00+00:00,262.05999755859375,262.0799865722656,261.8599853515625,262.0299987792969,91269,AMZN,1m
2026-05-15 15:51:00+00:00,262.0400085449219,262.1099853515625,261.9100036621094,262.0054931640625,66514,AMZN,1m
2026-05-15 15:52:00+00:00,261.9949951171875,262.04998779296875,261.29998779296875,261.9103088378906,253959,AMZN,1m
2026-05-15 15:53:00+00:00,261.9100036621094,261.9200134277344,261.7099914550781,261.7615051269531,72012,AMZN,1m
2026-05-15 15:54:00+00:00,261.760009765625,261.9198913574219,261.70001220703125,261.8599853515625,55529,AMZN,1m
2026-05-15 15:55:00+00:00,261.8349914550781,262.018798828125,261.7300109863281,261.93499755859375,52472,AMZN,1m
2026-05-15 15:56:00+00:00,261.9100036621094,262.19500732421875,261.8399963378906,262.19000244140625,49594,AMZN,1m
2026-05-15 15:57:00+00:00,262.1700134277344,262.260009765625,261.8500061035156,261.92999267578125,47600,AMZN,1m
2026-05-15 15:58:00+00:00,261.94500732421875,262.239990234375,261.94500732421875,262.2099914550781,38949,AMZN,1m
2026-05-15 15:59:00+00:00,262.2250061035156,262.45001220703125,262.2250061035156,262.3299865722656,42184,AMZN,1m
2026-05-15 16:00:00+00:00,262.32000732421875,262.4540100097656,262.2900085449219,262.4540100097656,42934,AMZN,1m
2026-05-15 16:01:00+00:00,262.44000244140625,262.44000244140625,262.30999755859375,262.3999938964844,31041,AMZN,1m
2026-05-15 16:02:00+00:00,262.375,262.4049987792969,262.31500244140625,262.3800048828125,30874,AMZN,1m
2026-05-15 16:03:00+00:00,262.389892578125,262.389892578125,262.1199951171875,262.1499938964844,44949,AMZN,1m
2026-05-15 16:04:00+00:00,262.1300048828125,262.19500732421875,261.94500732421875,262.05499267578125,46991,AMZN,1m
2026-05-15 16:05:00+00:00,262.0299987792969,262.1199951171875,261.9700012207031,262.1099853515625,38866,AMZN,1m
2026-05-15 16:06:00+00:00,262.0899963378906,262.1778869628906,261.860595703125,261.8700866699219,47805,AMZN,1m
2026-05-15 16:07:00+00:00,261.885009765625,262.0199890136719,261.885009765625,262.0150146484375,38830,AMZN,1m
2026-05-15 16:08:00+00:00,261.989990234375,262.17999267578125,261.989990234375,262.17999267578125,25039,AMZN,1m
2026-05-15 16:09:00+00:00,262.17498779296875,262.17498779296875,262.0899963378906,262.1000061035156,23980,AMZN,1m
2026-05-15 16:10:00+00:00,262.1000061035156,262.19000244140625,262.0299987792969,262.07000732421875,77181,AMZN,1m
2026-05-15 16:11:00+00:00,262.07000732421875,262.1000061035156,261.8399963378906,261.864990234375,41119,AMZN,1m
2026-05-15 16:12:00+00:00,261.8699951171875,261.95001220703125,261.7799987792969,261.94000244140625,43771,AMZN,1m
2026-05-15 16:13:00+00:00,261.91510009765625,262.0400085449219,261.91510009765625,261.9700012207031,43102,AMZN,1m
2026-05-15 16:14:00+00:00,262.0,262.1499938964844,262.0,262.1400146484375,38371,AMZN,1m
2026-05-15 16:15:00+00:00,262.1400146484375,262.25,262.0799865722656,262.1549987792969,36292,AMZN,1m
2026-05-15 16:16:00+00:00,262.1300048828125,262.1700134277344,262.0299987792969,262.1000061035156,57482,AMZN,1m
2026-05-15 16:17:00+00:00,262.0799865722656,262.0899963378906,262.010009765625,262.0799865722656,25188,AMZN,1m
2026-05-15 16:18:00+00:00,262.05999755859375,262.0799865722656,261.95001220703125,262.0,69821,AMZN,1m
2026-05-15 16:19:00+00:00,262.0,262.0199890136719,261.9200134277344,261.92999267578125,35634,AMZN,1m
2026-05-15 16:20:00+00:00,261.93499755859375,262.0400085449219,261.8500061035156,262.0400085449219,46441,AMZN,1m
2026-05-15 16:21:00+00:00,262.04998779296875,262.17498779296875,262.04998779296875,262.1300048828125,39894,AMZN,1m
2026-05-15 16:22:00+00:00,262.1099853515625,262.2749938964844,262.1000061035156,262.2749938964844,60219,AMZN,1m
2026-05-15 16:23:00+00:00,262.260009765625,262.3500061035156,262.20001220703125,262.3406066894531,65370,AMZN,1m
2026-05-15 16:24:00+00:00,262.32861328125,262.489990234375,262.2900085449219,262.4750061035156,69044,AMZN,1m
2026-05-15 16:25:00+00:00,262.4700012207031,262.5299987792969,262.30999755859375,262.4700012207031,62795,AMZN,1m
2026-05-15 16:26:00+00:00,262.4599914550781,262.5199890136719,262.4100036621094,262.4649963378906,47756,AMZN,1m
2026-05-15 16:27:00+00:00,262.4700012207031,262.6400146484375,262.45001220703125,262.6400146484375,59858,AMZN,1m
2026-05-15 16:28:00+00:00,262.6400146484375,262.75,262.6300048828125,262.6300048828125,78637,AMZN,1m
2026-05-15 16:29:00+00:00,262.6300048828125,262.7900085449219,262.5799865722656,262.760009765625,52727,AMZN,1m
2026-05-15 16:30:00+00:00,262.739990234375,262.8504943847656,262.6650085449219,262.8450012207031,68575,AMZN,1m
2026-05-15 16:31:00+00:00,262.8399963378906,262.989990234375,262.0,262.8500061035156,210605,AMZN,1m
2026-05-15 16:32:00+00:00,262.8699951171875,262.9150085449219,262.7300109863281,262.80999755859375,69355,AMZN,1m
2026-05-15 16:33:00+00:00,262.82000732421875,262.8800048828125,262.7349853515625,262.8299865722656,1041810,AMZN,1m
2026-05-15 16:34:00+00:00,262.8399963378906,263.07000732421875,262.82049560546875,263.010009765625,64912,AMZN,1m
2026-05-15 16:35:00+00:00,263.0199890136719,263.05999755859375,262.8999938964844,263.0,57021,AMZN,1m
2026-05-15 16:36:00+00:00,263.0,263.0899963378906,262.989990234375,263.0199890136719,42530,AMZN,1m
2026-05-15 16:37:00+00:00,262.989990234375,263.1199951171875,262.92999267578125,263.07000732421875,55808,AMZN,1m
2026-05-15 16:38:00+00:00,263.0799865722656,263.135009765625,263.04998779296875,263.06500244140625,69708,AMZN,1m
2026-05-15 16:39:00+00:00,263.06500244140625,263.2300109863281,263.0400085449219,263.2051086425781,122743,AMZN,1m
2026-05-15 16:40:00+00:00,263.1900939941406,263.2149963378906,263.010009765625,263.07000732421875,54995,AMZN,1m
2026-05-15 16:41:00+00:00,263.05499267578125,263.1300048828125,263.05499267578125,263.0899963378906,25046,AMZN,1m
2026-05-15 16:42:00+00:00,263.0899963378906,263.20001220703125,262.1499938964844,262.92498779296875,206827,AMZN,1m
2026-05-15 16:43:00+00:00,262.94000244140625,263.0199890136719,262.7200012207031,262.7300109863281,47697,AMZN,1m
2026-05-15 16:44:00+00:00,262.739990234375,262.7699890136719,262.6000061035156,262.7349853515625,82944,AMZN,1m
2026-05-15 16:45:00+00:00,262.7200012207031,262.7300109863281,262.6000061035156,262.7300109863281,40906,AMZN,1m
2026-05-15 16:46:00+00:00,262.70001220703125,262.75,262.4700012207031,262.4849853515625,53888,AMZN,1m
2026-05-15 16:47:00+00:00,262.4800109863281,262.4800109863281,262.3699951171875,262.3699951171875,45974,AMZN,1m
2026-05-15 16:48:00+00:00,262.3500061035156,262.3500061035156,262.25,262.2850036621094,34986,AMZN,1m
2026-05-15 16:49:00+00:00,262.2950134277344,262.3999938964844,262.2950134277344,262.3500061035156,63720,AMZN,1m
2026-05-15 16:50:00+00:00,262.3399963378906,262.510009765625,262.3399963378906,262.4700012207031,52447,AMZN,1m
2026-05-15 16:51:00+00:00,262.4649963378906,262.510009765625,261.672607421875,262.20001220703125,241261,AMZN,1m
2026-05-15 16:52:00+00:00,262.19000244140625,262.30499267578125,262.0480041503906,262.17999267578125,64057,AMZN,1m
2026-05-15 16:53:00+00:00,262.1700134277344,262.19500732421875,262.1199951171875,262.1600036621094,49149,AMZN,1m
2026-05-15 16:54:00+00:00,262.1400146484375,262.239990234375,262.0199890136719,262.04998779296875,59360,AMZN,1m
2026-05-15 16:55:00+00:00,262.07000732421875,262.25,262.07000732421875,262.2200012207031,25201,AMZN,1m
2026-05-15 16:56:00+00:00,262.2200012207031,262.2900085449219,262.2200012207031,262.2900085449219,22090,AMZN,1m
2026-05-15 16:57:00+00:00,262.2699890136719,262.2799987792969,261.94000244140625,261.94000244140625,37997,AMZN,1m
2026-05-15 16:58:00+00:00,261.9429931640625,262.06988525390625,261.79998779296875,261.8450012207031,34388,AMZN,1m
2026-05-15 16:59:00+00:00,261.82000732421875,261.9198913574219,261.760009765625,261.8999938964844,50034,AMZN,1m
2026-05-15 17:00:00+00:00,261.9049987792969,261.9049987792969,261.25,261.885009765625,174565,AMZN,1m
2026-05-15 17:01:00+00:00,261.9100036621094,261.92999267578125,261.80999755859375,261.92999267578125,50218,AMZN,1m
2026-05-15 17:02:00+00:00,261.9100036621094,262.05999755859375,261.8699951171875,262.05499267578125,35573,AMZN,1m
2026-05-15 17:03:00+00:00,262.07000732421875,262.07501220703125,261.92498779296875,261.9849853515625,30398,AMZN,1m
2026-05-15 17:04:00+00:00,261.9700012207031,262.0299987792969,261.92999267578125,262.0151062011719,34244,AMZN,1m
2026-05-15 17:05:00+00:00,261.989990234375,262.1700134277344,261.95001220703125,262.1700134277344,61177,AMZN,1m
2026-05-15 17:06:00+00:00,262.19000244140625,262.30999755859375,262.1700134277344,262.2049865722656,37713,AMZN,1m
2026-05-15 17:07:00+00:00,262.25,262.3125,262.1449890136719,262.2799987792969,33965,AMZN,1m
2026-05-15 17:08:00+00:00,262.2900085449219,262.3699951171875,262.25,262.3599853515625,39886,AMZN,1m
2026-05-15 17:09:00+00:00,262.3699951171875,262.3900146484375,262.2799987792969,262.3299865722656,27529,AMZN,1m
2026-05-15 17:10:00+00:00,262.3599853515625,262.5050048828125,262.340087890625,262.4100036621094,29260,AMZN,1m
2026-05-15 17:11:00+00:00,262.40008544921875,262.4599914550781,262.32000732421875,262.42999267578125,39123,AMZN,1m
2026-05-15 17:12:00+00:00,262.4599914550781,262.510009765625,262.3500061035156,262.489990234375,42190,AMZN,1m
2026-05-15 17:13:00+00:00,262.489990234375,262.489990234375,262.3700866699219,262.4682922363281,43365,AMZN,1m
2026-05-15 17:14:00+00:00,262.42999267578125,262.4700012207031,262.3599853515625,262.364990234375,26370,AMZN,1m
2026-05-15 17:15:00+00:00,262.3800048828125,262.3999938964844,262.3349914550781,262.3550109863281,26028,AMZN,1m
2026-05-15 17:16:00+00:00,262.3550109863281,262.3800048828125,262.2200012207031,262.2550048828125,52517,AMZN,1m
2026-05-15 17:17:00+00:00,262.2699890136719,262.5299987792969,261.70001220703125,262.4649963378906,302473,AMZN,1m
2026-05-15 17:18:00+00:00,262.4700012207031,262.7900085449219,262.4700012207031,262.7900085449219,49366,AMZN,1m
2026-05-15 17:19:00+00:00,262.82000732421875,263.0199890136719,262.79998779296875,262.94000244140625,49867,AMZN,1m
2026-05-15 17:20:00+00:00,262.9599914550781,263.0849914550781,262.94000244140625,262.9700012207031,38485,AMZN,1m
2026-05-15 17:21:00+00:00,262.9700012207031,263.1000061035156,262.9599914550781,262.989990234375,37720,AMZN,1m
2026-05-15 17:22:00+00:00,262.9601135253906,262.9800109863281,262.7799987792969,262.8500061035156,28778,AMZN,1m
2026-05-15 17:23:00+00:00,262.8500061035156,262.9200134277344,262.82000732421875,262.8399963378906,21970,AMZN,1m
2026-05-15 17:24:00+00:00,262.8301086425781,263.0299987792969,262.8299865722656,263.010009765625,29493,AMZN,1m
2026-05-15 17:25:00+00:00,263.010009765625,263.19000244140625,263.010009765625,263.1499938964844,46151,AMZN,1m
2026-05-15 17:26:00+00:00,263.1300964355469,263.3800048828125,263.1300048828125,263.3500061035156,40656,AMZN,1m
2026-05-15 17:27:00+00:00,263.3500061035156,263.3550109863281,263.2300109863281,263.29998779296875,32871,AMZN,1m
2026-05-15 17:28:00+00:00,263.29998779296875,263.44000244140625,263.2950134277344,263.4200134277344,40406,AMZN,1m
2026-05-15 17:29:00+00:00,263.4100036621094,263.4100036621094,263.3099060058594,263.32000732421875,32725,AMZN,1m
2026-05-15 17:30:00+00:00,263.2850036621094,263.4599914550781,263.2799987792969,263.42999267578125,44010,AMZN,1m
2026-05-15 17:31:00+00:00,263.45001220703125,263.54998779296875,263.3900146484375,263.44500732421875,62824,AMZN,1m
2026-05-15 17:32:00+00:00,263.44500732421875,263.69000244140625,263.42999267578125,263.65509033203125,52991,AMZN,1m
2026-05-15 17:33:00+00:00,263.6400146484375,263.7449951171875,263.635009765625,263.7449951171875,40881,AMZN,1m
2026-05-15 17:34:00+00:00,263.760009765625,263.9800109863281,263.7598876953125,263.8550109863281,71108,AMZN,1m
2026-05-15 17:35:00+00:00,263.8550109863281,263.8900146484375,263.6499938964844,263.67498779296875,43811,AMZN,1m
2026-05-15 17:36:00+00:00,263.67498779296875,263.7099914550781,263.6199951171875,263.6400146484375,45564,AMZN,1m
2026-05-15 17:37:00+00:00,263.659912109375,263.80999755859375,263.6300048828125,263.7200012207031,44388,AMZN,1m
2026-05-15 17:38:00+00:00,263.7300109863281,263.739990234375,263.6300048828125,263.7300109863281,41158,AMZN,1m
2026-05-15 17:39:00+00:00,263.7250061035156,263.9100036621094,263.7101135253906,263.8900146484375,56249,AMZN,1m
2026-05-15 17:40:00+00:00,263.8800048828125,263.94000244140625,263.7099914550781,263.7149963378906,50540,AMZN,1m
2026-05-15 17:41:00+00:00,263.7300109863281,263.731201171875,263.54998779296875,263.5799865722656,35604,AMZN,1m
2026-05-15 17:42:00+00:00,263.5950012207031,263.70001220703125,263.5343017578125,263.68499755859375,49297,AMZN,1m
2026-05-15 17:43:00+00:00,263.67999267578125,263.70001220703125,263.6000061035156,263.6050109863281,38307,AMZN,1m
2026-05-15 17:44:00+00:00,263.6300048828125,263.6700134277344,263.5899963378906,263.614990234375,32563,AMZN,1m
2026-05-15 17:45:00+00:00,263.614990234375,263.7998962402344,263.6099853515625,263.7300109863281,74032,AMZN,1m
2026-05-15 17:46:00+00:00,263.7099914550781,263.79998779296875,263.6000061035156,263.6199951171875,52592,AMZN,1m
2026-05-15 17:47:00+00:00,263.5899963378906,263.7200012207031,263.55999755859375,263.6600036621094,37177,AMZN,1m
2026-05-15 17:48:00+00:00,263.6400146484375,263.6600036621094,263.5,263.5199890136719,52641,AMZN,1m
2026-05-15 17:49:00+00:00,263.5199890136719,263.55999755859375,263.375,263.375,42699,AMZN,1m
2026-05-15 17:50:00+00:00,263.3599853515625,263.4100036621094,263.2799987792969,263.3399963378906,37359,AMZN,1m
2026-05-15 17:51:00+00:00,263.3349914550781,263.3699951171875,263.2099914550781,263.25,52824,AMZN,1m
2026-05-15 17:52:00+00:00,263.239990234375,263.3399963378906,263.184814453125,263.32501220703125,35316,AMZN,1m
2026-05-15 17:53:00+00:00,263.32501220703125,263.3999938964844,263.30999755859375,263.3299865722656,53767,AMZN,1m
2026-05-15 17:54:00+00:00,263.2699890136719,263.2900085449219,263.20001220703125,263.2049865722656,22961,AMZN,1m
2026-05-15 17:55:00+00:00,263.197509765625,263.2900085449219,263.17999267578125,263.2300109863281,32790,AMZN,1m
2026-05-15 17:56:00+00:00,263.239990234375,263.32000732421875,263.20001220703125,263.2699890136719,41006,AMZN,1m
2026-05-15 17:57:00+00:00,263.25,263.2850036621094,263.1199951171875,263.15509033203125,58508,AMZN,1m
2026-05-15 17:58:00+00:00,263.1549987792969,263.20001220703125,263.1400146484375,263.1700134277344,31301,AMZN,1m
2026-05-15 17:59:00+00:00,263.1600036621094,263.239990234375,263.0899963378906,263.20001220703125,52925,AMZN,1m
2026-05-15 18:00:00+00:00,263.2099914550781,263.3599853515625,263.2099914550781,263.239990234375,39816,AMZN,1m
2026-05-15 18:01:00+00:00,263.239990234375,263.260009765625,263.0899963378906,263.1700134277344,56542,AMZN,1m
2026-05-15 18:02:00+00:00,263.1700134277344,263.25,263.1400146484375,263.1700134277344,42127,AMZN,1m
2026-05-15 18:03:00+00:00,263.1700134277344,263.2300109863281,263.0899963378906,263.1300048828125,36533,AMZN,1m
2026-05-15 18:04:00+00:00,263.1199951171875,263.19000244140625,263.0899963378906,263.1499938964844,36764,AMZN,1m
2026-05-15 18:05:00+00:00,263.1600036621094,263.2799987792969,263.0899963378906,263.239990234375,55951,AMZN,1m
2026-05-15 18:06:00+00:00,263.23760986328125,263.32501220703125,263.1499938964844,263.2720947265625,42123,AMZN,1m
2026-05-15 18:07:00+00:00,263.2799987792969,263.4200134277344,263.2650146484375,263.3599853515625,49938,AMZN,1m
2026-05-15 18:08:00+00:00,263.3699951171875,263.4800109863281,263.3399963378906,263.3699951171875,38006,AMZN,1m
2026-05-15 18:09:00+00:00,263.3800048828125,263.489990234375,263.3301086425781,263.3500061035156,48371,AMZN,1m
2026-05-15 18:10:00+00:00,263.3800048828125,263.3800048828125,263.239990234375,263.3500061035156,46356,AMZN,1m
2026-05-15 18:11:00+00:00,263.3500061035156,263.3699951171875,263.2449951171875,263.2449951171875,44746,AMZN,1m
2026-05-15 18:12:00+00:00,263.239990234375,263.3399963378906,263.239990234375,263.3399963378906,38062,AMZN,1m
2026-05-15 18:13:00+00:00,263.3500061035156,263.3500061035156,263.1900939941406,263.239990234375,48669,AMZN,1m
2026-05-15 18:14:00+00:00,263.239990234375,263.260009765625,263.1449890136719,263.1449890136719,34634,AMZN,1m
2026-05-15 18:15:00+00:00,263.1549987792969,263.1700134277344,263.0400085449219,263.04998779296875,40594,AMZN,1m
2026-05-15 18:16:00+00:00,263.04998779296875,263.1499938964844,263.010009765625,263.0199890136719,43110,AMZN,1m
2026-05-15 18:17:00+00:00,263.0299987792969,263.1000061035156,262.95001220703125,263.0799865722656,46143,AMZN,1m
2026-05-15 18:18:00+00:00,263.0799865722656,263.1000061035156,262.79998779296875,263.07000732421875,69336,AMZN,1m
2026-05-15 18:19:00+00:00,263.0799865722656,263.2149963378906,262.9200134277344,263.1300048828125,61316,AMZN,1m
2026-05-15 18:20:00+00:00,263.19000244140625,263.43499755859375,263.1000061035156,263.4100036621094,45568,AMZN,1m
2026-05-15 18:21:00+00:00,263.3900146484375,263.6600036621094,263.3900146484375,263.5199890136719,77119,AMZN,1m
2026-05-15 18:22:00+00:00,263.510009765625,263.6600036621094,263.510009765625,263.639892578125,38170,AMZN,1m
2026-05-15 18:23:00+00:00,263.6050109863281,263.70001220703125,263.5400085449219,263.65789794921875,52040,AMZN,1m
2026-05-15 18:24:00+00:00,263.6650085449219,263.7099914550781,263.6000061035156,263.6700134277344,34483,AMZN,1m
2026-05-15 18:25:00+00:00,263.6700134277344,263.75,263.6400146484375,263.7300109863281,47770,AMZN,1m
2026-05-15 18:26:00+00:00,263.7300109863281,263.8299865722656,263.67999267578125,263.7200927734375,49445,AMZN,1m
2026-05-15 18:27:00+00:00,263.760009765625,263.760009765625,263.5299987792969,263.5400085449219,68799,AMZN,1m
2026-05-15 18:28:00+00:00,263.5199890136719,263.55999755859375,263.4100036621094,263.5400085449219,28738,AMZN,1m
2026-05-15 18:29:00+00:00,263.5150146484375,263.7900085449219,263.5150146484375,263.739990234375,62047,AMZN,1m
2026-05-15 18:30:00+00:00,263.739990234375,263.7550048828125,263.5,263.5,33381,AMZN,1m
2026-05-15 18:31:00+00:00,263.5,263.5150146484375,263.19000244140625,263.19000244140625,69219,AMZN,1m
2026-05-15 18:32:00+00:00,263.19000244140625,263.239990234375,263.0,263.2200012207031,60893,AMZN,1m
2026-05-15 18:33:00+00:00,263.2200012207031,263.25,263.0400085449219,263.1099853515625,28865,AMZN,1m
2026-05-15 18:34:00+00:00,263.1300048828125,263.30999755859375,263.1099853515625,263.2550048828125,33463,AMZN,1m
2026-05-15 18:35:00+00:00,263.2550048828125,263.42999267578125,263.2550048828125,263.375,30216,AMZN,1m
2026-05-15 18:36:00+00:00,263.375,263.6050109863281,263.3301086425781,263.6000061035156,23706,AMZN,1m
2026-05-15 18:37:00+00:00,263.6050109863281,263.6700134277344,263.5450134277344,263.5899963378906,30787,AMZN,1m
2026-05-15 18:38:00+00:00,263.6000061035156,263.7300109863281,263.5400085449219,263.7300109863281,41228,AMZN,1m
2026-05-15 18:39:00+00:00,263.79998779296875,263.95001220703125,263.7900085449219,263.94000244140625,74608,AMZN,1m
2026-05-15 18:40:00+00:00,263.92999267578125,263.95001220703125,263.7300109863281,263.7300109863281,40088,AMZN,1m
2026-05-15 18:41:00+00:00,263.7149963378906,263.7799987792969,263.69000244140625,263.7236022949219,19868,AMZN,1m
2026-05-15 18:42:00+00:00,263.7200012207031,263.7200012207031,263.57000732421875,263.69000244140625,30572,AMZN,1m
2026-05-15 18:43:00+00:00,263.6700134277344,263.739990234375,263.625,263.69000244140625,27719,AMZN,1m
2026-05-15 18:44:00+00:00,263.69000244140625,263.7099914550781,263.6050109863281,263.6600036621094,31133,AMZN,1m
2026-05-15 18:45:00+00:00,263.6499938964844,263.7449951171875,263.6050109863281,263.6300048828125,29508,AMZN,1m
2026-05-15 18:46:00+00:00,263.6400146484375,263.7099914550781,263.6300048828125,263.6700134277344,19370,AMZN,1m
2026-05-15 18:47:00+00:00,263.6700134277344,263.7099914550781,263.5799865722656,263.6650085449219,34675,AMZN,1m
2026-05-15 18:48:00+00:00,263.6650085449219,263.79998779296875,263.6499938964844,263.70599365234375,36459,AMZN,1m
2026-05-15 18:49:00+00:00,263.69500732421875,263.7449951171875,263.6300048828125,263.6700134277344,29373,AMZN,1m
2026-05-15 18:50:00+00:00,263.67999267578125,263.7699890136719,263.55999755859375,263.5849914550781,30687,AMZN,1m
2026-05-15 18:51:00+00:00,263.5610046386719,263.5899963378906,263.4100036621094,263.42999267578125,36895,AMZN,1m
2026-05-15 18:52:00+00:00,263.4200134277344,263.44000244140625,263.30499267578125,263.32000732421875,35957,AMZN,1m
2026-05-15 18:53:00+00:00,263.3399963378906,263.44000244140625,263.2799987792969,263.44000244140625,40496,AMZN,1m
2026-05-15 18:54:00+00:00,263.43499755859375,263.5400085449219,263.4100036621094,263.5299987792969,27967,AMZN,1m
2026-05-15 18:55:00+00:00,263.510009765625,263.6700134277344,263.489990234375,263.5899963378906,54501,AMZN,1m
2026-05-15 18:56:00+00:00,263.5899963378906,263.739990234375,263.5899963378906,263.625,54838,AMZN,1m
2026-05-15 18:57:00+00:00,263.6000061035156,263.6199951171875,263.4700012207031,263.5498962402344,53820,AMZN,1m
2026-05-15 18:58:00+00:00,263.5249938964844,263.54998779296875,263.4320068359375,263.4599914550781,38084,AMZN,1m
2026-05-15 18:59:00+00:00,263.4649963378906,263.56500244140625,263.4649963378906,263.489990234375,48567,AMZN,1m
2026-05-15 19:00:00+00:00,263.4800109863281,263.489990234375,263.3399963378906,263.3800048828125,32211,AMZN,1m
2026-05-15 19:01:00+00:00,263.3900146484375,263.4100036621094,263.1409912109375,263.2449951171875,128803,AMZN,1m
2026-05-15 19:02:00+00:00,263.2449951171875,263.2900085449219,263.10101318359375,263.1300048828125,34145,AMZN,1m
2026-05-15 19:03:00+00:00,263.1300048828125,263.1600036621094,263.010009765625,263.0299987792969,47838,AMZN,1m
2026-05-15 19:04:00+00:00,263.010009765625,263.010009765625,262.8450012207031,262.8599853515625,42251,AMZN,1m
2026-05-15 19:05:00+00:00,262.8599853515625,262.9700012207031,262.8599853515625,262.9700012207031,35517,AMZN,1m
2026-05-15 19:06:00+00:00,262.9800109863281,263.0050048828125,262.91009521484375,262.92498779296875,39968,AMZN,1m
2026-05-15 19:07:00+00:00,262.94000244140625,263.1000061035156,262.9200134277344,263.0299987792969,66800,AMZN,1m
2026-05-15 19:08:00+00:00,263.0400085449219,263.1400146484375,263.0,263.010009765625,39033,AMZN,1m
2026-05-15 19:09:00+00:00,263.0,263.18499755859375,263.0,263.1600036621094,34871,AMZN,1m
2026-05-15 19:10:00+00:00,263.1300048828125,263.17999267578125,263.07000732421875,263.07501220703125,25567,AMZN,1m
2026-05-15 19:11:00+00:00,263.08221435546875,263.1499938964844,262.9599914550781,262.9599914550781,51820,AMZN,1m
2026-05-15 19:12:00+00:00,262.9599914550781,263.04998779296875,262.9100036621094,263.0199890136719,39128,AMZN,1m
2026-05-15 19:13:00+00:00,263.010009765625,263.0799865722656,262.9750061035156,263.05999755859375,38957,AMZN,1m
2026-05-15 19:14:00+00:00,263.05999755859375,263.1390075683594,263.05499267578125,263.1000061035156,24195,AMZN,1m
2026-05-15 19:15:00+00:00,263.1000061035156,263.19000244140625,263.0299987792969,263.17498779296875,44939,AMZN,1m
2026-05-15 19:16:00+00:00,263.1650085449219,263.3399963378906,263.1300048828125,263.3399963378906,40434,AMZN,1m
2026-05-15 19:17:00+00:00,263.32000732421875,263.3500061035156,263.2699890136719,263.3399963378906,32274,AMZN,1m
2026-05-15 19:18:00+00:00,263.3399963378906,263.4800109863281,263.2850036621094,263.4800109863281,39504,AMZN,1m
2026-05-15 19:19:00+00:00,263.5,263.5400085449219,263.4200134277344,263.43499755859375,29451,AMZN,1m
2026-05-15 19:20:00+00:00,263.42498779296875,263.43499755859375,263.18499755859375,263.3699951171875,45791,AMZN,1m
2026-05-15 19:21:00+00:00,263.364990234375,263.6499938964844,263.364990234375,263.510009765625,39637,AMZN,1m
2026-05-15 19:22:00+00:00,263.5050048828125,263.635009765625,263.44500732421875,263.6000061035156,40376,AMZN,1m
2026-05-15 19:23:00+00:00,263.5799865722656,263.6099853515625,263.3999938964844,263.42999267578125,29766,AMZN,1m
2026-05-15 19:24:00+00:00,263.4200134277344,263.435302734375,263.29998779296875,263.322509765625,42858,AMZN,1m
2026-05-15 19:25:00+00:00,263.3299865722656,263.3399963378906,263.260009765625,263.2850036621094,51425,AMZN,1m
2026-05-15 19:26:00+00:00,263.29998779296875,263.3999938964844,263.29998779296875,263.30999755859375,36864,AMZN,1m
2026-05-15 19:27:00+00:00,263.2799987792969,263.3500061035156,263.239990234375,263.3299865722656,48089,AMZN,1m
2026-05-15 19:28:00+00:00,263.32000732421875,263.3349914550781,263.2200012207031,263.2774963378906,37781,AMZN,1m
2026-05-15 19:29:00+00:00,263.30999755859375,263.3900146484375,263.2850036621094,263.3299865722656,38766,AMZN,1m
2026-05-15 19:30:00+00:00,263.29998779296875,263.5400085449219,263.2900085449219,263.5,48473,AMZN,1m
2026-05-15 19:31:00+00:00,263.510009765625,263.635009765625,263.4599914550781,263.6300048828125,34835,AMZN,1m
2026-05-15 19:32:00+00:00,263.6199951171875,263.75,263.6099853515625,263.69000244140625,55751,AMZN,1m
2026-05-15 19:33:00+00:00,263.689208984375,263.75,263.67498779296875,263.7099914550781,67092,AMZN,1m
2026-05-15 19:34:00+00:00,263.7099914550781,263.80999755859375,263.6549987792969,263.7099914550781,93796,AMZN,1m
2026-05-15 19:35:00+00:00,263.7300109863281,263.8900146484375,263.6400146484375,263.8900146484375,51446,AMZN,1m
2026-05-15 19:36:00+00:00,263.9100036621094,263.9549865722656,263.8500061035156,263.8999938964844,41891,AMZN,1m
2026-05-15 19:37:00+00:00,263.8900146484375,263.8900146484375,263.7749938964844,263.79998779296875,42205,AMZN,1m
2026-05-15 19:38:00+00:00,263.7799987792969,263.8550109863281,263.7799987792969,263.8500061035156,43192,AMZN,1m
2026-05-15 19:39:00+00:00,263.8550109863281,263.9150085449219,263.8299865722656,263.8399963378906,52069,AMZN,1m
2026-05-15 19:40:00+00:00,263.8500061035156,263.8900146484375,263.80999755859375,263.8900146484375,45297,AMZN,1m
2026-05-15 19:41:00+00:00,263.885009765625,263.9700012207031,263.8500061035156,263.9599914550781,51323,AMZN,1m
2026-05-15 19:42:00+00:00,263.9549865722656,263.9700012207031,263.7799987792969,263.7950134277344,53413,AMZN,1m
2026-05-15 19:43:00+00:00,263.7799987792969,263.80999755859375,263.6400146484375,263.6700134277344,42082,AMZN,1m
2026-05-15 19:44:00+00:00,263.67498779296875,263.70001220703125,263.54998779296875,263.5799865722656,85510,AMZN,1m
2026-05-15 19:45:00+00:00,263.55999755859375,263.6625061035156,263.42498779296875,263.4599914550781,99098,AMZN,1m
2026-05-15 19:46:00+00:00,263.4599914550781,263.56500244140625,263.3900146484375,263.56500244140625,77147,AMZN,1m
2026-05-15 19:47:00+00:00,263.57000732421875,263.7300109863281,263.5199890136719,263.6199951171875,94985,AMZN,1m
2026-05-15 19:48:00+00:00,263.6199951171875,263.69000244140625,263.5799865722656,263.67999267578125,63449,AMZN,1m
2026-05-15 19:49:00+00:00,263.67999267578125,263.69000244140625,263.5799865722656,263.6700134277344,90200,AMZN,1m
2026-05-15 19:50:00+00:00,263.6499938964844,263.6700134277344,263.32000732421875,263.3999938964844,185915,AMZN,1m
2026-05-15 19:51:00+00:00,263.4200134277344,263.55999755859375,263.37548828125,263.5199890136719,116575,AMZN,1m
2026-05-15 19:52:00+00:00,263.4800109863281,263.5400085449219,263.3699951171875,263.5199890136719,110126,AMZN,1m
2026-05-15 19:53:00+00:00,263.5199890136719,263.54998779296875,263.3550109863281,263.3550109863281,125134,AMZN,1m
2026-05-15 19:54:00+00:00,263.3599853515625,263.6000061035156,263.20001220703125,263.57000732421875,187094,AMZN,1m
2026-05-15 19:55:00+00:00,263.5780029296875,264.04998779296875,263.54998779296875,263.9599914550781,293955,AMZN,1m
2026-05-15 19:56:00+00:00,263.94500732421875,264.1000061035156,263.9200134277344,264.0799865722656,314709,AMZN,1m
2026-05-15 19:57:00+00:00,264.07000732421875,264.3500061035156,263.9599914550781,264.135009765625,366030,AMZN,1m
2026-05-15 19:58:00+00:00,264.1400146484375,264.1700134277344,263.9700012207031,264.0400085449219,392299,AMZN,1m
2026-05-15 19:59:00+00:00,264.0299987792969,264.25,263.989990234375,264.2099914550781,933982,AMZN,1m
2026-05-18 13:30:00+00:00,263.864990234375,264.0780029296875,262.5299987792969,263.1499938964844,1591440,AMZN,1m
2026-05-18 13:31:00+00:00,263.1700134277344,263.8399963378906,262.7449951171875,263.8399963378906,150823,AMZN,1m
2026-05-18 13:32:00+00:00,263.5899963378906,264.1300048828125,263.3100891113281,264.1300048828125,160106,AMZN,1m
2026-05-18 13:33:00+00:00,264.0299987792969,264.8500061035156,264.0299987792969,264.38031005859375,234579,AMZN,1m
2026-05-18 13:34:00+00:00,264.2500915527344,264.70001220703125,263.69000244140625,263.789794921875,168090,AMZN,1m
2026-05-18 13:35:00+00:00,263.79998779296875,265.1199951171875,263.7250061035156,265.1046142578125,228417,AMZN,1m
2026-05-18 13:36:00+00:00,265.0710144042969,265.4750061035156,264.9700012207031,265.4750061035156,172198,AMZN,1m
2026-05-18 13:37:00+00:00,265.4750061035156,266.17999267578125,265.44000244140625,265.6554870605469,251728,AMZN,1m
2026-05-18 13:38:00+00:00,265.6499938964844,266.2300109863281,265.0,266.2099914550781,144278,AMZN,1m
2026-05-18 13:39:00+00:00,266.2300109863281,266.6199951171875,266.2200012207031,266.3999938964844,183231,AMZN,1m
2026-05-18 13:40:00+00:00,266.4042053222656,266.489990234375,266.03009033203125,266.3500061035156,100632,AMZN,1m
2026-05-18 13:41:00+00:00,266.3399963378906,266.69000244140625,266.260009765625,266.44000244140625,142537,AMZN,1m
2026-05-18 13:42:00+00:00,266.4599914550781,266.8299865722656,266.33099365234375,266.5799865722656,187894,AMZN,1m
2026-05-18 13:43:00+00:00,266.5799865722656,266.9599914550781,266.32501220703125,266.8800048828125,191044,AMZN,1m
2026-05-18 13:44:00+00:00,266.8900146484375,266.9100036621094,266.40008544921875,266.5199890136719,125998,AMZN,1m
2026-05-18 13:45:00+00:00,266.4700012207031,266.92999267578125,266.2699890136719,266.9200134277344,121867,AMZN,1m
2026-05-18 13:46:00+00:00,266.9100036621094,267.0,266.510009765625,266.7998962402344,127658,AMZN,1m
2026-05-18 13:47:00+00:00,266.7699890136719,267.0,266.45001220703125,266.9700012207031,171700,AMZN,1m
2026-05-18 13:48:00+00:00,266.9501037597656,267.3429870605469,266.79998779296875,266.8800048828125,153852,AMZN,1m
2026-05-18 13:49:00+00:00,266.885009765625,267.3869934082031,266.885009765625,267.04998779296875,100035,AMZN,1m
2026-05-18 13:50:00+00:00,267.04998779296875,267.79998779296875,267.04998779296875,267.79998779296875,193360,AMZN,1m
2026-05-18 13:51:00+00:00,267.79998779296875,267.9679870605469,267.67999267578125,267.93499755859375,145043,AMZN,1m
2026-05-18 13:52:00+00:00,267.93499755859375,268.2900085449219,267.80499267578125,267.9700012207031,197794,AMZN,1m
2026-05-18 13:53:00+00:00,267.9112854003906,268.8500061035156,267.8500061035156,268.29998779296875,251361,AMZN,1m
2026-05-18 13:54:00+00:00,268.30499267578125,268.8500061035156,268.05999755859375,268.4505920410156,192699,AMZN,1m
2026-05-18 13:55:00+00:00,268.4599914550781,268.5249938964844,267.5899963378906,267.7008972167969,190958,AMZN,1m
2026-05-18 13:56:00+00:00,267.6549987792969,268.6600036621094,267.64190673828125,268.5997009277344,136834,AMZN,1m
2026-05-18 13:57:00+00:00,268.5400085449219,268.6199951171875,268.1400146484375,268.19000244140625,110858,AMZN,1m
2026-05-18 13:58:00+00:00,268.17999267578125,268.2799987792969,267.7799987792969,268.0400085449219,96188,AMZN,1m
2026-05-18 13:59:00+00:00,268.0400085449219,268.05999755859375,267.6000061035156,267.8599853515625,97862,AMZN,1m
2026-05-18 14:00:00+00:00,267.8800048828125,267.9621887207031,267.510009765625,267.5400085449219,106840,AMZN,1m
2026-05-18 14:01:00+00:00,267.5199890136719,267.5400085449219,267.07000732421875,267.0799865722656,104291,AMZN,1m
2026-05-18 14:02:00+00:00,267.07000732421875,267.1600036621094,266.6700134277344,266.7349853515625,132959,AMZN,1m
2026-05-18 14:03:00+00:00,266.67999267578125,266.9800109863281,266.2250061035156,266.2250061035156,123168,AMZN,1m
2026-05-18 14:04:00+00:00,266.2099914550781,266.3599853515625,266.0101013183594,266.25,159656,AMZN,1m
2026-05-18 14:05:00+00:00,266.25,266.7398986816406,266.2099914550781,266.510009765625,161895,AMZN,1m
2026-05-18 14:06:00+00:00,266.5199890136719,267.4700012207031,266.3901062011719,267.4349060058594,96257,AMZN,1m
2026-05-18 14:07:00+00:00,267.4100036621094,267.44000244140625,266.94000244140625,267.0400085449219,112424,AMZN,1m
2026-05-18 14:08:00+00:00,267.1000061035156,267.32501220703125,266.8900146484375,267.17999267578125,73184,AMZN,1m
2026-05-18 14:09:00+00:00,267.2250061035156,267.92999267578125,267.1400146484375,267.8550109863281,106493,AMZN,1m
2026-05-18 14:10:00+00:00,267.8550109863281,267.989990234375,267.6199951171875,267.9700012207031,99099,AMZN,1m
2026-05-18 14:11:00+00:00,267.95001220703125,268.260009765625,267.95001220703125,268.15460205078125,178712,AMZN,1m
2026-05-18 14:12:00+00:00,268.1600036621094,268.2250061035156,267.760009765625,267.8700866699219,156794,AMZN,1m
2026-05-18 14:13:00+00:00,267.8900146484375,268.2799987792969,267.65008544921875,267.9599914550781,119133,AMZN,1m
2026-05-18 14:14:00+00:00,267.94000244140625,268.2300109863281,267.8450012207031,268.1600036621094,108702,AMZN,1m
2026-05-18 14:15:00+00:00,268.1199951171875,268.5,268.1099853515625,268.489990234375,195185,AMZN,1m
2026-05-18 14:16:00+00:00,268.489990234375,268.6300048828125,268.3500061035156,268.4800109863281,142454,AMZN,1m
2026-05-18 14:17:00+00:00,268.489990234375,268.5,268.1400146484375,268.1700134277344,87141,AMZN,1m
2026-05-18 14:18:00+00:00,268.1400146484375,268.25,268.0,268.0799865722656,79287,AMZN,1m
2026-05-18 14:19:00+00:00,268.1099853515625,268.45001220703125,268.0199890136719,268.20001220703125,89450,AMZN,1m
2026-05-18 14:20:00+00:00,268.1809997558594,268.3870849609375,267.739990234375,267.7699890136719,77338,AMZN,1m
2026-05-18 14:21:00+00:00,267.760009765625,268.19500732421875,267.7250061035156,267.9599914550781,111485,AMZN,1m
2026-05-18 14:22:00+00:00,267.9800109863281,268.07000732421875,267.82000732421875,267.8291931152344,103873,AMZN,1m
2026-05-18 14:23:00+00:00,267.8900146484375,268.1099853515625,267.6543884277344,267.66009521484375,66297,AMZN,1m
2026-05-18 14:24:00+00:00,267.7300109863281,267.9599914550781,267.7200012207031,267.760009765625,74197,AMZN,1m
2026-05-18 14:25:00+00:00,267.75,268.04998779296875,267.7001037597656,267.7001037597656,51609,AMZN,1m
2026-05-18 14:26:00+00:00,267.7349853515625,267.8699951171875,267.6400146484375,267.82000732421875,87802,AMZN,1m
2026-05-18 14:27:00+00:00,267.760009765625,267.7799987792969,267.4700012207031,267.65008544921875,71132,AMZN,1m
2026-05-18 14:28:00+00:00,267.67498779296875,267.84698486328125,267.54998779296875,267.760009765625,155091,AMZN,1m
2026-05-18 14:29:00+00:00,267.7900085449219,268.1499938964844,267.7099914550781,267.9649963378906,226654,AMZN,1m
2026-05-18 14:30:00+00:00,268.0,268.28790283203125,267.67999267578125,267.7300109863281,110352,AMZN,1m
2026-05-18 14:31:00+00:00,267.739990234375,268.20001220703125,267.54998779296875,267.79998779296875,149086,AMZN,1m
2026-05-18 14:32:00+00:00,267.80731201171875,268.239990234375,267.760009765625,267.8900146484375,60760,AMZN,1m
2026-05-18 14:33:00+00:00,267.8900146484375,268.0,267.17999267578125,267.20001220703125,151588,AMZN,1m
2026-05-18 14:34:00+00:00,267.1600036621094,267.32000732421875,267.010009765625,267.25,204203,AMZN,1m
2026-05-18 14:35:00+00:00,267.2699890136719,267.3800048828125,266.5101013183594,266.5199890136719,164468,AMZN,1m
2026-05-18 14:36:00+00:00,266.57000732421875,267.07000732421875,266.3900146484375,266.98089599609375,268211,AMZN,1m
2026-05-18 14:37:00+00:00,267.010009765625,267.6000061035156,266.9200134277344,267.54998779296875,626892,AMZN,1m
2026-05-18 14:38:00+00:00,267.5299987792969,267.6499938964844,267.4100036621094,267.4849853515625,66832,AMZN,1m
2026-05-18 14:39:00+00:00,267.4700012207031,267.57501220703125,267.3529968261719,267.510009765625,70190,AMZN,1m
2026-05-18 14:40:00+00:00,267.5566101074219,267.7449951171875,267.29010009765625,267.5899963378906,76813,AMZN,1m
2026-05-18 14:41:00+00:00,267.57000732421875,267.9100036621094,267.5101013183594,267.7900085449219,82148,AMZN,1m
2026-05-18 14:42:00+00:00,267.7900085449219,268.39849853515625,267.7699890136719,268.3500061035156,109347,AMZN,1m
2026-05-18 14:43:00+00:00,268.3299865722656,268.5299987792969,268.17010498046875,268.5,94875,AMZN,1m
2026-05-18 14:44:00+00:00,268.5,268.5799865722656,268.1400146484375,268.1400146484375,130918,AMZN,1m
2026-05-18 14:45:00+00:00,268.1199951171875,268.2799987792969,267.95001220703125,267.9599914550781,63067,AMZN,1m
2026-05-18 14:46:00+00:00,267.8900146484375,267.9599914550781,267.7099914550781,267.8500061035156,91509,AMZN,1m
2026-05-18 14:47:00+00:00,267.82000732421875,267.8699951171875,267.55999755859375,267.7650146484375,69843,AMZN,1m
2026-05-18 14:48:00+00:00,267.7900085449219,267.95001220703125,267.55999755859375,267.8900146484375,64703,AMZN,1m
2026-05-18 14:49:00+00:00,267.9649963378906,267.989501953125,267.6400146484375,267.75,93220,AMZN,1m
2026-05-18 14:50:00+00:00,267.7149963378906,268.3399963378906,267.6499938964844,268.2699890136719,102691,AMZN,1m
2026-05-18 14:51:00+00:00,268.3599853515625,268.57989501953125,268.2950134277344,268.5,131796,AMZN,1m
2026-05-18 14:52:00+00:00,268.4800109863281,268.6300048828125,268.2699890136719,268.3999938964844,121989,AMZN,1m
2026-05-18 14:53:00+00:00,268.4158020019531,268.4599914550781,268.0400085449219,268.0799865722656,88642,AMZN,1m
2026-05-18 14:54:00+00:00,268.07501220703125,268.2998962402344,267.7799987792969,267.79998779296875,99794,AMZN,1m
2026-05-18 14:55:00+00:00,267.80999755859375,267.9200134277344,267.7200012207031,267.80999755859375,97955,AMZN,1m
2026-05-18 14:56:00+00:00,267.8900146484375,268.0400085449219,267.6199951171875,267.6799011230469,89396,AMZN,1m
2026-05-18 14:57:00+00:00,267.6400146484375,267.94000244140625,267.6199951171875,267.9200134277344,108508,AMZN,1m
2026-05-18 14:58:00+00:00,267.9200134277344,268.03680419921875,267.82000732421875,267.8699951171875,76119,AMZN,1m
2026-05-18 14:59:00+00:00,267.8699951171875,268.1199951171875,267.8299865722656,267.92999267578125,106324,AMZN,1m
2026-05-18 15:00:00+00:00,267.92498779296875,268.0400085449219,267.80999755859375,267.8399963378906,218640,AMZN,1m
2026-05-18 15:01:00+00:00,267.885009765625,268.0,267.0,267.0,234263,AMZN,1m
2026-05-18 15:02:00+00:00,267.0,267.1700134277344,266.57501220703125,266.8550109863281,187123,AMZN,1m
2026-05-18 15:03:00+00:00,266.8500061035156,267.2099914550781,266.6388854980469,266.6549987792969,105557,AMZN,1m
2026-05-18 15:04:00+00:00,266.69000244140625,266.69000244140625,266.3999938964844,266.510009765625,70591,AMZN,1m
2026-05-18 15:05:00+00:00,266.5,266.5299987792969,266.375,266.4692077636719,50042,AMZN,1m
2026-05-18 15:06:00+00:00,266.4849853515625,266.8399963378906,266.44000244140625,266.8399963378906,68573,AMZN,1m
2026-05-18 15:07:00+00:00,266.8299865722656,267.0799865722656,266.6300048828125,266.95001220703125,58998,AMZN,1m
2026-05-18 15:08:00+00:00,266.9800109863281,267.1400146484375,266.94000244140625,267.0299987792969,83280,AMZN,1m
2026-05-18 15:09:00+00:00,267.0799865722656,267.2749938964844,266.9700012207031,267.0199890136719,85563,AMZN,1m
2026-05-18 15:10:00+00:00,267.03009033203125,267.4570007324219,267.0199890136719,267.385009765625,75301,AMZN,1m
2026-05-18 15:11:00+00:00,267.4100036621094,267.489990234375,267.17999267578125,267.239990234375,55286,AMZN,1m
2026-05-18 15:12:00+00:00,267.260009765625,267.42999267578125,267.20001220703125,267.2099914550781,92004,AMZN,1m
2026-05-18 15:13:00+00:00,267.2149963378906,267.2149963378906,266.9599914550781,267.1099853515625,61542,AMZN,1m
2026-05-18 15:14:00+00:00,267.0799865722656,267.0899963378906,266.7799987792969,266.8800048828125,58920,AMZN,1m
2026-05-18 15:15:00+00:00,266.8599853515625,266.92498779296875,266.6199951171875,266.6700134277344,82598,AMZN,1m
2026-05-18 15:16:00+00:00,266.6600036621094,266.885009765625,266.6400146484375,266.7850036621094,64611,AMZN,1m
2026-05-18 15:17:00+00:00,266.7950134277344,266.8500061035156,266.5450134277344,266.54998779296875,50152,AMZN,1m
2026-05-18 15:18:00+00:00,266.5400085449219,266.6600036621094,266.37298583984375,266.4299011230469,46574,AMZN,1m
2026-05-18 15:19:00+00:00,266.3900146484375,266.489990234375,266.1400146484375,266.32000732421875,116131,AMZN,1m
2026-05-18 15:20:00+00:00,266.3299865722656,266.5050048828125,266.20001220703125,266.239990234375,110635,AMZN,1m
2026-05-18 15:21:00+00:00,266.2004089355469,266.4599914550781,266.001708984375,266.3500061035156,53232,AMZN,1m
2026-05-18 15:22:00+00:00,266.3800048828125,266.3999938964844,266.1700134277344,266.19000244140625,44086,AMZN,1m
2026-05-18 15:23:00+00:00,266.17999267578125,266.3450012207031,265.7699890136719,266.1600036621094,169055,AMZN,1m
2026-05-18 15:24:00+00:00,266.1600036621094,266.3599853515625,266.1199951171875,266.30999755859375,58000,AMZN,1m
2026-05-18 15:25:00+00:00,266.29998779296875,266.3699951171875,266.2001037597656,266.3299865722656,54851,AMZN,1m
2026-05-18 15:26:00+00:00,266.32000732421875,266.3399963378906,266.1449890136719,266.2749938964844,45187,AMZN,1m
2026-05-18 15:27:00+00:00,266.30499267578125,266.42999267578125,266.1499938964844,266.4100036621094,84146,AMZN,1m
2026-05-18 15:28:00+00:00,266.3900146484375,266.4825134277344,266.239990234375,266.2475891113281,41383,AMZN,1m
2026-05-18 15:29:00+00:00,266.32000732421875,266.32000732421875,265.8999938964844,265.8999938964844,59149,AMZN,1m
2026-05-18 15:30:00+00:00,265.8699951171875,265.989990234375,265.7130126953125,265.8349914550781,90080,AMZN,1m
2026-05-18 15:31:00+00:00,265.8299865722656,266.04998779296875,265.7799987792969,266.0050048828125,58476,AMZN,1m
2026-05-18 15:32:00+00:00,266.0,266.3900146484375,266.0,266.364990234375,96706,AMZN,1m
2026-05-18 15:33:00+00:00,266.364990234375,266.364990234375,266.0799865722656,266.19000244140625,45791,AMZN,1m
2026-05-18 15:34:00+00:00,266.20001220703125,266.3349914550781,265.981689453125,266.32000732421875,44639,AMZN,1m
2026-05-18 15:35:00+00:00,266.3299865722656,266.4798889160156,266.2900085449219,266.32000732421875,71239,AMZN,1m
2026-05-18 15:36:00+00:00,266.29998779296875,266.3301086425781,266.1099853515625,266.1700134277344,36271,AMZN,1m
2026-05-18 15:37:00+00:00,266.1199951171875,266.2900085449219,266.07000732421875,266.2550048828125,36711,AMZN,1m
2026-05-18 15:38:00+00:00,266.260009765625,266.3299865722656,266.0849914550781,266.1300048828125,39867,AMZN,1m
2026-05-18 15:39:00+00:00,266.1300048828125,266.1700134277344,265.8500061035156,266.0215148925781,40966,AMZN,1m
2026-05-18 15:40:00+00:00,266.0450134277344,266.19000244140625,266.0299987792969,266.1199951171875,31031,AMZN,1m
2026-05-18 15:41:00+00:00,266.1400146484375,266.42999267578125,266.1300048828125,266.29998779296875,40876,AMZN,1m
2026-05-18 15:42:00+00:00,266.2900085449219,266.3800048828125,266.19000244140625,266.2850036621094,38996,AMZN,1m
2026-05-18 15:43:00+00:00,266.2799987792969,266.2850036621094,265.7900085449219,265.80999755859375,64938,AMZN,1m
2026-05-18 15:44:00+00:00,265.80999755859375,265.8500061035156,265.57000732421875,265.6300048828125,60885,AMZN,1m
2026-05-18 15:45:00+00:00,265.55999755859375,265.6510925292969,265.4700012207031,265.55499267578125,82790,AMZN,1m
2026-05-18 15:46:00+00:00,265.55499267578125,265.70001220703125,265.4200134277344,265.6300048828125,42151,AMZN,1m
2026-05-18 15:47:00+00:00,265.6000061035156,265.6221008300781,265.5299987792969,265.5895080566406,24050,AMZN,1m
2026-05-18 15:48:00+00:00,265.5899963378906,265.8399963378906,265.5799865722656,265.8299865722656,32976,AMZN,1m
2026-05-18 15:49:00+00:00,265.8500061035156,266.0400085449219,265.840087890625,265.9100036621094,44090,AMZN,1m
2026-05-18 15:50:00+00:00,265.864990234375,265.92999267578125,265.7799987792969,265.79998779296875,35826,AMZN,1m
2026-05-18 15:51:00+00:00,265.7900085449219,265.82501220703125,265.510009765625,265.6054992675781,30316,AMZN,1m
2026-05-18 15:52:00+00:00,265.57000732421875,265.70001220703125,265.5199890136719,265.56500244140625,57984,AMZN,1m
2026-05-18 15:53:00+00:00,265.54998779296875,265.889892578125,265.5303955078125,265.8500061035156,34233,AMZN,1m
2026-05-18 15:54:00+00:00,265.87701416015625,266.1400146484375,265.87701416015625,265.9700012207031,78738,AMZN,1m
2026-05-18 15:55:00+00:00,265.92999267578125,266.0950012207031,265.9100036621094,265.9700927734375,40042,AMZN,1m
2026-05-18 15:56:00+00:00,266.0,266.0,265.7799987792969,265.7911071777344,31139,AMZN,1m
2026-05-18 15:57:00+00:00,265.760009765625,265.9599914550781,265.739990234375,265.80999755859375,43233,AMZN,1m
2026-05-18 15:58:00+00:00,265.80999755859375,265.8299865722656,265.6000061035156,265.625,33923,AMZN,1m
2026-05-18 15:59:00+00:00,265.6400146484375,265.7250061035156,265.5,265.5299987792969,28910,AMZN,1m
2026-05-18 16:00:00+00:00,265.5299987792969,265.5799865722656,265.3949890136719,265.42999267578125,43971,AMZN,1m
2026-05-18 16:01:00+00:00,265.44000244140625,265.5199890136719,265.2699890136719,265.3999938964844,42124,AMZN,1m
2026-05-18 16:02:00+00:00,265.3822021484375,265.4849853515625,265.3699951171875,265.4700012207031,38505,AMZN,1m
2026-05-18 16:03:00+00:00,265.44000244140625,265.57000732421875,265.380615234375,265.380615234375,35625,AMZN,1m
2026-05-18 16:04:00+00:00,265.385009765625,265.55999755859375,265.3800048828125,265.481689453125,27617,AMZN,1m
2026-05-18 16:05:00+00:00,265.4700012207031,265.5224914550781,265.2099914550781,265.32989501953125,52769,AMZN,1m
2026-05-18 16:06:00+00:00,265.29998779296875,265.5199890136719,265.29010009765625,265.3999938964844,65027,AMZN,1m
2026-05-18 16:07:00+00:00,265.4200134277344,265.5199890136719,265.29998779296875,265.3900146484375,43796,AMZN,1m
2026-05-18 16:08:00+00:00,265.4049987792969,265.44000244140625,265.25,265.30999755859375,34739,AMZN,1m
2026-05-18 16:09:00+00:00,265.30499267578125,265.57000732421875,265.3005065917969,265.4100036621094,43428,AMZN,1m
2026-05-18 16:10:00+00:00,265.3900146484375,265.4599914550781,265.3800048828125,265.3999938964844,43180,AMZN,1m
2026-05-18 16:11:00+00:00,265.42498779296875,265.7149963378906,265.42498779296875,265.55999755859375,77654,AMZN,1m
2026-05-18 16:12:00+00:00,265.614990234375,265.6400146484375,265.5199890136719,265.54998779296875,27111,AMZN,1m
2026-05-18 16:13:00+00:00,265.54998779296875,265.64990234375,265.4757080078125,265.6000061035156,44743,AMZN,1m
2026-05-18 16:14:00+00:00,265.5950012207031,265.739990234375,265.5932922363281,265.739990234375,40321,AMZN,1m
2026-05-18 16:15:00+00:00,265.739990234375,265.8699951171875,265.70001220703125,265.8500061035156,58167,AMZN,1m
2026-05-18 16:16:00+00:00,265.8349914550781,265.8550109863281,265.739990234375,265.82000732421875,47179,AMZN,1m
2026-05-18 16:17:00+00:00,265.80999755859375,265.9200134277344,265.7149963378906,265.9020080566406,60908,AMZN,1m
2026-05-18 16:18:00+00:00,265.8949890136719,265.8949890136719,265.7301025390625,265.7799987792969,41011,AMZN,1m
2026-05-18 16:19:00+00:00,265.7550048828125,265.7799987792969,265.6000061035156,265.6000061035156,52177,AMZN,1m
2026-05-18 16:20:00+00:00,265.625,265.8500061035156,265.6000061035156,265.80999755859375,48373,AMZN,1m
2026-05-18 16:21:00+00:00,265.80999755859375,265.9100036621094,265.7650146484375,265.81500244140625,47564,AMZN,1m
2026-05-18 16:22:00+00:00,265.7699890136719,265.79998779296875,265.3800048828125,265.3800048828125,70717,AMZN,1m
2026-05-18 16:23:00+00:00,265.3949890136719,265.44989013671875,265.260009765625,265.42999267578125,58638,AMZN,1m
2026-05-18 16:24:00+00:00,265.42120361328125,265.4469909667969,265.1300048828125,265.2510070800781,47427,AMZN,1m
2026-05-18 16:25:00+00:00,265.2149963378906,265.30999755859375,264.94000244140625,264.94000244140625,70885,AMZN,1m
2026-05-18 16:26:00+00:00,265.0,265.0,264.739990234375,264.8500061035156,61889,AMZN,1m
2026-05-18 16:27:00+00:00,264.7950134277344,264.8900146484375,264.74609375,264.80499267578125,73973,AMZN,1m
2026-05-18 16:28:00+00:00,264.760009765625,264.7900085449219,264.2900085449219,264.31988525390625,71913,AMZN,1m
2026-05-18 16:29:00+00:00,264.2900085449219,264.5199890136719,264.1499938964844,264.4750061035156,64155,AMZN,1m
2026-05-18 16:30:00+00:00,264.5199890136719,264.5199890136719,264.2300109863281,264.2300109863281,48762,AMZN,1m
2026-05-18 16:31:00+00:00,264.2200012207031,264.54998779296875,264.17999267578125,264.5450134277344,56363,AMZN,1m
2026-05-18 16:32:00+00:00,264.5799865722656,264.82000732421875,264.5,264.82000732421875,51010,AMZN,1m
2026-05-18 16:33:00+00:00,264.82000732421875,265.1000061035156,264.7200012207031,265.0199890136719,69302,AMZN,1m
2026-05-18 16:34:00+00:00,265.0201110839844,265.17999267578125,264.989990234375,265.0400085449219,58750,AMZN,1m
2026-05-18 16:35:00+00:00,265.0400085449219,265.1700134277344,264.9599914550781,265.0799865722656,87456,AMZN,1m
2026-05-18 16:36:00+00:00,265.05499267578125,265.260009765625,265.0199890136719,265.2250061035156,45859,AMZN,1m
2026-05-18 16:37:00+00:00,265.2250061035156,265.32501220703125,265.06500244140625,265.1000061035156,53131,AMZN,1m
2026-05-18 16:38:00+00:00,265.1300048828125,265.2925109863281,265.1099853515625,265.2300109863281,32506,AMZN,1m
2026-05-18 16:39:00+00:00,265.2149963378906,265.2149963378906,264.9700012207031,265.0150146484375,38179,AMZN,1m
2026-05-18 16:40:00+00:00,265.0400085449219,265.0400085449219,264.8399963378906,264.8901062011719,33607,AMZN,1m
2026-05-18 16:41:00+00:00,264.875,264.8949890136719,264.8299865722656,264.8500061035156,20484,AMZN,1m
2026-05-18 16:42:00+00:00,264.80999755859375,264.92999267578125,264.7200012207031,264.7200012207031,34361,AMZN,1m
2026-05-18 16:43:00+00:00,264.70001220703125,264.7200012207031,264.5199890136719,264.6499938964844,51595,AMZN,1m
2026-05-18 16:44:00+00:00,264.6549987792969,264.6600036621094,264.510009765625,264.5299987792969,56167,AMZN,1m
2026-05-18 16:45:00+00:00,264.5400085449219,264.57000732421875,264.3999938964844,264.4800109863281,30362,AMZN,1m
2026-05-18 16:46:00+00:00,264.4800109863281,264.5450134277344,264.3999938964844,264.4150085449219,29347,AMZN,1m
2026-05-18 16:47:00+00:00,264.3900146484375,264.55999755859375,264.3500061035156,264.510009765625,68288,AMZN,1m
2026-05-18 16:48:00+00:00,264.510009765625,264.53509521484375,264.42498779296875,264.4599914550781,31105,AMZN,1m
2026-05-18 16:49:00+00:00,264.4800109863281,264.54998779296875,264.4200134277344,264.5299987792969,36366,AMZN,1m
2026-05-18 16:50:00+00:00,264.5299987792969,264.6400146484375,264.5,264.6400146484375,36957,AMZN,1m
2026-05-18 16:51:00+00:00,264.625,264.69000244140625,264.4750061035156,264.4750061035156,39998,AMZN,1m
2026-05-18 16:52:00+00:00,264.4800109863281,264.6300048828125,264.42999267578125,264.5299987792969,28452,AMZN,1m
2026-05-18 16:53:00+00:00,264.5450134277344,264.79998779296875,264.5,264.7950134277344,45263,AMZN,1m
2026-05-18 16:54:00+00:00,264.8057861328125,264.87689208984375,264.7200012207031,264.8599853515625,77500,AMZN,1m
2026-05-18 16:55:00+00:00,264.8500061035156,264.9999084472656,264.8500061035156,264.95001220703125,38301,AMZN,1m
2026-05-18 16:56:00+00:00,264.9599914550781,265.0,264.8550109863281,264.92999267578125,37615,AMZN,1m
2026-05-18 16:57:00+00:00,264.8999938964844,264.9200134277344,264.7799987792969,264.7850036621094,18594,AMZN,1m
2026-05-18 16:58:00+00:00,264.7900085449219,264.9150085449219,264.7900085449219,264.8349914550781,30706,AMZN,1m
2026-05-18 16:59:00+00:00,264.80499267578125,264.8800048828125,264.57000732421875,264.6199951171875,39650,AMZN,1m
2026-05-18 17:00:00+00:00,264.57000732421875,264.5899963378906,264.2699890136719,264.2699890136719,41706,AMZN,1m
2026-05-18 17:01:00+00:00,264.29998779296875,264.489990234375,264.2200012207031,264.489990234375,40099,AMZN,1m
2026-05-18 17:02:00+00:00,264.4700012207031,264.5,264.3299865722656,264.41400146484375,24850,AMZN,1m
2026-05-18 17:03:00+00:00,264.4296875,264.57000732421875,264.4010925292969,264.57000732421875,29046,AMZN,1m
2026-05-18 17:04:00+00:00,264.5299987792969,264.6099853515625,264.4800109863281,264.5599060058594,24789,AMZN,1m
2026-05-18 17:05:00+00:00,264.489990234375,264.54998779296875,264.3349914550781,264.5199890136719,28100,AMZN,1m
2026-05-18 17:06:00+00:00,264.489990234375,264.75,264.489990234375,264.5799865722656,35148,AMZN,1m
2026-05-18 17:07:00+00:00,264.6300048828125,265.04998779296875,264.55999755859375,265.04998779296875,77467,AMZN,1m
2026-05-18 17:08:00+00:00,265.04010009765625,265.14990234375,264.9700012207031,265.0,38069,AMZN,1m
2026-05-18 17:09:00+00:00,265.0199890136719,265.1698913574219,264.9800109863281,265.1099853515625,33825,AMZN,1m
2026-05-18 17:10:00+00:00,265.1199951171875,265.2099914550781,265.07000732421875,265.19000244140625,34028,AMZN,1m
2026-05-18 17:11:00+00:00,265.19000244140625,265.21990966796875,265.1000061035156,265.19000244140625,23927,AMZN,1m
2026-05-18 17:12:00+00:00,265.1600036621094,265.1600036621094,264.9750061035156,264.9800109863281,31989,AMZN,1m
2026-05-18 17:13:00+00:00,265.0398864746094,265.0799865722656,264.9200134277344,264.9599914550781,54226,AMZN,1m
2026-05-18 17:14:00+00:00,264.9599914550781,264.9888000488281,264.8800964355469,264.9049987792969,19211,AMZN,1m
2026-05-18 17:15:00+00:00,264.8800048828125,264.989990234375,264.8450012207031,264.8999938964844,20963,AMZN,1m
2026-05-18 17:16:00+00:00,264.92999267578125,265.205810546875,264.92999267578125,265.1300048828125,30339,AMZN,1m
2026-05-18 17:17:00+00:00,265.1650085449219,265.20001220703125,265.05999755859375,265.14300537109375,32530,AMZN,1m
2026-05-18 17:18:00+00:00,265.135009765625,265.2699890136719,265.1050109863281,265.2699890136719,26428,AMZN,1m
2026-05-18 17:19:00+00:00,265.239990234375,265.2699890136719,265.1199951171875,265.1700134277344,20002,AMZN,1m
2026-05-18 17:20:00+00:00,265.1650085449219,265.2499084472656,265.0400085449219,265.05999755859375,34422,AMZN,1m
2026-05-18 17:21:00+00:00,265.0400085449219,265.05999755859375,264.8599853515625,264.95001220703125,57939,AMZN,1m
2026-05-18 17:22:00+00:00,264.9200134277344,265.0199890136719,264.8599853515625,265.0199890136719,23678,AMZN,1m
2026-05-18 17:23:00+00:00,265.0199890136719,265.0398864746094,264.8599853515625,264.9700012207031,19033,AMZN,1m
2026-05-18 17:24:00+00:00,264.9700012207031,265.0299987792969,264.94000244140625,264.9891052246094,23999,AMZN,1m
2026-05-18 17:25:00+00:00,264.95001220703125,265.0899963378906,264.9375,265.05499267578125,31674,AMZN,1m
2026-05-18 17:26:00+00:00,265.0799865722656,265.1300048828125,265.04998779296875,265.114990234375,25744,AMZN,1m
2026-05-18 17:27:00+00:00,265.1257019042969,265.1300048828125,265.0039978027344,265.0299987792969,22354,AMZN,1m
2026-05-18 17:28:00+00:00,265.0299987792969,265.239990234375,265.0299987792969,265.11529541015625,30697,AMZN,1m
2026-05-18 17:29:00+00:00,265.1499938964844,265.1600036621094,265.0801086425781,265.159912109375,24148,AMZN,1m
2026-05-18 17:30:00+00:00,265.1499938964844,265.2900085449219,265.0299987792969,265.07000732421875,40851,AMZN,1m
2026-05-18 17:31:00+00:00,265.0899963378906,265.2449951171875,265.0899963378906,265.16009521484375,29334,AMZN,1m
2026-05-18 17:32:00+00:00,265.239990234375,265.2799987792969,265.1400146484375,265.1549987792969,32532,AMZN,1m
2026-05-18 17:33:00+00:00,265.20001220703125,265.2900085449219,265.0199890136719,265.0249938964844,26349,AMZN,1m
2026-05-18 17:34:00+00:00,265.04998779296875,265.06988525390625,264.92999267578125,265.06988525390625,28249,AMZN,1m
2026-05-18 17:35:00+00:00,265.0299987792969,265.1199951171875,264.8699951171875,264.8800048828125,28834,AMZN,1m
2026-05-18 17:36:00+00:00,264.95001220703125,264.9700012207031,264.78009033203125,264.8399963378906,26891,AMZN,1m
2026-05-18 17:37:00+00:00,264.84991455078125,264.8699951171875,264.7349853515625,264.80999755859375,24332,AMZN,1m
2026-05-18 17:38:00+00:00,264.7900085449219,264.9100036621094,264.7900085449219,264.8699035644531,19348,AMZN,1m
2026-05-18 17:39:00+00:00,264.8800048828125,264.89990234375,264.7749938964844,264.82501220703125,19238,AMZN,1m
2026-05-18 17:40:00+00:00,264.79998779296875,264.864990234375,264.7200012207031,264.864990234375,19394,AMZN,1m
2026-05-18 17:41:00+00:00,264.8599853515625,265.0050048828125,264.8599853515625,264.8699951171875,32938,AMZN,1m
2026-05-18 17:42:00+00:00,264.864990234375,264.94000244140625,264.7900085449219,264.7900085449219,16838,AMZN,1m
2026-05-18 17:43:00+00:00,264.8399963378906,265.010009765625,264.80499267578125,264.94000244140625,31829,AMZN,1m
2026-05-18 17:44:00+00:00,265.0273132324219,265.0574035644531,264.8500061035156,264.8800048828125,19978,AMZN,1m
2026-05-18 17:45:00+00:00,264.8800048828125,264.95001220703125,264.8399963378906,264.8900146484375,15199,AMZN,1m
2026-05-18 17:46:00+00:00,264.8500061035156,264.8500061035156,264.7008972167969,264.78509521484375,20701,AMZN,1m
2026-05-18 17:47:00+00:00,264.80999755859375,264.92999267578125,264.75,264.92999267578125,20720,AMZN,1m
2026-05-18 17:48:00+00:00,264.8999938964844,264.9800109863281,264.8500061035156,264.8999938964844,22792,AMZN,1m
2026-05-18 17:49:00+00:00,264.8999938964844,264.95001220703125,264.8699951171875,264.8699951171875,17447,AMZN,1m
2026-05-18 17:50:00+00:00,264.8699951171875,264.9599914550781,264.8299865722656,264.93499755859375,19540,AMZN,1m
2026-05-18 17:51:00+00:00,264.94000244140625,265.0299987792969,264.92999267578125,264.95001220703125,43280,AMZN,1m
2026-05-18 17:52:00+00:00,264.94000244140625,265.0096130371094,264.8299865722656,264.8299865722656,27199,AMZN,1m
2026-05-18 17:53:00+00:00,264.8500061035156,264.8500061035156,264.69378662109375,264.7662048339844,18309,AMZN,1m
2026-05-18 17:54:00+00:00,264.7300109863281,264.8599853515625,264.72869873046875,264.7301025390625,31571,AMZN,1m
2026-05-18 17:55:00+00:00,264.7799987792969,264.81988525390625,264.67999267578125,264.81988525390625,19840,AMZN,1m
2026-05-18 17:56:00+00:00,264.82000732421875,264.95001220703125,264.80999755859375,264.8500061035156,20431,AMZN,1m
2026-05-18 17:57:00+00:00,264.8299865722656,264.8500061035156,264.66009521484375,264.67999267578125,18625,AMZN,1m
2026-05-18 17:58:00+00:00,264.67999267578125,264.7900085449219,264.6700134277344,264.7449951171875,30089,AMZN,1m
2026-05-18 17:59:00+00:00,264.7449951171875,264.82000732421875,264.7200012207031,264.7250061035156,36706,AMZN,1m
2026-05-18 18:00:00+00:00,264.7099914550781,264.82861328125,264.7049865722656,264.79998779296875,27604,AMZN,1m
2026-05-18 18:01:00+00:00,264.82501220703125,264.82501220703125,264.5400085449219,264.5400085449219,36791,AMZN,1m
2026-05-18 18:02:00+00:00,264.5400085449219,264.54998779296875,264.20001220703125,264.32000732421875,75605,AMZN,1m
2026-05-18 18:03:00+00:00,264.2749938964844,264.3999938964844,264.2699890136719,264.30499267578125,41832,AMZN,1m
2026-05-18 18:04:00+00:00,264.2799987792969,264.30999755859375,264.2001037597656,264.24578857421875,33803,AMZN,1m
2026-05-18 18:05:00+00:00,264.239990234375,264.35211181640625,264.239990234375,264.3399963378906,18442,AMZN,1m
2026-05-18 18:06:00+00:00,264.31500244140625,264.31500244140625,263.9599914550781,263.989990234375,69217,AMZN,1m
2026-05-18 18:07:00+00:00,263.989990234375,264.2200012207031,263.989990234375,264.1650085449219,53680,AMZN,1m
2026-05-18 18:08:00+00:00,264.1600036621094,264.31500244140625,264.0799865722656,264.139892578125,50824,AMZN,1m
2026-05-18 18:09:00+00:00,264.114990234375,264.1798095703125,264.0799865722656,264.1000061035156,28350,AMZN,1m
2026-05-18 18:10:00+00:00,264.1199951171875,264.1700134277344,263.9800109863281,264.1199951171875,35574,AMZN,1m
2026-05-18 18:11:00+00:00,264.1531982421875,264.1650085449219,264.07501220703125,264.1315002441406,15620,AMZN,1m
2026-05-18 18:12:00+00:00,264.1499938964844,264.17999267578125,264.0299987792969,264.05999755859375,18292,AMZN,1m
2026-05-18 18:13:00+00:00,264.0350036621094,264.1600036621094,264.0350036621094,264.0801086425781,33002,AMZN,1m
2026-05-18 18:14:00+00:00,264.0799865722656,264.1000061035156,263.82000732421875,263.8299865722656,35844,AMZN,1m
2026-05-18 18:15:00+00:00,263.8299865722656,263.8299865722656,263.6449890136719,263.69000244140625,68766,AMZN,1m
2026-05-18 18:16:00+00:00,263.7300109863281,263.7698974609375,263.40008544921875,263.40008544921875,54527,AMZN,1m
2026-05-18 18:17:00+00:00,263.4200134277344,263.6199951171875,263.3599853515625,263.5400085449219,78914,AMZN,1m
2026-05-18 18:18:00+00:00,263.55999755859375,263.6199951171875,263.4849853515625,263.5,38296,AMZN,1m
2026-05-18 18:19:00+00:00,263.5050048828125,263.5150146484375,263.3699951171875,263.43499755859375,37239,AMZN,1m
2026-05-18 18:20:00+00:00,263.4599914550781,263.5,263.20001220703125,263.2090148925781,40110,AMZN,1m
2026-05-18 18:21:00+00:00,263.2149963378906,263.44000244140625,263.17999267578125,263.375,61292,AMZN,1m
2026-05-18 18:22:00+00:00,263.3550109863281,263.3944091796875,263.239990234375,263.32000732421875,42061,AMZN,1m
2026-05-18 18:23:00+00:00,263.32501220703125,263.3699951171875,263.20001220703125,263.29010009765625,67644,AMZN,1m
2026-05-18 18:24:00+00:00,263.2799987792969,263.42999267578125,263.260009765625,263.4049987792969,60088,AMZN,1m
2026-05-18 18:25:00+00:00,263.3999938964844,263.45989990234375,263.16558837890625,263.18499755859375,75735,AMZN,1m
2026-05-18 18:26:00+00:00,263.1650085449219,263.3450012207031,263.09368896484375,263.3299865722656,48358,AMZN,1m
2026-05-18 18:27:00+00:00,263.3299865722656,263.3399963378906,263.1499938964844,263.2749938964844,49780,AMZN,1m
2026-05-18 18:28:00+00:00,263.2799987792969,263.6098937988281,263.2799987792969,263.5350036621094,63063,AMZN,1m
2026-05-18 18:29:00+00:00,263.57000732421875,263.70001220703125,263.5299987792969,263.6499938964844,49633,AMZN,1m
2026-05-18 18:30:00+00:00,263.69000244140625,263.8299865722656,263.6000061035156,263.6600036621094,52811,AMZN,1m
2026-05-18 18:31:00+00:00,263.67010498046875,263.71990966796875,263.6199951171875,263.67999267578125,33432,AMZN,1m
2026-05-18 18:32:00+00:00,263.71990966796875,263.7550048828125,263.65008544921875,263.66009521484375,39053,AMZN,1m
2026-05-18 18:33:00+00:00,263.62908935546875,263.70001220703125,263.57000732421875,263.69000244140625,34826,AMZN,1m
2026-05-18 18:34:00+00:00,263.69500732421875,263.735107421875,263.5791015625,263.6300048828125,39993,AMZN,1m
2026-05-18 18:35:00+00:00,263.6499938964844,263.739990234375,263.6300048828125,263.6600036621094,33911,AMZN,1m
2026-05-18 18:36:00+00:00,263.67498779296875,263.7099914550781,263.5299987792969,263.5481872558594,25557,AMZN,1m
2026-05-18 18:37:00+00:00,263.57000732421875,263.69000244140625,263.5299987792969,263.67999267578125,30809,AMZN,1m
2026-05-18 18:38:00+00:00,263.68499755859375,263.70001220703125,263.5400085449219,263.6099853515625,30696,AMZN,1m
2026-05-18 18:39:00+00:00,263.6099853515625,263.6499938964844,263.5199890136719,263.5299987792969,46224,AMZN,1m
2026-05-18 18:40:00+00:00,263.510009765625,263.6099853515625,263.5,263.53009033203125,22597,AMZN,1m
2026-05-18 18:41:00+00:00,263.5299987792969,263.5450134277344,263.40008544921875,263.44110107421875,36289,AMZN,1m
2026-05-18 18:42:00+00:00,263.4200134277344,263.5199890136719,263.41400146484375,263.510009765625,30625,AMZN,1m
2026-05-18 18:43:00+00:00,263.4949951171875,263.510009765625,263.44000244140625,263.4949951171875,26106,AMZN,1m
2026-05-18 18:44:00+00:00,263.5,263.5199890136719,263.42999267578125,263.5,32548,AMZN,1m
2026-05-18 18:45:00+00:00,263.510009765625,263.5400085449219,263.3999938964844,263.41571044921875,42115,AMZN,1m
2026-05-18 18:46:00+00:00,263.3999938964844,263.4800109863281,263.3949890136719,263.42999267578125,55622,AMZN,1m
2026-05-18 18:47:00+00:00,263.4200134277344,263.70001220703125,263.4100036621094,263.6000061035156,52913,AMZN,1m
2026-05-18 18:48:00+00:00,263.6000061035156,263.6449890136719,263.5199890136719,263.6199951171875,39265,AMZN,1m
2026-05-18 18:49:00+00:00,263.625,263.625,263.29998779296875,263.5,56417,AMZN,1m
2026-05-18 18:50:00+00:00,263.4599914550781,263.4800109863281,263.2699890136719,263.364990234375,84381,AMZN,1m
2026-05-18 18:51:00+00:00,263.3999938964844,263.5,263.364990234375,263.4804992675781,26330,AMZN,1m
2026-05-18 18:52:00+00:00,263.42999267578125,263.4599914550781,263.3201904296875,263.3900146484375,28700,AMZN,1m
2026-05-18 18:53:00+00:00,263.3699951171875,263.3800048828125,263.2900085449219,263.3299865722656,23911,AMZN,1m
2026-05-18 18:54:00+00:00,263.3399963378906,263.3399963378906,263.05999755859375,263.11138916015625,89100,AMZN,1m
2026-05-18 18:55:00+00:00,263.1050109863281,263.1600036621094,263.0400085449219,263.0400085449219,37138,AMZN,1m
2026-05-18 18:56:00+00:00,263.0299987792969,263.2149963378906,263.0299987792969,263.1400146484375,38829,AMZN,1m
2026-05-18 18:57:00+00:00,263.1600036621094,263.2099914550781,263.1000061035156,263.20001220703125,31878,AMZN,1m
2026-05-18 18:58:00+00:00,263.19000244140625,263.2300109863281,262.760009765625,262.760009765625,98113,AMZN,1m
2026-05-18 18:59:00+00:00,262.75,262.8599853515625,262.70001220703125,262.760009765625,62911,AMZN,1m
2026-05-18 19:00:00+00:00,262.7699890136719,262.9100036621094,262.7250061035156,262.8800048828125,44112,AMZN,1m
2026-05-18 19:01:00+00:00,262.8800048828125,264.7900085449219,262.875,264.5899963378906,246365,AMZN,1m
2026-05-18 19:02:00+00:00,264.69000244140625,264.82000732421875,264.0400085449219,264.7300109863281,114937,AMZN,1m
2026-05-18 19:03:00+00:00,264.67999267578125,264.92999267578125,264.4599914550781,264.4949951171875,86153,AMZN,1m
2026-05-18 19:04:00+00:00,264.4200134277344,264.8999938964844,264.4200134277344,264.6499938964844,86670,AMZN,1m
2026-05-18 19:05:00+00:00,264.6698913574219,265.0450134277344,264.610107421875,264.7449951171875,63484,AMZN,1m
2026-05-18 19:06:00+00:00,264.6700134277344,264.8399963378906,264.3699951171875,264.3699951171875,107689,AMZN,1m
2026-05-18 19:07:00+00:00,264.340087890625,264.4599914550781,264.2699890136719,264.3288879394531,34639,AMZN,1m
2026-05-18 19:08:00+00:00,264.239990234375,264.3999938964844,264.1099853515625,264.1650085449219,38182,AMZN,1m
2026-05-18 19:09:00+00:00,264.17999267578125,264.3900146484375,264.1199951171875,264.3699951171875,41934,AMZN,1m
2026-05-18 19:10:00+00:00,264.3599853515625,264.4700012207031,264.239990234375,264.2950134277344,39816,AMZN,1m
2026-05-18 19:11:00+00:00,264.3450012207031,264.489990234375,264.2250061035156,264.2900085449219,34687,AMZN,1m
2026-05-18 19:12:00+00:00,264.2699890136719,264.2900085449219,264.1600036621094,264.19000244140625,30515,AMZN,1m
2026-05-18 19:13:00+00:00,264.1600036621094,264.30999755859375,264.1199951171875,264.2200012207031,32457,AMZN,1m
2026-05-18 19:14:00+00:00,264.239990234375,264.2998962402344,264.17999267578125,264.2449951171875,30157,AMZN,1m
2026-05-18 19:15:00+00:00,264.2650146484375,264.2650146484375,264.0400085449219,264.0404052734375,36812,AMZN,1m
2026-05-18 19:16:00+00:00,263.9949951171875,264.260009765625,263.95001220703125,264.1300048828125,59636,AMZN,1m
2026-05-18 19:17:00+00:00,264.1549987792969,264.1549987792969,263.8599853515625,263.95001220703125,32356,AMZN,1m
2026-05-18 19:18:00+00:00,263.94000244140625,264.1000061035156,263.8399963378906,263.9450988769531,52268,AMZN,1m
2026-05-18 19:19:00+00:00,263.93499755859375,264.0299987792969,263.9100036621094,263.95001220703125,34388,AMZN,1m
2026-05-18 19:20:00+00:00,263.9649963378906,264.1600036621094,263.92999267578125,264.0799865722656,29775,AMZN,1m
2026-05-18 19:21:00+00:00,264.0899963378906,264.1300048828125,263.80999755859375,263.82501220703125,47327,AMZN,1m
2026-05-18 19:22:00+00:00,263.8500061035156,263.989990234375,263.7699890136719,263.7699890136719,34721,AMZN,1m
2026-05-18 19:23:00+00:00,263.7200012207031,263.8500061035156,263.69000244140625,263.79998779296875,40372,AMZN,1m
2026-05-18 19:24:00+00:00,263.82000732421875,263.8299865722656,263.5199890136719,263.5400085449219,45312,AMZN,1m
2026-05-18 19:25:00+00:00,263.57000732421875,263.5899963378906,263.30010986328125,263.4808044433594,47622,AMZN,1m
2026-05-18 19:26:00+00:00,263.4898986816406,263.4898986816406,263.3584899902344,263.4599914550781,33619,AMZN,1m
2026-05-18 19:27:00+00:00,263.45001220703125,263.6700134277344,263.4150085449219,263.5899963378906,38478,AMZN,1m
2026-05-18 19:28:00+00:00,263.6099853515625,263.8974914550781,263.6099853515625,263.8974914550781,48314,AMZN,1m
2026-05-18 19:29:00+00:00,263.8900146484375,264.1600036621094,263.8800048828125,264.07000732421875,85655,AMZN,1m
2026-05-18 19:30:00+00:00,264.05999755859375,264.1000061035156,263.9100036621094,264.0199890136719,42294,AMZN,1m
2026-05-18 19:31:00+00:00,264.010009765625,264.1400146484375,263.9849853515625,264.1400146484375,43625,AMZN,1m
2026-05-18 19:32:00+00:00,264.1700134277344,264.260009765625,264.04998779296875,264.1499938964844,38170,AMZN,1m
2026-05-18 19:33:00+00:00,264.1400146484375,264.2699890136719,264.1199951171875,264.17999267578125,40070,AMZN,1m
2026-05-18 19:34:00+00:00,264.1499938964844,264.2300109863281,264.1499938964844,264.17999267578125,32065,AMZN,1m
2026-05-18 19:35:00+00:00,264.20001220703125,264.4049987792969,264.1700134277344,264.3500061035156,44046,AMZN,1m
2026-05-18 19:36:00+00:00,264.3999938964844,264.4299011230469,264.3299865722656,264.3599853515625,32366,AMZN,1m
2026-05-18 19:37:00+00:00,264.3500061035156,264.3999938964844,264.2900085449219,264.32000732421875,38534,AMZN,1m
2026-05-18 19:38:00+00:00,264.32000732421875,264.4100036621094,264.30999755859375,264.3800048828125,32196,AMZN,1m
2026-05-18 19:39:00+00:00,264.3900146484375,264.57000732421875,264.3699951171875,264.5150146484375,67552,AMZN,1m
2026-05-18 19:40:00+00:00,264.5150146484375,264.79998779296875,264.510009765625,264.7049865722656,75771,AMZN,1m
2026-05-18 19:41:00+00:00,264.760009765625,264.9079895019531,264.731201171875,264.7749938964844,64338,AMZN,1m
2026-05-18 19:42:00+00:00,264.7699890136719,264.8599853515625,264.6650085449219,264.6700134277344,64361,AMZN,1m
2026-05-18 19:43:00+00:00,264.7200012207031,264.8299865722656,264.7099914550781,264.7099914550781,43739,AMZN,1m
2026-05-18 19:44:00+00:00,264.7300109863281,264.82000732421875,264.7200012207031,264.79998779296875,49473,AMZN,1m
2026-05-18 19:45:00+00:00,264.7799987792969,264.8599853515625,264.70001220703125,264.760009765625,62812,AMZN,1m
2026-05-18 19:46:00+00:00,264.7699890136719,264.8500061035156,264.6000061035156,264.625,48674,AMZN,1m
2026-05-18 19:47:00+00:00,264.6300048828125,264.6600036621094,264.5400085449219,264.6199951171875,65740,AMZN,1m
2026-05-18 19:48:00+00:00,264.6300048828125,264.7900085449219,264.5799865722656,264.7799987792969,60210,AMZN,1m
2026-05-18 19:49:00+00:00,264.760986328125,264.79998779296875,264.5400085449219,264.6600036621094,66953,AMZN,1m
2026-05-18 19:50:00+00:00,264.6600036621094,264.8699951171875,264.6400146484375,264.6600036621094,88057,AMZN,1m
2026-05-18 19:51:00+00:00,264.6700134277344,264.760009765625,264.6300048828125,264.7300109863281,64326,AMZN,1m
2026-05-18 19:52:00+00:00,264.760009765625,264.8399963378906,264.7099914550781,264.7099914550781,75353,AMZN,1m
2026-05-18 19:53:00+00:00,264.7300109863281,264.95001220703125,264.6700134277344,264.7200012207031,100619,AMZN,1m
2026-05-18 19:54:00+00:00,264.7300109863281,264.80999755859375,264.510009765625,264.7699890136719,97696,AMZN,1m
2026-05-18 19:55:00+00:00,264.739990234375,264.760009765625,264.4599914550781,264.5899963378906,170268,AMZN,1m
2026-05-18 19:56:00+00:00,264.5849914550781,264.7250061035156,264.489990234375,264.6700134277344,119258,AMZN,1m
2026-05-18 19:57:00+00:00,264.6700134277344,264.70001220703125,264.3900146484375,264.5950012207031,184431,AMZN,1m
2026-05-18 19:58:00+00:00,264.5899963378906,264.7300109863281,264.57000732421875,264.70001220703125,189687,AMZN,1m
2026-05-18 19:59:00+00:00,264.69500732421875,264.95001220703125,264.6700134277344,264.9200134277344,532404,AMZN,1m
2026-05-19 13:30:00+00:00,262.0199890136719,262.2149963378906,261.05999755859375,261.6499938964844,1160993,AMZN,1m
2026-05-19 13:31:00+00:00,261.739990234375,261.760009765625,260.4100036621094,260.5299987792969,223860,AMZN,1m
2026-05-19 13:32:00+00:00,260.4800109863281,260.5799865722656,259.6300048828125,259.82000732421875,446230,AMZN,1m
2026-05-19 13:33:00+00:00,259.82000732421875,260.3800048828125,259.70001220703125,260.2699890136719,310429,AMZN,1m
2026-05-19 13:34:00+00:00,260.32501220703125,260.8500061035156,259.9549865722656,260.7550048828125,197643,AMZN,1m
2026-05-19 13:35:00+00:00,260.75,260.8900146484375,260.0899963378906,260.5299987792969,168572,AMZN,1m
2026-05-19 13:36:00+00:00,260.5400085449219,261.2300109863281,260.3299865722656,261.0610046386719,142857,AMZN,1m
2026-05-19 13:37:00+00:00,261.07000732421875,261.2499084472656,260.3299865722656,260.69989013671875,154989,AMZN,1m
2026-05-19 13:38:00+00:00,260.7099914550781,260.72930908203125,260.3999938964844,260.3999938964844,126948,AMZN,1m
2026-05-19 13:39:00+00:00,260.4100036621094,260.45001220703125,259.8399963378906,260.30499267578125,212381,AMZN,1m
2026-05-19 13:40:00+00:00,260.2900085449219,260.3800048828125,260.0,260.19000244140625,118320,AMZN,1m
2026-05-19 13:41:00+00:00,260.20001220703125,260.32000732421875,259.69500732421875,259.875,155255,AMZN,1m
2026-05-19 13:42:00+00:00,259.8299865722656,260.25,259.7200012207031,260.1400146484375,112315,AMZN,1m
2026-05-19 13:43:00+00:00,260.1600036621094,260.70001220703125,260.1199951171875,260.2300109863281,197469,AMZN,1m
2026-05-19 13:44:00+00:00,260.17999267578125,260.3500061035156,259.4638977050781,259.4638977050781,192399,AMZN,1m
2026-05-19 13:45:00+00:00,259.4599914550781,259.6000061035156,259.1700134277344,259.17999267578125,262076,AMZN,1m
2026-05-19 13:46:00+00:00,259.19000244140625,259.3323059082031,258.7900085449219,259.0799865722656,210037,AMZN,1m
2026-05-19 13:47:00+00:00,259.0400085449219,259.5,258.8900146484375,259.3699951171875,90633,AMZN,1m
2026-05-19 13:48:00+00:00,259.4184875488281,259.9200134277344,259.2850036621094,259.79998779296875,186720,AMZN,1m
2026-05-19 13:49:00+00:00,259.7799987792969,260.1000061035156,259.4700012207031,259.5849914550781,139312,AMZN,1m
2026-05-19 13:50:00+00:00,259.6300048828125,259.6300048828125,259.2550048828125,259.2749938964844,118407,AMZN,1m
2026-05-19 13:51:00+00:00,259.30999755859375,259.79998779296875,259.1300048828125,259.739990234375,100450,AMZN,1m
2026-05-19 13:52:00+00:00,259.80999755859375,260.2200012207031,259.70001220703125,260.1650085449219,110374,AMZN,1m
2026-05-19 13:53:00+00:00,260.1300048828125,260.32000732421875,259.95001220703125,260.1700134277344,186199,AMZN,1m
2026-05-19 13:54:00+00:00,260.1400146484375,260.30999755859375,259.9849853515625,260.1899108886719,86969,AMZN,1m
2026-05-19 13:55:00+00:00,260.1099853515625,260.4649963378906,260.1099853515625,260.2950134277344,102592,AMZN,1m
2026-05-19 13:56:00+00:00,260.2900085449219,260.489990234375,259.94000244140625,260.1099853515625,100980,AMZN,1m
2026-05-19 13:57:00+00:00,260.0950012207031,260.2149963378906,259.9800109863281,260.1000061035156,85314,AMZN,1m
2026-05-19 13:58:00+00:00,260.0849914550781,260.4200134277344,259.92999267578125,260.2300109863281,98004,AMZN,1m
2026-05-19 13:59:00+00:00,260.2300109863281,260.6700134277344,260.2099914550781,260.5199890136719,106643,AMZN,1m
2026-05-19 14:00:00+00:00,260.5400085449219,260.6000061035156,260.1199951171875,260.19000244140625,90821,AMZN,1m
2026-05-19 14:01:00+00:00,260.2200012207031,260.3399963378906,260.0199890136719,260.135009765625,66040,AMZN,1m
2026-05-19 14:02:00+00:00,260.1600036621094,260.2300109863281,259.67999267578125,259.70001220703125,82226,AMZN,1m
2026-05-19 14:03:00+00:00,259.67138671875,260.010009765625,259.66180419921875,260.010009765625,78835,AMZN,1m
2026-05-19 14:04:00+00:00,260.0050048828125,260.5899963378906,259.9700012207031,260.5199890136719,131745,AMZN,1m
2026-05-19 14:05:00+00:00,260.4800109863281,260.5,260.1000061035156,260.27899169921875,81181,AMZN,1m
2026-05-19 14:06:00+00:00,260.2300109863281,260.57000732421875,259.8550109863281,259.92999267578125,121709,AMZN,1m
2026-05-19 14:07:00+00:00,260.0,260.2300109863281,259.375,259.6099853515625,145142,AMZN,1m
2026-05-19 14:08:00+00:00,259.55999755859375,259.8500061035156,259.5,259.6099853515625,73419,AMZN,1m
2026-05-19 14:09:00+00:00,259.5799865722656,259.8399963378906,259.45001220703125,259.79998779296875,79556,AMZN,1m
2026-05-19 14:10:00+00:00,259.78839111328125,259.9200134277344,259.6099853515625,259.8900146484375,89957,AMZN,1m
2026-05-19 14:11:00+00:00,259.8900146484375,259.9750061035156,259.04998779296875,259.04998779296875,104578,AMZN,1m
2026-05-19 14:12:00+00:00,259.010009765625,259.1199951171875,258.45001220703125,258.79998779296875,200169,AMZN,1m
2026-05-19 14:13:00+00:00,258.7900085449219,258.885009765625,258.35009765625,258.3699951171875,105514,AMZN,1m
2026-05-19 14:14:00+00:00,258.3800048828125,258.3955078125,257.7699890136719,257.9100036621094,255525,AMZN,1m
2026-05-19 14:15:00+00:00,257.914794921875,257.92999267578125,257.4800109863281,257.7300109863281,175109,AMZN,1m
2026-05-19 14:16:00+00:00,257.75,257.95001220703125,257.67999267578125,257.80999755859375,119952,AMZN,1m
2026-05-19 14:17:00+00:00,257.7821960449219,257.9800109863281,257.6650085449219,257.80999755859375,148536,AMZN,1m
2026-05-19 14:18:00+00:00,257.80999755859375,258.0150146484375,257.45001220703125,257.5199890136719,178923,AMZN,1m
2026-05-19 14:19:00+00:00,257.5,257.54998779296875,257.1401062011719,257.18499755859375,253460,AMZN,1m
2026-05-19 14:20:00+00:00,257.20001220703125,257.489013671875,257.0799865722656,257.1499938964844,145492,AMZN,1m
2026-05-19 14:21:00+00:00,257.17498779296875,257.20001220703125,256.68011474609375,256.7398986816406,178835,AMZN,1m
2026-05-19 14:22:00+00:00,256.739990234375,256.95001220703125,256.5,256.95001220703125,190753,AMZN,1m
2026-05-19 14:23:00+00:00,256.9599914550781,257.3559875488281,256.90008544921875,257.3046875,124418,AMZN,1m
2026-05-19 14:24:00+00:00,257.29998779296875,257.57000732421875,257.2900085449219,257.4800109863281,117778,AMZN,1m
2026-05-19 14:25:00+00:00,257.5,257.55999755859375,257.17999267578125,257.4100036621094,133290,AMZN,1m
2026-05-19 14:26:00+00:00,257.44500732421875,257.8599853515625,257.44500732421875,257.7398986816406,168951,AMZN,1m
2026-05-19 14:27:00+00:00,257.70001220703125,257.8949890136719,257.5400085449219,257.5400085449219,94009,AMZN,1m
2026-05-19 14:28:00+00:00,257.510009765625,257.67498779296875,257.1099853515625,257.1600036621094,135401,AMZN,1m
2026-05-19 14:29:00+00:00,257.135009765625,257.2900085449219,256.8599853515625,257.0950927734375,188830,AMZN,1m
2026-05-19 14:30:00+00:00,257.1000061035156,257.45001220703125,257.1000061035156,257.239990234375,126662,AMZN,1m
2026-05-19 14:31:00+00:00,257.2300109863281,257.57000732421875,257.2300109863281,257.3450012207031,77274,AMZN,1m
2026-05-19 14:32:00+00:00,257.3949890136719,257.3949890136719,256.8500061035156,257.0249938964844,86413,AMZN,1m
2026-05-19 14:33:00+00:00,256.989990234375,257.17999267578125,256.9049987792969,257.1499938964844,106441,AMZN,1m
2026-05-19 14:34:00+00:00,257.1600036621094,257.1600036621094,256.7799987792969,257.010009765625,111558,AMZN,1m
2026-05-19 14:35:00+00:00,257.0249938964844,257.05999755859375,256.79998779296875,256.8800048828125,92490,AMZN,1m
2026-05-19 14:36:00+00:00,256.885009765625,257.0799865722656,256.80999755859375,256.8299865722656,74427,AMZN,1m
2026-05-19 14:37:00+00:00,256.79998779296875,256.95001220703125,256.6000061035156,256.92498779296875,117907,AMZN,1m
2026-05-19 14:38:00+00:00,256.9100036621094,257.0849914550781,256.7699890136719,256.9800109863281,114287,AMZN,1m
2026-05-19 14:39:00+00:00,256.9750061035156,257.3900146484375,256.9649963378906,257.1099853515625,118505,AMZN,1m
2026-05-19 14:40:00+00:00,257.1499938964844,257.5400085449219,256.9599914550781,257.4601135253906,107042,AMZN,1m
2026-05-19 14:41:00+00:00,257.3399963378906,257.4739990234375,257.2500915527344,257.3599853515625,82087,AMZN,1m
2026-05-19 14:42:00+00:00,257.3900146484375,257.7300109863281,257.3599853515625,257.6200866699219,96218,AMZN,1m
2026-05-19 14:43:00+00:00,257.6600036621094,257.70001220703125,257.1600036621094,257.1700134277344,239315,AMZN,1m
2026-05-19 14:44:00+00:00,257.0799865722656,257.3450012207031,256.9100036621094,257.2950134277344,103170,AMZN,1m
2026-05-19 14:45:00+00:00,257.32000732421875,257.4700012207031,257.0899963378906,257.1000061035156,78525,AMZN,1m
2026-05-19 14:46:00+00:00,257.07000732421875,257.2300109863281,257.0,257.125,67505,AMZN,1m
2026-05-19 14:47:00+00:00,257.114990234375,257.17999267578125,256.7799987792969,256.7799987792969,169453,AMZN,1m
2026-05-19 14:48:00+00:00,256.760009765625,256.8299865722656,256.2900085449219,256.6000061035156,230966,AMZN,1m
2026-05-19 14:49:00+00:00,256.625,256.82000732421875,256.5199890136719,256.7650146484375,114492,AMZN,1m
2026-05-19 14:50:00+00:00,256.7500915527344,256.768798828125,256.4700012207031,256.68499755859375,95317,AMZN,1m
2026-05-19 14:51:00+00:00,256.67999267578125,256.9800109863281,256.55499267578125,256.9700012207031,64214,AMZN,1m
2026-05-19 14:52:00+00:00,256.9551086425781,257.114990234375,256.7900085449219,257.0199890136719,66914,AMZN,1m
2026-05-19 14:53:00+00:00,256.9700012207031,257.31500244140625,256.8800048828125,257.1000061035156,69206,AMZN,1m
2026-05-19 14:54:00+00:00,257.0899963378906,257.1600036621094,256.75,256.75,55114,AMZN,1m
2026-05-19 14:55:00+00:00,256.7300109863281,257.0299072265625,256.6700134277344,256.94000244140625,65176,AMZN,1m
2026-05-19 14:56:00+00:00,256.8999938964844,256.94500732421875,256.67999267578125,256.7550048828125,66265,AMZN,1m
2026-05-19 14:57:00+00:00,256.739990234375,257.1700134277344,256.739990234375,257.0799865722656,67511,AMZN,1m
2026-05-19 14:58:00+00:00,257.05999755859375,257.0899963378906,256.82501220703125,256.8299865722656,58601,AMZN,1m
2026-05-19 14:59:00+00:00,256.8299865722656,256.9700012207031,256.7099914550781,256.9049987792969,69269,AMZN,1m
2026-05-19 15:00:00+00:00,256.92999267578125,257.1400146484375,256.885009765625,257.04998779296875,137283,AMZN,1m
2026-05-19 15:01:00+00:00,257.04998779296875,257.29998779296875,256.9097900390625,256.94000244140625,65437,AMZN,1m
2026-05-19 15:02:00+00:00,256.92889404296875,257.3999938964844,256.7900085449219,257.19000244140625,95968,AMZN,1m
2026-05-19 15:03:00+00:00,257.19000244140625,257.3900146484375,257.0799865722656,257.20001220703125,74138,AMZN,1m
2026-05-19 15:04:00+00:00,257.17498779296875,257.44000244140625,257.1499938964844,257.29998779296875,55668,AMZN,1m
2026-05-19 15:05:00+00:00,257.32000732421875,257.3800048828125,257.135009765625,257.1700134277344,49765,AMZN,1m
2026-05-19 15:06:00+00:00,257.17498779296875,257.5,257.1400146484375,257.42498779296875,44757,AMZN,1m
2026-05-19 15:07:00+00:00,257.4150085449219,257.4150085449219,256.9200134277344,256.9798889160156,94530,AMZN,1m
2026-05-19 15:08:00+00:00,256.92999267578125,257.1199035644531,256.8900146484375,256.92999267578125,53836,AMZN,1m
2026-05-19 15:09:00+00:00,256.9200134277344,257.32000732421875,256.8999938964844,257.32000732421875,39971,AMZN,1m
2026-05-19 15:10:00+00:00,257.3500061035156,257.4700012207031,257.2950134277344,257.3900146484375,49503,AMZN,1m
2026-05-19 15:11:00+00:00,257.3894958496094,257.57000732421875,257.239990234375,257.29998779296875,75251,AMZN,1m
2026-05-19 15:12:00+00:00,257.3399963378906,257.45001220703125,257.2016906738281,257.2449951171875,52006,AMZN,1m
2026-05-19 15:13:00+00:00,257.2550048828125,257.2900085449219,257.0299987792969,257.0350036621094,60148,AMZN,1m
2026-05-19 15:14:00+00:00,257.04998779296875,257.1199951171875,256.9599914550781,257.0299987792969,58090,AMZN,1m
2026-05-19 15:15:00+00:00,257.010009765625,257.0799865722656,256.8599853515625,256.92999267578125,87932,AMZN,1m
2026-05-19 15:16:00+00:00,256.9100036621094,256.95001220703125,256.7099914550781,256.7099914550781,62377,AMZN,1m
2026-05-19 15:17:00+00:00,256.70001220703125,256.7499084472656,256.56201171875,256.59710693359375,89367,AMZN,1m
2026-05-19 15:18:00+00:00,256.6148986816406,256.75,256.54998779296875,256.6000061035156,56378,AMZN,1m
2026-05-19 15:19:00+00:00,256.5798034667969,256.6099853515625,256.3699951171875,256.44000244140625,130556,AMZN,1m
2026-05-19 15:20:00+00:00,256.44000244140625,256.5,256.010009765625,256.09979248046875,147148,AMZN,1m
2026-05-19 15:21:00+00:00,256.0899963378906,256.3599853515625,256.0400085449219,256.2250061035156,82107,AMZN,1m
2026-05-19 15:22:00+00:00,256.2250061035156,256.3299865722656,256.0299987792969,256.0299987792969,74975,AMZN,1m
2026-05-19 15:23:00+00:00,256.0400085449219,256.1400146484375,255.9199981689453,255.94500732421875,137499,AMZN,1m
2026-05-19 15:24:00+00:00,255.92999267578125,255.99000549316406,255.75,255.8090057373047,141069,AMZN,1m
2026-05-19 15:25:00+00:00,255.8000030517578,255.97470092773438,255.57000732421875,255.97470092773438,144646,AMZN,1m
2026-05-19 15:26:00+00:00,255.96670532226562,256.2099914550781,255.89999389648438,255.97000122070312,109238,AMZN,1m
2026-05-19 15:27:00+00:00,255.97000122070312,256.0899963378906,255.80999755859375,256.06500244140625,60501,AMZN,1m
2026-05-19 15:28:00+00:00,256.06500244140625,256.0799865722656,255.8000030517578,255.90989685058594,74804,AMZN,1m
2026-05-19 15:29:00+00:00,255.8699951171875,255.97000122070312,255.8249969482422,255.85000610351562,57813,AMZN,1m
2026-05-19 15:30:00+00:00,255.8000030517578,256.0899963378906,255.76499938964844,256.0899963378906,82924,AMZN,1m
2026-05-19 15:31:00+00:00,256.1000061035156,256.1700134277344,255.92999267578125,256.1700134277344,88342,AMZN,1m
2026-05-19 15:32:00+00:00,256.1499938964844,256.20001220703125,256.05450439453125,256.0849914550781,90872,AMZN,1m
2026-05-19 15:33:00+00:00,256.0799865722656,256.1700134277344,256.0199890136719,256.05499267578125,137783,AMZN,1m
2026-05-19 15:34:00+00:00,256.06500244140625,256.1300048828125,255.9499969482422,255.97000122070312,69235,AMZN,1m
2026-05-19 15:35:00+00:00,255.9600067138672,256.0899963378906,255.83999633789062,255.99000549316406,75197,AMZN,1m
2026-05-19 15:36:00+00:00,255.9459991455078,256.1700134277344,255.91000366210938,256.1300048828125,52761,AMZN,1m
2026-05-19 15:37:00+00:00,256.114990234375,256.30999755859375,256.010009765625,256.30999755859375,73376,AMZN,1m
2026-05-19 15:38:00+00:00,256.27911376953125,256.4800109863281,256.20001220703125,256.4750061035156,78632,AMZN,1m
2026-05-19 15:39:00+00:00,256.4750061035156,256.4750061035156,256.2300109863281,256.30499267578125,61880,AMZN,1m
2026-05-19 15:40:00+00:00,256.30499267578125,256.4200134277344,256.2149963378906,256.29998779296875,50389,AMZN,1m
2026-05-19 15:41:00+00:00,256.2950134277344,256.29998779296875,256.07501220703125,256.1050109863281,64806,AMZN,1m
2026-05-19 15:42:00+00:00,256.0799865722656,256.4100036621094,256.0799865722656,256.3599853515625,80711,AMZN,1m
2026-05-19 15:43:00+00:00,256.3450012207031,256.3699951171875,256.0199890136719,256.0404968261719,87921,AMZN,1m
2026-05-19 15:44:00+00:00,256.0899963378906,256.1600036621094,255.97000122070312,256.07501220703125,76375,AMZN,1m
2026-05-19 15:45:00+00:00,256.0799865722656,256.0899963378906,255.8249969482422,255.85000610351562,60995,AMZN,1m
2026-05-19 15:46:00+00:00,255.8300018310547,255.99000549316406,255.82000732421875,255.9250030517578,59359,AMZN,1m
2026-05-19 15:47:00+00:00,255.9250030517578,255.97000122070312,255.82000732421875,255.83999633789062,68338,AMZN,1m
2026-05-19 15:48:00+00:00,255.83999633789062,255.97999572753906,255.77999877929688,255.97999572753906,60557,AMZN,1m
2026-05-19 15:49:00+00:00,255.9600067138672,256.0899963378906,255.92999267578125,256.05999755859375,54819,AMZN,1m
2026-05-19 15:50:00+00:00,256.05499267578125,256.0799865722656,255.77000427246094,255.83999633789062,54835,AMZN,1m
2026-05-19 15:51:00+00:00,255.83999633789062,255.8699951171875,255.52000427246094,255.63499450683594,83338,AMZN,1m
2026-05-19 15:52:00+00:00,255.63999938964844,255.83999633789062,255.63999938964844,255.78500366210938,60154,AMZN,1m
2026-05-19 15:53:00+00:00,255.7899932861328,255.9149932861328,255.74000549316406,255.8350067138672,82905,AMZN,1m
2026-05-19 15:54:00+00:00,255.85000610351562,255.85000610351562,255.5500030517578,255.58999633789062,94064,AMZN,1m
2026-05-19 15:55:00+00:00,255.5800018310547,255.5800018310547,255.3300018310547,255.36000061035156,174570,AMZN,1m
2026-05-19 15:56:00+00:00,255.35000610351562,255.63499450683594,255.19000244140625,255.56500244140625,130632,AMZN,1m
2026-05-19 15:57:00+00:00,255.5749969482422,255.6999969482422,255.52000427246094,255.6699981689453,66817,AMZN,1m
2026-05-19 15:58:00+00:00,255.67950439453125,255.68499755859375,255.47999572753906,255.56500244140625,54036,AMZN,1m
2026-05-19 15:59:00+00:00,255.5800018310547,255.64990234375,255.51010131835938,255.55999755859375,51335,AMZN,1m
2026-05-19 16:00:00+00:00,255.57000732421875,255.82000732421875,255.5301055908203,255.81500244140625,82202,AMZN,1m
2026-05-19 16:01:00+00:00,255.82000732421875,255.8800048828125,255.58999633789062,255.66000366210938,72529,AMZN,1m
2026-05-19 16:02:00+00:00,255.67990112304688,255.88999938964844,255.6649932861328,255.72500610351562,49873,AMZN,1m
2026-05-19 16:03:00+00:00,255.6999969482422,256.04998779296875,255.69000244140625,256.0,75005,AMZN,1m
2026-05-19 16:04:00+00:00,256.0050048828125,256.135009765625,255.88999938964844,256.1300048828125,260791,AMZN,1m
2026-05-19 16:05:00+00:00,256.1300048828125,256.2900085449219,256.0799865722656,256.260009765625,88243,AMZN,1m
2026-05-19 16:06:00+00:00,256.260009765625,256.364990234375,256.1050109863281,256.3299865722656,111588,AMZN,1m
2026-05-19 16:07:00+00:00,256.32501220703125,256.44000244140625,256.20001220703125,256.3550109863281,105506,AMZN,1m
2026-05-19 16:08:00+00:00,256.3599853515625,256.44500732421875,256.3399963378906,256.3399963378906,52150,AMZN,1m
2026-05-19 16:09:00+00:00,256.3500061035156,256.3999938964844,255.91839599609375,255.99000549316406,82941,AMZN,1m
2026-05-19 16:10:00+00:00,255.97500610351562,256.04998779296875,255.86000061035156,255.9199981689453,49289,AMZN,1m
2026-05-19 16:11:00+00:00,255.9250030517578,256.0887145996094,255.89990234375,255.91299438476562,37260,AMZN,1m
2026-05-19 16:12:00+00:00,255.9199981689453,255.93499755859375,255.8000030517578,255.86000061035156,46262,AMZN,1m
2026-05-19 16:13:00+00:00,255.8800048828125,255.91000366210938,255.75,255.75999450683594,64534,AMZN,1m
2026-05-19 16:14:00+00:00,255.77000427246094,255.9499969482422,255.75990295410156,255.94000244140625,49400,AMZN,1m
2026-05-19 16:15:00+00:00,255.9499969482422,256.13800048828125,255.9499969482422,256.0950012207031,60292,AMZN,1m
2026-05-19 16:16:00+00:00,256.1000061035156,256.1400146484375,255.92999267578125,255.97500610351562,62626,AMZN,1m
2026-05-19 16:17:00+00:00,255.94500732421875,255.97999572753906,255.7899932861328,255.9600067138672,63842,AMZN,1m
2026-05-19 16:18:00+00:00,255.9600067138672,256.1099853515625,255.9499969482422,256.07000732421875,35944,AMZN,1m
2026-05-19 16:19:00+00:00,256.0899963378906,256.25,256.0899963378906,256.17999267578125,48955,AMZN,1m
2026-05-19 16:20:00+00:00,256.17999267578125,256.260009765625,256.0899963378906,256.2300109863281,49882,AMZN,1m
2026-05-19 16:21:00+00:00,256.2300109863281,256.2300109863281,256.010009765625,256.0799865722656,33594,AMZN,1m
2026-05-19 16:22:00+00:00,256.07000732421875,256.1700134277344,255.97999572753906,256.07501220703125,31091,AMZN,1m
2026-05-19 16:23:00+00:00,256.0899963378906,256.1300048828125,256.0249938964844,256.0950012207031,31475,AMZN,1m
2026-05-19 16:24:00+00:00,256.0899963378906,256.17999267578125,256.0450134277344,256.17999267578125,41487,AMZN,1m
2026-05-19 16:25:00+00:00,256.1799011230469,256.3999938964844,256.1799011230469,256.32000732421875,45934,AMZN,1m
2026-05-19 16:26:00+00:00,256.30999755859375,256.44000244140625,256.2200012207031,256.25,58277,AMZN,1m
2026-05-19 16:27:00+00:00,256.2550048828125,256.45001220703125,256.1650085449219,256.4200134277344,42092,AMZN,1m
2026-05-19 16:28:00+00:00,256.3699951171875,256.45001220703125,256.3200988769531,256.4049987792969,47531,AMZN,1m
2026-05-19 16:29:00+00:00,256.4100036621094,256.489990234375,256.239990234375,256.239990234375,39017,AMZN,1m
2026-05-19 16:30:00+00:00,256.260009765625,256.3599853515625,256.19000244140625,256.30999755859375,44173,AMZN,1m
2026-05-19 16:31:00+00:00,256.2900085449219,256.4599914550781,256.2900085449219,256.3900146484375,41739,AMZN,1m
2026-05-19 16:32:00+00:00,256.385009765625,256.54400634765625,256.364990234375,256.5,67414,AMZN,1m
2026-05-19 16:33:00+00:00,256.489990234375,256.54998779296875,256.32000732421875,256.3500061035156,83115,AMZN,1m
2026-05-19 16:34:00+00:00,256.3500061035156,256.4100036621094,256.32000732421875,256.4100036621094,59959,AMZN,1m
2026-05-19 16:35:00+00:00,256.3949890136719,256.489990234375,256.3031005859375,256.3299865722656,53961,AMZN,1m
2026-05-19 16:36:00+00:00,256.32000732421875,256.3699951171875,256.19000244140625,256.2099914550781,55281,AMZN,1m
2026-05-19 16:37:00+00:00,256.239990234375,256.25,256.07501220703125,256.18499755859375,55631,AMZN,1m
2026-05-19 16:38:00+00:00,256.1700134277344,256.3599853515625,256.0799865722656,256.3200988769531,79625,AMZN,1m
2026-05-19 16:39:00+00:00,256.32000732421875,256.3699951171875,256.2650146484375,256.29998779296875,47637,AMZN,1m
2026-05-19 16:40:00+00:00,256.32000732421875,256.3999938964844,256.2799987792969,256.2799987792969,39084,AMZN,1m
2026-05-19 16:41:00+00:00,256.2799987792969,256.30999755859375,256.1499938964844,256.260009765625,83835,AMZN,1m
2026-05-19 16:42:00+00:00,256.260009765625,256.31500244140625,256.1700134277344,256.2200012207031,37143,AMZN,1m
2026-05-19 16:43:00+00:00,256.2200012207031,256.4794921875,256.2099914550781,256.4599914550781,55240,AMZN,1m
2026-05-19 16:44:00+00:00,256.44500732421875,256.67999267578125,256.44500732421875,256.6600036621094,64040,AMZN,1m
2026-05-19 16:45:00+00:00,256.67999267578125,256.75,256.55999755859375,256.69500732421875,65934,AMZN,1m
2026-05-19 16:46:00+00:00,256.70001220703125,256.82000732421875,256.6050109863281,256.6400146484375,87218,AMZN,1m
2026-05-19 16:47:00+00:00,256.6300048828125,256.7200012207031,256.55999755859375,256.7200012207031,58539,AMZN,1m
2026-05-19 16:48:00+00:00,256.75,256.80999755859375,256.6199951171875,256.7799987792969,44873,AMZN,1m
2026-05-19 16:49:00+00:00,256.7799987792969,257.07000732421875,256.7799987792969,257.0,100530,AMZN,1m
2026-05-19 16:50:00+00:00,257.0199890136719,257.1199951171875,256.8900146484375,257.1000061035156,61316,AMZN,1m
2026-05-19 16:51:00+00:00,257.1099853515625,257.25,257.0830078125,257.1400146484375,55824,AMZN,1m
2026-05-19 16:52:00+00:00,257.1499938964844,257.2550048828125,257.1000061035156,257.2499084472656,436810,AMZN,1m
2026-05-19 16:53:00+00:00,257.25,257.42999267578125,257.2099914550781,257.4200134277344,63302,AMZN,1m
2026-05-19 16:54:00+00:00,257.4150085449219,257.4700012207031,257.3399963378906,257.364990234375,59661,AMZN,1m
2026-05-19 16:55:00+00:00,257.364990234375,257.44000244140625,257.3349914550781,257.44000244140625,49868,AMZN,1m
2026-05-19 16:56:00+00:00,257.44000244140625,257.5249938964844,257.3900146484375,257.5249938964844,79988,AMZN,1m
2026-05-19 16:57:00+00:00,257.5299987792969,257.7300109863281,257.45001220703125,257.5950012207031,57689,AMZN,1m
2026-05-19 16:58:00+00:00,257.5899963378906,257.8500061035156,257.5899963378906,257.8399963378906,70028,AMZN,1m
2026-05-19 16:59:00+00:00,257.8450927734375,258.0899963378906,257.7601013183594,258.010009765625,138451,AMZN,1m
2026-05-19 17:00:00+00:00,257.989990234375,258.0199890136719,257.8900146484375,257.93499755859375,117063,AMZN,1m
2026-05-19 17:01:00+00:00,257.94000244140625,258.05999755859375,257.7950134277344,258.0249938964844,98115,AMZN,1m
2026-05-19 17:02:00+00:00,258.0400085449219,258.1099853515625,257.85009765625,258.0799865722656,71980,AMZN,1m
2026-05-19 17:03:00+00:00,258.0799865722656,258.2699890136719,257.9599914550781,258.2699890136719,71269,AMZN,1m
2026-05-19 17:04:00+00:00,258.2799987792969,258.4873046875,258.2749938964844,258.42999267578125,62352,AMZN,1m
2026-05-19 17:05:00+00:00,258.44000244140625,258.57000732421875,258.30999755859375,258.32000732421875,137460,AMZN,1m
2026-05-19 17:06:00+00:00,258.30999755859375,258.32989501953125,258.1401062011719,258.2099914550781,72362,AMZN,1m
2026-05-19 17:07:00+00:00,258.2101135253906,258.42999267578125,258.1499938964844,258.3999938964844,53165,AMZN,1m
2026-05-19 17:08:00+00:00,258.3800048828125,258.5400085449219,258.3800048828125,258.5150146484375,106956,AMZN,1m
2026-05-19 17:09:00+00:00,258.5199890136719,258.5899963378906,258.45001220703125,258.45001220703125,62846,AMZN,1m
2026-05-19 17:10:00+00:00,258.4750061035156,258.5400085449219,258.30010986328125,258.3500061035156,64318,AMZN,1m
2026-05-19 17:11:00+00:00,258.3599853515625,258.39990234375,258.1499938964844,258.1499938964844,63437,AMZN,1m
2026-05-19 17:12:00+00:00,258.19000244140625,258.19000244140625,258.1099853515625,258.15008544921875,46737,AMZN,1m
2026-05-19 17:13:00+00:00,258.17999267578125,258.31500244140625,258.1300048828125,258.31500244140625,38886,AMZN,1m
2026-05-19 17:14:00+00:00,258.31500244140625,258.3599853515625,258.1499938964844,258.17999267578125,35526,AMZN,1m
2026-05-19 17:15:00+00:00,258.1700134277344,258.32000732421875,258.1700134277344,258.25,42376,AMZN,1m
2026-05-19 17:16:00+00:00,258.260009765625,258.3501892089844,258.239990234375,258.32000732421875,40582,AMZN,1m
2026-05-19 17:17:00+00:00,258.31500244140625,258.3500061035156,258.25,258.260009765625,43370,AMZN,1m
2026-05-19 17:18:00+00:00,258.25750732421875,258.2799987792969,258.1499938964844,258.239990234375,55795,AMZN,1m
2026-05-19 17:19:00+00:00,258.239990234375,258.3900146484375,258.2300109863281,258.3500061035156,57794,AMZN,1m
2026-05-19 17:20:00+00:00,258.3800048828125,258.489990234375,258.3724060058594,258.4800109863281,50953,AMZN,1m
2026-05-19 17:21:00+00:00,258.4599914550781,258.6637878417969,258.44000244140625,258.55999755859375,127483,AMZN,1m
2026-05-19 17:22:00+00:00,258.54998779296875,258.760009765625,258.4200134277344,258.5899963378906,99878,AMZN,1m
2026-05-19 17:23:00+00:00,258.5849914550781,258.6000061035156,258.44000244140625,258.55999755859375,60556,AMZN,1m
2026-05-19 17:24:00+00:00,258.5,258.9549865722656,258.5,258.8349914550781,117747,AMZN,1m
2026-05-19 17:25:00+00:00,258.8500061035156,259.06549072265625,258.6499938964844,258.6549987792969,104502,AMZN,1m
2026-05-19 17:26:00+00:00,258.6449890136719,258.6600036621094,258.37091064453125,258.3900146484375,86937,AMZN,1m
2026-05-19 17:27:00+00:00,258.3949890136719,258.5899963378906,258.3800048828125,258.5050048828125,63054,AMZN,1m
2026-05-19 17:28:00+00:00,258.5050048828125,258.54998779296875,258.3599853515625,258.3900146484375,39924,AMZN,1m
2026-05-19 17:29:00+00:00,258.3999938964844,258.45001220703125,258.32000732421875,258.3900146484375,56872,AMZN,1m
2026-05-19 17:30:00+00:00,258.3999938964844,258.7987060546875,258.3999938964844,258.6600036621094,95886,AMZN,1m
2026-05-19 17:31:00+00:00,258.67999267578125,258.8399963378906,258.625,258.625,63029,AMZN,1m
2026-05-19 17:32:00+00:00,258.6099853515625,258.6300048828125,258.4599914550781,258.6199951171875,57935,AMZN,1m
2026-05-19 17:33:00+00:00,258.625,258.7900085449219,258.6099853515625,258.67999267578125,77562,AMZN,1m
2026-05-19 17:34:00+00:00,258.6889953613281,258.6889953613281,258.4800109863281,258.4849853515625,44456,AMZN,1m
2026-05-19 17:35:00+00:00,258.4599914550781,258.7300109863281,258.45001220703125,258.69000244140625,49560,AMZN,1m
2026-05-19 17:36:00+00:00,258.69500732421875,258.79998779296875,258.54998779296875,258.68011474609375,57494,AMZN,1m
2026-05-19 17:37:00+00:00,258.70001220703125,258.739990234375,258.6600036621094,258.7250061035156,40210,AMZN,1m
2026-05-19 17:38:00+00:00,258.7149963378906,258.8699951171875,258.7149963378906,258.80999755859375,44412,AMZN,1m
2026-05-19 17:39:00+00:00,258.80999755859375,258.8550109863281,258.6700134277344,258.8299865722656,50482,AMZN,1m
2026-05-19 17:40:00+00:00,258.8699951171875,259.0,258.54998779296875,258.6781921386719,66480,AMZN,1m
2026-05-19 17:41:00+00:00,258.69000244140625,258.8299865722656,258.635009765625,258.6980895996094,39842,AMZN,1m
2026-05-19 17:42:00+00:00,258.70001220703125,258.92999267578125,258.70001220703125,258.8800048828125,50530,AMZN,1m
2026-05-19 17:43:00+00:00,258.8699951171875,258.8800048828125,258.739990234375,258.7699890136719,50477,AMZN,1m
2026-05-19 17:44:00+00:00,258.764892578125,258.89990234375,258.7001037597656,258.8550109863281,43403,AMZN,1m
2026-05-19 17:45:00+00:00,258.8680114746094,258.9049987792969,258.7300109863281,258.81640625,41215,AMZN,1m
2026-05-19 17:46:00+00:00,258.7900085449219,258.7900085449219,258.57000732421875,258.5899963378906,80924,AMZN,1m
2026-05-19 17:47:00+00:00,258.6000061035156,258.6700134277344,258.5011901855469,258.5299987792969,44129,AMZN,1m
2026-05-19 17:48:00+00:00,258.5299987792969,258.6134033203125,258.4200134277344,258.6099853515625,60130,AMZN,1m
2026-05-19 17:49:00+00:00,258.6199951171875,258.75,258.6099853515625,258.7300109863281,54100,AMZN,1m
2026-05-19 17:50:00+00:00,258.7200012207031,258.7900085449219,258.6807861328125,258.7799072265625,37564,AMZN,1m
2026-05-19 17:51:00+00:00,258.7650146484375,258.7799987792969,258.69500732421875,258.760009765625,55993,AMZN,1m
2026-05-19 17:52:00+00:00,258.760009765625,258.82000732421875,258.55999755859375,258.82000732421875,43520,AMZN,1m
2026-05-19 17:53:00+00:00,258.8399963378906,259.0150146484375,258.7950134277344,259.0150146484375,49024,AMZN,1m
2026-05-19 17:54:00+00:00,259.0199890136719,259.25,258.94000244140625,259.239990234375,85013,AMZN,1m
2026-05-19 17:55:00+00:00,259.2799987792969,259.3800048828125,259.14678955078125,259.1499938964844,68901,AMZN,1m
2026-05-19 17:56:00+00:00,259.17999267578125,259.2699890136719,259.0600891113281,259.1499938964844,63055,AMZN,1m
2026-05-19 17:57:00+00:00,259.1400146484375,259.17999267578125,259.0899963378906,259.1099853515625,30935,AMZN,1m
2026-05-19 17:58:00+00:00,259.1099853515625,259.25,259.1000061035156,259.1451110839844,36996,AMZN,1m
2026-05-19 17:59:00+00:00,259.1600036621094,259.239990234375,259.1499938964844,259.17498779296875,51929,AMZN,1m
2026-05-19 18:00:00+00:00,259.1600036621094,259.20001220703125,259.0700988769531,259.1199951171875,31573,AMZN,1m
2026-05-19 18:01:00+00:00,259.1400146484375,259.2200012207031,259.1400146484375,259.20001220703125,35186,AMZN,1m
2026-05-19 18:02:00+00:00,259.2099914550781,259.2650146484375,259.0450134277344,259.2550048828125,41310,AMZN,1m
2026-05-19 18:03:00+00:00,259.2699890136719,259.4800109863281,259.2699890136719,259.3900146484375,62157,AMZN,1m
2026-05-19 18:04:00+00:00,259.4100036621094,259.52899169921875,259.4100036621094,259.510009765625,56284,AMZN,1m
2026-05-19 18:05:00+00:00,259.510009765625,259.7049865722656,259.510009765625,259.6549987792969,67386,AMZN,1m
2026-05-19 18:06:00+00:00,259.6400146484375,259.75,259.6300048828125,259.6300048828125,66518,AMZN,1m
2026-05-19 18:07:00+00:00,259.6300048828125,259.75,259.6050109863281,259.7099914550781,56665,AMZN,1m
2026-05-19 18:08:00+00:00,259.70001220703125,259.7099914550781,259.4049987792969,259.44000244140625,46025,AMZN,1m
2026-05-19 18:09:00+00:00,259.45001220703125,259.6199951171875,259.440185546875,259.5899963378906,42814,AMZN,1m
2026-05-19 18:10:00+00:00,259.5600891113281,259.7349853515625,259.4601135253906,259.5799865722656,51601,AMZN,1m
2026-05-19 18:11:00+00:00,259.5799865722656,259.71990966796875,259.4800109863281,259.4800109863281,44946,AMZN,1m
2026-05-19 18:12:00+00:00,259.4949951171875,259.54998779296875,259.3714904785156,259.4949951171875,34123,AMZN,1m
2026-05-19 18:13:00+00:00,259.4949951171875,259.5,259.3100891113281,259.32501220703125,42245,AMZN,1m
2026-05-19 18:14:00+00:00,259.32501220703125,259.4599914550781,259.17999267578125,259.20001220703125,41401,AMZN,1m
2026-05-19 18:15:00+00:00,259.239990234375,259.2991943359375,256.79998779296875,259.0799865722656,134531,AMZN,1m
2026-05-19 18:16:00+00:00,259.07000732421875,259.08990478515625,258.8699951171875,258.885009765625,56056,AMZN,1m
2026-05-19 18:17:00+00:00,258.8699951171875,259.0899963378906,258.82000732421875,259.0299987792969,48976,AMZN,1m
2026-05-19 18:18:00+00:00,259.0350036621094,259.1199951171875,258.9800109863281,259.0400085449219,31177,AMZN,1m
2026-05-19 18:19:00+00:00,259.05999755859375,259.2099914550781,259.05999755859375,259.19500732421875,36765,AMZN,1m
2026-05-19 18:20:00+00:00,259.19000244140625,259.3500061035156,259.19000244140625,259.32000732421875,41509,AMZN,1m
2026-05-19 18:21:00+00:00,259.32000732421875,259.3599853515625,259.2250061035156,259.3399963378906,46092,AMZN,1m
2026-05-19 18:22:00+00:00,259.33990478515625,259.3999938964844,259.07000732421875,259.32000732421875,72119,AMZN,1m
2026-05-19 18:23:00+00:00,259.29998779296875,259.42999267578125,259.264404296875,259.3399963378906,32099,AMZN,1m
2026-05-19 18:24:00+00:00,259.3399963378906,259.3500061035156,259.1600036621094,259.19000244140625,42289,AMZN,1m
2026-05-19 18:25:00+00:00,259.2200012207031,259.3349914550781,259.2200012207031,259.3349914550781,23433,AMZN,1m
2026-05-19 18:26:00+00:00,259.31988525390625,259.4599914550781,259.2900085449219,259.44000244140625,42672,AMZN,1m
2026-05-19 18:27:00+00:00,259.4200134277344,259.43499755859375,259.17999267578125,259.19000244140625,45826,AMZN,1m
2026-05-19 18:28:00+00:00,259.1700134277344,259.3002014160156,259.07000732421875,259.2701110839844,39344,AMZN,1m
2026-05-19 18:29:00+00:00,259.30999755859375,259.4599914550781,259.2099914550781,259.239990234375,40018,AMZN,1m
2026-05-19 18:30:00+00:00,259.25,259.2799987792969,259.114990234375,259.239990234375,35990,AMZN,1m
2026-05-19 18:31:00+00:00,259.20001220703125,259.3399963378906,259.1900939941406,259.3399963378906,26726,AMZN,1m
2026-05-19 18:32:00+00:00,259.3299865722656,259.42999267578125,259.260009765625,259.39990234375,34238,AMZN,1m
2026-05-19 18:33:00+00:00,259.3699951171875,259.5,259.3349914550781,259.4800109863281,29539,AMZN,1m
2026-05-19 18:34:00+00:00,259.5,259.5098876953125,259.29998779296875,259.32000732421875,35720,AMZN,1m
2026-05-19 18:35:00+00:00,259.3599853515625,259.4599914550781,259.2900085449219,259.4599914550781,28697,AMZN,1m
2026-05-19 18:36:00+00:00,259.4599914550781,259.4800109863281,259.2799987792969,259.2799987792969,26025,AMZN,1m
2026-05-19 18:37:00+00:00,259.25,259.3500061035156,259.25,259.3500061035156,24929,AMZN,1m
2026-05-19 18:38:00+00:00,259.3500061035156,259.385009765625,259.2300109863281,259.2699890136719,27000,AMZN,1m
2026-05-19 18:39:00+00:00,259.2900085449219,259.364990234375,259.17999267578125,259.20001220703125,37978,AMZN,1m
2026-05-19 18:40:00+00:00,259.1650085449219,259.20001220703125,259.0712890625,259.1449890136719,47659,AMZN,1m
2026-05-19 18:41:00+00:00,259.1600036621094,259.1600036621094,259.04998779296875,259.1499938964844,28300,AMZN,1m
2026-05-19 18:42:00+00:00,259.1600036621094,259.2250061035156,259.1214904785156,259.18499755859375,40151,AMZN,1m
2026-05-19 18:43:00+00:00,259.17999267578125,259.25,259.16009521484375,259.25,33073,AMZN,1m
2026-05-19 18:44:00+00:00,259.239990234375,259.239990234375,259.1499938964844,259.2099914550781,25467,AMZN,1m
2026-05-19 18:45:00+00:00,259.19000244140625,259.2200012207031,259.1199951171875,259.19000244140625,31765,AMZN,1m
2026-05-19 18:46:00+00:00,259.2099914550781,259.29998779296875,259.20050048828125,259.239990234375,25702,AMZN,1m
2026-05-19 18:47:00+00:00,259.239990234375,259.29998779296875,259.20001220703125,259.2300109863281,23503,AMZN,1m
2026-05-19 18:48:00+00:00,259.2650146484375,259.3900146484375,259.2099914550781,259.364990234375,58357,AMZN,1m
2026-05-19 18:49:00+00:00,259.385009765625,259.489990234375,259.375,259.44500732421875,35317,AMZN,1m
2026-05-19 18:50:00+00:00,259.44500732421875,259.44500732421875,259.25,259.2900085449219,38914,AMZN,1m
2026-05-19 18:51:00+00:00,259.29998779296875,259.29998779296875,259.19000244140625,259.2200012207031,31159,AMZN,1m
2026-05-19 18:52:00+00:00,259.19000244140625,259.239990234375,259.0899963378906,259.19000244140625,34086,AMZN,1m
2026-05-19 18:53:00+00:00,259.1600036621094,259.17498779296875,258.9324951171875,259.0199890136719,50444,AMZN,1m
2026-05-19 18:54:00+00:00,259.0199890136719,259.1418151855469,258.9800109863281,258.9901123046875,43541,AMZN,1m
2026-05-19 18:55:00+00:00,258.989990234375,258.989990234375,258.7701110839844,258.79998779296875,67877,AMZN,1m
2026-05-19 18:56:00+00:00,258.79998779296875,259.0398864746094,258.79998779296875,258.9849853515625,52463,AMZN,1m
2026-05-19 18:57:00+00:00,258.9849853515625,259.2300109863281,258.9700927734375,259.2099914550781,43363,AMZN,1m
2026-05-19 18:58:00+00:00,259.2149963378906,259.3599853515625,259.1499938964844,259.1499938964844,63602,AMZN,1m
2026-05-19 18:59:00+00:00,259.1300048828125,259.2799987792969,259.0299987792969,259.2099914550781,58645,AMZN,1m
2026-05-19 19:00:00+00:00,259.17999267578125,259.4460144042969,259.1600036621094,259.3900146484375,45390,AMZN,1m
2026-05-19 19:01:00+00:00,259.3949890136719,259.3949890136719,259.07000732421875,259.1099853515625,43251,AMZN,1m
2026-05-19 19:02:00+00:00,259.125,259.125,258.9599914550781,258.9649963378906,39862,AMZN,1m
2026-05-19 19:03:00+00:00,258.95001220703125,259.07000732421875,258.9100036621094,258.9100036621094,40969,AMZN,1m
2026-05-19 19:04:00+00:00,258.94000244140625,258.9599914550781,258.8399963378906,258.9100036621094,41138,AMZN,1m
2026-05-19 19:05:00+00:00,258.8900146484375,259.0199890136719,258.88800048828125,259.0199890136719,24740,AMZN,1m
2026-05-19 19:06:00+00:00,259.0299987792969,259.0799865722656,258.95001220703125,258.9599914550781,45614,AMZN,1m
2026-05-19 19:07:00+00:00,258.9700012207031,259.1300048828125,258.95001220703125,259.0899963378906,39987,AMZN,1m
2026-05-19 19:08:00+00:00,259.0799865722656,259.32000732421875,259.0799865722656,259.2950134277344,62693,AMZN,1m
2026-05-19 19:09:00+00:00,259.2799987792969,259.3999938964844,259.20001220703125,259.2099914550781,39070,AMZN,1m
2026-05-19 19:10:00+00:00,259.2099914550781,259.3900146484375,259.1499938964844,259.29998779296875,50077,AMZN,1m
2026-05-19 19:11:00+00:00,259.30999755859375,259.3399963378906,259.1300048828125,259.17999267578125,34558,AMZN,1m
2026-05-19 19:12:00+00:00,259.19000244140625,259.31500244140625,259.19000244140625,259.2300109863281,36617,AMZN,1m
2026-05-19 19:13:00+00:00,259.2300109863281,259.2699890136719,259.1199951171875,259.2349853515625,54201,AMZN,1m
2026-05-19 19:14:00+00:00,259.2200012207031,259.42999267578125,259.2200012207031,259.4200134277344,38890,AMZN,1m
2026-05-19 19:15:00+00:00,259.42999267578125,259.4599914550781,259.3550109863281,259.45001220703125,53862,AMZN,1m
2026-05-19 19:16:00+00:00,259.44500732421875,259.44500732421875,259.29998779296875,259.3599853515625,70738,AMZN,1m
2026-05-19 19:17:00+00:00,259.3599853515625,259.3800048828125,259.1900939941406,259.3599853515625,52134,AMZN,1m
2026-05-19 19:18:00+00:00,259.364990234375,259.5299987792969,259.3599853515625,259.4200134277344,44378,AMZN,1m
2026-05-19 19:19:00+00:00,259.4100036621094,259.4100036621094,259.32000732421875,259.3599853515625,47348,AMZN,1m
2026-05-19 19:20:00+00:00,259.3500061035156,259.42498779296875,259.3399963378906,259.3599853515625,43283,AMZN,1m
2026-05-19 19:21:00+00:00,259.3550109863281,259.3999938964844,259.2699890136719,259.39990234375,43209,AMZN,1m
2026-05-19 19:22:00+00:00,259.385009765625,259.3900146484375,259.20001220703125,259.2099914550781,70343,AMZN,1m
2026-05-19 19:23:00+00:00,259.2049865722656,259.2650146484375,259.1000061035156,259.1199035644531,43532,AMZN,1m
2026-05-19 19:24:00+00:00,259.0899963378906,259.1000061035156,258.9800109863281,258.9800109863281,48819,AMZN,1m
2026-05-19 19:25:00+00:00,258.9800109863281,259.010009765625,258.8699951171875,259.0050048828125,51860,AMZN,1m
2026-05-19 19:26:00+00:00,259.010009765625,259.05999755859375,258.94000244140625,259.0400085449219,66113,AMZN,1m
2026-05-19 19:27:00+00:00,259.0400085449219,259.1300048828125,258.93499755859375,259.1299133300781,44578,AMZN,1m
2026-05-19 19:28:00+00:00,259.1099853515625,259.2698974609375,259.1099853515625,259.17999267578125,43720,AMZN,1m
2026-05-19 19:29:00+00:00,259.1700134277344,259.19000244140625,259.04998779296875,259.18499755859375,31994,AMZN,1m
2026-05-19 19:30:00+00:00,259.19000244140625,259.239990234375,259.0050048828125,259.0199890136719,59642,AMZN,1m
2026-05-19 19:31:00+00:00,259.010009765625,259.239990234375,258.95001220703125,259.239990234375,740716,AMZN,1m
2026-05-19 19:32:00+00:00,259.239990234375,259.260009765625,259.1600036621094,259.2099914550781,54971,AMZN,1m
2026-05-19 19:33:00+00:00,259.20001220703125,259.2850036621094,259.1099853515625,259.1300048828125,42705,AMZN,1m
2026-05-19 19:34:00+00:00,259.1400146484375,259.1700134277344,259.0950012207031,259.1000061035156,26346,AMZN,1m
2026-05-19 19:35:00+00:00,259.1099853515625,259.15008544921875,259.0140075683594,259.0191955566406,38227,AMZN,1m
2026-05-19 19:36:00+00:00,259.0249938964844,259.1499938964844,259.010009765625,259.060302734375,43855,AMZN,1m
2026-05-19 19:37:00+00:00,259.07000732421875,259.1600036621094,259.07000732421875,259.10009765625,34229,AMZN,1m
2026-05-19 19:38:00+00:00,259.1099853515625,259.125,259.010009765625,259.05999755859375,33117,AMZN,1m
2026-05-19 19:39:00+00:00,259.0899963378906,259.1199951171875,259.0400085449219,259.04998779296875,39825,AMZN,1m
2026-05-19 19:40:00+00:00,259.0299987792969,259.05999755859375,258.8900146484375,259.05499267578125,65683,AMZN,1m
2026-05-19 19:41:00+00:00,259.0299987792969,259.1000061035156,258.8999938964844,259.04998779296875,47471,AMZN,1m
2026-05-19 19:42:00+00:00,259.0921936035156,259.0921936035156,258.8999938964844,258.92498779296875,38763,AMZN,1m
2026-05-19 19:43:00+00:00,258.94000244140625,258.9599914550781,258.8800964355469,258.9599914550781,42752,AMZN,1m
2026-05-19 19:44:00+00:00,258.9700012207031,259.0299987792969,258.9200134277344,259.0,45266,AMZN,1m
2026-05-19 19:45:00+00:00,259.0,259.0599060058594,258.9200134277344,258.9599914550781,64709,AMZN,1m
2026-05-19 19:46:00+00:00,258.9700012207031,259.18499755859375,258.9700012207031,259.18499755859375,62682,AMZN,1m
2026-05-19 19:47:00+00:00,259.17999267578125,259.3699035644531,259.1700134277344,259.2900085449219,74474,AMZN,1m
2026-05-19 19:48:00+00:00,259.2850036621094,259.30999755859375,259.1600036621094,259.17999267578125,73908,AMZN,1m
2026-05-19 19:49:00+00:00,259.2099914550781,259.32501220703125,259.1700134277344,259.19000244140625,63508,AMZN,1m
2026-05-19 19:50:00+00:00,259.19000244140625,259.19000244140625,258.8699951171875,259.010009765625,145106,AMZN,1m
2026-05-19 19:51:00+00:00,259.0150146484375,259.04840087890625,258.8999938964844,258.92999267578125,120178,AMZN,1m
2026-05-19 19:52:00+00:00,258.94000244140625,259.2200012207031,258.94000244140625,259.1549987792969,89195,AMZN,1m
2026-05-19 19:53:00+00:00,259.17999267578125,259.2799072265625,259.1400146484375,259.2049865722656,105719,AMZN,1m
2026-05-19 19:54:00+00:00,259.2099914550781,259.4200134277344,259.0400085449219,259.1600036621094,178316,AMZN,1m
2026-05-19 19:55:00+00:00,259.1000061035156,259.1000061035156,258.7300109863281,258.9400939941406,272925,AMZN,1m
2026-05-19 19:56:00+00:00,258.95001220703125,259.1499938964844,258.9049987792969,259.0199890136719,234998,AMZN,1m
2026-05-19 19:57:00+00:00,259.0299987792969,259.2699890136719,258.9949951171875,259.2200012207031,330553,AMZN,1m
2026-05-19 19:58:00+00:00,259.2250061035156,259.3500061035156,259.20001220703125,259.3500061035156,401862,AMZN,1m
2026-05-19 19:59:00+00:00,259.35870361328125,259.42999267578125,259.2900085449219,259.4200134277344,1010246,AMZN,1m
2026-05-20 13:30:00+00:00,260.1319885253906,261.1700134277344,260.04998779296875,260.4599914550781,1189831,AMZN,1m
2026-05-20 13:31:00+00:00,260.41180419921875,261.57000732421875,260.3999938964844,261.5050048828125,162291,AMZN,1m
2026-05-20 13:32:00+00:00,261.4200134277344,261.5899963378906,260.9200134277344,261.2099914550781,109406,AMZN,1m
2026-05-20 13:33:00+00:00,261.2650146484375,261.3699951171875,260.9599914550781,261.2550048828125,136757,AMZN,1m
2026-05-20 13:34:00+00:00,261.2749938964844,261.2749938964844,260.6300048828125,260.6499938964844,147620,AMZN,1m
2026-05-20 13:35:00+00:00,260.6650085449219,260.70001220703125,259.8900146484375,259.95001220703125,126821,AMZN,1m
2026-05-20 13:36:00+00:00,259.94500732421875,260.1650085449219,259.75,259.8900146484375,122863,AMZN,1m
2026-05-20 13:37:00+00:00,259.8900146484375,259.92999267578125,259.5329895019531,259.8500061035156,85592,AMZN,1m
2026-05-20 13:38:00+00:00,259.8900146484375,260.0799865722656,259.79998779296875,260.0,76686,AMZN,1m
2026-05-20 13:39:00+00:00,260.0350036621094,260.44000244140625,259.9599914550781,260.4100036621094,105920,AMZN,1m
2026-05-20 13:40:00+00:00,260.43560791015625,260.95001220703125,260.29998779296875,260.8949890136719,130021,AMZN,1m
2026-05-20 13:41:00+00:00,260.9700012207031,261.42999267578125,260.9100036621094,261.0400085449219,160020,AMZN,1m
2026-05-20 13:42:00+00:00,261.1400146484375,261.5799865722656,261.1400146484375,261.44000244140625,110100,AMZN,1m
2026-05-20 13:43:00+00:00,261.4397888183594,261.8500061035156,261.3999938964844,261.5150146484375,151811,AMZN,1m
2026-05-20 13:44:00+00:00,261.5150146484375,261.8550109863281,261.2850036621094,261.5899963378906,176254,AMZN,1m
2026-05-20 13:45:00+00:00,261.57000732421875,261.98858642578125,261.510009765625,261.82000732421875,195138,AMZN,1m
2026-05-20 13:46:00+00:00,261.8349914550781,262.46551513671875,261.760009765625,262.4549865722656,211083,AMZN,1m
2026-05-20 13:47:00+00:00,262.4700012207031,263.0899963378906,262.364990234375,263.0849914550781,332783,AMZN,1m
2026-05-20 13:48:00+00:00,263.1050109863281,263.1199951171875,261.92999267578125,262.0849914550781,221495,AMZN,1m
2026-05-20 13:49:00+00:00,262.07000732421875,262.07000732421875,261.3999938964844,261.44989013671875,166934,AMZN,1m
2026-05-20 13:50:00+00:00,261.42498779296875,261.885498046875,261.3399963378906,261.3799133300781,102025,AMZN,1m
2026-05-20 13:51:00+00:00,261.3299865722656,261.44000244140625,260.9649963378906,261.0450134277344,106109,AMZN,1m
2026-05-20 13:52:00+00:00,261.0249938964844,261.4090881347656,260.9800109863281,261.3699951171875,69843,AMZN,1m
2026-05-20 13:53:00+00:00,261.3699951171875,261.6700134277344,261.32000732421875,261.5,80194,AMZN,1m
2026-05-20 13:54:00+00:00,261.4856872558594,261.56500244140625,261.0400085449219,261.2099914550781,81819,AMZN,1m
2026-05-20 13:55:00+00:00,261.1700134277344,261.2799987792969,260.75,260.81390380859375,70638,AMZN,1m
2026-05-20 13:56:00+00:00,260.7749938964844,261.1600036621094,260.7149963378906,260.9949951171875,84959,AMZN,1m
2026-05-20 13:57:00+00:00,261.0050048828125,261.2950134277344,260.9700012207031,261.2099914550781,63273,AMZN,1m
2026-05-20 13:58:00+00:00,261.1700134277344,261.2900085449219,261.05999755859375,261.2300109863281,45670,AMZN,1m
2026-05-20 13:59:00+00:00,261.2699890136719,261.6199035644531,261.20001220703125,261.4800109863281,107478,AMZN,1m
2026-05-20 14:00:00+00:00,261.4949951171875,261.5199890136719,261.1600036621094,261.29998779296875,97198,AMZN,1m
2026-05-20 14:01:00+00:00,261.30999755859375,261.6300048828125,260.9599914550781,261.07000732421875,88392,AMZN,1m
2026-05-20 14:02:00+00:00,261.04010009765625,261.3550109863281,261.0299987792969,261.2001037597656,122899,AMZN,1m
2026-05-20 14:03:00+00:00,261.239990234375,261.4200134277344,261.01019287109375,261.0816955566406,80168,AMZN,1m
2026-05-20 14:04:00+00:00,261.1199951171875,261.75,261.1199951171875,261.7300109863281,92821,AMZN,1m
2026-05-20 14:05:00+00:00,261.7300109863281,261.75,261.1000061035156,261.17999267578125,105608,AMZN,1m
2026-05-20 14:06:00+00:00,261.17999267578125,261.2550048828125,260.93328857421875,261.1900939941406,67668,AMZN,1m
2026-05-20 14:07:00+00:00,261.2491149902344,261.2900085449219,261.0799865722656,261.1499938964844,44169,AMZN,1m
2026-05-20 14:08:00+00:00,261.17999267578125,261.2200012207031,260.8349914550781,260.8349914550781,54889,AMZN,1m
2026-05-20 14:09:00+00:00,260.80999755859375,260.93499755859375,260.57000732421875,260.8599853515625,77459,AMZN,1m
2026-05-20 14:10:00+00:00,260.8900146484375,261.1600036621094,260.739990234375,261.010009765625,76511,AMZN,1m
2026-05-20 14:11:00+00:00,260.95001220703125,260.95001220703125,260.4049987792969,260.55999755859375,91382,AMZN,1m
2026-05-20 14:12:00+00:00,260.5899963378906,260.7782897949219,260.4700012207031,260.55999755859375,47582,AMZN,1m
2026-05-20 14:13:00+00:00,260.6000061035156,260.8599853515625,260.5400085449219,260.7900085449219,36513,AMZN,1m
2026-05-20 14:14:00+00:00,260.80999755859375,261.7300109863281,260.7799987792969,261.2900085449219,137607,AMZN,1m
2026-05-20 14:15:00+00:00,261.32000732421875,261.6000061035156,261.1400146484375,261.5600891113281,52374,AMZN,1m
2026-05-20 14:16:00+00:00,261.5799865722656,262.5,261.42999267578125,262.4800109863281,162065,AMZN,1m
2026-05-20 14:17:00+00:00,262.5,262.6294860839844,262.1400146484375,262.17999267578125,118430,AMZN,1m
2026-05-20 14:18:00+00:00,262.20001220703125,262.5636901855469,262.0400085449219,262.0849914550781,78282,AMZN,1m
2026-05-20 14:19:00+00:00,262.1099853515625,262.3900146484375,262.1099853515625,262.2799987792969,61433,AMZN,1m
2026-05-20 14:20:00+00:00,262.2449951171875,262.6300048828125,262.2250061035156,262.4100036621094,101384,AMZN,1m
2026-05-20 14:21:00+00:00,262.4209899902344,262.57501220703125,262.2349853515625,262.3599853515625,125251,AMZN,1m
2026-05-20 14:22:00+00:00,262.375,262.45001220703125,262.2650146484375,262.3500061035156,58607,AMZN,1m
2026-05-20 14:23:00+00:00,262.4100036621094,262.45001220703125,261.92498779296875,261.95001220703125,86163,AMZN,1m
2026-05-20 14:24:00+00:00,261.9800109863281,262.2149963378906,261.7900085449219,261.8349914550781,99799,AMZN,1m
2026-05-20 14:25:00+00:00,261.80999755859375,261.92498779296875,261.4700012207031,261.8800048828125,52697,AMZN,1m
2026-05-20 14:26:00+00:00,261.8500061035156,262.1300048828125,261.8399963378906,262.0,44595,AMZN,1m
2026-05-20 14:27:00+00:00,262.0,262.25,261.9800109863281,262.07000732421875,54443,AMZN,1m
2026-05-20 14:28:00+00:00,262.0400085449219,262.0799865722656,261.9200134277344,262.05499267578125,41522,AMZN,1m
2026-05-20 14:29:00+00:00,262.07000732421875,262.1700134277344,261.9200134277344,262.1400146484375,46655,AMZN,1m
2026-05-20 14:30:00+00:00,262.1700134277344,262.57501220703125,262.1700134277344,262.4800109863281,109129,AMZN,1m
2026-05-20 14:31:00+00:00,262.4800109863281,262.7200012207031,262.4599914550781,262.69000244140625,86017,AMZN,1m
2026-05-20 14:32:00+00:00,262.7049865722656,262.79998779296875,262.6499938964844,262.67999267578125,79836,AMZN,1m
2026-05-20 14:33:00+00:00,262.6700134277344,262.7799987792969,262.489990234375,262.5899963378906,88384,AMZN,1m
2026-05-20 14:34:00+00:00,262.6099853515625,263.0,262.42999267578125,262.4700012207031,124581,AMZN,1m
2026-05-20 14:35:00+00:00,262.489990234375,262.6300048828125,262.3500061035156,262.4399108886719,69662,AMZN,1m
2026-05-20 14:36:00+00:00,262.44000244140625,262.760009765625,262.4049987792969,262.5799865722656,76624,AMZN,1m
2026-05-20 14:37:00+00:00,262.6129150390625,262.6449890136719,262.3699951171875,262.4200134277344,78452,AMZN,1m
2026-05-20 14:38:00+00:00,262.3900146484375,262.6400146484375,262.3599853515625,262.58660888671875,64837,AMZN,1m
2026-05-20 14:39:00+00:00,262.57501220703125,262.70989990234375,262.4649963378906,262.4649963378906,60214,AMZN,1m
2026-05-20 14:40:00+00:00,262.4649963378906,262.55999755859375,262.2749938964844,262.3399963378906,67898,AMZN,1m
2026-05-20 14:41:00+00:00,262.3299865722656,262.3689880371094,262.20001220703125,262.2650146484375,55382,AMZN,1m
2026-05-20 14:42:00+00:00,262.239990234375,262.43499755859375,262.2349853515625,262.3500061035156,40889,AMZN,1m
2026-05-20 14:43:00+00:00,262.3599853515625,262.45361328125,262.3200988769531,262.44000244140625,41562,AMZN,1m
2026-05-20 14:44:00+00:00,262.4700012207031,262.6000061035156,262.4599914550781,262.5899963378906,49926,AMZN,1m
2026-05-20 14:45:00+00:00,262.635009765625,262.82000732421875,262.4800109863281,262.55999755859375,84985,AMZN,1m
2026-05-20 14:46:00+00:00,262.6199951171875,262.75,262.55999755859375,262.5950012207031,56920,AMZN,1m
2026-05-20 14:47:00+00:00,262.5899963378906,262.69000244140625,262.53009033203125,262.56500244140625,47900,AMZN,1m
2026-05-20 14:48:00+00:00,262.57000732421875,262.8299865722656,262.55499267578125,262.70001220703125,94048,AMZN,1m
2026-05-20 14:49:00+00:00,262.7300109863281,262.92999267578125,262.7149963378906,262.8599853515625,63789,AMZN,1m
2026-05-20 14:50:00+00:00,262.8900146484375,263.20001220703125,262.7986145019531,263.010009765625,103004,AMZN,1m
2026-05-20 14:51:00+00:00,262.989990234375,263.25,262.8999938964844,263.25,50936,AMZN,1m
2026-05-20 14:52:00+00:00,263.2799987792969,263.4200134277344,263.17999267578125,263.239990234375,78075,AMZN,1m
2026-05-20 14:53:00+00:00,263.2550048828125,263.54998779296875,263.2300109863281,263.54998779296875,55015,AMZN,1m
2026-05-20 14:54:00+00:00,263.5899963378906,263.59991455078125,263.4200134277344,263.54998779296875,71456,AMZN,1m
2026-05-20 14:55:00+00:00,263.5199890136719,264.1600036621094,263.5,263.989990234375,134933,AMZN,1m
2026-05-20 14:56:00+00:00,264.0,264.2200012207031,263.9281921386719,264.0840148925781,106703,AMZN,1m
2026-05-20 14:57:00+00:00,264.1000061035156,264.3500061035156,263.9700012207031,264.3349914550781,87098,AMZN,1m
2026-05-20 14:58:00+00:00,264.30999755859375,264.4849853515625,264.05999755859375,264.07000732421875,116010,AMZN,1m
2026-05-20 14:59:00+00:00,264.0799865722656,264.3699951171875,264.0799865722656,264.25,62538,AMZN,1m
2026-05-20 15:00:00+00:00,264.2300109863281,264.4700012207031,264.2099914550781,264.32000732421875,65690,AMZN,1m
2026-05-20 15:01:00+00:00,264.32501220703125,264.3699951171875,264.1336975097656,264.3500061035156,82890,AMZN,1m
2026-05-20 15:02:00+00:00,264.3399963378906,264.54998779296875,264.3299865722656,264.42999267578125,90906,AMZN,1m
2026-05-20 15:03:00+00:00,264.4200134277344,264.5950012207031,264.2799987792969,264.3599853515625,89015,AMZN,1m
2026-05-20 15:04:00+00:00,264.340087890625,264.4599914550781,264.1650085449219,264.18438720703125,74172,AMZN,1m
2026-05-20 15:05:00+00:00,264.1700134277344,264.25,264.1105041503906,264.19000244140625,54474,AMZN,1m
2026-05-20 15:06:00+00:00,264.2099914550781,264.2200012207031,264.0199890136719,264.12451171875,42810,AMZN,1m
2026-05-20 15:07:00+00:00,264.1000061035156,264.2200012207031,263.8699951171875,263.94000244140625,47639,AMZN,1m
2026-05-20 15:08:00+00:00,263.95001220703125,264.0249938964844,263.8559875488281,263.9150085449219,75979,AMZN,1m
2026-05-20 15:09:00+00:00,263.8999938964844,263.9700012207031,263.8699951171875,263.9100036621094,49740,AMZN,1m
2026-05-20 15:10:00+00:00,263.92999267578125,263.9800109863281,263.739990234375,263.7500915527344,53248,AMZN,1m
2026-05-20 15:11:00+00:00,263.7550048828125,263.7699890136719,263.6289978027344,263.7349853515625,56906,AMZN,1m
2026-05-20 15:12:00+00:00,263.7200012207031,263.7900085449219,263.6199951171875,263.6913146972656,56273,AMZN,1m
2026-05-20 15:13:00+00:00,263.6600036621094,263.7900085449219,263.6400146484375,263.69000244140625,85214,AMZN,1m
2026-05-20 15:14:00+00:00,263.6700134277344,263.7850036621094,263.6199951171875,263.75,65854,AMZN,1m
2026-05-20 15:15:00+00:00,263.7799987792969,264.8799133300781,263.6499938964844,264.7200012207031,248036,AMZN,1m
2026-05-20 15:16:00+00:00,264.6400146484375,265.3399963378906,264.39068603515625,265.2099914550781,299877,AMZN,1m
2026-05-20 15:17:00+00:00,265.2250061035156,265.2250061035156,264.3299865722656,264.3550109863281,98030,AMZN,1m
2026-05-20 15:18:00+00:00,264.3299865722656,264.42999267578125,264.07501220703125,264.19000244140625,120329,AMZN,1m
2026-05-20 15:19:00+00:00,264.19000244140625,264.3900146484375,264.04998779296875,264.3399963378906,102840,AMZN,1m
2026-05-20 15:20:00+00:00,264.32501220703125,264.79998779296875,264.29998779296875,264.66009521484375,49329,AMZN,1m
2026-05-20 15:21:00+00:00,264.7099914550781,264.7799987792969,264.54998779296875,264.6000061035156,44019,AMZN,1m
2026-05-20 15:22:00+00:00,264.57501220703125,264.6600036621094,264.45001220703125,264.5299987792969,39181,AMZN,1m
2026-05-20 15:23:00+00:00,264.55999755859375,264.6400146484375,264.4400939941406,264.5801086425781,45605,AMZN,1m
2026-05-20 15:24:00+00:00,264.590087890625,264.6700134277344,264.4800109863281,264.6400146484375,49463,AMZN,1m
2026-05-20 15:25:00+00:00,264.6199951171875,264.67999267578125,264.3800048828125,264.4840087890625,55083,AMZN,1m
2026-05-20 15:26:00+00:00,264.5199890136719,264.5899963378906,264.4200134277344,264.5299987792969,29309,AMZN,1m
2026-05-20 15:27:00+00:00,264.510009765625,264.5299987792969,264.32330322265625,264.42999267578125,57383,AMZN,1m
2026-05-20 15:28:00+00:00,264.42999267578125,264.48858642578125,264.2799987792969,264.2900085449219,53763,AMZN,1m
2026-05-20 15:29:00+00:00,264.3299865722656,264.3399963378906,264.0799865722656,264.1199951171875,41743,AMZN,1m
2026-05-20 15:30:00+00:00,264.1400146484375,264.54998779296875,264.1099853515625,264.54010009765625,49333,AMZN,1m
2026-05-20 15:31:00+00:00,264.6000061035156,264.6000061035156,264.4599914550781,264.55511474609375,59463,AMZN,1m
2026-05-20 15:32:00+00:00,264.6199951171875,264.79510498046875,264.4801025390625,264.79510498046875,47945,AMZN,1m
2026-05-20 15:33:00+00:00,264.80999755859375,264.8999938964844,264.6400146484375,264.69000244140625,59669,AMZN,1m
2026-05-20 15:34:00+00:00,264.739990234375,264.80999755859375,264.7200012207031,264.7749938964844,40892,AMZN,1m
2026-05-20 15:35:00+00:00,264.7749938964844,264.82501220703125,264.69000244140625,264.760009765625,32827,AMZN,1m
2026-05-20 15:36:00+00:00,264.75,264.7650146484375,264.4549865722656,264.4649963378906,32454,AMZN,1m
2026-05-20 15:37:00+00:00,264.4849853515625,264.6050109863281,264.4200134277344,264.56988525390625,40586,AMZN,1m
2026-05-20 15:38:00+00:00,264.52508544921875,264.6499938964844,264.510009765625,264.639892578125,29111,AMZN,1m
2026-05-20 15:39:00+00:00,264.6499938964844,264.84991455078125,264.59710693359375,264.843994140625,56068,AMZN,1m
2026-05-20 15:40:00+00:00,264.84600830078125,264.92498779296875,264.6199951171875,264.6700134277344,39953,AMZN,1m
2026-05-20 15:41:00+00:00,264.70001220703125,264.9200134277344,264.70001220703125,264.9200134277344,58968,AMZN,1m
2026-05-20 15:42:00+00:00,264.94000244140625,264.989990234375,264.8599853515625,264.9100036621094,62372,AMZN,1m
2026-05-20 15:43:00+00:00,264.9100036621094,265.04998779296875,264.8900146484375,264.9200134277344,64581,AMZN,1m
2026-05-20 15:44:00+00:00,264.9200134277344,265.20001220703125,264.9200134277344,265.17999267578125,53286,AMZN,1m
2026-05-20 15:45:00+00:00,265.17999267578125,265.5199890136719,265.1199951171875,265.5199890136719,94645,AMZN,1m
2026-05-20 15:46:00+00:00,265.5299987792969,265.5799865722656,265.32000732421875,265.32000732421875,81817,AMZN,1m
2026-05-20 15:47:00+00:00,265.32000732421875,265.3699951171875,265.19000244140625,265.2449951171875,84718,AMZN,1m
2026-05-20 15:48:00+00:00,265.2349853515625,265.2900085449219,265.1499938964844,265.19000244140625,168453,AMZN,1m
2026-05-20 15:49:00+00:00,265.19000244140625,265.29998779296875,265.16119384765625,265.2699890136719,37930,AMZN,1m
2026-05-20 15:50:00+00:00,265.2900085449219,265.3599853515625,265.2749938964844,265.2950134277344,35208,AMZN,1m
2026-05-20 15:51:00+00:00,265.3699951171875,265.4100036621094,265.2401123046875,265.3599853515625,37678,AMZN,1m
2026-05-20 15:52:00+00:00,265.3699951171875,265.5098876953125,265.29998779296875,265.489990234375,43713,AMZN,1m
2026-05-20 15:53:00+00:00,265.510009765625,265.510009765625,265.2200927734375,265.25,50574,AMZN,1m
2026-05-20 15:54:00+00:00,265.2749938964844,265.2749938964844,264.90301513671875,264.90509033203125,72249,AMZN,1m
2026-05-20 15:55:00+00:00,264.9200134277344,265.05999755859375,264.8999938964844,265.04998779296875,45975,AMZN,1m
2026-05-20 15:56:00+00:00,265.010009765625,265.36761474609375,265.010009765625,265.3399963378906,44279,AMZN,1m
2026-05-20 15:57:00+00:00,265.3299865722656,265.3399963378906,264.94000244140625,265.0,44034,AMZN,1m
2026-05-20 15:58:00+00:00,264.9100036621094,265.0799865722656,264.9100036621094,265.010009765625,49155,AMZN,1m
2026-05-20 15:59:00+00:00,265.00689697265625,265.0199890136719,264.7099914550781,264.92999267578125,41967,AMZN,1m
2026-05-20 16:00:00+00:00,264.92999267578125,264.989990234375,264.8299865722656,264.9599914550781,41141,AMZN,1m
2026-05-20 16:01:00+00:00,264.9400939941406,264.9599914550781,264.7803955078125,264.8900146484375,43016,AMZN,1m
2026-05-20 16:02:00+00:00,264.8999938964844,264.8999938964844,264.7250061035156,264.75,50198,AMZN,1m
2026-05-20 16:03:00+00:00,264.7200012207031,264.7200012207031,264.4599914550781,264.5199890136719,54611,AMZN,1m
2026-05-20 16:04:00+00:00,264.5249938964844,264.69000244140625,264.45001220703125,264.6300048828125,43368,AMZN,1m
2026-05-20 16:05:00+00:00,264.6300048828125,264.71990966796875,264.5899963378906,264.70001220703125,36224,AMZN,1m
2026-05-20 16:06:00+00:00,264.71990966796875,264.84619140625,264.6752014160156,264.7200012207031,61266,AMZN,1m
2026-05-20 16:07:00+00:00,264.7349853515625,264.7699890136719,264.6400146484375,264.7349853515625,67962,AMZN,1m
2026-05-20 16:08:00+00:00,264.7349853515625,264.7349853515625,264.3450927734375,264.3598937988281,41034,AMZN,1m
2026-05-20 16:09:00+00:00,264.3399963378906,264.3699951171875,264.29998779296875,264.3591003417969,44504,AMZN,1m
2026-05-20 16:10:00+00:00,264.3500061035156,264.4200134277344,264.2650146484375,264.4176940917969,31374,AMZN,1m
2026-05-20 16:11:00+00:00,264.41009521484375,264.42388916015625,264.2900085449219,264.3699951171875,31901,AMZN,1m
2026-05-20 16:12:00+00:00,264.4100036621094,264.4200134277344,264.3204040527344,264.330810546875,26814,AMZN,1m
2026-05-20 16:13:00+00:00,264.3349914550781,264.4599914550781,264.260009765625,264.42999267578125,39307,AMZN,1m
2026-05-20 16:14:00+00:00,264.4450988769531,264.5599060058594,264.3299865722656,264.5,64538,AMZN,1m
2026-05-20 16:15:00+00:00,264.5,264.5,264.04998779296875,264.27191162109375,47442,AMZN,1m
2026-05-20 16:16:00+00:00,264.2799072265625,264.30999755859375,264.1400146484375,264.1700134277344,29958,AMZN,1m
2026-05-20 16:17:00+00:00,264.17999267578125,264.17999267578125,263.95001220703125,264.0,39623,AMZN,1m
2026-05-20 16:18:00+00:00,263.9700012207031,264.0,263.82000732421875,263.9649963378906,51140,AMZN,1m
2026-05-20 16:19:00+00:00,263.9549865722656,263.95849609375,263.79998779296875,263.8999938964844,32169,AMZN,1m
2026-05-20 16:20:00+00:00,263.92498779296875,263.9750061035156,263.6510009765625,263.75,62175,AMZN,1m
2026-05-20 16:21:00+00:00,263.7149963378906,263.7799987792969,263.6400146484375,263.70001220703125,35992,AMZN,1m
2026-05-20 16:22:00+00:00,263.7149963378906,263.739990234375,263.6499938964844,263.67498779296875,46831,AMZN,1m
2026-05-20 16:23:00+00:00,263.67999267578125,263.7898864746094,263.6499938964844,263.7699890136719,53457,AMZN,1m
2026-05-20 16:24:00+00:00,263.760009765625,263.7650146484375,263.5899963378906,263.6499938964844,51029,AMZN,1m
2026-05-20 16:25:00+00:00,263.6499938964844,263.6499938964844,263.42999267578125,263.44000244140625,50727,AMZN,1m
2026-05-20 16:26:00+00:00,263.43499755859375,263.5249938964844,263.260009765625,263.2699890136719,48816,AMZN,1m
2026-05-20 16:27:00+00:00,263.2799987792969,263.54998779296875,263.2500915527344,263.4800109863281,43252,AMZN,1m
2026-05-20 16:28:00+00:00,263.4200134277344,263.44500732421875,263.3299865722656,263.3999938964844,27989,AMZN,1m
2026-05-20 16:29:00+00:00,263.3800048828125,263.4700012207031,263.3351135253906,263.3999938964844,35446,AMZN,1m
2026-05-20 16:30:00+00:00,263.3900146484375,263.3999938964844,263.2130126953125,263.2850036621094,40844,AMZN,1m
2026-05-20 16:31:00+00:00,263.2699890136719,263.2799987792969,263.0400085449219,263.04998779296875,134354,AMZN,1m
2026-05-20 16:32:00+00:00,263.098388671875,263.29901123046875,263.05999755859375,263.1300964355469,40320,AMZN,1m
2026-05-20 16:33:00+00:00,263.1600036621094,263.1600036621094,262.79998779296875,262.8500061035156,71875,AMZN,1m
2026-05-20 16:34:00+00:00,262.8699951171875,262.989990234375,262.8299865722656,262.9549865722656,52950,AMZN,1m
2026-05-20 16:35:00+00:00,262.95001220703125,262.989990234375,262.8399963378906,262.9800109863281,71165,AMZN,1m
2026-05-20 16:36:00+00:00,262.9700012207031,263.0299987792969,262.83099365234375,263.0,113580,AMZN,1m
2026-05-20 16:37:00+00:00,263.010009765625,263.0799865722656,262.80999755859375,262.82989501953125,61488,AMZN,1m
2026-05-20 16:38:00+00:00,262.8299865722656,262.95001220703125,262.69000244140625,262.95001220703125,54157,AMZN,1m
2026-05-20 16:39:00+00:00,262.9599914550781,263.0198974609375,262.9200134277344,262.9801025390625,37139,AMZN,1m
2026-05-20 16:40:00+00:00,263.010009765625,263.0199890136719,262.80999755859375,262.94000244140625,58648,AMZN,1m
2026-05-20 16:41:00+00:00,262.94500732421875,263.0993957519531,262.92010498046875,263.0,52385,AMZN,1m
2026-05-20 16:42:00+00:00,263.0,263.0400085449219,262.80010986328125,262.9800109863281,83554,AMZN,1m
2026-05-20 16:43:00+00:00,262.9849853515625,263.2449951171875,262.9200134277344,263.20001220703125,86284,AMZN,1m
2026-05-20 16:44:00+00:00,263.2049865722656,263.2232971191406,263.04998779296875,263.114990234375,42228,AMZN,1m
2026-05-20 16:45:00+00:00,263.1496887207031,263.1675109863281,262.80999755859375,262.80999755859375,57114,AMZN,1m
2026-05-20 16:46:00+00:00,262.82000732421875,263.18829345703125,262.82000732421875,263.07000732421875,60745,AMZN,1m
2026-05-20 16:47:00+00:00,263.0849914550781,263.1499938964844,262.8299865722656,262.8299865722656,48270,AMZN,1m
2026-05-20 16:48:00+00:00,262.8399963378906,262.8699951171875,262.6199951171875,262.625,38761,AMZN,1m
2026-05-20 16:49:00+00:00,262.6199951171875,262.79998779296875,262.5799865722656,262.7900085449219,34534,AMZN,1m
2026-05-20 16:50:00+00:00,262.7900085449219,262.90789794921875,262.6700134277344,262.760009765625,48710,AMZN,1m
2026-05-20 16:51:00+00:00,262.7650146484375,262.8370056152344,262.69000244140625,262.760009765625,32997,AMZN,1m
2026-05-20 16:52:00+00:00,262.76031494140625,262.8330078125,262.6099853515625,262.6203918457031,32582,AMZN,1m
2026-05-20 16:53:00+00:00,262.6199951171875,262.79998779296875,262.5799865722656,262.7799072265625,34964,AMZN,1m
2026-05-20 16:54:00+00:00,262.7749938964844,262.8974914550781,262.75,262.81500244140625,34337,AMZN,1m
2026-05-20 16:55:00+00:00,262.7900085449219,262.9495849609375,262.760009765625,262.8949890136719,29762,AMZN,1m
2026-05-20 16:56:00+00:00,262.8999938964844,262.94000244140625,262.82000732421875,262.82000732421875,41858,AMZN,1m
2026-05-20 16:57:00+00:00,262.7799987792969,262.82000732421875,262.760009765625,262.82000732421875,33036,AMZN,1m
2026-05-20 16:58:00+00:00,262.82000732421875,262.9200134277344,262.7699890136719,262.9049987792969,30924,AMZN,1m
2026-05-20 16:59:00+00:00,262.8999938964844,263.1700134277344,262.8949890136719,263.010009765625,51965,AMZN,1m
2026-05-20 17:00:00+00:00,263.089599609375,263.2587890625,262.92999267578125,263.17999267578125,74561,AMZN,1m
2026-05-20 17:01:00+00:00,263.1700134277344,263.2598876953125,263.125,263.20001220703125,41583,AMZN,1m
2026-05-20 17:02:00+00:00,263.18499755859375,263.20001220703125,262.92999267578125,263.05999755859375,31703,AMZN,1m
2026-05-20 17:03:00+00:00,263.0400085449219,263.1099853515625,262.8599853515625,262.8599853515625,35220,AMZN,1m
2026-05-20 17:04:00+00:00,262.8500061035156,262.8900146484375,262.6549987792969,262.7699890136719,55474,AMZN,1m
2026-05-20 17:05:00+00:00,262.760009765625,262.80999755859375,262.4800109863281,262.5098876953125,56818,AMZN,1m
2026-05-20 17:06:00+00:00,262.4949951171875,262.5400085449219,262.3699951171875,262.4549865722656,66082,AMZN,1m
2026-05-20 17:07:00+00:00,262.44500732421875,262.54998779296875,262.4150085449219,262.489990234375,52361,AMZN,1m
2026-05-20 17:08:00+00:00,262.5,262.5198974609375,262.375,262.5,31962,AMZN,1m
2026-05-20 17:09:00+00:00,262.4800109863281,262.6300048828125,262.4700012207031,262.590087890625,35764,AMZN,1m
2026-05-20 17:10:00+00:00,262.5899963378906,262.6000061035156,262.4599914550781,262.56500244140625,27667,AMZN,1m
2026-05-20 17:11:00+00:00,262.5899963378906,262.7164001464844,262.5799865722656,262.6199951171875,26506,AMZN,1m
2026-05-20 17:12:00+00:00,262.6300048828125,262.6700134277344,262.5299987792969,262.6300048828125,33337,AMZN,1m
2026-05-20 17:13:00+00:00,262.6700134277344,263.20001220703125,262.6099853515625,262.8999938964844,96026,AMZN,1m
2026-05-20 17:14:00+00:00,262.9100036621094,263.1199951171875,262.8500061035156,263.04998779296875,59596,AMZN,1m
2026-05-20 17:15:00+00:00,263.0325012207031,263.0325012207031,262.92498779296875,262.9599914550781,25262,AMZN,1m
2026-05-20 17:16:00+00:00,262.95001220703125,263.010009765625,262.860107421875,262.8699951171875,20061,AMZN,1m
2026-05-20 17:17:00+00:00,262.8800048828125,263.0299987792969,262.8800048828125,262.94000244140625,37012,AMZN,1m
2026-05-20 17:18:00+00:00,262.9200134277344,263.1400146484375,262.9200134277344,263.05999755859375,41453,AMZN,1m
2026-05-20 17:19:00+00:00,263.0129089355469,263.04998779296875,262.8699951171875,262.9200134277344,34207,AMZN,1m
2026-05-20 17:20:00+00:00,262.92498779296875,263.07501220703125,262.9100036621094,263.0400085449219,31590,AMZN,1m
2026-05-20 17:21:00+00:00,263.07000732421875,263.09991455078125,262.989990234375,263.0148010253906,20141,AMZN,1m
2026-05-20 17:22:00+00:00,263.0299987792969,263.0899963378906,262.9599914550781,263.010009765625,23656,AMZN,1m
2026-05-20 17:23:00+00:00,263.0267028808594,263.0498962402344,262.94500732421875,262.9800109863281,29190,AMZN,1m
2026-05-20 17:24:00+00:00,262.9750061035156,263.07000732421875,262.9700012207031,263.04998779296875,23167,AMZN,1m
2026-05-20 17:25:00+00:00,263.05999755859375,263.1099853515625,263.010009765625,263.0400085449219,35311,AMZN,1m
2026-05-20 17:26:00+00:00,263.0299987792969,263.1700134277344,263.010009765625,263.0849914550781,27165,AMZN,1m
2026-05-20 17:27:00+00:00,263.0799865722656,263.239990234375,263.0299987792969,263.239990234375,45279,AMZN,1m
2026-05-20 17:28:00+00:00,263.239990234375,263.2998046875,263.2300109863281,263.239990234375,54222,AMZN,1m
2026-05-20 17:29:00+00:00,263.239990234375,263.4700012207031,263.2200012207031,263.3800964355469,65306,AMZN,1m
2026-05-20 17:30:00+00:00,263.3949890136719,263.5400085449219,263.3949890136719,263.44500732421875,47152,AMZN,1m
2026-05-20 17:31:00+00:00,263.44000244140625,263.5,263.3299865722656,263.4700012207031,46880,AMZN,1m
2026-05-20 17:32:00+00:00,263.4599914550781,263.489990234375,263.32000732421875,263.3999938964844,39611,AMZN,1m
2026-05-20 17:33:00+00:00,263.33990478515625,263.3399963378906,263.1700134277344,263.19500732421875,36951,AMZN,1m
2026-05-20 17:34:00+00:00,263.2099914550781,263.3800048828125,263.20001220703125,263.3550109863281,26166,AMZN,1m
2026-05-20 17:35:00+00:00,263.3500061035156,263.3999938964844,263.2250061035156,263.3999938964844,35665,AMZN,1m
2026-05-20 17:36:00+00:00,263.42120361328125,263.67999267578125,263.364990234375,263.6000061035156,82839,AMZN,1m
2026-05-20 17:37:00+00:00,263.6000061035156,263.6700134277344,263.44000244140625,263.46990966796875,45927,AMZN,1m
2026-05-20 17:38:00+00:00,263.4549865722656,263.5198974609375,263.42999267578125,263.4599914550781,37252,AMZN,1m
2026-05-20 17:39:00+00:00,263.4649963378906,263.7300109863281,263.4649963378906,263.67999267578125,48907,AMZN,1m
2026-05-20 17:40:00+00:00,263.6400146484375,263.6560974121094,263.5299987792969,263.5557861328125,31294,AMZN,1m
2026-05-20 17:41:00+00:00,263.5450134277344,263.6099853515625,263.4901123046875,263.55999755859375,22637,AMZN,1m
2026-05-20 17:42:00+00:00,263.55010986328125,263.59991455078125,263.5,263.510009765625,31051,AMZN,1m
2026-05-20 17:43:00+00:00,263.489990234375,263.489990234375,263.3699951171875,263.3800048828125,28858,AMZN,1m
2026-05-20 17:44:00+00:00,263.4049987792969,263.54998779296875,263.3699951171875,263.4898986816406,58402,AMZN,1m
2026-05-20 17:45:00+00:00,263.4599914550781,263.53680419921875,263.3900146484375,263.5299987792969,31417,AMZN,1m
2026-05-20 17:46:00+00:00,263.5350036621094,263.5869140625,263.489990234375,263.51800537109375,26379,AMZN,1m
2026-05-20 17:47:00+00:00,263.5199890136719,263.55999755859375,263.4100036621094,263.4208984375,37160,AMZN,1m
2026-05-20 17:48:00+00:00,263.4100036621094,263.5,263.3999938964844,263.5,36196,AMZN,1m
2026-05-20 17:49:00+00:00,263.5,263.5299987792969,263.4599914550781,263.5050048828125,27971,AMZN,1m
2026-05-20 17:50:00+00:00,263.510009765625,263.54998779296875,263.4599914550781,263.489990234375,30793,AMZN,1m
2026-05-20 17:51:00+00:00,263.4905090332031,263.6199951171875,263.4599914550781,263.4700012207031,32331,AMZN,1m
2026-05-20 17:52:00+00:00,263.4549865722656,263.5,263.32000732421875,263.3900146484375,92272,AMZN,1m
2026-05-20 17:53:00+00:00,263.3900146484375,263.45001220703125,263.27398681640625,263.28009033203125,80786,AMZN,1m
2026-05-20 17:54:00+00:00,263.30999755859375,263.5,263.2900085449219,263.42999267578125,94831,AMZN,1m
2026-05-20 17:55:00+00:00,263.3999938964844,263.5400085449219,263.3699951171875,263.5,55616,AMZN,1m
2026-05-20 17:56:00+00:00,263.510009765625,263.69000244140625,263.4501037597656,263.46881103515625,53379,AMZN,1m
2026-05-20 17:57:00+00:00,263.3999938964844,263.43499755859375,263.2799987792969,263.30499267578125,20420,AMZN,1m
2026-05-20 17:58:00+00:00,263.3349914550781,263.3900146484375,263.30999755859375,263.3747863769531,22044,AMZN,1m
2026-05-20 17:59:00+00:00,263.3599853515625,263.489990234375,263.3599853515625,263.4649963378906,17940,AMZN,1m
2026-05-20 18:00:00+00:00,263.45001220703125,263.45001220703125,263.1300048828125,263.3699951171875,66906,AMZN,1m
2026-05-20 18:01:00+00:00,263.3800048828125,263.3900146484375,263.2699890136719,263.3900146484375,17134,AMZN,1m
2026-05-20 18:02:00+00:00,263.4100036621094,263.4100036621094,263.301513671875,263.375,33007,AMZN,1m
2026-05-20 18:03:00+00:00,263.3999938964844,263.5400085449219,263.3999938964844,263.42999267578125,28477,AMZN,1m
2026-05-20 18:04:00+00:00,263.4212951660156,263.45989990234375,263.3450012207031,263.3999938964844,16006,AMZN,1m
2026-05-20 18:05:00+00:00,263.3900146484375,263.5150146484375,263.3399963378906,263.5,22032,AMZN,1m
2026-05-20 18:06:00+00:00,263.510009765625,263.552001953125,263.44000244140625,263.5400085449219,27359,AMZN,1m
2026-05-20 18:07:00+00:00,263.55499267578125,263.7099914550781,263.5299987792969,263.6499938964844,42831,AMZN,1m
2026-05-20 18:08:00+00:00,263.6549987792969,263.6549987792969,263.44000244140625,263.48370361328125,32813,AMZN,1m
2026-05-20 18:09:00+00:00,263.4800109863281,263.7049865722656,263.4800109863281,263.67498779296875,61365,AMZN,1m
2026-05-20 18:10:00+00:00,263.6625061035156,263.7398986816406,263.5400085449219,263.7049865722656,30915,AMZN,1m
2026-05-20 18:11:00+00:00,263.7149963378906,263.739990234375,263.6000061035156,263.6099853515625,34788,AMZN,1m
2026-05-20 18:12:00+00:00,263.6000061035156,263.614990234375,263.4800109863281,263.5899963378906,22216,AMZN,1m
2026-05-20 18:13:00+00:00,263.6099853515625,263.6700134277344,263.5799865722656,263.6050109863281,23281,AMZN,1m
2026-05-20 18:14:00+00:00,263.6050109863281,263.7231140136719,263.6000061035156,263.7200012207031,22138,AMZN,1m
2026-05-20 18:15:00+00:00,263.7149963378906,263.82000732421875,263.67999267578125,263.80999755859375,47111,AMZN,1m
2026-05-20 18:16:00+00:00,263.8299865722656,263.94000244140625,263.71990966796875,263.9049987792969,44788,AMZN,1m
2026-05-20 18:17:00+00:00,263.8800964355469,263.92999267578125,263.875,263.8999938964844,29295,AMZN,1m
2026-05-20 18:18:00+00:00,263.8999938964844,263.9230041503906,263.739990234375,263.79998779296875,23351,AMZN,1m
2026-05-20 18:19:00+00:00,263.81500244140625,263.92999267578125,263.80999755859375,263.8349914550781,38105,AMZN,1m
2026-05-20 18:20:00+00:00,263.8399963378906,263.9150085449219,263.7406005859375,263.760009765625,40078,AMZN,1m
2026-05-20 18:21:00+00:00,263.7850036621094,263.7900085449219,263.68499755859375,263.7900085449219,20750,AMZN,1m
2026-05-20 18:22:00+00:00,263.79998779296875,263.8399963378906,263.7799987792969,263.8399963378906,16902,AMZN,1m
2026-05-20 18:23:00+00:00,263.864990234375,263.885009765625,263.79998779296875,263.82501220703125,25701,AMZN,1m
2026-05-20 18:24:00+00:00,263.82501220703125,263.93499755859375,263.7099914550781,263.75,48201,AMZN,1m
2026-05-20 18:25:00+00:00,263.7349853515625,263.8399963378906,263.68499755859375,263.82000732421875,44006,AMZN,1m
2026-05-20 18:26:00+00:00,263.8299865722656,263.8399963378906,263.7850036621094,263.8351135253906,46828,AMZN,1m
2026-05-20 18:27:00+00:00,263.82000732421875,263.8999938964844,263.79998779296875,263.8949890136719,42665,AMZN,1m
2026-05-20 18:28:00+00:00,263.8900146484375,263.94000244140625,263.7650146484375,263.82000732421875,41615,AMZN,1m
2026-05-20 18:29:00+00:00,263.80999755859375,263.9100036621094,263.7799987792969,263.8550109863281,38010,AMZN,1m
2026-05-20 18:30:00+00:00,263.8699951171875,263.94000244140625,263.8699951171875,263.9200134277344,19131,AMZN,1m
2026-05-20 18:31:00+00:00,263.9100036621094,263.94000244140625,263.8399963378906,263.8598937988281,18155,AMZN,1m
2026-05-20 18:32:00+00:00,263.8500061035156,263.85101318359375,263.80999755859375,263.8301086425781,27935,AMZN,1m
2026-05-20 18:33:00+00:00,263.8399963378906,263.93499755859375,263.8399963378906,263.8800048828125,26641,AMZN,1m
2026-05-20 18:34:00+00:00,263.8699951171875,264.0,263.8699951171875,263.9549865722656,68198,AMZN,1m
2026-05-20 18:35:00+00:00,263.9700012207031,264.0400085449219,263.95001220703125,264.0,23132,AMZN,1m
2026-05-20 18:36:00+00:00,264.0,264.0400085449219,263.9400939941406,263.9400939941406,25482,AMZN,1m
2026-05-20 18:37:00+00:00,263.9670104980469,264.1000061035156,263.91009521484375,264.1000061035156,37083,AMZN,1m
2026-05-20 18:38:00+00:00,264.1099853515625,264.1400146484375,264.07989501953125,264.1000061035156,27841,AMZN,1m
2026-05-20 18:39:00+00:00,264.1000061035156,264.239990234375,264.0801086425781,264.1099853515625,35863,AMZN,1m
2026-05-20 18:40:00+00:00,264.1400146484375,264.17999267578125,264.0400085449219,264.1700134277344,25584,AMZN,1m
2026-05-20 18:41:00+00:00,264.20001220703125,264.2698974609375,264.1499938964844,264.2499084472656,32448,AMZN,1m
2026-05-20 18:42:00+00:00,264.2349853515625,264.2699890136719,264.1199951171875,264.19000244140625,28735,AMZN,1m
2026-05-20 18:43:00+00:00,264.17999267578125,264.17999267578125,263.92999267578125,264.07000732421875,41386,AMZN,1m
2026-05-20 18:44:00+00:00,264.07000732421875,264.0921936035156,263.9200134277344,263.92950439453125,55778,AMZN,1m
2026-05-20 18:45:00+00:00,263.8949890136719,264.0600891113281,263.8599853515625,264.0199890136719,34755,AMZN,1m
2026-05-20 18:46:00+00:00,264.0299987792969,264.09130859375,263.989013671875,264.09130859375,31835,AMZN,1m
2026-05-20 18:47:00+00:00,264.0849914550781,264.0899963378906,263.989990234375,263.989990234375,37058,AMZN,1m
2026-05-20 18:48:00+00:00,263.989990234375,264.1400146484375,263.95001220703125,264.1300048828125,29133,AMZN,1m
2026-05-20 18:49:00+00:00,264.1400146484375,264.2250061035156,264.0400085449219,264.0400085449219,56979,AMZN,1m
2026-05-20 18:50:00+00:00,264.0400085449219,264.2200012207031,264.0199890136719,264.05999755859375,61476,AMZN,1m
2026-05-20 18:51:00+00:00,264.06988525390625,264.0799865722656,263.8301086425781,263.864990234375,28731,AMZN,1m
2026-05-20 18:52:00+00:00,263.8599853515625,264.260009765625,263.8450012207031,264.2449951171875,52111,AMZN,1m
2026-05-20 18:53:00+00:00,264.2301025390625,264.2539978027344,264.19000244140625,264.2200012207031,26643,AMZN,1m
2026-05-20 18:54:00+00:00,264.239990234375,264.3399963378906,264.239990234375,264.2749938964844,33441,AMZN,1m
2026-05-20 18:55:00+00:00,264.25,264.36248779296875,264.2300109863281,264.3500061035156,32196,AMZN,1m
2026-05-20 18:56:00+00:00,264.3599853515625,264.44000244140625,264.3399963378906,264.44000244140625,39211,AMZN,1m
2026-05-20 18:57:00+00:00,264.44500732421875,264.5299987792969,264.42999267578125,264.4700012207031,53891,AMZN,1m
2026-05-20 18:58:00+00:00,264.4700012207031,264.57000732421875,264.43231201171875,264.5199890136719,50762,AMZN,1m
2026-05-20 18:59:00+00:00,264.5299987792969,264.5299987792969,264.3349914550781,264.3699951171875,42514,AMZN,1m
2026-05-20 19:00:00+00:00,264.364990234375,264.4599914550781,264.32000732421875,264.45989990234375,40976,AMZN,1m
2026-05-20 19:01:00+00:00,264.4549865722656,264.5899963378906,264.4200134277344,264.5400085449219,45439,AMZN,1m
2026-05-20 19:02:00+00:00,264.5400085449219,264.6300048828125,264.5299987792969,264.57501220703125,36224,AMZN,1m
2026-05-20 19:03:00+00:00,264.56988525390625,264.56988525390625,264.3500061035156,264.3949890136719,82340,AMZN,1m
2026-05-20 19:04:00+00:00,264.3999938964844,264.510009765625,264.3800048828125,264.3800048828125,36906,AMZN,1m
2026-05-20 19:05:00+00:00,264.3699951171875,264.3739929199219,264.2850036621094,264.29998779296875,44475,AMZN,1m
2026-05-20 19:06:00+00:00,264.29998779296875,264.32000732421875,264.239990234375,264.2650146484375,49399,AMZN,1m
2026-05-20 19:07:00+00:00,264.260009765625,264.43499755859375,264.25,264.41009521484375,34735,AMZN,1m
2026-05-20 19:08:00+00:00,264.3999938964844,264.45001220703125,264.32000732421875,264.3599853515625,43594,AMZN,1m
2026-05-20 19:09:00+00:00,264.3550109863281,264.489990234375,264.3550109863281,264.489990234375,45207,AMZN,1m
2026-05-20 19:10:00+00:00,264.4800109863281,264.5400085449219,264.31060791015625,264.3599853515625,52890,AMZN,1m
2026-05-20 19:11:00+00:00,264.3599853515625,264.44500732421875,264.3599853515625,264.4100036621094,29813,AMZN,1m
2026-05-20 19:12:00+00:00,264.4100036621094,264.5799865722656,264.37030029296875,264.55999755859375,42303,AMZN,1m
2026-05-20 19:13:00+00:00,264.57000732421875,264.67999267578125,264.5299987792969,264.6600036621094,39451,AMZN,1m
2026-05-20 19:14:00+00:00,264.68499755859375,264.739990234375,264.6400146484375,264.739990234375,75882,AMZN,1m
2026-05-20 19:15:00+00:00,264.75,264.79998779296875,264.6099853515625,264.6600036621094,61847,AMZN,1m
2026-05-20 19:16:00+00:00,264.6581115722656,264.7550048828125,264.6199951171875,264.7200012207031,43338,AMZN,1m
2026-05-20 19:17:00+00:00,264.7449951171875,264.7449951171875,264.5907897949219,264.6099853515625,32691,AMZN,1m
2026-05-20 19:18:00+00:00,264.6099853515625,264.6400146484375,264.4599914550781,264.4849853515625,67705,AMZN,1m
2026-05-20 19:19:00+00:00,264.510009765625,264.510009765625,264.32000732421875,264.3262939453125,107038,AMZN,1m
2026-05-20 19:20:00+00:00,264.3399963378906,264.349609375,264.2300109863281,264.2900085449219,116851,AMZN,1m
2026-05-20 19:21:00+00:00,264.2799987792969,264.31500244140625,264.2235107421875,264.239990234375,114307,AMZN,1m
2026-05-20 19:22:00+00:00,264.239990234375,264.2699890136719,264.1600036621094,264.2594909667969,79942,AMZN,1m
2026-05-20 19:23:00+00:00,264.260009765625,264.29998779296875,264.19000244140625,264.2699890136719,62805,AMZN,1m
2026-05-20 19:24:00+00:00,264.2699890136719,264.3599853515625,264.2200927734375,264.2799987792969,45334,AMZN,1m
2026-05-20 19:25:00+00:00,264.2699890136719,264.2900085449219,264.1600036621094,264.239990234375,44933,AMZN,1m
2026-05-20 19:26:00+00:00,264.239990234375,264.29998779296875,264.20001220703125,264.20001220703125,49151,AMZN,1m
2026-05-20 19:27:00+00:00,264.2099914550781,264.2300109863281,264.1199951171875,264.17999267578125,40919,AMZN,1m
2026-05-20 19:28:00+00:00,264.17999267578125,264.2200012207031,264.1700134277344,264.20001220703125,28779,AMZN,1m
2026-05-20 19:29:00+00:00,264.20001220703125,264.239990234375,264.1700134277344,264.2300109863281,33490,AMZN,1m
2026-05-20 19:30:00+00:00,264.2349853515625,264.239990234375,264.1199951171875,264.1199951171875,49704,AMZN,1m
2026-05-20 19:31:00+00:00,264.1000061035156,264.239990234375,264.07281494140625,264.2099914550781,43687,AMZN,1m
2026-05-20 19:32:00+00:00,264.2200012207031,264.2699890136719,264.04998779296875,264.0849914550781,53720,AMZN,1m
2026-05-20 19:33:00+00:00,264.07501220703125,264.2182922363281,263.9599914550781,264.2182922363281,48651,AMZN,1m
2026-05-20 19:34:00+00:00,264.2138977050781,264.260009765625,264.1499938964844,264.159912109375,46373,AMZN,1m
2026-05-20 19:35:00+00:00,264.1700134277344,264.3299865722656,264.1606140136719,264.3299865722656,51151,AMZN,1m
2026-05-20 19:36:00+00:00,264.3299865722656,264.389892578125,264.2799987792969,264.375,41642,AMZN,1m
2026-05-20 19:37:00+00:00,264.389892578125,264.4202880859375,264.3301086425781,264.4202880859375,37757,AMZN,1m
2026-05-20 19:38:00+00:00,264.45001220703125,264.4800109863281,264.3800048828125,264.3949890136719,31024,AMZN,1m
2026-05-20 19:39:00+00:00,264.4100036621094,264.6300048828125,264.32000732421875,264.5,98261,AMZN,1m
2026-05-20 19:40:00+00:00,264.5199890136719,264.6000061035156,264.510009765625,264.57000732421875,54480,AMZN,1m
2026-05-20 19:41:00+00:00,264.54998779296875,264.64190673828125,264.4800109863281,264.6199951171875,49963,AMZN,1m
2026-05-20 19:42:00+00:00,264.6199951171875,264.7101135253906,264.6123962402344,264.7101135253906,52055,AMZN,1m
2026-05-20 19:43:00+00:00,264.7099914550781,264.7900085449219,264.69000244140625,264.739990234375,50830,AMZN,1m
2026-05-20 19:44:00+00:00,264.7300109863281,264.7699890136719,264.7001037597656,264.7489929199219,49016,AMZN,1m
2026-05-20 19:45:00+00:00,264.739990234375,264.75,264.6400146484375,264.7449951171875,63184,AMZN,1m
2026-05-20 19:46:00+00:00,264.75,264.8999938964844,264.75,264.8450012207031,70277,AMZN,1m
2026-05-20 19:47:00+00:00,264.8599853515625,264.8599853515625,264.7900085449219,264.80999755859375,57147,AMZN,1m
2026-05-20 19:48:00+00:00,264.82501220703125,264.93499755859375,264.82000732421875,264.8999938964844,54342,AMZN,1m
2026-05-20 19:49:00+00:00,264.8900146484375,264.9200134277344,264.71990966796875,264.7200012207031,72012,AMZN,1m
2026-05-20 19:50:00+00:00,264.70001220703125,264.7900085449219,264.57000732421875,264.68499755859375,996220,AMZN,1m
2026-05-20 19:51:00+00:00,264.70001220703125,264.8612060546875,264.614990234375,264.8612060546875,101204,AMZN,1m
2026-05-20 19:52:00+00:00,264.8599853515625,264.9700012207031,264.8399963378906,264.8800048828125,93609,AMZN,1m
2026-05-20 19:53:00+00:00,264.8800048828125,265.1700134277344,264.8800048828125,265.1099853515625,199337,AMZN,1m
2026-05-20 19:54:00+00:00,265.1000061035156,265.2300109863281,264.9700012207031,265.1199951171875,186389,AMZN,1m
2026-05-20 19:55:00+00:00,265.11199951171875,265.3500061035156,265.11199951171875,265.1400146484375,257082,AMZN,1m
2026-05-20 19:56:00+00:00,265.135009765625,265.17999267578125,264.94500732421875,264.9949951171875,300613,AMZN,1m
2026-05-20 19:57:00+00:00,265.0,265.05999755859375,264.8299865722656,264.95001220703125,302471,AMZN,1m
2026-05-20 19:58:00+00:00,264.95001220703125,264.989990234375,264.8900146484375,264.8949890136719,308899,AMZN,1m
2026-05-20 19:59:00+00:00,264.8949890136719,265.0899963378906,264.8900146484375,265.010009765625,703046,AMZN,1m
2026-05-21 13:30:00+00:00,263.54998779296875,264.5199890136719,262.5849914550781,262.75,1258206,AMZN,1m
2026-05-21 13:31:00+00:00,262.6860046386719,263.1600036621094,261.3699951171875,261.5199890136719,370852,AMZN,1m
2026-05-21 13:32:00+00:00,261.5199890136719,261.8900146484375,261.3699951171875,261.7658996582031,357340,AMZN,1m
2026-05-21 13:33:00+00:00,261.7099914550781,262.1300048828125,261.65008544921875,261.8900146484375,226532,AMZN,1m
2026-05-21 13:34:00+00:00,261.94000244140625,262.29998779296875,261.760009765625,261.9649963378906,186016,AMZN,1m
2026-05-21 13:35:00+00:00,261.9599914550781,262.0303039550781,261.69000244140625,261.8999938964844,214546,AMZN,1m
2026-05-21 13:36:00+00:00,261.9200134277344,262.4200134277344,261.68798828125,262.3500061035156,222133,AMZN,1m
2026-05-21 13:37:00+00:00,262.3800048828125,262.6050109863281,262.05999755859375,262.55499267578125,132619,AMZN,1m
2026-05-21 13:38:00+00:00,262.54998779296875,262.55499267578125,262.19000244140625,262.2900085449219,142889,AMZN,1m
2026-05-21 13:39:00+00:00,262.2749938964844,262.2900085449219,261.5299987792969,261.6300048828125,182476,AMZN,1m
2026-05-21 13:40:00+00:00,261.6099853515625,261.9599914550781,261.4700012207031,261.8699951171875,215360,AMZN,1m
2026-05-21 13:41:00+00:00,261.8399963378906,261.8599853515625,261.4525146484375,261.70001220703125,155628,AMZN,1m
2026-05-21 13:42:00+00:00,261.67999267578125,261.8299865722656,261.5199890136719,261.79998779296875,87340,AMZN,1m
2026-05-21 13:43:00+00:00,261.81500244140625,262.1499938964844,261.6003112792969,261.927490234375,150756,AMZN,1m
2026-05-21 13:44:00+00:00,261.9700012207031,262.0400085449219,261.7200012207031,261.8299865722656,90572,AMZN,1m
2026-05-21 13:45:00+00:00,261.79998779296875,262.1499938964844,261.6499938964844,261.69000244140625,144330,AMZN,1m
2026-05-21 13:46:00+00:00,261.69000244140625,261.9700012207031,261.6700134277344,261.82501220703125,90733,AMZN,1m
2026-05-21 13:47:00+00:00,261.80999755859375,261.80999755859375,261.45001220703125,261.6650085449219,106889,AMZN,1m
2026-05-21 13:48:00+00:00,261.6499938964844,261.8299865722656,261.5199890136719,261.760009765625,103356,AMZN,1m
2026-05-21 13:49:00+00:00,261.7699890136719,262.1199951171875,261.69000244140625,262.04998779296875,119981,AMZN,1m
2026-05-21 13:50:00+00:00,262.0928955078125,262.45001220703125,262.0400085449219,262.3599853515625,162784,AMZN,1m
2026-05-21 13:51:00+00:00,262.3550109863281,262.6400146484375,262.25,262.6199951171875,120987,AMZN,1m
2026-05-21 13:52:00+00:00,262.6000061035156,263.5799865722656,262.6000061035156,263.3900146484375,272135,AMZN,1m
2026-05-21 13:53:00+00:00,263.3500061035156,263.6499938964844,262.8599853515625,262.9750061035156,135659,AMZN,1m
2026-05-21 13:54:00+00:00,262.96868896484375,263.5799865722656,262.8900146484375,263.55999755859375,101681,AMZN,1m
2026-05-21 13:55:00+00:00,263.5,263.68499755859375,263.2900085449219,263.364990234375,119451,AMZN,1m
2026-05-21 13:56:00+00:00,263.364990234375,263.3949890136719,262.93499755859375,263.1650085449219,90092,AMZN,1m
2026-05-21 13:57:00+00:00,263.135009765625,263.45001220703125,263.1300048828125,263.17999267578125,49376,AMZN,1m
2026-05-21 13:58:00+00:00,263.17999267578125,263.6099853515625,263.0249938964844,263.44000244140625,99049,AMZN,1m
2026-05-21 13:59:00+00:00,263.4599914550781,263.69500732421875,263.260009765625,263.3500061035156,73087,AMZN,1m
2026-05-21 14:00:00+00:00,263.3299865722656,263.4800109863281,263.07000732421875,263.17999267578125,76060,AMZN,1m
2026-05-21 14:01:00+00:00,263.1650085449219,263.260009765625,263.05999755859375,263.2200927734375,103123,AMZN,1m
2026-05-21 14:02:00+00:00,263.2349853515625,263.4100036621094,263.2099914550781,263.25,82205,AMZN,1m
2026-05-21 14:03:00+00:00,263.2300109863281,263.34820556640625,263.0799865722656,263.08990478515625,89353,AMZN,1m
2026-05-21 14:04:00+00:00,263.010009765625,263.1400146484375,262.6400146484375,262.6549987792969,70452,AMZN,1m
2026-05-21 14:05:00+00:00,262.67999267578125,262.80999755859375,262.25,262.2699890136719,88548,AMZN,1m
2026-05-21 14:06:00+00:00,262.2900085449219,262.45001220703125,262.2149963378906,262.2349853515625,65292,AMZN,1m
2026-05-21 14:07:00+00:00,262.2099914550781,262.7325134277344,262.1300048828125,262.7149963378906,114116,AMZN,1m
2026-05-21 14:08:00+00:00,262.7200012207031,263.239990234375,262.7149963378906,263.1700134277344,109476,AMZN,1m
2026-05-21 14:09:00+00:00,263.18499755859375,263.2900085449219,262.94500732421875,263.17999267578125,84804,AMZN,1m
2026-05-21 14:10:00+00:00,263.17999267578125,263.4200134277344,263.05999755859375,263.340087890625,145731,AMZN,1m
2026-05-21 14:11:00+00:00,263.364990234375,263.489990234375,262.7200012207031,262.79998779296875,171163,AMZN,1m
2026-05-21 14:12:00+00:00,262.75,263.3500061035156,262.7250061035156,263.2049865722656,123907,AMZN,1m
2026-05-21 14:13:00+00:00,263.2049865722656,263.2300109863281,263.0,263.1700134277344,122058,AMZN,1m
2026-05-21 14:14:00+00:00,263.17498779296875,263.29998779296875,262.7142028808594,262.7749938964844,151366,AMZN,1m
2026-05-21 14:15:00+00:00,262.760009765625,263.1000061035156,262.60009765625,262.75,152270,AMZN,1m
2026-05-21 14:16:00+00:00,262.6499938964844,263.0899963378906,262.57000732421875,263.0799865722656,105492,AMZN,1m
2026-05-21 14:17:00+00:00,263.0799865722656,263.57000732421875,263.0799865722656,263.2900085449219,87357,AMZN,1m
2026-05-21 14:18:00+00:00,263.2900085449219,263.3399963378906,262.6600036621094,263.32000732421875,73410,AMZN,1m
2026-05-21 14:19:00+00:00,263.30499267578125,263.6400146484375,263.239990234375,263.2799987792969,86057,AMZN,1m
2026-05-21 14:20:00+00:00,263.2900085449219,263.32000732421875,263.0400085449219,263.1199951171875,90661,AMZN,1m
2026-05-21 14:21:00+00:00,263.1099853515625,263.1700134277344,262.7300109863281,262.760009765625,92011,AMZN,1m
2026-05-21 14:22:00+00:00,262.7699890136719,263.0899963378906,262.739990234375,263.0299987792969,80599,AMZN,1m
2026-05-21 14:23:00+00:00,263.0199890136719,263.30999755859375,263.0199890136719,263.17999267578125,92964,AMZN,1m
2026-05-21 14:24:00+00:00,263.1400146484375,263.2799987792969,263.0350036621094,263.2200012207031,46978,AMZN,1m
2026-05-21 14:25:00+00:00,263.17999267578125,263.54998779296875,263.17498779296875,263.5400085449219,58732,AMZN,1m
2026-05-21 14:26:00+00:00,263.5299987792969,263.5450134277344,263.17999267578125,263.2300109863281,56830,AMZN,1m
2026-05-21 14:27:00+00:00,263.2250061035156,263.5899963378906,263.17999267578125,263.5899963378906,58513,AMZN,1m
2026-05-21 14:28:00+00:00,263.5400085449219,263.55999755859375,263.3349914550781,263.385009765625,72207,AMZN,1m
2026-05-21 14:29:00+00:00,263.3800048828125,263.7900085449219,263.3399963378906,263.6600036621094,69893,AMZN,1m
2026-05-21 14:30:00+00:00,263.6499938964844,263.92999267578125,263.5450134277344,263.74090576171875,87087,AMZN,1m
2026-05-21 14:31:00+00:00,263.7250061035156,263.9200134277344,263.5899963378906,263.635009765625,97220,AMZN,1m
2026-05-21 14:32:00+00:00,263.7200012207031,263.7300109863281,263.4849853515625,263.5199890136719,55094,AMZN,1m
2026-05-21 14:33:00+00:00,263.5400085449219,263.5400085449219,263.32501220703125,263.3900146484375,66199,AMZN,1m
2026-05-21 14:34:00+00:00,263.3900146484375,263.69000244140625,263.3699951171875,263.6449890136719,72952,AMZN,1m
2026-05-21 14:35:00+00:00,263.5899963378906,263.9599914550781,262.5,263.7799987792969,338876,AMZN,1m
2026-05-21 14:36:00+00:00,263.75,264.010009765625,263.75,263.9700012207031,65922,AMZN,1m
2026-05-21 14:37:00+00:00,263.92010498046875,264.2001037597656,263.92010498046875,264.0899963378906,60533,AMZN,1m
2026-05-21 14:38:00+00:00,264.07000732421875,264.1098937988281,263.8599853515625,264.0,54106,AMZN,1m
2026-05-21 14:39:00+00:00,263.9700012207031,264.0498962402344,263.8999938964844,264.0498962402344,44473,AMZN,1m
2026-05-21 14:40:00+00:00,264.04998779296875,264.04998779296875,263.6000061035156,263.635009765625,53824,AMZN,1m
2026-05-21 14:41:00+00:00,263.6199951171875,263.6549987792969,263.42669677734375,263.6449890136719,52974,AMZN,1m
2026-05-21 14:42:00+00:00,263.6549987792969,263.839111328125,263.53448486328125,263.79998779296875,47117,AMZN,1m
2026-05-21 14:43:00+00:00,263.7699890136719,263.9100036621094,263.6960144042969,263.7698974609375,44083,AMZN,1m
2026-05-21 14:44:00+00:00,263.7699890136719,263.94000244140625,263.6099853515625,263.8599853515625,55537,AMZN,1m
2026-05-21 14:45:00+00:00,263.8599853515625,264.0,263.739990234375,263.9800109863281,43705,AMZN,1m
2026-05-21 14:46:00+00:00,263.9800109863281,264.04998779296875,263.4700012207031,263.4700012207031,89311,AMZN,1m
2026-05-21 14:47:00+00:00,263.45001220703125,263.5899963378906,263.3299865722656,263.3999938964844,107478,AMZN,1m
2026-05-21 14:48:00+00:00,263.42999267578125,263.6199951171875,263.4049987792969,263.5,33797,AMZN,1m
2026-05-21 14:49:00+00:00,263.4800109863281,263.760009765625,263.3599853515625,263.70001220703125,47543,AMZN,1m
2026-05-21 14:50:00+00:00,263.7099914550781,263.7900085449219,263.57000732421875,263.6549987792969,58644,AMZN,1m
2026-05-21 14:51:00+00:00,263.6199951171875,264.17999267578125,263.6199951171875,264.0350036621094,88649,AMZN,1m
2026-05-21 14:52:00+00:00,264.0115051269531,264.25,263.8800048828125,264.19500732421875,80960,AMZN,1m
2026-05-21 14:53:00+00:00,264.17010498046875,264.2200927734375,264.0799865722656,264.2200012207031,39020,AMZN,1m
2026-05-21 14:54:00+00:00,264.2200012207031,264.3599853515625,264.1600036621094,264.3200988769531,63800,AMZN,1m
2026-05-21 14:55:00+00:00,264.3500061035156,264.5899963378906,264.3200988769531,264.44000244140625,70797,AMZN,1m
2026-05-21 14:56:00+00:00,264.44500732421875,264.5199890136719,264.17999267578125,264.31500244140625,65199,AMZN,1m
2026-05-21 14:57:00+00:00,264.32000732421875,264.5400085449219,264.260009765625,264.4150085449219,47447,AMZN,1m
2026-05-21 14:58:00+00:00,264.3999938964844,264.5199890136719,264.3349914550781,264.43499755859375,59503,AMZN,1m
2026-05-21 14:59:00+00:00,264.44000244140625,264.6199951171875,264.3599853515625,264.4100036621094,62016,AMZN,1m
2026-05-21 15:00:00+00:00,264.4100036621094,264.54998779296875,264.3699951171875,264.4599914550781,71729,AMZN,1m
2026-05-21 15:01:00+00:00,264.4599914550781,264.489990234375,264.2799987792969,264.3299865722656,69706,AMZN,1m
2026-05-21 15:02:00+00:00,264.3399963378906,264.7200012207031,264.3399963378906,264.6199951171875,62015,AMZN,1m
2026-05-21 15:03:00+00:00,264.6099853515625,264.6499938964844,264.510009765625,264.57501220703125,47770,AMZN,1m
2026-05-21 15:04:00+00:00,264.6000061035156,264.6199951171875,263.25,264.4800109863281,234889,AMZN,1m
2026-05-21 15:05:00+00:00,264.5299987792969,264.5299987792969,264.1213073730469,264.20001220703125,60813,AMZN,1m
2026-05-21 15:06:00+00:00,264.20001220703125,264.29998779296875,264.0299987792969,264.1499938964844,64530,AMZN,1m
2026-05-21 15:07:00+00:00,264.1300048828125,264.17999267578125,263.8100891113281,263.94000244140625,83118,AMZN,1m
2026-05-21 15:08:00+00:00,263.94500732421875,264.1600036621094,263.85009765625,263.92999267578125,50067,AMZN,1m
2026-05-21 15:09:00+00:00,263.9100036621094,264.1000061035156,263.80999755859375,264.0400085449219,46483,AMZN,1m
2026-05-21 15:10:00+00:00,264.0299987792969,264.2699890136719,263.67999267578125,264.25,70614,AMZN,1m
2026-05-21 15:11:00+00:00,264.2550048828125,264.3086853027344,264.0799865722656,264.2099914550781,71755,AMZN,1m
2026-05-21 15:12:00+00:00,264.19140625,264.2449951171875,263.94000244140625,264.1499938964844,44765,AMZN,1m
2026-05-21 15:13:00+00:00,264.1199951171875,264.79998779296875,264.0899963378906,264.760009765625,69023,AMZN,1m
2026-05-21 15:14:00+00:00,264.739990234375,264.9049987792969,264.0,264.79998779296875,121693,AMZN,1m
2026-05-21 15:15:00+00:00,264.8599853515625,264.9599914550781,264.760009765625,264.8074951171875,61941,AMZN,1m
2026-05-21 15:16:00+00:00,264.8699035644531,264.9800109863281,264.739990234375,264.9200134277344,48992,AMZN,1m
2026-05-21 15:17:00+00:00,264.9049987792969,264.9200134277344,264.65008544921875,264.70001220703125,70426,AMZN,1m
2026-05-21 15:18:00+00:00,264.69000244140625,264.80999755859375,264.6499938964844,264.7449951171875,43943,AMZN,1m
2026-05-21 15:19:00+00:00,264.7799987792969,264.80999755859375,264.4200134277344,264.489990234375,52247,AMZN,1m
2026-05-21 15:20:00+00:00,264.4649963378906,264.6700134277344,264.30999755859375,264.489990234375,131557,AMZN,1m
2026-05-21 15:21:00+00:00,264.4649963378906,264.57000732421875,264.3500061035156,264.5199890136719,57905,AMZN,1m
2026-05-21 15:22:00+00:00,264.5249938964844,264.79998779296875,264.5,264.7200012207031,53638,AMZN,1m
2026-05-21 15:23:00+00:00,264.7300109863281,264.9200134277344,264.6499938964844,264.80999755859375,58802,AMZN,1m
2026-05-21 15:24:00+00:00,264.80999755859375,264.8299865722656,264.55999755859375,264.57501220703125,43232,AMZN,1m
2026-05-21 15:25:00+00:00,264.54998779296875,264.864990234375,264.4849853515625,264.760009765625,77222,AMZN,1m
2026-05-21 15:26:00+00:00,264.760009765625,264.7799987792969,264.5199890136719,264.67999267578125,61426,AMZN,1m
2026-05-21 15:27:00+00:00,264.70001220703125,264.7300109863281,264.6000061035156,264.6499938964844,46879,AMZN,1m
2026-05-21 15:28:00+00:00,264.6300048828125,264.80499267578125,264.6300048828125,264.802490234375,71268,AMZN,1m
2026-05-21 15:29:00+00:00,264.79998779296875,264.80999755859375,264.67498779296875,264.70001220703125,33348,AMZN,1m
2026-05-21 15:30:00+00:00,264.7051086425781,264.8800048828125,264.69000244140625,264.7749938964844,55315,AMZN,1m
2026-05-21 15:31:00+00:00,264.7699890136719,264.7799072265625,264.4700012207031,264.5400085449219,74469,AMZN,1m
2026-05-21 15:32:00+00:00,264.57000732421875,264.80999755859375,264.5007019042969,264.739990234375,38482,AMZN,1m
2026-05-21 15:33:00+00:00,264.7300109863281,264.82000732421875,264.6400146484375,264.7101135253906,40767,AMZN,1m
2026-05-21 15:34:00+00:00,264.7799987792969,264.79998779296875,264.54998779296875,264.6099853515625,53812,AMZN,1m
2026-05-21 15:35:00+00:00,264.6300048828125,264.8399963378906,264.57000732421875,264.7799987792969,32235,AMZN,1m
2026-05-21 15:36:00+00:00,264.75,264.9100036621094,264.5799865722656,264.8500061035156,35044,AMZN,1m
2026-05-21 15:37:00+00:00,264.8699951171875,265.089599609375,264.8100891113281,265.07501220703125,107094,AMZN,1m
2026-05-21 15:38:00+00:00,265.07000732421875,265.20001220703125,264.5,265.010009765625,138970,AMZN,1m
2026-05-21 15:39:00+00:00,265.010009765625,265.2799987792969,264.989990234375,265.1650085449219,54580,AMZN,1m
2026-05-21 15:40:00+00:00,265.17999267578125,265.2300109863281,265.1199951171875,265.1199951171875,37135,AMZN,1m
2026-05-21 15:41:00+00:00,265.1000061035156,265.1424865722656,264.9100036621094,265.1300048828125,62564,AMZN,1m
2026-05-21 15:42:00+00:00,265.1163024902344,265.2099914550781,265.0249938964844,265.2099914550781,24712,AMZN,1m
2026-05-21 15:43:00+00:00,265.2200012207031,265.3299865722656,265.20001220703125,265.2471008300781,37905,AMZN,1m
2026-05-21 15:44:00+00:00,265.2200012207031,265.2200012207031,265.04998779296875,265.1199951171875,38000,AMZN,1m
2026-05-21 15:45:00+00:00,265.1199035644531,265.29998779296875,265.114990234375,265.2149963378906,41491,AMZN,1m
2026-05-21 15:46:00+00:00,265.2300109863281,265.40728759765625,265.17498779296875,265.2950134277344,54526,AMZN,1m
2026-05-21 15:47:00+00:00,265.29998779296875,265.42999267578125,265.2195129394531,265.4200134277344,53930,AMZN,1m
2026-05-21 15:48:00+00:00,265.4200134277344,265.5799865722656,265.4200134277344,265.5249938964844,60429,AMZN,1m
2026-05-21 15:49:00+00:00,265.5199890136719,265.54998779296875,265.3999938964844,265.54998779296875,38953,AMZN,1m
2026-05-21 15:50:00+00:00,265.5450134277344,265.6300048828125,265.4599914550781,265.4599914550781,33719,AMZN,1m
2026-05-21 15:51:00+00:00,265.4700012207031,265.6300048828125,265.42999267578125,265.5369873046875,31438,AMZN,1m
2026-05-21 15:52:00+00:00,265.5400085449219,265.6499938964844,265.489990234375,265.6300048828125,28117,AMZN,1m
2026-05-21 15:53:00+00:00,265.6199951171875,265.6499938964844,265.4800109863281,265.6098937988281,46260,AMZN,1m
2026-05-21 15:54:00+00:00,265.5899963378906,265.7200012207031,265.5899963378906,265.6300048828125,41680,AMZN,1m
2026-05-21 15:55:00+00:00,265.6199951171875,265.70001220703125,265.57000732421875,265.69000244140625,42137,AMZN,1m
2026-05-21 15:56:00+00:00,265.6600036621094,265.67999267578125,265.5719909667969,265.5799865722656,36945,AMZN,1m
2026-05-21 15:57:00+00:00,265.5849914550781,265.7049865722656,265.5400085449219,265.6300048828125,50204,AMZN,1m
2026-05-21 15:58:00+00:00,265.6099853515625,265.7799987792969,265.4200134277344,265.7300109863281,71937,AMZN,1m
2026-05-21 15:59:00+00:00,265.7300109863281,265.7998962402344,265.6000061035156,265.6000061035156,47482,AMZN,1m
2026-05-21 16:00:00+00:00,265.6499938964844,265.7149963378906,265.510009765625,265.6700134277344,45755,AMZN,1m
2026-05-21 16:01:00+00:00,265.6700134277344,265.7900085449219,265.5,265.5,43751,AMZN,1m
2026-05-21 16:02:00+00:00,265.510009765625,265.6400146484375,265.45001220703125,265.5199890136719,49981,AMZN,1m
2026-05-21 16:03:00+00:00,265.5199890136719,265.8699951171875,265.5,265.8299865722656,62357,AMZN,1m
2026-05-21 16:04:00+00:00,265.8299865722656,265.9200134277344,265.79998779296875,265.8299865722656,39399,AMZN,1m
2026-05-21 16:05:00+00:00,265.82000732421875,265.8900146484375,265.70001220703125,265.70001220703125,62413,AMZN,1m
2026-05-21 16:06:00+00:00,265.67999267578125,265.69000244140625,265.42999267578125,265.4750061035156,47832,AMZN,1m
2026-05-21 16:07:00+00:00,265.44000244140625,265.7099914550781,265.44000244140625,265.6700134277344,66335,AMZN,1m
2026-05-21 16:08:00+00:00,265.6600036621094,265.69000244140625,265.3900146484375,265.614990234375,59351,AMZN,1m
2026-05-21 16:09:00+00:00,265.6199951171875,265.7651062011719,265.5400085449219,265.7300109863281,47689,AMZN,1m
2026-05-21 16:10:00+00:00,265.739990234375,265.739990234375,265.5899963378906,265.6050109863281,51461,AMZN,1m
2026-05-21 16:11:00+00:00,265.6050109863281,265.7200012207031,265.4700012207031,265.6200866699219,59208,AMZN,1m
2026-05-21 16:12:00+00:00,265.6400146484375,265.70001220703125,265.4049987792969,265.5050048828125,58811,AMZN,1m
2026-05-21 16:13:00+00:00,265.5,265.5,265.17999267578125,265.2799987792969,111852,AMZN,1m
2026-05-21 16:14:00+00:00,265.25,265.43798828125,265.1900939941406,265.43798828125,35108,AMZN,1m
2026-05-21 16:15:00+00:00,265.42999267578125,265.5,265.2200012207031,265.2699890136719,54558,AMZN,1m
2026-05-21 16:16:00+00:00,265.2550048828125,265.40399169921875,265.1199951171875,265.20001220703125,52453,AMZN,1m
2026-05-21 16:17:00+00:00,265.2149963378906,265.30999755859375,265.20001220703125,265.2300109863281,34507,AMZN,1m
2026-05-21 16:18:00+00:00,265.19000244140625,265.2998962402344,265.1700134277344,265.20001220703125,31051,AMZN,1m
2026-05-21 16:19:00+00:00,265.20001220703125,265.2200012207031,264.95001220703125,265.07000732421875,51336,AMZN,1m
2026-05-21 16:20:00+00:00,265.05999755859375,265.1700134277344,265.02178955078125,265.05010986328125,44871,AMZN,1m
2026-05-21 16:21:00+00:00,265.04998779296875,265.1199951171875,265.0,265.010009765625,33272,AMZN,1m
2026-05-21 16:22:00+00:00,265.010009765625,265.3399963378906,264.9849853515625,265.04998779296875,79822,AMZN,1m
2026-05-21 16:23:00+00:00,265.05999755859375,265.20001220703125,265.0,265.1600036621094,63067,AMZN,1m
2026-05-21 16:24:00+00:00,265.1499938964844,265.1499938964844,264.9700012207031,265.07501220703125,56903,AMZN,1m
2026-05-21 16:25:00+00:00,265.0899963378906,265.1199951171875,264.8999938964844,264.989990234375,50074,AMZN,1m
2026-05-21 16:26:00+00:00,264.989990234375,265.19000244140625,264.96490478515625,265.0704040527344,29739,AMZN,1m
2026-05-21 16:27:00+00:00,265.1099853515625,265.24560546875,265.0950012207031,265.2349853515625,36880,AMZN,1m
2026-05-21 16:28:00+00:00,265.2200012207031,265.2300109863281,265.1199951171875,265.1700134277344,24780,AMZN,1m
2026-05-21 16:29:00+00:00,265.17999267578125,265.19000244140625,265.010009765625,265.0899963378906,32675,AMZN,1m
2026-05-21 16:30:00+00:00,265.0799865722656,265.20001220703125,265.05999755859375,265.1300048828125,29142,AMZN,1m
2026-05-21 16:31:00+00:00,265.135009765625,265.1700134277344,265.1000061035156,265.1400146484375,22247,AMZN,1m
2026-05-21 16:32:00+00:00,265.1199951171875,265.1199951171875,264.8999938964844,265.0950012207031,49982,AMZN,1m
2026-05-21 16:33:00+00:00,265.1099853515625,265.2300109863281,265.1099853515625,265.1499938964844,31716,AMZN,1m
2026-05-21 16:34:00+00:00,265.1549987792969,265.1700134277344,265.07000732421875,265.1499938964844,28557,AMZN,1m
2026-05-21 16:35:00+00:00,265.1400146484375,265.3450012207031,265.1400146484375,265.32000732421875,22483,AMZN,1m
2026-05-21 16:36:00+00:00,265.29998779296875,265.29998779296875,265.0215148925781,265.05499267578125,39024,AMZN,1m
2026-05-21 16:37:00+00:00,265.07000732421875,265.1539001464844,265.0299987792969,265.122802734375,27992,AMZN,1m
2026-05-21 16:38:00+00:00,265.1400146484375,265.1400146484375,264.9100036621094,265.0299987792969,32227,AMZN,1m
2026-05-21 16:39:00+00:00,265.0400085449219,265.1130065917969,264.95001220703125,265.0799865722656,41108,AMZN,1m
2026-05-21 16:40:00+00:00,265.1000061035156,265.1449890136719,264.95001220703125,265.0299987792969,59972,AMZN,1m
2026-05-21 16:41:00+00:00,265.0400085449219,265.17999267578125,264.9695129394531,265.17999267578125,32255,AMZN,1m
2026-05-21 16:42:00+00:00,265.2200012207031,265.3999938964844,265.1700134277344,265.3999938964844,42451,AMZN,1m
2026-05-21 16:43:00+00:00,265.3656005859375,265.3800048828125,265.260009765625,265.2699890136719,30796,AMZN,1m
2026-05-21 16:44:00+00:00,265.260009765625,265.42999267578125,264.75,265.2900085449219,135168,AMZN,1m
2026-05-21 16:45:00+00:00,265.29998779296875,265.5,265.2749938964844,265.489990234375,37786,AMZN,1m
2026-05-21 16:46:00+00:00,265.5,265.5,265.3999938964844,265.4200134277344,28389,AMZN,1m
2026-05-21 16:47:00+00:00,265.45001220703125,265.4800109863281,265.3500061035156,265.4800109863281,41051,AMZN,1m
2026-05-21 16:48:00+00:00,265.4750061035156,265.7650146484375,265.0,265.56500244140625,176174,AMZN,1m
2026-05-21 16:49:00+00:00,265.5899963378906,265.739990234375,265.5799865722656,265.7099914550781,32615,AMZN,1m
2026-05-21 16:50:00+00:00,265.7049865722656,265.7799987792969,265.54998779296875,265.75,68606,AMZN,1m
2026-05-21 16:51:00+00:00,265.7550048828125,266.07000732421875,265.7395935058594,265.9949951171875,117176,AMZN,1m
2026-05-21 16:52:00+00:00,265.9599914550781,266.1925048828125,265.9599914550781,266.1199951171875,60732,AMZN,1m
2026-05-21 16:53:00+00:00,266.1099853515625,266.3699951171875,266.0199890136719,266.3399963378906,87044,AMZN,1m
2026-05-21 16:54:00+00:00,266.3299865722656,266.3299865722656,266.1600036621094,266.17010498046875,53677,AMZN,1m
2026-05-21 16:55:00+00:00,266.19000244140625,266.2900085449219,266.1000061035156,266.2300109863281,37168,AMZN,1m
2026-05-21 16:56:00+00:00,266.260009765625,266.3399963378906,266.18011474609375,266.3399963378906,34382,AMZN,1m
2026-05-21 16:57:00+00:00,266.3349914550781,266.3599853515625,266.2099914550781,266.3299865722656,48394,AMZN,1m
2026-05-21 16:58:00+00:00,266.3399963378906,266.3599853515625,266.281494140625,266.2900085449219,28552,AMZN,1m
2026-05-21 16:59:00+00:00,266.2900085449219,266.44989013671875,266.2850036621094,266.3900146484375,59862,AMZN,1m
2026-05-21 17:00:00+00:00,266.4100036621094,266.5700988769531,266.3900146484375,266.3999938964844,56545,AMZN,1m
2026-05-21 17:01:00+00:00,266.4100036621094,266.75,266.3999938964844,266.739990234375,49646,AMZN,1m
2026-05-21 17:02:00+00:00,266.7200012207031,266.94000244140625,266.6600036621094,266.86248779296875,112153,AMZN,1m
2026-05-21 17:03:00+00:00,266.8500061035156,266.8900146484375,266.7799987792969,266.80999755859375,62542,AMZN,1m
2026-05-21 17:04:00+00:00,266.8258056640625,266.88580322265625,266.6706848144531,266.7701110839844,58137,AMZN,1m
2026-05-21 17:05:00+00:00,266.7950134277344,266.8500061035156,266.7699890136719,266.84991455078125,26251,AMZN,1m
2026-05-21 17:06:00+00:00,266.82000732421875,266.8949890136719,266.6700134277344,266.7300109863281,33462,AMZN,1m
2026-05-21 17:07:00+00:00,266.7449951171875,266.82000732421875,266.7300109863281,266.739990234375,19737,AMZN,1m
2026-05-21 17:08:00+00:00,266.7149963378906,266.7875061035156,266.6600036621094,266.760009765625,19228,AMZN,1m
2026-05-21 17:09:00+00:00,266.760009765625,266.7900085449219,266.70001220703125,266.70001220703125,32075,AMZN,1m
2026-05-21 17:10:00+00:00,266.67999267578125,267.42999267578125,266.67999267578125,267.375,166428,AMZN,1m
2026-05-21 17:11:00+00:00,267.3999938964844,267.6000061035156,267.1400146484375,267.1400146484375,149029,AMZN,1m
2026-05-21 17:12:00+00:00,267.19500732421875,267.239990234375,266.79998779296875,266.9849853515625,95563,AMZN,1m
2026-05-21 17:13:00+00:00,266.989990234375,267.010009765625,266.6050109863281,266.6099853515625,71725,AMZN,1m
2026-05-21 17:14:00+00:00,266.6099853515625,266.6300048828125,266.2699890136719,266.3299865722656,110965,AMZN,1m
2026-05-21 17:15:00+00:00,266.32501220703125,266.6300048828125,266.2900085449219,266.55999755859375,141797,AMZN,1m
2026-05-21 17:16:00+00:00,266.5799865722656,267.239990234375,266.54998779296875,267.239990234375,140673,AMZN,1m
2026-05-21 17:17:00+00:00,267.239990234375,267.3999938964844,266.92999267578125,266.9599914550781,100249,AMZN,1m
2026-05-21 17:18:00+00:00,267.010009765625,267.010009765625,266.739990234375,266.889892578125,525255,AMZN,1m
2026-05-21 17:19:00+00:00,266.8699951171875,266.8800048828125,266.56500244140625,266.6700134277344,83165,AMZN,1m
2026-05-21 17:20:00+00:00,266.6700134277344,267.04998779296875,266.6499938964844,267.0199890136719,61000,AMZN,1m
2026-05-21 17:21:00+00:00,267.0199890136719,267.2799987792969,266.9100036621094,267.2799987792969,99101,AMZN,1m
2026-05-21 17:22:00+00:00,267.260009765625,267.44000244140625,267.0199890136719,267.2200012207031,162613,AMZN,1m
2026-05-21 17:23:00+00:00,267.239990234375,267.3599853515625,266.8399963378906,267.1199951171875,115733,AMZN,1m
2026-05-21 17:24:00+00:00,267.1099853515625,267.29998779296875,266.92999267578125,267.135009765625,86802,AMZN,1m
2026-05-21 17:25:00+00:00,267.1600036621094,267.42498779296875,267.1600036621094,267.30499267578125,55363,AMZN,1m
2026-05-21 17:26:00+00:00,267.32000732421875,267.4649963378906,267.2300109863281,267.4599914550781,74351,AMZN,1m
2026-05-21 17:27:00+00:00,267.4601135253906,267.59991455078125,267.2900085449219,267.3399963378906,71976,AMZN,1m
2026-05-21 17:28:00+00:00,267.3450012207031,267.45001220703125,267.2300109863281,267.3999938964844,83834,AMZN,1m
2026-05-21 17:29:00+00:00,267.41180419921875,267.44500732421875,267.2799987792969,267.30999755859375,44592,AMZN,1m
2026-05-21 17:30:00+00:00,267.30999755859375,267.4599914550781,267.2650146484375,267.3949890136719,52162,AMZN,1m
2026-05-21 17:31:00+00:00,267.3399963378906,267.3999938964844,267.17999267578125,267.30999755859375,61234,AMZN,1m
2026-05-21 17:32:00+00:00,267.2799987792969,267.5400085449219,267.2699890136719,267.5299987792969,76259,AMZN,1m
2026-05-21 17:33:00+00:00,267.510009765625,267.54998779296875,267.27099609375,267.3500061035156,51036,AMZN,1m
2026-05-21 17:34:00+00:00,267.3500061035156,267.6993103027344,267.2900085449219,267.6199951171875,58496,AMZN,1m
2026-05-21 17:35:00+00:00,267.6050109863281,267.94000244140625,267.5899963378906,267.9200134277344,83917,AMZN,1m
2026-05-21 17:36:00+00:00,267.9150085449219,268.1400146484375,267.8999938964844,268.125,140813,AMZN,1m
2026-05-21 17:37:00+00:00,268.1300048828125,268.3599853515625,268.0950012207031,268.2699890136719,116752,AMZN,1m
2026-05-21 17:38:00+00:00,268.25,268.3299865722656,268.2200012207031,268.239990234375,50271,AMZN,1m
2026-05-21 17:39:00+00:00,268.2550048828125,268.42999267578125,268.1700134277344,268.3500061035156,144098,AMZN,1m
2026-05-21 17:40:00+00:00,268.364990234375,268.6700134277344,268.3299865722656,268.6549987792969,122777,AMZN,1m
2026-05-21 17:41:00+00:00,268.6600036621094,268.9200134277344,268.6400146484375,268.864990234375,152271,AMZN,1m
2026-05-21 17:42:00+00:00,268.9049987792969,268.9549865722656,268.7099914550781,268.7601013183594,103934,AMZN,1m
2026-05-21 17:43:00+00:00,268.7676086425781,268.8800048828125,268.7200012207031,268.760009765625,85466,AMZN,1m
2026-05-21 17:44:00+00:00,268.764892578125,269.19000244140625,268.7200012207031,269.1424865722656,167523,AMZN,1m
2026-05-21 17:45:00+00:00,269.1449890136719,269.1600036621094,268.81201171875,268.9549865722656,119673,AMZN,1m
2026-05-21 17:46:00+00:00,268.9599914550781,269.0,268.7799987792969,268.989990234375,116350,AMZN,1m
2026-05-21 17:47:00+00:00,268.9849853515625,269.2099914550781,268.9849853515625,269.114990234375,112242,AMZN,1m
2026-05-21 17:48:00+00:00,269.114990234375,269.2200012207031,269.0199890136719,269.1650085449219,80393,AMZN,1m
2026-05-21 17:49:00+00:00,269.1510009765625,269.20989990234375,269.0400085449219,269.04998779296875,71518,AMZN,1m
2026-05-21 17:50:00+00:00,269.0299987792969,269.0799865722656,268.9700012207031,269.0199890136719,65778,AMZN,1m
2026-05-21 17:51:00+00:00,269.0249938964844,269.2799987792969,269.0249938964844,269.1994934082031,80538,AMZN,1m
2026-05-21 17:52:00+00:00,269.19000244140625,269.3800048828125,269.19000244140625,269.3500061035156,67983,AMZN,1m
2026-05-21 17:53:00+00:00,269.32000732421875,269.3793029785156,269.06500244140625,269.07501220703125,64269,AMZN,1m
2026-05-21 17:54:00+00:00,269.0602111816406,269.1700134277344,268.8900146484375,269.1400146484375,75893,AMZN,1m
2026-05-21 17:55:00+00:00,269.1400146484375,269.2699890136719,269.010009765625,269.010009765625,47973,AMZN,1m
2026-05-21 17:56:00+00:00,268.989990234375,269.125,268.989990234375,269.0801086425781,52085,AMZN,1m
2026-05-21 17:57:00+00:00,269.1099853515625,269.1885070800781,269.090087890625,269.114990234375,49718,AMZN,1m
2026-05-21 17:58:00+00:00,269.1400146484375,269.19000244140625,269.0,269.0400085449219,123530,AMZN,1m
2026-05-21 17:59:00+00:00,269.0249938964844,269.1000061035156,268.739990234375,268.7799072265625,64378,AMZN,1m
2026-05-21 18:00:00+00:00,268.760009765625,269.05999755859375,268.7101135253906,269.0350036621094,68861,AMZN,1m
2026-05-21 18:01:00+00:00,269.04998779296875,269.06500244140625,268.69000244140625,268.7409973144531,66411,AMZN,1m
2026-05-21 18:02:00+00:00,268.79998779296875,268.8800048828125,268.67999267578125,268.8599853515625,39929,AMZN,1m
2026-05-21 18:03:00+00:00,268.8699951171875,269.1000061035156,268.8699951171875,269.0400085449219,41994,AMZN,1m
2026-05-21 18:04:00+00:00,269.04998779296875,269.1199951171875,268.4949951171875,268.5,83661,AMZN,1m
2026-05-21 18:05:00+00:00,268.4800109863281,268.5730895996094,268.30999755859375,268.45001220703125,65094,AMZN,1m
2026-05-21 18:06:00+00:00,268.44000244140625,268.9599914550781,268.44000244140625,268.8699951171875,40897,AMZN,1m
2026-05-21 18:07:00+00:00,268.8699951171875,268.8999938964844,268.70001220703125,268.760009765625,38015,AMZN,1m
2026-05-21 18:08:00+00:00,268.75,268.9700012207031,268.7250061035156,268.93499755859375,29951,AMZN,1m
2026-05-21 18:09:00+00:00,268.9100036621094,268.95001220703125,268.80010986328125,268.810302734375,37010,AMZN,1m
2026-05-21 18:10:00+00:00,268.80999755859375,268.8550109863281,268.6600036621094,268.7049865722656,34575,AMZN,1m
2026-05-21 18:11:00+00:00,268.67999267578125,268.7650146484375,268.6099853515625,268.7250061035156,41958,AMZN,1m
2026-05-21 18:12:00+00:00,268.72021484375,268.79998779296875,268.6099853515625,268.75,114811,AMZN,1m
2026-05-21 18:13:00+00:00,268.7799987792969,268.8039855957031,268.6600036621094,268.6700134277344,38395,AMZN,1m
2026-05-21 18:14:00+00:00,268.6499938964844,268.7699890136719,268.5050048828125,268.54998779296875,65517,AMZN,1m
2026-05-21 18:15:00+00:00,268.57000732421875,268.7200012207031,268.54998779296875,268.69500732421875,56933,AMZN,1m
2026-05-21 18:16:00+00:00,268.69000244140625,268.8399963378906,268.6600036621094,268.82000732421875,51724,AMZN,1m
2026-05-21 18:17:00+00:00,268.82000732421875,268.95001220703125,268.7699890136719,268.95001220703125,80222,AMZN,1m
2026-05-21 18:18:00+00:00,268.92999267578125,269.17999267578125,268.8900146484375,269.1099853515625,72093,AMZN,1m
2026-05-21 18:19:00+00:00,269.1000061035156,269.19000244140625,269.0450134277344,269.0799865722656,50643,AMZN,1m
2026-05-21 18:20:00+00:00,269.0899963378906,269.25,269.0600891113281,269.25,43432,AMZN,1m
2026-05-21 18:21:00+00:00,269.239990234375,269.4898986816406,269.2200012207031,269.3800048828125,85255,AMZN,1m
2026-05-21 18:22:00+00:00,269.3900146484375,269.4750061035156,269.19000244140625,269.2106018066406,81889,AMZN,1m
2026-05-21 18:23:00+00:00,269.2200012207031,269.2257995605469,268.9200134277344,268.92999267578125,64068,AMZN,1m
2026-05-21 18:24:00+00:00,268.92999267578125,269.0400085449219,268.83099365234375,268.9100036621094,116471,AMZN,1m
2026-05-21 18:25:00+00:00,268.9200134277344,268.989990234375,268.82000732421875,268.8599853515625,34386,AMZN,1m
2026-05-21 18:26:00+00:00,268.8900146484375,268.8999938964844,268.82000732421875,268.8550109863281,42712,AMZN,1m
2026-05-21 18:27:00+00:00,268.8399963378906,268.84991455078125,268.67999267578125,268.7200012207031,44797,AMZN,1m
2026-05-21 18:28:00+00:00,268.7300109863281,268.8399963378906,268.7300109863281,268.8168029785156,47810,AMZN,1m
2026-05-21 18:29:00+00:00,268.81500244140625,268.81500244140625,268.6000061035156,268.7650146484375,40021,AMZN,1m
2026-05-21 18:30:00+00:00,268.760009765625,268.8299865722656,268.6499938964844,268.82000732421875,69952,AMZN,1m
2026-05-21 18:31:00+00:00,268.79010009765625,268.9200134277344,268.7699890136719,268.8800048828125,39967,AMZN,1m
2026-05-21 18:32:00+00:00,268.8800048828125,268.94000244140625,268.67999267578125,268.68499755859375,35591,AMZN,1m
2026-05-21 18:33:00+00:00,268.69000244140625,268.760009765625,268.6700134277344,268.7401123046875,38481,AMZN,1m
2026-05-21 18:34:00+00:00,268.739990234375,268.82000732421875,268.6199951171875,268.7200012207031,29076,AMZN,1m
2026-05-21 18:35:00+00:00,268.7300109863281,268.7349853515625,268.6199951171875,268.6499938964844,34988,AMZN,1m
2026-05-21 18:36:00+00:00,268.6700134277344,268.7900085449219,268.6400146484375,268.7300109863281,39090,AMZN,1m
2026-05-21 18:37:00+00:00,268.739990234375,268.9100036621094,268.7200012207031,268.8399963378906,44888,AMZN,1m
2026-05-21 18:38:00+00:00,268.8299865722656,268.92999267578125,268.739990234375,268.9049987792969,52026,AMZN,1m
2026-05-21 18:39:00+00:00,268.9100036621094,268.9800109863281,268.7099914550781,268.82000732421875,28208,AMZN,1m
2026-05-21 18:40:00+00:00,268.8291015625,268.94000244140625,268.7300109863281,268.92498779296875,44310,AMZN,1m
2026-05-21 18:41:00+00:00,268.94000244140625,269.0799865722656,268.8699951171875,268.8953857421875,48990,AMZN,1m
2026-05-21 18:42:00+00:00,268.8699951171875,268.9549865722656,268.8399963378906,268.9549865722656,28043,AMZN,1m
2026-05-21 18:43:00+00:00,268.94000244140625,268.9898986816406,268.7699890136719,268.8599853515625,44696,AMZN,1m
2026-05-21 18:44:00+00:00,268.8349914550781,268.92999267578125,268.79998779296875,268.79998779296875,28165,AMZN,1m
2026-05-21 18:45:00+00:00,268.79998779296875,268.8699951171875,268.6499938964844,268.7500915527344,30691,AMZN,1m
2026-05-21 18:46:00+00:00,268.7699890136719,268.7950134277344,268.6199951171875,268.6700134277344,36530,AMZN,1m
2026-05-21 18:47:00+00:00,268.7200012207031,268.80999755859375,268.6600036621094,268.7099914550781,31076,AMZN,1m
2026-05-21 18:48:00+00:00,268.7099914550781,268.7099914550781,268.04998779296875,268.17999267578125,219726,AMZN,1m
2026-05-21 18:49:00+00:00,268.2099914550781,268.3699035644531,268.19500732421875,268.2900085449219,32543,AMZN,1m
2026-05-21 18:50:00+00:00,268.260009765625,268.44500732421875,268.2300109863281,268.3800048828125,26431,AMZN,1m
2026-05-21 18:51:00+00:00,268.3450012207031,268.4750061035156,268.260986328125,268.4649963378906,30720,AMZN,1m
2026-05-21 18:52:00+00:00,268.4800109863281,268.4800109863281,267.5299987792969,267.6400146484375,110345,AMZN,1m
2026-05-21 18:53:00+00:00,267.625,267.94000244140625,267.55999755859375,267.69500732421875,43712,AMZN,1m
2026-05-21 18:54:00+00:00,267.7099914550781,267.9100036621094,267.1300048828125,267.1400146484375,90418,AMZN,1m
2026-05-21 18:55:00+00:00,267.1300048828125,267.2550048828125,266.9549865722656,267.1400146484375,134814,AMZN,1m
2026-05-21 18:56:00+00:00,267.1700134277344,267.3299865722656,267.0400085449219,267.07000732421875,44452,AMZN,1m
2026-05-21 18:57:00+00:00,267.0899963378906,267.260009765625,267.02960205078125,267.17999267578125,39895,AMZN,1m
2026-05-21 18:58:00+00:00,267.2200012207031,267.2560119628906,267.0682067871094,267.1650085449219,36651,AMZN,1m
2026-05-21 18:59:00+00:00,267.1300048828125,267.3699951171875,267.0799865722656,267.3699951171875,36501,AMZN,1m
2026-05-21 19:00:00+00:00,267.3500061035156,267.4700012207031,267.2900085449219,267.3500061035156,27982,AMZN,1m
2026-05-21 19:01:00+00:00,267.3500061035156,267.5199890136719,267.29998779296875,267.489990234375,39766,AMZN,1m
2026-05-21 19:02:00+00:00,267.5199890136719,267.5199890136719,267.2799987792969,267.28009033203125,32465,AMZN,1m
2026-05-21 19:03:00+00:00,267.2799987792969,267.7099914550781,267.2699890136719,267.6700134277344,41464,AMZN,1m
2026-05-21 19:04:00+00:00,267.67999267578125,267.739990234375,267.6499938964844,267.70001220703125,30875,AMZN,1m
2026-05-21 19:05:00+00:00,267.6900939941406,267.7850036621094,267.67999267578125,267.7099914550781,27309,AMZN,1m
2026-05-21 19:06:00+00:00,267.7200012207031,267.7799987792969,267.4200134277344,267.4800109863281,63116,AMZN,1m
2026-05-21 19:07:00+00:00,267.42999267578125,267.6077880859375,267.42999267578125,267.55999755859375,49041,AMZN,1m
2026-05-21 19:08:00+00:00,267.5299987792969,267.92999267578125,267.5050048828125,267.864990234375,54658,AMZN,1m
2026-05-21 19:09:00+00:00,267.8699951171875,268.0799865722656,267.8699951171875,268.05499267578125,36057,AMZN,1m
2026-05-21 19:10:00+00:00,268.0599060058594,268.07989501953125,267.8999938964844,267.9649963378906,54916,AMZN,1m
2026-05-21 19:11:00+00:00,267.94500732421875,267.989990234375,267.90460205078125,267.9100036621094,40844,AMZN,1m
2026-05-21 19:12:00+00:00,267.9100036621094,268.0899963378906,267.9100036621094,268.04998779296875,32526,AMZN,1m
2026-05-21 19:13:00+00:00,268.04998779296875,268.07000732421875,267.989990234375,268.0299987792969,26760,AMZN,1m
2026-05-21 19:14:00+00:00,268.0199890136719,268.04998779296875,267.9100036621094,268.0498962402344,32104,AMZN,1m
2026-05-21 19:15:00+00:00,268.07000732421875,268.125,268.010009765625,268.0799865722656,39607,AMZN,1m
2026-05-21 19:16:00+00:00,268.1099853515625,268.19000244140625,268.00738525390625,268.0400085449219,44964,AMZN,1m
2026-05-21 19:17:00+00:00,268.0350036621094,268.05718994140625,267.8999938964844,268.0,72982,AMZN,1m
2026-05-21 19:18:00+00:00,268.0,268.05999755859375,267.9599914550781,268.04998779296875,42742,AMZN,1m
2026-05-21 19:19:00+00:00,268.0299987792969,268.07000732421875,267.95001220703125,268.05999755859375,43960,AMZN,1m
2026-05-21 19:20:00+00:00,268.05499267578125,268.1700134277344,268.04998779296875,268.07489013671875,34643,AMZN,1m
2026-05-21 19:21:00+00:00,268.07000732421875,268.0899963378906,267.9599914550781,268.0400085449219,32073,AMZN,1m
2026-05-21 19:22:00+00:00,268.0,268.1199951171875,267.9649963378906,268.1177978515625,34500,AMZN,1m
2026-05-21 19:23:00+00:00,268.05999755859375,268.1199951171875,268.04998779296875,268.1199951171875,19913,AMZN,1m
2026-05-21 19:24:00+00:00,268.1195068359375,268.1600036621094,268.0101013183594,268.0199890136719,32775,AMZN,1m
2026-05-21 19:25:00+00:00,268.04998779296875,268.1499938964844,268.0450134277344,268.1050109863281,40012,AMZN,1m
2026-05-21 19:26:00+00:00,268.0950012207031,268.17999267578125,268.06500244140625,268.1582946777344,45956,AMZN,1m
2026-05-21 19:27:00+00:00,268.1700134277344,268.2300109863281,268.07000732421875,268.09991455078125,53738,AMZN,1m
2026-05-21 19:28:00+00:00,268.0799865722656,268.3399963378906,268.0799865722656,268.3099060058594,78896,AMZN,1m
2026-05-21 19:29:00+00:00,268.2900085449219,268.29998779296875,268.05999755859375,268.2684020996094,62410,AMZN,1m
2026-05-21 19:30:00+00:00,268.2300109863281,268.4200134277344,268.2101135253906,268.2594909667969,56213,AMZN,1m
2026-05-21 19:31:00+00:00,268.2598876953125,268.3500061035156,268.16009521484375,268.3500061035156,65217,AMZN,1m
2026-05-21 19:32:00+00:00,268.3599853515625,268.44000244140625,268.3070983886719,268.3399963378906,321694,AMZN,1m
2026-05-21 19:33:00+00:00,268.32000732421875,268.3399963378906,268.1499938964844,268.160400390625,59879,AMZN,1m
2026-05-21 19:34:00+00:00,268.1549987792969,268.239990234375,268.1199951171875,268.2298889160156,55542,AMZN,1m
2026-05-21 19:35:00+00:00,268.239990234375,268.44500732421875,268.239990234375,268.42498779296875,69882,AMZN,1m
2026-05-21 19:36:00+00:00,268.4200134277344,268.6000061035156,268.385009765625,268.55499267578125,54236,AMZN,1m
2026-05-21 19:37:00+00:00,268.5400085449219,268.6099853515625,268.4700012207031,268.5799865722656,38210,AMZN,1m
2026-05-21 19:38:00+00:00,268.57000732421875,268.6300048828125,268.54010009765625,268.6099853515625,30857,AMZN,1m
2026-05-21 19:39:00+00:00,268.6099853515625,268.760009765625,268.6099853515625,268.7550048828125,52207,AMZN,1m
2026-05-21 19:40:00+00:00,268.760009765625,268.8999938964844,268.739990234375,268.8299865722656,60421,AMZN,1m
2026-05-21 19:41:00+00:00,268.8399963378906,268.8999938964844,268.739990234375,268.739990234375,51595,AMZN,1m
2026-05-21 19:42:00+00:00,268.7250061035156,268.760009765625,268.6000061035156,268.7279968261719,50928,AMZN,1m
2026-05-21 19:43:00+00:00,268.7250061035156,268.92999267578125,268.70001220703125,268.9200134277344,47994,AMZN,1m
2026-05-21 19:44:00+00:00,268.9200134277344,268.9599914550781,268.8699951171875,268.8699951171875,54264,AMZN,1m
2026-05-21 19:45:00+00:00,268.8599853515625,268.8800048828125,268.6549987792969,268.6549987792969,73786,AMZN,1m
2026-05-21 19:46:00+00:00,268.6698913574219,268.80999755859375,268.510009765625,268.79998779296875,59542,AMZN,1m
2026-05-21 19:47:00+00:00,268.7799987792969,268.80499267578125,268.70001220703125,268.7149963378906,57012,AMZN,1m
2026-05-21 19:48:00+00:00,268.67999267578125,268.7900085449219,268.6199951171875,268.7200012207031,56765,AMZN,1m
2026-05-21 19:49:00+00:00,268.7300109863281,268.75,268.5799865722656,268.6199951171875,63170,AMZN,1m
2026-05-21 19:50:00+00:00,268.6499938964844,268.9599914550781,268.6400146484375,268.760009765625,95319,AMZN,1m
2026-05-21 19:51:00+00:00,268.7950134277344,268.79998779296875,268.6700134277344,268.6700134277344,75149,AMZN,1m
2026-05-21 19:52:00+00:00,268.6400146484375,268.67999267578125,268.55999755859375,268.62799072265625,74975,AMZN,1m
2026-05-21 19:53:00+00:00,268.5899963378906,268.70001220703125,268.54998779296875,268.6000061035156,92836,AMZN,1m
2026-05-21 19:54:00+00:00,268.5799865722656,268.5849914550781,268.32000732421875,268.44000244140625,164092,AMZN,1m
2026-05-21 19:55:00+00:00,268.44000244140625,268.6000061035156,268.2300109863281,268.3890075683594,196954,AMZN,1m
2026-05-21 19:56:00+00:00,268.3800048828125,268.80999755859375,268.3699951171875,268.760009765625,451858,AMZN,1m
2026-05-21 19:57:00+00:00,268.7300109863281,268.8299865722656,268.57000732421875,268.70001220703125,174897,AMZN,1m
2026-05-21 19:58:00+00:00,268.69000244140625,268.7799987792969,268.5799865722656,268.6600036621094,225317,AMZN,1m
2026-05-21 19:59:00+00:00,268.6600036621094,268.6796875,268.3699951171875,268.3900146484375,496701,AMZN,1m
2026-05-22 13:30:00+00:00,268.6499938964844,269.09930419921875,268.05999755859375,268.9549865722656,998138,AMZN,1m
2026-05-22 13:31:00+00:00,269.010009765625,269.70001220703125,268.8900146484375,269.2300109863281,165820,AMZN,1m
2026-05-22 13:32:00+00:00,269.2550048828125,269.54998779296875,269.0,269.4700012207031,150507,AMZN,1m
2026-05-22 13:33:00+00:00,269.489990234375,269.70001220703125,269.0400085449219,269.4200134277344,130802,AMZN,1m
2026-05-22 13:34:00+00:00,269.44000244140625,269.69000244140625,269.3399963378906,269.4700012207031,100028,AMZN,1m
2026-05-22 13:35:00+00:00,269.44500732421875,269.5199890136719,268.8100891113281,268.8100891113281,160043,AMZN,1m
2026-05-22 13:36:00+00:00,268.989990234375,269.2799987792969,268.8399963378906,269.0899963378906,100963,AMZN,1m
2026-05-22 13:37:00+00:00,269.07000732421875,269.4800109863281,268.9400939941406,269.4533996582031,121147,AMZN,1m
2026-05-22 13:38:00+00:00,269.4599914550781,269.6499938964844,269.3299865722656,269.43499755859375,149737,AMZN,1m
2026-05-22 13:39:00+00:00,269.42999267578125,269.6499938964844,268.8949890136719,268.9599914550781,123293,AMZN,1m
2026-05-22 13:40:00+00:00,268.9200134277344,269.3699951171875,268.864990234375,268.989990234375,74921,AMZN,1m
2026-05-22 13:41:00+00:00,269.010009765625,269.5889892578125,268.92498779296875,269.5198974609375,107775,AMZN,1m
2026-05-22 13:42:00+00:00,269.4700012207031,269.7850036621094,269.2799987792969,269.3699951171875,186054,AMZN,1m
2026-05-22 13:43:00+00:00,269.3450012207031,269.489990234375,269.0400085449219,269.1099853515625,99725,AMZN,1m
2026-05-22 13:44:00+00:00,269.1600036621094,269.2998962402344,268.9700012207031,269.0813903808594,65048,AMZN,1m
2026-05-22 13:45:00+00:00,269.010009765625,269.32000732421875,268.9849853515625,269.239990234375,74596,AMZN,1m
2026-05-22 13:46:00+00:00,269.2300109863281,269.5502014160156,269.1499938964844,269.5502014160156,62865,AMZN,1m
2026-05-22 13:47:00+00:00,269.57000732421875,269.6199951171875,269.2149963378906,269.35009765625,81556,AMZN,1m
2026-05-22 13:48:00+00:00,269.375,269.4150085449219,268.65008544921875,268.8125,126425,AMZN,1m
2026-05-22 13:49:00+00:00,268.7099914550781,268.7550048828125,268.2699890136719,268.7099914550781,123041,AMZN,1m
2026-05-22 13:50:00+00:00,268.70001220703125,268.8699951171875,268.6099853515625,268.625,110664,AMZN,1m
2026-05-22 13:51:00+00:00,268.54998779296875,268.67999267578125,268.3215026855469,268.6499938964844,101731,AMZN,1m
2026-05-22 13:52:00+00:00,268.6400146484375,268.6600036621094,268.0899963378906,268.32000732421875,137009,AMZN,1m
2026-05-22 13:53:00+00:00,268.33990478515625,268.4200134277344,268.0899963378906,268.364990234375,73238,AMZN,1m
2026-05-22 13:54:00+00:00,268.3299865722656,268.5400085449219,268.19000244140625,268.30499267578125,88569,AMZN,1m
2026-05-22 13:55:00+00:00,268.2699890136719,268.44989013671875,268.1300048828125,268.19500732421875,89500,AMZN,1m
2026-05-22 13:56:00+00:00,268.19500732421875,268.42999267578125,268.1099853515625,268.42498779296875,58049,AMZN,1m
2026-05-22 13:57:00+00:00,268.42498779296875,268.510009765625,268.29998779296875,268.4200134277344,53611,AMZN,1m
2026-05-22 13:58:00+00:00,268.4150085449219,268.510009765625,268.3550109863281,268.42498779296875,68186,AMZN,1m
2026-05-22 13:59:00+00:00,268.42999267578125,268.5,268.2099914550781,268.3999938964844,46946,AMZN,1m
2026-05-22 14:00:00+00:00,268.3599853515625,268.3599853515625,267.75,267.9100036621094,119892,AMZN,1m
2026-05-22 14:01:00+00:00,267.94000244140625,268.1400146484375,267.9200134277344,268.0299987792969,73013,AMZN,1m
2026-05-22 14:02:00+00:00,268.0450134277344,268.2149963378906,267.9800109863281,268.1499938964844,54716,AMZN,1m
2026-05-22 14:03:00+00:00,268.1600036621094,268.5199890136719,268.1400146484375,268.4049987792969,89702,AMZN,1m
2026-05-22 14:04:00+00:00,268.42999267578125,268.56500244140625,268.2300109863281,268.30999755859375,66754,AMZN,1m
2026-05-22 14:05:00+00:00,268.2850036621094,268.389892578125,268.1300048828125,268.32000732421875,45720,AMZN,1m
2026-05-22 14:06:00+00:00,268.3999938964844,268.4200134277344,268.1600036621094,268.2049865722656,49924,AMZN,1m
2026-05-22 14:07:00+00:00,268.19000244140625,268.20989990234375,267.6549987792969,267.68499755859375,79452,AMZN,1m
2026-05-22 14:08:00+00:00,267.7099914550781,267.7550048828125,267.4800109863281,267.5899963378906,82421,AMZN,1m
2026-05-22 14:09:00+00:00,267.5950012207031,267.8900146484375,267.5,267.8699951171875,54133,AMZN,1m
2026-05-22 14:10:00+00:00,267.84710693359375,268.1300048828125,267.7699890136719,268.1000061035156,66333,AMZN,1m
2026-05-22 14:11:00+00:00,268.07000732421875,268.2200012207031,268.0299987792969,268.1825866699219,56036,AMZN,1m
2026-05-22 14:12:00+00:00,268.1700134277344,268.2099914550781,267.8599853515625,267.9800109863281,90221,AMZN,1m
2026-05-22 14:13:00+00:00,267.95001220703125,267.95001220703125,267.54998779296875,267.6449890136719,76054,AMZN,1m
2026-05-22 14:14:00+00:00,267.6400146484375,268.18499755859375,267.6300048828125,268.0799865722656,77012,AMZN,1m
2026-05-22 14:15:00+00:00,268.0799865722656,268.4100036621094,268.0632019042969,268.3500061035156,105469,AMZN,1m
2026-05-22 14:16:00+00:00,268.3599853515625,268.3599853515625,268.07598876953125,268.114990234375,48112,AMZN,1m
2026-05-22 14:17:00+00:00,268.1000061035156,268.2699890136719,268.1000061035156,268.2200012207031,51077,AMZN,1m
2026-05-22 14:18:00+00:00,268.239990234375,268.2650146484375,267.9714050292969,268.17999267578125,48933,AMZN,1m
2026-05-22 14:19:00+00:00,268.1899108886719,268.1899108886719,268.06500244140625,268.1502990722656,24985,AMZN,1m
2026-05-22 14:20:00+00:00,268.1700134277344,268.32501220703125,268.15008544921875,268.2950134277344,34450,AMZN,1m
2026-05-22 14:21:00+00:00,268.260009765625,268.3995056152344,268.20001220703125,268.32501220703125,51679,AMZN,1m
2026-05-22 14:22:00+00:00,268.29998779296875,268.29998779296875,267.9150085449219,267.9200134277344,76764,AMZN,1m
2026-05-22 14:23:00+00:00,267.95001220703125,268.0849914550781,267.8800048828125,267.989990234375,53087,AMZN,1m
2026-05-22 14:24:00+00:00,267.95001220703125,268.2190856933594,267.95001220703125,268.1499938964844,39467,AMZN,1m
2026-05-22 14:25:00+00:00,268.17999267578125,268.4800109863281,268.1099853515625,268.44000244140625,29591,AMZN,1m
2026-05-22 14:26:00+00:00,268.4700012207031,268.57000732421875,268.42498779296875,268.5455017089844,47024,AMZN,1m
2026-05-22 14:27:00+00:00,268.54998779296875,268.54998779296875,268.3800048828125,268.4700012207031,60857,AMZN,1m
2026-05-22 14:28:00+00:00,268.45001220703125,268.46771240234375,268.3100891113281,268.3550109863281,35777,AMZN,1m
2026-05-22 14:29:00+00:00,268.385009765625,268.5,268.3299865722656,268.489990234375,34425,AMZN,1m
2026-05-22 14:30:00+00:00,268.510009765625,268.54998779296875,268.29998779296875,268.44000244140625,46493,AMZN,1m
2026-05-22 14:31:00+00:00,268.4200134277344,268.6499938964844,268.4104919433594,268.6400146484375,61057,AMZN,1m
2026-05-22 14:32:00+00:00,268.6199951171875,268.7510070800781,268.57501220703125,268.5849914550781,69085,AMZN,1m
2026-05-22 14:33:00+00:00,268.5801086425781,268.7099914550781,268.5199890136719,268.6400146484375,57166,AMZN,1m
2026-05-22 14:34:00+00:00,268.6400146484375,268.6400146484375,268.364990234375,268.4700012207031,51310,AMZN,1m
2026-05-22 14:35:00+00:00,268.4849853515625,268.6700134277344,268.4599914550781,268.6050109863281,76354,AMZN,1m
2026-05-22 14:36:00+00:00,268.5950012207031,268.7737121582031,268.5950012207031,268.7200012207031,65743,AMZN,1m
2026-05-22 14:37:00+00:00,268.7300109863281,268.7799987792969,268.5824890136719,268.5824890136719,64662,AMZN,1m
2026-05-22 14:38:00+00:00,268.6347961425781,268.6347961425781,268.4100036621094,268.57501220703125,32235,AMZN,1m
2026-05-22 14:39:00+00:00,268.5849914550781,268.619384765625,268.44000244140625,268.489990234375,45456,AMZN,1m
2026-05-22 14:40:00+00:00,268.4849853515625,268.5050048828125,268.3800964355469,268.4551086425781,38578,AMZN,1m
2026-05-22 14:41:00+00:00,268.4599914550781,268.5,268.3599853515625,268.4700012207031,48403,AMZN,1m
2026-05-22 14:42:00+00:00,268.4849853515625,268.5799865722656,268.3800048828125,268.5799865722656,47584,AMZN,1m
2026-05-22 14:43:00+00:00,268.6000061035156,268.6600036621094,268.4599914550781,268.5799865722656,52669,AMZN,1m
2026-05-22 14:44:00+00:00,268.590087890625,268.6499938964844,268.44000244140625,268.5,51062,AMZN,1m
2026-05-22 14:45:00+00:00,268.4949951171875,268.5150146484375,268.4150085449219,268.43499755859375,55881,AMZN,1m
2026-05-22 14:46:00+00:00,268.42498779296875,268.510009765625,268.32000732421875,268.385009765625,46318,AMZN,1m
2026-05-22 14:47:00+00:00,268.4024963378906,268.4100036621094,268.2200927734375,268.29998779296875,31102,AMZN,1m
2026-05-22 14:48:00+00:00,268.2900085449219,268.3299865722656,268.2300109863281,268.239990234375,28654,AMZN,1m
2026-05-22 14:49:00+00:00,268.25,268.3301086425781,268.1700134277344,268.19000244140625,27857,AMZN,1m
2026-05-22 14:50:00+00:00,268.1700134277344,268.25,268.1199951171875,268.2049865722656,29045,AMZN,1m
2026-05-22 14:51:00+00:00,268.1900939941406,268.30999755859375,268.1099853515625,268.2699890136719,79942,AMZN,1m
2026-05-22 14:52:00+00:00,268.239990234375,268.3500061035156,268.1000061035156,268.30999755859375,71426,AMZN,1m
2026-05-22 14:53:00+00:00,268.29998779296875,268.4399108886719,268.05999755859375,268.1099853515625,55555,AMZN,1m
2026-05-22 14:54:00+00:00,268.1300048828125,268.1300048828125,267.95001220703125,268.04998779296875,39965,AMZN,1m
2026-05-22 14:55:00+00:00,268.07501220703125,268.2149963378906,268.0350036621094,268.2149963378906,52949,AMZN,1m
2026-05-22 14:56:00+00:00,268.239990234375,268.5,268.20001220703125,268.2850036621094,52763,AMZN,1m
2026-05-22 14:57:00+00:00,268.2998962402344,268.3900146484375,268.2099914550781,268.25,38349,AMZN,1m
2026-05-22 14:58:00+00:00,268.2099914550781,268.3900146484375,268.2099914550781,268.3399963378906,29578,AMZN,1m
2026-05-22 14:59:00+00:00,268.3349914550781,268.3349914550781,268.1099853515625,268.1099853515625,45772,AMZN,1m
2026-05-22 15:00:00+00:00,268.07000732421875,268.2099914550781,267.9100036621094,267.9200134277344,52380,AMZN,1m
2026-05-22 15:01:00+00:00,267.9200134277344,268.0400085449219,267.9200134277344,268.010009765625,37852,AMZN,1m
2026-05-22 15:02:00+00:00,268.0150146484375,268.2099914550781,267.95001220703125,268.2049865722656,36265,AMZN,1m
2026-05-22 15:03:00+00:00,268.2099914550781,268.3399963378906,268.1600036621094,268.28009033203125,223172,AMZN,1m
2026-05-22 15:04:00+00:00,268.2900085449219,268.3999938964844,268.1672058105469,268.2200012207031,31961,AMZN,1m
2026-05-22 15:05:00+00:00,268.2099914550781,268.5599060058594,268.2099914550781,268.4700012207031,57139,AMZN,1m
2026-05-22 15:06:00+00:00,268.489990234375,268.5437927246094,268.4200134277344,268.4800109863281,47074,AMZN,1m
2026-05-22 15:07:00+00:00,268.510009765625,268.7499084472656,268.489990234375,268.69500732421875,78462,AMZN,1m
2026-05-22 15:08:00+00:00,268.70001220703125,268.8599853515625,268.6400146484375,268.8599853515625,64773,AMZN,1m
2026-05-22 15:09:00+00:00,268.8699951171875,269.0889892578125,268.8500061035156,269.0799865722656,88158,AMZN,1m
2026-05-22 15:10:00+00:00,269.0885009765625,269.1400146484375,268.93011474609375,269.05999755859375,43861,AMZN,1m
2026-05-22 15:11:00+00:00,269.0400085449219,269.07000732421875,268.8999938964844,268.94000244140625,71896,AMZN,1m
2026-05-22 15:12:00+00:00,268.93499755859375,268.95001220703125,268.82000732421875,268.82000732421875,49774,AMZN,1m
2026-05-22 15:13:00+00:00,268.85211181640625,268.9200134277344,268.82000732421875,268.8949890136719,25277,AMZN,1m
2026-05-22 15:14:00+00:00,268.9150085449219,268.9150085449219,268.80999755859375,268.9100036621094,42030,AMZN,1m
2026-05-22 15:15:00+00:00,268.9100036621094,269.25,268.8599853515625,269.2300109863281,106740,AMZN,1m
2026-05-22 15:16:00+00:00,269.2200012207031,269.2250061035156,268.9801025390625,269.1400146484375,66697,AMZN,1m
2026-05-22 15:17:00+00:00,269.1400146484375,269.20001220703125,269.05999755859375,269.0668029785156,412026,AMZN,1m
2026-05-22 15:18:00+00:00,269.0400085449219,269.20001220703125,269.0199890136719,269.1400146484375,83334,AMZN,1m
2026-05-22 15:19:00+00:00,269.1409912109375,269.20001220703125,269.1099853515625,269.114990234375,37484,AMZN,1m
2026-05-22 15:20:00+00:00,269.1099853515625,269.1099853515625,268.92999267578125,269.0531005859375,38773,AMZN,1m
2026-05-22 15:21:00+00:00,269.0799865722656,269.1449890136719,268.92340087890625,269.1449890136719,25495,AMZN,1m
2026-05-22 15:22:00+00:00,269.1499938964844,269.1499938964844,268.94000244140625,268.94000244140625,23453,AMZN,1m
2026-05-22 15:23:00+00:00,268.95001220703125,268.9649963378906,268.7900085449219,268.875,53939,AMZN,1m
2026-05-22 15:24:00+00:00,268.8800048828125,268.8999938964844,268.80999755859375,268.82000732421875,38897,AMZN,1m
2026-05-22 15:25:00+00:00,268.82501220703125,268.82501220703125,268.70001220703125,268.70001220703125,35312,AMZN,1m
2026-05-22 15:26:00+00:00,268.70001220703125,268.82000732421875,268.6000061035156,268.6199951171875,29664,AMZN,1m
2026-05-22 15:27:00+00:00,268.6000061035156,268.80999755859375,268.6000061035156,268.7200012207031,46399,AMZN,1m
2026-05-22 15:28:00+00:00,268.760009765625,268.7897033691406,268.6650085449219,268.739990234375,24296,AMZN,1m
2026-05-22 15:29:00+00:00,268.739990234375,269.0400085449219,268.7200012207031,269.0400085449219,53414,AMZN,1m
2026-05-22 15:30:00+00:00,269.0799865722656,269.1600036621094,268.9599914550781,269.1600036621094,64560,AMZN,1m
2026-05-22 15:31:00+00:00,269.1600036621094,269.2799987792969,269.0799865722656,269.0799865722656,51571,AMZN,1m
2026-05-22 15:32:00+00:00,269.0799865722656,269.2200012207031,269.051513671875,269.19000244140625,41104,AMZN,1m
2026-05-22 15:33:00+00:00,269.2099914550781,269.2349853515625,269.07000732421875,269.1099853515625,33076,AMZN,1m
2026-05-22 15:34:00+00:00,269.114990234375,269.2300109863281,269.1099853515625,269.1700134277344,49775,AMZN,1m
2026-05-22 15:35:00+00:00,269.14019775390625,269.1700134277344,269.0,269.1650085449219,38430,AMZN,1m
2026-05-22 15:36:00+00:00,269.1700134277344,269.239990234375,269.0899963378906,269.1700134277344,33261,AMZN,1m
2026-05-22 15:37:00+00:00,269.125,269.2099914550781,269.125,269.1300048828125,25864,AMZN,1m
2026-05-22 15:38:00+00:00,269.135009765625,269.1400146484375,269.010009765625,269.04998779296875,53175,AMZN,1m
2026-05-22 15:39:00+00:00,269.056884765625,269.056884765625,268.90008544921875,269.0299987792969,38031,AMZN,1m
2026-05-22 15:40:00+00:00,269.0450134277344,269.0799865722656,268.9927062988281,269.0050048828125,23637,AMZN,1m
2026-05-22 15:41:00+00:00,268.9800109863281,268.9800109863281,268.9150085449219,268.9700012207031,26531,AMZN,1m
2026-05-22 15:42:00+00:00,268.9909973144531,269.0,268.92181396484375,268.9549865722656,44143,AMZN,1m
2026-05-22 15:43:00+00:00,268.9599914550781,269.04998779296875,268.9599914550781,269.04998779296875,40862,AMZN,1m
2026-05-22 15:44:00+00:00,269.0350036621094,269.07720947265625,269.0,269.05499267578125,23038,AMZN,1m
2026-05-22 15:45:00+00:00,269.05999755859375,269.0799865722656,268.9100036621094,268.9599914550781,40547,AMZN,1m
2026-05-22 15:46:00+00:00,268.95001220703125,269.0899963378906,268.8800048828125,269.0,47104,AMZN,1m
2026-05-22 15:47:00+00:00,268.9949951171875,269.07000732421875,268.9599914550781,269.0199890136719,43143,AMZN,1m
2026-05-22 15:48:00+00:00,269.0199890136719,269.04998779296875,268.9800109863281,269.04998779296875,40561,AMZN,1m
2026-05-22 15:49:00+00:00,269.04998779296875,269.0899963378906,268.94000244140625,268.9444885253906,26576,AMZN,1m
2026-05-22 15:50:00+00:00,268.8599853515625,269.0,268.8550109863281,268.9949951171875,32901,AMZN,1m
2026-05-22 15:51:00+00:00,268.9800109863281,269.0450134277344,268.9700012207031,269.0450134277344,33756,AMZN,1m
2026-05-22 15:52:00+00:00,269.0400085449219,269.1199951171875,268.989990234375,269.0899963378906,42990,AMZN,1m
2026-05-22 15:53:00+00:00,269.0899963378906,269.28900146484375,269.05999755859375,269.28900146484375,26753,AMZN,1m
2026-05-22 15:54:00+00:00,269.2699890136719,269.2886047363281,268.981689453125,268.981689453125,37287,AMZN,1m
2026-05-22 15:55:00+00:00,269.0199890136719,269.06988525390625,268.9649963378906,269.0299987792969,33650,AMZN,1m
2026-05-22 15:56:00+00:00,269.0299987792969,269.2200927734375,269.0299987792969,269.2200927734375,35630,AMZN,1m
2026-05-22 15:57:00+00:00,269.2300109863281,269.2300109863281,269.122314453125,269.1300048828125,21571,AMZN,1m
2026-05-22 15:58:00+00:00,269.1199951171875,269.2900085449219,269.1000061035156,269.2799987792969,20720,AMZN,1m
2026-05-22 15:59:00+00:00,269.2699890136719,269.29998779296875,269.2099914550781,269.260009765625,25348,AMZN,1m
2026-05-22 16:00:00+00:00,269.2799987792969,269.29998779296875,268.989990234375,269.05999755859375,61221,AMZN,1m
2026-05-22 16:01:00+00:00,269.07000732421875,269.2900085449219,269.07000732421875,269.2900085449219,26751,AMZN,1m
2026-05-22 16:02:00+00:00,269.2699890136719,269.2850036621094,269.07000732421875,269.0775146484375,43989,AMZN,1m
2026-05-22 16:03:00+00:00,269.17999267578125,269.30999755859375,269.1449890136719,269.2099914550781,58426,AMZN,1m
2026-05-22 16:04:00+00:00,269.2099914550781,269.2099914550781,269.1000061035156,269.114990234375,21481,AMZN,1m
2026-05-22 16:05:00+00:00,269.1199951171875,269.1300048828125,269.0299987792969,269.07000732421875,28744,AMZN,1m
2026-05-22 16:06:00+00:00,269.07501220703125,269.07501220703125,268.8999938964844,268.93011474609375,43283,AMZN,1m
2026-05-22 16:07:00+00:00,268.94000244140625,268.9949951171875,268.8399963378906,268.9100036621094,45887,AMZN,1m
2026-05-22 16:08:00+00:00,268.9200134277344,269.0299072265625,268.8900146484375,268.8900146484375,24648,AMZN,1m
2026-05-22 16:09:00+00:00,268.9200134277344,268.9700012207031,268.864990234375,268.94500732421875,28020,AMZN,1m
2026-05-22 16:10:00+00:00,268.94000244140625,268.94000244140625,268.6099853515625,268.62969970703125,48888,AMZN,1m
2026-05-22 16:11:00+00:00,268.614990234375,268.64990234375,268.5299987792969,268.6195983886719,34100,AMZN,1m
2026-05-22 16:12:00+00:00,268.6000061035156,268.6199951171875,268.510009765625,268.5450134277344,22268,AMZN,1m
2026-05-22 16:13:00+00:00,268.5350036621094,268.59979248046875,268.42999267578125,268.4599914550781,39584,AMZN,1m
2026-05-22 16:14:00+00:00,268.46990966796875,268.46990966796875,268.3450012207031,268.35009765625,27288,AMZN,1m
2026-05-22 16:15:00+00:00,268.3500061035156,268.3699951171875,268.125,268.14990234375,43715,AMZN,1m
2026-05-22 16:16:00+00:00,268.1600036621094,268.2900085449219,268.1600036621094,268.2550048828125,30545,AMZN,1m
2026-05-22 16:17:00+00:00,268.2698974609375,268.2799987792969,268.1199951171875,268.1600036621094,20090,AMZN,1m
2026-05-22 16:18:00+00:00,268.1650085449219,268.260009765625,268.05999755859375,268.2398986816406,39580,AMZN,1m
2026-05-22 16:19:00+00:00,268.2349853515625,268.25,268.17010498046875,268.17498779296875,27070,AMZN,1m
2026-05-22 16:20:00+00:00,268.18499755859375,268.3399963378906,268.1700134277344,268.2908935546875,29472,AMZN,1m
2026-05-22 16:21:00+00:00,268.29998779296875,268.29998779296875,268.2099914550781,268.260009765625,31180,AMZN,1m
2026-05-22 16:22:00+00:00,268.2699890136719,268.32989501953125,268.2300109863281,268.25,25367,AMZN,1m
2026-05-22 16:23:00+00:00,268.2398986816406,268.2699890136719,268.19000244140625,268.25,26975,AMZN,1m
2026-05-22 16:24:00+00:00,268.2301025390625,268.2445983886719,268.1099853515625,268.1199951171875,42991,AMZN,1m
2026-05-22 16:25:00+00:00,268.1199951171875,268.2550048828125,268.1000061035156,268.25,42161,AMZN,1m
2026-05-22 16:26:00+00:00,268.260009765625,268.42999267578125,268.25,268.42999267578125,44358,AMZN,1m
2026-05-22 16:27:00+00:00,268.44500732421875,268.5495910644531,268.42999267578125,268.510009765625,57306,AMZN,1m
2026-05-22 16:28:00+00:00,268.5050048828125,268.5050048828125,268.1549987792969,268.17999267578125,53632,AMZN,1m
2026-05-22 16:29:00+00:00,268.19000244140625,268.2799987792969,268.1400146484375,268.239990234375,45023,AMZN,1m
2026-05-22 16:30:00+00:00,268.2449951171875,268.2597961425781,268.17999267578125,268.2200012207031,12030,AMZN,1m
2026-05-22 16:31:00+00:00,268.19000244140625,268.2099914550781,268.0819091796875,268.1400146484375,62954,AMZN,1m
2026-05-22 16:32:00+00:00,268.1449890136719,268.17999267578125,268.06500244140625,268.1000061035156,61522,AMZN,1m
2026-05-22 16:33:00+00:00,268.1050109863281,268.1199951171875,267.8500061035156,267.8699951171875,86151,AMZN,1m
2026-05-22 16:34:00+00:00,267.8699951171875,267.8999938964844,267.67999267578125,267.739990234375,52442,AMZN,1m
2026-05-22 16:35:00+00:00,267.75,267.79998779296875,267.6000061035156,267.7799987792969,41127,AMZN,1m
2026-05-22 16:36:00+00:00,267.7699890136719,267.79998779296875,267.6600036621094,267.7300109863281,26821,AMZN,1m
2026-05-22 16:37:00+00:00,267.7300109863281,267.7698974609375,267.6600036621094,267.67999267578125,36577,AMZN,1m
2026-05-22 16:38:00+00:00,267.69000244140625,267.7359924316406,267.60009765625,267.7149963378906,41260,AMZN,1m
2026-05-22 16:39:00+00:00,267.7300109863281,267.7550048828125,267.5400085449219,267.7099914550781,42247,AMZN,1m
2026-05-22 16:40:00+00:00,267.69000244140625,267.70001220703125,267.6099853515625,267.6300048828125,28386,AMZN,1m
2026-05-22 16:41:00+00:00,267.625,267.739990234375,267.61358642578125,267.7300109863281,25950,AMZN,1m
2026-05-22 16:42:00+00:00,267.739990234375,267.7550048828125,267.6700134277344,267.7300109863281,37022,AMZN,1m
2026-05-22 16:43:00+00:00,267.7300109863281,267.7850036621094,267.67999267578125,267.68499755859375,22478,AMZN,1m
2026-05-22 16:44:00+00:00,267.7099914550781,267.797607421875,267.54010009765625,267.5801086425781,27013,AMZN,1m
2026-05-22 16:45:00+00:00,267.6099853515625,267.67999267578125,267.6099853515625,267.6650085449219,22455,AMZN,1m
2026-05-22 16:46:00+00:00,267.6700134277344,267.7799987792969,267.6499938964844,267.70001220703125,26347,AMZN,1m
2026-05-22 16:47:00+00:00,267.69000244140625,267.7799987792969,267.68499755859375,267.6947021484375,23830,AMZN,1m
2026-05-22 16:48:00+00:00,267.70001220703125,267.739990234375,267.6099853515625,267.6600036621094,30496,AMZN,1m
2026-05-22 16:49:00+00:00,267.6549987792969,267.7298889160156,267.6300048828125,267.6401062011719,25944,AMZN,1m
2026-05-22 16:50:00+00:00,267.6449890136719,267.69000244140625,267.6387939453125,267.6400146484375,44016,AMZN,1m
2026-05-22 16:51:00+00:00,267.7349853515625,267.739990234375,267.6650085449219,267.6650085449219,12879,AMZN,1m
2026-05-22 16:52:00+00:00,267.6700134277344,267.6700134277344,267.6133117675781,267.6400146484375,19252,AMZN,1m
2026-05-22 16:53:00+00:00,267.6499938964844,267.7300109863281,267.6401062011719,267.7300109863281,15886,AMZN,1m
2026-05-22 16:54:00+00:00,267.7200012207031,267.739990234375,267.6499938964844,267.6759033203125,41353,AMZN,1m
2026-05-22 16:55:00+00:00,267.70001220703125,267.70001220703125,267.5350036621094,267.625,35127,AMZN,1m
2026-05-22 16:56:00+00:00,267.610107421875,267.70001220703125,267.5950012207031,267.70001220703125,18891,AMZN,1m
2026-05-22 16:57:00+00:00,267.69500732421875,267.7200012207031,267.5450134277344,267.5450134277344,45992,AMZN,1m
2026-05-22 16:58:00+00:00,267.56500244140625,267.6400146484375,267.56500244140625,267.6400146484375,19041,AMZN,1m
2026-05-22 16:59:00+00:00,267.6400146484375,267.6700134277344,267.6300048828125,267.6400146484375,18953,AMZN,1m
2026-05-22 17:00:00+00:00,267.6549987792969,267.6700134277344,267.5799865722656,267.6400146484375,25596,AMZN,1m
2026-05-22 17:01:00+00:00,267.6300048828125,267.7196044921875,267.6099853515625,267.6549987792969,19378,AMZN,1m
2026-05-22 17:02:00+00:00,267.6400146484375,267.6499938964844,267.5849914550781,267.6000061035156,16736,AMZN,1m
2026-05-22 17:03:00+00:00,267.63140869140625,267.63140869140625,267.45001220703125,267.5899963378906,66249,AMZN,1m
2026-05-22 17:04:00+00:00,267.6199951171875,267.6700134277344,267.57000732421875,267.6611022949219,26711,AMZN,1m
2026-05-22 17:05:00+00:00,267.6499938964844,267.69000244140625,267.54998779296875,267.6300048828125,36211,AMZN,1m
2026-05-22 17:06:00+00:00,267.6000061035156,267.6000061035156,267.5199890136719,267.5400085449219,22413,AMZN,1m
2026-05-22 17:07:00+00:00,267.55999755859375,267.5899963378906,267.5,267.5799865722656,21612,AMZN,1m
2026-05-22 17:08:00+00:00,267.57000732421875,267.5849914550781,267.510009765625,267.55999755859375,32444,AMZN,1m
2026-05-22 17:09:00+00:00,267.54998779296875,267.6199951171875,267.5299987792969,267.57501220703125,19336,AMZN,1m
2026-05-22 17:10:00+00:00,267.5877990722656,267.7099914550781,267.5799865722656,267.7099914550781,29188,AMZN,1m
2026-05-22 17:11:00+00:00,267.70001220703125,267.739990234375,267.6700134277344,267.69500732421875,30879,AMZN,1m
2026-05-22 17:12:00+00:00,267.7018127441406,267.739990234375,267.6099853515625,267.6300048828125,21826,AMZN,1m
2026-05-22 17:13:00+00:00,267.6499938964844,267.7099914550781,267.6400146484375,267.69000244140625,35906,AMZN,1m
2026-05-22 17:14:00+00:00,267.69989013671875,267.7300109863281,267.6600036621094,267.7099914550781,39269,AMZN,1m
2026-05-22 17:15:00+00:00,267.6839904785156,267.7898864746094,267.68341064453125,267.75079345703125,29168,AMZN,1m
2026-05-22 17:16:00+00:00,267.75,267.75,267.6700134277344,267.68499755859375,29052,AMZN,1m
2026-05-22 17:17:00+00:00,267.69989013671875,267.82000732421875,267.67999267578125,267.8133850097656,29425,AMZN,1m
2026-05-22 17:18:00+00:00,267.80999755859375,267.8900146484375,267.760009765625,267.8399963378906,53975,AMZN,1m
2026-05-22 17:19:00+00:00,267.7900085449219,267.8599853515625,267.42999267578125,267.4800109863281,97141,AMZN,1m
2026-05-22 17:20:00+00:00,267.4599914550781,267.84991455078125,267.3500061035156,267.81500244140625,77046,AMZN,1m
2026-05-22 17:21:00+00:00,267.82000732421875,267.8900146484375,267.739990234375,267.7799987792969,36746,AMZN,1m
2026-05-22 17:22:00+00:00,267.77081298828125,267.82000732421875,267.69000244140625,267.7699890136719,40451,AMZN,1m
2026-05-22 17:23:00+00:00,267.760009765625,267.78399658203125,267.7349853515625,267.7601013183594,20913,AMZN,1m
2026-05-22 17:24:00+00:00,267.7650146484375,267.8399963378906,267.739990234375,267.8399963378906,21061,AMZN,1m
2026-05-22 17:25:00+00:00,267.8500061035156,267.9901123046875,267.8299865722656,267.9750061035156,26838,AMZN,1m
2026-05-22 17:26:00+00:00,267.9800109863281,268.05499267578125,267.92999267578125,268.0299987792969,48155,AMZN,1m
2026-05-22 17:27:00+00:00,268.0350036621094,268.4100036621094,268.0,268.4100036621094,79035,AMZN,1m
2026-05-22 17:28:00+00:00,268.4150085449219,268.9700012207031,268.4100036621094,268.8399963378906,201130,AMZN,1m
2026-05-22 17:29:00+00:00,268.8550109863281,269.3599853515625,268.6300048828125,269.3500061035156,159582,AMZN,1m
2026-05-22 17:30:00+00:00,269.3500061035156,269.6000061035156,269.2200012207031,269.31500244140625,121259,AMZN,1m
2026-05-22 17:31:00+00:00,269.3500061035156,269.3799133300781,269.0400085449219,269.0400085449219,77196,AMZN,1m
2026-05-22 17:32:00+00:00,269.05999755859375,269.17999267578125,268.989990234375,269.1449890136719,51821,AMZN,1m
2026-05-22 17:33:00+00:00,269.1300048828125,269.1400146484375,269.0400085449219,269.04998779296875,36868,AMZN,1m
2026-05-22 17:34:00+00:00,269.0400085449219,269.1199951171875,269.010009765625,269.010009765625,36369,AMZN,1m
2026-05-22 17:35:00+00:00,268.989990234375,269.0450134277344,268.82000732421875,268.82000732421875,61946,AMZN,1m
2026-05-22 17:36:00+00:00,268.79998779296875,268.8349914550781,268.6199951171875,268.67999267578125,56105,AMZN,1m
2026-05-22 17:37:00+00:00,268.6600036621094,268.80999755859375,268.6600036621094,268.7598876953125,74105,AMZN,1m
2026-05-22 17:38:00+00:00,268.73809814453125,268.9198913574219,268.70001220703125,268.70001220703125,79992,AMZN,1m
2026-05-22 17:39:00+00:00,268.70001220703125,268.8399963378906,268.70001220703125,268.75,56163,AMZN,1m
2026-05-22 17:40:00+00:00,268.739990234375,269.0299987792969,268.7250061035156,268.989990234375,112569,AMZN,1m
2026-05-22 17:41:00+00:00,269.0050048828125,269.010009765625,268.8399963378906,268.8500061035156,46565,AMZN,1m
2026-05-22 17:42:00+00:00,268.8599853515625,268.8599853515625,268.739990234375,268.7900085449219,61428,AMZN,1m
2026-05-22 17:43:00+00:00,268.760009765625,268.80999755859375,268.7099914550781,268.7200012207031,50972,AMZN,1m
2026-05-22 17:44:00+00:00,268.73968505859375,268.7699890136719,268.5,268.57000732421875,61511,AMZN,1m
2026-05-22 17:45:00+00:00,268.55999755859375,268.6098937988281,268.5,268.5400085449219,63455,AMZN,1m
2026-05-22 17:46:00+00:00,268.5400085449219,268.57000732421875,268.3599853515625,268.3599853515625,72911,AMZN,1m
2026-05-22 17:47:00+00:00,268.3800048828125,268.4399108886719,268.3299865722656,268.3901062011719,79580,AMZN,1m
2026-05-22 17:48:00+00:00,268.3810119628906,268.4700012207031,268.3550109863281,268.3900146484375,90074,AMZN,1m
2026-05-22 17:49:00+00:00,268.42999267578125,268.4700012207031,268.3999938964844,268.3999938964844,53813,AMZN,1m
2026-05-22 17:50:00+00:00,268.42999267578125,268.4371032714844,268.2401123046875,268.2698974609375,56653,AMZN,1m
2026-05-22 17:51:00+00:00,268.260009765625,268.5799865722656,268.2250061035156,268.57000732421875,78389,AMZN,1m
2026-05-22 17:52:00+00:00,268.57000732421875,268.6499938964844,268.434814453125,268.44000244140625,26399,AMZN,1m
2026-05-22 17:53:00+00:00,268.4599914550781,268.5299987792969,268.4200134277344,268.5299987792969,29244,AMZN,1m
2026-05-22 17:54:00+00:00,268.5150146484375,268.57501220703125,268.3800048828125,268.57501220703125,47712,AMZN,1m
2026-05-22 17:55:00+00:00,268.5799865722656,268.6300048828125,268.510009765625,268.5819091796875,24609,AMZN,1m
2026-05-22 17:56:00+00:00,268.5799865722656,268.5799865722656,268.0400085449219,268.0849914550781,65036,AMZN,1m
2026-05-22 17:57:00+00:00,268.0799865722656,268.2799987792969,268.05999755859375,268.17498779296875,35287,AMZN,1m
2026-05-22 17:58:00+00:00,268.1600036621094,268.19000244140625,268.114990234375,268.114990234375,17931,AMZN,1m
2026-05-22 17:59:00+00:00,268.1300048828125,268.1300048828125,267.8900146484375,267.92498779296875,57335,AMZN,1m
2026-05-22 18:00:00+00:00,267.9200134277344,268.0,267.85089111328125,267.8999938964844,41636,AMZN,1m
2026-05-22 18:01:00+00:00,267.8900146484375,268.0450134277344,267.7900085449219,267.9136962890625,41857,AMZN,1m
2026-05-22 18:02:00+00:00,267.9200134277344,268.068603515625,267.875,268.0199890136719,29233,AMZN,1m
2026-05-22 18:03:00+00:00,268.0199890136719,268.0400085449219,267.95001220703125,267.9649963378906,31141,AMZN,1m
2026-05-22 18:04:00+00:00,267.9649963378906,268.06500244140625,267.6000061035156,267.864990234375,106509,AMZN,1m
2026-05-22 18:05:00+00:00,267.8500061035156,267.9049987792969,267.7799987792969,267.9049987792969,48627,AMZN,1m
2026-05-22 18:06:00+00:00,267.9049987792969,267.9800109863281,267.7980041503906,267.94989013671875,20317,AMZN,1m
2026-05-22 18:07:00+00:00,267.92999267578125,267.9800109863281,267.7685852050781,267.8100891113281,24569,AMZN,1m
2026-05-22 18:08:00+00:00,267.82501220703125,267.8500061035156,267.7699890136719,267.79998779296875,20961,AMZN,1m
2026-05-22 18:09:00+00:00,267.7799987792969,267.8500061035156,267.7799987792969,267.8197937011719,23302,AMZN,1m
2026-05-22 18:10:00+00:00,267.80999755859375,267.92498779296875,267.79998779296875,267.80010986328125,20303,AMZN,1m
2026-05-22 18:11:00+00:00,267.82000732421875,267.8800048828125,267.7799987792969,267.82501220703125,20357,AMZN,1m
2026-05-22 18:12:00+00:00,267.8399963378906,267.8599853515625,267.77349853515625,267.82501220703125,23335,AMZN,1m
2026-05-22 18:13:00+00:00,267.8399963378906,267.8500061035156,267.7900085449219,267.79998779296875,14926,AMZN,1m
2026-05-22 18:14:00+00:00,267.81988525390625,267.84991455078125,267.7799987792969,267.84991455078125,19588,AMZN,1m
2026-05-22 18:15:00+00:00,267.8299865722656,267.8500061035156,267.7297058105469,267.7799987792969,28654,AMZN,1m
2026-05-22 18:16:00+00:00,267.7699890136719,267.8799133300781,267.7500915527344,267.8399963378906,21146,AMZN,1m
2026-05-22 18:17:00+00:00,267.82000732421875,267.8500061035156,267.75,267.80499267578125,29857,AMZN,1m
2026-05-22 18:18:00+00:00,267.80999755859375,267.8999938964844,267.79998779296875,267.8299865722656,25824,AMZN,1m
2026-05-22 18:19:00+00:00,267.8550109863281,267.92999267578125,267.8550109863281,267.885009765625,18797,AMZN,1m
2026-05-22 18:20:00+00:00,267.9100036621094,268.07000732421875,267.8800048828125,268.010009765625,20407,AMZN,1m
2026-05-22 18:21:00+00:00,268.0,268.1195068359375,268.0,268.07501220703125,25083,AMZN,1m
2026-05-22 18:22:00+00:00,268.0799865722656,268.1283874511719,267.9800109863281,268.1283874511719,38492,AMZN,1m
2026-05-22 18:23:00+00:00,268.1099853515625,268.1199951171875,268.05010986328125,268.05999755859375,19633,AMZN,1m
2026-05-22 18:24:00+00:00,268.04998779296875,268.1000061035156,268.0350036621094,268.1000061035156,25234,AMZN,1m
2026-05-22 18:25:00+00:00,268.0799865722656,268.0950012207031,267.989990234375,267.989990234375,27406,AMZN,1m
2026-05-22 18:26:00+00:00,267.9849853515625,267.9949951171875,267.92999267578125,267.9549865722656,20261,AMZN,1m
2026-05-22 18:27:00+00:00,267.9700012207031,268.0799865722656,267.9700012207031,268.0799865722656,15293,AMZN,1m
2026-05-22 18:28:00+00:00,268.0400085449219,268.0400085449219,267.92999267578125,268.0098876953125,29962,AMZN,1m
2026-05-22 18:29:00+00:00,267.989990234375,268.0299987792969,267.9599914550781,268.010009765625,25640,AMZN,1m
2026-05-22 18:30:00+00:00,268.0,268.04998779296875,267.9800109863281,268.0,24979,AMZN,1m
2026-05-22 18:31:00+00:00,267.9849853515625,268.06500244140625,267.9150085449219,268.010009765625,25997,AMZN,1m
2026-05-22 18:32:00+00:00,268.0,268.0799865722656,267.989990234375,268.04998779296875,30922,AMZN,1m
2026-05-22 18:33:00+00:00,268.04998779296875,268.1499938964844,268.03009033203125,268.03009033203125,24615,AMZN,1m
2026-05-22 18:34:00+00:00,268.04998779296875,268.0899963378906,268.010009765625,268.07000732421875,26841,AMZN,1m
2026-05-22 18:35:00+00:00,268.05999755859375,268.0690002441406,267.95001220703125,267.95001220703125,26356,AMZN,1m
2026-05-22 18:36:00+00:00,267.96551513671875,268.010009765625,267.9549865722656,268.010009765625,22992,AMZN,1m
2026-05-22 18:37:00+00:00,268.0400085449219,268.0799865722656,267.9800109863281,268.0350036621094,24253,AMZN,1m
2026-05-22 18:38:00+00:00,268.0199890136719,268.0199890136719,267.7699890136719,267.840087890625,37126,AMZN,1m
2026-05-22 18:39:00+00:00,267.8500061035156,268.3299865722656,267.8500061035156,268.1231994628906,102588,AMZN,1m
2026-05-22 18:40:00+00:00,268.122802734375,268.1499938964844,268.05999755859375,268.1099853515625,21652,AMZN,1m
2026-05-22 18:41:00+00:00,268.1099853515625,268.1199951171875,268.0299987792969,268.0754089355469,20906,AMZN,1m
2026-05-22 18:42:00+00:00,268.06500244140625,268.2149963378906,268.0506896972656,268.2099914550781,23321,AMZN,1m
2026-05-22 18:43:00+00:00,268.1900939941406,268.2799987792969,268.1900939941406,268.260009765625,27977,AMZN,1m
2026-05-22 18:44:00+00:00,268.2650146484375,268.2650146484375,268.1199951171875,268.135009765625,11872,AMZN,1m
2026-05-22 18:45:00+00:00,268.14459228515625,268.2850036621094,268.1330871582031,268.2149963378906,46550,AMZN,1m
2026-05-22 18:46:00+00:00,268.2001037597656,268.2650146484375,268.2001037597656,268.239990234375,14910,AMZN,1m
2026-05-22 18:47:00+00:00,268.2099914550781,268.239990234375,267.9820861816406,268.0049133300781,32136,AMZN,1m
2026-05-22 18:48:00+00:00,268.0350036621094,268.0350036621094,267.9100036621094,267.92999267578125,16238,AMZN,1m
2026-05-22 18:49:00+00:00,267.9100036621094,267.92999267578125,267.8599853515625,267.860107421875,19089,AMZN,1m
2026-05-22 18:50:00+00:00,267.8599853515625,267.8699951171875,267.82000732421875,267.84991455078125,20139,AMZN,1m
2026-05-22 18:51:00+00:00,267.8500061035156,267.8949890136719,267.82000732421875,267.8443908691406,26071,AMZN,1m
2026-05-22 18:52:00+00:00,267.8599853515625,267.86749267578125,267.7549133300781,267.7799072265625,29535,AMZN,1m
2026-05-22 18:53:00+00:00,267.7550048828125,267.8500061035156,267.70001220703125,267.80999755859375,39072,AMZN,1m
2026-05-22 18:54:00+00:00,267.80999755859375,267.8500061035156,267.760009765625,267.7804870605469,23576,AMZN,1m
2026-05-22 18:55:00+00:00,267.7950134277344,267.7950134277344,267.6600036621094,267.7139892578125,27847,AMZN,1m
2026-05-22 18:56:00+00:00,267.70001220703125,267.7698059082031,267.67999267578125,267.7174987792969,30699,AMZN,1m
2026-05-22 18:57:00+00:00,267.7200012207031,267.739990234375,267.6300048828125,267.6400146484375,27644,AMZN,1m
2026-05-22 18:58:00+00:00,267.6499938964844,267.67498779296875,267.5299987792969,267.6300048828125,44480,AMZN,1m
2026-05-22 18:59:00+00:00,267.6300048828125,267.648193359375,267.55499267578125,267.5899963378906,37025,AMZN,1m
2026-05-22 19:00:00+00:00,267.56500244140625,267.56500244140625,267.4601135253906,267.5299987792969,44740,AMZN,1m
2026-05-22 19:01:00+00:00,267.5199890136719,267.5899963378906,267.3299865722656,267.3399963378906,76730,AMZN,1m
2026-05-22 19:02:00+00:00,267.3299865722656,267.5799865722656,267.1700134277344,267.239990234375,127066,AMZN,1m
2026-05-22 19:03:00+00:00,267.25,267.3599853515625,267.20001220703125,267.2950134277344,87425,AMZN,1m
2026-05-22 19:04:00+00:00,267.2900085449219,267.4988098144531,267.2239990234375,267.4700012207031,28381,AMZN,1m
2026-05-22 19:05:00+00:00,267.4599914550781,267.510009765625,267.43011474609375,267.4800109863281,26832,AMZN,1m
2026-05-22 19:06:00+00:00,267.4700012207031,267.4800109863281,267.1300048828125,267.3299865722656,56598,AMZN,1m
2026-05-22 19:07:00+00:00,267.3299865722656,267.4096984863281,267.3299865722656,267.3900146484375,33337,AMZN,1m
2026-05-22 19:08:00+00:00,267.3699951171875,267.45001220703125,267.3299865722656,267.3349914550781,26302,AMZN,1m
2026-05-22 19:09:00+00:00,267.3349914550781,267.45001220703125,267.2900085449219,267.43499755859375,25088,AMZN,1m
2026-05-22 19:10:00+00:00,267.44989013671875,267.55999755859375,267.44000244140625,267.510009765625,52920,AMZN,1m
2026-05-22 19:11:00+00:00,267.5,267.5,267.31500244140625,267.32000732421875,38554,AMZN,1m
2026-05-22 19:12:00+00:00,267.30999755859375,267.3599853515625,267.2250061035156,267.3550109863281,39200,AMZN,1m
2026-05-22 19:13:00+00:00,267.3539123535156,267.3550109863281,267.20001220703125,267.2698974609375,28431,AMZN,1m
2026-05-22 19:14:00+00:00,267.25,267.25,267.125,267.2099914550781,37474,AMZN,1m
2026-05-22 19:15:00+00:00,267.17999267578125,267.20001220703125,267.0199890136719,267.139892578125,72227,AMZN,1m
2026-05-22 19:16:00+00:00,267.1099853515625,267.1099853515625,266.9700927734375,267.04998779296875,51592,AMZN,1m
2026-05-22 19:17:00+00:00,267.04998779296875,267.07000732421875,266.8399963378906,266.9595031738281,110586,AMZN,1m
2026-05-22 19:18:00+00:00,266.95001220703125,267.0400085449219,266.9150085449219,266.9599914550781,45959,AMZN,1m
2026-05-22 19:19:00+00:00,266.9800109863281,266.9800109863281,266.8599853515625,266.8800048828125,32311,AMZN,1m
2026-05-22 19:20:00+00:00,266.8800048828125,266.8800048828125,266.7099914550781,266.75,75778,AMZN,1m
2026-05-22 19:21:00+00:00,266.7550048828125,266.7699890136719,266.57000732421875,266.69000244140625,58472,AMZN,1m
2026-05-22 19:22:00+00:00,266.67999267578125,266.739990234375,266.6000061035156,266.6650085449219,73413,AMZN,1m
2026-05-22 19:23:00+00:00,266.6650085449219,266.81988525390625,266.6499938964844,266.760009765625,54564,AMZN,1m
2026-05-22 19:24:00+00:00,266.7699890136719,266.8450012207031,266.69000244140625,266.7099914550781,48457,AMZN,1m
2026-05-22 19:25:00+00:00,266.7300109863281,266.81988525390625,266.7300109863281,266.739990234375,29154,AMZN,1m
2026-05-22 19:26:00+00:00,266.7699890136719,266.82000732421875,266.67999267578125,266.7900085449219,54074,AMZN,1m
2026-05-22 19:27:00+00:00,266.7950134277344,266.92498779296875,266.7900085449219,266.8999938964844,35084,AMZN,1m
2026-05-22 19:28:00+00:00,266.8800964355469,266.9800109863281,266.82000732421875,266.864990234375,70167,AMZN,1m
2026-05-22 19:29:00+00:00,266.8699951171875,266.8900146484375,266.6700134277344,266.80499267578125,112662,AMZN,1m
2026-05-22 19:30:00+00:00,266.82000732421875,266.8399963378906,266.69000244140625,266.7300109863281,87137,AMZN,1m
2026-05-22 19:31:00+00:00,266.7349853515625,267.0,266.7200012207031,266.9700012207031,53234,AMZN,1m
2026-05-22 19:32:00+00:00,266.96990966796875,267.1300048828125,266.8399963378906,267.05999755859375,74906,AMZN,1m
2026-05-22 19:33:00+00:00,267.05499267578125,267.1449890136719,266.9800109863281,267.1449890136719,52037,AMZN,1m
2026-05-22 19:34:00+00:00,267.1449890136719,267.1650085449219,267.04998779296875,267.07000732421875,52114,AMZN,1m
2026-05-22 19:35:00+00:00,267.05999755859375,267.1700134277344,267.0,267.1300048828125,69854,AMZN,1m
2026-05-22 19:36:00+00:00,267.1199951171875,267.1499938964844,267.0350036621094,267.1000061035156,32154,AMZN,1m
2026-05-22 19:37:00+00:00,267.1000061035156,267.1000061035156,266.8599853515625,266.89990234375,47105,AMZN,1m
2026-05-22 19:38:00+00:00,266.8699951171875,266.9497985839844,266.739990234375,266.9497985839844,97317,AMZN,1m
2026-05-22 19:39:00+00:00,266.94500732421875,267.12969970703125,266.94500732421875,267.1199951171875,51079,AMZN,1m
2026-05-22 19:40:00+00:00,267.1000061035156,267.25,267.1000061035156,267.1499938964844,74078,AMZN,1m
2026-05-22 19:41:00+00:00,267.1400146484375,267.1400146484375,266.95001220703125,266.9549865722656,32649,AMZN,1m
2026-05-22 19:42:00+00:00,266.94000244140625,267.0,266.8399963378906,266.92999267578125,39233,AMZN,1m
2026-05-22 19:43:00+00:00,266.95001220703125,267.0799865722656,266.92498779296875,266.9700012207031,55837,AMZN,1m
2026-05-22 19:44:00+00:00,266.9599914550781,267.0400085449219,266.9200134277344,266.9200134277344,56239,AMZN,1m
2026-05-22 19:45:00+00:00,266.9200134277344,266.9809875488281,266.8900146484375,266.9800109863281,51820,AMZN,1m
2026-05-22 19:46:00+00:00,266.9750061035156,266.9750061035156,266.6300048828125,266.7799987792969,104705,AMZN,1m
2026-05-22 19:47:00+00:00,266.7699890136719,266.7998962402344,266.6499938964844,266.7699890136719,50348,AMZN,1m
2026-05-22 19:48:00+00:00,266.75,266.9100036621094,266.7200012207031,266.8800048828125,44840,AMZN,1m
2026-05-22 19:49:00+00:00,266.8800048828125,266.8999938964844,266.67999267578125,266.79998779296875,87525,AMZN,1m
2026-05-22 19:50:00+00:00,266.82000732421875,266.82000732421875,266.3500061035156,266.5799865722656,163851,AMZN,1m
2026-05-22 19:51:00+00:00,266.5899963378906,266.70001220703125,266.5199890136719,266.625,154583,AMZN,1m
2026-05-22 19:52:00+00:00,266.6300048828125,266.7200012207031,266.6099853515625,266.67498779296875,106071,AMZN,1m
2026-05-22 19:53:00+00:00,266.6700134277344,266.7550048828125,266.5799865722656,266.635009765625,154802,AMZN,1m
2026-05-22 19:54:00+00:00,266.6300048828125,266.80999755859375,266.5299987792969,266.7900085449219,126505,AMZN,1m
2026-05-22 19:55:00+00:00,266.79998779296875,267.04998779296875,266.7699890136719,267.0199890136719,176427,AMZN,1m
2026-05-22 19:56:00+00:00,267.0199890136719,267.1000061035156,266.8599853515625,266.8900146484375,163382,AMZN,1m
2026-05-22 19:57:00+00:00,266.8800048828125,267.0199890136719,266.82000732421875,266.8349914550781,198221,AMZN,1m
2026-05-22 19:58:00+00:00,266.8299865722656,266.8349914550781,266.55499267578125,266.55999755859375,358686,AMZN,1m
2026-05-22 19:59:00+00:00,266.57000732421875,266.6600036621094,266.239990234375,266.29998779296875,720087,AMZN,1m
2026-05-26 13:30:00+00:00,267.57501220703125,269.20001220703125,267.3349914550781,268.5,1583688,AMZN,1m
2026-05-26 13:31:00+00:00,268.5249938964844,269.29998779296875,268.32000732421875,268.7449951171875,147554,AMZN,1m
2026-05-26 13:32:00+00:00,268.7799987792969,268.95001220703125,268.3599853515625,268.3599853515625,182376,AMZN,1m
2026-05-26 13:33:00+00:00,268.32000732421875,268.3800048828125,267.6000061035156,267.760009765625,151441,AMZN,1m
2026-05-26 13:34:00+00:00,267.8699951171875,268.6400146484375,267.7300109863281,268.3599853515625,151842,AMZN,1m
2026-05-26 13:35:00+00:00,268.3299865722656,268.5199890136719,268.135009765625,268.2131042480469,165469,AMZN,1m
2026-05-26 13:36:00+00:00,268.2149963378906,268.2900085449219,267.8299865722656,267.8550109863281,101056,AMZN,1m
2026-05-26 13:37:00+00:00,267.8299865722656,268.05999755859375,267.6000061035156,267.7049865722656,122258,AMZN,1m
2026-05-26 13:38:00+00:00,267.69500732421875,268.0,267.3500061035156,267.3800048828125,207533,AMZN,1m
2026-05-26 13:39:00+00:00,267.3100891113281,267.4200134277344,267.07000732421875,267.2651062011719,132034,AMZN,1m
2026-05-26 13:40:00+00:00,267.27740478515625,267.27740478515625,267.0299987792969,267.0299987792969,95415,AMZN,1m
2026-05-26 13:41:00+00:00,267.0299987792969,267.260009765625,266.9200134277344,267.1000061035156,120376,AMZN,1m
2026-05-26 13:42:00+00:00,267.1000061035156,267.5,267.0199890136719,267.07000732421875,109933,AMZN,1m
2026-05-26 13:43:00+00:00,267.0899963378906,267.2200012207031,266.82000732421875,266.9773864746094,168934,AMZN,1m
2026-05-26 13:44:00+00:00,266.9800109863281,267.2398986816406,266.95001220703125,266.9617004394531,62916,AMZN,1m
2026-05-26 13:45:00+00:00,266.9800109863281,267.3799133300781,266.95001220703125,267.3599853515625,105782,AMZN,1m
2026-05-26 13:46:00+00:00,267.3800048828125,267.54998779296875,267.1199951171875,267.5199890136719,115756,AMZN,1m
2026-05-26 13:47:00+00:00,267.5150146484375,267.5150146484375,267.0299987792969,267.0400085449219,77953,AMZN,1m
2026-05-26 13:48:00+00:00,267.07000732421875,267.07000732421875,266.6300048828125,266.81500244140625,132251,AMZN,1m
2026-05-26 13:49:00+00:00,266.80999755859375,267.2250061035156,266.6650085449219,267.1600036621094,157282,AMZN,1m
2026-05-26 13:50:00+00:00,267.05999755859375,267.1299133300781,266.1419982910156,266.2430114746094,137658,AMZN,1m
2026-05-26 13:51:00+00:00,266.2200012207031,266.42999267578125,266.04998779296875,266.04998779296875,135672,AMZN,1m
2026-05-26 13:52:00+00:00,266.0448913574219,266.1698913574219,265.8599853515625,265.94000244140625,128155,AMZN,1m
2026-05-26 13:53:00+00:00,265.95001220703125,266.0,265.6600036621094,265.8349914550781,140107,AMZN,1m
2026-05-26 13:54:00+00:00,265.8573913574219,266.1499938964844,265.7699890136719,266.125,92625,AMZN,1m
2026-05-26 13:55:00+00:00,266.1400146484375,266.54998779296875,266.0299987792969,266.48699951171875,104707,AMZN,1m
2026-05-26 13:56:00+00:00,266.4952087402344,266.67999267578125,266.2799987792969,266.5,79738,AMZN,1m
2026-05-26 13:57:00+00:00,266.5050048828125,266.6300048828125,266.22039794921875,266.4150085449219,88289,AMZN,1m
2026-05-26 13:58:00+00:00,266.3599853515625,266.4599914550781,266.18121337890625,266.4599914550781,106704,AMZN,1m
2026-05-26 13:59:00+00:00,266.43499755859375,266.7799987792969,266.3699951171875,266.75,95535,AMZN,1m
2026-05-26 14:00:00+00:00,266.739990234375,267.0799865722656,266.70001220703125,267.0799865722656,91843,AMZN,1m
2026-05-26 14:01:00+00:00,267.0799865722656,267.1700134277344,267.0199890136719,267.1000061035156,72856,AMZN,1m
2026-05-26 14:02:00+00:00,267.1001892089844,267.25,267.010009765625,267.135009765625,96797,AMZN,1m
2026-05-26 14:03:00+00:00,267.0799865722656,267.2799987792969,266.8800964355469,267.2650146484375,98398,AMZN,1m
2026-05-26 14:04:00+00:00,267.25,267.29998779296875,267.0849914550781,267.2843933105469,94722,AMZN,1m
2026-05-26 14:05:00+00:00,267.2900085449219,267.6300048828125,267.0299987792969,267.56988525390625,475104,AMZN,1m
2026-05-26 14:06:00+00:00,267.6000061035156,268.0498962402344,267.5199890136719,267.9750061035156,124545,AMZN,1m
2026-05-26 14:07:00+00:00,267.95001220703125,268.00799560546875,267.8299865722656,267.94500732421875,93640,AMZN,1m
2026-05-26 14:08:00+00:00,267.9599914550781,268.2200012207031,267.739990234375,267.739990234375,123234,AMZN,1m
2026-05-26 14:09:00+00:00,267.7449951171875,268.0690002441406,267.7301025390625,268.0199890136719,78380,AMZN,1m
2026-05-26 14:10:00+00:00,267.989990234375,268.07000732421875,267.92999267578125,267.989990234375,78381,AMZN,1m
2026-05-26 14:11:00+00:00,267.989990234375,268.010009765625,267.760009765625,268.0,71068,AMZN,1m
2026-05-26 14:12:00+00:00,267.9949951171875,268.0199890136719,267.8299865722656,267.9150085449219,54279,AMZN,1m
2026-05-26 14:13:00+00:00,267.9100036621094,268.05999755859375,267.8100891113281,267.95001220703125,76843,AMZN,1m
2026-05-26 14:14:00+00:00,267.9700012207031,268.0299987792969,267.8320007324219,267.9849853515625,80227,AMZN,1m
2026-05-26 14:15:00+00:00,268.0,268.056884765625,267.8699951171875,267.9549865722656,70700,AMZN,1m
2026-05-26 14:16:00+00:00,267.9599914550781,267.98541259765625,267.5199890136719,267.57501220703125,104181,AMZN,1m
2026-05-26 14:17:00+00:00,267.55999755859375,267.56329345703125,267.29998779296875,267.3251953125,101383,AMZN,1m
2026-05-26 14:18:00+00:00,267.32000732421875,267.3599853515625,267.0299987792969,267.05511474609375,82464,AMZN,1m
2026-05-26 14:19:00+00:00,267.07000732421875,267.30999755859375,266.9700012207031,267.2699890136719,74335,AMZN,1m
2026-05-26 14:20:00+00:00,267.27789306640625,267.3399963378906,267.1549987792969,267.2799987792969,78724,AMZN,1m
2026-05-26 14:21:00+00:00,267.2799987792969,267.3699951171875,266.9049987792969,266.9150085449219,89088,AMZN,1m
2026-05-26 14:22:00+00:00,266.93011474609375,267.1000061035156,266.4516906738281,266.4516906738281,104148,AMZN,1m
2026-05-26 14:23:00+00:00,266.42010498046875,266.5799865722656,266.2699890136719,266.289306640625,147405,AMZN,1m
2026-05-26 14:24:00+00:00,266.2900085449219,266.2900085449219,266.0400085449219,266.06988525390625,84650,AMZN,1m
2026-05-26 14:25:00+00:00,266.05499267578125,266.17999267578125,266.0199890136719,266.0899963378906,93376,AMZN,1m
2026-05-26 14:26:00+00:00,266.0799865722656,266.0799865722656,265.75,265.80999755859375,104225,AMZN,1m
2026-05-26 14:27:00+00:00,265.8399963378906,266.06658935546875,265.6629943847656,265.6700134277344,136957,AMZN,1m
2026-05-26 14:28:00+00:00,265.67498779296875,265.9248046875,265.6000061035156,265.6300048828125,134439,AMZN,1m
2026-05-26 14:29:00+00:00,265.6099853515625,265.8699951171875,265.4100036621094,265.4440002441406,115931,AMZN,1m
2026-05-26 14:30:00+00:00,265.41009521484375,265.41448974609375,264.67999267578125,264.7349853515625,242890,AMZN,1m
2026-05-26 14:31:00+00:00,264.75,265.0249938964844,264.7099914550781,264.8699951171875,189498,AMZN,1m
2026-05-26 14:32:00+00:00,264.8691101074219,264.989990234375,264.69000244140625,264.92999267578125,105738,AMZN,1m
2026-05-26 14:33:00+00:00,264.8999938964844,264.9800109863281,264.69000244140625,264.7650146484375,128352,AMZN,1m
2026-05-26 14:34:00+00:00,264.7650146484375,264.7650146484375,264.4653015136719,264.6449890136719,147760,AMZN,1m
2026-05-26 14:35:00+00:00,264.6199951171875,264.889892578125,264.54998779296875,264.889892578125,91205,AMZN,1m
2026-05-26 14:36:00+00:00,264.885009765625,265.0299987792969,264.82000732421875,264.94500732421875,98960,AMZN,1m
2026-05-26 14:37:00+00:00,264.9200134277344,265.2898864746094,264.8500061035156,265.2793884277344,91229,AMZN,1m
2026-05-26 14:38:00+00:00,265.260009765625,265.3500061035156,265.06500244140625,265.1199951171875,93261,AMZN,1m
2026-05-26 14:39:00+00:00,265.1199951171875,265.1625061035156,264.95001220703125,265.0097961425781,103309,AMZN,1m
2026-05-26 14:40:00+00:00,265.0050048828125,265.0050048828125,264.75,264.82861328125,56244,AMZN,1m
2026-05-26 14:41:00+00:00,264.82000732421875,264.9200134277344,264.7200012207031,264.75,87361,AMZN,1m
2026-05-26 14:42:00+00:00,264.7275085449219,264.80999755859375,264.340087890625,264.3478088378906,120975,AMZN,1m
2026-05-26 14:43:00+00:00,264.32501220703125,264.5400085449219,264.20001220703125,264.47259521484375,94623,AMZN,1m
2026-05-26 14:44:00+00:00,264.5,264.6499938964844,264.3500061035156,264.57000732421875,85283,AMZN,1m
2026-05-26 14:45:00+00:00,264.57000732421875,264.5799865722656,264.2401123046875,264.43701171875,64753,AMZN,1m
2026-05-26 14:46:00+00:00,264.4200134277344,264.510009765625,264.3599853515625,264.3900146484375,52119,AMZN,1m
2026-05-26 14:47:00+00:00,264.3999938964844,264.4599914550781,264.2200012207031,264.4100036621094,96118,AMZN,1m
2026-05-26 14:48:00+00:00,264.364990234375,264.7099914550781,264.2950134277344,264.6700134277344,137719,AMZN,1m
2026-05-26 14:49:00+00:00,264.6700134277344,264.8500061035156,264.4750061035156,264.5,91002,AMZN,1m
2026-05-26 14:50:00+00:00,264.5,264.510009765625,264.1400146484375,264.239990234375,120007,AMZN,1m
2026-05-26 14:51:00+00:00,264.2143859863281,264.3865966796875,264.19500732421875,264.2799987792969,92360,AMZN,1m
2026-05-26 14:52:00+00:00,264.2726135253906,264.3399963378906,264.1600036621094,264.1802978515625,91831,AMZN,1m
2026-05-26 14:53:00+00:00,264.17999267578125,264.5,264.1549987792969,264.5,72446,AMZN,1m
2026-05-26 14:54:00+00:00,264.5150146484375,264.69000244140625,264.25,264.54998779296875,169423,AMZN,1m
2026-05-26 14:55:00+00:00,264.55999755859375,264.6098937988281,264.3699951171875,264.5400085449219,48485,AMZN,1m
2026-05-26 14:56:00+00:00,264.5450134277344,264.6238098144531,264.489990234375,264.55999755859375,71607,AMZN,1m
2026-05-26 14:57:00+00:00,264.54998779296875,264.7300109863281,264.510009765625,264.6000061035156,100205,AMZN,1m
2026-05-26 14:58:00+00:00,264.5899963378906,264.6700134277344,264.44500732421875,264.5050048828125,78138,AMZN,1m
2026-05-26 14:59:00+00:00,264.5299987792969,264.5469970703125,264.20001220703125,264.31500244140625,81555,AMZN,1m
2026-05-26 15:00:00+00:00,264.3399963378906,264.3599853515625,264.0600891113281,264.1700134277344,161257,AMZN,1m
2026-05-26 15:01:00+00:00,264.17999267578125,264.29998779296875,263.8900146484375,263.9100036621094,182722,AMZN,1m
2026-05-26 15:02:00+00:00,263.9100036621094,263.9800109863281,263.82000732421875,263.9208068847656,80374,AMZN,1m
2026-05-26 15:03:00+00:00,263.9200134277344,263.95001220703125,263.8262023925781,263.9049987792969,45560,AMZN,1m
2026-05-26 15:04:00+00:00,263.8999938964844,264.0,263.8599853515625,263.92999267578125,73080,AMZN,1m
2026-05-26 15:05:00+00:00,263.93389892578125,264.3599853515625,263.92999267578125,264.07000732421875,111628,AMZN,1m
2026-05-26 15:06:00+00:00,264.07000732421875,264.0799865722656,263.94000244140625,264.07000732421875,72834,AMZN,1m
2026-05-26 15:07:00+00:00,264.0799865722656,264.3500061035156,264.07501220703125,264.3299865722656,94496,AMZN,1m
2026-05-26 15:08:00+00:00,264.2900085449219,264.5249938964844,264.2799987792969,264.4200134277344,158200,AMZN,1m
2026-05-26 15:09:00+00:00,264.4100036621094,264.5299987792969,264.3900146484375,264.4849853515625,53089,AMZN,1m
2026-05-26 15:10:00+00:00,264.489990234375,264.76910400390625,264.4764099121094,264.625,72504,AMZN,1m
2026-05-26 15:11:00+00:00,264.6099853515625,264.6449890136719,264.42999267578125,264.44000244140625,66822,AMZN,1m
2026-05-26 15:12:00+00:00,264.43499755859375,264.56500244140625,264.3500061035156,264.3656005859375,73749,AMZN,1m
2026-05-26 15:13:00+00:00,264.3800048828125,264.45989990234375,264.2500915527344,264.3324890136719,46742,AMZN,1m
2026-05-26 15:14:00+00:00,264.3399963378906,264.364990234375,264.2699890136719,264.3500061035156,44081,AMZN,1m
2026-05-26 15:15:00+00:00,264.3399963378906,264.3999938964844,264.260009765625,264.260009765625,57438,AMZN,1m
2026-05-26 15:16:00+00:00,264.30999755859375,264.3399963378906,264.1499938964844,264.2099914550781,95093,AMZN,1m
2026-05-26 15:17:00+00:00,264.2149963378906,264.6000061035156,264.2149963378906,264.510009765625,55950,AMZN,1m
2026-05-26 15:18:00+00:00,264.5299987792969,264.5599060058594,264.3999938964844,264.50738525390625,39630,AMZN,1m
2026-05-26 15:19:00+00:00,264.5199890136719,264.7699890136719,264.4800109863281,264.614990234375,46555,AMZN,1m
2026-05-26 15:20:00+00:00,264.6300048828125,264.760009765625,264.489990234375,264.635009765625,75443,AMZN,1m
2026-05-26 15:21:00+00:00,264.6199951171875,264.65899658203125,264.57000732421875,264.6099853515625,46087,AMZN,1m
2026-05-26 15:22:00+00:00,264.6099853515625,264.75,264.57000732421875,264.6698913574219,43807,AMZN,1m
2026-05-26 15:23:00+00:00,264.6700134277344,264.69000244140625,264.4100036621094,264.43499755859375,55378,AMZN,1m
2026-05-26 15:24:00+00:00,264.39599609375,264.45001220703125,264.2300109863281,264.239990234375,61663,AMZN,1m
2026-05-26 15:25:00+00:00,264.20001220703125,264.3699951171875,264.20001220703125,264.29998779296875,39457,AMZN,1m
2026-05-26 15:26:00+00:00,264.30999755859375,264.4200134277344,264.04998779296875,264.0799865722656,68223,AMZN,1m
2026-05-26 15:27:00+00:00,264.07000732421875,264.1379089355469,263.625,263.6400146484375,132080,AMZN,1m
2026-05-26 15:28:00+00:00,263.6400146484375,263.760009765625,263.5899963378906,263.5899963378906,98421,AMZN,1m
2026-05-26 15:29:00+00:00,263.57501220703125,263.864990234375,263.5201110839844,263.84149169921875,160504,AMZN,1m
2026-05-26 15:30:00+00:00,263.8800048828125,263.9100036621094,263.739990234375,263.7900085449219,83362,AMZN,1m
2026-05-26 15:31:00+00:00,263.8125,263.8125,263.57000732421875,263.6300048828125,60853,AMZN,1m
2026-05-26 15:32:00+00:00,263.625,263.64849853515625,263.46380615234375,263.5,85174,AMZN,1m
2026-05-26 15:33:00+00:00,263.5050048828125,263.5400085449219,263.4143981933594,263.4800109863281,71281,AMZN,1m
2026-05-26 15:34:00+00:00,263.4999084472656,263.60400390625,263.45001220703125,263.5849914550781,70798,AMZN,1m
2026-05-26 15:35:00+00:00,263.57000732421875,263.6700134277344,263.5299987792969,263.5299987792969,92997,AMZN,1m
2026-05-26 15:36:00+00:00,263.5299987792969,263.6600036621094,263.29998779296875,263.31500244140625,102478,AMZN,1m
2026-05-26 15:37:00+00:00,263.30499267578125,263.54998779296875,263.29998779296875,263.5450134277344,70582,AMZN,1m
2026-05-26 15:38:00+00:00,263.5398864746094,263.8999938964844,263.5398864746094,263.8900146484375,71739,AMZN,1m
2026-05-26 15:39:00+00:00,263.8900146484375,263.9100036621094,263.7799987792969,263.8599853515625,42110,AMZN,1m
2026-05-26 15:40:00+00:00,263.8699951171875,263.89990234375,263.5899963378906,263.7699890136719,60377,AMZN,1m
2026-05-26 15:41:00+00:00,263.80999755859375,263.8900146484375,263.739990234375,263.75,28756,AMZN,1m
2026-05-26 15:42:00+00:00,263.7528076171875,263.7799987792969,263.55999755859375,263.6600036621094,62100,AMZN,1m
2026-05-26 15:43:00+00:00,263.6199951171875,263.69000244140625,263.5400085449219,263.56500244140625,42174,AMZN,1m
2026-05-26 15:44:00+00:00,263.56500244140625,263.6000061035156,263.4519958496094,263.5899963378906,60076,AMZN,1m
2026-05-26 15:45:00+00:00,263.57000732421875,263.69000244140625,263.3901062011719,263.6700134277344,46430,AMZN,1m
2026-05-26 15:46:00+00:00,263.6600036621094,263.6650085449219,263.4100036621094,263.5199890136719,52549,AMZN,1m
2026-05-26 15:47:00+00:00,263.50689697265625,263.7200927734375,263.4800109863281,263.614990234375,43371,AMZN,1m
2026-05-26 15:48:00+00:00,263.65008544921875,263.8800048828125,263.6300048828125,263.82000732421875,43675,AMZN,1m
2026-05-26 15:49:00+00:00,263.7900085449219,263.7900085449219,263.46820068359375,263.5199890136719,48661,AMZN,1m
2026-05-26 15:50:00+00:00,263.5199890136719,263.55999755859375,263.3999938964844,263.5450134277344,49744,AMZN,1m
2026-05-26 15:51:00+00:00,263.5299987792969,263.57000732421875,263.42999267578125,263.5201110839844,27184,AMZN,1m
2026-05-26 15:52:00+00:00,263.510009765625,263.6499938964844,263.42999267578125,263.5199890136719,59019,AMZN,1m
2026-05-26 15:53:00+00:00,263.5,263.59991455078125,263.45001220703125,263.5,42229,AMZN,1m
2026-05-26 15:54:00+00:00,263.5032043457031,263.54998779296875,263.42999267578125,263.5199890136719,74733,AMZN,1m
2026-05-26 15:55:00+00:00,263.489990234375,263.6400146484375,263.4100036621094,263.510009765625,56640,AMZN,1m
2026-05-26 15:56:00+00:00,263.55999755859375,263.5899963378906,263.3599853515625,263.510009765625,56999,AMZN,1m
2026-05-26 15:57:00+00:00,263.5,263.67498779296875,263.4100036621094,263.67498779296875,41268,AMZN,1m
2026-05-26 15:58:00+00:00,263.6700134277344,263.7099914550781,263.5899963378906,263.6449890136719,35110,AMZN,1m
2026-05-26 15:59:00+00:00,263.6300048828125,263.6614990234375,263.5299987792969,263.5799865722656,35070,AMZN,1m
2026-05-26 16:00:00+00:00,263.6000061035156,263.82989501953125,263.6000061035156,263.69000244140625,40459,AMZN,1m
2026-05-26 16:01:00+00:00,263.6600036621094,263.7499084472656,263.65008544921875,263.7449951171875,29177,AMZN,1m
2026-05-26 16:02:00+00:00,263.7200012207031,263.80999755859375,263.6820068359375,263.7401123046875,51731,AMZN,1m
2026-05-26 16:03:00+00:00,263.739990234375,263.7699890136719,263.5799865722656,263.67999267578125,40547,AMZN,1m
2026-05-26 16:04:00+00:00,263.6499938964844,263.67999267578125,263.53009033203125,263.53009033203125,52736,AMZN,1m
2026-05-26 16:05:00+00:00,263.5799865722656,263.6700134277344,263.5799865722656,263.6653137207031,28238,AMZN,1m
2026-05-26 16:06:00+00:00,263.6549987792969,263.7200012207031,263.5899963378906,263.6700134277344,77682,AMZN,1m
2026-05-26 16:07:00+00:00,263.6499938964844,263.7200012207031,263.6199951171875,263.6199951171875,34361,AMZN,1m
2026-05-26 16:08:00+00:00,263.6400146484375,263.6400146484375,263.44000244140625,263.55999755859375,85085,AMZN,1m
2026-05-26 16:09:00+00:00,263.58990478515625,263.5899963378906,263.3599853515625,263.3999938964844,43843,AMZN,1m
2026-05-26 16:10:00+00:00,263.3900146484375,263.4599914550781,263.2200012207031,263.3699951171875,77100,AMZN,1m
2026-05-26 16:11:00+00:00,263.3599853515625,263.3699951171875,263.2799987792969,263.3500061035156,38057,AMZN,1m
2026-05-26 16:12:00+00:00,263.3500061035156,263.4599914550781,263.260009765625,263.3099060058594,73559,AMZN,1m
2026-05-26 16:13:00+00:00,263.30999755859375,263.510009765625,263.29998779296875,263.510009765625,42399,AMZN,1m
2026-05-26 16:14:00+00:00,263.4800109863281,263.489990234375,263.3399963378906,263.3399963378906,47024,AMZN,1m
2026-05-26 16:15:00+00:00,263.3399963378906,263.4100036621094,263.29998779296875,263.3099060058594,34942,AMZN,1m
2026-05-26 16:16:00+00:00,263.29998779296875,263.5599060058594,263.2699890136719,263.5400085449219,46951,AMZN,1m
2026-05-26 16:17:00+00:00,263.5350036621094,263.7099914550781,263.5249938964844,263.7099914550781,40991,AMZN,1m
2026-05-26 16:18:00+00:00,263.70001220703125,263.8999938964844,263.6401062011719,263.80499267578125,47419,AMZN,1m
2026-05-26 16:19:00+00:00,263.760009765625,263.8599853515625,263.760009765625,263.82000732421875,28600,AMZN,1m
2026-05-26 16:20:00+00:00,263.80499267578125,263.80499267578125,263.55999755859375,263.6050109863281,48190,AMZN,1m
2026-05-26 16:21:00+00:00,263.6050109863281,263.6600036621094,263.54998779296875,263.56878662109375,27868,AMZN,1m
2026-05-26 16:22:00+00:00,263.55499267578125,263.7200012207031,263.55499267578125,263.69000244140625,42246,AMZN,1m
2026-05-26 16:23:00+00:00,263.6650085449219,263.69000244140625,263.6199951171875,263.6499938964844,31489,AMZN,1m
2026-05-26 16:24:00+00:00,263.6600036621094,263.6600036621094,263.5899963378906,263.6499938964844,48183,AMZN,1m
2026-05-26 16:25:00+00:00,263.6499938964844,263.7650146484375,263.6099853515625,263.7650146484375,37345,AMZN,1m
2026-05-26 16:26:00+00:00,263.7699890136719,263.989990234375,263.7690124511719,263.9599914550781,66728,AMZN,1m
2026-05-26 16:27:00+00:00,263.9599914550781,263.9800109863281,263.88018798828125,263.8900146484375,31155,AMZN,1m
2026-05-26 16:28:00+00:00,263.8800048828125,263.989990234375,263.8699951171875,263.9750061035156,35264,AMZN,1m
2026-05-26 16:29:00+00:00,263.9800109863281,264.07000732421875,263.94000244140625,264.05999755859375,73032,AMZN,1m
2026-05-26 16:30:00+00:00,264.07000732421875,264.1300048828125,264.010009765625,264.1099853515625,52838,AMZN,1m
2026-05-26 16:31:00+00:00,264.0849914550781,264.0849914550781,263.94500732421875,264.0,58536,AMZN,1m
2026-05-26 16:32:00+00:00,264.0148010253906,264.2250061035156,264.0148010253906,264.2200012207031,49276,AMZN,1m
2026-05-26 16:33:00+00:00,264.2200012207031,264.239990234375,264.0799865722656,264.0899963378906,36061,AMZN,1m
2026-05-26 16:34:00+00:00,264.1050109863281,264.1400146484375,264.04998779296875,264.1199951171875,48944,AMZN,1m
2026-05-26 16:35:00+00:00,264.1400146484375,264.18499755859375,264.0450134277344,264.114990234375,56117,AMZN,1m
2026-05-26 16:36:00+00:00,264.11749267578125,264.25,264.04998779296875,264.0899963378906,52507,AMZN,1m
2026-05-26 16:37:00+00:00,264.1000061035156,264.114990234375,263.95001220703125,264.010009765625,50133,AMZN,1m
2026-05-26 16:38:00+00:00,264.010009765625,264.05999755859375,263.92999267578125,264.0299987792969,51231,AMZN,1m
2026-05-26 16:39:00+00:00,264.0199890136719,264.08990478515625,263.92999267578125,263.92999267578125,30383,AMZN,1m
2026-05-26 16:40:00+00:00,263.9150085449219,263.95001220703125,263.82000732421875,263.8800048828125,36029,AMZN,1m
2026-05-26 16:41:00+00:00,263.8599853515625,263.8599853515625,263.6499938964844,263.7300109863281,44751,AMZN,1m
2026-05-26 16:42:00+00:00,263.7200012207031,263.7200012207031,263.6000061035156,263.6650085449219,34208,AMZN,1m
2026-05-26 16:43:00+00:00,263.6700134277344,263.7799987792969,263.6199951171875,263.7799987792969,48993,AMZN,1m
2026-05-26 16:44:00+00:00,263.7850036621094,263.8500061035156,263.635009765625,263.6449890136719,47817,AMZN,1m
2026-05-26 16:45:00+00:00,263.6499938964844,263.739990234375,263.6000061035156,263.6499938964844,42885,AMZN,1m
2026-05-26 16:46:00+00:00,263.6300048828125,263.6700134277344,263.56500244140625,263.6199951171875,33859,AMZN,1m
2026-05-26 16:47:00+00:00,263.6499938964844,263.6799011230469,263.55999755859375,263.55999755859375,29460,AMZN,1m
2026-05-26 16:48:00+00:00,263.55999755859375,263.614990234375,263.5199890136719,263.55999755859375,39370,AMZN,1m
2026-05-26 16:49:00+00:00,263.55999755859375,263.6499938964844,263.55999755859375,263.5950012207031,43905,AMZN,1m
2026-05-26 16:50:00+00:00,263.5899963378906,263.739990234375,263.5400085449219,263.7149963378906,52927,AMZN,1m
2026-05-26 16:51:00+00:00,263.7300109863281,263.75,263.3399963378906,263.5,159448,AMZN,1m
2026-05-26 16:52:00+00:00,263.5199890136719,263.6300048828125,263.5199890136719,263.5950012207031,37782,AMZN,1m
2026-05-26 16:53:00+00:00,263.57000732421875,263.6037902832031,263.4200134277344,263.44000244140625,39540,AMZN,1m
2026-05-26 16:54:00+00:00,263.4580078125,263.5799865722656,263.45001220703125,263.5799865722656,45034,AMZN,1m
2026-05-26 16:55:00+00:00,263.56500244140625,263.6000061035156,263.3999938964844,263.45941162109375,34507,AMZN,1m
2026-05-26 16:56:00+00:00,263.4700012207031,263.5299987792969,263.3699951171875,263.4599914550781,37457,AMZN,1m
2026-05-26 16:57:00+00:00,263.4700012207031,263.4849853515625,263.2799987792969,263.2900085449219,42148,AMZN,1m
2026-05-26 16:58:00+00:00,263.3399963378906,263.4299011230469,263.2799987792969,263.3550109863281,37804,AMZN,1m
2026-05-26 16:59:00+00:00,263.3599853515625,263.42999267578125,263.0299987792969,263.0299987792969,85333,AMZN,1m
2026-05-26 17:00:00+00:00,263.0299987792969,263.1000061035156,262.8800048828125,263.05999755859375,150038,AMZN,1m
2026-05-26 17:01:00+00:00,263.05499267578125,263.1199951171875,263.0350036621094,263.07000732421875,44324,AMZN,1m
2026-05-26 17:02:00+00:00,263.05999755859375,263.1000061035156,262.9100036621094,262.9700012207031,46193,AMZN,1m
2026-05-26 17:03:00+00:00,262.9700012207031,263.05999755859375,262.8800048828125,262.8900146484375,51418,AMZN,1m
2026-05-26 17:04:00+00:00,262.85009765625,262.8599853515625,262.6499938964844,262.81561279296875,94589,AMZN,1m
2026-05-26 17:05:00+00:00,262.80999755859375,262.8699951171875,262.760009765625,262.7799987792969,58337,AMZN,1m
2026-05-26 17:06:00+00:00,262.79998779296875,262.80999755859375,262.5,262.7699890136719,219696,AMZN,1m
2026-05-26 17:07:00+00:00,262.7799987792969,262.9700012207031,262.7349853515625,262.8500061035156,63482,AMZN,1m
2026-05-26 17:08:00+00:00,262.8500061035156,262.92999267578125,262.8299865722656,262.885009765625,34848,AMZN,1m
2026-05-26 17:09:00+00:00,262.885009765625,262.89569091796875,262.7301025390625,262.7550048828125,41113,AMZN,1m
2026-05-26 17:10:00+00:00,262.760009765625,262.7900085449219,262.67999267578125,262.739990234375,39044,AMZN,1m
2026-05-26 17:11:00+00:00,262.7449951171875,262.7699890136719,262.6400146484375,262.7149963378906,39147,AMZN,1m
2026-05-26 17:12:00+00:00,262.7049865722656,262.7900085449219,262.57000732421875,262.57000732421875,34844,AMZN,1m
2026-05-26 17:13:00+00:00,262.5799865722656,262.67291259765625,262.3900146484375,262.55499267578125,88032,AMZN,1m
2026-05-26 17:14:00+00:00,262.5400085449219,262.5400085449219,262.4100036621094,262.4501037597656,55603,AMZN,1m
2026-05-26 17:15:00+00:00,262.4559020996094,262.489990234375,262.4100036621094,262.4200134277344,52874,AMZN,1m
2026-05-26 17:16:00+00:00,262.4200134277344,262.4399108886719,262.260009765625,262.29998779296875,60917,AMZN,1m
2026-05-26 17:17:00+00:00,262.2850036621094,262.3699951171875,262.1600036621094,262.17999267578125,82548,AMZN,1m
2026-05-26 17:18:00+00:00,262.17999267578125,262.3800048828125,262.1549987792969,262.3800048828125,75756,AMZN,1m
2026-05-26 17:19:00+00:00,262.3799133300781,262.4200134277344,262.2300109863281,262.260009765625,78729,AMZN,1m
2026-05-26 17:20:00+00:00,262.25,262.31988525390625,262.1199951171875,262.30999755859375,64600,AMZN,1m
2026-05-26 17:21:00+00:00,262.3114929199219,262.3399963378906,262.25,262.260009765625,50386,AMZN,1m
2026-05-26 17:22:00+00:00,262.25,262.3500061035156,262.17999267578125,262.3399963378906,49403,AMZN,1m
2026-05-26 17:23:00+00:00,262.3402099609375,262.4200134277344,262.2300109863281,262.239990234375,64953,AMZN,1m
2026-05-26 17:24:00+00:00,262.2300109863281,262.2799987792969,262.07000732421875,262.239990234375,87844,AMZN,1m
2026-05-26 17:25:00+00:00,262.260009765625,262.30499267578125,262.19500732421875,262.2799987792969,43478,AMZN,1m
2026-05-26 17:26:00+00:00,262.2900085449219,262.385009765625,262.2699890136719,262.2799987792969,52689,AMZN,1m
2026-05-26 17:27:00+00:00,262.2699890136719,262.42999267578125,262.2699890136719,262.2900085449219,46878,AMZN,1m
2026-05-26 17:28:00+00:00,262.2950134277344,262.29998779296875,262.1099853515625,262.2099914550781,66981,AMZN,1m
2026-05-26 17:29:00+00:00,262.20001220703125,262.29998779296875,262.1400146484375,262.2799987792969,67907,AMZN,1m
2026-05-26 17:30:00+00:00,262.2699890136719,262.2878112792969,262.17388916015625,262.20001220703125,41660,AMZN,1m
2026-05-26 17:31:00+00:00,262.2099914550781,262.31451416015625,262.1650085449219,262.29998779296875,54755,AMZN,1m
2026-05-26 17:32:00+00:00,262.2900085449219,262.5,262.25,262.5,55933,AMZN,1m
2026-05-26 17:33:00+00:00,262.5,262.5899963378906,262.4599914550781,262.5400085449219,57528,AMZN,1m
2026-05-26 17:34:00+00:00,262.5329895019531,262.6600036621094,262.5299987792969,262.6199951171875,57271,AMZN,1m
2026-05-26 17:35:00+00:00,262.6099853515625,262.67999267578125,262.5799865722656,262.6099853515625,39582,AMZN,1m
2026-05-26 17:36:00+00:00,262.5950012207031,262.6600036621094,262.5199890136719,262.6300048828125,50735,AMZN,1m
2026-05-26 17:37:00+00:00,262.6300048828125,262.635009765625,262.57000732421875,262.6300048828125,29370,AMZN,1m
2026-05-26 17:38:00+00:00,262.614990234375,262.6890869140625,262.6000061035156,262.6199035644531,40055,AMZN,1m
2026-05-26 17:39:00+00:00,262.6199951171875,262.6300048828125,262.3699951171875,262.3699951171875,51394,AMZN,1m
2026-05-26 17:40:00+00:00,262.3599853515625,262.4049987792969,262.32000732421875,262.32000732421875,54972,AMZN,1m
2026-05-26 17:41:00+00:00,262.32501220703125,262.3999938964844,262.30999755859375,262.3500061035156,31302,AMZN,1m
2026-05-26 17:42:00+00:00,262.3500061035156,262.5299987792969,262.3500061035156,262.4700012207031,39667,AMZN,1m
2026-05-26 17:43:00+00:00,262.4599914550781,262.4700012207031,262.3599853515625,262.4150085449219,29685,AMZN,1m
2026-05-26 17:44:00+00:00,262.4150085449219,262.4800109863281,262.3562927246094,262.4198913574219,37466,AMZN,1m
2026-05-26 17:45:00+00:00,262.4200134277344,262.4263000488281,262.3699951171875,262.3800048828125,31635,AMZN,1m
2026-05-26 17:46:00+00:00,262.389892578125,262.389892578125,262.2349853515625,262.2796936035156,48718,AMZN,1m
2026-05-26 17:47:00+00:00,262.2749938964844,262.30999755859375,262.201904296875,262.28009033203125,42745,AMZN,1m
2026-05-26 17:48:00+00:00,262.2850036621094,262.32000732421875,262.260009765625,262.2900085449219,32690,AMZN,1m
2026-05-26 17:49:00+00:00,262.29010009765625,262.4100036621094,262.2900085449219,262.31500244140625,50860,AMZN,1m
2026-05-26 17:50:00+00:00,262.32000732421875,262.33990478515625,262.2799987792969,262.2950134277344,45220,AMZN,1m
2026-05-26 17:51:00+00:00,262.5799865722656,262.5799865722656,262.5799865722656,262.5799865722656,0,AMZN,1m
