timestamp,open,high,low,close,volume,ticker,interval
2026-05-06 13:30:00+00:00,1011.5,1012.22998046875,1007.75,1009.25,250783,COST,1m
2026-05-06 13:31:00+00:00,1009.2899780273438,1009.2899780273438,1006.0399780273438,1008.0900268554688,7660,COST,1m
2026-05-06 13:32:00+00:00,1007.6849975585938,1009.3400268554688,1005.0,1005.0,11560,COST,1m
2026-05-06 13:33:00+00:00,1005.7799072265624,1005.7799072265624,1003.5499877929688,1004.27001953125,7882,COST,1m
2026-05-06 13:34:00+00:00,1003.8300170898438,1003.8300170898438,999.010009765625,1000.1300048828124,20896,COST,1m
2026-05-06 13:35:00+00:00,1000.77001953125,1002.8800048828124,1000.219970703125,1001.260009765625,5518,COST,1m
2026-05-06 13:36:00+00:00,1001.6699829101562,1004.8751831054688,1001.0,1003.7899780273438,10311,COST,1m
2026-05-06 13:37:00+00:00,1004.7698974609376,1004.77001953125,1003.1649780273438,1004.0050048828124,2063,COST,1m
2026-05-06 13:38:00+00:00,1005.0,1006.530029296875,1005.0,1006.2650146484376,6394,COST,1m
2026-05-06 13:39:00+00:00,1006.3200073242188,1006.3200073242188,1005.0,1005.7899780273438,5356,COST,1m
2026-05-06 13:40:00+00:00,1005.0653076171876,1005.4400024414062,1003.6099853515624,1004.7999877929688,5154,COST,1m
2026-05-06 13:41:00+00:00,1004.0,1005.52001953125,1003.5750122070312,1004.60498046875,1837,COST,1m
2026-05-06 13:42:00+00:00,1004.9500122070312,1005.2299194335938,1003.7899780273438,1004.27001953125,3117,COST,1m
2026-05-06 13:43:00+00:00,1004.4099731445312,1005.0,1002.1799926757812,1003.0349731445312,4117,COST,1m
2026-05-06 13:44:00+00:00,1003.0349731445312,1004.1300048828124,1003.0,1003.3350219726562,6467,COST,1m
2026-05-06 13:45:00+00:00,1004.489990234375,1004.489990234375,1002.8599853515624,1004.1950073242188,3972,COST,1m
2026-05-06 13:46:00+00:00,1004.5900268554688,1005.969970703125,1003.1701049804688,1005.7050170898438,3343,COST,1m
2026-05-06 13:47:00+00:00,1005.0800170898438,1005.0800170898438,1003.7999877929688,1003.7999877929688,2122,COST,1m
2026-05-06 13:48:00+00:00,1004.5650024414062,1005.3300170898438,1003.6799926757812,1005.0800170898438,2458,COST,1m
2026-05-06 13:49:00+00:00,1005.7000122070312,1007.489990234375,1005.1900024414062,1007.4400024414062,3985,COST,1m
2026-05-06 13:50:00+00:00,1007.9400024414062,1007.989990234375,1006.8099975585938,1006.8099975585938,2457,COST,1m
2026-05-06 13:51:00+00:00,1007.8200073242188,1007.8200073242188,1006.27001953125,1006.27001953125,3267,COST,1m
2026-05-06 13:52:00+00:00,1006.594970703125,1006.594970703125,1005.0700073242188,1006.4199829101562,6065,COST,1m
2026-05-06 13:53:00+00:00,1006.6300048828124,1006.989990234375,1006.4500122070312,1006.6599731445312,1764,COST,1m
2026-05-06 13:54:00+00:00,1006.4400024414062,1006.4400024414062,1005.3599853515624,1006.2999877929688,2000,COST,1m
2026-05-06 13:55:00+00:00,1006.239990234375,1006.239990234375,1005.0,1005.4400024414062,1919,COST,1m
2026-05-06 13:56:00+00:00,1005.038330078125,1006.5599975585938,1004.9400024414062,1006.5599975585938,1395,COST,1m
2026-05-06 13:57:00+00:00,1006.1300048828124,1006.1300048828124,1006.1300048828124,1006.1300048828124,650,COST,1m
2026-05-06 13:58:00+00:00,1006.22998046875,1007.2999877929688,1006.22998046875,1007.0700073242188,2206,COST,1m
2026-05-06 13:59:00+00:00,1006.5034790039062,1006.7949829101562,1005.2000122070312,1006.5999755859376,1686,COST,1m
2026-05-06 14:00:00+00:00,1006.6799926757812,1006.8350219726562,1006.22998046875,1006.8350219726562,1679,COST,1m
2026-05-06 14:01:00+00:00,1007.0900268554688,1007.25,1006.4600219726562,1007.25,1899,COST,1m
2026-05-06 14:02:00+00:00,1007.2050170898438,1007.3800048828124,1006.75,1007.3800048828124,2273,COST,1m
2026-05-06 14:03:00+00:00,1007.0999755859376,1007.8284912109376,1006.7000122070312,1007.7550048828124,3699,COST,1m
2026-05-06 14:04:00+00:00,1007.9600219726562,1009.0,1007.9600219726562,1008.7849731445312,3417,COST,1m
2026-05-06 14:05:00+00:00,1008.7000122070312,1008.7899780273438,1008.02001953125,1008.1950073242188,5164,COST,1m
2026-05-06 14:06:00+00:00,1008.5556030273438,1010.2000122070312,1008.5556030273438,1009.3699951171876,4205,COST,1m
2026-05-06 14:07:00+00:00,1009.47998046875,1009.9998779296876,1009.125,1009.125,1652,COST,1m
2026-05-06 14:08:00+00:00,1009.0900268554688,1009.0900268554688,1008.0001220703124,1008.0001220703124,967,COST,1m
2026-05-06 14:09:00+00:00,1008.0,1008.5,1005.0101928710938,1005.0101928710938,3110,COST,1m
2026-05-06 14:10:00+00:00,1005.5286865234376,1005.5286865234376,1004.47998046875,1004.9600219726562,4434,COST,1m
2026-05-06 14:11:00+00:00,1005.4500122070312,1005.4600219726562,1004.7999877929688,1005.2750244140624,1965,COST,1m
2026-05-06 14:12:00+00:00,1004.5499877929688,1005.0,1004.0,1004.375,3369,COST,1m
2026-05-06 14:13:00+00:00,1004.97998046875,1005.5,1004.75,1004.7999877929688,1665,COST,1m
2026-05-06 14:14:00+00:00,1004.6649780273438,1004.6649780273438,1002.4650268554688,1002.8699951171876,4410,COST,1m
2026-05-06 14:15:00+00:00,1002.5125122070312,1003.0549926757812,1002.5125122070312,1002.989990234375,3500,COST,1m
2026-05-06 14:16:00+00:00,1002.780029296875,1003.7037963867188,1002.280029296875,1002.9299926757812,4703,COST,1m
2026-05-06 14:17:00+00:00,1002.9199829101562,1004.3900146484376,1002.6400146484376,1004.3900146484376,6094,COST,1m
2026-05-06 14:18:00+00:00,1003.5189208984376,1004.8198852539062,1003.0900268554688,1004.8198852539062,3398,COST,1m
2026-05-06 14:19:00+00:00,1004.7899780273438,1005.0,1003.0,1004.35498046875,2610,COST,1m
2026-05-06 14:20:00+00:00,1004.35498046875,1004.8300170898438,1003.6900024414062,1004.1599731445312,2573,COST,1m
2026-05-06 14:21:00+00:00,1004.5599975585938,1004.9099731445312,1003.7000122070312,1004.9099731445312,2944,COST,1m
2026-05-06 14:22:00+00:00,1004.2100219726562,1005.5,1004.2100219726562,1005.4600219726562,3360,COST,1m
2026-05-06 14:23:00+00:00,1005.47998046875,1005.6199951171876,1004.5999755859376,1004.5999755859376,1714,COST,1m
2026-05-06 14:24:00+00:00,1004.1900024414062,1005.5,1003.5999755859376,1003.5999755859376,2273,COST,1m
2026-05-06 14:25:00+00:00,1004.0599975585938,1004.0599975585938,1002.8101196289062,1003.3270263671876,2348,COST,1m
2026-05-06 14:26:00+00:00,1003.5499877929688,1004.0599975585938,1003.4249877929688,1003.4249877929688,1653,COST,1m
2026-05-06 14:27:00+00:00,1003.5399780273438,1004.0800170898438,1003.135009765625,1004.0800170898438,608,COST,1m
2026-05-06 14:28:00+00:00,1003.0399780273438,1003.52001953125,1002.5,1002.5,2134,COST,1m
2026-05-06 14:29:00+00:00,1002.655029296875,1003.8900146484376,1002.2899780273438,1003.6500244140624,3722,COST,1m
2026-05-06 14:30:00+00:00,1003.3200073242188,1004.4371948242188,1003.3150024414062,1004.4371948242188,1449,COST,1m
2026-05-06 14:31:00+00:00,1003.8200073242188,1003.9749755859376,1003.4700927734376,1003.75,992,COST,1m
2026-05-06 14:32:00+00:00,1003.739990234375,1004.27001953125,1002.5726928710938,1003.9749755859376,4028,COST,1m
2026-05-06 14:33:00+00:00,1003.6900024414062,1004.27001953125,1003.2999877929688,1004.27001953125,1040,COST,1m
2026-05-06 14:34:00+00:00,1002.5999755859376,1003.0449829101562,1001.0,1001.0875244140624,6348,COST,1m
2026-05-06 14:35:00+00:00,1001.1699829101562,1001.8599243164062,1000.489990234375,1001.8599243164062,3403,COST,1m
2026-05-06 14:36:00+00:00,1001.2200927734376,1001.6900024414062,1001.0001220703124,1001.0900268554688,4589,COST,1m
2026-05-06 14:37:00+00:00,1001.5050048828124,1001.5050048828124,1000.8250122070312,1000.8250122070312,1360,COST,1m
2026-05-06 14:38:00+00:00,1000.8300170898438,1001.326171875,1000.5650024414062,1000.6300048828124,3745,COST,1m
2026-05-06 14:39:00+00:00,1001.3250122070312,1001.3250122070312,1000.6649780273438,1001.030029296875,1821,COST,1m
2026-05-06 14:40:00+00:00,1001.280029296875,1001.3599853515624,1000.8800048828124,1000.8800048828124,2657,COST,1m
2026-05-06 14:41:00+00:00,1001.22998046875,1001.4000244140624,1000.7899780273438,1000.8400268554688,1426,COST,1m
2026-05-06 14:42:00+00:00,1001.0,1001.97998046875,1000.77001953125,1001.97998046875,1954,COST,1m
2026-05-06 14:43:00+00:00,1002.10498046875,1002.9804077148438,1001.7200927734376,1002.1699829101562,2922,COST,1m
2026-05-06 14:44:00+00:00,1002.02001953125,1002.0549926757812,1001.719970703125,1002.0549926757812,1333,COST,1m
2026-05-06 14:45:00+00:00,1002.0599975585938,1002.28369140625,1000.60009765625,1001.1599731445312,2976,COST,1m
2026-05-06 14:46:00+00:00,1001.1649780273438,1001.7100219726562,1001.0800170898438,1001.1699829101562,4996,COST,1m
2026-05-06 14:47:00+00:00,1001.260009765625,1001.6649780273438,1000.6900024414062,1000.6900024414062,4516,COST,1m
2026-05-06 14:48:00+00:00,1000.989990234375,1000.989990234375,999.510009765625,999.510009765625,14174,COST,1m
2026-05-06 14:49:00+00:00,999.842529296875,999.89501953125,999.489990234375,999.489990234375,2578,COST,1m
2026-05-06 14:50:00+00:00,999.469970703125,999.60498046875,998.6199951171876,999.02001953125,7882,COST,1m
2026-05-06 14:51:00+00:00,999.0,999.280029296875,998.4500122070312,998.5499877929688,4608,COST,1m
2026-05-06 14:52:00+00:00,998.6599731445312,998.739990234375,997.8400268554688,997.8499755859376,8181,COST,1m
2026-05-06 14:53:00+00:00,997.5999755859376,998.0399780273438,997.3099975585938,997.4000244140624,8071,COST,1m
2026-05-06 14:54:00+00:00,997.2449951171876,997.2550048828124,996.1900024414062,996.72998046875,6523,COST,1m
2026-05-06 14:55:00+00:00,996.3507080078124,996.97998046875,996.1832275390624,996.1832275390624,1891,COST,1m
2026-05-06 14:56:00+00:00,997.159912109375,997.5,996.1400756835938,996.8800048828124,5522,COST,1m
2026-05-06 14:57:00+00:00,996.47998046875,996.8800048828124,996.22998046875,996.3300170898438,3469,COST,1m
2026-05-06 14:58:00+00:00,996.5650024414062,996.7999267578124,995.97998046875,996.22998046875,6145,COST,1m
2026-05-06 14:59:00+00:00,996.5399780273438,997.219970703125,996.1649780273438,997.0850219726562,2330,COST,1m
2026-05-06 15:00:00+00:00,997.6099853515624,997.9400024414062,997.27001953125,997.5700073242188,1389,COST,1m
2026-05-06 15:01:00+00:00,997.530029296875,998.3200073242188,997.530029296875,998.1699829101562,3383,COST,1m
2026-05-06 15:02:00+00:00,998.4000244140624,998.8900146484376,998.1699829101562,998.4600219726562,2084,COST,1m
2026-05-06 15:03:00+00:00,998.8800048828124,999.3200073242188,998.4500122070312,999.3099975585938,3479,COST,1m
2026-05-06 15:04:00+00:00,999.030029296875,999.1199951171876,998.8099975585938,998.8099975585938,1390,COST,1m
2026-05-06 15:05:00+00:00,998.64501953125,999.4500122070312,998.64501953125,999.4450073242188,965,COST,1m
2026-05-06 15:06:00+00:00,999.25,999.5599975585938,997.9199829101562,997.9199829101562,5090,COST,1m
2026-05-06 15:07:00+00:00,997.9199829101562,998.0700073242188,997.2550048828124,998.0,2864,COST,1m
2026-05-06 15:08:00+00:00,997.5499877929688,998.3200073242188,997.3800048828124,997.5449829101562,3506,COST,1m
2026-05-06 15:09:00+00:00,997.0001220703124,998.0599975585938,997.0001220703124,997.6300048828124,3758,COST,1m
2026-05-06 15:10:00+00:00,997.2150268554688,997.4500122070312,996.3200073242188,996.3200073242188,2650,COST,1m
2026-05-06 15:11:00+00:00,996.6849975585938,997.1798706054688,995.5800170898438,995.6699829101562,6713,COST,1m
2026-05-06 15:12:00+00:00,996.0999145507812,996.0999145507812,994.8699951171876,995.2849731445312,11032,COST,1m
2026-05-06 15:13:00+00:00,995.0,995.5,994.3099975585938,994.6500244140624,7553,COST,1m
2026-05-06 15:14:00+00:00,994.635009765625,994.739990234375,994.0,994.280029296875,4510,COST,1m
2026-05-06 15:15:00+00:00,994.2000122070312,994.3599853515624,993.530029296875,994.0850219726562,7930,COST,1m
2026-05-06 15:16:00+00:00,994.0850219726562,994.2899169921876,993.880126953125,993.97998046875,5330,COST,1m
2026-05-06 15:17:00+00:00,994.2698974609376,994.2698974609376,993.52001953125,993.7100219726562,3159,COST,1m
2026-05-06 15:18:00+00:00,993.530029296875,994.2999877929688,993.3150024414062,993.3800048828124,6992,COST,1m
2026-05-06 15:19:00+00:00,993.5700073242188,993.739990234375,993.1900024414062,993.5650024414062,3494,COST,1m
2026-05-06 15:20:00+00:00,993.2999877929688,993.77001953125,993.2000122070312,993.5700073242188,6208,COST,1m
2026-05-06 15:21:00+00:00,993.9199829101562,994.2999267578124,993.4650268554688,993.75,5796,COST,1m
2026-05-06 15:22:00+00:00,993.75,993.97998046875,993.25,993.4000244140624,3896,COST,1m
2026-05-06 15:23:00+00:00,993.6099853515624,994.7999267578124,993.6099853515624,994.3499755859376,6670,COST,1m
2026-05-06 15:24:00+00:00,994.39501953125,994.4000244140624,993.25,993.8499755859376,5013,COST,1m
2026-05-06 15:25:00+00:00,993.5,993.77001953125,992.7849731445312,992.8800048828124,10256,COST,1m
2026-05-06 15:26:00+00:00,992.8319702148438,994.2498779296876,992.5,994.2498779296876,4040,COST,1m
2026-05-06 15:27:00+00:00,993.260009765625,993.7598876953124,993.030029296875,993.5750122070312,3782,COST,1m
2026-05-06 15:28:00+00:00,993.5650024414062,994.4400024414062,993.2999877929688,993.2999877929688,6478,COST,1m
2026-05-06 15:29:00+00:00,994.2000122070312,994.7999877929688,994.0,994.7999877929688,2274,COST,1m
2026-05-06 15:30:00+00:00,994.3900146484376,994.75,993.9500122070312,994.22998046875,2468,COST,1m
2026-05-06 15:31:00+00:00,994.1749877929688,994.844970703125,993.905029296875,994.5,3308,COST,1m
2026-05-06 15:32:00+00:00,994.2874755859376,994.7999877929688,994.1489868164062,994.4450073242188,2410,COST,1m
2026-05-06 15:33:00+00:00,994.4400024414062,995.0499877929688,994.4149780273438,995.0499877929688,2149,COST,1m
2026-05-06 15:34:00+00:00,995.255615234375,995.4299926757812,994.7899780273438,994.9949951171876,3559,COST,1m
2026-05-06 15:35:00+00:00,994.75,995.135009765625,994.75,994.8099975585938,3960,COST,1m
2026-05-06 15:36:00+00:00,995.0963134765624,995.4998779296876,994.52001953125,994.9949951171876,4991,COST,1m
2026-05-06 15:37:00+00:00,995.1199951171876,995.8900146484376,994.6799926757812,995.7999267578124,7310,COST,1m
2026-05-06 15:38:00+00:00,994.739990234375,995.239990234375,994.52001953125,994.9400024414062,10283,COST,1m
2026-05-06 15:39:00+00:00,994.9000244140624,994.989990234375,994.5700073242188,994.760009765625,4402,COST,1m
2026-05-06 15:40:00+00:00,994.77001953125,995.3400268554688,994.77001953125,995.3400268554688,1322,COST,1m
2026-05-06 15:41:00+00:00,995.6300048828124,995.989990234375,995.2100830078124,995.989990234375,1983,COST,1m
2026-05-06 15:42:00+00:00,996.4600219726562,996.6900024414062,996.2100219726562,996.364990234375,2050,COST,1m
2026-05-06 15:43:00+00:00,996.7598266601562,997.0,996.72998046875,996.7550048828124,1918,COST,1m
2026-05-06 15:44:00+00:00,997.0800170898438,997.4398803710938,995.72998046875,995.72998046875,3790,COST,1m
2026-05-06 15:45:00+00:00,995.989990234375,996.24658203125,995.6599731445312,996.24658203125,1366,COST,1m
2026-05-06 15:46:00+00:00,996.27001953125,996.7098999023438,995.85107421875,996.3099975585938,4241,COST,1m
2026-05-06 15:47:00+00:00,996.9899291992188,996.9899291992188,995.4000244140624,995.6400146484376,3753,COST,1m
2026-05-06 15:48:00+00:00,995.75,997.0698852539062,995.75,997.0698852539062,1484,COST,1m
2026-05-06 15:49:00+00:00,996.6500244140624,997.2750244140624,996.27001953125,997.2750244140624,3223,COST,1m
2026-05-06 15:50:00+00:00,997.5,997.5,996.5650024414062,996.885009765625,8422,COST,1m
2026-05-06 15:51:00+00:00,996.6737060546876,996.8350219726562,996.4000244140624,996.8350219726562,593,COST,1m
2026-05-06 15:52:00+00:00,996.5,996.5,996.0100708007812,996.4500122070312,1770,COST,1m
2026-05-06 15:53:00+00:00,996.1099853515624,996.5899047851562,996.1099853515624,996.5899047851562,1314,COST,1m
2026-05-06 15:54:00+00:00,996.3699951171876,996.6599731445312,996.3699951171876,996.5050048828124,2394,COST,1m
2026-05-06 15:55:00+00:00,996.5,997.4000244140624,996.3599853515624,997.3699951171876,2881,COST,1m
2026-05-06 15:56:00+00:00,997.1699829101562,997.5399780273438,997.1699829101562,997.5399780273438,1106,COST,1m
2026-05-06 15:57:00+00:00,997.4199829101562,997.89990234375,997.260009765625,997.4000244140624,1700,COST,1m
2026-05-06 15:58:00+00:00,997.7899780273438,997.7899780273438,996.7150268554688,996.7150268554688,3834,COST,1m
2026-05-06 15:59:00+00:00,996.5401000976562,996.7999877929688,996.4550170898438,996.7882080078124,1844,COST,1m
2026-05-06 16:00:00+00:00,996.2675170898438,996.2675170898438,996.0900268554688,996.239990234375,1904,COST,1m
2026-05-06 16:01:00+00:00,996.2399291992188,996.260009765625,995.5900268554688,995.9398803710938,3938,COST,1m
2026-05-06 16:02:00+00:00,995.72998046875,995.72998046875,995.3300170898438,995.3300170898438,1710,COST,1m
2026-05-06 16:03:00+00:00,995.1749877929688,995.4199829101562,994.52001953125,995.2249755859376,5569,COST,1m
2026-05-06 16:04:00+00:00,995.1500244140624,995.2899169921876,994.77001953125,994.9099731445312,2933,COST,1m
2026-05-06 16:05:00+00:00,995.5590209960938,995.5599975585938,995.47998046875,995.5599975585938,2275,COST,1m
2026-05-06 16:06:00+00:00,995.4500122070312,995.8400268554688,995.1799926757812,995.1799926757812,1207,COST,1m
2026-05-06 16:07:00+00:00,995.4450073242188,995.4450073242188,994.4500122070312,994.5150146484376,9645,COST,1m
2026-05-06 16:08:00+00:00,994.6199951171876,995.0399780273438,994.6004028320312,994.6004028320312,2264,COST,1m
2026-05-06 16:09:00+00:00,994.9400024414062,994.969970703125,994.5697021484376,994.9000244140624,1546,COST,1m
2026-05-06 16:10:00+00:00,994.7999877929688,994.7999877929688,994.5,994.5900268554688,4808,COST,1m
2026-05-06 16:11:00+00:00,994.4000244140624,994.6900024414062,994.3400268554688,994.5800170898438,1535,COST,1m
2026-05-06 16:12:00+00:00,994.5,994.6900024414062,994.1199951171876,994.1199951171876,1704,COST,1m
2026-05-06 16:13:00+00:00,994.614990234375,994.780029296875,994.239990234375,994.3400268554688,3131,COST,1m
2026-05-06 16:14:00+00:00,994.364990234375,994.447998046875,994.0999755859376,994.4199829101562,1382,COST,1m
2026-05-06 16:15:00+00:00,994.5,994.9763793945312,994.4299926757812,994.969970703125,2928,COST,1m
2026-05-06 16:16:00+00:00,994.969970703125,995.8599853515624,994.9000244140624,995.8599853515624,5401,COST,1m
2026-05-06 16:17:00+00:00,995.9199829101562,996.0999755859376,995.7481079101562,996.0599975585938,1663,COST,1m
2026-05-06 16:18:00+00:00,995.8699951171876,996.0,995.7459106445312,995.8099975585938,1116,COST,1m
2026-05-06 16:19:00+00:00,996.0549926757812,997.1500244140624,996.0,997.1500244140624,6810,COST,1m
2026-05-06 16:20:00+00:00,997.0,997.0,995.989990234375,996.530029296875,1574,COST,1m
2026-05-06 16:21:00+00:00,996.530029296875,996.9000244140624,996.530029296875,996.9000244140624,6917,COST,1m
2026-05-06 16:22:00+00:00,997.0499877929688,997.22998046875,997.0499877929688,997.22998046875,1716,COST,1m
2026-05-06 16:23:00+00:00,996.7550048828124,997.1099853515624,996.7550048828124,997.1099853515624,843,COST,1m
2026-05-06 16:24:00+00:00,997.1099853515624,997.489990234375,997.1099853515624,997.489990234375,2422,COST,1m
2026-05-06 16:25:00+00:00,997.125,997.125,996.0150146484376,996.0150146484376,1916,COST,1m
2026-05-06 16:26:00+00:00,996.10498046875,996.10498046875,995.6849975585938,995.6849975585938,1319,COST,1m
2026-05-06 16:27:00+00:00,995.6300048828124,995.9099731445312,995.3099975585938,995.9099731445312,1911,COST,1m
2026-05-06 16:28:00+00:00,995.2999877929688,995.9299926757812,995.2999877929688,995.9299926757812,1378,COST,1m
2026-05-06 16:29:00+00:00,995.9299926757812,996.1090087890624,995.5250244140624,995.5250244140624,1380,COST,1m
2026-05-06 16:30:00+00:00,995.0,995.4299926757812,995.0,995.4299926757812,788,COST,1m
2026-05-06 16:31:00+00:00,995.4299926757812,995.7899780273438,995.2457885742188,995.489990234375,2979,COST,1m
2026-05-06 16:32:00+00:00,995.4849853515624,996.0399169921876,995.4849853515624,995.7449951171876,4728,COST,1m
2026-05-06 16:33:00+00:00,995.719970703125,995.8499755859376,995.5599975585938,995.8499755859376,1203,COST,1m
2026-05-06 16:34:00+00:00,995.760009765625,995.77001953125,995.6699829101562,995.7349853515624,836,COST,1m
2026-05-06 16:35:00+00:00,995.7349853515624,996.0499877929688,995.7349853515624,996.036376953125,1173,COST,1m
2026-05-06 16:36:00+00:00,995.8400268554688,996.0,995.8400268554688,996.0,392,COST,1m
2026-05-06 16:37:00+00:00,995.8599853515624,995.8599853515624,995.5800170898438,995.5800170898438,1117,COST,1m
2026-05-06 16:38:00+00:00,995.5999755859376,995.5999755859376,994.8092041015624,994.8092041015624,5034,COST,1m
2026-05-06 16:39:00+00:00,995.0650024414062,995.0650024414062,995.0650024414062,995.0650024414062,588,COST,1m
2026-05-06 16:40:00+00:00,995.1849975585938,995.1849975585938,995.0250244140624,995.073974609375,1324,COST,1m
2026-05-06 16:41:00+00:00,995.25,995.4199829101562,995.22998046875,995.3400268554688,3367,COST,1m
2026-05-06 16:42:00+00:00,995.2349853515624,995.4998779296876,995.1599731445312,995.260009765625,2629,COST,1m
2026-05-06 16:43:00+00:00,995.2650146484376,995.7949829101562,995.2650146484376,995.7949829101562,3691,COST,1m
2026-05-06 16:44:00+00:00,995.135009765625,995.72998046875,995.135009765625,995.72998046875,348,COST,1m
2026-05-06 16:45:00+00:00,995.5422973632812,995.6900024414062,995.030029296875,995.6900024414062,2188,COST,1m
2026-05-06 16:46:00+00:00,995.0,995.4199829101562,995.0,995.4199829101562,990,COST,1m
2026-05-06 16:47:00+00:00,995.6798706054688,995.6798706054688,995.5150146484376,995.6400146484376,1135,COST,1m
2026-05-06 16:48:00+00:00,995.4299926757812,995.8699951171876,995.4299926757812,995.4299926757812,1261,COST,1m
2026-05-06 16:49:00+00:00,995.7551879882812,996.5050048828124,995.7150268554688,996.5050048828124,3439,COST,1m
2026-05-06 16:50:00+00:00,996.3200073242188,996.4600219726562,996.3200073242188,996.4600219726562,834,COST,1m
2026-05-06 16:51:00+00:00,996.5999755859376,996.760009765625,996.4249877929688,996.760009765625,1811,COST,1m
2026-05-06 16:53:00+00:00,996.739990234375,997.260009765625,996.72998046875,997.260009765625,1678,COST,1m
2026-05-06 16:54:00+00:00,997.6900024414062,998.0,997.6099853515624,997.8099975585938,967,COST,1m
2026-05-06 16:55:00+00:00,997.989990234375,997.989990234375,997.760009765625,997.760009765625,2152,COST,1m
2026-05-06 16:56:00+00:00,997.2324829101562,997.280029296875,996.6699829101562,996.6699829101562,1105,COST,1m
2026-05-06 16:57:00+00:00,996.3499755859376,996.3900146484376,995.8800048828124,995.8800048828124,2019,COST,1m
2026-05-06 16:58:00+00:00,995.875,996.2551879882812,995.875,996.2551879882812,1080,COST,1m
2026-05-06 16:59:00+00:00,996.1099853515624,996.3399047851562,995.0,995.5850219726562,4707,COST,1m
2026-05-06 17:00:00+00:00,995.351318359375,995.9400024414062,994.989990234375,994.989990234375,2738,COST,1m
2026-05-06 17:01:00+00:00,994.8200073242188,994.8200073242188,994.1900024414062,994.6126098632812,2071,COST,1m
2026-05-06 17:02:00+00:00,994.4849853515624,994.4849853515624,993.7949829101562,993.8900146484376,5742,COST,1m
2026-05-06 17:03:00+00:00,993.5750122070312,993.5750122070312,993.2999877929688,993.4500122070312,5748,COST,1m
2026-05-06 17:04:00+00:00,993.1300048828124,993.1400146484376,993.0,993.0,4948,COST,1m
2026-05-06 17:05:00+00:00,992.7999877929688,993.0657958984376,992.7388916015624,992.97998046875,1308,COST,1m
2026-05-06 17:06:00+00:00,992.8800048828124,993.1300048828124,992.81689453125,993.0349731445312,2429,COST,1m
2026-05-06 17:07:00+00:00,993.1099853515624,993.1099853515624,993.0,993.0814819335938,1566,COST,1m
2026-05-06 17:08:00+00:00,993.1799926757812,993.9763793945312,993.1799926757812,993.5900268554688,4134,COST,1m
2026-05-06 17:09:00+00:00,993.5999755859376,993.8200073242188,993.5999755859376,993.8200073242188,306,COST,1m
2026-05-06 17:10:00+00:00,993.8200073242188,994.6300048828124,993.5999755859376,994.0399780273438,2163,COST,1m
2026-05-06 17:11:00+00:00,994.0449829101562,994.530029296875,993.5599975585938,994.0374755859376,2317,COST,1m
2026-05-06 17:12:00+00:00,994.0599975585938,994.5198974609376,994.0599975585938,994.5198974609376,634,COST,1m
2026-05-06 17:13:00+00:00,994.1400146484376,994.6300048828124,994.1400146484376,994.530029296875,4200,COST,1m
2026-05-06 17:14:00+00:00,994.60498046875,994.7000122070312,994.5,994.60498046875,1819,COST,1m
2026-05-06 17:15:00+00:00,994.3200073242188,994.3200073242188,994.2100219726562,994.239990234375,1738,COST,1m
2026-05-06 17:16:00+00:00,994.0,994.2650146484376,994.0,994.2650146484376,827,COST,1m
2026-05-06 17:17:00+00:00,994.5,994.75,994.0001220703124,994.6099853515624,1741,COST,1m
2026-05-06 17:18:00+00:00,994.6199951171876,994.6199951171876,994.6199951171876,994.6199951171876,69,COST,1m
2026-05-06 17:19:00+00:00,994.6599731445312,994.6599731445312,994.25,994.25,4071,COST,1m
2026-05-06 17:20:00+00:00,993.5900268554688,993.5900268554688,992.8099975585938,992.8200073242188,4260,COST,1m
2026-05-06 17:21:00+00:00,992.8200073242188,992.97998046875,992.6799926757812,992.6799926757812,1366,COST,1m
2026-05-06 17:22:00+00:00,992.6799926757812,992.9799194335938,992.6500244140624,992.7750244140624,2353,COST,1m
2026-05-06 17:23:00+00:00,992.7750244140624,993.4199829101562,992.7750244140624,992.90478515625,3288,COST,1m
2026-05-06 17:24:00+00:00,993.409912109375,993.409912109375,993.0750122070312,993.0750122070312,1147,COST,1m
2026-05-06 17:25:00+00:00,993.3900146484376,993.3900146484376,993.0999755859376,993.1950073242188,1454,COST,1m
2026-05-06 17:26:00+00:00,993.177490234375,993.4400024414062,993.177490234375,993.4199829101562,2901,COST,1m
2026-05-06 17:27:00+00:00,993.489990234375,993.7100219726562,993.489990234375,993.7100219726562,1155,COST,1m
2026-05-06 17:28:00+00:00,993.4099731445312,993.5999755859376,993.2349853515624,993.4000244140624,1491,COST,1m
2026-05-06 17:29:00+00:00,993.4600219726562,993.5499877929688,993.0,993.0,2779,COST,1m
2026-05-06 17:30:00+00:00,993.1849975585938,993.25,993.0599975585938,993.1099853515624,1704,COST,1m
2026-05-06 17:31:00+00:00,993.1074829101562,993.6300048828124,993.1074829101562,993.1185302734376,1254,COST,1m
2026-05-06 17:32:00+00:00,993.6099853515624,993.9000244140624,993.5,993.60498046875,2200,COST,1m
2026-05-06 17:33:00+00:00,993.2249755859376,993.469970703125,993.2249755859376,993.469970703125,1530,COST,1m
2026-05-06 17:34:00+00:00,993.6900024414062,993.8400268554688,993.6199951171876,993.6699829101562,1536,COST,1m
2026-05-06 17:35:00+00:00,993.8400268554688,994.22998046875,993.8400268554688,994.1099853515624,2492,COST,1m
2026-05-06 17:36:00+00:00,994.216796875,994.216796875,993.75,993.77001953125,3050,COST,1m
2026-05-06 17:37:00+00:00,993.760009765625,993.9000244140624,993.760009765625,993.9000244140624,434,COST,1m
2026-05-06 17:38:00+00:00,993.5999755859376,993.7249755859376,993.239990234375,993.4500122070312,3320,COST,1m
2026-05-06 17:39:00+00:00,993.5499877929688,994.1199951171876,993.467529296875,994.02099609375,4392,COST,1m
2026-05-06 17:40:00+00:00,994.030029296875,994.1799926757812,993.7183227539062,994.1798706054688,4128,COST,1m
2026-05-06 17:41:00+00:00,993.5994262695312,994.1400146484376,993.5994262695312,993.9500122070312,1773,COST,1m
2026-05-06 17:42:00+00:00,993.9500122070312,994.2899780273438,993.492919921875,993.6900024414062,2840,COST,1m
2026-05-06 17:43:00+00:00,993.6099853515624,993.7899780273438,992.610107421875,992.610107421875,8750,COST,1m
2026-05-06 17:44:00+00:00,993.2100219726562,993.2100219726562,992.7000122070312,992.89501953125,1475,COST,1m
2026-05-06 17:45:00+00:00,993.0200805664062,993.1799926757812,992.8900146484376,992.8900146484376,1697,COST,1m
2026-05-06 17:46:00+00:00,992.97998046875,993.6199951171876,992.97998046875,993.4000244140624,3517,COST,1m
2026-05-06 17:47:00+00:00,993.6900024414062,994.0900268554688,993.6900024414062,993.7982788085938,1220,COST,1m
2026-05-06 17:48:00+00:00,993.75,993.7949829101562,993.6950073242188,993.7949829101562,726,COST,1m
2026-05-06 17:49:00+00:00,993.3001098632812,994.0054931640624,993.3001098632812,993.9500122070312,1211,COST,1m
2026-05-06 17:50:00+00:00,993.9500122070312,994.4000244140624,993.9500122070312,994.3800048828124,3939,COST,1m
2026-05-06 17:51:00+00:00,994.2974853515624,995.1099853515624,994.219970703125,995.1099853515624,3516,COST,1m
2026-05-06 17:52:00+00:00,995.469970703125,995.77001953125,995.260009765625,995.77001953125,2194,COST,1m
2026-05-06 17:53:00+00:00,995.6776733398438,995.7999877929688,995.5800170898438,995.7999877929688,2203,COST,1m
2026-05-06 17:54:00+00:00,995.7999877929688,996.0,995.27001953125,995.27001953125,4939,COST,1m
2026-05-06 17:55:00+00:00,995.344970703125,995.5833740234376,995.203125,995.2750244140624,955,COST,1m
2026-05-06 17:56:00+00:00,995.2750244140624,995.2750244140624,995.2750244140624,995.2750244140624,610,COST,1m
2026-05-06 17:57:00+00:00,995.1422729492188,995.52001953125,994.7949829101562,995.1300048828124,2408,COST,1m
2026-05-06 17:58:00+00:00,995.1799926757812,995.52001953125,995.0900268554688,995.4627075195312,1395,COST,1m
2026-05-06 17:59:00+00:00,995.8350219726562,996.0,995.58251953125,995.58251953125,2768,COST,1m
2026-05-06 18:00:00+00:00,995.6300048828124,996.0,995.3200073242188,996.0,3383,COST,1m
2026-05-06 18:01:00+00:00,995.780029296875,995.8599853515624,995.780029296875,995.8499755859376,859,COST,1m
2026-05-06 18:02:00+00:00,996.0,996.39501953125,996.0,996.02001953125,4367,COST,1m
2026-05-06 18:04:00+00:00,996.030029296875,996.030029296875,994.4400024414062,994.4400024414062,5781,COST,1m
2026-05-06 18:05:00+00:00,994.4400024414062,994.782470703125,993.3300170898438,993.6199951171876,8034,COST,1m
2026-05-06 18:06:00+00:00,993.7100219726562,993.7100219726562,993.22998046875,993.4099731445312,1630,COST,1m
2026-05-06 18:07:00+00:00,993.4099731445312,993.4224853515624,993.02001953125,993.2100219726562,3662,COST,1m
2026-05-06 18:08:00+00:00,993.25,993.5999755859376,993.0499877929688,993.0499877929688,11752,COST,1m
2026-05-06 18:09:00+00:00,993.0700073242188,993.6300048828124,993.0,993.405029296875,6423,COST,1m
2026-05-06 18:10:00+00:00,993.52001953125,994.3300170898438,993.3699951171876,993.989990234375,3680,COST,1m
2026-05-06 18:11:00+00:00,993.719970703125,994.5319213867188,993.719970703125,994.030029296875,1687,COST,1m
2026-05-06 18:12:00+00:00,994.3200073242188,994.3200073242188,993.8400268554688,993.8400268554688,1552,COST,1m
2026-05-06 18:13:00+00:00,993.719970703125,994.375,993.4400024414062,994.375,11118,COST,1m
2026-05-06 18:14:00+00:00,994.1699829101562,994.4199829101562,994.0499877929688,994.1699829101562,2934,COST,1m
2026-05-06 18:15:00+00:00,994.4349975585938,994.4349975585938,994.0700073242188,994.0700073242188,1942,COST,1m
2026-05-06 18:16:00+00:00,994.1849975585938,994.6699829101562,993.9000244140624,994.448974609375,3448,COST,1m
2026-05-06 18:17:00+00:00,993.969970703125,994.8504028320312,993.969970703125,994.7000122070312,2412,COST,1m
2026-05-06 18:18:00+00:00,994.8049926757812,994.8150024414062,994.3499755859376,994.469970703125,1162,COST,1m
2026-05-06 18:19:00+00:00,994.6799926757812,994.7000122070312,994.6799926757812,994.7000122070312,706,COST,1m
2026-05-06 18:20:00+00:00,994.7000122070312,995.760009765625,994.7000122070312,995.760009765625,4532,COST,1m
2026-05-06 18:21:00+00:00,995.4949951171876,995.989990234375,995.3400268554688,995.3400268554688,4947,COST,1m
2026-05-06 18:22:00+00:00,995.0900268554688,995.405029296875,995.0700073242188,995.0700073242188,1621,COST,1m
2026-05-06 18:23:00+00:00,995.25,995.6296997070312,995.25,995.4949951171876,1264,COST,1m
2026-05-06 18:24:00+00:00,995.264892578125,995.510009765625,995.25,995.4099731445312,1977,COST,1m
2026-05-06 18:25:00+00:00,995.5,995.5050048828124,995.2899780273438,995.5050048828124,2890,COST,1m
2026-05-06 18:26:00+00:00,995.5819702148438,995.5819702148438,995.3400268554688,995.35498046875,1047,COST,1m
2026-05-06 18:27:00+00:00,995.4818115234376,995.5800170898438,995.1199951171876,995.4550170898438,1836,COST,1m
2026-05-06 18:28:00+00:00,995.4550170898438,995.4550170898438,994.52001953125,994.530029296875,5789,COST,1m
2026-05-06 18:29:00+00:00,994.1799926757812,994.5449829101562,994.0499877929688,994.219970703125,1481,COST,1m
2026-05-06 18:30:00+00:00,994.3699951171876,994.3699951171876,994.2899780273438,994.3099975585938,1716,COST,1m
2026-05-06 18:31:00+00:00,994.2849731445312,994.3400268554688,993.8900146484376,994.2999877929688,3068,COST,1m
2026-05-06 18:32:00+00:00,994.3300170898438,994.3300170898438,993.4600219726562,993.8723754882812,2969,COST,1m
2026-05-06 18:33:00+00:00,993.22998046875,993.6511840820312,993.219970703125,993.6099853515624,2329,COST,1m
2026-05-06 18:34:00+00:00,993.8599853515624,994.1300048828124,993.6900024414062,993.8150024414062,2442,COST,1m
2026-05-06 18:35:00+00:00,993.7349853515624,993.739990234375,993.7349853515624,993.739990234375,1343,COST,1m
2026-05-06 18:36:00+00:00,994.139892578125,994.139892578125,993.7349853515624,993.7999877929688,1601,COST,1m
2026-05-06 18:37:00+00:00,993.5599975585938,993.739990234375,993.4550170898438,993.6798706054688,3515,COST,1m
2026-05-06 18:38:00+00:00,993.7750244140624,993.8900146484376,993.6699829101562,993.885009765625,1507,COST,1m
2026-05-06 18:39:00+00:00,993.885009765625,993.9099731445312,993.885009765625,993.9099731445312,1027,COST,1m
2026-05-06 18:40:00+00:00,993.9099731445312,994.5800170898438,993.9099731445312,994.5800170898438,2341,COST,1m
2026-05-06 18:41:00+00:00,994.6649780273438,994.6649780273438,994.5,994.5,1835,COST,1m
2026-05-06 18:42:00+00:00,994.9000244140624,994.9998779296876,994.6821899414062,994.9998779296876,1132,COST,1m
2026-05-06 18:43:00+00:00,994.3400268554688,994.3400268554688,994.3400268554688,994.3400268554688,474,COST,1m
2026-05-06 18:44:00+00:00,994.3400268554688,994.8300170898438,994.3400268554688,994.35009765625,1430,COST,1m
2026-05-06 18:45:00+00:00,994.844970703125,994.89501953125,994.6397094726562,994.89501953125,898,COST,1m
2026-05-06 18:46:00+00:00,995.2374877929688,995.344970703125,994.7999877929688,995.344970703125,1891,COST,1m
2026-05-06 18:47:00+00:00,995.3599853515624,995.6300048828124,995.2000122070312,995.6300048828124,1846,COST,1m
2026-05-06 18:48:00+00:00,994.9000244140624,995.405029296875,994.9000244140624,995.405029296875,1682,COST,1m
2026-05-06 18:49:00+00:00,995.6400146484376,995.8800048828124,995.60009765625,995.60009765625,2394,COST,1m
2026-05-06 18:50:00+00:00,995.5800170898438,995.9298706054688,995.1799926757812,995.1799926757812,2125,COST,1m
2026-05-06 18:51:00+00:00,995.0349731445312,995.0349731445312,994.75,995.0,1545,COST,1m
2026-05-06 18:52:00+00:00,994.0999755859376,994.489990234375,994.02001953125,994.02001953125,1479,COST,1m
2026-05-06 18:53:00+00:00,994.0,994.2098999023438,993.8200073242188,994.0700073242188,2467,COST,1m
2026-05-06 18:54:00+00:00,994.0999755859376,994.4500122070312,993.8900146484376,994.3300170898438,3908,COST,1m
2026-05-06 18:55:00+00:00,994.3300170898438,994.385009765625,994.117919921875,994.117919921875,870,COST,1m
2026-05-06 18:56:00+00:00,994.0474853515624,994.489990234375,994.0474853515624,994.2899780273438,2461,COST,1m
2026-05-06 18:57:00+00:00,994.405029296875,994.405029296875,994.1925048828124,994.1925048828124,672,COST,1m
2026-05-06 18:58:00+00:00,994.4949951171876,995.4299926757812,994.4949951171876,995.4299926757812,1730,COST,1m
2026-05-06 18:59:00+00:00,995.0800170898438,995.5,995.0800170898438,995.3499755859376,2167,COST,1m
2026-05-06 19:00:00+00:00,995.489990234375,995.5838012695312,995.0001220703124,995.4000244140624,1819,COST,1m
2026-05-06 19:01:00+00:00,995.4099731445312,996.0,995.235595703125,995.8200073242188,4796,COST,1m
2026-05-06 19:02:00+00:00,995.8200073242188,996.3049926757812,995.8200073242188,996.1099853515624,5516,COST,1m
2026-05-06 19:03:00+00:00,996.489990234375,996.489990234375,996.02001953125,996.148193359375,1510,COST,1m
2026-05-06 19:04:00+00:00,996.2501220703124,996.2501220703124,995.9299926757812,995.9299926757812,952,COST,1m
2026-05-06 19:05:00+00:00,995.9199829101562,996.2999877929688,995.9199829101562,996.27001953125,1379,COST,1m
2026-05-06 19:06:00+00:00,996.27001953125,996.4998779296876,996.27001953125,996.4998779296876,853,COST,1m
2026-05-06 19:07:00+00:00,996.3499755859376,996.8599853515624,996.3499755859376,996.7200927734376,4246,COST,1m
2026-05-06 19:08:00+00:00,996.9100952148438,997.0,996.7650146484376,996.7650146484376,1833,COST,1m
2026-05-06 19:09:00+00:00,996.7650146484376,997.0,996.47998046875,996.989990234375,3283,COST,1m
2026-05-06 19:10:00+00:00,996.885009765625,997.1900024414062,996.5999755859376,996.8300170898438,7519,COST,1m
2026-05-06 19:11:00+00:00,996.8300170898438,997.3400268554688,996.5800170898438,997.3400268554688,4355,COST,1m
2026-05-06 19:12:00+00:00,997.6400146484376,997.6400146484376,997.364990234375,997.5999755859376,913,COST,1m
2026-05-06 19:13:00+00:00,997.35009765625,997.6900024414062,997.25,997.510009765625,4525,COST,1m
2026-05-06 19:14:00+00:00,997.405029296875,997.72998046875,997.405029296875,997.72998046875,1456,COST,1m
2026-05-06 19:15:00+00:00,997.6649780273438,997.8400268554688,996.530029296875,996.6699829101562,5735,COST,1m
2026-05-06 19:16:00+00:00,996.75,997.5527954101562,996.75,997.2550048828124,2985,COST,1m
2026-05-06 19:17:00+00:00,997.2999877929688,997.489990234375,996.655029296875,996.655029296875,2908,COST,1m
2026-05-06 19:18:00+00:00,996.8599853515624,997.5,996.6699829101562,996.6699829101562,2997,COST,1m
2026-05-06 19:19:00+00:00,996.9249877929688,997.3800048828124,996.3200073242188,997.260009765625,4727,COST,1m
2026-05-06 19:20:00+00:00,997.1900024414062,997.3599853515624,997.1900024414062,997.3499755859376,1482,COST,1m
2026-05-06 19:21:00+00:00,997.5499877929688,997.5499877929688,996.9849853515624,996.9849853515624,2889,COST,1m
2026-05-06 19:22:00+00:00,997.0349731445312,997.4099731445312,997.0349731445312,997.3400268554688,2601,COST,1m
2026-05-06 19:23:00+00:00,997.3499755859376,997.3499755859376,997.094970703125,997.094970703125,2590,COST,1m
2026-05-06 19:24:00+00:00,997.1782836914062,997.3400268554688,996.9691772460938,997.2100219726562,8112,COST,1m
2026-05-06 19:25:00+00:00,997.3300170898438,997.3499755859376,996.52001953125,996.52001953125,5999,COST,1m
2026-05-06 19:26:00+00:00,996.5349731445312,996.5349731445312,995.530029296875,995.530029296875,2836,COST,1m
2026-05-06 19:27:00+00:00,995.6672973632812,995.905029296875,995.4199829101562,995.4749755859376,1840,COST,1m
2026-05-06 19:28:00+00:00,995.4600219726562,996.1500244140624,995.4600219726562,995.9149780273438,3939,COST,1m
2026-05-06 19:29:00+00:00,996.0700073242188,996.239990234375,995.447509765625,996.239990234375,5357,COST,1m
2026-05-06 19:30:00+00:00,996.4724731445312,996.5700073242188,996.219970703125,996.3400268554688,2995,COST,1m
2026-05-06 19:31:00+00:00,996.3800048828124,996.4500122070312,996.25,996.4299926757812,1923,COST,1m
2026-05-06 19:32:00+00:00,996.4299926757812,996.6400146484376,995.8099975585938,995.8300170898438,4388,COST,1m
2026-05-06 19:33:00+00:00,996.0549926757812,996.22998046875,995.8800048828124,996.22998046875,2061,COST,1m
2026-05-06 19:34:00+00:00,996.3400268554688,996.6699829101562,996.3400268554688,996.4603881835938,2866,COST,1m
2026-05-06 19:35:00+00:00,996.60498046875,996.72998046875,996.1199951171876,996.5549926757812,5995,COST,1m
2026-05-06 19:36:00+00:00,996.7899780273438,996.8400268554688,996.489990234375,996.6799926757812,5279,COST,1m
2026-05-06 19:37:00+00:00,996.7999877929688,996.7999877929688,996.25,996.25,2667,COST,1m
2026-05-06 19:38:00+00:00,996.1199951171876,996.1199951171876,995.5,995.72998046875,5653,COST,1m
2026-05-06 19:39:00+00:00,995.72998046875,996.0499267578124,995.7000122070312,995.7000122070312,3592,COST,1m
2026-05-06 19:40:00+00:00,995.9000244140624,995.9000244140624,995.4619750976562,995.9000244140624,8317,COST,1m
2026-05-06 19:41:00+00:00,995.9400024414062,995.989990234375,995.5001220703124,995.9299926757812,6986,COST,1m
2026-05-06 19:42:00+00:00,995.7150268554688,996.3049926757812,995.5599975585938,995.6201171875,2632,COST,1m
2026-05-06 19:43:00+00:00,996.1950073242188,996.3099975585938,995.719970703125,995.7550048828124,4801,COST,1m
2026-05-06 19:44:00+00:00,995.760009765625,996.4550170898438,995.7449951171876,996.4550170898438,3468,COST,1m
2026-05-06 19:45:00+00:00,996.4199829101562,997.10498046875,996.4199829101562,996.4500122070312,7446,COST,1m
2026-05-06 19:46:00+00:00,996.5449829101562,996.9299926757812,996.5449829101562,996.8250122070312,3595,COST,1m
2026-05-06 19:47:00+00:00,996.5700073242188,997.0889892578124,996.5599975585938,996.8699951171876,4031,COST,1m
2026-05-06 19:48:00+00:00,996.6500244140624,997.1699829101562,996.5,996.972412109375,4918,COST,1m
2026-05-06 19:49:00+00:00,997.1799926757812,997.1900024414062,996.77001953125,996.77001953125,3572,COST,1m
2026-05-06 19:50:00+00:00,996.8300170898438,997.9000244140624,996.5,997.489990234375,9268,COST,1m
2026-05-06 19:51:00+00:00,997.4849853515624,997.989990234375,997.4600219726562,997.469970703125,8983,COST,1m
2026-05-06 19:52:00+00:00,997.47998046875,997.9099731445312,997.3200073242188,997.530029296875,8949,COST,1m
2026-05-06 19:53:00+00:00,997.5250244140624,997.8200073242188,997.22998046875,997.22998046875,7409,COST,1m
2026-05-06 19:54:00+00:00,997.22998046875,997.9000244140624,997.1400146484376,997.6799926757812,11845,COST,1m
2026-05-06 19:55:00+00:00,997.510009765625,997.6099853515624,995.52001953125,995.9299926757812,17964,COST,1m
2026-05-06 19:56:00+00:00,996.1300048828124,996.1400146484376,995.7100219726562,995.8099975585938,11236,COST,1m
2026-05-06 19:57:00+00:00,995.75,995.75,995.02001953125,995.22998046875,21945,COST,1m
2026-05-06 19:58:00+00:00,995.1799926757812,995.7050170898438,995.0,995.5900268554688,26830,COST,1m
2026-05-06 19:59:00+00:00,995.5399780273438,995.9299926757812,995.3599853515624,995.3599853515624,66106,COST,1m
2026-05-07 13:30:00+00:00,993.5,995.5399780273438,990.6599731445312,995.39501953125,40800,COST,1m
2026-05-07 13:31:00+00:00,995.39501953125,997.8099975585938,995.1400146484376,997.3300170898438,7773,COST,1m
2026-05-07 13:32:00+00:00,997.5999755859376,998.4998779296876,996.3499755859376,997.6400146484376,8078,COST,1m
2026-05-07 13:33:00+00:00,998.0,998.5700073242188,997.0,998.5150146484376,7634,COST,1m
2026-05-07 13:34:00+00:00,999.0,999.0,997.4299926757812,998.5,6660,COST,1m
2026-05-07 13:35:00+00:00,998.5150146484376,998.5399780273438,997.6900024414062,998.4849853515624,9094,COST,1m
2026-05-07 13:36:00+00:00,999.1500244140624,999.8098754882812,997.7000732421876,999.2999877929688,5777,COST,1m
2026-05-07 13:37:00+00:00,998.77001953125,999.8499755859376,997.6849975585938,999.3300170898438,7639,COST,1m
2026-05-07 13:38:00+00:00,999.7440795898438,1000.0,998.780029296875,999.6500244140624,3560,COST,1m
2026-05-07 13:39:00+00:00,1000.0,1000.9998779296876,998.9650268554688,998.9650268554688,4950,COST,1m
2026-05-07 13:40:00+00:00,998.6788940429688,998.9650268554688,998.0,998.7150268554688,2319,COST,1m
2026-05-07 13:41:00+00:00,998.72998046875,1001.25,998.72998046875,1001.25,5304,COST,1m
2026-05-07 13:42:00+00:00,1001.157470703125,1001.5999755859376,1000.1013793945312,1000.1013793945312,4775,COST,1m
2026-05-07 13:43:00+00:00,1000.5900268554688,1001.6699829101562,1000.0999755859376,1001.6699829101562,1336,COST,1m
2026-05-07 13:44:00+00:00,1001.4450073242188,1002.0,1000.8800048828124,1001.8400268554688,5830,COST,1m
2026-05-07 13:45:00+00:00,1001.530029296875,1002.8699951171876,1001.530029296875,1001.9199829101562,3994,COST,1m
2026-05-07 13:46:00+00:00,1002.219970703125,1002.8099975585938,1000.7200927734376,1001.4450073242188,4866,COST,1m
2026-05-07 13:47:00+00:00,1001.6199951171876,1002.0,1001.3499755859376,1002.0,1901,COST,1m
2026-05-07 13:48:00+00:00,1001.6422119140624,1002.2999877929688,1001.2899780273438,1001.2899780273438,1899,COST,1m
2026-05-07 13:49:00+00:00,1000.8699951171876,1000.8699951171876,999.6500244140624,1000.0,3770,COST,1m
2026-05-07 13:50:00+00:00,999.844970703125,999.9650268554688,999.47998046875,999.47998046875,2699,COST,1m
2026-05-07 13:51:00+00:00,999.5050048828124,1000.0,998.6500244140624,999.0499877929688,3879,COST,1m
2026-05-07 13:52:00+00:00,999.4149780273438,999.4149780273438,997.7000122070312,997.8150024414062,3103,COST,1m
2026-05-07 13:53:00+00:00,997.7999877929688,997.864990234375,997.192626953125,997.864990234375,1256,COST,1m
2026-05-07 13:54:00+00:00,997.010009765625,997.6599731445312,997.010009765625,997.47998046875,2674,COST,1m
2026-05-07 13:55:00+00:00,997.5250244140624,997.5250244140624,996.3800048828124,996.864990234375,2451,COST,1m
2026-05-07 13:56:00+00:00,997.6599731445312,998.5250244140624,996.5499877929688,997.4149780273438,3270,COST,1m
2026-05-07 13:57:00+00:00,996.80322265625,997.5,996.80322265625,997.1199951171876,4579,COST,1m
2026-05-07 13:58:00+00:00,997.1267700195312,999.0,997.1267700195312,999.0,4554,COST,1m
2026-05-07 13:59:00+00:00,999.0800170898438,999.489990234375,998.9299926757812,998.989990234375,4994,COST,1m
2026-05-07 14:00:00+00:00,999.489990234375,999.5,998.4901123046876,999.3800048828124,3124,COST,1m
2026-05-07 14:01:00+00:00,999.0800170898438,999.2600708007812,998.5,999.2600708007812,1310,COST,1m
2026-05-07 14:02:00+00:00,999.030029296875,1000.1799926757812,999.030029296875,999.5700073242188,2485,COST,1m
2026-05-07 14:03:00+00:00,999.6300048828124,1000.030029296875,998.6799926757812,998.6799926757812,2605,COST,1m
2026-05-07 14:04:00+00:00,999.0700073242188,999.5999145507812,998.510009765625,998.8599853515624,2932,COST,1m
2026-05-07 14:05:00+00:00,999.8699951171876,1000.4254760742188,999.8699951171876,1000.3499755859376,881,COST,1m
2026-05-07 14:06:00+00:00,1000.6749877929688,1001.0,999.7501220703124,999.7600708007812,1994,COST,1m
2026-05-07 14:07:00+00:00,1000.2150268554688,1000.2150268554688,999.489990234375,999.489990234375,2226,COST,1m
2026-05-07 14:08:00+00:00,999.4075927734376,999.4600219726562,998.97998046875,999.0999755859376,1668,COST,1m
2026-05-07 14:09:00+00:00,998.7899780273438,999.0599975585938,998.4099731445312,998.6400146484376,2669,COST,1m
2026-05-07 14:10:00+00:00,998.8400268554688,999.719970703125,998.8400268554688,999.280029296875,4260,COST,1m
2026-05-07 14:11:00+00:00,998.739990234375,998.739990234375,998.0999755859376,998.635009765625,1831,COST,1m
2026-05-07 14:12:00+00:00,999.0,999.0,998.5,998.5,1905,COST,1m
2026-05-07 14:13:00+00:00,998.61376953125,999.2100219726562,998.5,999.2100219726562,3929,COST,1m
2026-05-07 14:14:00+00:00,999.2750244140624,999.2750244140624,999.239990234375,999.239990234375,529,COST,1m
2026-05-07 14:15:00+00:00,999.2949829101562,999.2949829101562,997.1599731445312,997.52001953125,8736,COST,1m
2026-05-07 14:16:00+00:00,997.52001953125,997.89501953125,997.3200073242188,997.8400268554688,6906,COST,1m
2026-05-07 14:17:00+00:00,997.8250122070312,997.8250122070312,996.1510009765624,996.8900146484376,14977,COST,1m
2026-05-07 14:18:00+00:00,997.235107421875,997.6199951171876,995.25,997.4099731445312,12656,COST,1m
2026-05-07 14:19:00+00:00,996.9199829101562,997.6199951171876,993.9000244140624,993.9000244140624,6383,COST,1m
2026-05-07 14:20:00+00:00,994.8049926757812,994.8049926757812,992.625,992.9650268554688,4845,COST,1m
2026-05-07 14:21:00+00:00,992.7249755859376,993.0,992.5,992.760009765625,1946,COST,1m
2026-05-07 14:22:00+00:00,992.5449829101562,992.5449829101562,991.010009765625,992.030029296875,5267,COST,1m
2026-05-07 14:23:00+00:00,991.5850219726562,992.4298706054688,991.2592163085938,992.4298706054688,3236,COST,1m
2026-05-07 14:24:00+00:00,992.4299926757812,993.0198974609376,991.97998046875,992.5009765625,1914,COST,1m
2026-05-07 14:25:00+00:00,992.5,992.7550048828124,992.1099853515624,992.1099853515624,2995,COST,1m
2026-05-07 14:26:00+00:00,992.2349853515624,992.6400146484376,992.0999755859376,992.461181640625,1708,COST,1m
2026-05-07 14:27:00+00:00,992.3499755859376,992.7000122070312,992.0,992.2449951171876,2677,COST,1m
2026-05-07 14:28:00+00:00,992.2449951171876,993.0999755859376,991.8800048828124,993.0449829101562,3056,COST,1m
2026-05-07 14:29:00+00:00,993.0449829101562,993.3399047851562,992.2000122070312,992.5800170898438,3996,COST,1m
2026-05-07 14:30:00+00:00,992.9000244140624,993.2999877929688,992.5,993.2000122070312,3410,COST,1m
2026-05-07 14:31:00+00:00,993.1898803710938,993.1898803710938,993.1898803710938,993.1898803710938,323,COST,1m
2026-05-07 14:32:00+00:00,992.969970703125,992.969970703125,992.4500122070312,992.5900268554688,2295,COST,1m
2026-05-07 14:33:00+00:00,992.8699951171876,993.030029296875,992.52001953125,993.030029296875,1718,COST,1m
2026-05-07 14:34:00+00:00,993.4299926757812,994.5,993.2849731445312,993.8800048828124,6297,COST,1m
2026-05-07 14:35:00+00:00,994.1013793945312,994.1013793945312,993.864990234375,993.864990234375,301,COST,1m
2026-05-07 14:36:00+00:00,993.47998046875,994.239990234375,993.47998046875,994.1749877929688,2317,COST,1m
2026-05-07 14:37:00+00:00,993.9600219726562,994.489990234375,993.77001953125,993.77001953125,3384,COST,1m
2026-05-07 14:38:00+00:00,993.7999877929688,995.0349731445312,993.7999877929688,994.5800170898438,4759,COST,1m
2026-05-07 14:39:00+00:00,994.5850219726562,994.5850219726562,993.8350219726562,993.8350219726562,2139,COST,1m
2026-05-07 14:40:00+00:00,993.5,993.9000244140624,993.5,993.5042724609376,2835,COST,1m
2026-05-07 14:41:00+00:00,993.97998046875,994.489990234375,993.97998046875,994.489990234375,2358,COST,1m
2026-05-07 14:42:00+00:00,994.594970703125,994.594970703125,994.594970703125,994.594970703125,684,COST,1m
2026-05-07 14:43:00+00:00,994.594970703125,994.7899780273438,994.5850219726562,994.75,1169,COST,1m
2026-05-07 14:44:00+00:00,994.52001953125,995.010009765625,994.52001953125,995.010009765625,3433,COST,1m
2026-05-07 14:45:00+00:00,994.72998046875,994.72998046875,994.5,994.5,1442,COST,1m
2026-05-07 14:46:00+00:00,994.8099975585938,995.3800048828124,994.739990234375,995.14501953125,2666,COST,1m
2026-05-07 14:47:00+00:00,995.5399780273438,995.5599975585938,995.5399780273438,995.5599975585938,624,COST,1m
2026-05-07 14:48:00+00:00,995.8800048828124,996.3850708007812,995.7750244140624,996.3850708007812,2521,COST,1m
2026-05-07 14:49:00+00:00,996.1199951171876,996.4400024414062,996.0399780273438,996.4400024414062,1299,COST,1m
2026-05-07 14:50:00+00:00,996.6298828125,996.97998046875,996.1649780273438,996.22998046875,2289,COST,1m
2026-05-07 14:51:00+00:00,996.1799926757812,996.1799926757812,996.1799926757812,996.1799926757812,1339,COST,1m
2026-05-07 14:52:00+00:00,996.0650024414062,996.6599731445312,996.02001953125,996.52001953125,2495,COST,1m
2026-05-07 14:53:00+00:00,996.8699951171876,996.8699951171876,996.2816162109376,996.4749755859376,1161,COST,1m
2026-05-07 14:54:00+00:00,996.4749755859376,996.7899780273438,996.469970703125,996.77001953125,1408,COST,1m
2026-05-07 14:55:00+00:00,996.2750244140624,996.4099731445312,995.6900024414062,996.0700073242188,2161,COST,1m
2026-05-07 14:56:00+00:00,995.6849975585938,995.6900024414062,995.4600219726562,995.6900024414062,1417,COST,1m
2026-05-07 14:57:00+00:00,995.869873046875,996.0800170898438,995.869873046875,995.9199829101562,665,COST,1m
2026-05-07 14:58:00+00:00,995.8350219726562,996.219970703125,995.752685546875,995.97998046875,1342,COST,1m
2026-05-07 14:59:00+00:00,995.8800048828124,997.489990234375,995.8800048828124,997.489990234375,6913,COST,1m
2026-05-07 15:00:00+00:00,997.5449829101562,998.0,997.4450073242188,997.4650268554688,4761,COST,1m
2026-05-07 15:01:00+00:00,997.8800048828124,998.3699951171876,997.8800048828124,998.2849731445312,1121,COST,1m
2026-05-07 15:02:00+00:00,998.3300170898438,998.3300170898438,997.580078125,997.9400024414062,13740,COST,1m
2026-05-07 15:03:00+00:00,997.6599731445312,998.3599853515624,997.6500244140624,998.3599853515624,1871,COST,1m
2026-05-07 15:04:00+00:00,998.239990234375,998.5499877929688,998.239990234375,998.5499877929688,1244,COST,1m
2026-05-07 15:05:00+00:00,998.5499877929688,998.7349853515624,997.6400146484376,998.3699951171876,2281,COST,1m
2026-05-07 15:06:00+00:00,998.47998046875,998.5,998.005615234375,998.005615234375,705,COST,1m
2026-05-07 15:07:00+00:00,998.5,998.5,998.0250244140624,998.0250244140624,1337,COST,1m
2026-05-07 15:08:00+00:00,997.3400268554688,997.3400268554688,996.8900146484376,996.9000244140624,1450,COST,1m
2026-05-07 15:09:00+00:00,996.5700073242188,996.5700073242188,995.9949951171876,995.9949951171876,1075,COST,1m
2026-05-07 15:10:00+00:00,995.9619750976562,995.9619750976562,995.9619750976562,995.9619750976562,109,COST,1m
2026-05-07 15:11:00+00:00,996.7100219726562,997.2199096679688,996.5499877929688,996.8099975585938,1387,COST,1m
2026-05-07 15:12:00+00:00,996.8900146484376,997.22998046875,996.8900146484376,997.1799926757812,1480,COST,1m
2026-05-07 15:13:00+00:00,997.3699951171876,997.8400268554688,997.0499877929688,997.0499877929688,3746,COST,1m
2026-05-07 15:14:00+00:00,997.5955810546876,997.5955810546876,997.5955810546876,997.5955810546876,837,COST,1m
2026-05-07 15:15:00+00:00,997.1199951171876,997.1199951171876,996.9550170898438,996.9550170898438,949,COST,1m
2026-05-07 15:16:00+00:00,996.97998046875,997.4000244140624,996.5673217773438,997.3599853515624,1021,COST,1m
2026-05-07 15:17:00+00:00,996.9400024414062,997.0,996.6600952148438,996.6600952148438,1190,COST,1m
2026-05-07 15:18:00+00:00,997.3900146484376,997.3900146484376,996.8699951171876,996.9299926757812,692,COST,1m
2026-05-07 15:19:00+00:00,996.8599853515624,997.0800170898438,996.739990234375,996.9525146484376,1070,COST,1m
2026-05-07 15:20:00+00:00,996.905029296875,996.905029296875,996.4500122070312,996.530029296875,992,COST,1m
2026-05-07 15:21:00+00:00,996.4400024414062,996.8300170898438,996.4400024414062,996.8300170898438,1057,COST,1m
2026-05-07 15:22:00+00:00,997.1900024414062,997.3800048828124,997.1099853515624,997.280029296875,1051,COST,1m
2026-05-07 15:23:00+00:00,997.0195922851562,997.3599853515624,996.47998046875,996.47998046875,1343,COST,1m
2026-05-07 15:24:00+00:00,997.0150146484376,997.0150146484376,996.0,996.27001953125,1561,COST,1m
2026-05-07 15:25:00+00:00,996.0800170898438,996.0850219726562,995.2404174804688,995.2404174804688,5105,COST,1m
2026-05-07 15:26:00+00:00,995.2000122070312,995.8400268554688,995.1500244140624,995.8400268554688,2361,COST,1m
2026-05-07 15:27:00+00:00,996.530029296875,996.5499877929688,996.530029296875,996.5499877929688,423,COST,1m
2026-05-07 15:28:00+00:00,996.1649780273438,996.5499877929688,995.9949951171876,996.5499877929688,530,COST,1m
2026-05-07 15:29:00+00:00,996.5,996.635009765625,996.3300170898438,996.635009765625,1208,COST,1m
2026-05-07 15:30:00+00:00,996.9400024414062,997.219970703125,996.4299926757812,997.219970703125,1435,COST,1m
2026-05-07 15:31:00+00:00,997.219970703125,997.219970703125,997.219970703125,997.219970703125,598,COST,1m
2026-05-07 15:32:00+00:00,996.47998046875,996.6849975585938,996.469970703125,996.6799926757812,934,COST,1m
2026-05-07 15:33:00+00:00,996.8300170898438,996.8300170898438,996.1599731445312,996.4000244140624,1416,COST,1m
2026-05-07 15:34:00+00:00,996.4600219726562,996.6500244140624,996.2968139648438,996.6500244140624,1481,COST,1m
2026-05-07 15:35:00+00:00,996.3200073242188,996.3200073242188,995.6199951171876,995.9000244140624,900,COST,1m
2026-05-07 15:36:00+00:00,995.7000122070312,995.7000122070312,995.5599975585938,995.5599975585938,814,COST,1m
2026-05-07 15:37:00+00:00,995.7999877929688,995.9650268554688,995.4450073242188,995.4450073242188,2095,COST,1m
2026-05-07 15:38:00+00:00,995.4450073242188,995.75,995.4450073242188,995.75,509,COST,1m
2026-05-07 15:39:00+00:00,995.3674926757812,995.3674926757812,995.0,995.2999877929688,2016,COST,1m
2026-05-07 15:40:00+00:00,995.3900146484376,995.5465698242188,995.25,995.5465698242188,888,COST,1m
2026-05-07 15:41:00+00:00,995.7000122070312,995.8499755859376,995.7000122070312,995.8499755859376,964,COST,1m
2026-05-07 15:42:00+00:00,995.8400268554688,995.8400268554688,995.1799926757812,995.3499755859376,1232,COST,1m
2026-05-07 15:43:00+00:00,995.5750122070312,995.5750122070312,995.1799926757812,995.3800048828124,1144,COST,1m
2026-05-07 15:44:00+00:00,995.0700073242188,995.0900268554688,994.969970703125,995.0599975585938,1644,COST,1m
2026-05-07 15:45:00+00:00,995.02001953125,995.02001953125,994.760009765625,994.7949829101562,1225,COST,1m
2026-05-07 15:46:00+00:00,994.8699951171876,994.8699951171876,994.7000122070312,994.7000122070312,715,COST,1m
2026-05-07 15:47:00+00:00,994.8599853515624,995.6699829101562,994.8599853515624,994.9000244140624,1483,COST,1m
2026-05-07 15:48:00+00:00,995.280029296875,995.6749877929688,995.280029296875,995.6749877929688,1629,COST,1m
2026-05-07 15:49:00+00:00,994.760009765625,994.760009765625,994.4500122070312,994.5499877929688,988,COST,1m
2026-05-07 15:50:00+00:00,994.5499877929688,994.77001953125,994.5499877929688,994.6799926757812,1262,COST,1m
2026-05-07 15:51:00+00:00,994.9099731445312,994.97998046875,994.6849975585938,994.6849975585938,2146,COST,1m
2026-05-07 15:52:00+00:00,994.8900146484376,995.8300170898438,994.8900146484376,995.8300170898438,2807,COST,1m
2026-05-07 15:53:00+00:00,996.1900024414062,996.3400268554688,996.1749877929688,996.3400268554688,1293,COST,1m
2026-05-07 15:54:00+00:00,996.1599731445312,996.1599731445312,995.5499877929688,995.5499877929688,1030,COST,1m
2026-05-07 15:55:00+00:00,995.7899780273438,996.1400146484376,995.614990234375,995.8300170898438,1966,COST,1m
2026-05-07 15:56:00+00:00,996.3699951171876,997.4199829101562,996.3699951171876,996.9000244140624,2746,COST,1m
2026-05-07 15:57:00+00:00,997.4000244140624,997.4199829101562,996.8250122070312,996.8250122070312,1728,COST,1m
2026-05-07 15:58:00+00:00,997.27001953125,997.594970703125,997.27001953125,997.3734741210938,1217,COST,1m
2026-05-07 15:59:00+00:00,998.0,998.7899780273438,997.6900024414062,998.6400146484376,3623,COST,1m
2026-05-07 16:00:00+00:00,998.2249755859376,998.7000122070312,997.3099975585938,997.3099975585938,2314,COST,1m
2026-05-07 16:01:00+00:00,997.3499755859376,997.3499755859376,997.219970703125,997.219970703125,638,COST,1m
2026-05-07 16:02:00+00:00,997.239990234375,997.239990234375,996.9650268554688,996.9650268554688,634,COST,1m
2026-05-07 16:03:00+00:00,996.9650268554688,997.2100219726562,996.8099975585938,997.1900024414062,2057,COST,1m
2026-05-07 16:04:00+00:00,996.97998046875,997.1699829101562,996.780029296875,996.9450073242188,1232,COST,1m
2026-05-07 16:05:00+00:00,997.280029296875,998.469970703125,997.280029296875,998.2449951171876,1851,COST,1m
2026-05-07 16:06:00+00:00,998.2000122070312,999.0999755859376,997.989990234375,998.9299926757812,8218,COST,1m
2026-05-07 16:07:00+00:00,999.0700073242188,999.8300170898438,998.8300170898438,999.6199951171876,2609,COST,1m
2026-05-07 16:08:00+00:00,999.75,999.75,998.75,999.0,1999,COST,1m
2026-05-07 16:09:00+00:00,999.0900268554688,999.0999755859376,998.3200073242188,998.4500122070312,2917,COST,1m
2026-05-07 16:10:00+00:00,998.3200073242188,998.3200073242188,998.0650024414062,998.0650024414062,593,COST,1m
2026-05-07 16:11:00+00:00,998.6199951171876,999.5499877929688,998.6199951171876,999.489990234375,1080,COST,1m
2026-05-07 16:12:00+00:00,999.7100219726562,1000.1199951171876,999.4450073242188,1000.0700073242188,3571,COST,1m
2026-05-07 16:13:00+00:00,999.5800170898438,999.5800170898438,999.5800170898438,999.5800170898438,447,COST,1m
2026-05-07 16:14:00+00:00,999.27001953125,999.27001953125,999.1500244140624,999.2050170898438,1296,COST,1m
2026-05-07 16:15:00+00:00,999.2999877929688,1000.760009765625,999.2999877929688,1000.530029296875,3658,COST,1m
2026-05-07 16:16:00+00:00,1000.5449829101562,1001.8300170898438,1000.2550048828124,1001.344970703125,10452,COST,1m
2026-05-07 16:17:00+00:00,1001.2150268554688,1001.2150268554688,999.739990234375,999.739990234375,1988,COST,1m
2026-05-07 16:18:00+00:00,999.739990234375,1001.139892578125,999.739990234375,1001.139892578125,4969,COST,1m
2026-05-07 16:19:00+00:00,1000.3400268554688,1001.0700073242188,999.60009765625,1001.0700073242188,2071,COST,1m
2026-05-07 16:20:00+00:00,1001.4600219726562,1001.530029296875,1000.6099853515624,1001.530029296875,1643,COST,1m
2026-05-07 16:21:00+00:00,1001.260009765625,1002.0,1001.25,1001.7150268554688,3647,COST,1m
2026-05-07 16:22:00+00:00,1001.9039916992188,1001.9039916992188,1000.6799926757812,1000.6799926757812,2302,COST,1m
2026-05-07 16:23:00+00:00,1000.5499877929688,1000.6849975585938,1000.22998046875,1000.2401123046876,811,COST,1m
2026-05-07 16:24:00+00:00,1000.2600708007812,1001.364990234375,1000.1500244140624,1000.1500244140624,2855,COST,1m
2026-05-07 16:25:00+00:00,1000.3599853515624,1000.3599853515624,1000.3599853515624,1000.3599853515624,265,COST,1m
2026-05-07 16:26:00+00:00,1000.0999755859376,1000.0999755859376,1000.094970703125,1000.094970703125,706,COST,1m
2026-05-07 16:27:00+00:00,1000.0599975585938,1000.0599975585938,999.39501953125,999.39501953125,3108,COST,1m
2026-05-07 16:28:00+00:00,999.3920288085938,999.6699829101562,999.260009765625,999.6500244140624,2311,COST,1m
2026-05-07 16:29:00+00:00,999.375,999.780029296875,999.375,999.780029296875,805,COST,1m
2026-05-07 16:30:00+00:00,999.47998046875,999.8099975585938,999.4749755859376,999.52001953125,1687,COST,1m
2026-05-07 16:31:00+00:00,999.072509765625,999.3699951171876,999.0499877929688,999.35498046875,947,COST,1m
2026-05-07 16:32:00+00:00,998.8201293945312,999.6099853515624,998.8201293945312,999.5800170898438,967,COST,1m
2026-05-07 16:33:00+00:00,999.5800170898438,999.9298706054688,999.2750244140624,999.2750244140624,1901,COST,1m
2026-05-07 16:34:00+00:00,999.47998046875,999.5,999.128173828125,999.4299926757812,1791,COST,1m
2026-05-07 16:35:00+00:00,999.8800048828124,1000.0900268554688,999.8800048828124,1000.0900268554688,788,COST,1m
2026-05-07 16:36:00+00:00,1000.1699829101562,1000.739990234375,1000.02001953125,1000.739990234375,2742,COST,1m
2026-05-07 16:37:00+00:00,1000.7899780273438,1000.8150024414062,1000.6500244140624,1000.7449951171876,1292,COST,1m
2026-05-07 16:38:00+00:00,1000.7449951171876,1001.77001953125,1000.7449951171876,1001.77001953125,1399,COST,1m
2026-05-07 16:39:00+00:00,1001.7550048828124,1002.1799926757812,1001.7550048828124,1002.1799926757812,2134,COST,1m
2026-05-07 16:40:00+00:00,1001.9500122070312,1001.9998779296876,1001.2100219726562,1001.2100219726562,3439,COST,1m
2026-05-07 16:41:00+00:00,1001.3900146484376,1001.8499755859376,1001.1500244140624,1001.1500244140624,2321,COST,1m
2026-05-07 16:42:00+00:00,1001.5,1001.5,1001.0001220703124,1001.0001220703124,621,COST,1m
2026-05-07 16:43:00+00:00,1001.2501220703124,1001.6900024414062,1000.9500122070312,1001.4349975585938,1559,COST,1m
2026-05-07 16:44:00+00:00,1001.7698974609376,1002.0,1001.1799926757812,1001.1799926757812,1436,COST,1m
2026-05-07 16:45:00+00:00,1000.97998046875,1001.4849853515624,1000.97998046875,1001.4849853515624,1193,COST,1m
2026-05-07 16:47:00+00:00,1001.489990234375,1002.0,1001.4249877929688,1002.0,2222,COST,1m
2026-05-07 16:48:00+00:00,1001.90771484375,1002.1300048828124,1001.7213745117188,1002.1300048828124,2930,COST,1m
2026-05-07 16:49:00+00:00,1002.0399780273438,1002.52001953125,1001.880126953125,1002.27001953125,3239,COST,1m
2026-05-07 16:50:00+00:00,1002.0164184570312,1002.3350219726562,1002.0164184570312,1002.3350219726562,2380,COST,1m
2026-05-07 16:51:00+00:00,1002.6400146484376,1003.25,1002.1400146484376,1003.239990234375,4426,COST,1m
2026-05-07 16:52:00+00:00,1002.9682006835938,1003.4400024414062,1002.9400024414062,1003.030029296875,2904,COST,1m
2026-05-07 16:53:00+00:00,1003.2100219726562,1003.2150268554688,1002.530029296875,1002.9735717773438,1762,COST,1m
2026-05-07 16:54:00+00:00,1002.5650024414062,1002.5650024414062,1001.8300170898438,1002.0499877929688,1232,COST,1m
2026-05-07 16:55:00+00:00,1002.0499877929688,1002.0700073242188,1001.8200073242188,1002.0599975585938,1818,COST,1m
2026-05-07 16:56:00+00:00,1002.3099975585938,1002.8150024414062,1002.3099975585938,1002.8150024414062,1326,COST,1m
2026-05-07 16:57:00+00:00,1002.8350219726562,1003.030029296875,1002.7949829101562,1002.9600219726562,2710,COST,1m
2026-05-07 16:58:00+00:00,1002.4099731445312,1002.4099731445312,1002.1900024414062,1002.1900024414062,927,COST,1m
2026-05-07 16:59:00+00:00,1002.5150146484376,1002.5150146484376,1001.7550048828124,1001.7550048828124,1775,COST,1m
2026-05-07 17:00:00+00:00,1001.969970703125,1001.9749755859376,1001.969970703125,1001.9749755859376,710,COST,1m
2026-05-07 17:01:00+00:00,1001.6950073242188,1002.1810302734376,1001.1900024414062,1001.6300048828124,920,COST,1m
2026-05-07 17:02:00+00:00,1001.6199951171876,1001.6199951171876,1001.22998046875,1001.22998046875,1539,COST,1m
2026-05-07 17:03:00+00:00,1001.010009765625,1001.7949829101562,1001.010009765625,1001.7949829101562,2153,COST,1m
2026-05-07 17:04:00+00:00,1001.8115234375,1002.1699829101562,1001.8115234375,1002.125,1197,COST,1m
2026-05-07 17:05:00+00:00,1002.0,1002.0,1001.9000244140624,1001.9000244140624,733,COST,1m
2026-05-07 17:06:00+00:00,1002.0650024414062,1002.25,1001.9100952148438,1002.0100708007812,1438,COST,1m
2026-05-07 17:07:00+00:00,1002.310302734375,1002.310302734375,1002.110107421875,1002.110107421875,782,COST,1m
2026-05-07 17:08:00+00:00,1002.6900024414062,1002.6900024414062,1002.3900756835938,1002.6599731445312,1811,COST,1m
2026-05-07 17:09:00+00:00,1002.780029296875,1003.6199951171876,1002.780029296875,1003.5,5808,COST,1m
2026-05-07 17:10:00+00:00,1003.4199829101562,1004.5499877929688,1003.4199829101562,1004.5499877929688,5315,COST,1m
2026-05-07 17:11:00+00:00,1004.8200073242188,1005.0999755859376,1004.739990234375,1004.739990234375,12604,COST,1m
2026-05-07 17:12:00+00:00,1004.72998046875,1005.2000122070312,1004.5700073242188,1005.1950073242188,4153,COST,1m
2026-05-07 17:13:00+00:00,1005.326416015625,1005.326416015625,1004.7100219726562,1004.7100219726562,1166,COST,1m
2026-05-07 17:14:00+00:00,1004.8873291015624,1005.260009765625,1004.5800170898438,1004.9199829101562,1690,COST,1m
2026-05-07 17:15:00+00:00,1005.1900024414062,1005.510009765625,1004.92578125,1004.92578125,2905,COST,1m
2026-05-07 17:16:00+00:00,1004.9299926757812,1005.2100219726562,1004.89501953125,1005.094970703125,2040,COST,1m
2026-05-07 17:17:00+00:00,1005.0,1005.5700073242188,1005.0,1005.5700073242188,1192,COST,1m
2026-05-07 17:18:00+00:00,1005.4149780273438,1006.0,1005.0549926757812,1005.8699951171876,12045,COST,1m
2026-05-07 17:19:00+00:00,1006.0,1006.0399780273438,1005.2000122070312,1005.2000122070312,2550,COST,1m
2026-05-07 17:20:00+00:00,1005.5599975585938,1005.9099731445312,1005.4199829101562,1005.4199829101562,1607,COST,1m
2026-05-07 17:21:00+00:00,1005.364990234375,1006.1950073242188,1005.364990234375,1006.030029296875,6497,COST,1m
2026-05-07 17:22:00+00:00,1006.489990234375,1006.489990234375,1005.8135986328124,1005.9099731445312,1360,COST,1m
2026-05-07 17:23:00+00:00,1005.6099853515624,1005.6199951171876,1004.8001098632812,1004.8001098632812,2734,COST,1m
2026-05-07 17:24:00+00:00,1005.2000122070312,1005.8300170898438,1005.2000122070312,1005.3200073242188,610,COST,1m
2026-05-07 17:25:00+00:00,1004.8300170898438,1005.9600219726562,1004.6199951171876,1005.6964721679688,4082,COST,1m
2026-05-07 17:26:00+00:00,1004.9700927734376,1005.0599975585938,1004.9700927734376,1005.0599975585938,818,COST,1m
2026-05-07 17:27:00+00:00,1005.4500122070312,1005.530029296875,1005.1901245117188,1005.1901245117188,1327,COST,1m
2026-05-07 17:28:00+00:00,1005.625,1005.625,1004.8883056640624,1005.1900024414062,2087,COST,1m
2026-05-07 17:29:00+00:00,1004.8900146484376,1005.8298950195312,1004.5900268554688,1004.6799926757812,1318,COST,1m
2026-05-07 17:30:00+00:00,1004.780029296875,1005.0399780273438,1004.2100219726562,1005.0399780273438,2180,COST,1m
2026-05-07 17:31:00+00:00,1004.385009765625,1004.385009765625,1003.2100219726562,1003.4299926757812,918,COST,1m
2026-05-07 17:32:00+00:00,1003.4299926757812,1004.3499755859376,1003.3599853515624,1003.3599853515624,3443,COST,1m
2026-05-07 17:33:00+00:00,1003.344970703125,1003.5900268554688,1003.344970703125,1003.3681030273438,1074,COST,1m
2026-05-07 17:34:00+00:00,1003.6400146484376,1003.6400146484376,1003.0599975585938,1003.0599975585938,2103,COST,1m
2026-05-07 17:35:00+00:00,1003.2999877929688,1003.4910278320312,1002.6599731445312,1002.6599731445312,1948,COST,1m
2026-05-07 17:36:00+00:00,1003.1199951171876,1003.1199951171876,1002.1107788085938,1002.1107788085938,1634,COST,1m
2026-05-07 17:37:00+00:00,1002.4000244140624,1002.4000244140624,1002.010009765625,1002.1900024414062,2529,COST,1m
2026-05-07 17:38:00+00:00,1002.2000122070312,1002.2000122070312,1001.6099853515624,1001.9600219726562,2359,COST,1m
2026-05-07 17:39:00+00:00,1001.8400268554688,1002.0,1001.77001953125,1001.9149780273438,1390,COST,1m
2026-05-07 17:40:00+00:00,1001.9450073242188,1002.0330200195312,1001.6500244140624,1002.0330200195312,1245,COST,1m
2026-05-07 17:41:00+00:00,1001.5700073242188,1001.9099731445312,1000.94140625,1001.9099731445312,1468,COST,1m
2026-05-07 17:42:00+00:00,1001.3599853515624,1001.5999755859376,1001.260009765625,1001.5999755859376,542,COST,1m
2026-05-07 17:43:00+00:00,1001.5999755859376,1001.5999755859376,1001.0,1001.0449829101562,2300,COST,1m
2026-05-07 17:44:00+00:00,1001.0,1001.426025390625,1001.0,1001.280029296875,704,COST,1m
2026-05-07 17:45:00+00:00,1001.280029296875,1001.2949829101562,1001.280029296875,1001.2949829101562,542,COST,1m
2026-05-07 17:46:00+00:00,1001.3900146484376,1001.6201171875,1001.3699951171876,1001.6199951171876,1458,COST,1m
2026-05-07 17:47:00+00:00,1001.9400024414062,1001.9400024414062,1001.3599853515624,1001.77001953125,3048,COST,1m
2026-05-07 17:48:00+00:00,1001.8699951171876,1001.8699951171876,1001.6950073242188,1001.77001953125,1772,COST,1m
2026-05-07 17:49:00+00:00,1002.010009765625,1002.0999755859376,1001.9400024414062,1001.9400024414062,805,COST,1m
2026-05-07 17:50:00+00:00,1002.2324829101562,1002.2324829101562,1001.9400024414062,1001.989990234375,814,COST,1m
2026-05-07 17:51:00+00:00,1001.8270874023438,1002.7000122070312,1001.8270874023438,1002.0800170898438,1403,COST,1m
2026-05-07 17:52:00+00:00,1002.0900268554688,1002.7899780273438,1002.0900268554688,1002.7899780273438,729,COST,1m
2026-05-07 17:53:00+00:00,1002.7899780273438,1003.14501953125,1002.7899780273438,1003.14501953125,871,COST,1m
2026-05-07 17:54:00+00:00,1003.14501953125,1003.1450805664062,1003.14501953125,1003.14501953125,1100,COST,1m
2026-05-07 17:55:00+00:00,1003.6699829101562,1003.780029296875,1003.3200073242188,1003.5,1386,COST,1m
2026-05-07 17:56:00+00:00,1003.1199951171876,1004.0,1002.2849731445312,1002.2849731445312,3417,COST,1m
2026-05-07 17:57:00+00:00,1002.0999755859376,1002.0999755859376,1001.7349853515624,1001.8200073242188,1631,COST,1m
2026-05-07 17:58:00+00:00,1001.9249877929688,1001.9249877929688,1001.7650146484376,1001.7650146484376,189,COST,1m
2026-05-07 17:59:00+00:00,1001.77001953125,1002.2449951171876,1001.77001953125,1001.9949951171876,4265,COST,1m
2026-05-07 18:00:00+00:00,1001.6300048828124,1001.719970703125,1001.3900146484376,1001.3900146484376,570,COST,1m
2026-05-07 18:01:00+00:00,1001.7100219726562,1001.7899780273438,1001.3800048828124,1001.7899780273438,1974,COST,1m
2026-05-07 18:02:00+00:00,1001.5250244140624,1001.5250244140624,1001.5250244140624,1001.5250244140624,1216,COST,1m
2026-05-07 18:03:00+00:00,1001.27001953125,1001.27001953125,1001.27001953125,1001.27001953125,305,COST,1m
2026-05-07 18:04:00+00:00,1001.280029296875,1001.5999755859376,1001.280029296875,1001.5999755859376,1454,COST,1m
2026-05-07 18:05:00+00:00,1001.7899780273438,1002.2949829101562,1001.7000122070312,1002.2949829101562,1188,COST,1m
2026-05-07 18:06:00+00:00,1002.2667236328124,1002.2667236328124,1002.2349853515624,1002.2349853515624,490,COST,1m
2026-05-07 18:07:00+00:00,1002.0599975585938,1002.469970703125,1002.0599975585938,1002.3300170898438,4457,COST,1m
2026-05-07 18:08:00+00:00,1002.0399780273438,1002.5700073242188,1002.0399780273438,1002.5499877929688,986,COST,1m
2026-05-07 18:09:00+00:00,1002.8599853515624,1004.0,1002.7800903320312,1004.0,3035,COST,1m
2026-05-07 18:10:00+00:00,1004.0250244140624,1004.0250244140624,1003.510009765625,1004.0250244140624,604,COST,1m
2026-05-07 18:11:00+00:00,1004.5399780273438,1004.5399780273438,1003.97998046875,1004.2849731445312,637,COST,1m
2026-05-07 18:12:00+00:00,1003.989990234375,1004.5899047851562,1003.989990234375,1004.5899047851562,949,COST,1m
2026-05-07 18:13:00+00:00,1004.5,1004.77001953125,1004.3300170898438,1004.3300170898438,1614,COST,1m
2026-05-07 18:14:00+00:00,1004.3400268554688,1005.5700073242188,1004.3400268554688,1005.4749755859376,5710,COST,1m
2026-05-07 18:15:00+00:00,1005.1799926757812,1005.6500244140624,1005.030029296875,1005.4849853515624,3550,COST,1m
2026-05-07 18:16:00+00:00,1005.7025146484376,1005.7025146484376,1004.8099975585938,1004.8099975585938,1490,COST,1m
2026-05-07 18:17:00+00:00,1005.0700073242188,1005.0900268554688,1004.8099975585938,1004.9500122070312,1467,COST,1m
2026-05-07 18:18:00+00:00,1005.0999755859376,1005.0999755859376,1004.760009765625,1004.77001953125,4028,COST,1m
2026-05-07 18:19:00+00:00,1004.6824951171876,1004.760009765625,1004.5499877929688,1004.760009765625,926,COST,1m
2026-05-07 18:20:00+00:00,1004.9600219726562,1006.0750122070312,1004.5499877929688,1006.0750122070312,8700,COST,1m
2026-05-07 18:21:00+00:00,1006.3099975585938,1006.5900268554688,1006.3099975585938,1006.5900268554688,567,COST,1m
2026-05-07 18:22:00+00:00,1006.760009765625,1007.030029296875,1006.7000122070312,1007.030029296875,3024,COST,1m
2026-05-07 18:23:00+00:00,1006.9299926757812,1006.9299926757812,1006.6300048828124,1006.6400756835938,2615,COST,1m
2026-05-07 18:24:00+00:00,1006.6799926757812,1007.2000122070312,1006.6799926757812,1007.2000122070312,2593,COST,1m
2026-05-07 18:25:00+00:00,1007.3599853515624,1007.5499877929688,1007.1400146484376,1007.5499877929688,1997,COST,1m
2026-05-07 18:26:00+00:00,1007.3400268554688,1007.344970703125,1007.3400268554688,1007.344970703125,851,COST,1m
2026-05-07 18:27:00+00:00,1007.530029296875,1008.2999877929688,1007.530029296875,1008.22998046875,3670,COST,1m
2026-05-07 18:28:00+00:00,1007.9600219726562,1008.1998901367188,1007.780029296875,1008.1599731445312,1623,COST,1m
2026-05-07 18:29:00+00:00,1007.989990234375,1008.0700073242188,1007.9000244140624,1008.0700073242188,1499,COST,1m
2026-05-07 18:30:00+00:00,1007.6799926757812,1008.030029296875,1006.6749877929688,1006.6749877929688,2373,COST,1m
2026-05-07 18:31:00+00:00,1007.2299194335938,1007.2299194335938,1006.2000122070312,1006.239990234375,946,COST,1m
2026-05-07 18:32:00+00:00,1006.8499755859376,1006.9450073242188,1006.8499755859376,1006.9450073242188,432,COST,1m
2026-05-07 18:33:00+00:00,1007.0599975585938,1007.739990234375,1007.030029296875,1007.739990234375,1414,COST,1m
2026-05-07 18:34:00+00:00,1007.4600219726562,1007.4600219726562,1007.1699829101562,1007.3599853515624,1185,COST,1m
2026-05-07 18:35:00+00:00,1007.52001953125,1007.72998046875,1007.3200073242188,1007.5499877929688,1978,COST,1m
2026-05-07 18:36:00+00:00,1007.5499877929688,1007.665283203125,1007.3200073242188,1007.665283203125,1616,COST,1m
2026-05-07 18:37:00+00:00,1007.6799926757812,1007.6799926757812,1007.5399780273438,1007.5399780273438,1147,COST,1m
2026-05-07 18:38:00+00:00,1007.5050048828124,1007.6586303710938,1007.0900268554688,1007.0900268554688,2375,COST,1m
2026-05-07 18:39:00+00:00,1006.6099853515624,1006.9299926757812,1006.5700073242188,1006.9299926757812,1549,COST,1m
2026-05-07 18:40:00+00:00,1006.6799926757812,1006.774169921875,1006.6749877929688,1006.6799926757812,681,COST,1m
2026-05-07 18:41:00+00:00,1007.27001953125,1007.27001953125,1006.9600219726562,1007.0,718,COST,1m
2026-05-07 18:42:00+00:00,1007.1300048828124,1007.1300048828124,1006.5701293945312,1006.9199829101562,1693,COST,1m
2026-05-07 18:43:00+00:00,1007.1199951171876,1007.2750244140624,1007.0499877929688,1007.2750244140624,839,COST,1m
2026-05-07 18:44:00+00:00,1007.280029296875,1007.280029296875,1006.719970703125,1006.719970703125,1183,COST,1m
2026-05-07 18:45:00+00:00,1006.8300170898438,1006.864990234375,1006.8300170898438,1006.864990234375,796,COST,1m
2026-05-07 18:46:00+00:00,1007.02001953125,1007.02001953125,1006.6699829101562,1006.7899780273438,1203,COST,1m
2026-05-07 18:47:00+00:00,1006.7949829101562,1006.9998779296876,1006.590087890625,1006.7949829101562,782,COST,1m
2026-05-07 18:48:00+00:00,1006.5900268554688,1007.489990234375,1006.5900268554688,1007.260009765625,3358,COST,1m
2026-05-07 18:49:00+00:00,1007.260009765625,1007.5399780273438,1007.260009765625,1007.5399780273438,1296,COST,1m
2026-05-07 18:50:00+00:00,1007.9199829101562,1007.9199829101562,1007.1099853515624,1007.1199951171876,3050,COST,1m
2026-05-07 18:51:00+00:00,1007.1699829101562,1008.0,1006.719970703125,1007.989990234375,2183,COST,1m
2026-05-07 18:52:00+00:00,1008.0150146484376,1008.1400146484376,1007.9149780273438,1007.989990234375,2449,COST,1m
2026-05-07 18:53:00+00:00,1008.1500244140624,1008.1500244140624,1007.4099731445312,1007.4099731445312,1954,COST,1m
2026-05-07 18:54:00+00:00,1007.4000244140624,1007.8494873046876,1007.4000244140624,1007.5700073242188,1069,COST,1m
2026-05-07 18:55:00+00:00,1007.469970703125,1008.0,1006.630126953125,1006.630126953125,4516,COST,1m
2026-05-07 18:57:00+00:00,1007.1500244140624,1007.1599731445312,1006.6701049804688,1007.1425170898438,2712,COST,1m
2026-05-07 18:58:00+00:00,1006.8400268554688,1007.1099853515624,1006.760009765625,1006.8400268554688,3491,COST,1m
2026-05-07 18:59:00+00:00,1006.760009765625,1007.8499755859376,1006.760009765625,1007.8499755859376,2090,COST,1m
2026-05-07 19:00:00+00:00,1007.6699829101562,1008.010009765625,1007.469970703125,1008.010009765625,4560,COST,1m
2026-05-07 19:01:00+00:00,1007.9299926757812,1007.969970703125,1007.4700927734376,1007.5700073242188,1660,COST,1m
2026-05-07 19:02:00+00:00,1007.6300048828124,1007.77001953125,1007.1995239257812,1007.1995239257812,1420,COST,1m
2026-05-07 19:03:00+00:00,1007.4000244140624,1007.489990234375,1007.3200073242188,1007.489990234375,886,COST,1m
2026-05-07 19:04:00+00:00,1007.6599731445312,1008.0,1007.6599731445312,1008.0,966,COST,1m
2026-05-07 19:05:00+00:00,1008.10498046875,1008.2899780273438,1007.8699951171876,1007.9749755859376,2125,COST,1m
2026-05-07 19:06:00+00:00,1007.5399780273438,1007.7949829101562,1007.5399780273438,1007.6400146484376,1918,COST,1m
2026-05-07 19:07:00+00:00,1007.8300170898438,1008.7100219726562,1007.8300170898438,1008.4650268554688,3337,COST,1m
2026-05-07 19:08:00+00:00,1008.469970703125,1009.0,1008.35302734375,1008.35302734375,3152,COST,1m
2026-05-07 19:09:00+00:00,1008.72998046875,1008.8599853515624,1008.7200927734376,1008.8599853515624,1300,COST,1m
2026-05-07 19:10:00+00:00,1008.719970703125,1008.719970703125,1008.1099853515624,1008.1300048828124,3059,COST,1m
2026-05-07 19:11:00+00:00,1008.1749877929688,1008.1749877929688,1008.0549926757812,1008.1649780273438,601,COST,1m
2026-05-07 19:12:00+00:00,1008.0,1009.0,1008.0,1009.0,6050,COST,1m
2026-05-07 19:13:00+00:00,1008.9749755859376,1009.22998046875,1008.9749755859376,1009.2299194335938,5219,COST,1m
2026-05-07 19:14:00+00:00,1008.7150268554688,1008.875,1008.6400146484376,1008.760009765625,2269,COST,1m
2026-05-07 19:15:00+00:00,1008.510009765625,1008.510009765625,1007.5499877929688,1007.5499877929688,2445,COST,1m
2026-05-07 19:16:00+00:00,1007.1583862304688,1007.6500244140624,1007.0349731445312,1007.1300048828124,3064,COST,1m
2026-05-07 19:17:00+00:00,1007.6500244140624,1007.6500244140624,1006.97998046875,1006.97998046875,2376,COST,1m
2026-05-07 19:18:00+00:00,1006.85498046875,1007.1325073242188,1006.8095703125,1006.8175048828124,1325,COST,1m
2026-05-07 19:19:00+00:00,1006.9749755859376,1007.3900146484376,1006.875,1007.3900146484376,1797,COST,1m
2026-05-07 19:20:00+00:00,1007.469970703125,1007.5800170898438,1007.1868896484376,1007.5800170898438,1995,COST,1m
2026-05-07 19:21:00+00:00,1007.5750122070312,1007.6950073242188,1007.5700073242188,1007.6950073242188,1592,COST,1m
2026-05-07 19:22:00+00:00,1007.6337890625,1007.6950073242188,1007.3300170898438,1007.5650024414062,2140,COST,1m
2026-05-07 19:23:00+00:00,1007.5650024414062,1007.5650024414062,1006.7550048828124,1007.260009765625,2669,COST,1m
2026-05-07 19:24:00+00:00,1007.2000122070312,1007.719970703125,1007.2000122070312,1007.719970703125,1952,COST,1m
2026-05-07 19:25:00+00:00,1007.719970703125,1008.2899780273438,1007.719970703125,1008.2899780273438,2932,COST,1m
2026-05-07 19:26:00+00:00,1008.0800170898438,1008.3200073242188,1007.9450073242188,1007.97998046875,2149,COST,1m
2026-05-07 19:27:00+00:00,1008.02001953125,1008.5050048828124,1008.02001953125,1008.469970703125,1322,COST,1m
2026-05-07 19:28:00+00:00,1008.4650268554688,1008.72998046875,1008.1300048828124,1008.4450073242188,3754,COST,1m
2026-05-07 19:29:00+00:00,1008.4450073242188,1008.760009765625,1008.239990234375,1008.6199951171876,4431,COST,1m
2026-05-07 19:30:00+00:00,1008.0050048828124,1008.4099731445312,1007.9600219726562,1008.0349731445312,1420,COST,1m
2026-05-07 19:31:00+00:00,1008.4000244140624,1008.510009765625,1008.1199951171876,1008.510009765625,1816,COST,1m
2026-05-07 19:32:00+00:00,1008.5800170898438,1008.7999877929688,1008.135009765625,1008.5650024414062,4547,COST,1m
2026-05-07 19:33:00+00:00,1008.280029296875,1008.7000122070312,1008.280029296875,1008.4299926757812,1746,COST,1m
2026-05-07 19:34:00+00:00,1008.2100219726562,1008.4249877929688,1007.5800170898438,1007.8200073242188,4713,COST,1m
2026-05-07 19:35:00+00:00,1007.6300048828124,1008.4124755859376,1007.130126953125,1008.0499877929688,3204,COST,1m
2026-05-07 19:36:00+00:00,1008.25,1009.5,1008.22998046875,1009.4000244140624,6597,COST,1m
2026-05-07 19:37:00+00:00,1009.489990234375,1009.489990234375,1008.864013671875,1008.9650268554688,5595,COST,1m
2026-05-07 19:38:00+00:00,1008.9299926757812,1008.9299926757812,1008.3499755859376,1008.8499755859376,3592,COST,1m
2026-05-07 19:39:00+00:00,1008.719970703125,1009.6400146484376,1008.7100219726562,1008.9500122070312,2515,COST,1m
2026-05-07 19:40:00+00:00,1008.9500122070312,1009.1749877929688,1008.1599731445312,1008.3499755859376,3854,COST,1m
2026-05-07 19:41:00+00:00,1008.3499755859376,1008.6500244140624,1008.0499877929688,1008.6500244140624,2129,COST,1m
2026-05-07 19:42:00+00:00,1008.8099975585938,1008.9099731445312,1008.780029296875,1008.9099731445312,1017,COST,1m
2026-05-07 19:43:00+00:00,1008.6500244140624,1009.2349853515624,1008.6400146484376,1008.8499755859376,3782,COST,1m
2026-05-07 19:44:00+00:00,1009.094970703125,1009.3099975585938,1009.0900268554688,1009.2999877929688,6223,COST,1m
2026-05-07 19:45:00+00:00,1009.0900268554688,1009.1699829101562,1008.3699951171876,1008.83251953125,2699,COST,1m
2026-05-07 19:46:00+00:00,1008.5599975585938,1008.5599975585938,1007.9600219726562,1008.2550048828124,3648,COST,1m
2026-05-07 19:47:00+00:00,1008.0,1008.2100219726562,1007.9600219726562,1008.2050170898438,2213,COST,1m
2026-05-07 19:48:00+00:00,1007.9500122070312,1008.3499755859376,1007.9500122070312,1008.3250122070312,3933,COST,1m
2026-05-07 19:49:00+00:00,1008.3400268554688,1008.739990234375,1008.2949829101562,1008.7050170898438,4520,COST,1m
2026-05-07 19:50:00+00:00,1008.97998046875,1009.1300048828124,1008.0,1009.010009765625,7099,COST,1m
2026-05-07 19:51:00+00:00,1009.2150268554688,1009.47998046875,1009.0399780273438,1009.1309814453124,2904,COST,1m
2026-05-07 19:52:00+00:00,1009.2650146484376,1009.375,1008.7000122070312,1008.7000122070312,7673,COST,1m
2026-05-07 19:53:00+00:00,1008.7100219726562,1008.8350219726562,1007.340087890625,1007.6400146484376,6200,COST,1m
2026-05-07 19:54:00+00:00,1007.6649780273438,1010.0999755859376,1007.6649780273438,1009.9400024414062,21865,COST,1m
2026-05-07 19:55:00+00:00,1010.75,1011.669921875,1010.0,1011.25,30988,COST,1m
2026-05-07 19:56:00+00:00,1010.969970703125,1011.77001953125,1010.969970703125,1011.64501953125,18208,COST,1m
2026-05-07 19:57:00+00:00,1011.6599731445312,1012.47998046875,1011.1699829101562,1012.114990234375,29471,COST,1m
2026-05-07 19:58:00+00:00,1012.239990234375,1012.6599731445312,1012.239990234375,1012.5599975585938,28321,COST,1m
2026-05-07 19:59:00+00:00,1012.5650024414062,1012.6599731445312,1011.739990234375,1011.989990234375,57014,COST,1m
2026-05-08 13:30:00+00:00,1011.760009765625,1013.9749755859376,1009.9099731445312,1013.4000244140624,30893,COST,1m
2026-05-08 13:31:00+00:00,1013.0650024414062,1013.0650024414062,1011.0700073242188,1012.375,3067,COST,1m
2026-05-08 13:32:00+00:00,1011.5549926757812,1012.5599975585938,1010.9093017578124,1012.5599975585938,1451,COST,1m
2026-05-08 13:33:00+00:00,1012.6300048828124,1014.4099731445312,1012.2235717773438,1012.489990234375,7760,COST,1m
2026-05-08 13:34:00+00:00,1012.1400146484376,1012.4400024414062,1010.6500854492188,1012.1024780273438,7018,COST,1m
2026-05-08 13:35:00+00:00,1013.239990234375,1013.8099975585938,1013.239990234375,1013.3400268554688,2033,COST,1m
2026-05-08 13:36:00+00:00,1012.7359008789062,1013.97998046875,1011.1749877929688,1011.1799926757812,4374,COST,1m
2026-05-08 13:37:00+00:00,1011.6500244140624,1012.7999877929688,1010.9957885742188,1012.7999877929688,5761,COST,1m
2026-05-08 13:38:00+00:00,1013.489990234375,1013.489990234375,1012.0050048828124,1013.489990234375,3400,COST,1m
2026-05-08 13:39:00+00:00,1012.9500122070312,1013.97998046875,1011.530029296875,1011.530029296875,2594,COST,1m
2026-05-08 13:40:00+00:00,1011.5454711914062,1011.8699951171876,1010.989990234375,1011.8699951171876,1621,COST,1m
2026-05-08 13:41:00+00:00,1013.3499755859376,1013.3499755859376,1012.1099853515624,1012.780029296875,1371,COST,1m
2026-05-08 13:42:00+00:00,1011.60498046875,1012.1599731445312,1010.0,1010.1900024414062,3704,COST,1m
2026-05-08 13:43:00+00:00,1010.1849975585938,1010.9000244140624,1009.7200927734376,1009.7459716796876,1713,COST,1m
2026-05-08 13:44:00+00:00,1010.0,1010.0,1008.880126953125,1009.7999877929688,1748,COST,1m
2026-05-08 13:45:00+00:00,1010.3200073242188,1010.7899780273438,1009.5,1010.4400024414062,2228,COST,1m
2026-05-08 13:46:00+00:00,1010.2949829101562,1011.1300048828124,1010.2949829101562,1010.8800048828124,1460,COST,1m
2026-05-08 13:47:00+00:00,1010.489990234375,1010.97998046875,1009.7999877929688,1009.7999877929688,3769,COST,1m
2026-05-08 13:48:00+00:00,1009.260009765625,1009.3099975585938,1008.7000122070312,1009.0,3055,COST,1m
2026-05-08 13:49:00+00:00,1008.885009765625,1009.9000244140624,1008.6699829101562,1009.6599731445312,3348,COST,1m
2026-05-08 13:50:00+00:00,1008.5001220703124,1009.6799926757812,1008.5001220703124,1009.6799926757812,1325,COST,1m
2026-05-08 13:51:00+00:00,1009.5549926757812,1010.9400024414062,1009.5549926757812,1010.5599975585938,1887,COST,1m
2026-05-08 13:52:00+00:00,1010.5599975585938,1010.5599975585938,1009.8099975585938,1010.5399780273438,1214,COST,1m
2026-05-08 13:53:00+00:00,1010.5399780273438,1010.5399780273438,1008.969970703125,1009.5,3094,COST,1m
2026-05-08 13:54:00+00:00,1009.760009765625,1010.1265869140624,1009.6300048828124,1010.1265869140624,884,COST,1m
2026-05-08 13:55:00+00:00,1010.4306030273438,1010.9652709960938,1009.0245971679688,1010.9652709960938,4651,COST,1m
2026-05-08 13:56:00+00:00,1010.344970703125,1010.3499755859376,1010.3145141601562,1010.3145141601562,943,COST,1m
2026-05-08 13:57:00+00:00,1010.219970703125,1010.7100219726562,1009.8800048828124,1010.3499755859376,1956,COST,1m
2026-05-08 13:58:00+00:00,1010.38037109375,1010.38037109375,1009.3699951171876,1009.3699951171876,830,COST,1m
2026-05-08 13:59:00+00:00,1008.5499877929688,1009.3499755859376,1008.5,1008.5,945,COST,1m
2026-05-08 14:00:00+00:00,1009.1799926757812,1009.1900024414062,1008.5,1009.1900024414062,3681,COST,1m
2026-05-08 14:01:00+00:00,1008.89501953125,1009.4199829101562,1008.5501098632812,1008.6400146484376,1676,COST,1m
2026-05-08 14:02:00+00:00,1008.5,1009.489990234375,1008.2899780273438,1009.489990234375,4900,COST,1m
2026-05-08 14:03:00+00:00,1009.489990234375,1009.489990234375,1008.4700927734376,1009.219970703125,1887,COST,1m
2026-05-08 14:04:00+00:00,1008.719970703125,1008.9400024414062,1008.47998046875,1008.5599975585938,2055,COST,1m
2026-05-08 14:05:00+00:00,1008.6900024414062,1008.9500122070312,1008.0,1008.489990234375,2481,COST,1m
2026-05-08 14:06:00+00:00,1008.0599975585938,1008.3800048828124,1007.0,1007.1900024414062,4855,COST,1m
2026-05-08 14:07:00+00:00,1007.3900146484376,1008.1099853515624,1007.1719970703124,1008.0,6940,COST,1m
2026-05-08 14:08:00+00:00,1007.8850708007812,1007.8850708007812,1007.1199951171876,1007.4099731445312,2398,COST,1m
2026-05-08 14:09:00+00:00,1007.239990234375,1007.5399780273438,1007.1199951171876,1007.239990234375,42132,COST,1m
2026-05-08 14:10:00+00:00,1007.3499755859376,1008.489990234375,1007.239990234375,1008.489990234375,7919,COST,1m
2026-05-08 14:11:00+00:00,1008.14501953125,1009.2050170898438,1008.1400146484376,1009.0800170898438,3894,COST,1m
2026-05-08 14:12:00+00:00,1009.5698852539062,1009.5698852539062,1008.9201049804688,1009.2249755859376,3151,COST,1m
2026-05-08 14:13:00+00:00,1009.1171264648438,1009.7249755859376,1008.9199829101562,1009.7100219726562,3387,COST,1m
2026-05-08 14:14:00+00:00,1009.2301025390624,1010.8599243164062,1009.2301025390624,1009.9199829101562,5504,COST,1m
2026-05-08 14:15:00+00:00,1009.4199829101562,1009.4199829101562,1008.72998046875,1009.1998901367188,1373,COST,1m
2026-05-08 14:16:00+00:00,1008.0800170898438,1008.0800170898438,1007.5599975585938,1007.9650268554688,2561,COST,1m
2026-05-08 14:17:00+00:00,1008.3699951171876,1008.8599853515624,1008.156494140625,1008.1849975585938,2424,COST,1m
2026-05-08 14:18:00+00:00,1008.1849975585938,1008.72998046875,1008.1699829101562,1008.72998046875,1867,COST,1m
2026-05-08 14:19:00+00:00,1008.739990234375,1009.4000244140624,1008.6199951171876,1008.6199951171876,2010,COST,1m
2026-05-08 14:20:00+00:00,1008.8350219726562,1009.5999755859376,1008.8150024414062,1009.0341186523438,2763,COST,1m
2026-05-08 14:21:00+00:00,1008.7150268554688,1008.8400268554688,1008.7100219726562,1008.8200073242188,1383,COST,1m
2026-05-08 14:22:00+00:00,1008.75,1008.8400268554688,1008.75,1008.8300170898438,947,COST,1m
2026-05-08 14:23:00+00:00,1008.5700073242188,1009.0,1008.5700073242188,1008.5999755859376,1812,COST,1m
2026-05-08 14:24:00+00:00,1008.969970703125,1009.260009765625,1008.760009765625,1009.260009765625,2082,COST,1m
2026-05-08 14:25:00+00:00,1009.1599731445312,1010.0,1009.1599731445312,1009.5999755859376,4470,COST,1m
2026-05-08 14:26:00+00:00,1009.6699829101562,1010.1500244140624,1009.4500122070312,1009.5150146484376,3188,COST,1m
2026-05-08 14:27:00+00:00,1009.280029296875,1009.52001953125,1009.1799926757812,1009.2750244140624,1294,COST,1m
2026-05-08 14:28:00+00:00,1010.010009765625,1010.5499877929688,1010.010009765625,1010.4000244140624,2894,COST,1m
2026-05-08 14:29:00+00:00,1010.2949829101562,1011.030029296875,1010.0599975585938,1011.030029296875,4140,COST,1m
2026-05-08 14:30:00+00:00,1011.1199951171876,1011.1199951171876,1010.2899780273438,1011.030029296875,1802,COST,1m
2026-05-08 14:31:00+00:00,1010.9000244140624,1010.9000244140624,1009.489990234375,1009.7550048828124,1583,COST,1m
2026-05-08 14:32:00+00:00,1009.5200805664062,1010.0800170898438,1009.5200805664062,1009.6649780273438,1530,COST,1m
2026-05-08 14:33:00+00:00,1009.6649780273438,1010.1799926757812,1009.6649780273438,1009.77001953125,1232,COST,1m
2026-05-08 14:34:00+00:00,1010.1699829101562,1010.5,1009.5,1010.010009765625,2686,COST,1m
2026-05-08 14:35:00+00:00,1010.010009765625,1011.1699829101562,1010.010009765625,1010.989990234375,7420,COST,1m
2026-05-08 14:36:00+00:00,1011.3800048828124,1012.0,1010.8099975585938,1012.0,9173,COST,1m
2026-05-08 14:37:00+00:00,1011.4000244140624,1011.4000244140624,1010.0,1010.905029296875,3003,COST,1m
2026-05-08 14:38:00+00:00,1010.9000244140624,1012.239990234375,1010.52001953125,1012.2230224609376,4573,COST,1m
2026-05-08 14:39:00+00:00,1012.1199951171876,1012.5,1011.780029296875,1012.239990234375,680,COST,1m
2026-05-08 14:40:00+00:00,1012.489990234375,1012.8699951171876,1012.0,1012.5599975585938,6538,COST,1m
2026-05-08 14:41:00+00:00,1012.5700073242188,1013.030029296875,1012.5700073242188,1012.7100219726562,2841,COST,1m
2026-05-08 14:42:00+00:00,1012.7100219726562,1012.7100219726562,1012.7100219726562,1012.7100219726562,694,COST,1m
2026-05-08 14:43:00+00:00,1012.5999755859376,1013.1099853515624,1012.5999755859376,1012.7150268554688,1054,COST,1m
2026-05-08 14:44:00+00:00,1012.7150268554688,1012.989990234375,1012.1199951171876,1012.1699829101562,2670,COST,1m
2026-05-08 14:45:00+00:00,1012.4949951171876,1013.0,1012.1199951171876,1012.7000122070312,4902,COST,1m
2026-05-08 14:46:00+00:00,1012.9400024414062,1013.2999877929688,1012.780029296875,1012.780029296875,5620,COST,1m
2026-05-08 14:47:00+00:00,1012.6699829101562,1012.7698974609376,1012.22998046875,1012.4299926757812,1496,COST,1m
2026-05-08 14:48:00+00:00,1012.4299926757812,1013.280029296875,1012.4299926757812,1012.760009765625,3499,COST,1m
2026-05-08 14:49:00+00:00,1012.8267822265624,1012.8267822265624,1011.1552124023438,1011.1552124023438,1635,COST,1m
2026-05-08 14:50:00+00:00,1011.0601196289062,1011.5800170898438,1011.0599975585938,1011.0599975585938,805,COST,1m
2026-05-08 14:51:00+00:00,1011.3250122070312,1011.719970703125,1011.3250122070312,1011.719970703125,1011,COST,1m
2026-05-08 14:52:00+00:00,1011.9550170898438,1012.219970703125,1011.6400146484376,1011.7349853515624,4851,COST,1m
2026-05-08 14:53:00+00:00,1011.7349853515624,1012.22998046875,1011.7091064453124,1012.1199951171876,2433,COST,1m
2026-05-08 14:54:00+00:00,1012.280029296875,1012.75,1012.114990234375,1012.114990234375,2028,COST,1m
2026-05-08 14:55:00+00:00,1012.0800170898438,1012.9400024414062,1011.9000244140624,1012.010009765625,4749,COST,1m
2026-05-08 14:56:00+00:00,1011.0,1011.0,1010.75,1010.780029296875,1199,COST,1m
2026-05-08 14:57:00+00:00,1010.780029296875,1010.780029296875,1008.5750122070312,1008.5750122070312,3171,COST,1m
2026-05-08 14:58:00+00:00,1008.5750122070312,1009.3599853515624,1008.5750122070312,1008.8200073242188,3679,COST,1m
2026-05-08 14:59:00+00:00,1009.4000244140624,1010.0999755859376,1009.0900268554688,1009.97998046875,2636,COST,1m
2026-05-08 15:00:00+00:00,1009.77001953125,1010.1199951171876,1009.22998046875,1010.1199951171876,6164,COST,1m
2026-05-08 15:01:00+00:00,1009.6199951171876,1009.7249755859376,1009.6199951171876,1009.7249755859376,857,COST,1m
2026-05-08 15:02:00+00:00,1010.1400146484376,1010.8599853515624,1010.1400146484376,1010.75,6354,COST,1m
2026-05-08 15:03:00+00:00,1010.7449951171876,1010.7449951171876,1010.0599975585938,1010.2899780273438,1425,COST,1m
2026-05-08 15:04:00+00:00,1010.2899780273438,1011.469970703125,1010.2899780273438,1011.469970703125,2394,COST,1m
2026-05-08 15:05:00+00:00,1010.5999755859376,1010.6099853515624,1010.5999755859376,1010.6099853515624,888,COST,1m
2026-05-08 15:06:00+00:00,1010.489990234375,1010.489990234375,1010.1099853515624,1010.1599731445312,1519,COST,1m
2026-05-08 15:07:00+00:00,1009.7000122070312,1010.0700073242188,1009.7000122070312,1010.0700073242188,468,COST,1m
2026-05-08 15:08:00+00:00,1010.1599731445312,1010.1599731445312,1009.7550048828124,1009.7550048828124,727,COST,1m
2026-05-08 15:09:00+00:00,1009.7550048828124,1010.0549926757812,1009.510009765625,1010.0499877929688,2198,COST,1m
2026-05-08 15:10:00+00:00,1009.7750244140624,1009.7750244140624,1009.4400024414062,1009.7249755859376,1723,COST,1m
2026-05-08 15:11:00+00:00,1009.3200073242188,1010.030029296875,1009.2100219726562,1010.030029296875,1642,COST,1m
2026-05-08 15:12:00+00:00,1009.5650024414062,1009.6400146484376,1009.1199951171876,1009.6400146484376,400,COST,1m
2026-05-08 15:13:00+00:00,1009.6699829101562,1010.0599975585938,1009.6699829101562,1009.7349853515624,1705,COST,1m
2026-05-08 15:14:00+00:00,1009.7349853515624,1010.6500244140624,1009.719970703125,1010.2650146484376,1896,COST,1m
2026-05-08 15:15:00+00:00,1010.27001953125,1010.6400146484376,1010.239990234375,1010.4500122070312,1565,COST,1m
2026-05-08 15:16:00+00:00,1010.52001953125,1010.9400024414062,1010.2650146484376,1010.9400024414062,1319,COST,1m
2026-05-08 15:17:00+00:00,1010.510009765625,1010.97998046875,1010.510009765625,1010.8499755859376,1629,COST,1m
2026-05-08 15:18:00+00:00,1011.2899780273438,1012.1199951171876,1011.2899780273438,1011.8200073242188,8141,COST,1m
2026-05-08 15:19:00+00:00,1011.8200073242188,1012.3546142578124,1011.6325073242188,1012.0,764,COST,1m
2026-05-08 15:20:00+00:00,1012.0900268554688,1012.0900268554688,1011.8200073242188,1011.9149780273438,1143,COST,1m
2026-05-08 15:21:00+00:00,1011.9099731445312,1012.5449829101562,1011.9099731445312,1012.5399780273438,4399,COST,1m
2026-05-08 15:22:00+00:00,1012.52001953125,1012.7000122070312,1012.260009765625,1012.4500122070312,1796,COST,1m
2026-05-08 15:23:00+00:00,1012.4500122070312,1012.989990234375,1012.4500122070312,1012.9500122070312,3034,COST,1m
2026-05-08 15:24:00+00:00,1013.1500244140624,1014.0,1012.60009765625,1014.0,2372,COST,1m
2026-05-08 15:25:00+00:00,1013.655029296875,1014.2000122070312,1013.655029296875,1013.9199829101562,1795,COST,1m
2026-05-08 15:26:00+00:00,1013.9199829101562,1014.0798950195312,1013.0800170898438,1013.0850219726562,2810,COST,1m
2026-05-08 15:27:00+00:00,1013.0850219726562,1013.6799926757812,1012.8471069335938,1012.8471069335938,4384,COST,1m
2026-05-08 15:28:00+00:00,1013.1599731445312,1013.27001953125,1012.5900268554688,1013.0050048828124,2330,COST,1m
2026-05-08 15:29:00+00:00,1012.7650146484376,1012.9869995117188,1012.1900024414062,1012.2000122070312,1789,COST,1m
2026-05-08 15:30:00+00:00,1012.344970703125,1012.72998046875,1012.344970703125,1012.5700073242188,3700,COST,1m
2026-05-08 15:31:00+00:00,1012.5700073242188,1012.5700073242188,1010.9650268554688,1011.1699829101562,2783,COST,1m
2026-05-08 15:32:00+00:00,1011.0499877929688,1011.669921875,1010.8699951171876,1011.1251220703124,2438,COST,1m
2026-05-08 15:33:00+00:00,1011.125,1012.87451171875,1011.125,1012.6500244140624,3047,COST,1m
2026-05-08 15:34:00+00:00,1012.3300170898438,1012.3300170898438,1011.6400146484376,1011.6400146484376,2370,COST,1m
2026-05-08 15:35:00+00:00,1011.9000244140624,1012.1400146484376,1011.8787231445312,1011.8787231445312,2033,COST,1m
2026-05-08 15:36:00+00:00,1010.9550170898438,1010.9550170898438,1010.280029296875,1010.280029296875,273,COST,1m
2026-05-08 15:37:00+00:00,1010.8900146484376,1011.0900268554688,1010.6799926757812,1011.0900268554688,2032,COST,1m
2026-05-08 15:38:00+00:00,1011.0999755859376,1011.8900146484376,1011.0599975585938,1011.5150146484376,2941,COST,1m
2026-05-08 15:39:00+00:00,1011.5150146484376,1011.9349975585938,1011.4749755859376,1011.86962890625,2847,COST,1m
2026-05-08 15:40:00+00:00,1011.3900146484376,1011.9299926757812,1011.3900146484376,1011.7100219726562,836,COST,1m
2026-05-08 15:41:00+00:00,1011.9500122070312,1012.8060302734376,1011.6799926757812,1012.8060302734376,3506,COST,1m
2026-05-08 15:42:00+00:00,1012.3350219726562,1012.8300170898438,1012.3350219726562,1012.8300170898438,2365,COST,1m
2026-05-08 15:43:00+00:00,1012.5900268554688,1012.72998046875,1012.2100219726562,1012.2100219726562,1659,COST,1m
2026-05-08 15:44:00+00:00,1012.5050048828124,1012.8800048828124,1012.5050048828124,1012.8800048828124,635,COST,1m
2026-05-08 15:45:00+00:00,1012.1699829101562,1012.4550170898438,1011.9149780273438,1012.0549926757812,990,COST,1m
2026-05-08 15:46:00+00:00,1012.0838012695312,1012.0838012695312,1012.030029296875,1012.0549926757812,716,COST,1m
2026-05-08 15:47:00+00:00,1011.6199951171876,1011.989990234375,1011.5999755859376,1011.8250122070312,1976,COST,1m
2026-05-08 15:48:00+00:00,1011.8250122070312,1012.2349853515624,1011.8250122070312,1012.2349853515624,1340,COST,1m
2026-05-08 15:49:00+00:00,1012.0,1012.3250122070312,1011.4500122070312,1012.3250122070312,2116,COST,1m
2026-05-08 15:50:00+00:00,1012.4232788085938,1012.989990234375,1012.4232788085938,1012.594970703125,1616,COST,1m
2026-05-08 15:51:00+00:00,1012.2000122070312,1012.2000122070312,1011.469970703125,1011.469970703125,986,COST,1m
2026-05-08 15:52:00+00:00,1011.9949951171876,1012.5399169921876,1011.7899780273438,1011.9951171875,1179,COST,1m
2026-05-08 15:53:00+00:00,1012.3721923828124,1012.3721923828124,1011.1900024414062,1011.4000244140624,4039,COST,1m
2026-05-08 15:54:00+00:00,1011.4000244140624,1011.6699829101562,1010.89501953125,1011.260009765625,4886,COST,1m
2026-05-08 15:55:00+00:00,1010.89501953125,1011.489990234375,1010.89501953125,1011.344970703125,3692,COST,1m
2026-05-08 15:56:00+00:00,1011.02001953125,1011.14501953125,1010.6099853515624,1011.1400146484376,1203,COST,1m
2026-05-08 15:57:00+00:00,1010.9199829101562,1010.989990234375,1010.3200073242188,1010.989990234375,4468,COST,1m
2026-05-08 15:58:00+00:00,1010.4500122070312,1011.5449829101562,1010.4500122070312,1011.5449829101562,2103,COST,1m
2026-05-08 15:59:00+00:00,1011.5499877929688,1012.4000244140624,1011.5499877929688,1012.4000244140624,1106,COST,1m
2026-05-08 16:00:00+00:00,1012.0900268554688,1012.0900268554688,1011.0900268554688,1011.0900268554688,1612,COST,1m
2026-05-08 16:01:00+00:00,1011.0999755859376,1011.3400268554688,1010.8378295898438,1010.8378295898438,2655,COST,1m
2026-05-08 16:02:00+00:00,1011.094970703125,1011.094970703125,1010.8927001953124,1011.0850219726562,896,COST,1m
2026-05-08 16:03:00+00:00,1011.0850219726562,1011.9400024414062,1011.0280151367188,1011.9400024414062,1330,COST,1m
2026-05-08 16:04:00+00:00,1011.77001953125,1011.9099731445312,1011.77001953125,1011.9099731445312,1149,COST,1m
2026-05-08 16:05:00+00:00,1011.905029296875,1012.0399780273438,1011.6699829101562,1012.0399780273438,1340,COST,1m
2026-05-08 16:06:00+00:00,1011.4000244140624,1011.489990234375,1011.2589721679688,1011.2589721679688,1056,COST,1m
2026-05-08 16:07:00+00:00,1011.489990234375,1012.3800048828124,1011.489990234375,1011.875,2353,COST,1m
2026-05-08 16:08:00+00:00,1012.1024780273438,1012.1024780273438,1011.864990234375,1011.864990234375,656,COST,1m
2026-05-08 16:09:00+00:00,1011.9349975585938,1012.5900268554688,1011.9349975585938,1012.2849731445312,1909,COST,1m
2026-05-08 16:10:00+00:00,1012.5800170898438,1012.969970703125,1012.5800170898438,1012.625,4254,COST,1m
2026-05-08 16:11:00+00:00,1012.6300048828124,1012.9699096679688,1012.403076171875,1012.9255981445312,1458,COST,1m
2026-05-08 16:12:00+00:00,1012.4400024414062,1012.4849853515624,1012.4400024414062,1012.4849853515624,1662,COST,1m
2026-05-08 16:13:00+00:00,1012.4500122070312,1012.4500122070312,1012.4500122070312,1012.4500122070312,697,COST,1m
2026-05-08 16:14:00+00:00,1012.4000244140624,1012.6799926757812,1012.4000244140624,1012.625,1692,COST,1m
2026-05-08 16:15:00+00:00,1012.630126953125,1013.0,1012.5050048828124,1012.75,2253,COST,1m
2026-05-08 16:16:00+00:00,1012.75,1013.0800170898438,1012.5009765625,1012.89501953125,2426,COST,1m
2026-05-08 16:17:00+00:00,1013.1699829101562,1013.2100219726562,1013.1699829101562,1013.2100219726562,1209,COST,1m
2026-05-08 16:18:00+00:00,1013.5996704101562,1014.02001953125,1013.5,1013.760009765625,3587,COST,1m
2026-05-08 16:19:00+00:00,1013.8599853515624,1014.5250244140624,1013.8599853515624,1014.5250244140624,2476,COST,1m
2026-05-08 16:20:00+00:00,1014.719970703125,1014.719970703125,1014.3900146484376,1014.5650024414062,1795,COST,1m
2026-05-08 16:21:00+00:00,1014.3574829101562,1014.5700073242188,1013.4500122070312,1013.4500122070312,4485,COST,1m
2026-05-08 16:22:00+00:00,1013.4500122070312,1013.4500122070312,1012.780029296875,1012.8200073242188,1949,COST,1m
2026-05-08 16:23:00+00:00,1012.7100219726562,1012.719970703125,1012.1400146484376,1012.405029296875,2178,COST,1m
2026-05-08 16:24:00+00:00,1012.4099731445312,1012.5999755859376,1012.4099731445312,1012.5999755859376,427,COST,1m
2026-05-08 16:25:00+00:00,1012.469970703125,1012.614990234375,1011.5,1011.7199096679688,4405,COST,1m
2026-05-08 16:26:00+00:00,1011.47998046875,1011.9600219726562,1011.280029296875,1011.8150024414062,3235,COST,1m
2026-05-08 16:27:00+00:00,1011.75,1012.219970703125,1011.75,1012.0499877929688,1079,COST,1m
2026-05-08 16:28:00+00:00,1012.0499877929688,1012.0499877929688,1011.2999877929688,1011.89501953125,1720,COST,1m
2026-05-08 16:29:00+00:00,1011.3300170898438,1011.6849975585938,1011.0667114257812,1011.2949829101562,1822,COST,1m
2026-05-08 16:30:00+00:00,1011.3150024414062,1011.3175048828124,1011.3150024414062,1011.3175048828124,1117,COST,1m
2026-05-08 16:31:00+00:00,1011.6116943359376,1011.6116943359376,1011.27001953125,1011.3099975585938,1807,COST,1m
2026-05-08 16:32:00+00:00,1011.27001953125,1011.72998046875,1011.1749877929688,1011.5750122070312,2316,COST,1m
2026-05-08 16:33:00+00:00,1011.219970703125,1011.22998046875,1011.0800170898438,1011.22998046875,878,COST,1m
2026-05-08 16:34:00+00:00,1011.469970703125,1011.47998046875,1011.1047973632812,1011.47998046875,840,COST,1m
2026-05-08 16:35:00+00:00,1011.47998046875,1012.6749877929688,1011.4650268554688,1012.385009765625,2088,COST,1m
2026-05-08 16:36:00+00:00,1012.489990234375,1013.1400146484376,1012.2999877929688,1013.1300048828124,2907,COST,1m
2026-05-08 16:37:00+00:00,1012.8599853515624,1013.1099243164062,1012.7650146484376,1013.1099243164062,1089,COST,1m
2026-05-08 16:38:00+00:00,1013.1099853515624,1013.989990234375,1012.989990234375,1013.2366943359376,4759,COST,1m
2026-05-08 16:39:00+00:00,1013.8200073242188,1014.0,1013.64501953125,1013.97998046875,2625,COST,1m
2026-05-08 16:40:00+00:00,1013.7999877929688,1013.9450073242188,1013.6199951171876,1013.6699829101562,1709,COST,1m
2026-05-08 16:41:00+00:00,1014.0800170898438,1014.5,1014.0800170898438,1014.35498046875,2380,COST,1m
2026-05-08 16:42:00+00:00,1014.364990234375,1014.9099731445312,1014.364990234375,1014.8699951171876,1949,COST,1m
2026-05-08 16:43:00+00:00,1014.9099731445312,1015.9149780273438,1014.9099731445312,1015.6699829101562,11030,COST,1m
2026-05-08 16:44:00+00:00,1015.6699829101562,1016.0,1015.510009765625,1015.5150146484376,8118,COST,1m
2026-05-08 16:45:00+00:00,1015.6220092773438,1015.6900024414062,1015.1300048828124,1015.1300048828124,4303,COST,1m
2026-05-08 16:46:00+00:00,1015.5,1015.5,1014.739990234375,1014.739990234375,2616,COST,1m
2026-05-08 16:47:00+00:00,1014.7349853515624,1015.5,1014.594970703125,1015.1649780273438,4679,COST,1m
2026-05-08 16:48:00+00:00,1015.1649780273438,1015.1649780273438,1014.7999877929688,1014.7999877929688,1137,COST,1m
2026-05-08 16:49:00+00:00,1014.6400146484376,1015.6500244140624,1014.6400146484376,1014.9949951171876,2368,COST,1m
2026-05-08 16:50:00+00:00,1014.6400146484376,1014.6699829101562,1014.4249877929688,1014.4299926757812,797,COST,1m
2026-05-08 16:51:00+00:00,1014.7050170898438,1014.969970703125,1014.1699829101562,1014.1699829101562,1771,COST,1m
2026-05-08 16:52:00+00:00,1013.8200073242188,1013.8300170898438,1013.760009765625,1013.7899780273438,1952,COST,1m
2026-05-08 16:53:00+00:00,1013.760009765625,1014.3300170898438,1013.530029296875,1013.5700073242188,3352,COST,1m
2026-05-08 16:54:00+00:00,1013.4099731445312,1013.6199951171876,1013.4000244140624,1013.594970703125,2009,COST,1m
2026-05-08 16:55:00+00:00,1013.1900024414062,1013.4199829101562,1012.989990234375,1013.4199829101562,2371,COST,1m
2026-05-08 16:56:00+00:00,1013.0599975585938,1013.1400146484376,1012.5599975585938,1012.9299926757812,2929,COST,1m
2026-05-08 16:57:00+00:00,1012.7750244140624,1012.7750244140624,1012.77001953125,1012.77001953125,522,COST,1m
2026-05-08 16:58:00+00:00,1012.9600219726562,1013.0499267578124,1012.4650268554688,1012.7100219726562,2550,COST,1m
2026-05-08 16:59:00+00:00,1012.7050170898438,1013.0399780273438,1012.3701171875,1012.969970703125,1383,COST,1m
2026-05-08 17:00:00+00:00,1013.02001953125,1013.219970703125,1012.7050170898438,1013.02001953125,1903,COST,1m
2026-05-08 17:01:00+00:00,1013.0150146484376,1013.1199951171876,1012.9199829101562,1013.0999755859376,1078,COST,1m
2026-05-08 17:02:00+00:00,1012.7899780273438,1012.7899780273438,1012.4000244140624,1012.7100219726562,1553,COST,1m
2026-05-08 17:03:00+00:00,1012.9287109375,1012.9287109375,1012.4199829101562,1012.7449951171876,1876,COST,1m
2026-05-08 17:04:00+00:00,1012.7449951171876,1013.3400268554688,1012.7449951171876,1013.22998046875,2181,COST,1m
2026-05-08 17:05:00+00:00,1013.22998046875,1013.739990234375,1013.22998046875,1013.64501953125,3219,COST,1m
2026-05-08 17:06:00+00:00,1013.64501953125,1013.64501953125,1012.7349853515624,1012.7849731445312,2820,COST,1m
2026-05-08 17:07:00+00:00,1012.7999877929688,1013.2100219726562,1012.7999877929688,1013.0,1361,COST,1m
2026-05-08 17:08:00+00:00,1013.0650024414062,1014.2899780273438,1013.0650024414062,1014.010009765625,2988,COST,1m
2026-05-08 17:09:00+00:00,1014.0150146484376,1014.0150146484376,1012.7000122070312,1012.7000122070312,1827,COST,1m
2026-05-08 17:10:00+00:00,1013.1799926757812,1013.219970703125,1012.5499877929688,1012.75,875,COST,1m
2026-05-08 17:11:00+00:00,1012.7000122070312,1012.9359741210938,1012.7000122070312,1012.8800048828124,1020,COST,1m
2026-05-08 17:12:00+00:00,1012.9450073242188,1012.9724731445312,1012.5999755859376,1012.5999755859376,599,COST,1m
2026-05-08 17:13:00+00:00,1012.7249755859376,1012.7249755859376,1012.5,1012.5,286,COST,1m
2026-05-08 17:14:00+00:00,1012.580322265625,1013.0900268554688,1012.47998046875,1013.0800170898438,1107,COST,1m
2026-05-08 17:15:00+00:00,1012.85498046875,1013.5700073242188,1012.8400268554688,1013.5700073242188,1729,COST,1m
2026-05-08 17:16:00+00:00,1013.4500122070312,1013.77001953125,1013.4500122070312,1013.47998046875,1176,COST,1m
2026-05-08 17:17:00+00:00,1013.375,1013.5999755859376,1013.1759033203124,1013.5999755859376,1650,COST,1m
2026-05-08 17:18:00+00:00,1013.530029296875,1013.530029296875,1013.0,1013.52001953125,2850,COST,1m
2026-05-08 17:19:00+00:00,1013.4099731445312,1013.9199829101562,1013.4099731445312,1013.7550048828124,1116,COST,1m
2026-05-08 17:20:00+00:00,1013.7550048828124,1014.239990234375,1013.7550048828124,1014.2050170898438,1980,COST,1m
2026-05-08 17:21:00+00:00,1014.0549926757812,1014.0800170898438,1012.9349975585938,1012.9409790039062,1543,COST,1m
2026-05-08 17:22:00+00:00,1012.989990234375,1013.0,1012.4400024414062,1012.5900268554688,3354,COST,1m
2026-05-08 17:23:00+00:00,1012.530029296875,1012.623291015625,1011.97998046875,1012.0700073242188,1165,COST,1m
2026-05-08 17:24:00+00:00,1012.2550048828124,1012.2550048828124,1011.989990234375,1012.0050048828124,2867,COST,1m
2026-05-08 17:25:00+00:00,1012.2000122070312,1012.8900146484376,1012.2000122070312,1012.7000122070312,3799,COST,1m
2026-05-08 17:26:00+00:00,1012.4949951171876,1013.27001953125,1012.1901245117188,1013.27001953125,2606,COST,1m
2026-05-08 17:27:00+00:00,1012.8499755859376,1012.8800048828124,1012.7750244140624,1012.8300170898438,714,COST,1m
2026-05-08 17:28:00+00:00,1012.8699951171876,1012.8699951171876,1012.1900024414062,1012.1900024414062,2740,COST,1m
2026-05-08 17:29:00+00:00,1011.969970703125,1011.969970703125,1010.9450073242188,1010.9450073242188,2867,COST,1m
2026-05-08 17:30:00+00:00,1010.9550170898438,1011.0900268554688,1010.9000244140624,1010.9249877929688,2177,COST,1m
2026-05-08 17:31:00+00:00,1010.5100708007812,1011.2999877929688,1010.5100708007812,1010.9849853515624,515,COST,1m
2026-05-08 17:32:00+00:00,1011.260009765625,1011.260009765625,1010.9650268554688,1010.9650268554688,864,COST,1m
2026-05-08 17:33:00+00:00,1011.3300170898438,1011.4400024414062,1010.9876098632812,1011.1599731445312,2345,COST,1m
2026-05-08 17:34:00+00:00,1011.510009765625,1011.510009765625,1010.0,1010.3599853515624,4920,COST,1m
2026-05-08 17:35:00+00:00,1010.8499755859376,1010.9658813476562,1010.1500244140624,1010.6599731445312,1463,COST,1m
2026-05-08 17:36:00+00:00,1010.6649780273438,1011.389892578125,1010.6649780273438,1011.1799926757812,1826,COST,1m
2026-05-08 17:37:00+00:00,1011.1799926757812,1011.489990234375,1011.1799926757812,1011.3300170898438,1392,COST,1m
2026-05-08 17:38:00+00:00,1011.469970703125,1011.510009765625,1011.3300170898438,1011.510009765625,539,COST,1m
2026-05-08 17:39:00+00:00,1011.6900024414062,1011.75,1011.2999877929688,1011.52001953125,1042,COST,1m
2026-05-08 17:40:00+00:00,1011.822509765625,1011.822509765625,1011.2899780273438,1011.2999877929688,1211,COST,1m
2026-05-08 17:41:00+00:00,1011.7999877929688,1011.7999877929688,1011.4550170898438,1011.655029296875,1197,COST,1m
2026-05-08 17:42:00+00:00,1011.3099975585938,1011.5449829101562,1011.2999877929688,1011.5449829101562,550,COST,1m
2026-05-08 17:43:00+00:00,1011.5499877929688,1011.5499877929688,1011.0999755859376,1011.0999755859376,665,COST,1m
2026-05-08 17:44:00+00:00,1011.47998046875,1011.489990234375,1010.969970703125,1010.969970703125,1103,COST,1m
2026-05-08 17:45:00+00:00,1010.7999877929688,1011.239990234375,1010.6500854492188,1011.1300048828124,3863,COST,1m
2026-05-08 17:47:00+00:00,1010.7999877929688,1010.9099731445312,1010.6699829101562,1010.8599853515624,1367,COST,1m
2026-05-08 17:48:00+00:00,1010.8599853515624,1010.8699951171876,1010.77001953125,1010.8699951171876,707,COST,1m
2026-05-08 17:49:00+00:00,1010.8699951171876,1011.0499877929688,1010.8699951171876,1010.8699951171876,1114,COST,1m
2026-05-08 17:50:00+00:00,1011.280029296875,1011.469970703125,1010.7501220703124,1010.7501220703124,519,COST,1m
2026-05-08 17:51:00+00:00,1011.25,1011.72998046875,1011.25,1011.3350219726562,1742,COST,1m
2026-05-08 17:52:00+00:00,1012.219970703125,1012.219970703125,1011.8599853515624,1012.130126953125,834,COST,1m
2026-05-08 17:53:00+00:00,1011.8599853515624,1011.8599853515624,1011.4650268554688,1011.52001953125,1881,COST,1m
2026-05-08 17:54:00+00:00,1011.6270751953124,1011.75,1011.4149780273438,1011.4199829101562,1105,COST,1m
2026-05-08 17:55:00+00:00,1011.6430053710938,1011.8099975585938,1011.4249877929688,1011.6699829101562,1700,COST,1m
2026-05-08 17:56:00+00:00,1011.6699829101562,1011.9299926757812,1011.6699829101562,1011.8049926757812,1392,COST,1m
2026-05-08 17:57:00+00:00,1011.7999877929688,1011.7999877929688,1011.6599731445312,1011.719970703125,678,COST,1m
2026-05-08 17:58:00+00:00,1011.5,1012.0,1011.47998046875,1011.7449951171876,2415,COST,1m
2026-05-08 17:59:00+00:00,1011.5881958007812,1012.0250244140624,1011.5881958007812,1011.7000122070312,1648,COST,1m
2026-05-08 18:00:00+00:00,1011.9199829101562,1011.9199829101562,1010.0,1010.4000244140624,6987,COST,1m
2026-05-08 18:01:00+00:00,1010.2899780273438,1010.7899169921876,1010.2150268554688,1010.7899169921876,1801,COST,1m
2026-05-08 18:02:00+00:00,1010.3699951171876,1010.3699951171876,1010.3699951171876,1010.3699951171876,835,COST,1m
2026-05-08 18:03:00+00:00,1010.753173828125,1010.753173828125,1010.1876220703124,1010.5999755859376,908,COST,1m
2026-05-08 18:04:00+00:00,1010.39501953125,1010.4149780273438,1010.3900146484376,1010.4149780273438,714,COST,1m
2026-05-08 18:05:00+00:00,1010.4249877929688,1010.4249877929688,1010.2899780273438,1010.2899780273438,452,COST,1m
2026-05-08 18:06:00+00:00,1010.0800170898438,1010.1699829101562,1009.9500122070312,1010.0999755859376,1829,COST,1m
2026-05-08 18:07:00+00:00,1010.3900146484376,1010.8699951171876,1010.282470703125,1010.755126953125,2179,COST,1m
2026-05-08 18:08:00+00:00,1011.2595825195312,1011.2595825195312,1010.8300170898438,1010.8300170898438,426,COST,1m
2026-05-08 18:09:00+00:00,1010.8300170898438,1010.8300170898438,1010.7249755859376,1010.7249755859376,540,COST,1m
2026-05-08 18:10:00+00:00,1010.6199951171876,1010.8400268554688,1010.280029296875,1010.7849731445312,596,COST,1m
2026-05-08 18:11:00+00:00,1010.844970703125,1010.85498046875,1010.2999877929688,1010.85498046875,928,COST,1m
2026-05-08 18:12:00+00:00,1010.85498046875,1010.8599853515624,1010.3201293945312,1010.60498046875,1013,COST,1m
2026-05-08 18:13:00+00:00,1010.60498046875,1010.8599853515624,1010.60498046875,1010.8599853515624,1907,COST,1m
2026-05-08 18:14:00+00:00,1010.6199951171876,1011.1453857421876,1010.6199951171876,1010.9299926757812,1112,COST,1m
2026-05-08 18:15:00+00:00,1010.9299926757812,1011.5499877929688,1010.9299926757812,1011.5499877929688,1422,COST,1m
2026-05-08 18:16:00+00:00,1011.4400024414062,1011.5499877929688,1011.4400024414062,1011.5250244140624,568,COST,1m
2026-05-08 18:17:00+00:00,1011.625,1011.625,1011.2918701171876,1011.47998046875,1750,COST,1m
2026-05-08 18:18:00+00:00,1011.3400268554688,1011.3400268554688,1011.3400268554688,1011.3400268554688,801,COST,1m
2026-05-08 18:19:00+00:00,1011.3150024414062,1011.5599975585938,1011.22998046875,1011.3800048828124,1044,COST,1m
2026-05-08 18:20:00+00:00,1011.0800170898438,1011.2000122070312,1010.7990112304688,1010.989990234375,2280,COST,1m
2026-05-08 18:21:00+00:00,1010.989990234375,1011.1900024414062,1010.4299926757812,1010.6300048828124,5938,COST,1m
2026-05-08 18:22:00+00:00,1010.6300048828124,1010.6500244140624,1010.4100952148438,1010.6300048828124,1486,COST,1m
2026-05-08 18:23:00+00:00,1010.635009765625,1010.6400146484376,1010.4299926757812,1010.4299926757812,658,COST,1m
2026-05-08 18:24:00+00:00,1010.6400146484376,1010.6400146484376,1010.27001953125,1010.27001953125,3463,COST,1m
2026-05-08 18:25:00+00:00,1010.2100219726562,1010.3599853515624,1009.02001953125,1009.4299926757812,5697,COST,1m
2026-05-08 18:26:00+00:00,1009.4249877929688,1009.4249877929688,1009.4099731445312,1009.4099731445312,874,COST,1m
2026-05-08 18:27:00+00:00,1009.1199951171876,1009.1199951171876,1007.5750122070312,1007.5750122070312,5778,COST,1m
2026-05-08 18:28:00+00:00,1007.739990234375,1008.0700073242188,1007.5399780273438,1008.0632934570312,4444,COST,1m
2026-05-08 18:29:00+00:00,1007.7249755859376,1008.0499877929688,1007.7150268554688,1007.7899780273438,916,COST,1m
2026-05-08 18:30:00+00:00,1007.7899780273438,1009.0549926757812,1007.7899780273438,1008.864990234375,2644,COST,1m
2026-05-08 18:31:00+00:00,1008.8825073242188,1008.885009765625,1008.5999755859376,1008.8400268554688,1525,COST,1m
2026-05-08 18:32:00+00:00,1008.9000244140624,1008.9249877929688,1008.8250122070312,1008.8250122070312,1093,COST,1m
2026-05-08 18:33:00+00:00,1008.7349853515624,1009.9299926757812,1008.7349853515624,1009.6408081054688,2887,COST,1m
2026-05-08 18:34:00+00:00,1009.9600219726562,1009.989990234375,1009.8599853515624,1009.9099731445312,1842,COST,1m
2026-05-08 18:35:00+00:00,1009.9000244140624,1010.1699829101562,1009.3101196289062,1009.3101196289062,1093,COST,1m
2026-05-08 18:36:00+00:00,1009.7349853515624,1009.739990234375,1009.2899780273438,1009.2899780273438,2233,COST,1m
2026-05-08 18:37:00+00:00,1008.5800170898438,1008.5900268554688,1008.5800170898438,1008.5900268554688,877,COST,1m
2026-05-08 18:38:00+00:00,1008.25,1008.75,1008.2100219726562,1008.52001953125,2693,COST,1m
2026-05-08 18:39:00+00:00,1008.760009765625,1009.4099731445312,1008.47998046875,1009.155029296875,1703,COST,1m
2026-05-08 18:40:00+00:00,1009.155029296875,1009.155029296875,1008.75,1008.9199829101562,3667,COST,1m
2026-05-08 18:41:00+00:00,1008.9199829101562,1009.1900024414062,1008.60498046875,1008.60498046875,1122,COST,1m
2026-05-08 18:42:00+00:00,1008.60498046875,1008.8300170898438,1008.60498046875,1008.8250122070312,1690,COST,1m
2026-05-08 18:43:00+00:00,1008.760009765625,1008.8900146484376,1008.7050170898438,1008.7050170898438,1052,COST,1m
2026-05-08 18:44:00+00:00,1008.7050170898438,1009.27001953125,1008.7050170898438,1009.27001953125,1683,COST,1m
2026-05-08 18:45:00+00:00,1009.0700073242188,1009.2050170898438,1009.0700073242188,1009.2000122070312,1051,COST,1m
2026-05-08 18:46:00+00:00,1009.2000122070312,1009.4099731445312,1009.1400146484376,1009.364990234375,2957,COST,1m
2026-05-08 18:47:00+00:00,1009.0,1009.0,1008.7100219726562,1008.7100219726562,2203,COST,1m
2026-05-08 18:48:00+00:00,1008.7100219726562,1008.72998046875,1008.7100219726562,1008.72998046875,348,COST,1m
2026-05-08 18:49:00+00:00,1008.72998046875,1008.8200073242188,1008.3400268554688,1008.3400268554688,1845,COST,1m
2026-05-08 18:50:00+00:00,1008.5449829101562,1008.5449829101562,1008.0800170898438,1008.0800170898438,3171,COST,1m
2026-05-08 18:51:00+00:00,1008.1500244140624,1008.59228515625,1007.4285888671876,1007.739990234375,4266,COST,1m
2026-05-08 18:52:00+00:00,1007.6950073242188,1007.7999877929688,1007.5120239257812,1007.7100219726562,2991,COST,1m
2026-05-08 18:53:00+00:00,1007.6199951171876,1007.6199951171876,1007.2598266601562,1007.2598266601562,4280,COST,1m
2026-05-08 18:54:00+00:00,1007.2249755859376,1007.469970703125,1006.7650146484376,1007.1199951171876,6915,COST,1m
2026-05-08 18:55:00+00:00,1007.1300048828124,1008.0599975585938,1006.7600708007812,1007.8049926757812,3324,COST,1m
2026-05-08 18:56:00+00:00,1007.7999877929688,1007.97998046875,1007.5499877929688,1007.7675170898438,1097,COST,1m
2026-05-08 18:57:00+00:00,1007.780029296875,1007.9650268554688,1007.655029296875,1007.9650268554688,2884,COST,1m
2026-05-08 18:58:00+00:00,1007.9650268554688,1008.4600219726562,1007.5499877929688,1007.6799926757812,1777,COST,1m
2026-05-08 18:59:00+00:00,1007.2949829101562,1008.6199951171876,1007.2899780273438,1008.4450073242188,2891,COST,1m
2026-05-08 19:00:00+00:00,1008.0349731445312,1008.5062255859376,1007.989990234375,1007.989990234375,2065,COST,1m
2026-05-08 19:01:00+00:00,1007.989990234375,1008.1799926757812,1007.8400268554688,1007.8400268554688,798,COST,1m
2026-05-08 19:02:00+00:00,1007.9849853515624,1008.0399780273438,1007.9849853515624,1008.0399780273438,1220,COST,1m
2026-05-08 19:03:00+00:00,1008.094970703125,1008.094970703125,1007.6599731445312,1007.7899780273438,2560,COST,1m
2026-05-08 19:04:00+00:00,1007.8300170898438,1008.4099731445312,1007.8300170898438,1007.9600219726562,3998,COST,1m
2026-05-08 19:05:00+00:00,1007.9600219726562,1008.5700073242188,1007.6300048828124,1008.0599975585938,2111,COST,1m
2026-05-08 19:06:00+00:00,1008.0650024414062,1008.5449829101562,1007.4249877929688,1008.5449829101562,2771,COST,1m
2026-05-08 19:07:00+00:00,1008.47998046875,1008.5050048828124,1008.1749877929688,1008.1799926757812,1070,COST,1m
2026-05-08 19:08:00+00:00,1007.8099975585938,1008.1400146484376,1006.9099731445312,1007.2000122070312,5430,COST,1m
2026-05-08 19:09:00+00:00,1007.0700073242188,1007.1500244140624,1007.0250244140624,1007.0250244140624,1543,COST,1m
2026-05-08 19:10:00+00:00,1006.9949951171876,1007.3099975585938,1006.9450073242188,1007.2675170898438,2233,COST,1m
2026-05-08 19:11:00+00:00,1007.1500244140624,1007.1500244140624,1006.52001953125,1006.625,2822,COST,1m
2026-05-08 19:12:00+00:00,1006.75,1006.989990234375,1006.2899780273438,1006.2899780273438,3628,COST,1m
2026-05-08 19:13:00+00:00,1006.2150268554688,1006.3599853515624,1006.2150268554688,1006.27001953125,2421,COST,1m
2026-05-08 19:14:00+00:00,1006.3800048828124,1006.6500244140624,1006.375,1006.6099853515624,1898,COST,1m
2026-05-08 19:15:00+00:00,1006.6799926757812,1007.030029296875,1006.5399780273438,1007.030029296875,3579,COST,1m
2026-05-08 19:16:00+00:00,1006.7150268554688,1006.989990234375,1006.6500244140624,1006.6724853515624,1339,COST,1m
2026-05-08 19:17:00+00:00,1006.6199951171876,1006.7750244140624,1006.6199951171876,1006.7750244140624,3027,COST,1m
2026-05-08 19:18:00+00:00,1006.7000122070312,1006.7000122070312,1005.8900146484376,1005.9149780273438,3690,COST,1m
2026-05-08 19:19:00+00:00,1005.9199829101562,1005.9400024414062,1005.6699829101562,1005.6699829101562,2014,COST,1m
2026-05-08 19:20:00+00:00,1005.7899780273438,1005.9099731445312,1005.6699829101562,1005.9099731445312,3427,COST,1m
2026-05-08 19:21:00+00:00,1005.8699951171876,1006.0399780273438,1005.7401123046876,1005.9583129882812,1689,COST,1m
2026-05-08 19:22:00+00:00,1005.9149780273438,1005.9149780273438,1005.1099853515624,1005.3099975585938,6689,COST,1m
2026-05-08 19:23:00+00:00,1005.3099975585938,1005.6500244140624,1005.1500244140624,1005.364990234375,2452,COST,1m
2026-05-08 19:24:00+00:00,1005.2999877929688,1005.8300170898438,1005.2999877929688,1005.6900024414062,1679,COST,1m
2026-05-08 19:25:00+00:00,1005.7249755859376,1006.0499877929688,1005.6199951171876,1005.9249877929688,2597,COST,1m
2026-05-08 19:26:00+00:00,1006.02001953125,1006.6900024414062,1006.02001953125,1006.4400024414062,3245,COST,1m
2026-05-08 19:27:00+00:00,1006.5900268554688,1007.3300170898438,1006.5900268554688,1007.3300170898438,4299,COST,1m
2026-05-08 19:28:00+00:00,1007.260009765625,1007.530029296875,1007.155029296875,1007.2899780273438,4660,COST,1m
2026-05-08 19:29:00+00:00,1007.2899780273438,1007.5900268554688,1007.0512084960938,1007.4724731445312,2743,COST,1m
2026-05-08 19:30:00+00:00,1007.4500122070312,1007.6300048828124,1007.4000244140624,1007.4650268554688,2534,COST,1m
2026-05-08 19:31:00+00:00,1007.4650268554688,1008.1599731445312,1007.3900146484376,1008.030029296875,7154,COST,1m
2026-05-08 19:32:00+00:00,1008.0499877929688,1009.0,1008.0499877929688,1008.3900146484376,2931,COST,1m
2026-05-08 19:33:00+00:00,1008.3900146484376,1008.3900146484376,1007.5875244140624,1007.5875244140624,3287,COST,1m
2026-05-08 19:34:00+00:00,1007.6849975585938,1007.6849975585938,1007.1799926757812,1007.2050170898438,2204,COST,1m
2026-05-08 19:35:00+00:00,1007.6599731445312,1007.6599731445312,1007.2050170898438,1007.2650146484376,2039,COST,1m
2026-05-08 19:36:00+00:00,1007.1300048828124,1007.1300048828124,1006.72998046875,1006.72998046875,1907,COST,1m
2026-05-08 19:37:00+00:00,1006.239990234375,1006.5999755859376,1006.0499877929688,1006.2150268554688,4670,COST,1m
2026-05-08 19:38:00+00:00,1006.2150268554688,1006.77001953125,1006.2150268554688,1006.4450073242188,4451,COST,1m
2026-05-08 19:39:00+00:00,1006.4450073242188,1006.7000122070312,1006.4450073242188,1006.5050048828124,1793,COST,1m
2026-05-08 19:40:00+00:00,1006.8300170898438,1007.0598754882812,1006.6199951171876,1006.6699829101562,3266,COST,1m
2026-05-08 19:41:00+00:00,1006.6699829101562,1006.8499755859376,1006.280029296875,1006.510009765625,4093,COST,1m
2026-05-08 19:42:00+00:00,1006.4229125976562,1006.4229125976562,1005.989990234375,1005.989990234375,3507,COST,1m
2026-05-08 19:43:00+00:00,1006.010009765625,1006.0700073242188,1005.9130249023438,1006.02001953125,2251,COST,1m
2026-05-08 19:44:00+00:00,1005.9199829101562,1006.4500122070312,1005.9099731445312,1006.4400024414062,7149,COST,1m
2026-05-08 19:45:00+00:00,1006.405029296875,1006.5499877929688,1006.0850219726562,1006.0999755859376,3648,COST,1m
2026-05-08 19:46:00+00:00,1006.0999755859376,1006.239990234375,1005.5900268554688,1005.6400756835938,10717,COST,1m
2026-05-08 19:47:00+00:00,1006.0399780273438,1006.5,1005.9600219726562,1006.3099975585938,4645,COST,1m
2026-05-08 19:48:00+00:00,1006.1199951171876,1006.2999877929688,1006.1199951171876,1006.2000122070312,1783,COST,1m
2026-05-08 19:49:00+00:00,1006.2000122070312,1006.4099731445312,1006.2000122070312,1006.344970703125,2260,COST,1m
2026-05-08 19:50:00+00:00,1006.5599975585938,1006.7999877929688,1005.4500122070312,1006.280029296875,8509,COST,1m
2026-05-08 19:51:00+00:00,1006.0499877929688,1006.469970703125,1005.9550170898438,1006.3300170898438,3675,COST,1m
2026-05-08 19:52:00+00:00,1006.3300170898438,1007.8175048828124,1006.3300170898438,1007.6950073242188,10135,COST,1m
2026-05-08 19:53:00+00:00,1007.52001953125,1007.9899291992188,1007.3499755859376,1007.4550170898438,8519,COST,1m
2026-05-08 19:54:00+00:00,1007.3499755859376,1008.7899780273438,1007.1300048828124,1008.739990234375,14952,COST,1m
2026-05-08 19:55:00+00:00,1008.739990234375,1010.02001953125,1007.489990234375,1008.1699829101562,35260,COST,1m
2026-05-08 19:56:00+00:00,1008.27001953125,1009.0700073242188,1008.27001953125,1008.8400268554688,15636,COST,1m
2026-05-08 19:57:00+00:00,1008.760009765625,1009.6699829101562,1008.3599853515624,1009.5150146484376,40561,COST,1m
2026-05-08 19:58:00+00:00,1009.5150146484376,1009.6500244140624,1008.5900268554688,1008.6300048828124,41777,COST,1m
2026-05-08 19:59:00+00:00,1008.5499877929688,1008.8200073242188,1008.3599853515624,1008.780029296875,87365,COST,1m
2026-05-11 13:30:00+00:00,1005.8200073242188,1007.0,1002.0,1002.6300048828124,42722,COST,1m
2026-05-11 13:31:00+00:00,1001.0,1001.47998046875,999.0,1000.4949951171876,4907,COST,1m
2026-05-11 13:32:00+00:00,999.739990234375,1002.0999755859376,999.510009765625,1000.0,6706,COST,1m
2026-05-11 13:33:00+00:00,999.8300170898438,1000.8800048828124,996.6400146484376,997.1699829101562,10402,COST,1m
2026-05-11 13:34:00+00:00,996.8200073242188,998.0150146484376,996.0,998.0150146484376,10518,COST,1m
2026-05-11 13:35:00+00:00,998.010009765625,1001.0482788085938,998.010009765625,1001.0482788085938,5059,COST,1m
2026-05-11 13:36:00+00:00,1000.5399780273438,1001.4400024414062,1000.2899780273438,1001.2899780273438,4285,COST,1m
2026-05-11 13:37:00+00:00,1001.3499755859376,1001.5499877929688,1000.0850219726562,1000.9400024414062,4447,COST,1m
2026-05-11 13:38:00+00:00,1000.9400024414062,1002.1799926757812,1000.4099731445312,1001.5900268554688,3809,COST,1m
2026-05-11 13:39:00+00:00,1001.5900268554688,1001.8800048828124,999.6300048828124,999.635009765625,4720,COST,1m
2026-05-11 13:40:00+00:00,999.875,999.875,998.85498046875,998.8599853515624,6443,COST,1m
2026-05-11 13:41:00+00:00,998.6649780273438,999.47998046875,998.6099853515624,999.0098266601562,5476,COST,1m
2026-05-11 13:42:00+00:00,998.344970703125,999.219970703125,997.719970703125,999.219970703125,7885,COST,1m
2026-05-11 13:43:00+00:00,999.3350219726562,999.3499755859376,997.010009765625,997.010009765625,4836,COST,1m
2026-05-11 13:44:00+00:00,996.2000122070312,996.6400146484376,995.0599975585938,995.3200073242188,7098,COST,1m
2026-05-11 13:45:00+00:00,995.5250244140624,997.4899291992188,995.02001953125,997.4899291992188,5796,COST,1m
2026-05-11 13:46:00+00:00,996.344970703125,997.7449951171876,995.2000122070312,997.7449951171876,2931,COST,1m
2026-05-11 13:47:00+00:00,997.7449951171876,998.47998046875,997.0,997.0599975585938,4864,COST,1m
2026-05-11 13:48:00+00:00,997.2449951171876,998.0800170898438,996.25,997.1699829101562,4618,COST,1m
2026-05-11 13:49:00+00:00,997.0900268554688,998.260009765625,996.3200073242188,998.260009765625,4898,COST,1m
2026-05-11 13:50:00+00:00,998.114990234375,999.2899780273438,998.0,999.260009765625,9344,COST,1m
2026-05-11 13:51:00+00:00,998.9400024414062,999.5700073242188,997.719970703125,998.010009765625,6309,COST,1m
2026-05-11 13:52:00+00:00,997.864990234375,999.0,997.864990234375,998.9249877929688,3296,COST,1m
2026-05-11 13:53:00+00:00,999.5599975585938,1000.5999755859376,999.3599853515624,1000.1900024414062,2525,COST,1m
2026-05-11 13:54:00+00:00,1000.7000122070312,1001.2999877929688,1000.0609741210938,1000.989990234375,3159,COST,1m
2026-05-11 13:55:00+00:00,1000.989990234375,1000.989990234375,1000.280029296875,1000.8499755859376,2058,COST,1m
2026-05-11 13:56:00+00:00,1000.0,1000.1400146484376,998.9949951171876,1000.1400146484376,2453,COST,1m
2026-05-11 13:57:00+00:00,1000.5800170898438,1001.3800048828124,1000.3400268554688,1000.8499755859376,3287,COST,1m
2026-05-11 13:58:00+00:00,1000.8499755859376,1001.3900146484376,1000.5,1001.02001953125,2982,COST,1m
2026-05-11 13:59:00+00:00,1000.9550170898438,1002.8200073242188,1000.9550170898438,1001.4650268554688,4275,COST,1m
2026-05-11 14:00:00+00:00,1001.8699951171876,1001.8699951171876,1000.2000122070312,1000.2000122070312,2826,COST,1m
2026-05-11 14:01:00+00:00,1000.0,1000.0,998.489990234375,998.489990234375,3583,COST,1m
2026-05-11 14:02:00+00:00,998.8049926757812,999.5800170898438,998.8049926757812,999.4149780273438,3606,COST,1m
2026-05-11 14:03:00+00:00,999.1400146484376,999.25,998.5499877929688,999.25,4016,COST,1m
2026-05-11 14:04:00+00:00,999.0399780273438,999.388427734375,998.7000122070312,999.3200073242188,1119,COST,1m
2026-05-11 14:05:00+00:00,999.3200073242188,999.3200073242188,997.75,997.9721069335938,4001,COST,1m
2026-05-11 14:06:00+00:00,997.8099975585938,998.469970703125,997.739990234375,997.739990234375,2205,COST,1m
2026-05-11 14:07:00+00:00,997.7349853515624,998.0449829101562,997.3099975585938,997.3099975585938,4363,COST,1m
2026-05-11 14:08:00+00:00,997.489990234375,997.7000122070312,997.3569946289062,997.6799926757812,3193,COST,1m
2026-05-11 14:09:00+00:00,997.9400024414062,998.75,997.6799926757812,998.3599853515624,2701,COST,1m
2026-05-11 14:10:00+00:00,998.5800170898438,999.2249755859376,997.7324829101562,997.7675170898438,4744,COST,1m
2026-05-11 14:11:00+00:00,997.7750244140624,999.7999877929688,997.7750244140624,999.4099731445312,2973,COST,1m
2026-05-11 14:12:00+00:00,999.4849853515624,999.4849853515624,998.9000244140624,998.9000244140624,1858,COST,1m
2026-05-11 14:13:00+00:00,998.9000244140624,999.510009765625,997.7000122070312,998.155029296875,2214,COST,1m
2026-05-11 14:14:00+00:00,998.2750244140624,998.33251953125,996.6699829101562,996.6699829101562,9030,COST,1m
2026-05-11 14:15:00+00:00,996.47998046875,997.280029296875,995.9000244140624,996.14501953125,5227,COST,1m
2026-05-11 14:16:00+00:00,995.905029296875,996.7703857421876,995.905029296875,996.5,3524,COST,1m
2026-05-11 14:17:00+00:00,996.0499877929688,997.52001953125,996.0499877929688,997.3200073242188,3307,COST,1m
2026-05-11 14:18:00+00:00,997.4299926757812,997.5,996.7835083007812,996.909912109375,3393,COST,1m
2026-05-11 14:19:00+00:00,996.5,997.1126098632812,996.0750122070312,996.6599731445312,6879,COST,1m
2026-05-11 14:20:00+00:00,997.2299194335938,997.2299194335938,996.760009765625,996.7600708007812,1193,COST,1m
2026-05-11 14:21:00+00:00,996.85498046875,998.2265014648438,996.5001220703124,997.7550048828124,6314,COST,1m
2026-05-11 14:22:00+00:00,998.5800170898438,998.5800170898438,997.280029296875,997.6099853515624,2986,COST,1m
2026-05-11 14:23:00+00:00,997.010009765625,997.8499755859376,996.9299926757812,997.5399780273438,3504,COST,1m
2026-05-11 14:24:00+00:00,997.2000122070312,997.4000244140624,996.1799926757812,996.6799926757812,2911,COST,1m
2026-05-11 14:25:00+00:00,996.344970703125,997.6900024414062,996.1799926757812,997.4299926757812,5347,COST,1m
2026-05-11 14:26:00+00:00,997.5599975585938,998.3499145507812,997.010009765625,998.3499145507812,3051,COST,1m
2026-05-11 14:27:00+00:00,997.9000244140624,998.3399047851562,997.6699829101562,998.3399047851562,1942,COST,1m
2026-05-11 14:28:00+00:00,997.89501953125,998.5900268554688,997.6724853515624,998.135009765625,3596,COST,1m
2026-05-11 14:29:00+00:00,998.780029296875,999.97998046875,998.780029296875,999.5399780273438,4788,COST,1m
2026-05-11 14:30:00+00:00,999.0800170898438,999.5999755859376,998.6699829101562,999.4550170898438,4666,COST,1m
2026-05-11 14:31:00+00:00,999.6699829101562,1000.7899780273438,999.0900268554688,1000.4000244140624,4133,COST,1m
2026-05-11 14:32:00+00:00,1000.6199951171876,1000.6199951171876,999.4550170898438,999.7899780273438,2777,COST,1m
2026-05-11 14:33:00+00:00,1000.030029296875,1000.2949829101562,998.260009765625,998.260009765625,3488,COST,1m
2026-05-11 14:34:00+00:00,998.3800048828124,999.6124877929688,998.3800048828124,999.530029296875,4796,COST,1m
2026-05-11 14:35:00+00:00,999.530029296875,999.530029296875,998.75,998.844970703125,1995,COST,1m
2026-05-11 14:36:00+00:00,999.1798706054688,999.1798706054688,998.010009765625,998.2100219726562,3235,COST,1m
2026-05-11 14:37:00+00:00,998.010009765625,998.010009765625,996.510009765625,996.7999877929688,4545,COST,1m
2026-05-11 14:38:00+00:00,996.5,997.3275146484376,996.5,996.6500244140624,2851,COST,1m
2026-05-11 14:39:00+00:00,996.9600219726562,997.1099853515624,996.6500244140624,996.9749755859376,1766,COST,1m
2026-05-11 14:40:00+00:00,996.9749755859376,997.7990112304688,996.2100219726562,997.489990234375,7900,COST,1m
2026-05-11 14:41:00+00:00,997.75,998.0,997.52001953125,997.7100219726562,4234,COST,1m
2026-05-11 14:42:00+00:00,997.7150268554688,997.7150268554688,997.6199951171876,997.7100219726562,1900,COST,1m
2026-05-11 14:43:00+00:00,998.0040283203124,998.3499755859376,997.7050170898438,998.2899780273438,2780,COST,1m
2026-05-11 14:44:00+00:00,998.3800048828124,998.6699829101562,998.0599975585938,998.35498046875,1987,COST,1m
2026-05-11 14:45:00+00:00,998.4299926757812,998.6599731445312,997.8825073242188,998.5650024414062,4322,COST,1m
2026-05-11 14:46:00+00:00,998.1400146484376,999.010009765625,998.1400146484376,998.8300170898438,2073,COST,1m
2026-05-11 14:47:00+00:00,999.3300170898438,999.5599975585938,999.3300170898438,999.5599975585938,1432,COST,1m
2026-05-11 14:48:00+00:00,999.5599975585938,999.5599975585938,998.4249877929688,998.9099731445312,2426,COST,1m
2026-05-11 14:49:00+00:00,999.5499267578124,999.5499267578124,998.8599853515624,998.8599853515624,1724,COST,1m
2026-05-11 14:50:00+00:00,998.8599853515624,999.3800048828124,998.5927124023438,999.239990234375,4853,COST,1m
2026-05-11 14:51:00+00:00,999.239990234375,1000.5,999.239990234375,999.2999877929688,5637,COST,1m
2026-05-11 14:52:00+00:00,999.239990234375,999.6699829101562,999.239990234375,999.2899780273438,1518,COST,1m
2026-05-11 14:53:00+00:00,999.2849731445312,999.2849731445312,998.0499877929688,998.4400024414062,2106,COST,1m
2026-05-11 14:54:00+00:00,998.0,998.3900146484376,997.3099975585938,997.3900146484376,4317,COST,1m
2026-05-11 14:55:00+00:00,997.1199951171876,997.7498779296876,996.8099975585938,997.0700073242188,3670,COST,1m
2026-05-11 14:56:00+00:00,997.4400024414062,998.885009765625,997.4400024414062,998.885009765625,2122,COST,1m
2026-05-11 14:57:00+00:00,998.9400024414062,998.9500122070312,998.6300048828124,998.9400024414062,845,COST,1m
2026-05-11 14:58:00+00:00,998.75,999.0499877929688,998.1799926757812,998.83251953125,1286,COST,1m
2026-05-11 14:59:00+00:00,998.3150024414062,999.0700073242188,998.1599731445312,998.6099853515624,4225,COST,1m
2026-05-11 15:00:00+00:00,998.9400024414062,999.3599853515624,998.7150268554688,998.8400268554688,2125,COST,1m
2026-05-11 15:01:00+00:00,998.8350219726562,999.1400146484376,998.1500244140624,998.1500244140624,1127,COST,1m
2026-05-11 15:02:00+00:00,998.1500244140624,998.25,997.8400268554688,997.8900146484376,2602,COST,1m
2026-05-11 15:03:00+00:00,998.0999755859376,998.1400146484376,997.47998046875,997.8350219726562,2940,COST,1m
2026-05-11 15:04:00+00:00,997.5499877929688,997.5499877929688,997.0900268554688,997.0900268554688,2150,COST,1m
2026-05-11 15:05:00+00:00,997.1849975585938,997.6099853515624,996.9199829101562,997.3499145507812,2994,COST,1m
2026-05-11 15:06:00+00:00,997.1799926757812,997.8200073242188,997.1799926757812,997.8200073242188,1861,COST,1m
2026-05-11 15:07:00+00:00,997.8400268554688,997.8400268554688,997.2899780273438,997.760009765625,1709,COST,1m
2026-05-11 15:08:00+00:00,997.530029296875,997.530029296875,997.4349975585938,997.4349975585938,594,COST,1m
2026-05-11 15:09:00+00:00,997.1199951171876,997.1199951171876,996.0,996.010009765625,7064,COST,1m
2026-05-11 15:10:00+00:00,996.2249755859376,996.3250122070312,996.0,996.3250122070312,3834,COST,1m
2026-05-11 15:11:00+00:00,996.3150024414062,996.4450073242188,996.0,996.2999877929688,2417,COST,1m
2026-05-11 15:12:00+00:00,996.2949829101562,996.77001953125,996.2000122070312,996.6099853515624,5694,COST,1m
2026-05-11 15:13:00+00:00,996.4500122070312,996.6708984375,996.02001953125,996.0999755859376,2960,COST,1m
2026-05-11 15:14:00+00:00,996.3300170898438,996.3300170898438,995.0999755859376,995.0999755859376,9196,COST,1m
2026-05-11 15:15:00+00:00,995.0999755859376,995.5599975585938,995.0499877929688,995.1799926757812,2757,COST,1m
2026-05-11 15:16:00+00:00,995.5599975585938,995.5599975585938,994.22998046875,994.4450073242188,14723,COST,1m
2026-05-11 15:17:00+00:00,994.6599731445312,994.6599731445312,994.0,994.0,6570,COST,1m
2026-05-11 15:18:00+00:00,993.760009765625,994.14990234375,993.7100219726562,993.989990234375,3991,COST,1m
2026-05-11 15:19:00+00:00,993.8099975585938,994.5150146484376,993.6400146484376,994.22998046875,5641,COST,1m
2026-05-11 15:20:00+00:00,994.0499877929688,994.75,994.0499877929688,994.3699951171876,6122,COST,1m
2026-05-11 15:21:00+00:00,994.0,994.2449951171876,993.6699829101562,993.6699829101562,4534,COST,1m
2026-05-11 15:22:00+00:00,993.7750244140624,993.9400024414062,993.219970703125,993.4349975585938,3594,COST,1m
2026-05-11 15:23:00+00:00,993.1799926757812,993.1799926757812,991.510009765625,991.7761840820312,13790,COST,1m
2026-05-11 15:24:00+00:00,991.5654907226562,992.1599731445312,990.8699951171876,991.125,12448,COST,1m
2026-05-11 15:25:00+00:00,990.7000122070312,990.7999877929688,990.2000122070312,990.6099853515624,5630,COST,1m
2026-05-11 15:26:00+00:00,990.6099853515624,990.739990234375,990.47998046875,990.6099853515624,5397,COST,1m
2026-05-11 15:27:00+00:00,990.5999755859376,990.6900024414062,990.2490234375,990.584716796875,4482,COST,1m
2026-05-11 15:28:00+00:00,990.1799926757812,990.5499877929688,989.3099975585938,989.3200073242188,18207,COST,1m
2026-05-11 15:29:00+00:00,989.3800048828124,989.75,988.2100219726562,989.1649780273438,12319,COST,1m
2026-05-11 15:30:00+00:00,989.189697265625,989.77001953125,988.8300170898438,989.510009765625,6951,COST,1m
2026-05-11 15:31:00+00:00,989.7999877929688,990.1900024414062,989.5,990.1900024414062,3189,COST,1m
2026-05-11 15:32:00+00:00,990.0850219726562,990.655029296875,989.6799926757812,989.9149780273438,4359,COST,1m
2026-05-11 15:33:00+00:00,989.6699829101562,990.239990234375,989.47998046875,989.7100219726562,4739,COST,1m
2026-05-11 15:34:00+00:00,989.6199951171876,989.75,989.3499755859376,989.3499755859376,5273,COST,1m
2026-05-11 15:35:00+00:00,989.4500122070312,989.5650024414062,989.0001220703124,989.1920166015624,4474,COST,1m
2026-05-11 15:36:00+00:00,989.4699096679688,989.919921875,989.0499877929688,989.5999755859376,6244,COST,1m
2026-05-11 15:37:00+00:00,989.2564697265624,989.6199951171876,989.0,989.0,6470,COST,1m
2026-05-11 15:38:00+00:00,989.0499877929688,989.2899780273438,988.3790283203124,988.3790283203124,5971,COST,1m
2026-05-11 15:39:00+00:00,988.5499877929688,988.5499877929688,988.0399780273438,988.5,4092,COST,1m
2026-05-11 15:40:00+00:00,988.3499755859376,988.5,987.739990234375,987.75,8319,COST,1m
2026-05-11 15:41:00+00:00,987.9199829101562,987.9199829101562,987.6400146484376,987.72998046875,3606,COST,1m
2026-05-11 15:42:00+00:00,987.8599853515624,988.0900268554688,987.6300048828124,987.6300048828124,3283,COST,1m
2026-05-11 15:43:00+00:00,987.7000122070312,987.7000122070312,986.25,986.5499877929688,9155,COST,1m
2026-05-11 15:44:00+00:00,986.260009765625,986.5900268554688,986.0,986.1799926757812,7207,COST,1m
2026-05-11 15:45:00+00:00,986.1699829101562,986.6900024414062,986.1199951171876,986.375,5502,COST,1m
2026-05-11 15:46:00+00:00,986.3699951171876,986.3699951171876,985.1500244140624,985.5,9256,COST,1m
2026-05-11 15:47:00+00:00,985.5,988.2999877929688,985.5,987.8699951171876,6991,COST,1m
2026-05-11 15:48:00+00:00,987.8599853515624,988.3099975585938,987.7150268554688,987.7150268554688,3076,COST,1m
2026-05-11 15:49:00+00:00,987.5599975585938,988.0599975585938,987.3699951171876,988.0599975585938,3122,COST,1m
2026-05-11 15:50:00+00:00,987.7000122070312,988.864990234375,987.6950073242188,988.5,4121,COST,1m
2026-05-11 15:51:00+00:00,988.75,989.39990234375,988.6500244140624,988.9724731445312,2914,COST,1m
2026-05-11 15:52:00+00:00,989.0399780273438,989.530029296875,988.97998046875,989.530029296875,2103,COST,1m
2026-05-11 15:53:00+00:00,989.4500122070312,989.5072021484376,989.0300903320312,989.0300903320312,2739,COST,1m
2026-05-11 15:54:00+00:00,989.4000244140624,989.969970703125,989.4000244140624,989.4949951171876,5388,COST,1m
2026-05-11 15:55:00+00:00,989.5,990.2100219726562,989.3699951171876,989.9299926757812,4336,COST,1m
2026-05-11 15:56:00+00:00,989.9299926757812,990.239990234375,989.7689819335938,990.0800170898438,3651,COST,1m
2026-05-11 15:57:00+00:00,990.1649780273438,990.3300170898438,989.8300170898438,990.0650024414062,2844,COST,1m
2026-05-11 15:58:00+00:00,990.0700073242188,990.6898803710938,989.8499755859376,990.6898803710938,6963,COST,1m
2026-05-11 15:59:00+00:00,990.3499755859376,990.4000244140624,989.9299926757812,990.25,3643,COST,1m
2026-05-11 16:00:00+00:00,990.0700073242188,990.7349853515624,990.0700073242188,990.7349853515624,3166,COST,1m
2026-05-11 16:01:00+00:00,990.75,990.9000244140624,990.65478515625,990.7000122070312,3851,COST,1m
2026-05-11 16:02:00+00:00,990.8300170898438,991.3099975585938,990.8300170898438,991.3099975585938,3428,COST,1m
2026-05-11 16:03:00+00:00,991.3099975585938,992.4000244140624,991.3049926757812,991.8049926757812,6928,COST,1m
2026-05-11 16:04:00+00:00,991.6500244140624,991.6500244140624,991.3400268554688,991.5800170898438,1293,COST,1m
2026-05-11 16:05:00+00:00,991.1799926757812,992.0800170898438,991.1799926757812,991.8800048828124,5426,COST,1m
2026-05-11 16:06:00+00:00,991.8699951171876,992.2100219726562,991.8499755859376,992.0,2911,COST,1m
2026-05-11 16:07:00+00:00,991.989990234375,991.989990234375,991.5449829101562,991.6699829101562,2486,COST,1m
2026-05-11 16:08:00+00:00,991.8300170898438,992.6900024414062,991.8200073242188,992.6900024414062,3654,COST,1m
2026-05-11 16:09:00+00:00,992.739990234375,992.7999877929688,992.4650268554688,992.4650268554688,2431,COST,1m
2026-05-11 16:10:00+00:00,992.7249755859376,992.7249755859376,992.219970703125,992.219970703125,1747,COST,1m
2026-05-11 16:11:00+00:00,992.4600219726562,992.8300170898438,992.4600219726562,992.72998046875,1736,COST,1m
2026-05-11 16:12:00+00:00,992.8699951171876,993.4998779296876,992.7449951171876,992.8350219726562,2440,COST,1m
2026-05-11 16:13:00+00:00,992.64501953125,992.6900024414062,991.75,991.9199829101562,5251,COST,1m
2026-05-11 16:14:00+00:00,991.6799926757812,991.905029296875,991.3599853515624,991.3599853515624,1965,COST,1m
2026-05-11 16:15:00+00:00,991.3599853515624,991.5999755859376,991.1199951171876,991.4949951171876,3189,COST,1m
2026-05-11 16:16:00+00:00,991.4949951171876,991.77001953125,991.239990234375,991.77001953125,2036,COST,1m
2026-05-11 16:17:00+00:00,991.75,991.8900146484376,991.4949951171876,991.4949951171876,1681,COST,1m
2026-05-11 16:18:00+00:00,991.4849853515624,992.0899047851562,991.4849853515624,991.780029296875,2047,COST,1m
2026-05-11 16:19:00+00:00,991.5900268554688,991.8966064453124,991.469970703125,991.8966064453124,1579,COST,1m
2026-05-11 16:20:00+00:00,991.7449951171876,992.3699951171876,991.7449951171876,992.0250244140624,2025,COST,1m
2026-05-11 16:21:00+00:00,992.030029296875,992.3599853515624,991.6600952148438,992.0999755859376,2272,COST,1m
2026-05-11 16:22:00+00:00,992.3499755859376,992.75,992.1599731445312,992.7449951171876,2452,COST,1m
2026-05-11 16:23:00+00:00,992.510009765625,992.9000244140624,992.3875122070312,992.3875122070312,2226,COST,1m
2026-05-11 16:24:00+00:00,992.4124755859376,992.4149780273438,991.25,991.9299926757812,7522,COST,1m
2026-05-11 16:25:00+00:00,992.135009765625,992.47998046875,991.5700073242188,991.6900024414062,6795,COST,1m
2026-05-11 16:26:00+00:00,991.6699829101562,991.9899291992188,991.6699829101562,991.7949829101562,1122,COST,1m
2026-05-11 16:27:00+00:00,991.7949829101562,991.7949829101562,991.3499755859376,991.4600219726562,3469,COST,1m
2026-05-11 16:28:00+00:00,991.4600219726562,991.5349731445312,991.4000244140624,991.530029296875,2137,COST,1m
2026-05-11 16:29:00+00:00,991.5800170898438,991.5800170898438,990.8699951171876,990.8699951171876,2853,COST,1m
2026-05-11 16:30:00+00:00,990.3499755859376,990.6898803710938,989.6599731445312,989.6599731445312,2430,COST,1m
2026-05-11 16:31:00+00:00,989.6500244140624,990.3900146484376,989.6500244140624,990.3699951171876,4459,COST,1m
2026-05-11 16:32:00+00:00,990.3474731445312,990.3474731445312,989.6300048828124,989.7999877929688,3174,COST,1m
2026-05-11 16:33:00+00:00,989.6950073242188,990.6900024414062,989.6950073242188,990.6900024414062,1767,COST,1m
2026-05-11 16:34:00+00:00,990.6699829101562,990.885009765625,990.3599853515624,990.3599853515624,2420,COST,1m
2026-05-11 16:35:00+00:00,990.4149780273438,990.4149780273438,990.0999755859376,990.22998046875,1067,COST,1m
2026-05-11 16:36:00+00:00,990.4949951171876,990.4949951171876,990.2000122070312,990.2833862304688,1796,COST,1m
2026-05-11 16:37:00+00:00,990.0800170898438,990.5800170898438,989.9500122070312,990.5800170898438,3098,COST,1m
2026-05-11 16:38:00+00:00,990.5850219726562,990.7999877929688,990.5850219726562,990.6799926757812,1387,COST,1m
2026-05-11 16:39:00+00:00,990.6799926757812,992.119873046875,990.6799926757812,992.02001953125,7176,COST,1m
2026-05-11 16:40:00+00:00,992.1199951171876,992.6799926757812,992.1199951171876,992.4749755859376,5846,COST,1m
2026-05-11 16:41:00+00:00,992.4749755859376,992.6400146484376,992.0900268554688,992.3300170898438,3388,COST,1m
2026-05-11 16:42:00+00:00,992.3350219726562,993.4749755859376,992.3350219726562,992.8499755859376,4847,COST,1m
2026-05-11 16:43:00+00:00,992.510009765625,992.8350219726562,992.510009765625,992.8350219726562,1895,COST,1m
2026-05-11 16:44:00+00:00,992.8400268554688,993.2000122070312,992.4600219726562,992.8300170898438,1249,COST,1m
2026-05-11 16:45:00+00:00,992.8300170898438,993.5800170898438,992.75,993.1950073242188,2355,COST,1m
2026-05-11 16:46:00+00:00,992.8099975585938,993.2100219726562,992.8099975585938,992.8599853515624,2321,COST,1m
2026-05-11 16:47:00+00:00,992.8499755859376,992.9000244140624,992.469970703125,992.6500244140624,3268,COST,1m
2026-05-11 16:48:00+00:00,992.2999877929688,992.8099975585938,991.97998046875,992.8099975585938,2764,COST,1m
2026-05-11 16:49:00+00:00,992.4201049804688,992.6849975585938,992.4201049804688,992.6849975585938,973,COST,1m
2026-05-11 16:50:00+00:00,992.8099975585938,993.7999877929688,992.4199829101562,993.47998046875,2690,COST,1m
2026-05-11 16:51:00+00:00,994.0,994.0,992.9600219726562,993.0,2144,COST,1m
2026-05-11 16:52:00+00:00,993.2100219726562,993.3099975585938,993.0734252929688,993.219970703125,961,COST,1m
2026-05-11 16:53:00+00:00,993.1591796875,993.1591796875,992.6699829101562,992.6699829101562,2033,COST,1m
2026-05-11 16:54:00+00:00,992.5,992.6099853515624,992.5,992.6099853515624,1561,COST,1m
2026-05-11 16:55:00+00:00,992.4500122070312,993.3800048828124,992.4500122070312,992.8499755859376,1834,COST,1m
2026-05-11 16:56:00+00:00,992.6099853515624,992.6099853515624,992.1500244140624,992.1599731445312,2216,COST,1m
2026-05-11 16:57:00+00:00,991.8900146484376,991.9000244140624,991.4099731445312,991.9000244140624,1126,COST,1m
2026-05-11 16:58:00+00:00,991.5900268554688,991.9882202148438,991.4099731445312,991.4099731445312,1111,COST,1m
2026-05-11 16:59:00+00:00,991.3200073242188,992.0,991.3200073242188,991.8699951171876,999,COST,1m
2026-05-11 17:00:00+00:00,991.8499755859376,991.8499755859376,991.3800048828124,991.6300048828124,3107,COST,1m
2026-05-11 17:01:00+00:00,991.6300048828124,992.4400024414062,991.6300048828124,992.4400024414062,1480,COST,1m
2026-05-11 17:02:00+00:00,992.1799926757812,992.6099853515624,991.923828125,992.5700073242188,2371,COST,1m
2026-05-11 17:03:00+00:00,992.5650024414062,993.2050170898438,992.3350219726562,993.2050170898438,7237,COST,1m
2026-05-11 17:04:00+00:00,993.010009765625,993.22998046875,992.330078125,992.3900146484376,1734,COST,1m
2026-05-11 17:05:00+00:00,992.3800048828124,992.8300170898438,992.3800048828124,992.8300170898438,1097,COST,1m
2026-05-11 17:06:00+00:00,993.1300048828124,993.4000244140624,993.0,993.39501953125,2256,COST,1m
2026-05-11 17:07:00+00:00,993.3950805664062,994.0800170898438,993.39501953125,993.6500244140624,4496,COST,1m
2026-05-11 17:08:00+00:00,993.6500244140624,993.6500244140624,993.3250122070312,993.4299926757812,3207,COST,1m
2026-05-11 17:09:00+00:00,993.030029296875,993.1300048828124,993.030029296875,993.1300048828124,353,COST,1m
2026-05-11 17:10:00+00:00,993.02001953125,993.5399780273438,993.02001953125,993.5399780273438,1166,COST,1m
2026-05-11 17:11:00+00:00,993.1199951171876,993.405029296875,993.0800170898438,993.3800048828124,1491,COST,1m
2026-05-11 17:12:00+00:00,993.4099731445312,993.8099975585938,993.2800903320312,993.5800170898438,2040,COST,1m
2026-05-11 17:13:00+00:00,993.4600219726562,993.8099975585938,993.2600708007812,993.60498046875,1941,COST,1m
2026-05-11 17:14:00+00:00,993.625,993.6500244140624,993.1699829101562,993.1749877929688,3453,COST,1m
2026-05-11 17:15:00+00:00,993.1749877929688,993.2449951171876,993.010009765625,993.1099853515624,2259,COST,1m
2026-05-11 17:16:00+00:00,993.1099853515624,993.385009765625,993.1099853515624,993.3599853515624,1468,COST,1m
2026-05-11 17:17:00+00:00,993.3900146484376,993.780029296875,993.3800048828124,993.75,2369,COST,1m
2026-05-11 17:18:00+00:00,993.6383056640624,993.989990234375,993.6383056640624,993.8150024414062,1055,COST,1m
2026-05-11 17:19:00+00:00,993.8150024414062,994.02001953125,993.5,993.5,2447,COST,1m
2026-05-11 17:20:00+00:00,993.5,993.75,993.4949951171876,993.5,972,COST,1m
2026-05-11 17:21:00+00:00,993.59619140625,993.59619140625,992.7999877929688,993.0700073242188,4927,COST,1m
2026-05-11 17:22:00+00:00,993.239990234375,993.47998046875,992.8400268554688,992.8699951171876,2545,COST,1m
2026-05-11 17:23:00+00:00,992.8400268554688,993.4000244140624,992.8400268554688,993.4000244140624,2214,COST,1m
2026-05-11 17:24:00+00:00,993.2000122070312,993.37939453125,993.2000122070312,993.2999877929688,1533,COST,1m
2026-05-11 17:25:00+00:00,993.0499877929688,993.3200073242188,992.9099731445312,993.22998046875,1978,COST,1m
2026-05-11 17:26:00+00:00,993.0399780273438,993.0399780273438,992.8350219726562,992.8350219726562,898,COST,1m
2026-05-11 17:27:00+00:00,992.9500122070312,993.030029296875,992.6701049804688,992.969970703125,2189,COST,1m
2026-05-11 17:28:00+00:00,992.9650268554688,993.4500122070312,992.9650268554688,993.4500122070312,2348,COST,1m
2026-05-11 17:29:00+00:00,993.4249877929688,993.9000244140624,993.4249877929688,993.8200073242188,5819,COST,1m
2026-05-11 17:30:00+00:00,993.8200073242188,994.1300048828124,993.8049926757812,993.97998046875,3189,COST,1m
2026-05-11 17:31:00+00:00,993.9749755859376,994.2000122070312,993.9749755859376,994.14501953125,1684,COST,1m
2026-05-11 17:32:00+00:00,994.0999755859376,995.2999877929688,994.0999755859376,995.27001953125,6830,COST,1m
2026-05-11 17:33:00+00:00,995.1199951171876,995.2100219726562,995.0250244140624,995.1350708007812,4137,COST,1m
2026-05-11 17:34:00+00:00,995.3699951171876,996.0,995.2999877929688,995.719970703125,6039,COST,1m
2026-05-11 17:35:00+00:00,995.7249755859376,995.7249755859376,994.7150268554688,994.739990234375,5877,COST,1m
2026-05-11 17:36:00+00:00,994.8150024414062,994.8150024414062,994.8150024414062,994.8150024414062,553,COST,1m
2026-05-11 17:37:00+00:00,994.9299926757812,995.4450073242188,994.8200073242188,995.4450073242188,2107,COST,1m
2026-05-11 17:38:00+00:00,995.1199951171876,995.3300170898438,994.2000122070312,994.2000122070312,3431,COST,1m
2026-05-11 17:39:00+00:00,993.9400024414062,994.8250122070312,993.659423828125,994.405029296875,3260,COST,1m
2026-05-11 17:40:00+00:00,994.405029296875,994.6085205078124,993.8099975585938,993.8099975585938,2591,COST,1m
2026-05-11 17:41:00+00:00,993.4299926757812,993.7349853515624,993.4299926757812,993.72998046875,625,COST,1m
2026-05-11 17:42:00+00:00,993.72998046875,994.1300048828124,993.72998046875,993.8900146484376,1855,COST,1m
2026-05-11 17:43:00+00:00,994.1300048828124,994.2899780273438,993.7899780273438,993.8200073242188,2446,COST,1m
2026-05-11 17:44:00+00:00,993.8200073242188,994.1900024414062,993.8200073242188,994.1900024414062,713,COST,1m
2026-05-11 17:45:00+00:00,994.1900024414062,994.489990234375,994.0599975585938,994.0750122070312,1400,COST,1m
2026-05-11 17:46:00+00:00,993.8599853515624,994.0700073242188,993.25,993.27001953125,3069,COST,1m
2026-05-11 17:47:00+00:00,993.3699951171876,993.3699951171876,992.010009765625,992.02001953125,3306,COST,1m
2026-05-11 17:48:00+00:00,992.0,992.010009765625,991.6300048828124,991.9528198242188,3812,COST,1m
2026-05-11 17:49:00+00:00,991.8800048828124,992.2100219726562,991.8800048828124,991.89501953125,1318,COST,1m
2026-05-11 17:50:00+00:00,991.719970703125,991.9849853515624,991.719970703125,991.9849853515624,394,COST,1m
2026-05-11 17:51:00+00:00,991.6400146484376,991.6400146484376,991.6400146484376,991.6400146484376,465,COST,1m
2026-05-11 17:52:00+00:00,991.5399780273438,992.1900024414062,991.5300903320312,991.969970703125,854,COST,1m
2026-05-11 17:53:00+00:00,991.6500244140624,992.1300048828124,991.6500244140624,992.1300048828124,936,COST,1m
2026-05-11 17:54:00+00:00,991.9149780273438,992.52001953125,991.9099731445312,992.2150268554688,2124,COST,1m
2026-05-11 17:55:00+00:00,992.2150268554688,992.25,991.9099731445312,992.2449951171876,3682,COST,1m
2026-05-11 17:56:00+00:00,992.489990234375,992.8499755859376,992.489990234375,992.75,839,COST,1m
2026-05-11 17:57:00+00:00,992.530029296875,992.5750122070312,992.27001953125,992.27001953125,1591,COST,1m
2026-05-11 17:58:00+00:00,992.2650146484376,992.6300048828124,992.2650146484376,992.5599975585938,1076,COST,1m
2026-05-11 17:59:00+00:00,992.7899780273438,993.5900268554688,992.7899780273438,993.1749877929688,3133,COST,1m
2026-05-11 18:00:00+00:00,993.1799926757812,993.6300048828124,993.1099853515624,993.5700073242188,1542,COST,1m
2026-05-11 18:01:00+00:00,993.9099731445312,994.4099731445312,993.7200927734376,994.22998046875,4722,COST,1m
2026-05-11 18:02:00+00:00,994.22998046875,994.5850219726562,994.02001953125,994.5800170898438,1432,COST,1m
2026-05-11 18:03:00+00:00,994.5900268554688,994.5900268554688,994.260009765625,994.4000244140624,2254,COST,1m
2026-05-11 18:04:00+00:00,994.2208251953124,995.0,994.2208251953124,995.0,2084,COST,1m
2026-05-11 18:05:00+00:00,995.14501953125,995.14501953125,994.4299926757812,994.4299926757812,2174,COST,1m
2026-05-11 18:06:00+00:00,994.8250122070312,994.8250122070312,994.4500122070312,994.4500122070312,1468,COST,1m
2026-05-11 18:07:00+00:00,994.614990234375,994.614990234375,994.1901245117188,994.614990234375,871,COST,1m
2026-05-11 18:08:00+00:00,994.3900146484376,994.3900146484376,993.510986328125,993.9000244140624,2928,COST,1m
2026-05-11 18:09:00+00:00,993.9299926757812,994.8900146484376,993.9299926757812,994.1400146484376,2420,COST,1m
2026-05-11 18:10:00+00:00,993.989990234375,993.989990234375,993.969970703125,993.969970703125,845,COST,1m
2026-05-11 18:11:00+00:00,993.9600219726562,993.9600219726562,993.172607421875,993.219970703125,1915,COST,1m
2026-05-11 18:12:00+00:00,993.2150268554688,993.4199829101562,992.9450073242188,992.9450073242188,2097,COST,1m
2026-05-11 18:13:00+00:00,992.9400024414062,992.9849853515624,992.9400024414062,992.9849853515624,442,COST,1m
2026-05-11 18:14:00+00:00,993.27001953125,993.4099731445312,993.1749877929688,993.1950073242188,2064,COST,1m
2026-05-11 18:15:00+00:00,993.1799926757812,993.3162841796876,992.9600219726562,993.1599731445312,1906,COST,1m
2026-05-11 18:16:00+00:00,993.1749877929688,993.27001953125,993.1400146484376,993.27001953125,902,COST,1m
2026-05-11 18:17:00+00:00,993.27001953125,993.7598876953124,993.2650146484376,993.7598876953124,1855,COST,1m
2026-05-11 18:18:00+00:00,993.4650268554688,993.760009765625,992.9299926757812,992.9299926757812,4598,COST,1m
2026-05-11 18:19:00+00:00,992.8900146484376,993.0,992.280029296875,992.4199829101562,3211,COST,1m
2026-05-11 18:20:00+00:00,992.510009765625,992.6900024414062,992.280029296875,992.3900146484376,3966,COST,1m
2026-05-11 18:21:00+00:00,992.219970703125,992.219970703125,992.0399780273438,992.2000122070312,2145,COST,1m
2026-05-11 18:22:00+00:00,992.3800048828124,992.7000122070312,992.3599853515624,992.5900268554688,2946,COST,1m
2026-05-11 18:23:00+00:00,992.594970703125,992.8200073242188,992.5900268554688,992.7775268554688,2010,COST,1m
2026-05-11 18:24:00+00:00,992.8049926757812,992.9400024414062,992.6500244140624,992.760009765625,1107,COST,1m
2026-05-11 18:25:00+00:00,992.9000244140624,992.9000244140624,992.510009765625,992.7100219726562,2067,COST,1m
2026-05-11 18:26:00+00:00,992.8300170898438,992.9099731445312,992.3699951171876,992.3699951171876,3002,COST,1m
2026-05-11 18:27:00+00:00,992.219970703125,992.3599243164062,991.9088745117188,992.0599975585938,3579,COST,1m
2026-05-11 18:28:00+00:00,991.9650268554688,992.0449829101562,991.780029296875,991.9400024414062,1738,COST,1m
2026-05-11 18:29:00+00:00,991.875,991.875,991.530029296875,991.8300170898438,3341,COST,1m
2026-05-11 18:30:00+00:00,991.5399780273438,991.989990234375,991.5399780273438,991.8800048828124,1918,COST,1m
2026-05-11 18:31:00+00:00,991.8800048828124,991.8800048828124,991.6849975585938,991.6849975585938,3764,COST,1m
2026-05-11 18:32:00+00:00,991.530029296875,991.75,991.1599731445312,991.75,5576,COST,1m
2026-05-11 18:33:00+00:00,991.7449951171876,992.260009765625,991.5700073242188,991.8499755859376,2685,COST,1m
2026-05-11 18:34:00+00:00,992.0399780273438,992.3674926757812,991.8499755859376,992.1599731445312,2174,COST,1m
2026-05-11 18:35:00+00:00,992.2100219726562,992.2100219726562,991.5650024414062,991.5650024414062,16724,COST,1m
2026-05-11 18:36:00+00:00,991.5650024414062,991.7550048828124,991.469970703125,991.7550048828124,1790,COST,1m
2026-05-11 18:37:00+00:00,991.760009765625,991.969970703125,991.52001953125,991.52001953125,2417,COST,1m
2026-05-11 18:38:00+00:00,991.5999755859376,991.7899169921876,991.52001953125,991.5349731445312,1766,COST,1m
2026-05-11 18:39:00+00:00,991.64501953125,991.64501953125,991.47998046875,991.47998046875,1234,COST,1m
2026-05-11 18:40:00+00:00,991.4650268554688,991.6300048828124,991.4650268554688,991.52001953125,2258,COST,1m
2026-05-11 18:41:00+00:00,991.5599975585938,992.280029296875,991.5150146484376,991.9849853515624,2671,COST,1m
2026-05-11 18:42:00+00:00,992.1799926757812,992.22998046875,991.6500244140624,991.6500244140624,3846,COST,1m
2026-05-11 18:43:00+00:00,991.655029296875,991.6900024414062,991.6300048828124,991.6900024414062,910,COST,1m
2026-05-11 18:44:00+00:00,991.6900024414062,992.2098999023438,991.6900024414062,991.97998046875,2475,COST,1m
2026-05-11 18:45:00+00:00,991.9000244140624,992.0399780273438,991.8099975585938,991.8099975585938,1748,COST,1m
2026-05-11 18:46:00+00:00,991.8099975585938,991.8400268554688,991.6199951171876,991.6699829101562,4025,COST,1m
2026-05-11 18:47:00+00:00,991.6699829101562,992.1900024414062,991.6400146484376,991.7999877929688,3104,COST,1m
2026-05-11 18:48:00+00:00,991.7899780273438,991.7899780273438,991.5,991.5,1908,COST,1m
2026-05-11 18:49:00+00:00,991.5599975585938,991.5599975585938,991.3699951171876,991.47998046875,2832,COST,1m
2026-05-11 18:50:00+00:00,991.469970703125,991.6900024414062,991.4650268554688,991.6900024414062,1163,COST,1m
2026-05-11 18:51:00+00:00,991.6824951171876,991.6824951171876,991.3599853515624,991.3599853515624,2934,COST,1m
2026-05-11 18:52:00+00:00,991.3800048828124,991.4849853515624,991.10498046875,991.10498046875,5323,COST,1m
2026-05-11 18:53:00+00:00,991.10498046875,991.280029296875,990.8800048828124,991.1799926757812,6272,COST,1m
2026-05-11 18:54:00+00:00,991.5,991.8757934570312,991.375,991.72998046875,2635,COST,1m
2026-05-11 18:55:00+00:00,991.72998046875,991.8300170898438,991.2050170898438,991.2050170898438,3501,COST,1m
2026-05-11 18:56:00+00:00,991.3099975585938,991.3250122070312,991.0050048828124,991.0050048828124,2500,COST,1m
2026-05-11 18:57:00+00:00,991.030029296875,991.9000244140624,991.030029296875,991.8300170898438,2970,COST,1m
2026-05-11 18:58:00+00:00,991.8350219726562,992.7349853515624,991.8300170898438,992.7349853515624,1811,COST,1m
2026-05-11 18:59:00+00:00,992.4400024414062,993.239990234375,992.1400146484376,992.4199829101562,6159,COST,1m
2026-05-11 19:00:00+00:00,992.5499877929688,992.5499877929688,991.219970703125,991.719970703125,2566,COST,1m
2026-05-11 19:01:00+00:00,991.719970703125,991.719970703125,991.7150268554688,991.7150268554688,1446,COST,1m
2026-05-11 19:02:00+00:00,991.7100219726562,991.9600219726562,991.7100219726562,991.9600219726562,1279,COST,1m
2026-05-11 19:03:00+00:00,991.9550170898438,991.9600219726562,991.7150268554688,991.7150268554688,1412,COST,1m
2026-05-11 19:04:00+00:00,991.7150268554688,991.8200073242188,991.4600219726562,991.4600219726562,2395,COST,1m
2026-05-11 19:05:00+00:00,991.4600219726562,991.6799926757812,991.239990234375,991.364990234375,4391,COST,1m
2026-05-11 19:06:00+00:00,991.364990234375,991.364990234375,991.1849975585938,991.1849975585938,2514,COST,1m
2026-05-11 19:07:00+00:00,991.1849975585938,991.1849975585938,990.6099853515624,990.8049926757812,5137,COST,1m
2026-05-11 19:08:00+00:00,990.8099975585938,990.8699951171876,990.5200805664062,990.72998046875,3248,COST,1m
2026-05-11 19:09:00+00:00,990.72998046875,991.239990234375,990.6699829101562,991.239990234375,2059,COST,1m
2026-05-11 19:10:00+00:00,991.2449951171876,991.8599853515624,991.2449951171876,991.7000122070312,3640,COST,1m
2026-05-11 19:11:00+00:00,991.60498046875,992.405029296875,991.60498046875,992.405029296875,2670,COST,1m
2026-05-11 19:12:00+00:00,992.4099731445312,992.4949951171876,992.0999755859376,992.1649780273438,3645,COST,1m
2026-05-11 19:13:00+00:00,991.9600219726562,992.4000244140624,991.89501953125,992.4000244140624,6164,COST,1m
2026-05-11 19:14:00+00:00,992.52001953125,993.2249755859376,992.2401123046876,993.1900024414062,5923,COST,1m
2026-05-11 19:15:00+00:00,992.9400024414062,993.2349853515624,992.89501953125,993.2349853515624,2018,COST,1m
2026-05-11 19:16:00+00:00,993.2349853515624,993.780029296875,993.2349853515624,993.780029296875,3139,COST,1m
2026-05-11 19:17:00+00:00,993.5499877929688,993.8499755859376,993.489990234375,993.8499755859376,2942,COST,1m
2026-05-11 19:18:00+00:00,993.780029296875,993.8499755859376,993.780029296875,993.844970703125,1656,COST,1m
2026-05-11 19:19:00+00:00,993.9000244140624,993.9000244140624,993.6699829101562,993.7000122070312,2451,COST,1m
2026-05-11 19:20:00+00:00,993.7100219726562,993.7100219726562,993.3300170898438,993.5349731445312,5650,COST,1m
2026-05-11 19:21:00+00:00,993.530029296875,993.7999877929688,993.3250122070312,993.75,2567,COST,1m
2026-05-11 19:22:00+00:00,993.8800048828124,994.8800048828124,993.8800048828124,994.8800048828124,2141,COST,1m
2026-05-11 19:23:00+00:00,994.6699829101562,994.7100219726562,993.969970703125,994.489990234375,5225,COST,1m
2026-05-11 19:24:00+00:00,994.989990234375,995.0750122070312,994.3701171875,994.6849975585938,2779,COST,1m
2026-05-11 19:25:00+00:00,994.4199829101562,994.8699951171876,994.4199829101562,994.7650146484376,1354,COST,1m
2026-05-11 19:26:00+00:00,994.9099731445312,995.52001953125,994.7650756835938,995.5,2664,COST,1m
2026-05-11 19:27:00+00:00,995.5399780273438,995.8499755859376,995.5399780273438,995.7999877929688,4217,COST,1m
2026-05-11 19:28:00+00:00,995.8300170898438,996.4099731445312,995.8200073242188,996.2000122070312,6029,COST,1m
2026-05-11 19:29:00+00:00,996.260009765625,997.3599243164062,996.2000122070312,996.6199951171876,7517,COST,1m
2026-05-11 19:30:00+00:00,996.6199951171876,996.6199951171876,995.77001953125,995.9741821289062,5083,COST,1m
2026-05-11 19:31:00+00:00,995.8150024414062,996.0,995.4099731445312,995.635009765625,3630,COST,1m
2026-05-11 19:32:00+00:00,995.760009765625,995.9400024414062,995.3150024414062,995.9400024414062,4823,COST,1m
2026-05-11 19:33:00+00:00,995.8300170898438,996.239990234375,995.614990234375,996.239990234375,5218,COST,1m
2026-05-11 19:34:00+00:00,996.125,996.8800048828124,996.125,996.7050170898438,3342,COST,1m
2026-05-11 19:35:00+00:00,996.8699951171876,996.8699951171876,996.2999877929688,996.6300048828124,5690,COST,1m
2026-05-11 19:36:00+00:00,996.4299926757812,996.6799926757812,995.8900146484376,996.1199951171876,4146,COST,1m
2026-05-11 19:37:00+00:00,995.7999877929688,996.0,995.5399780273438,995.844970703125,3729,COST,1m
2026-05-11 19:38:00+00:00,996.0,996.0,995.3900146484376,995.3900146484376,2809,COST,1m
2026-05-11 19:39:00+00:00,995.2999877929688,995.532470703125,995.1900024414062,995.4600219726562,2882,COST,1m
2026-05-11 19:40:00+00:00,995.4650268554688,995.7899780273438,995.4650268554688,995.5650024414062,2008,COST,1m
2026-05-11 19:41:00+00:00,995.5650024414062,995.72998046875,995.4849853515624,995.6099853515624,2300,COST,1m
2026-05-11 19:42:00+00:00,995.5150146484376,995.9299926757812,995.010009765625,995.1849975585938,3963,COST,1m
2026-05-11 19:43:00+00:00,995.1900024414062,995.1900024414062,994.5250244140624,994.7000122070312,5423,COST,1m
2026-05-11 19:44:00+00:00,994.9600219726562,995.4099731445312,994.89501953125,995.3699951171876,3009,COST,1m
2026-05-11 19:45:00+00:00,995.4500122070312,996.0,995.2100219726562,995.2100219726562,7387,COST,1m
2026-05-11 19:46:00+00:00,995.25,996.114990234375,995.1599731445312,996.114990234375,3826,COST,1m
2026-05-11 19:47:00+00:00,995.905029296875,996.469970703125,995.905029296875,996.3400268554688,3439,COST,1m
2026-05-11 19:48:00+00:00,996.3018798828124,996.7000122070312,996.1900024414062,996.6400146484376,4205,COST,1m
2026-05-11 19:49:00+00:00,996.7000122070312,997.4000244140624,996.7000122070312,997.25,6063,COST,1m
2026-05-11 19:50:00+00:00,997.4000244140624,998.3499755859376,997.4000244140624,998.2949829101562,11350,COST,1m
2026-05-11 19:51:00+00:00,998.2999877929688,999.3099975585938,998.2999877929688,999.3099975585938,8189,COST,1m
2026-05-11 19:52:00+00:00,999.2249755859376,999.6599731445312,999.2249755859376,999.614990234375,8379,COST,1m
2026-05-11 19:53:00+00:00,999.6199951171876,999.7899780273438,999.3099975585938,999.5150146484376,11335,COST,1m
2026-05-11 19:54:00+00:00,999.52001953125,999.8599243164062,998.5499877929688,999.0,12592,COST,1m
2026-05-11 19:55:00+00:00,999.219970703125,999.8699951171876,998.760009765625,999.1300048828124,12605,COST,1m
2026-05-11 19:56:00+00:00,999.0999755859376,999.219970703125,998.719970703125,999.1099853515624,13552,COST,1m
2026-05-11 19:57:00+00:00,999.1099853515624,999.489990234375,998.8699951171876,999.219970703125,16449,COST,1m
2026-05-11 19:58:00+00:00,999.3150024414062,999.9400024414062,999.2100219726562,999.8099975585938,20720,COST,1m
2026-05-11 19:59:00+00:00,999.8099975585938,999.9099731445312,999.2100219726562,999.2999877929688,36772,COST,1m
2026-05-12 13:30:00+00:00,1004.1500244140624,1006.25341796875,1002.5501098632812,1005.3099975585938,66140,COST,1m
2026-05-12 13:31:00+00:00,1002.989990234375,1004.0599975585938,1001.7160034179688,1003.7050170898438,6403,COST,1m
2026-05-12 13:32:00+00:00,1005.0,1005.0,1001.1400146484376,1003.0499877929688,2863,COST,1m
2026-05-12 13:33:00+00:00,1003.0499877929688,1003.4550170898438,1001.1400146484376,1003.4550170898438,2394,COST,1m
2026-05-12 13:34:00+00:00,1005.0,1005.0,1003.0999755859376,1003.5800170898438,4861,COST,1m
2026-05-12 13:35:00+00:00,1003.8300170898438,1005.0,1002.1400146484376,1004.5599975585938,3252,COST,1m
2026-05-12 13:36:00+00:00,1005.0,1006.7249755859376,1005.0,1006.6699829101562,7576,COST,1m
2026-05-12 13:37:00+00:00,1006.5800170898438,1007.1799926757812,1005.0599975585938,1005.0599975585938,5424,COST,1m
2026-05-12 13:38:00+00:00,1005.9600219726562,1006.9849853515624,1004.5,1004.9149780273438,3525,COST,1m
2026-05-12 13:39:00+00:00,1004.9149780273438,1006.0,1004.9149780273438,1005.3400268554688,2154,COST,1m
2026-05-12 13:40:00+00:00,1005.7899780273438,1006.1799926757812,1003.1699829101562,1004.6199951171876,5338,COST,1m
2026-05-12 13:41:00+00:00,1004.375,1005.3798828125,1003.6077880859376,1003.8699951171876,3888,COST,1m
2026-05-12 13:42:00+00:00,1003.260009765625,1004.0,1002.9384765625,1002.9384765625,3128,COST,1m
2026-05-12 13:43:00+00:00,1003.010009765625,1004.3300170898438,1002.969970703125,1003.8200073242188,3931,COST,1m
2026-05-12 13:44:00+00:00,1003.9500122070312,1004.6500244140624,1003.9500122070312,1003.989990234375,1540,COST,1m
2026-05-12 13:45:00+00:00,1004.1849975585938,1004.2000122070312,1002.4600830078124,1003.6699829101562,4317,COST,1m
2026-05-12 13:46:00+00:00,1003.0,1003.4400024414062,1003.0,1003.2949829101562,2717,COST,1m
2026-05-12 13:47:00+00:00,1002.27001953125,1007.3900146484376,1002.27001953125,1007.3900146484376,9396,COST,1m
2026-05-12 13:48:00+00:00,1007.02001953125,1007.5499877929688,1006.6799926757812,1007.0307006835938,5199,COST,1m
2026-05-12 13:49:00+00:00,1006.864990234375,1007.3450927734376,1006.0399780273438,1006.0449829101562,2143,COST,1m
2026-05-12 13:50:00+00:00,1005.0900268554688,1007.77001953125,1005.0900268554688,1007.77001953125,3985,COST,1m
2026-05-12 13:51:00+00:00,1007.7498779296876,1008.5,1006.0499877929688,1008.4349975585938,10734,COST,1m
2026-05-12 13:52:00+00:00,1008.4500122070312,1008.659912109375,1007.3400268554688,1007.3900146484376,3852,COST,1m
2026-05-12 13:53:00+00:00,1007.6312866210938,1007.6312866210938,1007.1500244140624,1007.1500244140624,1609,COST,1m
2026-05-12 13:54:00+00:00,1007.4600219726562,1007.4600219726562,1006.2000122070312,1006.52001953125,1905,COST,1m
2026-05-12 13:55:00+00:00,1006.6719970703124,1009.989990234375,1006.6719970703124,1009.6060180664062,12042,COST,1m
2026-05-12 13:56:00+00:00,1009.1300048828124,1010.9199829101562,1009.030029296875,1010.655029296875,7669,COST,1m
2026-05-12 13:57:00+00:00,1010.9199829101562,1012.1199951171876,1010.9199829101562,1011.5800170898438,8239,COST,1m
2026-05-12 13:58:00+00:00,1011.969970703125,1012.6799926757812,1011.7899780273438,1012.2949829101562,4502,COST,1m
2026-05-12 13:59:00+00:00,1012.260009765625,1013.2000122070312,1012.0,1012.09228515625,11275,COST,1m
2026-05-12 14:00:00+00:00,1011.739990234375,1012.9603271484376,1011.6199951171876,1012.2999267578124,7779,COST,1m
2026-05-12 14:01:00+00:00,1012.2999877929688,1012.5,1010.9700927734376,1011.276123046875,4287,COST,1m
2026-05-12 14:02:00+00:00,1010.9099731445312,1011.7000122070312,1009.0200805664062,1011.7000122070312,6165,COST,1m
2026-05-12 14:03:00+00:00,1011.135009765625,1011.8300170898438,1010.7650146484376,1010.7650146484376,3587,COST,1m
2026-05-12 14:04:00+00:00,1011.0599975585938,1011.0599975585938,1009.719970703125,1010.2550048828124,4187,COST,1m
2026-05-12 14:05:00+00:00,1009.72998046875,1010.2899780273438,1009.52001953125,1010.1099853515624,3780,COST,1m
2026-05-12 14:06:00+00:00,1010.155029296875,1011.030029296875,1009.6199951171876,1010.4000244140624,4165,COST,1m
2026-05-12 14:07:00+00:00,1010.4099731445312,1012.5150146484376,1009.77001953125,1012.2451171875,12872,COST,1m
2026-05-12 14:08:00+00:00,1012.0,1012.739990234375,1011.2249755859376,1011.5399780273438,5479,COST,1m
2026-05-12 14:09:00+00:00,1011.3400268554688,1011.780029296875,1010.4860229492188,1010.9949951171876,2455,COST,1m
2026-05-12 14:10:00+00:00,1010.469970703125,1012.0,1009.8800048828124,1011.5599975585938,4050,COST,1m
2026-05-12 14:11:00+00:00,1011.9600219726562,1013.1799926757812,1011.9600219726562,1012.8099975585938,11666,COST,1m
2026-05-12 14:12:00+00:00,1012.9761962890624,1012.9761962890624,1011.5700073242188,1011.5800170898438,2089,COST,1m
2026-05-12 14:13:00+00:00,1012.0349731445312,1012.3800048828124,1011.25,1012.3800048828124,2747,COST,1m
2026-05-12 14:14:00+00:00,1011.9500122070312,1014.1199951171876,1011.3599853515624,1014.0549926757812,9934,COST,1m
2026-05-12 14:15:00+00:00,1014.1300048828124,1014.47998046875,1013.47998046875,1014.4199829101562,7855,COST,1m
2026-05-12 14:16:00+00:00,1014.6900024414062,1015.409912109375,1014.3599853515624,1014.7999877929688,16174,COST,1m
2026-05-12 14:17:00+00:00,1014.4400024414062,1014.66748046875,1014.1400146484376,1014.35498046875,3713,COST,1m
2026-05-12 14:18:00+00:00,1015.0,1015.030029296875,1013.8200073242188,1014.1450805664062,8034,COST,1m
2026-05-12 14:19:00+00:00,1014.8076171875,1014.8076171875,1011.9299926757812,1012.4450073242188,7266,COST,1m
2026-05-12 14:20:00+00:00,1011.8499755859376,1012.7186889648438,1011.3300170898438,1011.3300170898438,3630,COST,1m
2026-05-12 14:21:00+00:00,1011.4299926757812,1012.1300048828124,1011.0200805664062,1012.1300048828124,3539,COST,1m
2026-05-12 14:22:00+00:00,1011.5800170898438,1012.5999755859376,1011.4299926757812,1012.5999755859376,1600,COST,1m
2026-05-12 14:23:00+00:00,1012.5999755859376,1013.0650024414062,1012.1099853515624,1013.0650024414062,5153,COST,1m
2026-05-12 14:24:00+00:00,1013.1599731445312,1013.9998779296876,1012.4000244140624,1012.7999877929688,2484,COST,1m
2026-05-12 14:25:00+00:00,1012.5900268554688,1014.760009765625,1012.5900268554688,1014.344970703125,3688,COST,1m
2026-05-12 14:26:00+00:00,1014.5,1015.0999755859376,1014.3499755859376,1014.5,5946,COST,1m
2026-05-12 14:27:00+00:00,1015.0,1015.77001953125,1014.52001953125,1015.5150146484376,5107,COST,1m
2026-05-12 14:28:00+00:00,1015.5700073242188,1016.6500244140624,1015.5700073242188,1016.239990234375,8807,COST,1m
2026-05-12 14:29:00+00:00,1016.14501953125,1017.0,1015.8800048828124,1017.0,4889,COST,1m
2026-05-12 14:30:00+00:00,1016.8135986328124,1017.0,1015.8300170898438,1016.6199951171876,6971,COST,1m
2026-05-12 14:31:00+00:00,1016.7191162109376,1016.7191162109376,1014.513427734375,1015.3300170898438,3343,COST,1m
2026-05-12 14:32:00+00:00,1015.239990234375,1015.4400024414062,1014.1300048828124,1014.1300048828124,14855,COST,1m
2026-05-12 14:33:00+00:00,1014.7775268554688,1015.9600219726562,1014.5349731445312,1014.9099731445312,7568,COST,1m
2026-05-12 14:34:00+00:00,1014.91748046875,1015.3800048828124,1014.5574951171876,1014.5574951171876,8392,COST,1m
2026-05-12 14:35:00+00:00,1014.1300048828124,1014.3900146484376,1013.4700927734376,1013.760009765625,9089,COST,1m
2026-05-12 14:36:00+00:00,1013.8250122070312,1014.4000244140624,1012.9901123046876,1012.9901123046876,5762,COST,1m
2026-05-12 14:37:00+00:00,1014.2999877929688,1014.2999877929688,1012.1199951171876,1012.4600219726562,3107,COST,1m
2026-05-12 14:38:00+00:00,1012.1900024414062,1012.1900024414062,1010.0599975585938,1010.8300170898438,4315,COST,1m
2026-05-12 14:39:00+00:00,1010.8350219726562,1011.6099853515624,1010.1199951171876,1011.0349731445312,1565,COST,1m
2026-05-12 14:40:00+00:00,1010.885009765625,1011.52001953125,1010.0,1010.9379272460938,5282,COST,1m
2026-05-12 14:41:00+00:00,1010.5449829101562,1011.1749877929688,1009.7000122070312,1010.4349975585938,4007,COST,1m
2026-05-12 14:42:00+00:00,1010.4349975585938,1010.4349975585938,1009.0,1009.6199951171876,1796,COST,1m
2026-05-12 14:43:00+00:00,1009.8800048828124,1009.9500122070312,1009.4400024414062,1009.6599731445312,1785,COST,1m
2026-05-12 14:44:00+00:00,1010.0,1010.6300048828124,1009.4901123046876,1010.4600219726562,2960,COST,1m
2026-05-12 14:45:00+00:00,1010.1920776367188,1011.2000122070312,1010.1920776367188,1010.7899780273438,3930,COST,1m
2026-05-12 14:46:00+00:00,1010.3699951171876,1010.875,1010.3699951171876,1010.8300170898438,1610,COST,1m
2026-05-12 14:47:00+00:00,1011.0449829101562,1011.239990234375,1010.6500244140624,1010.8936767578124,1972,COST,1m
2026-05-12 14:48:00+00:00,1011.1400146484376,1011.4600219726562,1010.6400146484376,1011.0399780273438,5730,COST,1m
2026-05-12 14:49:00+00:00,1010.6199951171876,1011.4600219726562,1010.4349975585938,1011.0510864257812,2907,COST,1m
2026-05-12 14:50:00+00:00,1011.0499877929688,1014.0800170898438,1010.4400024414062,1014.0549926757812,13344,COST,1m
2026-05-12 14:51:00+00:00,1014.8599853515624,1015.0,1013.760009765625,1014.030029296875,8228,COST,1m
2026-05-12 14:52:00+00:00,1013.77001953125,1013.77001953125,1012.469970703125,1012.7899780273438,3551,COST,1m
2026-05-12 14:53:00+00:00,1013.219970703125,1013.25,1012.0900268554688,1012.4550170898438,3381,COST,1m
2026-05-12 14:54:00+00:00,1013.4998779296876,1013.4998779296876,1012.905029296875,1013.3900146484376,1695,COST,1m
2026-05-12 14:55:00+00:00,1012.489990234375,1014.27001953125,1012.489990234375,1014.27001953125,3432,COST,1m
2026-05-12 14:56:00+00:00,1014.2000122070312,1014.989990234375,1014.2000122070312,1014.7100219726562,4201,COST,1m
2026-05-12 14:57:00+00:00,1014.4400024414062,1016.0,1014.2050170898438,1014.3250122070312,14935,COST,1m
2026-05-12 14:58:00+00:00,1013.8900146484376,1015.489990234375,1013.8001098632812,1015.0,4979,COST,1m
2026-05-12 14:59:00+00:00,1014.75,1016.5798950195312,1014.75,1016.35498046875,3572,COST,1m
2026-05-12 15:00:00+00:00,1015.510009765625,1017.0,1015.510009765625,1017.0,3550,COST,1m
2026-05-12 15:01:00+00:00,1016.8099975585938,1018.0,1016.8099975585938,1017.6799926757812,10998,COST,1m
2026-05-12 15:02:00+00:00,1017.3599853515624,1018.4500122070312,1016.97998046875,1017.4949951171876,8333,COST,1m
2026-05-12 15:03:00+00:00,1017.9600219726562,1017.9600219726562,1017.02001953125,1017.4000244140624,2442,COST,1m
2026-05-12 15:04:00+00:00,1017.0700073242188,1017.5,1016.864990234375,1017.0499877929688,3283,COST,1m
2026-05-12 15:05:00+00:00,1017.8400268554688,1018.5,1017.52001953125,1017.530029296875,3992,COST,1m
2026-05-12 15:06:00+00:00,1017.7650146484376,1018.0098876953124,1016.85498046875,1017.0900268554688,3686,COST,1m
2026-05-12 15:07:00+00:00,1017.385009765625,1017.5098876953124,1016.5399780273438,1016.6749877929688,3176,COST,1m
2026-05-12 15:08:00+00:00,1017.219970703125,1017.3900146484376,1016.85498046875,1017.219970703125,2281,COST,1m
2026-05-12 15:09:00+00:00,1017.3900146484376,1018.0,1017.0300903320312,1017.7050170898438,8631,COST,1m
2026-05-12 15:10:00+00:00,1017.7999877929688,1018.8300170898438,1017.7050170898438,1018.1950073242188,12114,COST,1m
2026-05-12 15:11:00+00:00,1018.1950073242188,1019.75,1018.1950073242188,1019.5499877929688,6815,COST,1m
2026-05-12 15:12:00+00:00,1019.8300170898438,1020.75,1019.6300048828124,1020.1699829101562,15163,COST,1m
2026-05-12 15:13:00+00:00,1020.1649780273438,1020.8699951171876,1019.840087890625,1020.2100219726562,2255,COST,1m
2026-05-12 15:14:00+00:00,1020.4600219726562,1021.4450073242188,1020.0001220703124,1021.4450073242188,4186,COST,1m
2026-05-12 15:15:00+00:00,1021.27001953125,1021.8499755859376,1021.27001953125,1021.6300048828124,7048,COST,1m
2026-05-12 15:16:00+00:00,1021.77001953125,1022.3699951171876,1021.530029296875,1022.3699951171876,5879,COST,1m
2026-05-12 15:17:00+00:00,1022.340576171875,1023.0,1021.9199829101562,1022.427978515625,6743,COST,1m
2026-05-12 15:18:00+00:00,1022.2650146484376,1022.6099853515624,1022.0800170898438,1022.0800170898438,2139,COST,1m
2026-05-12 15:19:00+00:00,1022.0001220703124,1022.1950073242188,1020.989990234375,1021.25,5437,COST,1m
2026-05-12 15:20:00+00:00,1021.2501220703124,1021.72998046875,1021.010009765625,1021.385009765625,2913,COST,1m
2026-05-12 15:21:00+00:00,1021.1799926757812,1021.7490234375,1020.9000244140624,1021.3200073242188,3571,COST,1m
2026-05-12 15:22:00+00:00,1021.9099731445312,1022.6300048828124,1021.7999877929688,1022.6300048828124,3508,COST,1m
2026-05-12 15:23:00+00:00,1022.0499877929688,1023.4500122070312,1021.7899780273438,1023.4500122070312,7282,COST,1m
2026-05-12 15:24:00+00:00,1023.8400268554688,1024.4599609375,1023.0499877929688,1024.030029296875,11252,COST,1m
2026-05-12 15:25:00+00:00,1024.1300048828125,1024.18994140625,1022.4099731445312,1023.1900024414062,5650,COST,1m
2026-05-12 15:26:00+00:00,1024.3699951171875,1024.449951171875,1022.4774780273438,1022.4774780273438,4332,COST,1m
2026-05-12 15:27:00+00:00,1022.6500244140624,1023.0499877929688,1021.9600830078124,1022.5599975585938,3885,COST,1m
2026-05-12 15:28:00+00:00,1022.25,1023.3200073242188,1021.9600219726562,1023.0050048828124,5928,COST,1m
2026-05-12 15:29:00+00:00,1023.0,1023.3900146484376,1022.2526245117188,1023.3599853515624,4916,COST,1m
2026-05-12 15:30:00+00:00,1022.7999877929688,1022.7999877929688,1021.405029296875,1021.405029296875,3531,COST,1m
2026-05-12 15:31:00+00:00,1021.9400024414062,1022.27001953125,1021.0501098632812,1021.97998046875,3821,COST,1m
2026-05-12 15:32:00+00:00,1021.5250244140624,1021.6599731445312,1020.4996948242188,1021.114990234375,4074,COST,1m
2026-05-12 15:33:00+00:00,1020.780029296875,1020.9500122070312,1020.0001220703124,1020.0001220703124,2093,COST,1m
2026-05-12 15:34:00+00:00,1020.2999877929688,1020.47998046875,1019.22998046875,1019.5999755859376,4308,COST,1m
2026-05-12 15:35:00+00:00,1019.3800048828124,1020.385009765625,1019.3800048828124,1020.385009765625,2190,COST,1m
2026-05-12 15:36:00+00:00,1020.125,1020.125,1019.10498046875,1019.4600219726562,2182,COST,1m
2026-05-12 15:37:00+00:00,1019.7000122070312,1019.7000122070312,1018.3886108398438,1018.3886108398438,3128,COST,1m
2026-05-12 15:38:00+00:00,1018.3499755859376,1018.5700073242188,1017.5100708007812,1018.405029296875,2406,COST,1m
2026-05-12 15:39:00+00:00,1018.405029296875,1019.1599731445312,1018.405029296875,1019.1099853515624,2947,COST,1m
2026-05-12 15:40:00+00:00,1017.880126953125,1019.3900146484376,1017.880126953125,1019.0999755859376,5263,COST,1m
2026-05-12 15:41:00+00:00,1018.8499755859376,1020.4600219726562,1018.8499755859376,1020.260009765625,5549,COST,1m
2026-05-12 15:42:00+00:00,1020.3001708984376,1020.97998046875,1020.3001708984376,1020.4951171875,4672,COST,1m
2026-05-12 15:43:00+00:00,1020.4849853515624,1020.8300170898438,1020.1500244140624,1020.1500244140624,5486,COST,1m
2026-05-12 15:44:00+00:00,1020.0800170898438,1020.989990234375,1020.0800170898438,1020.6099853515624,2651,COST,1m
2026-05-12 15:45:00+00:00,1020.6900024414062,1020.97998046875,1019.9099731445312,1020.1478881835938,1355,COST,1m
2026-05-12 15:46:00+00:00,1019.5599975585938,1020.0499877929688,1019.2999877929688,1019.6649780273438,2908,COST,1m
2026-05-12 15:47:00+00:00,1019.5549926757812,1020.280029296875,1019.5549926757812,1019.989990234375,3737,COST,1m
2026-05-12 15:48:00+00:00,1020.239990234375,1020.5900268554688,1019.9500122070312,1019.9500122070312,2075,COST,1m
2026-05-12 15:49:00+00:00,1020.0499877929688,1020.0999755859376,1019.7050170898438,1019.7050170898438,1263,COST,1m
2026-05-12 15:50:00+00:00,1020.0689697265624,1020.0689697265624,1018.8200073242188,1019.4349975585938,4034,COST,1m
2026-05-12 15:51:00+00:00,1019.385009765625,1020.0,1018.9500732421876,1019.1900024414062,7909,COST,1m
2026-05-12 15:52:00+00:00,1018.7901000976562,1020.0,1018.7901000976562,1020.0,3693,COST,1m
2026-05-12 15:53:00+00:00,1020.0900268554688,1020.0900268554688,1018.6801147460938,1019.5399780273438,4352,COST,1m
2026-05-12 15:54:00+00:00,1019.6699829101562,1020.97998046875,1019.635009765625,1020.97998046875,3984,COST,1m
2026-05-12 15:55:00+00:00,1020.530029296875,1021.5599975585938,1020.530029296875,1021.2249755859376,7634,COST,1m
2026-05-12 15:56:00+00:00,1020.760009765625,1021.0999755859376,1020.13720703125,1020.7550048828124,2385,COST,1m
2026-05-12 15:57:00+00:00,1021.1799926757812,1021.7899780273438,1020.6201171875,1021.75,4511,COST,1m
2026-05-12 15:58:00+00:00,1021.780029296875,1022.2100219726562,1021.0501098632812,1021.0601196289062,6633,COST,1m
2026-05-12 15:59:00+00:00,1021.989990234375,1021.989990234375,1021.0499877929688,1021.0499877929688,6073,COST,1m
2026-05-12 16:00:00+00:00,1021.3099975585938,1021.5800170898438,1019.4000244140624,1019.5,5749,COST,1m
2026-05-12 16:01:00+00:00,1019.5050048828124,1019.5050048828124,1019.4949951171876,1019.4949951171876,1361,COST,1m
2026-05-12 16:02:00+00:00,1019.4299926757812,1019.958984375,1019.2999877929688,1019.4349975585938,1110,COST,1m
2026-05-12 16:03:00+00:00,1018.8699951171876,1019.2999877929688,1018.3975830078124,1019.2999877929688,2556,COST,1m
2026-05-12 16:04:00+00:00,1018.35009765625,1019.969970703125,1018.35009765625,1019.8099975585938,2443,COST,1m
2026-05-12 16:05:00+00:00,1019.3400268554688,1019.3400268554688,1017.8709716796876,1017.8709716796876,1954,COST,1m
2026-05-12 16:06:00+00:00,1018.2949829101562,1018.7000122070312,1018.0100708007812,1018.0750122070312,3533,COST,1m
2026-05-12 16:07:00+00:00,1018.010009765625,1018.510009765625,1017.5900268554688,1018.510009765625,2274,COST,1m
2026-05-12 16:08:00+00:00,1018.9099731445312,1018.9600219726562,1018.3800048828124,1018.9299926757812,1543,COST,1m
2026-05-12 16:09:00+00:00,1019.260009765625,1019.8499755859376,1018.4801025390624,1018.4801025390624,1779,COST,1m
2026-05-12 16:10:00+00:00,1019.2088012695312,1019.8400268554688,1019.02001953125,1019.0399780273438,1900,COST,1m
2026-05-12 16:11:00+00:00,1018.5800170898438,1019.22998046875,1018.5700073242188,1018.9199829101562,4272,COST,1m
2026-05-12 16:12:00+00:00,1018.4849853515624,1018.9998779296876,1018.2899780273438,1018.989990234375,1465,COST,1m
2026-05-12 16:13:00+00:00,1018.3150024414062,1018.3150024414062,1018.02001953125,1018.0349731445312,1038,COST,1m
2026-05-12 16:14:00+00:00,1018.4000244140624,1018.4000244140624,1017.469970703125,1017.47998046875,1719,COST,1m
2026-05-12 16:15:00+00:00,1017.280029296875,1018.4000244140624,1017.2000122070312,1018.1799926757812,2615,COST,1m
2026-05-12 16:16:00+00:00,1018.3499755859376,1018.530029296875,1018.0800170898438,1018.0800170898438,1969,COST,1m
2026-05-12 16:17:00+00:00,1018.0800170898438,1018.489990234375,1017.9099731445312,1018.1849975585938,1573,COST,1m
2026-05-12 16:18:00+00:00,1018.1849975585938,1018.6199951171876,1017.8800048828124,1018.6199951171876,1635,COST,1m
2026-05-12 16:19:00+00:00,1018.4500122070312,1018.760009765625,1018.4000244140624,1018.4000244140624,2958,COST,1m
2026-05-12 16:20:00+00:00,1018.8400268554688,1019.0599975585938,1018.625,1019.0599975585938,2318,COST,1m
2026-05-12 16:21:00+00:00,1019.0499877929688,1019.2899780273438,1019.0499877929688,1019.2899780273438,1033,COST,1m
2026-05-12 16:22:00+00:00,1019.2999877929688,1019.47998046875,1018.9099731445312,1018.9099731445312,1021,COST,1m
2026-05-12 16:23:00+00:00,1018.5,1020.0,1018.5,1019.989990234375,3744,COST,1m
2026-05-12 16:24:00+00:00,1019.35009765625,1020.0700073242188,1019.35009765625,1019.989990234375,2222,COST,1m
2026-05-12 16:25:00+00:00,1019.6500244140624,1020.0,1019.3101196289062,1020.0,893,COST,1m
2026-05-12 16:26:00+00:00,1019.8300170898438,1019.9600219726562,1019.3099975585938,1019.9000244140624,1248,COST,1m
2026-05-12 16:27:00+00:00,1019.5499877929688,1020.010009765625,1019.5499877929688,1019.989990234375,3181,COST,1m
2026-05-12 16:28:00+00:00,1019.8049926757812,1019.989990234375,1019.260009765625,1019.260009765625,1578,COST,1m
2026-05-12 16:29:00+00:00,1019.4299926757812,1020.469970703125,1019.4299926757812,1020.0,2912,COST,1m
2026-05-12 16:30:00+00:00,1020.030029296875,1020.030029296875,1019.0999755859376,1019.0999755859376,1107,COST,1m
2026-05-12 16:31:00+00:00,1019.4500122070312,1020.1500244140624,1019.3599853515624,1020.1500244140624,2659,COST,1m
2026-05-12 16:32:00+00:00,1020.1500244140624,1020.8900146484376,1020.0999755859376,1020.8455810546876,2171,COST,1m
2026-05-12 16:33:00+00:00,1020.8499755859376,1020.8900146484376,1020.3099975585938,1020.5349731445312,1940,COST,1m
2026-05-12 16:34:00+00:00,1021.0,1021.14501953125,1020.330078125,1020.9000244140624,2559,COST,1m
2026-05-12 16:35:00+00:00,1021.5999755859376,1021.5999755859376,1021.1400146484376,1021.5900268554688,1096,COST,1m
2026-05-12 16:36:00+00:00,1021.719970703125,1021.8132934570312,1021.0413208007812,1021.5399780273438,17299,COST,1m
2026-05-12 16:37:00+00:00,1021.5449829101562,1021.5449829101562,1020.8300170898438,1021.1649780273438,2053,COST,1m
2026-05-12 16:38:00+00:00,1021.0,1022.0,1021.0,1021.375,3387,COST,1m
2026-05-12 16:39:00+00:00,1021.094970703125,1022.2698974609376,1021.094970703125,1021.8400268554688,4110,COST,1m
2026-05-12 16:40:00+00:00,1021.8400268554688,1022.4299926757812,1021.4199829101562,1021.4600219726562,3032,COST,1m
2026-05-12 16:41:00+00:00,1021.530029296875,1022.969970703125,1021.5001220703124,1022.9099731445312,4872,COST,1m
2026-05-12 16:42:00+00:00,1023.0,1023.0,1022.2974853515624,1022.8800048828124,4740,COST,1m
2026-05-12 16:43:00+00:00,1022.6699829101562,1023.0,1022.1599731445312,1022.3400268554688,3298,COST,1m
2026-05-12 16:44:00+00:00,1022.0999755859376,1022.344970703125,1021.5999755859376,1021.8400268554688,1946,COST,1m
2026-05-12 16:45:00+00:00,1021.8400268554688,1021.8800048828124,1021.2899780273438,1021.2899780273438,2275,COST,1m
2026-05-12 16:46:00+00:00,1021.4550170898438,1022.2100219726562,1021.4299926757812,1021.85498046875,2225,COST,1m
2026-05-12 16:47:00+00:00,1021.510009765625,1021.6500244140624,1021.0300903320312,1021.1199951171876,2342,COST,1m
2026-05-12 16:48:00+00:00,1021.989990234375,1022.030029296875,1021.3499755859376,1021.7100219726562,3163,COST,1m
2026-05-12 16:49:00+00:00,1021.7650146484376,1022.2899780273438,1021.5499877929688,1021.9700927734376,4860,COST,1m
2026-05-12 16:50:00+00:00,1021.9801025390624,1022.47998046875,1021.72998046875,1022.47998046875,2516,COST,1m
2026-05-12 16:51:00+00:00,1022.4299926757812,1022.9099731445312,1021.969970703125,1022.9099731445312,2753,COST,1m
2026-05-12 16:52:00+00:00,1022.5700073242188,1023.3900146484376,1022.5700073242188,1022.6768188476562,5930,COST,1m
2026-05-12 16:53:00+00:00,1023.3900146484376,1024.2900390625,1022.6099853515624,1024.280029296875,10224,COST,1m
2026-05-12 16:54:00+00:00,1024.199951171875,1024.3499755859375,1023.7899780273438,1024.0299072265625,4989,COST,1m
2026-05-12 16:55:00+00:00,1023.6649780273438,1024.4300537109375,1023.2999877929688,1023.8099975585938,3891,COST,1m
2026-05-12 16:56:00+00:00,1023.0599975585938,1023.780029296875,1023.0599975585938,1023.52001953125,1171,COST,1m
2026-05-12 16:57:00+00:00,1023.9600219726562,1024.5400390625,1023.9550170898438,1024.0400390625,2832,COST,1m
2026-05-12 16:58:00+00:00,1024.3199462890625,1024.550048828125,1024.1600341796875,1024.550048828125,5252,COST,1m
2026-05-12 16:59:00+00:00,1024.550048828125,1024.8900146484375,1024.2099609375,1024.5400390625,3534,COST,1m
2026-05-12 17:00:00+00:00,1024.280029296875,1024.699951171875,1023.719970703125,1024.699951171875,3300,COST,1m
2026-05-12 17:01:00+00:00,1024.6600341796875,1026.0,1024.2100830078125,1025.635009765625,20497,COST,1m
2026-05-12 17:02:00+00:00,1025.280029296875,1025.68994140625,1025.068115234375,1025.068115234375,1940,COST,1m
2026-05-12 17:03:00+00:00,1025.7900390625,1025.7900390625,1025.0550537109375,1025.1600341796875,2951,COST,1m
2026-05-12 17:04:00+00:00,1025.1700439453125,1025.6700439453125,1024.9500732421875,1025.280029296875,2447,COST,1m
2026-05-12 17:05:00+00:00,1025.3499755859375,1025.699951171875,1024.93994140625,1025.02001953125,2640,COST,1m
2026-05-12 17:06:00+00:00,1024.81005859375,1025.27001953125,1023.2999877929688,1023.2999877929688,4645,COST,1m
2026-05-12 17:07:00+00:00,1023.5800170898438,1023.77001953125,1023.0001220703124,1023.3900146484376,2634,COST,1m
2026-05-12 17:08:00+00:00,1023.0137939453124,1024.219970703125,1023.0137939453124,1024.005126953125,3219,COST,1m
2026-05-12 17:09:00+00:00,1024.5799560546875,1024.5799560546875,1024.31005859375,1024.31005859375,889,COST,1m
2026-05-12 17:10:00+00:00,1024.449951171875,1024.6600341796875,1023.8701171875,1023.8800048828124,3293,COST,1m
2026-05-12 17:11:00+00:00,1023.47998046875,1024.239990234375,1023.47998046875,1024.18994140625,2564,COST,1m
2026-05-12 17:12:00+00:00,1024.5450439453125,1024.5799560546875,1023.9727783203124,1024.4599609375,2910,COST,1m
2026-05-12 17:13:00+00:00,1024.574951171875,1024.574951171875,1023.49462890625,1024.22998046875,2544,COST,1m
2026-05-12 17:14:00+00:00,1023.6199951171876,1023.6199951171876,1023.030029296875,1023.239990234375,2227,COST,1m
2026-05-12 17:15:00+00:00,1023.25,1023.7789916992188,1022.4777221679688,1022.4777221679688,3717,COST,1m
2026-05-12 17:16:00+00:00,1022.85498046875,1023.1599731445312,1022.85498046875,1022.8599853515624,1066,COST,1m
2026-05-12 17:17:00+00:00,1022.6799926757812,1022.9099731445312,1022.6749877929688,1022.7100219726562,1204,COST,1m
2026-05-12 17:18:00+00:00,1022.52001953125,1022.7100219726562,1021.4099731445312,1022.2899169921876,3041,COST,1m
2026-05-12 17:19:00+00:00,1021.4199829101562,1022.5999755859376,1021.4199829101562,1021.780029296875,2068,COST,1m
2026-05-12 17:20:00+00:00,1021.905029296875,1022.7000122070312,1021.7999877929688,1022.7000122070312,3094,COST,1m
2026-05-12 17:21:00+00:00,1022.3049926757812,1022.6798706054688,1021.8599853515624,1021.8599853515624,1983,COST,1m
2026-05-12 17:22:00+00:00,1022.02001953125,1022.02001953125,1021.530029296875,1021.6614990234376,1551,COST,1m
2026-05-12 17:23:00+00:00,1021.530029296875,1021.530029296875,1021.010009765625,1021.2899780273438,3881,COST,1m
2026-05-12 17:24:00+00:00,1020.8200073242188,1020.8900146484376,1020.4099731445312,1020.7999877929688,3802,COST,1m
2026-05-12 17:25:00+00:00,1020.655029296875,1022.52001953125,1020.52001953125,1022.52001953125,8169,COST,1m
2026-05-12 17:26:00+00:00,1022.6500244140624,1022.6500244140624,1022.0,1022.0,2325,COST,1m
2026-05-12 17:27:00+00:00,1022.1500244140624,1023.0,1022.1099853515624,1022.7100219726562,2418,COST,1m
2026-05-12 17:28:00+00:00,1022.9000244140624,1023.1599731445312,1022.260009765625,1022.5800170898438,3629,COST,1m
2026-05-12 17:29:00+00:00,1022.3800048828124,1022.3800048828124,1021.510009765625,1021.7150268554688,2204,COST,1m
2026-05-12 17:30:00+00:00,1021.52001953125,1021.9099731445312,1020.7033081054688,1020.7033081054688,2790,COST,1m
2026-05-12 17:31:00+00:00,1021.030029296875,1021.239990234375,1020.75,1020.75,4272,COST,1m
2026-05-12 17:32:00+00:00,1020.75,1021.52001953125,1019.989990234375,1021.469970703125,4659,COST,1m
2026-05-12 17:33:00+00:00,1021.0449829101562,1021.47998046875,1019.469970703125,1019.6802978515624,2869,COST,1m
2026-05-12 17:34:00+00:00,1019.864990234375,1019.864990234375,1019.5599975585938,1019.6500244140624,1451,COST,1m
2026-05-12 17:35:00+00:00,1020.1199951171876,1020.7000122070312,1019.0,1020.7000122070312,2231,COST,1m
2026-05-12 17:36:00+00:00,1020.4000244140624,1020.6900024414062,1019.1201171875,1020.02001953125,1193,COST,1m
2026-05-12 17:37:00+00:00,1020.3599853515624,1020.3599853515624,1020.0200805664062,1020.0200805664062,1460,COST,1m
2026-05-12 17:38:00+00:00,1020.47998046875,1020.9199829101562,1019.8499755859376,1020.9199829101562,1496,COST,1m
2026-05-12 17:39:00+00:00,1020.5,1020.8699951171876,1020.4500122070312,1020.8699951171876,829,COST,1m
2026-05-12 17:40:00+00:00,1020.4600219726562,1021.015625,1020.0601196289062,1020.0601196289062,4551,COST,1m
2026-05-12 17:41:00+00:00,1020.405029296875,1020.405029296875,1020.0809936523438,1020.375,712,COST,1m
2026-05-12 17:42:00+00:00,1020.375,1020.6300048828124,1020.0999755859376,1020.405029296875,1026,COST,1m
2026-05-12 17:43:00+00:00,1020.469970703125,1020.489990234375,1020.219970703125,1020.489990234375,2080,COST,1m
2026-05-12 17:44:00+00:00,1020.3599853515624,1020.6301879882812,1020.239990234375,1020.6301879882812,4392,COST,1m
2026-05-12 17:45:00+00:00,1020.6699829101562,1020.8400268554688,1020.4199829101562,1020.8400268554688,880,COST,1m
2026-05-12 17:46:00+00:00,1020.4199829101562,1020.9099731445312,1020.4199829101562,1020.60498046875,1736,COST,1m
2026-05-12 17:47:00+00:00,1020.6099853515624,1020.6099853515624,1020.1900024414062,1020.1900024414062,1414,COST,1m
2026-05-12 17:48:00+00:00,1020.375,1020.9600219726562,1020.2000122070312,1020.2000122070312,510,COST,1m
2026-05-12 17:49:00+00:00,1020.3800048828124,1020.9600219726562,1019.7899780273438,1020.0800170898438,1969,COST,1m
2026-05-12 17:50:00+00:00,1019.655029296875,1020.1900024414062,1019.655029296875,1019.9099731445312,1912,COST,1m
2026-05-12 17:51:00+00:00,1020.2999877929688,1020.4199829101562,1020.2100219726562,1020.4199829101562,510,COST,1m
2026-05-12 17:52:00+00:00,1019.8101196289062,1020.3800048828124,1019.7050170898438,1019.7550048828124,1543,COST,1m
2026-05-12 17:53:00+00:00,1019.7550048828124,1020.25,1019.2600708007812,1020.25,1555,COST,1m
2026-05-12 17:54:00+00:00,1020.0618286132812,1020.4299926757812,1020.0618286132812,1020.2849731445312,1102,COST,1m
2026-05-12 17:55:00+00:00,1020.2150268554688,1020.2150268554688,1019.6500244140624,1019.864990234375,976,COST,1m
2026-05-12 17:56:00+00:00,1019.9450073242188,1020.6300048828124,1019.0499877929688,1019.0499877929688,1859,COST,1m
2026-05-12 17:57:00+00:00,1019.4650268554688,1019.8800048828124,1019.0599975585938,1019.8800048828124,1235,COST,1m
2026-05-12 17:58:00+00:00,1019.4749755859376,1019.9600219726562,1019.280029296875,1019.9600219726562,3944,COST,1m
2026-05-12 17:59:00+00:00,1020.2249755859376,1020.6699829101562,1019.469970703125,1020.030029296875,1531,COST,1m
2026-05-12 18:00:00+00:00,1020.14501953125,1020.14501953125,1019.5914916992188,1020.10498046875,1965,COST,1m
2026-05-12 18:01:00+00:00,1020.7000122070312,1020.7000122070312,1020.489990234375,1020.489990234375,627,COST,1m
2026-05-12 18:02:00+00:00,1020.1799926757812,1020.1799926757812,1019.02001953125,1019.5800170898438,2013,COST,1m
2026-05-12 18:03:00+00:00,1019.364990234375,1019.780029296875,1019.2849731445312,1019.2849731445312,2975,COST,1m
2026-05-12 18:04:00+00:00,1019.030029296875,1019.39501953125,1018.625,1019.3900146484376,2187,COST,1m
2026-05-12 18:05:00+00:00,1019.3200073242188,1019.3250122070312,1019.0999755859376,1019.3250122070312,992,COST,1m
2026-05-12 18:06:00+00:00,1019.3300170898438,1019.5465698242188,1018.8900756835938,1019.0700073242188,2995,COST,1m
2026-05-12 18:07:00+00:00,1019.4949951171876,1020.6860961914062,1019.3800048828124,1020.6860961914062,3665,COST,1m
2026-05-12 18:08:00+00:00,1020.4400024414062,1021.1900024414062,1020.4400024414062,1021.1900024414062,2292,COST,1m
2026-05-12 18:09:00+00:00,1021.1799926757812,1021.3599853515624,1020.9299926757812,1020.9299926757812,2030,COST,1m
2026-05-12 18:10:00+00:00,1021.0449829101562,1021.0499877929688,1020.6099853515624,1020.6500244140624,1938,COST,1m
2026-05-12 18:11:00+00:00,1020.6500244140624,1021.0,1020.2899780273438,1020.2899780273438,1817,COST,1m
2026-05-12 18:12:00+00:00,1020.3499755859376,1020.4990844726562,1019.7501220703124,1020.0750122070312,3931,COST,1m
2026-05-12 18:13:00+00:00,1020.5,1020.5999755859376,1020.110107421875,1020.5549926757812,1406,COST,1m
2026-05-12 18:14:00+00:00,1020.5549926757812,1020.5599975585938,1020.02001953125,1020.4500122070312,2606,COST,1m
2026-05-12 18:15:00+00:00,1020.4400024414062,1020.4400024414062,1019.860107421875,1020.4099731445312,2703,COST,1m
2026-05-12 18:16:00+00:00,1020.405029296875,1020.9500122070312,1020.0599975585938,1020.3599853515624,4451,COST,1m
2026-05-12 18:17:00+00:00,1019.9401245117188,1020.469970703125,1019.4749755859376,1020.0250244140624,8373,COST,1m
2026-05-12 18:18:00+00:00,1019.6500244140624,1020.0,1019.2778930664062,1019.52001953125,1582,COST,1m
2026-05-12 18:19:00+00:00,1019.3099975585938,1019.3099975585938,1019.010009765625,1019.010009765625,491,COST,1m
2026-05-12 18:20:00+00:00,1019.5700073242188,1019.75,1019.5700073242188,1019.5750122070312,860,COST,1m
2026-05-12 18:21:00+00:00,1019.4000244140624,1020.1099853515624,1019.4000244140624,1019.8195190429688,1924,COST,1m
2026-05-12 18:22:00+00:00,1019.7000122070312,1020.0,1019.4099731445312,1020.0,1617,COST,1m
2026-05-12 18:23:00+00:00,1020.1400146484376,1020.2000122070312,1019.4000244140624,1020.2000122070312,1920,COST,1m
2026-05-12 18:24:00+00:00,1020.030029296875,1021.0,1019.8599853515624,1020.4450073242188,2882,COST,1m
2026-05-12 18:25:00+00:00,1020.5,1020.5050048828124,1020.0399780273438,1020.0399780273438,1957,COST,1m
2026-05-12 18:26:00+00:00,1020.5150756835938,1020.5999145507812,1019.8900146484376,1019.8900146484376,3785,COST,1m
2026-05-12 18:27:00+00:00,1019.7899780273438,1020.0999755859376,1019.4349975585938,1019.5900268554688,3061,COST,1m
2026-05-12 18:28:00+00:00,1019.2000122070312,1019.6799926757812,1018.9299926757812,1019.6799926757812,1902,COST,1m
2026-05-12 18:29:00+00:00,1018.9149780273438,1019.8099975585938,1018.9149780273438,1019.5,3549,COST,1m
2026-05-12 18:30:00+00:00,1019.468017578125,1019.468017578125,1018.3200073242188,1018.4500122070312,2360,COST,1m
2026-05-12 18:31:00+00:00,1018.3300170898438,1018.5900268554688,1017.7188110351562,1017.7188110351562,3652,COST,1m
2026-05-12 18:32:00+00:00,1017.880126953125,1019.3599853515624,1017.880126953125,1018.969970703125,736,COST,1m
2026-05-12 18:33:00+00:00,1018.5700073242188,1018.5850219726562,1017.97998046875,1018.5850219726562,1267,COST,1m
2026-05-12 18:34:00+00:00,1018.5850219726562,1018.760009765625,1018.2999877929688,1018.2999877929688,1929,COST,1m
2026-05-12 18:35:00+00:00,1018.5,1018.760009765625,1018.1300048828124,1018.2000122070312,1186,COST,1m
2026-05-12 18:36:00+00:00,1018.1400146484376,1018.8300170898438,1018.1400146484376,1018.3900146484376,2372,COST,1m
2026-05-12 18:37:00+00:00,1018.3599853515624,1018.97998046875,1018.1400146484376,1018.5750122070312,1613,COST,1m
2026-05-12 18:38:00+00:00,1018.989990234375,1019.0,1018.1799926757812,1018.8900146484376,2015,COST,1m
2026-05-12 18:39:00+00:00,1019.14990234375,1019.6400146484376,1018.6799926757812,1019.5700073242188,2587,COST,1m
2026-05-12 18:40:00+00:00,1019.489990234375,1019.7899780273438,1019.2100219726562,1019.7899780273438,1068,COST,1m
2026-05-12 18:41:00+00:00,1019.6199951171876,1020.2100219726562,1019.6199951171876,1020.0499877929688,2050,COST,1m
2026-05-12 18:42:00+00:00,1020.5299072265624,1020.5299072265624,1020.0,1020.3900146484376,2266,COST,1m
2026-05-12 18:43:00+00:00,1020.1199951171876,1020.7100219726562,1020.0399780273438,1020.3400268554688,1739,COST,1m
2026-05-12 18:44:00+00:00,1020.739990234375,1020.739990234375,1020.3200073242188,1020.739990234375,1837,COST,1m
2026-05-12 18:45:00+00:00,1020.8049926757812,1021.5900268554688,1020.8049926757812,1021.1400146484376,4132,COST,1m
2026-05-12 18:46:00+00:00,1021.1400146484376,1021.1400146484376,1020.3900146484376,1020.9000244140624,2208,COST,1m
2026-05-12 18:47:00+00:00,1020.969970703125,1021.0700073242188,1020.5225219726562,1020.6599731445312,1630,COST,1m
2026-05-12 18:48:00+00:00,1020.8900146484376,1021.3499755859376,1020.8900146484376,1020.9349975585938,654,COST,1m
2026-05-12 18:49:00+00:00,1020.9400024414062,1020.9400024414062,1020.4400024414062,1020.4400024414062,1519,COST,1m
2026-05-12 18:50:00+00:00,1020.2899780273438,1020.9500122070312,1020.2899780273438,1020.375,1380,COST,1m
2026-05-12 18:51:00+00:00,1020.3599853515624,1020.5816040039062,1019.7501220703124,1019.7501220703124,1031,COST,1m
2026-05-12 18:52:00+00:00,1020.2550048828124,1020.5,1019.7849731445312,1020.1699829101562,2302,COST,1m
2026-05-12 18:53:00+00:00,1020.2000122070312,1020.2000122070312,1020.2000122070312,1020.2000122070312,628,COST,1m
2026-05-12 18:54:00+00:00,1020.1199951171876,1020.3300170898438,1020.1199951171876,1020.3300170898438,2150,COST,1m
2026-05-12 18:55:00+00:00,1020.4400024414062,1020.6400146484376,1019.1699829101562,1019.1699829101562,5894,COST,1m
2026-05-12 18:56:00+00:00,1019.3150024414062,1019.4349975585938,1018.780029296875,1019.3099975585938,1924,COST,1m
2026-05-12 18:57:00+00:00,1019.3800048828124,1020.7000122070312,1019.010009765625,1019.8300170898438,3402,COST,1m
2026-05-12 18:58:00+00:00,1019.7418212890624,1021.739990234375,1019.7418212890624,1021.739990234375,2483,COST,1m
2026-05-12 18:59:00+00:00,1021.4849853515624,1022.469970703125,1021.4849853515624,1022.469970703125,7152,COST,1m
2026-05-12 19:00:00+00:00,1021.760009765625,1021.760009765625,1020.7432861328124,1021.27001953125,2654,COST,1m
2026-05-12 19:01:00+00:00,1021.0050048828124,1021.77001953125,1021.0050048828124,1021.2349853515624,1352,COST,1m
2026-05-12 19:02:00+00:00,1021.22998046875,1021.760009765625,1021.1099853515624,1021.1099853515624,2828,COST,1m
2026-05-12 19:03:00+00:00,1021.0700073242188,1021.5499877929688,1020.635009765625,1021.0650024414062,3017,COST,1m
2026-05-12 19:04:00+00:00,1020.8200073242188,1020.9949951171876,1019.9600219726562,1019.9600219726562,3001,COST,1m
2026-05-12 19:05:00+00:00,1020.1649780273438,1021.1599731445312,1019.880126953125,1021.1599731445312,3693,COST,1m
2026-05-12 19:06:00+00:00,1020.9600219726562,1021.1699829101562,1020.27001953125,1020.407470703125,3782,COST,1m
2026-05-12 19:07:00+00:00,1020.7100219726562,1020.7100219726562,1020.4149780273438,1020.4299926757812,886,COST,1m
2026-05-12 19:08:00+00:00,1020.344970703125,1020.344970703125,1019.630126953125,1019.934814453125,2951,COST,1m
2026-05-12 19:09:00+00:00,1019.8900146484376,1020.47998046875,1019.8900146484376,1020.2100219726562,4079,COST,1m
2026-05-12 19:10:00+00:00,1020.0900268554688,1020.1209716796876,1019.6199951171876,1020.1209716796876,3979,COST,1m
2026-05-12 19:11:00+00:00,1019.6799926757812,1020.1400146484376,1019.6199951171876,1020.1400146484376,2281,COST,1m
2026-05-12 19:12:00+00:00,1020.0349731445312,1020.3198852539062,1018.97998046875,1019.1599731445312,3437,COST,1m
2026-05-12 19:13:00+00:00,1019.155029296875,1019.5,1018.7999877929688,1019.030029296875,2404,COST,1m
2026-05-12 19:14:00+00:00,1019.2899780273438,1019.8200073242188,1018.9400024414062,1019.3900146484376,2991,COST,1m
2026-05-12 19:15:00+00:00,1019.3200073242188,1019.4400024414062,1018.7050170898438,1019.27001953125,3685,COST,1m
2026-05-12 19:16:00+00:00,1019.2550048828124,1020.0499877929688,1019.2550048828124,1019.8499755859376,3105,COST,1m
2026-05-12 19:17:00+00:00,1019.8049926757812,1019.97998046875,1019.3599853515624,1019.97998046875,2628,COST,1m
2026-05-12 19:18:00+00:00,1019.3400268554688,1020.2899780273438,1019.3300170898438,1019.739990234375,3141,COST,1m
2026-05-12 19:19:00+00:00,1019.719970703125,1020.5499877929688,1019.4299926757812,1020.510009765625,3136,COST,1m
2026-05-12 19:20:00+00:00,1020.22998046875,1020.969970703125,1019.22998046875,1020.969970703125,2331,COST,1m
2026-05-12 19:21:00+00:00,1020.77001953125,1021.5700073242188,1020.52001953125,1021.1699829101562,3054,COST,1m
2026-05-12 19:22:00+00:00,1021.0250244140624,1021.5700073242188,1020.72998046875,1021.1099853515624,1272,COST,1m
2026-05-12 19:23:00+00:00,1021.114990234375,1021.489990234375,1021.0399780273438,1021.1300048828124,1912,COST,1m
2026-05-12 19:24:00+00:00,1021.219970703125,1021.5,1021.0634765625,1021.1300048828124,1809,COST,1m
2026-05-12 19:25:00+00:00,1021.47998046875,1021.6900024414062,1021.2349853515624,1021.6099853515624,4529,COST,1m
2026-05-12 19:26:00+00:00,1021.27001953125,1021.27001953125,1020.580078125,1020.9099731445312,3540,COST,1m
2026-05-12 19:27:00+00:00,1021.0449829101562,1021.469970703125,1020.7899780273438,1020.7899780273438,4539,COST,1m
2026-05-12 19:28:00+00:00,1021.0800170898438,1021.6599731445312,1020.8599853515624,1021.219970703125,3897,COST,1m
2026-05-12 19:29:00+00:00,1021.219970703125,1021.6950073242188,1021.219970703125,1021.3099975585938,4235,COST,1m
2026-05-12 19:30:00+00:00,1020.9099731445312,1021.3599853515624,1020.510009765625,1020.8200073242188,2024,COST,1m
2026-05-12 19:31:00+00:00,1020.8200073242188,1021.1199951171876,1020.6900024414062,1021.1199951171876,2182,COST,1m
2026-05-12 19:32:00+00:00,1021.1300048828124,1021.3599853515624,1020.6068725585938,1020.9849853515624,4794,COST,1m
2026-05-12 19:33:00+00:00,1020.9849853515624,1021.3599853515624,1020.97998046875,1020.97998046875,2189,COST,1m
2026-05-12 19:34:00+00:00,1021.3400268554688,1021.3400268554688,1020.6199951171876,1020.8699951171876,3248,COST,1m
2026-05-12 19:35:00+00:00,1021.0700073242188,1021.0700073242188,1020.3441772460938,1020.5750122070312,4657,COST,1m
2026-05-12 19:36:00+00:00,1020.5800170898438,1020.9199829101562,1019.5750122070312,1019.5750122070312,3084,COST,1m
2026-05-12 19:37:00+00:00,1019.6400146484376,1019.6500244140624,1018.6799926757812,1019.3900146484376,7540,COST,1m
2026-05-12 19:38:00+00:00,1019.14501953125,1019.4099731445312,1018.7999877929688,1019.2597045898438,2052,COST,1m
2026-05-12 19:39:00+00:00,1019.135009765625,1019.2100219726562,1018.22998046875,1018.9600219726562,4653,COST,1m
2026-05-12 19:40:00+00:00,1019.1400146484376,1019.1400146484376,1018.6425170898438,1018.7550048828124,2166,COST,1m
2026-05-12 19:41:00+00:00,1018.72998046875,1018.72998046875,1018.3350219726562,1018.5750122070312,4398,COST,1m
2026-05-12 19:42:00+00:00,1018.5349731445312,1018.6500244140624,1018.3300170898438,1018.4849853515624,2044,COST,1m
2026-05-12 19:43:00+00:00,1018.6400146484376,1019.5,1018.6400146484376,1019.5,4849,COST,1m
2026-05-12 19:44:00+00:00,1019.5150146484376,1020.2374877929688,1019.5150146484376,1020.2000122070312,4492,COST,1m
2026-05-12 19:45:00+00:00,1020.5800170898438,1020.989990234375,1020.1668090820312,1020.989990234375,3553,COST,1m
2026-05-12 19:46:00+00:00,1021.0349731445312,1021.3900146484376,1020.6849975585938,1021.3900146484376,5817,COST,1m
2026-05-12 19:47:00+00:00,1021.5,1021.8300170898438,1021.1950073242188,1021.739990234375,1715,COST,1m
2026-05-12 19:48:00+00:00,1021.7999877929688,1021.7999877929688,1020.8599853515624,1020.9500122070312,4393,COST,1m
2026-05-12 19:49:00+00:00,1020.9500122070312,1021.02001953125,1020.6500244140624,1020.7899780273438,5478,COST,1m
2026-05-12 19:50:00+00:00,1020.5800170898438,1021.4099731445312,1020.5800170898438,1021.4099731445312,7730,COST,1m
2026-05-12 19:51:00+00:00,1020.97998046875,1021.2150268554688,1020.780029296875,1021.010009765625,6120,COST,1m
2026-05-12 19:52:00+00:00,1021.0050048828124,1021.780029296875,1020.6099853515624,1021.614990234375,7687,COST,1m
2026-05-12 19:53:00+00:00,1021.614990234375,1021.9929809570312,1021.0200805664062,1021.4349975585938,6956,COST,1m
2026-05-12 19:54:00+00:00,1021.5900268554688,1021.97998046875,1019.4099731445312,1021.8300170898438,10085,COST,1m
2026-05-12 19:55:00+00:00,1021.6799926757812,1023.5,1021.5125122070312,1023.27001953125,14343,COST,1m
2026-05-12 19:56:00+00:00,1023.27001953125,1023.5250244140624,1023.0499877929688,1023.4149780273438,16501,COST,1m
2026-05-12 19:57:00+00:00,1023.219970703125,1023.4199829101562,1022.6099853515624,1023.0,12799,COST,1m
2026-05-12 19:58:00+00:00,1023.010009765625,1023.0599975585938,1022.7000122070312,1022.7349853515624,26635,COST,1m
2026-05-12 19:59:00+00:00,1022.75,1022.8699951171876,1021.614990234375,1021.8900146484376,47857,COST,1m
2026-05-13 13:30:00+00:00,1021.0399780273438,1024.0,1019.0,1023.2449951171876,49756,COST,1m
2026-05-13 13:31:00+00:00,1023.1799926757812,1025.300048828125,1021.9450073242188,1023.989990234375,5750,COST,1m
2026-05-13 13:32:00+00:00,1025.5799560546875,1025.5799560546875,1023.5267944335938,1023.5267944335938,5066,COST,1m
2026-05-13 13:33:00+00:00,1024.699951171875,1025.1099853515625,1024.0,1024.2950439453125,1704,COST,1m
2026-05-13 13:34:00+00:00,1024.2950439453125,1025.89990234375,1022.9871215820312,1024.14501953125,4583,COST,1m
2026-05-13 13:35:00+00:00,1024.4100341796875,1026.9599609375,1024.0201416015625,1026.02294921875,8043,COST,1m
2026-05-13 13:36:00+00:00,1027.1700439453125,1028.0,1026.4749755859375,1027.9100341796875,3697,COST,1m
2026-05-13 13:37:00+00:00,1027.9000244140625,1028.510009765625,1027.0,1028.33984375,6134,COST,1m
2026-05-13 13:38:00+00:00,1028.8800048828125,1032.0,1028.8800048828125,1031.3399658203125,45486,COST,1m
2026-05-13 13:39:00+00:00,1031.4320068359375,1031.64501953125,1030.107666015625,1031.405029296875,5499,COST,1m
2026-05-13 13:40:00+00:00,1031.4383544921875,1033.2899169921875,1030.47998046875,1031.9901123046875,9509,COST,1m
2026-05-13 13:41:00+00:00,1032.06005859375,1032.324951171875,1030.469970703125,1031.9200439453125,6461,COST,1m
2026-05-13 13:42:00+00:00,1032.3399658203125,1035.4898681640625,1032.010009765625,1035.010009765625,23297,COST,1m
2026-05-13 13:43:00+00:00,1035.489990234375,1037.5,1035.47998046875,1037.43994140625,11950,COST,1m
2026-05-13 13:44:00+00:00,1037.0699462890625,1039.0,1037.010009765625,1038.280029296875,9273,COST,1m
2026-05-13 13:45:00+00:00,1038.9150390625,1039.33056640625,1037.2900390625,1038.75,13037,COST,1m
2026-05-13 13:46:00+00:00,1038.844970703125,1039.0,1036.489990234375,1037.635009765625,6976,COST,1m
2026-05-13 13:47:00+00:00,1037.510009765625,1039.1600341796875,1037.510009765625,1039.1600341796875,5761,COST,1m
2026-05-13 13:48:00+00:00,1039.4000244140625,1039.800048828125,1037.030029296875,1037.800048828125,7274,COST,1m
2026-05-13 13:49:00+00:00,1038.3599853515625,1038.64501953125,1036.580078125,1036.97998046875,9925,COST,1m
2026-05-13 13:50:00+00:00,1036.97998046875,1041.5899658203125,1036.199951171875,1041.4449462890625,15455,COST,1m
2026-05-13 13:51:00+00:00,1041.4449462890625,1041.449951171875,1038.0101318359375,1039.06494140625,6591,COST,1m
2026-05-13 13:52:00+00:00,1038.02001953125,1038.5,1037.3045654296875,1038.1500244140625,5032,COST,1m
2026-05-13 13:53:00+00:00,1038.219970703125,1038.219970703125,1037.1199951171875,1037.6700439453125,2185,COST,1m
2026-05-13 13:54:00+00:00,1036.56005859375,1037.8299560546875,1036.0,1036.2149658203125,5325,COST,1m
2026-05-13 13:55:00+00:00,1036.050048828125,1036.75,1035.5150146484375,1036.75,4713,COST,1m
2026-05-13 13:56:00+00:00,1037.3299560546875,1039.9798583984375,1037.2900390625,1039.2900390625,3633,COST,1m
2026-05-13 13:57:00+00:00,1039.344970703125,1041.780029296875,1039.199951171875,1041.669921875,14232,COST,1m
2026-05-13 13:58:00+00:00,1041.5799560546875,1041.9998779296875,1040.56005859375,1041.280029296875,8479,COST,1m
2026-05-13 13:59:00+00:00,1041.8399658203125,1042.52001953125,1040.949951171875,1041.06005859375,6443,COST,1m
2026-05-13 14:00:00+00:00,1041.27001953125,1041.300048828125,1039.1700439453125,1039.7099609375,7373,COST,1m
2026-05-13 14:01:00+00:00,1040.2099609375,1040.3699951171875,1039.2884521484375,1040.0,2688,COST,1m
2026-05-13 14:02:00+00:00,1040.239990234375,1040.81005859375,1039.0885009765625,1040.050048828125,4708,COST,1m
2026-05-13 14:03:00+00:00,1040.43994140625,1040.969970703125,1040.1400146484375,1040.43994140625,2116,COST,1m
2026-05-13 14:04:00+00:00,1040.5699462890625,1040.5699462890625,1039.4100341796875,1039.574951171875,2492,COST,1m
2026-05-13 14:05:00+00:00,1039.1400146484375,1039.489990234375,1038.8800048828125,1039.02001953125,2624,COST,1m
2026-05-13 14:06:00+00:00,1039.0,1039.8800048828125,1038.66015625,1039.8800048828125,2415,COST,1m
2026-05-13 14:07:00+00:00,1039.4849853515625,1039.9300537109375,1038.510009765625,1039.9300537109375,5241,COST,1m
2026-05-13 14:08:00+00:00,1040.0,1041.1400146484375,1038.7000732421875,1040.3499755859375,3246,COST,1m
2026-05-13 14:09:00+00:00,1040.844970703125,1040.844970703125,1038.2200927734375,1038.489990234375,4910,COST,1m
2026-05-13 14:10:00+00:00,1038.7950439453125,1038.7950439453125,1037.3499755859375,1038.02001953125,3423,COST,1m
2026-05-13 14:11:00+00:00,1038.68994140625,1039.4599609375,1037.97998046875,1038.6300048828125,3009,COST,1m
2026-05-13 14:12:00+00:00,1038.6099853515625,1038.6099853515625,1037.25,1037.52001953125,1997,COST,1m
2026-05-13 14:13:00+00:00,1037.9599609375,1037.969970703125,1036.875,1037.2099609375,3466,COST,1m
2026-05-13 14:14:00+00:00,1037.0400390625,1037.0400390625,1035.2449951171875,1035.510009765625,7663,COST,1m
2026-05-13 14:15:00+00:00,1035.8399658203125,1036.5699462890625,1035.0,1035.9100341796875,4720,COST,1m
2026-05-13 14:16:00+00:00,1035.5849609375,1035.6600341796875,1034.9300537109375,1034.97998046875,7709,COST,1m
2026-05-13 14:17:00+00:00,1034.6800537109375,1035.27001953125,1034.0999755859375,1034.780029296875,5403,COST,1m
2026-05-13 14:18:00+00:00,1035.199951171875,1035.199951171875,1034.625,1035.0,2457,COST,1m
2026-05-13 14:19:00+00:00,1034.3299560546875,1034.739990234375,1033.949951171875,1034.1199951171875,3917,COST,1m
2026-05-13 14:20:00+00:00,1034.0,1034.3299560546875,1033.1968994140625,1033.6800537109375,3951,COST,1m
2026-05-13 14:21:00+00:00,1033.86181640625,1033.86181640625,1031.239990234375,1032.1199951171875,3708,COST,1m
2026-05-13 14:22:00+00:00,1032.6199951171875,1032.6199951171875,1031.3699951171875,1031.4300537109375,5292,COST,1m
2026-05-13 14:23:00+00:00,1031.300048828125,1031.5999755859375,1030.26953125,1030.3399658203125,5007,COST,1m
2026-05-13 14:24:00+00:00,1030.22998046875,1030.9649658203125,1030.0,1030.9649658203125,5846,COST,1m
2026-05-13 14:25:00+00:00,1030.9649658203125,1030.9649658203125,1029.7801513671875,1029.7801513671875,4069,COST,1m
2026-05-13 14:26:00+00:00,1030.8800048828125,1031.510009765625,1030.0999755859375,1030.0999755859375,1337,COST,1m
2026-05-13 14:27:00+00:00,1030.5400390625,1030.9150390625,1029.5550537109375,1030.9150390625,3156,COST,1m
2026-05-13 14:28:00+00:00,1030.5849609375,1030.6600341796875,1030.0999755859375,1030.2249755859375,2059,COST,1m
2026-05-13 14:29:00+00:00,1031.010009765625,1031.010009765625,1031.0,1031.010009765625,1720,COST,1m
2026-05-13 14:30:00+00:00,1030.8199462890625,1030.8199462890625,1029.1800537109375,1029.1800537109375,2032,COST,1m
2026-05-13 14:31:00+00:00,1029.1800537109375,1029.9000244140625,1028.7099609375,1029.7900390625,3204,COST,1m
2026-05-13 14:32:00+00:00,1029.625,1029.625,1028.2501220703125,1028.9434814453125,3275,COST,1m
2026-05-13 14:33:00+00:00,1029.31005859375,1029.3299560546875,1028.7174072265625,1028.7174072265625,1448,COST,1m
2026-05-13 14:34:00+00:00,1028.7099609375,1029.4599609375,1028.625,1028.699951171875,2126,COST,1m
2026-05-13 14:35:00+00:00,1028.9649658203125,1029.1142578125,1027.9100341796875,1028.18994140625,3241,COST,1m
2026-05-13 14:36:00+00:00,1027.8900146484375,1028.280029296875,1027.66015625,1027.66015625,3960,COST,1m
2026-05-13 14:37:00+00:00,1027.9000244140625,1028.8304443359375,1027.9000244140625,1028.8304443359375,5309,COST,1m
2026-05-13 14:38:00+00:00,1028.969970703125,1028.969970703125,1028.4200439453125,1028.52001953125,3092,COST,1m
2026-05-13 14:39:00+00:00,1028.52001953125,1028.56494140625,1027.5699462890625,1027.7950439453125,3189,COST,1m
2026-05-13 14:40:00+00:00,1027.510009765625,1027.510009765625,1027.3199462890625,1027.4100341796875,1662,COST,1m
2026-05-13 14:41:00+00:00,1027.5999755859375,1027.75,1027.0,1027.0250244140625,1539,COST,1m
2026-05-13 14:42:00+00:00,1027.0,1027.4305419921875,1026.5,1026.5,3522,COST,1m
2026-05-13 14:43:00+00:00,1026.5,1026.5799560546875,1025.800048828125,1026.239990234375,3077,COST,1m
2026-05-13 14:44:00+00:00,1026.5,1027.280029296875,1026.239990234375,1026.7950439453125,3259,COST,1m
2026-05-13 14:45:00+00:00,1026.52001953125,1027.4998779296875,1026.3199462890625,1026.6500244140625,4489,COST,1m
2026-05-13 14:46:00+00:00,1026.3900146484375,1027.3199462890625,1026.3900146484375,1027.3199462890625,2183,COST,1m
2026-05-13 14:47:00+00:00,1026.9849853515625,1027.7249755859375,1026.5,1026.5,2952,COST,1m
2026-05-13 14:48:00+00:00,1026.199951171875,1027.678955078125,1026.199951171875,1027.0400390625,2310,COST,1m
2026-05-13 14:49:00+00:00,1027.0400390625,1027.75,1027.0400390625,1027.18994140625,1284,COST,1m
2026-05-13 14:50:00+00:00,1027.030029296875,1027.3599853515625,1026.280029296875,1026.2900390625,3480,COST,1m
2026-05-13 14:51:00+00:00,1025.77001953125,1025.77001953125,1025.56005859375,1025.5899658203125,1552,COST,1m
2026-05-13 14:52:00+00:00,1025.4300537109375,1025.4300537109375,1024.780029296875,1024.93994140625,4514,COST,1m
2026-05-13 14:53:00+00:00,1024.949951171875,1024.968994140625,1023.844970703125,1023.844970703125,2088,COST,1m
2026-05-13 14:54:00+00:00,1023.844970703125,1023.844970703125,1023.2100219726562,1023.2100219726562,2155,COST,1m
2026-05-13 14:55:00+00:00,1023.1500854492188,1023.5850219726562,1023.1199951171876,1023.1500244140624,2540,COST,1m
2026-05-13 14:56:00+00:00,1023.10498046875,1023.6712036132812,1023.0549926757812,1023.3599853515624,4053,COST,1m
2026-05-13 14:57:00+00:00,1023.0399780273438,1023.5800170898438,1022.5599975585938,1023.5800170898438,3434,COST,1m
2026-05-13 14:58:00+00:00,1023.6500244140624,1023.75,1023.385009765625,1023.4099731445312,1747,COST,1m
2026-05-13 14:59:00+00:00,1023.4349975585938,1024.4200439453125,1023.1107788085938,1024.4200439453125,4679,COST,1m
2026-05-13 15:00:00+00:00,1024.3199462890625,1024.8499755859375,1024.1500244140625,1024.75,798,COST,1m
2026-05-13 15:01:00+00:00,1024.6400146484375,1024.6400146484375,1024.074951171875,1024.530029296875,1619,COST,1m
2026-05-13 15:02:00+00:00,1024.5,1025.0999755859375,1023.7999877929688,1024.1700439453125,3068,COST,1m
2026-05-13 15:03:00+00:00,1024.0400390625,1024.18994140625,1023.4199829101562,1024.18994140625,2018,COST,1m
2026-05-13 15:04:00+00:00,1024.1800537109375,1024.4200439453125,1023.6201171875,1023.6201171875,1733,COST,1m
2026-05-13 15:05:00+00:00,1024.739990234375,1024.739990234375,1023.9099731445312,1023.9099731445312,1522,COST,1m
2026-05-13 15:06:00+00:00,1024.199951171875,1024.68994140625,1023.9459838867188,1024.2900390625,4381,COST,1m
2026-05-13 15:07:00+00:00,1023.8300170898438,1024.2099609375,1023.8300170898438,1024.155029296875,1419,COST,1m
2026-05-13 15:08:00+00:00,1024.0,1024.72998046875,1023.7899780273438,1024.52001953125,2401,COST,1m
2026-05-13 15:09:00+00:00,1024.31005859375,1024.31005859375,1023.7999877929688,1024.0,3259,COST,1m
2026-05-13 15:10:00+00:00,1024.3699951171875,1024.52001953125,1024.260009765625,1024.3299560546875,2201,COST,1m
2026-05-13 15:11:00+00:00,1024.1600341796875,1025.0999755859375,1024.1500244140625,1025.0999755859375,3018,COST,1m
2026-05-13 15:12:00+00:00,1025.030029296875,1025.1949462890625,1024.7900390625,1024.7900390625,4321,COST,1m
2026-05-13 15:13:00+00:00,1025.22998046875,1025.5,1025.22998046875,1025.5,1360,COST,1m
2026-05-13 15:14:00+00:00,1025.4100341796875,1025.6199951171875,1025.0699462890625,1025.6199951171875,2236,COST,1m
2026-05-13 15:15:00+00:00,1025.0699462890625,1025.0699462890625,1024.469970703125,1024.5400390625,2408,COST,1m
2026-05-13 15:16:00+00:00,1024.81494140625,1024.81494140625,1024.0001220703125,1024.0001220703125,1437,COST,1m
2026-05-13 15:17:00+00:00,1024.4000244140625,1024.489990234375,1024.0,1024.47998046875,1614,COST,1m
2026-05-13 15:18:00+00:00,1024.77001953125,1025.1400146484375,1024.4100341796875,1024.4100341796875,1996,COST,1m
2026-05-13 15:19:00+00:00,1024.81005859375,1024.9329833984375,1024.5001220703125,1024.760009765625,1511,COST,1m
2026-05-13 15:20:00+00:00,1024.8900146484375,1025.2650146484375,1024.760009765625,1025.1400146484375,1759,COST,1m
2026-05-13 15:21:00+00:00,1024.9000244140625,1025.1500244140625,1024.64501953125,1025.010009765625,1881,COST,1m
2026-05-13 15:22:00+00:00,1025.0350341796875,1025.0350341796875,1024.4599609375,1024.4849853515625,1102,COST,1m
2026-05-13 15:23:00+00:00,1024.9599609375,1024.9599609375,1024.0096435546875,1024.574951171875,811,COST,1m
2026-05-13 15:24:00+00:00,1024.7349853515625,1025.0999755859375,1024.7349853515625,1025.0799560546875,2720,COST,1m
2026-05-13 15:25:00+00:00,1024.9849853515625,1025.8800048828125,1024.91015625,1025.8800048828125,1874,COST,1m
2026-05-13 15:26:00+00:00,1026.10498046875,1026.2099609375,1025.9849853515625,1025.9849853515625,1111,COST,1m
2026-05-13 15:27:00+00:00,1025.8900146484375,1026.9200439453125,1025.8900146484375,1026.9200439453125,2769,COST,1m
2026-05-13 15:28:00+00:00,1026.9200439453125,1026.9200439453125,1025.989990234375,1025.989990234375,1846,COST,1m
2026-05-13 15:29:00+00:00,1025.8499755859375,1025.8499755859375,1025.030029296875,1025.25,2280,COST,1m
2026-05-13 15:30:00+00:00,1025.0999755859375,1025.8299560546875,1025.0999755859375,1025.3299560546875,2135,COST,1m
2026-05-13 15:31:00+00:00,1025.8299560546875,1026.2799072265625,1025.4200439453125,1025.4749755859375,4138,COST,1m
2026-05-13 15:32:00+00:00,1025.6300048828125,1025.6300048828125,1025.030029296875,1025.125,2063,COST,1m
2026-05-13 15:33:00+00:00,1025.0250244140625,1025.9300537109375,1025.0250244140625,1025.719970703125,1917,COST,1m
2026-05-13 15:34:00+00:00,1025.7249755859375,1026.43994140625,1025.7249755859375,1025.8800048828125,827,COST,1m
2026-05-13 15:35:00+00:00,1026.0849609375,1026.0899658203125,1025.58251953125,1025.58251953125,1310,COST,1m
2026-05-13 15:36:00+00:00,1025.675048828125,1025.988037109375,1024.9599609375,1024.969970703125,5482,COST,1m
2026-05-13 15:37:00+00:00,1024.3699951171875,1024.8349609375,1024.3699951171875,1024.8349609375,2015,COST,1m
2026-05-13 15:38:00+00:00,1024.6199951171875,1024.6199951171875,1024.6199951171875,1024.6199951171875,397,COST,1m
2026-05-13 15:39:00+00:00,1024.8299560546875,1024.8800048828125,1024.8299560546875,1024.8800048828125,894,COST,1m
2026-05-13 15:40:00+00:00,1024.6700439453125,1025.1600341796875,1024.5999755859375,1024.9549560546875,1514,COST,1m
2026-05-13 15:41:00+00:00,1024.800048828125,1024.989990234375,1024.5999755859375,1024.6500244140625,1255,COST,1m
2026-05-13 15:42:00+00:00,1024.989990234375,1025.469970703125,1024.6500244140625,1025.125,2165,COST,1m
2026-05-13 15:43:00+00:00,1024.89501953125,1025.469970703125,1024.89501953125,1024.8985595703125,1621,COST,1m
2026-05-13 15:44:00+00:00,1024.9849853515625,1025.56005859375,1024.9849853515625,1025.56005859375,2413,COST,1m
2026-05-13 15:45:00+00:00,1025.97998046875,1026.094970703125,1025.97998046875,1026.094970703125,678,COST,1m
2026-05-13 15:46:00+00:00,1025.739990234375,1026.9200439453125,1025.6400146484375,1026.9200439453125,4382,COST,1m
2026-05-13 15:47:00+00:00,1026.85498046875,1026.85498046875,1025.4510498046875,1025.4510498046875,3035,COST,1m
2026-05-13 15:48:00+00:00,1025.3199462890625,1025.9100341796875,1025.0,1025.9100341796875,1834,COST,1m
2026-05-13 15:49:00+00:00,1025.6400146484375,1026.780029296875,1025.6400146484375,1026.2850341796875,5193,COST,1m
2026-05-13 15:50:00+00:00,1026.3050537109375,1027.489990234375,1026.3050537109375,1027.489990234375,1575,COST,1m
2026-05-13 15:51:00+00:00,1027.2900390625,1027.3399658203125,1026.699951171875,1026.9849853515625,4608,COST,1m
2026-05-13 15:52:00+00:00,1027.3118896484375,1027.669921875,1027.31005859375,1027.31005859375,1446,COST,1m
2026-05-13 15:53:00+00:00,1027.4100341796875,1028.25,1027.4100341796875,1028.010009765625,2734,COST,1m
2026-05-13 15:54:00+00:00,1028.010009765625,1028.030029296875,1027.241455078125,1028.0250244140625,1969,COST,1m
2026-05-13 15:55:00+00:00,1027.8199462890625,1027.8199462890625,1027.4100341796875,1027.510009765625,5811,COST,1m
2026-05-13 15:56:00+00:00,1026.8575439453125,1026.8575439453125,1026.489990234375,1026.6500244140625,782,COST,1m
2026-05-13 15:57:00+00:00,1026.56005859375,1027.280029296875,1026.56005859375,1027.114990234375,1467,COST,1m
2026-05-13 15:58:00+00:00,1027.594970703125,1027.5999755859375,1027.219970703125,1027.219970703125,3008,COST,1m
2026-05-13 15:59:00+00:00,1027.010009765625,1027.81005859375,1027.010009765625,1027.81005859375,1651,COST,1m
2026-05-13 16:00:00+00:00,1027.280029296875,1027.280029296875,1026.6500244140625,1026.739990234375,1437,COST,1m
2026-05-13 16:01:00+00:00,1026.719970703125,1027.9000244140625,1026.719970703125,1027.8900146484375,2096,COST,1m
2026-05-13 16:02:00+00:00,1027.5400390625,1027.5400390625,1027.405029296875,1027.405029296875,1107,COST,1m
2026-05-13 16:03:00+00:00,1027.405029296875,1027.5999755859375,1027.0,1027.0999755859375,2766,COST,1m
2026-05-13 16:04:00+00:00,1026.800048828125,1027.010009765625,1026.5899658203125,1027.010009765625,1137,COST,1m
2026-05-13 16:05:00+00:00,1026.9749755859375,1026.9749755859375,1026.3699951171875,1026.3800048828125,1676,COST,1m
2026-05-13 16:06:00+00:00,1026.699951171875,1026.8050537109375,1026.2099609375,1026.2099609375,3465,COST,1m
2026-05-13 16:07:00+00:00,1026.3199462890625,1026.3199462890625,1025.719970703125,1025.8399658203125,1972,COST,1m
2026-05-13 16:09:00+00:00,1026.010009765625,1026.4100341796875,1025.5450439453125,1025.719970703125,1379,COST,1m
2026-05-13 16:10:00+00:00,1025.625,1025.6600341796875,1025.324951171875,1025.324951171875,1587,COST,1m
2026-05-13 16:11:00+00:00,1025.260009765625,1025.280029296875,1025.25,1025.280029296875,944,COST,1m
2026-05-13 16:12:00+00:00,1025.4150390625,1025.8299560546875,1025.4150390625,1025.8299560546875,444,COST,1m
2026-05-13 16:13:00+00:00,1025.8299560546875,1025.8299560546875,1025.0,1025.0,1266,COST,1m
2026-05-13 16:14:00+00:00,1025.0999755859375,1025.0999755859375,1024.6700439453125,1024.6700439453125,1705,COST,1m
2026-05-13 16:15:00+00:00,1024.8699951171875,1024.93994140625,1024.795166015625,1024.840087890625,1839,COST,1m
2026-05-13 16:16:00+00:00,1025.1199951171875,1025.3800048828125,1024.6600341796875,1024.6600341796875,1534,COST,1m
2026-05-13 16:17:00+00:00,1024.7650146484375,1025.02001953125,1024.7650146484375,1025.02001953125,348,COST,1m
2026-05-13 16:18:00+00:00,1024.56005859375,1025.2049560546875,1024.56005859375,1024.97998046875,1557,COST,1m
2026-05-13 16:19:00+00:00,1025.125,1025.125,1025.125,1025.125,308,COST,1m
2026-05-13 16:20:00+00:00,1025.1099853515625,1025.510009765625,1024.89013671875,1025.321044921875,1078,COST,1m
2026-05-13 16:21:00+00:00,1025.199951171875,1025.5,1024.91015625,1025.5,1334,COST,1m
2026-05-13 16:22:00+00:00,1025.5799560546875,1025.5799560546875,1025.18505859375,1025.35498046875,1172,COST,1m
2026-05-13 16:23:00+00:00,1025.2750244140625,1025.68994140625,1024.8399658203125,1025.260009765625,1411,COST,1m
2026-05-13 16:24:00+00:00,1025.2099609375,1025.4300537109375,1025.2099609375,1025.4300537109375,1044,COST,1m
2026-05-13 16:25:00+00:00,1024.8399658203125,1025.1099853515625,1024.5699462890625,1024.9300537109375,2053,COST,1m
2026-05-13 16:26:00+00:00,1024.9300537109375,1025.0,1024.9300537109375,1024.9949951171875,2667,COST,1m
2026-05-13 16:27:00+00:00,1024.800048828125,1025.030029296875,1024.800048828125,1025.030029296875,1593,COST,1m
2026-05-13 16:28:00+00:00,1024.6600341796875,1024.68994140625,1024.25,1024.2950439453125,1987,COST,1m
2026-05-13 16:29:00+00:00,1024.260009765625,1024.260009765625,1023.7100219726562,1024.0799560546875,1249,COST,1m
2026-05-13 16:30:00+00:00,1024.1199951171875,1024.5899658203125,1023.7349853515624,1024.1500244140625,1702,COST,1m
2026-05-13 16:31:00+00:00,1024.4000244140625,1024.4000244140625,1023.6199951171876,1023.8499755859376,634,COST,1m
2026-05-13 16:32:00+00:00,1023.4299926757812,1023.8400268554688,1023.4299926757812,1023.739990234375,1456,COST,1m
2026-05-13 16:33:00+00:00,1023.52001953125,1023.739990234375,1023.0,1023.530029296875,2798,COST,1m
2026-05-13 16:34:00+00:00,1023.739990234375,1023.8499755859376,1023.47998046875,1023.72998046875,1280,COST,1m
2026-05-13 16:35:00+00:00,1023.6099853515624,1024.0,1023.4450073242188,1023.969970703125,2272,COST,1m
2026-05-13 16:36:00+00:00,1023.6199951171876,1024.2999267578125,1023.5850219726562,1023.5850219726562,1447,COST,1m
2026-05-13 16:37:00+00:00,1023.5850219726562,1023.5850219726562,1022.9500122070312,1023.02001953125,1917,COST,1m
2026-05-13 16:38:00+00:00,1023.2999877929688,1023.8699951171876,1023.2999877929688,1023.4600219726562,1442,COST,1m
2026-05-13 16:39:00+00:00,1023.8610229492188,1023.8699951171876,1023.5050048828124,1023.6099853515624,1368,COST,1m
2026-05-13 16:40:00+00:00,1023.635009765625,1023.9600219726562,1023.3909912109376,1023.8599853515624,1899,COST,1m
2026-05-13 16:41:00+00:00,1023.8599853515624,1024.239990234375,1023.8599853515624,1024.239990234375,600,COST,1m
2026-05-13 16:42:00+00:00,1024.2099609375,1024.3800048828125,1023.9149780273438,1024.0150146484375,2093,COST,1m
2026-05-13 16:43:00+00:00,1023.8699951171876,1023.8699951171876,1023.8699951171876,1023.8699951171876,340,COST,1m
2026-05-13 16:44:00+00:00,1024.06005859375,1024.510009765625,1024.030029296875,1024.3050537109375,4083,COST,1m
2026-05-13 16:45:00+00:00,1024.125,1024.125,1024.0350341796875,1024.0350341796875,777,COST,1m
2026-05-13 16:46:00+00:00,1024.3699951171875,1025.0994873046875,1024.360107421875,1024.7249755859375,9314,COST,1m
2026-05-13 16:47:00+00:00,1024.3599853515625,1024.5799560546875,1024.3299560546875,1024.5799560546875,1446,COST,1m
2026-05-13 16:48:00+00:00,1024.686767578125,1024.7249755859375,1024.686767578125,1024.7249755859375,470,COST,1m
2026-05-13 16:49:00+00:00,1024.3699951171875,1024.385009765625,1024.1700439453125,1024.385009765625,1246,COST,1m
2026-05-13 16:50:00+00:00,1024.4000244140625,1024.4000244140625,1023.75,1023.8400268554688,1339,COST,1m
2026-05-13 16:51:00+00:00,1023.7150268554688,1023.9160766601562,1023.090087890625,1023.1300048828124,2297,COST,1m
2026-05-13 16:52:00+00:00,1022.8200073242188,1023.0800170898438,1022.6900024414062,1023.0599975585938,1699,COST,1m
2026-05-13 16:53:00+00:00,1023.260009765625,1023.5999755859376,1023.0800170898438,1023.094970703125,1477,COST,1m
2026-05-13 16:54:00+00:00,1023.5999755859376,1023.8400268554688,1023.5999755859376,1023.8400268554688,1024,COST,1m
2026-05-13 16:55:00+00:00,1023.8400268554688,1024.10986328125,1023.8400268554688,1024.050048828125,499,COST,1m
2026-05-13 16:56:00+00:00,1024.47998046875,1024.47998046875,1024.1400146484375,1024.1800537109375,874,COST,1m
2026-05-13 16:57:00+00:00,1024.0201416015625,1024.4749755859375,1024.0201416015625,1024.4749755859375,656,COST,1m
2026-05-13 16:58:00+00:00,1024.4749755859375,1024.9000244140625,1024.1099853515625,1024.9000244140625,1576,COST,1m
2026-05-13 16:59:00+00:00,1024.949951171875,1025.0699462890625,1024.4100341796875,1024.4100341796875,1949,COST,1m
2026-05-13 17:00:00+00:00,1024.1500244140625,1024.31005859375,1023.7034301757812,1023.9500122070312,853,COST,1m
2026-05-13 17:01:00+00:00,1024.31005859375,1024.4150390625,1024.31005859375,1024.4150390625,1194,COST,1m
2026-05-13 17:03:00+00:00,1023.9000244140624,1023.9500122070312,1023.6300048828124,1023.8400268554688,1706,COST,1m
2026-05-13 17:04:00+00:00,1023.5499877929688,1023.9400024414062,1023.530029296875,1023.9400024414062,1827,COST,1m
2026-05-13 17:05:00+00:00,1024.06494140625,1024.06494140625,1024.06494140625,1024.06494140625,683,COST,1m
2026-05-13 17:06:00+00:00,1024.280029296875,1024.280029296875,1023.6336059570312,1023.6336059570312,1095,COST,1m
2026-05-13 17:07:00+00:00,1024.0050048828125,1024.6500244140625,1024.0050048828125,1024.6500244140625,1130,COST,1m
2026-05-13 17:08:00+00:00,1024.8399658203125,1026.1910400390625,1024.8399658203125,1026.1910400390625,1035,COST,1m
2026-05-13 17:09:00+00:00,1025.8349609375,1025.8349609375,1025.6602783203125,1025.6602783203125,796,COST,1m
2026-05-13 17:10:00+00:00,1025.8050537109375,1025.8050537109375,1025.43994140625,1025.52001953125,896,COST,1m
2026-05-13 17:11:00+00:00,1025.199951171875,1025.510009765625,1025.199951171875,1025.3499755859375,1377,COST,1m
2026-05-13 17:12:00+00:00,1025.52001953125,1025.760009765625,1025.4599609375,1025.760009765625,1186,COST,1m
2026-05-13 17:13:00+00:00,1025.9200439453125,1026.5,1025.9200439453125,1026.5,1528,COST,1m
2026-05-13 17:14:00+00:00,1026.47998046875,1026.47998046875,1026.0699462890625,1026.0699462890625,842,COST,1m
2026-05-13 17:15:00+00:00,1025.824951171875,1025.824951171875,1025.824951171875,1025.824951171875,177,COST,1m
2026-05-13 17:16:00+00:00,1026.1400146484375,1026.1400146484375,1026.1400146484375,1026.1400146484375,558,COST,1m
2026-05-13 17:17:00+00:00,1026.080078125,1026.080078125,1025.9000244140625,1025.989990234375,602,COST,1m
2026-05-13 17:18:00+00:00,1026.0,1026.3599853515625,1026.0,1026.050048828125,776,COST,1m
2026-05-13 17:19:00+00:00,1026.175048828125,1026.300048828125,1025.9400634765625,1025.9400634765625,1291,COST,1m
2026-05-13 17:20:00+00:00,1025.9849853515625,1026.219970703125,1025.885009765625,1025.885009765625,1304,COST,1m
2026-05-13 17:21:00+00:00,1026.0999755859375,1026.1199951171875,1025.7401123046875,1025.7401123046875,636,COST,1m
2026-05-13 17:22:00+00:00,1025.7401123046875,1026.125,1025.7401123046875,1026.125,961,COST,1m
2026-05-13 17:23:00+00:00,1026.219970703125,1026.6400146484375,1026.219970703125,1026.6400146484375,915,COST,1m
2026-05-13 17:24:00+00:00,1026.989990234375,1027.0799560546875,1026.75,1027.0799560546875,1281,COST,1m
2026-05-13 17:25:00+00:00,1027.0400390625,1027.0400390625,1027.0400390625,1027.0400390625,603,COST,1m
2026-05-13 17:26:00+00:00,1026.72998046875,1026.8299560546875,1026.4300537109375,1026.8299560546875,2153,COST,1m
2026-05-13 17:27:00+00:00,1026.6800537109375,1027.1400146484375,1026.6800537109375,1027.1400146484375,1906,COST,1m
2026-05-13 17:28:00+00:00,1027.7900390625,1028.0567626953125,1027.60498046875,1027.60498046875,1263,COST,1m
2026-05-13 17:29:00+00:00,1027.699951171875,1027.699951171875,1027.2049560546875,1027.2049560546875,1416,COST,1m
2026-05-13 17:31:00+00:00,1026.945068359375,1027.449951171875,1026.945068359375,1027.449951171875,1273,COST,1m
2026-05-13 17:32:00+00:00,1027.6500244140625,1028.050048828125,1027.4300537109375,1028.050048828125,437,COST,1m
2026-05-13 17:33:00+00:00,1027.6300048828125,1028.0400390625,1027.31005859375,1028.0400390625,883,COST,1m
2026-05-13 17:34:00+00:00,1027.56494140625,1027.9000244140625,1027.2242431640625,1027.2242431640625,743,COST,1m
2026-05-13 17:35:00+00:00,1027.5462646484375,1027.699951171875,1027.1700439453125,1027.3699951171875,4289,COST,1m
2026-05-13 17:36:00+00:00,1027.260009765625,1027.3900146484375,1027.0899658203125,1027.239990234375,1333,COST,1m
2026-05-13 17:37:00+00:00,1027.0899658203125,1027.3199462890625,1026.7099609375,1026.81005859375,1451,COST,1m
2026-05-13 17:38:00+00:00,1027.3199462890625,1027.614990234375,1027.3199462890625,1027.614990234375,785,COST,1m
2026-05-13 17:39:00+00:00,1027.9000244140625,1027.9000244140625,1027.510009765625,1027.5899658203125,1323,COST,1m
2026-05-13 17:40:00+00:00,1027.8299560546875,1027.9100341796875,1027.3299560546875,1027.3299560546875,1624,COST,1m
2026-05-13 17:41:00+00:00,1027.3299560546875,1027.8199462890625,1027.3299560546875,1027.8199462890625,720,COST,1m
2026-05-13 17:42:00+00:00,1027.8199462890625,1027.8199462890625,1027.010009765625,1027.800048828125,1378,COST,1m
2026-05-13 17:43:00+00:00,1027.5050048828125,1027.5050048828125,1027.1650390625,1027.1650390625,513,COST,1m
2026-05-13 17:44:00+00:00,1027.2449951171875,1027.5,1027.2449951171875,1027.5,1507,COST,1m
2026-05-13 17:45:00+00:00,1026.949951171875,1026.949951171875,1026.949951171875,1026.949951171875,523,COST,1m
2026-05-13 17:46:00+00:00,1026.9300537109375,1027.0799560546875,1026.9300537109375,1026.955078125,5691,COST,1m
2026-05-13 17:47:00+00:00,1026.8699951171875,1026.9599609375,1026.7275390625,1026.9599609375,1823,COST,1m
2026-05-13 17:48:00+00:00,1026.864990234375,1027.77001953125,1026.85498046875,1027.469970703125,2609,COST,1m
2026-05-13 17:49:00+00:00,1027.68994140625,1027.68994140625,1027.3699951171875,1027.550048828125,1377,COST,1m
2026-05-13 17:50:00+00:00,1027.550048828125,1027.56005859375,1027.260009765625,1027.43994140625,3560,COST,1m
2026-05-13 17:51:00+00:00,1027.6600341796875,1027.6600341796875,1027.010009765625,1027.030029296875,1123,COST,1m
2026-05-13 17:52:00+00:00,1026.9849853515625,1026.9849853515625,1026.64013671875,1026.72998046875,1909,COST,1m
2026-05-13 17:53:00+00:00,1026.3599853515625,1026.3599853515625,1025.9949951171875,1025.9949951171875,1095,COST,1m
2026-05-13 17:55:00+00:00,1026.1600341796875,1026.6400146484375,1025.8299560546875,1026.405029296875,1142,COST,1m
2026-05-13 17:56:00+00:00,1026.5374755859375,1026.780029296875,1026.5374755859375,1026.780029296875,1411,COST,1m
2026-05-13 17:57:00+00:00,1026.27001953125,1026.4111328125,1026.0626220703125,1026.0799560546875,515,COST,1m
2026-05-13 17:58:00+00:00,1025.87060546875,1026.06494140625,1025.87060546875,1025.9749755859375,907,COST,1m
2026-05-13 17:59:00+00:00,1026.1700439453125,1026.8399658203125,1026.1700439453125,1026.8399658203125,1477,COST,1m
2026-05-13 18:00:00+00:00,1027.030029296875,1027.139892578125,1026.4599609375,1026.4599609375,1266,COST,1m
2026-05-13 18:01:00+00:00,1026.719970703125,1026.7550048828125,1026.4100341796875,1026.5,1178,COST,1m
2026-05-13 18:02:00+00:00,1026.6600341796875,1026.6600341796875,1026.56494140625,1026.56494140625,976,COST,1m
2026-05-13 18:03:00+00:00,1026.5799560546875,1026.5799560546875,1026.5799560546875,1026.5799560546875,725,COST,1m
2026-05-13 18:04:00+00:00,1026.3380126953125,1027.1099853515625,1026.3380126953125,1027.1099853515625,1872,COST,1m
2026-05-13 18:05:00+00:00,1027.4449462890625,1027.5250244140625,1027.4449462890625,1027.5250244140625,607,COST,1m
2026-05-13 18:06:00+00:00,1027.9000244140625,1027.9000244140625,1027.3599853515625,1027.47998046875,2292,COST,1m
2026-05-13 18:07:00+00:00,1027.4000244140625,1027.7298583984375,1027.18994140625,1027.22998046875,756,COST,1m
2026-05-13 18:08:00+00:00,1027.1800537109375,1027.199951171875,1027.1650390625,1027.199951171875,1033,COST,1m
2026-05-13 18:09:00+00:00,1027.3499755859375,1027.3499755859375,1027.0,1027.134033203125,1286,COST,1m
2026-05-13 18:10:00+00:00,1026.93994140625,1027.300048828125,1026.9000244140625,1027.14501953125,1426,COST,1m
2026-05-13 18:11:00+00:00,1026.9200439453125,1027.43994140625,1026.9200439453125,1027.0400390625,2280,COST,1m
2026-05-13 18:12:00+00:00,1027.0450439453125,1027.0450439453125,1026.8489990234375,1027.0450439453125,600,COST,1m
2026-05-13 18:13:00+00:00,1026.6500244140625,1027.3038330078125,1026.6500244140625,1027.0400390625,1204,COST,1m
2026-05-13 18:14:00+00:00,1027.4300537109375,1027.43994140625,1027.25,1027.25,1304,COST,1m
2026-05-13 18:15:00+00:00,1027.5400390625,1027.760009765625,1027.5400390625,1027.56005859375,860,COST,1m
2026-05-13 18:16:00+00:00,1027.56005859375,1027.81005859375,1027.56005859375,1027.595458984375,1458,COST,1m
2026-05-13 18:17:00+00:00,1027.8399658203125,1027.8399658203125,1027.47998046875,1027.6500244140625,319,COST,1m
2026-05-13 18:18:00+00:00,1027.8599853515625,1028.52001953125,1027.81005859375,1028.42431640625,2928,COST,1m
2026-05-13 18:19:00+00:00,1028.4599609375,1028.57373046875,1028.2099609375,1028.57373046875,971,COST,1m
2026-05-13 18:20:00+00:00,1028.6400146484375,1028.7550048828125,1028.4000244140625,1028.7550048828125,710,COST,1m
2026-05-13 18:21:00+00:00,1028.635009765625,1029.0,1028.635009765625,1029.0,1741,COST,1m
2026-05-13 18:22:00+00:00,1029.3299560546875,1029.3299560546875,1028.7030029296875,1028.7030029296875,4932,COST,1m
2026-05-13 18:23:00+00:00,1028.7049560546875,1028.85986328125,1028.7049560546875,1028.7049560546875,1107,COST,1m
2026-05-13 18:24:00+00:00,1028.699951171875,1029.1600341796875,1028.550048828125,1029.1600341796875,2963,COST,1m
2026-05-13 18:25:00+00:00,1029.1700439453125,1029.489990234375,1029.1700439453125,1029.364990234375,1088,COST,1m
2026-05-13 18:26:00+00:00,1029.2750244140625,1029.4327392578125,1029.2750244140625,1029.4327392578125,713,COST,1m
2026-05-13 18:27:00+00:00,1029.6650390625,1029.800048828125,1029.6400146484375,1029.7900390625,1298,COST,1m
2026-05-13 18:28:00+00:00,1029.56005859375,1029.800048828125,1029.3509521484375,1029.675048828125,1649,COST,1m
2026-05-13 18:29:00+00:00,1029.3199462890625,1029.6300048828125,1028.93994140625,1029.5849609375,2646,COST,1m
2026-05-13 18:30:00+00:00,1029.22998046875,1029.324951171875,1029.22998046875,1029.324951171875,856,COST,1m
2026-05-13 18:31:00+00:00,1029.4000244140625,1030.239990234375,1029.4000244140625,1030.0150146484375,3168,COST,1m
2026-05-13 18:32:00+00:00,1030.1800537109375,1030.239990234375,1029.9000244140625,1029.9000244140625,1214,COST,1m
2026-05-13 18:33:00+00:00,1029.8599853515625,1029.9619140625,1029.8599853515625,1029.9619140625,742,COST,1m
2026-05-13 18:34:00+00:00,1029.8699951171875,1030.2950439453125,1029.780029296875,1029.780029296875,1149,COST,1m
2026-05-13 18:35:00+00:00,1030.0699462890625,1030.47998046875,1030.0400390625,1030.1199951171875,1153,COST,1m
2026-05-13 18:36:00+00:00,1030.3599853515625,1030.5899658203125,1030.155029296875,1030.5899658203125,1374,COST,1m
2026-05-13 18:37:00+00:00,1030.780029296875,1030.800048828125,1030.1500244140625,1030.1500244140625,2777,COST,1m
2026-05-13 18:38:00+00:00,1030.1650390625,1030.1650390625,1030.1650390625,1030.1650390625,171,COST,1m
2026-05-13 18:39:00+00:00,1030.35986328125,1030.5098876953125,1029.8399658203125,1030.5098876953125,1411,COST,1m
2026-05-13 18:40:00+00:00,1030.489990234375,1030.489990234375,1030.1300048828125,1030.3900146484375,2475,COST,1m
2026-05-13 18:41:00+00:00,1030.0,1030.0,1030.0,1030.0,878,COST,1m
2026-05-13 18:42:00+00:00,1029.9801025390625,1030.1800537109375,1029.6600341796875,1029.6600341796875,2235,COST,1m
2026-05-13 18:43:00+00:00,1029.89990234375,1029.89990234375,1029.800048828125,1029.800048828125,560,COST,1m
2026-05-13 18:44:00+00:00,1029.8699951171875,1030.39501953125,1029.7650146484375,1030.39501953125,2125,COST,1m
2026-05-13 18:45:00+00:00,1030.3345947265625,1030.3345947265625,1029.800048828125,1029.800048828125,2549,COST,1m
2026-05-13 18:46:00+00:00,1029.8900146484375,1029.9124755859375,1029.7850341796875,1029.9124755859375,770,COST,1m
2026-05-13 18:47:00+00:00,1030.239990234375,1030.7550048828125,1030.239990234375,1030.344970703125,3200,COST,1m
2026-05-13 18:48:00+00:00,1030.344970703125,1030.344970703125,1029.300048828125,1029.6400146484375,2767,COST,1m
2026-05-13 18:49:00+00:00,1029.7900390625,1029.989990234375,1029.7900390625,1029.824951171875,655,COST,1m
2026-05-13 18:50:00+00:00,1029.989990234375,1030.4599609375,1029.989990234375,1030.1300048828125,1832,COST,1m
2026-05-13 18:51:00+00:00,1030.02001953125,1030.02001953125,1030.02001953125,1030.02001953125,341,COST,1m
2026-05-13 18:52:00+00:00,1029.8599853515625,1029.8599853515625,1029.2000732421875,1029.6793212890625,949,COST,1m
2026-05-13 18:53:00+00:00,1029.8900146484375,1030.3599853515625,1029.8900146484375,1030.3599853515625,1275,COST,1m
2026-05-13 18:54:00+00:00,1030.449951171875,1031.219970703125,1030.3299560546875,1030.6422119140625,2992,COST,1m
2026-05-13 18:55:00+00:00,1030.699951171875,1030.8599853515625,1030.550048828125,1030.550048828125,1628,COST,1m
2026-05-13 18:56:00+00:00,1030.68994140625,1030.68994140625,1030.2850341796875,1030.4825439453125,1922,COST,1m
2026-05-13 18:57:00+00:00,1030.47998046875,1030.72998046875,1030.47998046875,1030.6949462890625,555,COST,1m
2026-05-13 18:58:00+00:00,1030.6199951171875,1031.3699951171875,1030.6199951171875,1031.06005859375,2358,COST,1m
2026-05-13 18:59:00+00:00,1031.5,1031.6500244140625,1031.080078125,1031.080078125,3789,COST,1m
2026-05-13 19:00:00+00:00,1031.2900390625,1031.3699951171875,1031.2900390625,1031.3699951171875,1633,COST,1m
2026-05-13 19:01:00+00:00,1031.4150390625,1031.4150390625,1031.02001953125,1031.02001953125,878,COST,1m
2026-05-13 19:02:00+00:00,1031.280029296875,1031.6199951171875,1031.280029296875,1031.6199951171875,959,COST,1m
2026-05-13 19:03:00+00:00,1031.699951171875,1031.760009765625,1031.5899658203125,1031.760009765625,833,COST,1m
2026-05-13 19:04:00+00:00,1031.5999755859375,1031.93994140625,1031.5999755859375,1031.7249755859375,1519,COST,1m
2026-05-13 19:05:00+00:00,1031.93994140625,1031.93994140625,1031.4000244140625,1031.4100341796875,897,COST,1m
2026-05-13 19:06:00+00:00,1031.760009765625,1031.760009765625,1030.93994140625,1031.074951171875,2279,COST,1m
2026-05-13 19:07:00+00:00,1031.074951171875,1031.219970703125,1031.0699462890625,1031.0699462890625,632,COST,1m
2026-05-13 19:08:00+00:00,1030.9300537109375,1031.010009765625,1030.655029296875,1030.655029296875,1276,COST,1m
2026-05-13 19:09:00+00:00,1030.81005859375,1031.050048828125,1030.6800537109375,1031.010009765625,5791,COST,1m
2026-05-13 19:10:00+00:00,1031.31005859375,1031.68994140625,1030.8499755859375,1030.8499755859375,2020,COST,1m
2026-05-13 19:11:00+00:00,1031.0999755859375,1031.68994140625,1030.7301025390625,1031.68994140625,1141,COST,1m
2026-05-13 19:12:00+00:00,1031.6800537109375,1032.0,1031.43994140625,1031.43994140625,1082,COST,1m
2026-05-13 19:13:00+00:00,1031.8699951171875,1031.8699951171875,1031.5799560546875,1031.8499755859375,1303,COST,1m
2026-05-13 19:14:00+00:00,1031.719970703125,1031.9599609375,1031.5899658203125,1031.6600341796875,3828,COST,1m
2026-05-13 19:15:00+00:00,1031.510009765625,1031.81005859375,1031.510009765625,1031.60498046875,546,COST,1m
2026-05-13 19:16:00+00:00,1031.60498046875,1031.60498046875,1031.219970703125,1031.3199462890625,2541,COST,1m
2026-05-13 19:17:00+00:00,1031.1949462890625,1031.3299560546875,1030.9300537109375,1031.1300048828125,2594,COST,1m
2026-05-13 19:18:00+00:00,1031.2117919921875,1031.3199462890625,1030.7900390625,1030.949951171875,1313,COST,1m
2026-05-13 19:19:00+00:00,1031.0400390625,1031.0400390625,1030.7900390625,1031.0400390625,1602,COST,1m
2026-05-13 19:20:00+00:00,1030.81494140625,1031.300048828125,1030.81494140625,1031.300048828125,1487,COST,1m
2026-05-13 19:21:00+00:00,1031.760009765625,1032.06005859375,1031.550048828125,1032.06005859375,2141,COST,1m
2026-05-13 19:22:00+00:00,1031.85498046875,1032.0899658203125,1031.68994140625,1031.68994140625,1667,COST,1m
2026-05-13 19:23:00+00:00,1031.8399658203125,1032.5,1031.7099609375,1032.5,1743,COST,1m
2026-05-13 19:24:00+00:00,1032.25,1032.8800048828125,1032.25,1032.41015625,3197,COST,1m
2026-05-13 19:25:00+00:00,1032.780029296875,1033.0400390625,1032.780029296875,1032.9100341796875,2850,COST,1m
2026-05-13 19:26:00+00:00,1032.9649658203125,1033.5,1032.9000244140625,1033.219970703125,2300,COST,1m
2026-05-13 19:27:00+00:00,1033.1199951171875,1033.1199951171875,1032.830078125,1032.9300537109375,1802,COST,1m
2026-05-13 19:28:00+00:00,1032.9300537109375,1033.1298828125,1032.6400146484375,1032.657470703125,2008,COST,1m
2026-05-13 19:29:00+00:00,1033.010009765625,1033.1099853515625,1032.6624755859375,1032.824951171875,2278,COST,1m
2026-05-13 19:30:00+00:00,1032.81005859375,1032.81005859375,1032.0899658203125,1032.4200439453125,2036,COST,1m
2026-05-13 19:31:00+00:00,1032.31005859375,1032.625,1032.27001953125,1032.2850341796875,2132,COST,1m
2026-05-13 19:32:00+00:00,1032.2900390625,1032.43994140625,1032.1099853515625,1032.2900390625,2763,COST,1m
2026-05-13 19:33:00+00:00,1032.1949462890625,1032.1949462890625,1031.9749755859375,1032.1400146484375,2780,COST,1m
2026-05-13 19:34:00+00:00,1031.93505859375,1032.22998046875,1031.93505859375,1032.0,2309,COST,1m
2026-05-13 19:35:00+00:00,1031.719970703125,1031.8699951171875,1031.5001220703125,1031.77001953125,1954,COST,1m
2026-05-13 19:36:00+00:00,1031.9599609375,1032.0899658203125,1031.9150390625,1031.9150390625,1871,COST,1m
2026-05-13 19:37:00+00:00,1032.1700439453125,1032.260009765625,1031.5799560546875,1032.0400390625,9358,COST,1m
2026-05-13 19:38:00+00:00,1032.489990234375,1032.52001953125,1032.1800537109375,1032.425048828125,2606,COST,1m
2026-05-13 19:39:00+00:00,1032.18994140625,1032.3499755859375,1032.1800537109375,1032.18505859375,1175,COST,1m
2026-05-13 19:40:00+00:00,1032.18505859375,1032.4300537109375,1032.0699462890625,1032.3399658203125,5633,COST,1m
2026-05-13 19:41:00+00:00,1032.31005859375,1032.31005859375,1031.7149658203125,1031.7149658203125,2812,COST,1m
2026-05-13 19:42:00+00:00,1031.760009765625,1031.9698486328125,1031.4500732421875,1031.96484375,1717,COST,1m
2026-05-13 19:43:00+00:00,1031.9300537109375,1033.1700439453125,1031.9300537109375,1033.1700439453125,6320,COST,1m
2026-05-13 19:44:00+00:00,1032.9949951171875,1033.3800048828125,1032.9749755859375,1033.3599853515625,3433,COST,1m
2026-05-13 19:45:00+00:00,1033.1800537109375,1033.31005859375,1033.1800537109375,1033.18505859375,2009,COST,1m
2026-05-13 19:46:00+00:00,1032.93994140625,1033.4200439453125,1032.9100341796875,1033.3399658203125,2022,COST,1m
2026-05-13 19:47:00+00:00,1033.4000244140625,1033.4000244140625,1032.6881103515625,1032.8050537109375,2797,COST,1m
2026-05-13 19:48:00+00:00,1032.6600341796875,1033.0,1032.6400146484375,1032.989990234375,3506,COST,1m
2026-05-13 19:49:00+00:00,1032.989990234375,1033.22998046875,1032.864990234375,1033.22998046875,5001,COST,1m
2026-05-13 19:50:00+00:00,1033.2099609375,1033.3199462890625,1032.97998046875,1033.0250244140625,4566,COST,1m
2026-05-13 19:51:00+00:00,1033.3199462890625,1033.5,1032.9949951171875,1033.5,6036,COST,1m
2026-05-13 19:52:00+00:00,1033.5,1034.0,1033.4599609375,1033.81005859375,5503,COST,1m
2026-05-13 19:53:00+00:00,1033.6500244140625,1033.8399658203125,1032.800048828125,1032.800048828125,8272,COST,1m
2026-05-13 19:54:00+00:00,1032.5699462890625,1033.0899658203125,1032.0,1032.6800537109375,8831,COST,1m
2026-05-13 19:55:00+00:00,1032.8599853515625,1033.969970703125,1032.8199462890625,1033.31005859375,8515,COST,1m
2026-05-13 19:56:00+00:00,1033.0799560546875,1033.25,1032.5250244140625,1033.1600341796875,10403,COST,1m
2026-05-13 19:57:00+00:00,1033.18505859375,1033.4200439453125,1032.949951171875,1033.3599853515625,11158,COST,1m
2026-05-13 19:58:00+00:00,1033.25,1033.3900146484375,1032.91748046875,1033.1700439453125,18953,COST,1m
2026-05-13 19:59:00+00:00,1033.1800537109375,1033.3399658203125,1032.9300537109375,1032.989990234375,29648,COST,1m
2026-05-14 13:30:00+00:00,1034.949951171875,1035.0,1029.8499755859375,1030.945068359375,36121,COST,1m
2026-05-14 13:31:00+00:00,1029.60009765625,1033.679931640625,1029.60009765625,1031.892333984375,3317,COST,1m
2026-05-14 13:32:00+00:00,1032.635009765625,1034.9998779296875,1032.635009765625,1033.3900146484375,3532,COST,1m
2026-05-14 13:33:00+00:00,1033.530029296875,1035.43505859375,1033.530029296875,1034.0799560546875,6153,COST,1m
2026-05-14 13:34:00+00:00,1034.5699462890625,1035.0,1033.010009765625,1035.0,11875,COST,1m
2026-05-14 13:35:00+00:00,1035.1500244140625,1035.1500244140625,1031.300048828125,1031.7650146484375,3186,COST,1m
2026-05-14 13:36:00+00:00,1031.77001953125,1031.8699951171875,1031.090087890625,1031.8699951171875,908,COST,1m
2026-05-14 13:37:00+00:00,1032.5,1032.97998046875,1031.77001953125,1032.0999755859375,5569,COST,1m
2026-05-14 13:38:00+00:00,1032.18994140625,1033.1600341796875,1031.760009765625,1033.06494140625,6045,COST,1m
2026-05-14 13:39:00+00:00,1032.864990234375,1033.074951171875,1030.9400634765625,1030.9400634765625,1245,COST,1m
2026-05-14 13:40:00+00:00,1032.0296630859375,1035.1090087890625,1032.0050048828125,1034.655029296875,3346,COST,1m
2026-05-14 13:41:00+00:00,1034.655029296875,1034.655029296875,1032.0250244140625,1033.0799560546875,3616,COST,1m
2026-05-14 13:42:00+00:00,1033.0699462890625,1033.3299560546875,1033.0,1033.0,1714,COST,1m
2026-05-14 13:43:00+00:00,1033.0050048828125,1033.0050048828125,1031.8900146484375,1032.4951171875,3314,COST,1m
2026-05-14 13:44:00+00:00,1032.4599609375,1033.135009765625,1031.56005859375,1031.56005859375,2628,COST,1m
2026-05-14 13:45:00+00:00,1032.2750244140625,1033.31005859375,1031.6199951171875,1032.18505859375,2738,COST,1m
2026-05-14 13:46:00+00:00,1032.324951171875,1032.324951171875,1031.5,1031.5,601,COST,1m
2026-05-14 13:47:00+00:00,1032.97998046875,1033.9000244140625,1032.5201416015625,1032.56494140625,2385,COST,1m
2026-05-14 13:48:00+00:00,1033.9000244140625,1033.9000244140625,1033.094970703125,1033.094970703125,1561,COST,1m
2026-05-14 13:49:00+00:00,1032.550048828125,1033.3499755859375,1032.550048828125,1033.3499755859375,1273,COST,1m
2026-05-14 13:50:00+00:00,1033.425048828125,1035.3599853515625,1033.425048828125,1034.5,4917,COST,1m
2026-05-14 13:51:00+00:00,1033.8399658203125,1034.8529052734375,1033.8399658203125,1034.510009765625,1330,COST,1m
2026-05-14 13:52:00+00:00,1034.239990234375,1035.0999755859375,1034.239990234375,1034.2900390625,2228,COST,1m
2026-05-14 13:53:00+00:00,1034.2900390625,1037.0,1034.2900390625,1035.4599609375,2143,COST,1m
2026-05-14 13:54:00+00:00,1034.760009765625,1035.1500244140625,1034.25,1034.800048828125,2527,COST,1m
2026-05-14 13:55:00+00:00,1034.25,1034.31494140625,1033.0,1033.0,2974,COST,1m
2026-05-14 13:56:00+00:00,1032.4599609375,1033.3900146484375,1032.4599609375,1033.050048828125,936,COST,1m
2026-05-14 13:57:00+00:00,1034.7900390625,1034.7900390625,1034.0,1034.7900390625,1486,COST,1m
2026-05-14 13:58:00+00:00,1034.58984375,1034.58984375,1033.280029296875,1033.93994140625,2444,COST,1m
2026-05-14 13:59:00+00:00,1034.719970703125,1035.0,1034.719970703125,1034.8900146484375,2648,COST,1m
2026-05-14 14:00:00+00:00,1034.9200439453125,1034.9200439453125,1032.2750244140625,1033.2049560546875,4194,COST,1m
2026-05-14 14:01:00+00:00,1032.5899658203125,1032.9949951171875,1032.324951171875,1032.60498046875,2127,COST,1m
2026-05-14 14:02:00+00:00,1031.93994140625,1032.3499755859375,1031.375,1031.8499755859375,4026,COST,1m
2026-05-14 14:03:00+00:00,1031.905029296875,1032.3499755859375,1031.905029296875,1031.905029296875,1618,COST,1m
2026-05-14 14:04:00+00:00,1031.4600830078125,1031.905029296875,1031.010009765625,1031.02001953125,2102,COST,1m
2026-05-14 14:05:00+00:00,1031.199951171875,1032.260009765625,1031.175048828125,1032.260009765625,2180,COST,1m
2026-05-14 14:06:00+00:00,1032.8800048828125,1034.5799560546875,1032.8800048828125,1033.5999755859375,5444,COST,1m
2026-05-14 14:07:00+00:00,1033.5849609375,1034.800048828125,1033.5849609375,1034.800048828125,3028,COST,1m
2026-05-14 14:08:00+00:00,1034.989990234375,1034.989990234375,1034.300048828125,1034.300048828125,2185,COST,1m
2026-05-14 14:09:00+00:00,1034.0,1035.0,1033.93994140625,1034.7451171875,3530,COST,1m
2026-05-14 14:10:00+00:00,1034.469970703125,1034.469970703125,1033.6400146484375,1034.2249755859375,815,COST,1m
2026-05-14 14:11:00+00:00,1034.822509765625,1034.8349609375,1033.93994140625,1034.1800537109375,1518,COST,1m
2026-05-14 14:12:00+00:00,1033.9200439453125,1034.7198486328125,1033.9200439453125,1034.260009765625,1696,COST,1m
2026-05-14 14:13:00+00:00,1034.0999755859375,1034.4549560546875,1033.6500244140625,1034.4549560546875,931,COST,1m
2026-05-14 14:14:00+00:00,1034.4749755859375,1034.9000244140625,1033.89501953125,1034.5699462890625,8552,COST,1m
2026-05-14 14:15:00+00:00,1034.3701171875,1034.3701171875,1032.864990234375,1033.0999755859375,2856,COST,1m
2026-05-14 14:16:00+00:00,1033.31494140625,1034.074951171875,1033.31494140625,1033.760009765625,1330,COST,1m
2026-05-14 14:17:00+00:00,1033.5411376953125,1033.949951171875,1033.5411376953125,1033.7900390625,1551,COST,1m
2026-05-14 14:18:00+00:00,1032.9949951171875,1033.5699462890625,1032.2099609375,1032.6650390625,2279,COST,1m
2026-05-14 14:19:00+00:00,1032.6199951171875,1033.35498046875,1032.0,1032.0,3160,COST,1m
2026-05-14 14:20:00+00:00,1031.72998046875,1032.1600341796875,1031.719970703125,1032.0999755859375,1543,COST,1m
2026-05-14 14:21:00+00:00,1031.5899658203125,1031.84765625,1031.5899658203125,1031.628173828125,478,COST,1m
2026-05-14 14:22:00+00:00,1031.93505859375,1033.719970703125,1031.25,1031.25,4531,COST,1m
2026-05-14 14:23:00+00:00,1031.6236572265625,1031.8199462890625,1030.8800048828125,1031.39013671875,1969,COST,1m
2026-05-14 14:24:00+00:00,1031.75,1031.8900146484375,1030.9849853515625,1031.0,1764,COST,1m
2026-05-14 14:25:00+00:00,1030.507080078125,1031.0400390625,1030.0,1030.0,4214,COST,1m
2026-05-14 14:26:00+00:00,1031.3399658203125,1031.6300048828125,1031.2149658203125,1031.6300048828125,1027,COST,1m
2026-05-14 14:27:00+00:00,1031.630126953125,1033.3349609375,1031.6300048828125,1033.3349609375,3240,COST,1m
2026-05-14 14:28:00+00:00,1033.8900146484375,1033.93994140625,1032.969970703125,1033.18994140625,2327,COST,1m
2026-05-14 14:29:00+00:00,1033.4749755859375,1033.5999755859375,1032.77001953125,1032.77001953125,2104,COST,1m
2026-05-14 14:30:00+00:00,1032.77001953125,1033.9300537109375,1032.77001953125,1033.6400146484375,2490,COST,1m
2026-05-14 14:31:00+00:00,1033.9749755859375,1034.5,1033.4300537109375,1033.6099853515625,4427,COST,1m
2026-05-14 14:32:00+00:00,1033.6099853515625,1034.25,1033.3699951171875,1033.5,3137,COST,1m
2026-05-14 14:33:00+00:00,1033.3900146484375,1033.6949462890625,1032.8599853515625,1033.18994140625,3359,COST,1m
2026-05-14 14:34:00+00:00,1033.1600341796875,1033.97998046875,1032.8399658203125,1033.155029296875,2981,COST,1m
2026-05-14 14:35:00+00:00,1033.1800537109375,1033.300048828125,1032.4649658203125,1032.5899658203125,2247,COST,1m
2026-05-14 14:36:00+00:00,1032.4649658203125,1033.3299560546875,1032.4649658203125,1033.2850341796875,2442,COST,1m
2026-05-14 14:37:00+00:00,1033.77001953125,1034.47998046875,1033.14501953125,1033.2349853515625,3422,COST,1m
2026-05-14 14:38:00+00:00,1033.2349853515625,1033.6300048828125,1032.3599853515625,1032.43994140625,4913,COST,1m
2026-05-14 14:39:00+00:00,1032.43994140625,1032.43994140625,1031.5899658203125,1032.0250244140625,6148,COST,1m
2026-05-14 14:40:00+00:00,1031.699951171875,1032.7099609375,1031.4849853515625,1031.4849853515625,7405,COST,1m
2026-05-14 14:41:00+00:00,1031.4849853515625,1031.7099609375,1031.0999755859375,1031.2900390625,4077,COST,1m
2026-05-14 14:42:00+00:00,1031.0699462890625,1031.72998046875,1030.8310546875,1030.9990234375,2205,COST,1m
2026-05-14 14:43:00+00:00,1031.6199951171875,1031.6199951171875,1030.72998046875,1030.72998046875,1522,COST,1m
2026-05-14 14:44:00+00:00,1030.9100341796875,1030.969970703125,1030.4649658203125,1030.4649658203125,2378,COST,1m
2026-05-14 14:45:00+00:00,1030.75,1030.760009765625,1030.75,1030.760009765625,1498,COST,1m
2026-05-14 14:46:00+00:00,1030.219970703125,1030.989990234375,1030.219970703125,1030.239990234375,2925,COST,1m
2026-05-14 14:47:00+00:00,1030.324951171875,1030.324951171875,1030.0,1030.2349853515625,1765,COST,1m
2026-05-14 14:48:00+00:00,1030.3499755859375,1030.95703125,1030.23095703125,1030.824951171875,2861,COST,1m
2026-05-14 14:49:00+00:00,1030.239990234375,1030.239990234375,1029.0799560546875,1029.12744140625,4582,COST,1m
2026-05-14 14:50:00+00:00,1029.469970703125,1029.885009765625,1029.469970703125,1029.885009765625,2256,COST,1m
2026-05-14 14:51:00+00:00,1029.39501953125,1029.6099853515625,1028.7099609375,1028.7099609375,3504,COST,1m
2026-05-14 14:52:00+00:00,1028.5799560546875,1028.7099609375,1028.0,1028.47998046875,4199,COST,1m
2026-05-14 14:53:00+00:00,1028.344970703125,1028.6600341796875,1028.1199951171875,1028.22998046875,2981,COST,1m
2026-05-14 14:54:00+00:00,1028.2099609375,1028.2099609375,1026.174072265625,1026.174072265625,3294,COST,1m
2026-05-14 14:55:00+00:00,1026.5550537109375,1026.9000244140625,1026.1700439453125,1026.5450439453125,8865,COST,1m
2026-05-14 14:56:00+00:00,1026.739990234375,1027.6800537109375,1026.0999755859375,1027.6800537109375,5574,COST,1m
2026-05-14 14:57:00+00:00,1027.6800537109375,1027.6800537109375,1027.199951171875,1027.5899658203125,2077,COST,1m
2026-05-14 14:58:00+00:00,1027.8599853515625,1027.9549560546875,1026.9549560546875,1027.9549560546875,3186,COST,1m
2026-05-14 14:59:00+00:00,1028.449951171875,1028.9100341796875,1027.93994140625,1028.2149658203125,6598,COST,1m
2026-05-14 15:00:00+00:00,1028.2349853515625,1028.8699951171875,1027.719970703125,1028.574951171875,2890,COST,1m
2026-05-14 15:01:00+00:00,1028.14501953125,1028.14501953125,1028.0250244140625,1028.0250244140625,1363,COST,1m
2026-05-14 15:02:00+00:00,1027.6600341796875,1028.3349609375,1027.4000244140625,1028.1500244140625,7770,COST,1m
2026-05-14 15:03:00+00:00,1028.3349609375,1028.3349609375,1027.1700439453125,1027.56005859375,2768,COST,1m
2026-05-14 15:04:00+00:00,1028.1199951171875,1028.1300048828125,1027.824951171875,1027.824951171875,1132,COST,1m
2026-05-14 15:05:00+00:00,1027.824951171875,1028.550048828125,1027.6650390625,1028.5400390625,3050,COST,1m
2026-05-14 15:06:00+00:00,1028.56005859375,1028.56005859375,1027.7049560546875,1027.7049560546875,2330,COST,1m
2026-05-14 15:07:00+00:00,1027.43994140625,1027.8800048828125,1027.31005859375,1027.6099853515625,1817,COST,1m
2026-05-14 15:08:00+00:00,1027.22998046875,1028.280029296875,1027.22998046875,1027.875,2916,COST,1m
2026-05-14 15:09:00+00:00,1028.1199951171875,1028.5150146484375,1027.4599609375,1028.5150146484375,4463,COST,1m
2026-05-14 15:10:00+00:00,1028.4775390625,1028.989990234375,1028.4775390625,1028.989990234375,1354,COST,1m
2026-05-14 15:11:00+00:00,1028.989990234375,1029.1500244140625,1028.989990234375,1029.1300048828125,1720,COST,1m
2026-05-14 15:12:00+00:00,1029.6300048828125,1030.0,1029.60498046875,1029.719970703125,2270,COST,1m
2026-05-14 15:13:00+00:00,1029.5899658203125,1029.949951171875,1029.199951171875,1029.450927734375,2281,COST,1m
2026-05-14 15:14:00+00:00,1029.68994140625,1030.6370849609375,1029.1099853515625,1030.6370849609375,4345,COST,1m
2026-05-14 15:15:00+00:00,1030.45751953125,1031.2049560546875,1030.45751953125,1030.59130859375,2563,COST,1m
2026-05-14 15:16:00+00:00,1031.4150390625,1032.0799560546875,1031.4150390625,1032.0799560546875,1844,COST,1m
2026-05-14 15:17:00+00:00,1031.6500244140625,1031.6500244140625,1029.7149658203125,1030.2750244140625,6786,COST,1m
2026-05-14 15:18:00+00:00,1030.300048828125,1030.300048828125,1029.699951171875,1029.8399658203125,1510,COST,1m
2026-05-14 15:19:00+00:00,1029.780029296875,1029.8399658203125,1029.675048828125,1029.675048828125,976,COST,1m
2026-05-14 15:20:00+00:00,1030.280029296875,1030.8299560546875,1029.989990234375,1030.3349609375,1889,COST,1m
2026-05-14 15:21:00+00:00,1029.8172607421875,1030.8099365234375,1029.8172607421875,1030.1099853515625,710,COST,1m
2026-05-14 15:22:00+00:00,1030.10498046875,1030.72998046875,1029.6600341796875,1030.2099609375,1416,COST,1m
2026-05-14 15:23:00+00:00,1030.6099853515625,1031.2750244140625,1030.6099853515625,1031.18994140625,3088,COST,1m
2026-05-14 15:24:00+00:00,1031.2750244140625,1032.510009765625,1031.260009765625,1032.510009765625,1945,COST,1m
2026-05-14 15:25:00+00:00,1032.6600341796875,1032.6600341796875,1031.9599609375,1032.0350341796875,2315,COST,1m
2026-05-14 15:26:00+00:00,1031.72998046875,1031.72998046875,1031.72998046875,1031.72998046875,747,COST,1m
2026-05-14 15:27:00+00:00,1032.4100341796875,1032.675048828125,1032.2650146484375,1032.528564453125,2193,COST,1m
2026-05-14 15:28:00+00:00,1031.989990234375,1032.2425537109375,1031.989990234375,1031.989990234375,857,COST,1m
2026-05-14 15:29:00+00:00,1032.4000244140625,1032.6099853515625,1032.239990234375,1032.239990234375,1461,COST,1m
2026-05-14 15:30:00+00:00,1032.2449951171875,1032.344970703125,1031.72998046875,1031.72998046875,1042,COST,1m
2026-05-14 15:31:00+00:00,1031.6500244140625,1032.0098876953125,1031.6500244140625,1031.6500244140625,953,COST,1m
2026-05-14 15:32:00+00:00,1031.989990234375,1032.405029296875,1031.989990234375,1032.3299560546875,2524,COST,1m
2026-05-14 15:33:00+00:00,1031.8399658203125,1032.3299560546875,1030.969970703125,1030.969970703125,5503,COST,1m
2026-05-14 15:34:00+00:00,1030.72998046875,1031.4100341796875,1030.130126953125,1031.3900146484375,1815,COST,1m
2026-05-14 15:35:00+00:00,1030.7120361328125,1030.989990234375,1030.68994140625,1030.989990234375,625,COST,1m
2026-05-14 15:36:00+00:00,1030.4100341796875,1031.4300537109375,1030.2626953125,1031.4300537109375,4746,COST,1m
2026-05-14 15:37:00+00:00,1030.93994140625,1031.489990234375,1030.39013671875,1030.39013671875,800,COST,1m
2026-05-14 15:38:00+00:00,1030.8900146484375,1031.699951171875,1030.8900146484375,1031.625,2701,COST,1m
2026-05-14 15:39:00+00:00,1031.39501953125,1031.9200439453125,1031.25,1031.9200439453125,1335,COST,1m
2026-05-14 15:40:00+00:00,1032.0050048828125,1032.3800048828125,1031.93994140625,1031.93994140625,814,COST,1m
2026-05-14 15:41:00+00:00,1031.571533203125,1032.8343505859375,1031.571533203125,1032.8343505859375,2022,COST,1m
2026-05-14 15:42:00+00:00,1032.4449462890625,1032.5693359375,1032.069580078125,1032.5693359375,1343,COST,1m
2026-05-14 15:43:00+00:00,1032.93994140625,1032.93994140625,1032.3900146484375,1032.75,1803,COST,1m
2026-05-14 15:44:00+00:00,1032.97998046875,1033.3499755859375,1032.9200439453125,1033.3499755859375,1534,COST,1m
2026-05-14 15:45:00+00:00,1033.135009765625,1033.6800537109375,1032.590087890625,1032.590087890625,1089,COST,1m
2026-05-14 15:46:00+00:00,1033.135009765625,1034.37353515625,1033.135009765625,1034.37353515625,1980,COST,1m
2026-05-14 15:47:00+00:00,1034.0899658203125,1034.6099853515625,1034.0340576171875,1034.27001953125,2610,COST,1m
2026-05-14 15:48:00+00:00,1034.1600341796875,1034.300048828125,1034.1600341796875,1034.300048828125,492,COST,1m
2026-05-14 15:49:00+00:00,1034.1650390625,1034.300048828125,1033.8900146484375,1033.9100341796875,2353,COST,1m
2026-05-14 15:50:00+00:00,1033.7900390625,1033.7900390625,1033.300048828125,1033.5450439453125,1330,COST,1m
2026-05-14 15:51:00+00:00,1034.1500244140625,1034.1500244140625,1033.9100341796875,1033.9100341796875,878,COST,1m
2026-05-14 15:52:00+00:00,1033.989990234375,1034.1199951171875,1033.56005859375,1033.56005859375,1166,COST,1m
2026-05-14 15:53:00+00:00,1033.5550537109375,1033.637451171875,1033.5350341796875,1033.5350341796875,1049,COST,1m
2026-05-14 15:54:00+00:00,1033.0400390625,1033.5299072265625,1032.7950439453125,1033.5299072265625,782,COST,1m
2026-05-14 15:55:00+00:00,1033.300048828125,1033.719970703125,1033.1600341796875,1033.719970703125,1069,COST,1m
2026-05-14 15:56:00+00:00,1033.75,1034.5499267578125,1033.5775146484375,1034.219970703125,4769,COST,1m
2026-05-14 15:57:00+00:00,1034.449951171875,1034.7298583984375,1033.739990234375,1034.22998046875,5958,COST,1m
2026-05-14 15:58:00+00:00,1034.18994140625,1034.4300537109375,1033.740478515625,1034.2449951171875,7487,COST,1m
2026-05-14 15:59:00+00:00,1034.7099609375,1035.0,1034.5849609375,1034.8349609375,4444,COST,1m
2026-05-14 16:00:00+00:00,1034.9300537109375,1034.9300537109375,1034.6600341796875,1034.8299560546875,1022,COST,1m
2026-05-14 16:01:00+00:00,1035.2198486328125,1035.2198486328125,1034.7449951171875,1034.7449951171875,1080,COST,1m
2026-05-14 16:02:00+00:00,1034.489990234375,1034.5799560546875,1034.489990234375,1034.505126953125,1092,COST,1m
2026-05-14 16:03:00+00:00,1034.03173828125,1034.219970703125,1034.03173828125,1034.219970703125,720,COST,1m
2026-05-14 16:04:00+00:00,1034.35498046875,1034.35498046875,1034.2149658203125,1034.2149658203125,632,COST,1m
2026-05-14 16:05:00+00:00,1034.280029296875,1034.280029296875,1034.280029296875,1034.280029296875,370,COST,1m
2026-05-14 16:06:00+00:00,1034.27001953125,1034.760009765625,1034.27001953125,1034.3599853515625,1848,COST,1m
2026-05-14 16:07:00+00:00,1034.06005859375,1034.27001953125,1034.06005859375,1034.27001953125,706,COST,1m
2026-05-14 16:08:00+00:00,1033.8599853515625,1034.14501953125,1033.8599853515625,1034.14501953125,626,COST,1m
2026-05-14 16:09:00+00:00,1034.02001953125,1034.02001953125,1033.4200439453125,1033.4200439453125,1619,COST,1m
2026-05-14 16:10:00+00:00,1033.25,1033.25,1032.6300048828125,1033.030029296875,1795,COST,1m
2026-05-14 16:11:00+00:00,1033.06005859375,1033.06005859375,1033.06005859375,1033.06005859375,270,COST,1m
2026-05-14 16:12:00+00:00,1032.3599853515625,1032.5550537109375,1032.2725830078125,1032.2725830078125,1607,COST,1m
2026-05-14 16:13:00+00:00,1031.9951171875,1033.5,1031.9951171875,1033.2149658203125,3339,COST,1m
2026-05-14 16:14:00+00:00,1032.98388671875,1033.3399658203125,1032.98388671875,1033.3399658203125,613,COST,1m
2026-05-14 16:15:00+00:00,1033.6300048828125,1033.8299560546875,1033.31494140625,1033.8299560546875,1372,COST,1m
2026-05-14 16:16:00+00:00,1033.9200439453125,1034.1199951171875,1033.9200439453125,1034.1199951171875,392,COST,1m
2026-05-14 16:17:00+00:00,1034.280029296875,1035.1949462890625,1034.280029296875,1035.1949462890625,2883,COST,1m
2026-05-14 16:18:00+00:00,1035.1600341796875,1035.3399658203125,1035.1600341796875,1035.3399658203125,450,COST,1m
2026-05-14 16:19:00+00:00,1035.47998046875,1035.9300537109375,1035.4482421875,1035.4949951171875,2362,COST,1m
2026-05-14 16:20:00+00:00,1035.1685791015625,1035.5050048828125,1035.1025390625,1035.5050048828125,727,COST,1m
2026-05-14 16:21:00+00:00,1035.5,1035.5,1034.97998046875,1035.280029296875,3769,COST,1m
2026-05-14 16:22:00+00:00,1035.5,1035.5,1034.9405517578125,1034.9405517578125,503,COST,1m
2026-05-14 16:23:00+00:00,1035.0760498046875,1035.530029296875,1035.0,1035.0,1635,COST,1m
2026-05-14 16:24:00+00:00,1035.0,1035.0,1034.625,1034.625,913,COST,1m
2026-05-14 16:25:00+00:00,1034.625,1034.625,1034.3699951171875,1034.5699462890625,791,COST,1m
2026-05-14 16:26:00+00:00,1034.5699462890625,1034.720703125,1034.0699462890625,1034.0699462890625,1360,COST,1m
2026-05-14 16:27:00+00:00,1034.239990234375,1034.93994140625,1034.239990234375,1034.93994140625,1107,COST,1m
2026-05-14 16:28:00+00:00,1035.06005859375,1035.06005859375,1035.02001953125,1035.0400390625,1015,COST,1m
2026-05-14 16:29:00+00:00,1035.0250244140625,1035.239990234375,1034.9600830078125,1035.239990234375,789,COST,1m
2026-05-14 16:30:00+00:00,1034.969970703125,1035.135009765625,1034.344970703125,1034.344970703125,1307,COST,1m
2026-05-14 16:31:00+00:00,1034.2550048828125,1034.2750244140625,1034.0699462890625,1034.1800537109375,983,COST,1m
2026-05-14 16:32:00+00:00,1033.8701171875,1034.1925048828125,1033.8701171875,1033.9649658203125,1197,COST,1m
2026-05-14 16:33:00+00:00,1034.199951171875,1034.199951171875,1034.10498046875,1034.1600341796875,1653,COST,1m
2026-05-14 16:34:00+00:00,1033.364990234375,1033.925048828125,1033.25,1033.925048828125,1645,COST,1m
2026-05-14 16:36:00+00:00,1033.699951171875,1034.02001953125,1033.699951171875,1034.02001953125,473,COST,1m
2026-05-14 16:37:00+00:00,1033.6199951171875,1034.0098876953125,1033.3399658203125,1033.675048828125,1626,COST,1m
2026-05-14 16:38:00+00:00,1033.675048828125,1033.699951171875,1033.3409423828125,1033.675048828125,2001,COST,1m
2026-05-14 16:39:00+00:00,1033.6949462890625,1034.5550537109375,1033.16015625,1034.5550537109375,2795,COST,1m
2026-05-14 16:40:00+00:00,1034.6700439453125,1034.8011474609375,1034.6700439453125,1034.8011474609375,285,COST,1m
2026-05-14 16:41:00+00:00,1034.6800537109375,1035.0,1034.2900390625,1034.2900390625,2029,COST,1m
2026-05-14 16:42:00+00:00,1034.1400146484375,1034.1400146484375,1033.6800537109375,1033.6800537109375,718,COST,1m
2026-05-14 16:43:00+00:00,1033.0101318359375,1034.68994140625,1033.0101318359375,1034.68994140625,1580,COST,1m
2026-05-14 16:44:00+00:00,1034.6099853515625,1034.68994140625,1034.06005859375,1034.06005859375,3285,COST,1m
2026-05-14 16:45:00+00:00,1034.06005859375,1034.93505859375,1034.06005859375,1034.93505859375,812,COST,1m
2026-05-14 16:46:00+00:00,1034.8099365234375,1034.8099365234375,1034.2650146484375,1034.3399658203125,1302,COST,1m
2026-05-14 16:47:00+00:00,1034.074951171875,1034.0799560546875,1034.074951171875,1034.0799560546875,721,COST,1m
2026-05-14 16:48:00+00:00,1034.5699462890625,1034.9300537109375,1034.3299560546875,1034.9300537109375,792,COST,1m
2026-05-14 16:49:00+00:00,1034.6600341796875,1034.7850341796875,1034.6600341796875,1034.7850341796875,393,COST,1m
2026-05-14 16:50:00+00:00,1034.22998046875,1034.574951171875,1034.22998046875,1034.574951171875,867,COST,1m
2026-05-14 16:51:00+00:00,1034.68994140625,1035.300048828125,1034.574951171875,1035.06005859375,3515,COST,1m
2026-05-14 16:52:00+00:00,1034.135009765625,1034.43994140625,1034.135009765625,1034.43994140625,1385,COST,1m
2026-05-14 16:53:00+00:00,1033.9849853515625,1033.9849853515625,1033.728759765625,1033.728759765625,335,COST,1m
2026-05-14 16:54:00+00:00,1033.9449462890625,1033.945068359375,1033.9449462890625,1033.945068359375,716,COST,1m
2026-05-14 16:55:00+00:00,1033.6400146484375,1033.6400146484375,1033.625,1033.625,581,COST,1m
2026-05-14 16:56:00+00:00,1033.8900146484375,1034.52001953125,1033.8900146484375,1034.14501953125,2615,COST,1m
2026-05-14 16:57:00+00:00,1034.1280517578125,1034.760009765625,1034.1280517578125,1034.3475341796875,572,COST,1m
2026-05-14 16:58:00+00:00,1034.2550048828125,1034.5250244140625,1034.2550048828125,1034.5250244140625,732,COST,1m
2026-05-14 16:59:00+00:00,1034.3599853515625,1034.3599853515625,1033.7900390625,1033.7900390625,791,COST,1m
2026-05-14 17:00:00+00:00,1034.739990234375,1034.75,1034.469970703125,1034.634033203125,693,COST,1m
2026-05-14 17:01:00+00:00,1034.675048828125,1035.06005859375,1034.675048828125,1034.7950439453125,1292,COST,1m
2026-05-14 17:02:00+00:00,1034.7900390625,1034.8175048828125,1034.5799560546875,1034.5899658203125,2037,COST,1m
2026-05-14 17:03:00+00:00,1034.6099853515625,1034.75,1034.56005859375,1034.62744140625,1432,COST,1m
2026-05-14 17:04:00+00:00,1034.510009765625,1035.0,1034.010009765625,1035.0,2855,COST,1m
2026-05-14 17:05:00+00:00,1035.300048828125,1035.6500244140625,1035.114990234375,1035.114990234375,1146,COST,1m
2026-05-14 17:06:00+00:00,1035.110107421875,1035.110107421875,1035.1099853515625,1035.1099853515625,380,COST,1m
2026-05-14 17:07:00+00:00,1035.094970703125,1035.2650146484375,1035.094970703125,1035.2650146484375,392,COST,1m
2026-05-14 17:08:00+00:00,1035.280029296875,1035.614990234375,1035.280029296875,1035.5775146484375,2708,COST,1m
2026-05-14 17:09:00+00:00,1034.6300048828125,1034.8599853515625,1034.625,1034.8599853515625,432,COST,1m
2026-05-14 17:10:00+00:00,1034.81494140625,1035.1650390625,1034.675048828125,1035.1600341796875,713,COST,1m
2026-05-14 17:11:00+00:00,1035.1600341796875,1035.1600341796875,1035.1600341796875,1035.1600341796875,623,COST,1m
2026-05-14 17:12:00+00:00,1035.364990234375,1035.489990234375,1034.530029296875,1034.530029296875,3900,COST,1m
2026-05-14 17:13:00+00:00,1034.469970703125,1036.155029296875,1034.3499755859375,1035.97998046875,4293,COST,1m
2026-05-14 17:14:00+00:00,1035.85498046875,1036.8399658203125,1035.85498046875,1036.7750244140625,4338,COST,1m
2026-05-14 17:15:00+00:00,1036.4749755859375,1036.52001953125,1036.0699462890625,1036.52001953125,2427,COST,1m
2026-05-14 17:16:00+00:00,1036.1650390625,1036.510009765625,1036.1600341796875,1036.300048828125,2282,COST,1m
2026-05-14 17:17:00+00:00,1036.155029296875,1036.3399658203125,1036.155029296875,1036.3399658203125,1144,COST,1m
2026-05-14 17:18:00+00:00,1036.18994140625,1036.5350341796875,1036.1600341796875,1036.5350341796875,1281,COST,1m
2026-05-14 17:19:00+00:00,1036.6300048828125,1036.6300048828125,1036.199951171875,1036.199951171875,2375,COST,1m
2026-05-14 17:20:00+00:00,1036.06005859375,1036.300048828125,1035.199951171875,1035.43994140625,1483,COST,1m
2026-05-14 17:21:00+00:00,1035.199951171875,1035.2449951171875,1034.300048828125,1034.43994140625,1281,COST,1m
2026-05-14 17:22:00+00:00,1034.375,1034.3800048828125,1034.1300048828125,1034.1300048828125,766,COST,1m
2026-05-14 17:23:00+00:00,1034.72998046875,1034.739990234375,1034.3699951171875,1034.5849609375,2438,COST,1m
2026-05-14 17:24:00+00:00,1034.9300537109375,1036.0799560546875,1034.7650146484375,1035.0899658203125,1745,COST,1m
2026-05-14 17:25:00+00:00,1035.0899658203125,1035.926025390625,1035.0899658203125,1035.85498046875,1175,COST,1m
2026-05-14 17:26:00+00:00,1035.6400146484375,1036.6298828125,1035.56494140625,1035.8349609375,3731,COST,1m
2026-05-14 17:27:00+00:00,1035.6400146484375,1035.780029296875,1035.467529296875,1035.5250244140625,1131,COST,1m
2026-05-14 17:28:00+00:00,1035.5,1035.5799560546875,1035.1800537109375,1035.1800537109375,724,COST,1m
2026-05-14 17:29:00+00:00,1035.5799560546875,1035.9300537109375,1035.5799560546875,1035.8699951171875,1293,COST,1m
2026-05-14 17:30:00+00:00,1035.989990234375,1036.050048828125,1035.719970703125,1035.989990234375,1231,COST,1m
2026-05-14 17:31:00+00:00,1035.8599853515625,1035.95751953125,1035.75,1035.864990234375,1499,COST,1m
2026-05-14 17:32:00+00:00,1035.989990234375,1036.300048828125,1035.885009765625,1036.300048828125,829,COST,1m
2026-05-14 17:33:00+00:00,1035.66015625,1036.18994140625,1035.66015625,1036.18994140625,970,COST,1m
2026-05-14 17:34:00+00:00,1035.6700439453125,1035.969970703125,1034.6800537109375,1034.6800537109375,1114,COST,1m
2026-05-14 17:35:00+00:00,1035.4449462890625,1035.812255859375,1035.3199462890625,1035.3199462890625,613,COST,1m
2026-05-14 17:36:00+00:00,1035.239990234375,1035.239990234375,1035.239990234375,1035.239990234375,473,COST,1m
2026-05-14 17:37:00+00:00,1035.27734375,1035.3699951171875,1035.27734375,1035.300048828125,1192,COST,1m
2026-05-14 17:38:00+00:00,1035.5,1036.5400390625,1035.5,1036.2049560546875,1893,COST,1m
2026-05-14 17:39:00+00:00,1036.52001953125,1037.27001953125,1036.52001953125,1037.239990234375,2443,COST,1m
2026-05-14 17:40:00+00:00,1037.260009765625,1037.260009765625,1037.010009765625,1037.02001953125,1328,COST,1m
2026-05-14 17:41:00+00:00,1037.31005859375,1037.5699462890625,1037.31005859375,1037.5699462890625,1096,COST,1m
2026-05-14 17:42:00+00:00,1036.9200439453125,1037.4100341796875,1036.9200439453125,1037.4100341796875,419,COST,1m
2026-05-14 17:43:00+00:00,1037.4100341796875,1037.4100341796875,1036.9200439453125,1036.9200439453125,757,COST,1m
2026-05-14 17:44:00+00:00,1037.18505859375,1037.4599609375,1037.18505859375,1037.4549560546875,1839,COST,1m
2026-05-14 17:45:00+00:00,1037.6199951171875,1037.8599853515625,1037.6199951171875,1037.6400146484375,1631,COST,1m
2026-05-14 17:46:00+00:00,1037.3900146484375,1038.010009765625,1037.3900146484375,1037.8800048828125,1586,COST,1m
2026-05-14 17:47:00+00:00,1037.93994140625,1038.0,1037.614990234375,1038.0,743,COST,1m
2026-05-14 17:48:00+00:00,1037.6650390625,1038.1099853515625,1037.6650390625,1038.02001953125,2006,COST,1m
2026-05-14 17:49:00+00:00,1037.949951171875,1038.0849609375,1037.8349609375,1038.0849609375,591,COST,1m
2026-05-14 17:50:00+00:00,1037.842529296875,1038.1800537109375,1037.8349609375,1037.97998046875,1707,COST,1m
2026-05-14 17:51:00+00:00,1037.7900390625,1038.3599853515625,1037.7900390625,1038.094970703125,3578,COST,1m
2026-05-14 17:52:00+00:00,1038.6490478515625,1039.0,1038.5799560546875,1038.5899658203125,2620,COST,1m
2026-05-14 17:53:00+00:00,1038.4599609375,1038.56005859375,1037.155029296875,1037.155029296875,2699,COST,1m
2026-05-14 17:54:00+00:00,1036.8299560546875,1036.8299560546875,1036.6199951171875,1036.6199951171875,461,COST,1m
2026-05-14 17:55:00+00:00,1036.6199951171875,1036.8399658203125,1036.47998046875,1036.6600341796875,1227,COST,1m
2026-05-14 17:56:00+00:00,1036.8499755859375,1036.989990234375,1036.6600341796875,1036.9599609375,2272,COST,1m
2026-05-14 17:57:00+00:00,1036.7900390625,1036.93994140625,1036.7900390625,1036.7900390625,878,COST,1m
2026-05-14 17:58:00+00:00,1037.0699462890625,1037.2900390625,1037.0,1037.2900390625,2767,COST,1m
2026-05-14 17:59:00+00:00,1037.385009765625,1037.385009765625,1037.0001220703125,1037.199951171875,964,COST,1m
2026-05-14 18:00:00+00:00,1037.0,1037.22998046875,1035.800048828125,1035.9449462890625,4944,COST,1m
2026-05-14 18:01:00+00:00,1035.9449462890625,1036.864990234375,1035.72998046875,1036.280029296875,2549,COST,1m
2026-05-14 18:02:00+00:00,1036.2349853515625,1036.7298583984375,1036.2349853515625,1036.3599853515625,868,COST,1m
2026-05-14 18:03:00+00:00,1036.719970703125,1036.739990234375,1036.375,1036.739990234375,1362,COST,1m
2026-05-14 18:04:00+00:00,1036.375,1036.375,1035.7099609375,1035.7099609375,2537,COST,1m
2026-05-14 18:05:00+00:00,1036.06005859375,1036.6300048828125,1035.9024658203125,1036.5467529296875,3825,COST,1m
2026-05-14 18:06:00+00:00,1036.1300048828125,1036.1300048828125,1035.52001953125,1035.52001953125,2101,COST,1m
2026-05-14 18:07:00+00:00,1035.199951171875,1035.199951171875,1034.8974609375,1034.8974609375,603,COST,1m
2026-05-14 18:08:00+00:00,1034.6800537109375,1035.0999755859375,1034.6800537109375,1034.885009765625,1569,COST,1m
2026-05-14 18:09:00+00:00,1034.1700439453125,1034.6600341796875,1034.1700439453125,1034.5250244140625,1603,COST,1m
2026-05-14 18:10:00+00:00,1034.5250244140625,1034.5250244140625,1034.0,1034.0,706,COST,1m
2026-05-14 18:11:00+00:00,1034.0849609375,1034.2900390625,1033.4100341796875,1034.2900390625,3425,COST,1m
2026-05-14 18:12:00+00:00,1034.2900390625,1034.2900390625,1033.5799560546875,1033.97998046875,944,COST,1m
2026-05-14 18:13:00+00:00,1033.6075439453125,1033.9150390625,1033.199951171875,1033.5899658203125,2508,COST,1m
2026-05-14 18:14:00+00:00,1033.219970703125,1033.9798583984375,1032.90478515625,1033.8638916015625,3447,COST,1m
2026-05-14 18:15:00+00:00,1033.7900390625,1034.0,1033.6099853515625,1033.875,2635,COST,1m
2026-05-14 18:16:00+00:00,1033.875,1033.989990234375,1033.760009765625,1033.85498046875,1313,COST,1m
2026-05-14 18:17:00+00:00,1033.7415771484375,1034.530029296875,1033.7415771484375,1034.489990234375,2638,COST,1m
2026-05-14 18:18:00+00:00,1034.60498046875,1036.3900146484375,1034.60498046875,1036.280029296875,3021,COST,1m
2026-05-14 18:19:00+00:00,1036.4200439453125,1036.990234375,1036.25,1036.990234375,1752,COST,1m
2026-05-14 18:20:00+00:00,1036.9000244140625,1036.9000244140625,1036.489990234375,1036.489990234375,1479,COST,1m
2026-05-14 18:21:00+00:00,1036.510009765625,1037.3199462890625,1036.5,1037.3199462890625,3282,COST,1m
2026-05-14 18:22:00+00:00,1037.27001953125,1037.485107421875,1037.25,1037.3299560546875,1771,COST,1m
2026-05-14 18:23:00+00:00,1037.0999755859375,1037.449951171875,1037.0999755859375,1037.344970703125,2500,COST,1m
2026-05-14 18:24:00+00:00,1037.5999755859375,1037.7900390625,1037.52001953125,1037.780029296875,1311,COST,1m
2026-05-14 18:25:00+00:00,1037.780029296875,1037.969970703125,1037.360107421875,1037.6650390625,3012,COST,1m
2026-05-14 18:26:00+00:00,1037.4300537109375,1037.4300537109375,1037.010009765625,1037.18994140625,2105,COST,1m
2026-05-14 18:27:00+00:00,1037.4599609375,1038.0,1037.18505859375,1038.0,2689,COST,1m
2026-05-14 18:28:00+00:00,1038.1700439453125,1038.1700439453125,1038.1500244140625,1038.1500244140625,451,COST,1m
2026-05-14 18:29:00+00:00,1038.14501953125,1038.14501953125,1037.510009765625,1037.7449951171875,3192,COST,1m
2026-05-14 18:30:00+00:00,1037.22998046875,1037.3699951171875,1037.0400390625,1037.364990234375,1955,COST,1m
2026-05-14 18:31:00+00:00,1037.18505859375,1037.6099853515625,1037.18505859375,1037.6099853515625,2441,COST,1m
2026-05-14 18:32:00+00:00,1037.6099853515625,1037.6099853515625,1037.4300537109375,1037.5450439453125,1744,COST,1m
2026-05-14 18:33:00+00:00,1037.5450439453125,1037.5450439453125,1037.3299560546875,1037.4300537109375,1786,COST,1m
2026-05-14 18:34:00+00:00,1037.385009765625,1037.385009765625,1037.0,1037.0,609,COST,1m
2026-05-14 18:35:00+00:00,1037.5899658203125,1037.5899658203125,1036.7900390625,1036.7900390625,513,COST,1m
2026-05-14 18:36:00+00:00,1036.800048828125,1037.1300048828125,1036.800048828125,1037.1300048828125,1719,COST,1m
2026-05-14 18:37:00+00:00,1037.280029296875,1037.4200439453125,1036.4100341796875,1037.239990234375,5275,COST,1m
2026-05-14 18:38:00+00:00,1037.0150146484375,1037.0150146484375,1037.0150146484375,1037.0150146484375,542,COST,1m
2026-05-14 18:39:00+00:00,1037.17138671875,1037.17138671875,1036.859619140625,1036.9000244140625,1115,COST,1m
2026-05-14 18:40:00+00:00,1036.8900146484375,1037.010009765625,1036.6900634765625,1036.6900634765625,1756,COST,1m
2026-05-14 18:41:00+00:00,1037.239990234375,1037.239990234375,1036.4200439453125,1036.89990234375,3012,COST,1m
2026-05-14 18:42:00+00:00,1036.7049560546875,1037.074462890625,1036.4200439453125,1037.074462890625,1467,COST,1m
2026-05-14 18:43:00+00:00,1036.8084716796875,1037.239990234375,1036.8084716796875,1037.239990234375,466,COST,1m
2026-05-14 18:44:00+00:00,1036.7349853515625,1037.0350341796875,1036.72998046875,1036.72998046875,1698,COST,1m
2026-05-14 18:45:00+00:00,1036.4229736328125,1036.6400146484375,1036.4200439453125,1036.56005859375,1993,COST,1m
2026-05-14 18:46:00+00:00,1036.56005859375,1036.719970703125,1036.1300048828125,1036.1300048828125,1955,COST,1m
2026-05-14 18:47:00+00:00,1036.2750244140625,1036.280029296875,1036.0400390625,1036.25,2360,COST,1m
2026-05-14 18:48:00+00:00,1036.31494140625,1036.5,1035.969970703125,1036.0999755859375,887,COST,1m
2026-05-14 18:49:00+00:00,1036.3050537109375,1036.510009765625,1036.1700439453125,1036.510009765625,920,COST,1m
2026-05-14 18:50:00+00:00,1036.18994140625,1036.18994140625,1035.550048828125,1035.760009765625,3611,COST,1m
2026-05-14 18:51:00+00:00,1035.85498046875,1035.9532470703125,1034.75,1035.3349609375,1687,COST,1m
2026-05-14 18:52:00+00:00,1035.31494140625,1035.8399658203125,1035.31494140625,1035.8399658203125,1248,COST,1m
2026-05-14 18:53:00+00:00,1035.5150146484375,1035.6500244140625,1035.0469970703125,1035.0469970703125,2257,COST,1m
2026-05-14 18:54:00+00:00,1034.7550048828125,1035.25,1034.75,1034.892333984375,2602,COST,1m
2026-05-14 18:55:00+00:00,1035.050048828125,1035.4127197265625,1034.9000244140625,1035.18505859375,3223,COST,1m
2026-05-14 18:56:00+00:00,1035.18505859375,1036.219970703125,1034.8699951171875,1035.43505859375,2318,COST,1m
2026-05-14 18:57:00+00:00,1035.4649658203125,1035.4649658203125,1035.1700439453125,1035.27001953125,480,COST,1m
2026-05-14 18:58:00+00:00,1035.5,1036.635009765625,1035.5,1036.135009765625,2224,COST,1m
2026-05-14 18:59:00+00:00,1036.135009765625,1037.289306640625,1036.135009765625,1036.8299560546875,2191,COST,1m
2026-05-14 19:00:00+00:00,1036.449951171875,1036.81005859375,1036.2099609375,1036.3465576171875,2021,COST,1m
2026-05-14 19:01:00+00:00,1036.0899658203125,1036.0899658203125,1035.780029296875,1035.780029296875,593,COST,1m
2026-05-14 19:02:00+00:00,1035.5849609375,1035.8599853515625,1035.5849609375,1035.8399658203125,966,COST,1m
2026-05-14 19:03:00+00:00,1035.8499755859375,1035.9100341796875,1035.635009765625,1035.9100341796875,895,COST,1m
2026-05-14 19:04:00+00:00,1035.9300537109375,1036.1099853515625,1035.759033203125,1036.1099853515625,1035,COST,1m
2026-05-14 19:05:00+00:00,1035.800048828125,1035.800048828125,1035.800048828125,1035.800048828125,588,COST,1m
2026-05-14 19:06:00+00:00,1035.800048828125,1035.800048828125,1035.800048828125,1035.800048828125,902,COST,1m
2026-05-14 19:07:00+00:00,1036.0799560546875,1036.0899658203125,1035.5,1035.64501953125,2007,COST,1m
2026-05-14 19:08:00+00:00,1035.4100341796875,1035.5374755859375,1034.8050537109375,1034.8299560546875,2010,COST,1m
2026-05-14 19:09:00+00:00,1035.0,1035.47998046875,1034.844970703125,1035.082275390625,2308,COST,1m
2026-05-14 19:10:00+00:00,1035.6300048828125,1035.72998046875,1035.4449462890625,1035.4449462890625,1721,COST,1m
2026-05-14 19:11:00+00:00,1035.7242431640625,1035.9200439453125,1035.4425048828125,1035.7950439453125,2985,COST,1m
2026-05-14 19:12:00+00:00,1035.72998046875,1036.263671875,1035.4100341796875,1036.10498046875,1209,COST,1m
2026-05-14 19:13:00+00:00,1036.1099853515625,1036.1099853515625,1036.0400390625,1036.0400390625,910,COST,1m
2026-05-14 19:14:00+00:00,1036.0050048828125,1036.0050048828125,1036.0050048828125,1036.0050048828125,729,COST,1m
2026-05-14 19:15:00+00:00,1035.8599853515625,1035.9466552734375,1035.188720703125,1035.188720703125,2079,COST,1m
2026-05-14 19:16:00+00:00,1035.43994140625,1035.4649658203125,1035.425048828125,1035.4649658203125,1385,COST,1m
2026-05-14 19:17:00+00:00,1035.57958984375,1035.57958984375,1035.4649658203125,1035.469970703125,770,COST,1m
2026-05-14 19:18:00+00:00,1035.280029296875,1035.614990234375,1035.1199951171875,1035.614990234375,1302,COST,1m
2026-05-14 19:19:00+00:00,1035.344970703125,1035.56005859375,1035.219970703125,1035.219970703125,770,COST,1m
2026-05-14 19:20:00+00:00,1035.324951171875,1035.6400146484375,1035.22998046875,1035.22998046875,1205,COST,1m
2026-05-14 19:21:00+00:00,1035.1099853515625,1035.5,1035.080078125,1035.449951171875,1746,COST,1m
2026-05-14 19:22:00+00:00,1035.0799560546875,1035.4000244140625,1035.0799560546875,1035.1949462890625,1475,COST,1m
2026-05-14 19:23:00+00:00,1035.0,1035.3699951171875,1034.9449462890625,1035.175048828125,2227,COST,1m
2026-05-14 19:24:00+00:00,1035.3599853515625,1035.739990234375,1035.125,1035.4849853515625,2986,COST,1m
2026-05-14 19:25:00+00:00,1035.5050048828125,1035.969970703125,1035.5050048828125,1035.969970703125,204,COST,1m
2026-05-14 19:26:00+00:00,1035.510009765625,1035.97998046875,1035.510009765625,1035.6800537109375,829,COST,1m
2026-05-14 19:27:00+00:00,1035.77001953125,1036.0849609375,1035.77001953125,1035.97998046875,1751,COST,1m
2026-05-14 19:28:00+00:00,1035.93994140625,1036.27001953125,1035.93994140625,1036.02001953125,3124,COST,1m
2026-05-14 19:29:00+00:00,1036.27001953125,1036.5999755859375,1035.989990234375,1035.989990234375,5336,COST,1m
2026-05-14 19:30:00+00:00,1035.8599853515625,1036.3599853515625,1035.8599853515625,1036.14501953125,1990,COST,1m
2026-05-14 19:31:00+00:00,1036.2900390625,1036.93994140625,1036.2900390625,1036.56494140625,1436,COST,1m
2026-05-14 19:32:00+00:00,1036.77001953125,1036.97998046875,1036.5699462890625,1036.8800048828125,1117,COST,1m
2026-05-14 19:33:00+00:00,1036.89501953125,1037.1600341796875,1036.7099609375,1037.0,2852,COST,1m
2026-05-14 19:34:00+00:00,1037.0350341796875,1037.0350341796875,1036.8499755859375,1036.85498046875,1985,COST,1m
2026-05-14 19:35:00+00:00,1036.97998046875,1037.0799560546875,1036.7950439453125,1037.0799560546875,2362,COST,1m
2026-05-14 19:36:00+00:00,1037.22998046875,1037.22998046875,1036.9200439453125,1036.9200439453125,1681,COST,1m
2026-05-14 19:37:00+00:00,1036.9200439453125,1037.22998046875,1036.8800048828125,1037.22998046875,1920,COST,1m
2026-05-14 19:38:00+00:00,1037.0699462890625,1037.1800537109375,1036.7900390625,1036.824951171875,2955,COST,1m
2026-05-14 19:39:00+00:00,1036.8599853515625,1036.949951171875,1036.72607421875,1036.824951171875,2431,COST,1m
2026-05-14 19:40:00+00:00,1036.824951171875,1037.02001953125,1036.8050537109375,1036.8050537109375,2085,COST,1m
2026-05-14 19:41:00+00:00,1036.8050537109375,1036.8050537109375,1036.6199951171875,1036.800048828125,1436,COST,1m
2026-05-14 19:42:00+00:00,1036.97998046875,1037.8199462890625,1036.97998046875,1037.8199462890625,4140,COST,1m
2026-05-14 19:43:00+00:00,1037.489990234375,1037.949951171875,1037.4300537109375,1037.949951171875,2463,COST,1m
2026-05-14 19:44:00+00:00,1037.8199462890625,1037.989990234375,1037.6600341796875,1037.760009765625,3076,COST,1m
2026-05-14 19:45:00+00:00,1037.6400146484375,1037.6400146484375,1037.510009765625,1037.56005859375,2610,COST,1m
2026-05-14 19:46:00+00:00,1037.811767578125,1037.969970703125,1037.4801025390625,1037.9100341796875,2661,COST,1m
2026-05-14 19:47:00+00:00,1037.8199462890625,1038.25,1037.699951171875,1037.949951171875,3452,COST,1m
2026-05-14 19:48:00+00:00,1038.0699462890625,1038.4898681640625,1037.9300537109375,1038.4898681640625,4249,COST,1m
2026-05-14 19:49:00+00:00,1038.199951171875,1038.199951171875,1037.68994140625,1037.72998046875,4891,COST,1m
2026-05-14 19:50:00+00:00,1037.3699951171875,1041.4200439453125,1037.3699951171875,1039.2850341796875,17966,COST,1m
2026-05-14 19:51:00+00:00,1039.2099609375,1040.175048828125,1038.89013671875,1040.175048828125,5772,COST,1m
2026-05-14 19:52:00+00:00,1040.3900146484375,1040.489990234375,1040.0699462890625,1040.489990234375,4955,COST,1m
2026-05-14 19:53:00+00:00,1040.530029296875,1040.6700439453125,1039.43994140625,1040.0899658203125,6556,COST,1m
2026-05-14 19:54:00+00:00,1039.8699951171875,1040.719970703125,1039.2900390625,1039.89501953125,10880,COST,1m
2026-05-14 19:55:00+00:00,1039.9649658203125,1040.0799560546875,1039.489990234375,1039.8599853515625,6564,COST,1m
2026-05-14 19:56:00+00:00,1039.949951171875,1040.7950439453125,1039.85498046875,1040.7950439453125,12901,COST,1m
2026-05-14 19:57:00+00:00,1040.6199951171875,1041.300048828125,1040.3499755859375,1041.27001953125,12340,COST,1m
2026-05-14 19:58:00+00:00,1041.1400146484375,1041.5799560546875,1041.1400146484375,1041.5799560546875,18515,COST,1m
2026-05-14 19:59:00+00:00,1041.489990234375,1041.77001953125,1041.0,1041.300048828125,53416,COST,1m
2026-05-15 13:30:00+00:00,1047.8599853515625,1050.0,1039.219970703125,1043.780029296875,218111,COST,1m
2026-05-15 13:31:00+00:00,1041.614990234375,1043.6400146484375,1039.22998046875,1042.074951171875,8002,COST,1m
2026-05-15 13:32:00+00:00,1042.300048828125,1044.0550537109375,1039.8499755859375,1041.8599853515625,3427,COST,1m
2026-05-15 13:33:00+00:00,1042.77001953125,1043.9649658203125,1042.0999755859375,1043.0,2241,COST,1m
2026-05-15 13:34:00+00:00,1043.6199951171875,1048.9637451171875,1043.5799560546875,1048.3599853515625,3942,COST,1m
2026-05-15 13:35:00+00:00,1047.22998046875,1049.0400390625,1046.6800537109375,1046.6800537109375,6379,COST,1m
2026-05-15 13:36:00+00:00,1047.719970703125,1047.719970703125,1044.27001953125,1044.27001953125,4200,COST,1m
2026-05-15 13:37:00+00:00,1045.199951171875,1045.9200439453125,1044.5,1045.2449951171875,1432,COST,1m
2026-05-15 13:38:00+00:00,1044.4901123046875,1046.47998046875,1044.4901123046875,1045.360107421875,3786,COST,1m
2026-05-15 13:39:00+00:00,1046.074951171875,1047.489990234375,1046.074951171875,1047.489990234375,1773,COST,1m
2026-05-15 13:40:00+00:00,1047.3958740234375,1048.050048828125,1045.9959716796875,1046.215087890625,5632,COST,1m
2026-05-15 13:41:00+00:00,1046.2149658203125,1046.85595703125,1046.1949462890625,1046.6500244140625,3574,COST,1m
2026-05-15 13:42:00+00:00,1046.530029296875,1049.6099853515625,1046.280029296875,1049.030029296875,4505,COST,1m
2026-05-15 13:43:00+00:00,1048.77001953125,1049.489990234375,1046.71484375,1047.3599853515625,3994,COST,1m
2026-05-15 13:44:00+00:00,1047.4949951171875,1047.9100341796875,1047.0,1047.300048828125,1954,COST,1m
2026-05-15 13:45:00+00:00,1046.72998046875,1048.2099609375,1046.52001953125,1048.1300048828125,9046,COST,1m
2026-05-15 13:46:00+00:00,1047.734375,1050.0,1047.734375,1049.7650146484375,30362,COST,1m
2026-05-15 13:47:00+00:00,1049.7650146484375,1050.489990234375,1049.530029296875,1049.6099853515625,9123,COST,1m
2026-05-15 13:48:00+00:00,1049.6099853515625,1050.0,1047.6500244140625,1048.655029296875,6052,COST,1m
2026-05-15 13:49:00+00:00,1048.4949951171875,1049.8499755859375,1047.31005859375,1048.719970703125,1876,COST,1m
2026-05-15 13:50:00+00:00,1048.72998046875,1052.0799560546875,1048.1875,1051.5201416015625,8814,COST,1m
2026-05-15 13:51:00+00:00,1052.6099853515625,1052.6099853515625,1051.3299560546875,1051.3299560546875,4740,COST,1m
2026-05-15 13:52:00+00:00,1051.969970703125,1053.5,1051.969970703125,1053.199951171875,5786,COST,1m
2026-05-15 13:53:00+00:00,1053.5,1053.64111328125,1052.375,1052.5,5221,COST,1m
2026-05-15 13:54:00+00:00,1052.199951171875,1052.3499755859375,1050.2022705078125,1050.7900390625,4120,COST,1m
2026-05-15 13:55:00+00:00,1050.0,1050.989990234375,1049.489990234375,1050.094970703125,3843,COST,1m
2026-05-15 13:56:00+00:00,1050.5799560546875,1053.0,1050.5799560546875,1052.6728515625,7854,COST,1m
2026-05-15 13:57:00+00:00,1052.3800048828125,1056.0,1052.3800048828125,1056.0,14129,COST,1m
2026-05-15 13:58:00+00:00,1056.0,1057.22998046875,1055.800048828125,1056.863037109375,12817,COST,1m
2026-05-15 13:59:00+00:00,1056.6800537109375,1057.4200439453125,1055.860107421875,1056.739990234375,11412,COST,1m
2026-05-15 14:00:00+00:00,1056.530029296875,1057.5,1056.1700439453125,1056.4000244140625,9351,COST,1m
2026-05-15 14:01:00+00:00,1056.4000244140625,1057.406494140625,1056.280029296875,1056.280029296875,8797,COST,1m
2026-05-15 14:02:00+00:00,1056.155029296875,1056.4898681640625,1052.2099609375,1052.2099609375,7417,COST,1m
2026-05-15 14:03:00+00:00,1052.530029296875,1054.6600341796875,1051.8800048828125,1053.52001953125,5095,COST,1m
2026-05-15 14:04:00+00:00,1053.52001953125,1054.260009765625,1052.0,1052.0,2038,COST,1m
2026-05-15 14:05:00+00:00,1052.5849609375,1053.169921875,1051.7900390625,1052.280029296875,2605,COST,1m
2026-05-15 14:06:00+00:00,1051.75,1052.0550537109375,1050.8699951171875,1051.9998779296875,2720,COST,1m
2026-05-15 14:07:00+00:00,1051.8299560546875,1052.0,1050.6600341796875,1050.9300537109375,3253,COST,1m
2026-05-15 14:08:00+00:00,1050.9100341796875,1051.1668701171875,1049.47998046875,1049.8499755859375,3947,COST,1m
2026-05-15 14:09:00+00:00,1049.5699462890625,1049.5699462890625,1048.0,1048.380126953125,9357,COST,1m
2026-05-15 14:10:00+00:00,1048.0001220703125,1048.3800048828125,1047.0699462890625,1047.60009765625,3056,COST,1m
2026-05-15 14:11:00+00:00,1047.5999755859375,1048.81005859375,1047.0699462890625,1047.6600341796875,9386,COST,1m
2026-05-15 14:12:00+00:00,1048.5350341796875,1049.530029296875,1048.0,1048.303955078125,4952,COST,1m
2026-05-15 14:13:00+00:00,1048.010009765625,1048.3499755859375,1047.0001220703125,1048.2650146484375,5212,COST,1m
2026-05-15 14:14:00+00:00,1048.2099609375,1048.237548828125,1047.199951171875,1047.3599853515625,5395,COST,1m
2026-05-15 14:15:00+00:00,1047.2099609375,1048.3800048828125,1047.18994140625,1048.18994140625,8438,COST,1m
2026-05-15 14:16:00+00:00,1048.5,1049.0,1047.8199462890625,1048.6800537109375,6931,COST,1m
2026-05-15 14:17:00+00:00,1048.6800537109375,1048.719970703125,1047.8900146484375,1048.449951171875,3888,COST,1m
2026-05-15 14:18:00+00:00,1048.3699951171875,1050.7049560546875,1048.3699951171875,1050.5899658203125,7050,COST,1m
2026-05-15 14:19:00+00:00,1050.02001953125,1051.4599609375,1050.02001953125,1050.969970703125,3522,COST,1m
2026-05-15 14:20:00+00:00,1050.89501953125,1051.68994140625,1050.550048828125,1051.2325439453125,7039,COST,1m
2026-05-15 14:21:00+00:00,1050.81005859375,1051.68994140625,1050.800048828125,1051.0799560546875,6570,COST,1m
2026-05-15 14:22:00+00:00,1051.5616455078125,1051.949951171875,1051.0,1051.4849853515625,4008,COST,1m
2026-05-15 14:23:00+00:00,1051.489990234375,1051.780029296875,1049.5899658203125,1050.22998046875,39050,COST,1m
2026-05-15 14:24:00+00:00,1049.739990234375,1050.99755859375,1049.1500244140625,1049.1500244140625,5891,COST,1m
2026-05-15 14:25:00+00:00,1049.56005859375,1049.93994140625,1048.4000244140625,1048.81494140625,4413,COST,1m
2026-05-15 14:26:00+00:00,1048.81494140625,1048.81494140625,1047.800048828125,1048.0899658203125,5130,COST,1m
2026-05-15 14:27:00+00:00,1048.4100341796875,1048.8699951171875,1048.0201416015625,1048.4200439453125,4698,COST,1m
2026-05-15 14:28:00+00:00,1048.4849853515625,1048.8399658203125,1048.199951171875,1048.68994140625,2775,COST,1m
2026-05-15 14:29:00+00:00,1049.1800537109375,1049.8900146484375,1048.93994140625,1048.93994140625,1577,COST,1m
2026-05-15 14:30:00+00:00,1048.949951171875,1049.2149658203125,1048.1600341796875,1049.2149658203125,5473,COST,1m
2026-05-15 14:31:00+00:00,1048.635009765625,1048.635009765625,1046.6099853515625,1047.8309326171875,7102,COST,1m
2026-05-15 14:32:00+00:00,1047.64501953125,1048.08984375,1047.64501953125,1047.755126953125,677,COST,1m
2026-05-15 14:33:00+00:00,1047.8299560546875,1047.93994140625,1046.68994140625,1046.68994140625,3995,COST,1m
2026-05-15 14:34:00+00:00,1046.574951171875,1047.4000244140625,1046.5550537109375,1047.199951171875,3373,COST,1m
2026-05-15 14:35:00+00:00,1047.5849609375,1048.875,1047.5849609375,1048.8575439453125,2300,COST,1m
2026-05-15 14:36:00+00:00,1048.0699462890625,1048.4599609375,1047.3399658203125,1047.6099853515625,2522,COST,1m
2026-05-15 14:37:00+00:00,1047.7900390625,1048.3079833984375,1047.7099609375,1047.9000244140625,1817,COST,1m
2026-05-15 14:38:00+00:00,1048.1800537109375,1048.2249755859375,1047.0,1047.8099365234375,3620,COST,1m
2026-05-15 14:39:00+00:00,1046.9000244140625,1047.35498046875,1046.9000244140625,1046.9000244140625,1607,COST,1m
2026-05-15 14:40:00+00:00,1046.469970703125,1046.469970703125,1045.9000244140625,1045.9000244140625,2122,COST,1m
2026-05-15 14:41:00+00:00,1045.7900390625,1045.81494140625,1045.449951171875,1045.449951171875,989,COST,1m
2026-05-15 14:42:00+00:00,1045.7750244140625,1046.4659423828125,1045.4000244140625,1046.0,2745,COST,1m
2026-05-15 14:43:00+00:00,1046.1099853515625,1046.81005859375,1045.8699951171875,1046.3349609375,1089,COST,1m
2026-05-15 14:44:00+00:00,1046.739990234375,1047.8800048828125,1046.6800537109375,1047.5450439453125,3728,COST,1m
2026-05-15 14:45:00+00:00,1047.89501953125,1048.50927734375,1047.6278076171875,1048.0799560546875,1701,COST,1m
2026-05-15 14:46:00+00:00,1048.0699462890625,1048.72998046875,1048.0699462890625,1048.72998046875,2279,COST,1m
2026-05-15 14:47:00+00:00,1048.719970703125,1048.9599609375,1047.9949951171875,1048.9599609375,4117,COST,1m
2026-05-15 14:48:00+00:00,1049.0350341796875,1050.4749755859375,1049.0350341796875,1049.8909912109375,4307,COST,1m
2026-05-15 14:49:00+00:00,1049.6800537109375,1049.85498046875,1049.3599853515625,1049.5123291015625,2148,COST,1m
2026-05-15 14:50:00+00:00,1049.8499755859375,1049.9200439453125,1049.3599853515625,1049.3599853515625,1488,COST,1m
2026-05-15 14:51:00+00:00,1049.18994140625,1049.18994140625,1048.2010498046875,1048.2010498046875,3582,COST,1m
2026-05-15 14:52:00+00:00,1048.800048828125,1048.909912109375,1048.56005859375,1048.5849609375,3594,COST,1m
2026-05-15 14:53:00+00:00,1048.905029296875,1048.905029296875,1048.68994140625,1048.8499755859375,1271,COST,1m
2026-05-15 14:54:00+00:00,1048.905029296875,1048.905029296875,1048.905029296875,1048.905029296875,344,COST,1m
2026-05-15 14:55:00+00:00,1048.4100341796875,1048.4599609375,1047.864990234375,1048.1800537109375,2773,COST,1m
2026-05-15 14:56:00+00:00,1048.1800537109375,1048.4300537109375,1047.72998046875,1048.4300537109375,2689,COST,1m
2026-05-15 14:57:00+00:00,1048.0400390625,1048.18994140625,1047.72998046875,1048.18994140625,1927,COST,1m
2026-05-15 14:58:00+00:00,1048.06005859375,1048.6199951171875,1048.0,1048.47998046875,2780,COST,1m
2026-05-15 14:59:00+00:00,1048.47998046875,1049.300048828125,1048.47998046875,1049.300048828125,4404,COST,1m
2026-05-15 15:00:00+00:00,1049.489990234375,1050.1800537109375,1049.199951171875,1049.7900390625,4678,COST,1m
2026-05-15 15:01:00+00:00,1049.6099853515625,1050.0,1049.5999755859375,1050.0,1800,COST,1m
2026-05-15 15:02:00+00:00,1050.4786376953125,1050.68994140625,1049.989990234375,1050.219970703125,3618,COST,1m
2026-05-15 15:03:00+00:00,1050.2750244140625,1050.2750244140625,1049.3599853515625,1049.3599853515625,10697,COST,1m
2026-05-15 15:04:00+00:00,1049.739990234375,1049.9949951171875,1049.6199951171875,1049.6300048828125,4286,COST,1m
2026-05-15 15:05:00+00:00,1049.25,1050.0,1049.1600341796875,1050.0,2212,COST,1m
2026-05-15 15:06:00+00:00,1049.89501953125,1050.5,1049.0999755859375,1049.18505859375,5720,COST,1m
2026-05-15 15:07:00+00:00,1048.949951171875,1049.47998046875,1048.7900390625,1049.47998046875,2464,COST,1m
2026-05-15 15:08:00+00:00,1049.3299560546875,1049.43994140625,1049.0,1049.0150146484375,1368,COST,1m
2026-05-15 15:09:00+00:00,1048.5699462890625,1048.8499755859375,1046.530029296875,1046.530029296875,4054,COST,1m
2026-05-15 15:10:00+00:00,1046.510009765625,1047.300048828125,1046.5,1047.1650390625,2622,COST,1m
2026-05-15 15:11:00+00:00,1048.3089599609375,1048.3089599609375,1047.260009765625,1047.4449462890625,1825,COST,1m
2026-05-15 15:12:00+00:00,1047.43994140625,1047.43994140625,1047.090087890625,1047.090087890625,2444,COST,1m
2026-05-15 15:13:00+00:00,1047.43994140625,1047.43994140625,1046.989990234375,1047.175048828125,3754,COST,1m
2026-05-15 15:14:00+00:00,1047.4599609375,1047.6500244140625,1047.4599609375,1047.6500244140625,452,COST,1m
2026-05-15 15:15:00+00:00,1047.4300537109375,1047.4300537109375,1046.570068359375,1046.570068359375,3286,COST,1m
2026-05-15 15:16:00+00:00,1047.0,1047.135009765625,1046.4000244140625,1047.135009765625,3082,COST,1m
2026-05-15 15:17:00+00:00,1047.135009765625,1047.489990234375,1046.43994140625,1046.9300537109375,2610,COST,1m
2026-05-15 15:18:00+00:00,1046.68994140625,1046.989990234375,1046.6700439453125,1046.989990234375,2045,COST,1m
2026-05-15 15:19:00+00:00,1047.0550537109375,1047.0550537109375,1046.8900146484375,1046.9300537109375,474,COST,1m
2026-05-15 15:20:00+00:00,1046.989990234375,1047.010009765625,1046.0899658203125,1046.2425537109375,2632,COST,1m
2026-05-15 15:21:00+00:00,1046.31494140625,1046.31494140625,1045.780029296875,1045.905029296875,2440,COST,1m
2026-05-15 15:22:00+00:00,1045.550048828125,1045.550048828125,1044.75,1044.9000244140625,3263,COST,1m
2026-05-15 15:23:00+00:00,1045.52001953125,1045.52001953125,1045.2249755859375,1045.2249755859375,945,COST,1m
2026-05-15 15:24:00+00:00,1045.324951171875,1046.93994140625,1045.324951171875,1045.75,2567,COST,1m
2026-05-15 15:25:00+00:00,1046.02001953125,1046.0799560546875,1045.550048828125,1045.969970703125,1768,COST,1m
2026-05-15 15:26:00+00:00,1045.9649658203125,1045.9649658203125,1045.9649658203125,1045.9649658203125,404,COST,1m
2026-05-15 15:27:00+00:00,1045.550048828125,1045.562255859375,1045.5400390625,1045.562255859375,1437,COST,1m
2026-05-15 15:28:00+00:00,1045.7099609375,1045.7099609375,1045.2900390625,1045.4000244140625,2475,COST,1m
2026-05-15 15:29:00+00:00,1045.56005859375,1045.56005859375,1045.010009765625,1045.0350341796875,719,COST,1m
2026-05-15 15:30:00+00:00,1044.989990234375,1045.72998046875,1044.989990234375,1045.72998046875,1709,COST,1m
2026-05-15 15:31:00+00:00,1045.72998046875,1046.3900146484375,1045.72998046875,1045.72998046875,1170,COST,1m
2026-05-15 15:32:00+00:00,1046.3900146484375,1046.3900146484375,1045.2960205078125,1045.7850341796875,547,COST,1m
2026-05-15 15:33:00+00:00,1045.280029296875,1045.7850341796875,1045.280029296875,1045.7850341796875,847,COST,1m
2026-05-15 15:34:00+00:00,1045.864990234375,1046.3800048828125,1045.864990234375,1046.3199462890625,2285,COST,1m
2026-05-15 15:35:00+00:00,1045.715087890625,1045.8485107421875,1045.47998046875,1045.4849853515625,1274,COST,1m
2026-05-15 15:36:00+00:00,1045.5699462890625,1045.5699462890625,1045.31005859375,1045.31005859375,1209,COST,1m
2026-05-15 15:37:00+00:00,1045.31005859375,1045.31005859375,1044.06005859375,1044.06005859375,3231,COST,1m
2026-05-15 15:38:00+00:00,1044.4425048828125,1044.5699462890625,1043.8299560546875,1043.8299560546875,1516,COST,1m
2026-05-15 15:39:00+00:00,1044.31494140625,1044.968505859375,1044.31494140625,1044.47998046875,1460,COST,1m
2026-05-15 15:40:00+00:00,1044.47998046875,1044.47998046875,1043.840087890625,1044.3050537109375,1322,COST,1m
2026-05-15 15:41:00+00:00,1045.31494140625,1045.3699951171875,1044.8900146484375,1044.8900146484375,1359,COST,1m
2026-05-15 15:42:00+00:00,1045.0450439453125,1045.0450439453125,1044.56005859375,1044.5999755859375,1268,COST,1m
2026-05-15 15:43:00+00:00,1044.5999755859375,1044.6600341796875,1044.5999755859375,1044.6600341796875,1006,COST,1m
2026-05-15 15:44:00+00:00,1044.3299560546875,1044.6600341796875,1044.0400390625,1044.0400390625,3463,COST,1m
2026-05-15 15:45:00+00:00,1044.0,1044.0,1043.7850341796875,1043.8499755859375,679,COST,1m
2026-05-15 15:46:00+00:00,1044.1600341796875,1044.1600341796875,1043.4300537109375,1043.4599609375,3852,COST,1m
2026-05-15 15:47:00+00:00,1043.5050048828125,1043.5050048828125,1043.010009765625,1043.1800537109375,2536,COST,1m
2026-05-15 15:48:00+00:00,1042.8599853515625,1043.0799560546875,1041.760009765625,1041.8699951171875,3922,COST,1m
2026-05-15 15:49:00+00:00,1041.9449462890625,1042.916015625,1041.9449462890625,1042.5400390625,2500,COST,1m
2026-05-15 15:50:00+00:00,1043.0,1043.0,1042.949951171875,1042.949951171875,626,COST,1m
2026-05-15 15:51:00+00:00,1043.1949462890625,1043.35498046875,1043.114990234375,1043.2275390625,1313,COST,1m
2026-05-15 15:52:00+00:00,1043.35498046875,1043.35498046875,1042.8399658203125,1043.2099609375,2811,COST,1m
2026-05-15 15:53:00+00:00,1043.030029296875,1043.5799560546875,1042.3199462890625,1042.3199462890625,7525,COST,1m
2026-05-15 15:54:00+00:00,1042.3199462890625,1042.3699951171875,1042.0799560546875,1042.3699951171875,2398,COST,1m
2026-05-15 15:55:00+00:00,1042.81494140625,1043.0799560546875,1042.5550537109375,1042.5550537109375,955,COST,1m
2026-05-15 15:56:00+00:00,1042.300048828125,1043.2900390625,1042.300048828125,1043.199951171875,2365,COST,1m
2026-05-15 15:57:00+00:00,1042.6700439453125,1043.5699462890625,1042.6700439453125,1043.5699462890625,1558,COST,1m
2026-05-15 15:58:00+00:00,1043.530029296875,1043.530029296875,1043.2099609375,1043.2099609375,836,COST,1m
2026-05-15 15:59:00+00:00,1043.4200439453125,1043.550048828125,1043.0301513671875,1043.510009765625,2526,COST,1m
2026-05-15 16:00:00+00:00,1043.2900390625,1043.5999755859375,1043.0,1043.0,1998,COST,1m
2026-05-15 16:01:00+00:00,1042.9300537109375,1043.205078125,1042.8599853515625,1042.8599853515625,2798,COST,1m
2026-05-15 16:02:00+00:00,1042.6800537109375,1043.72998046875,1042.3699951171875,1043.72998046875,1842,COST,1m
2026-05-15 16:03:00+00:00,1043.02001953125,1043.14501953125,1042.6199951171875,1043.06494140625,2402,COST,1m
2026-05-15 16:04:00+00:00,1042.3699951171875,1042.449951171875,1041.4090576171875,1041.4090576171875,1641,COST,1m
2026-05-15 16:05:00+00:00,1041.6500244140625,1041.6500244140625,1040.1600341796875,1040.260009765625,2856,COST,1m
2026-05-15 16:06:00+00:00,1040.7099609375,1041.10986328125,1040.6600341796875,1040.6600341796875,1228,COST,1m
2026-05-15 16:07:00+00:00,1040.6600341796875,1040.6600341796875,1040.655029296875,1040.655029296875,668,COST,1m
2026-05-15 16:08:00+00:00,1040.655029296875,1040.655029296875,1040.239990234375,1040.449951171875,2133,COST,1m
2026-05-15 16:09:00+00:00,1041.2900390625,1041.6300048828125,1041.0625,1041.6300048828125,1987,COST,1m
2026-05-15 16:10:00+00:00,1041.364990234375,1041.364990234375,1040.760009765625,1040.760009765625,1073,COST,1m
2026-05-15 16:11:00+00:00,1040.6400146484375,1041.5999755859375,1040.6400146484375,1041.5999755859375,3054,COST,1m
2026-05-15 16:12:00+00:00,1041.364990234375,1041.550048828125,1041.364990234375,1041.550048828125,1195,COST,1m
2026-05-15 16:13:00+00:00,1041.5450439453125,1041.5450439453125,1041.5450439453125,1041.5450439453125,260,COST,1m
2026-05-15 16:14:00+00:00,1041.5450439453125,1041.5450439453125,1040.6800537109375,1040.6800537109375,3070,COST,1m
2026-05-15 16:15:00+00:00,1040.3199462890625,1041.0,1040.3199462890625,1041.0,1691,COST,1m
2026-05-15 16:16:00+00:00,1041.10498046875,1041.10498046875,1040.9300537109375,1040.9300537109375,561,COST,1m
2026-05-15 16:17:00+00:00,1041.0999755859375,1041.5450439453125,1040.844970703125,1041.5450439453125,2101,COST,1m
2026-05-15 16:18:00+00:00,1041.510009765625,1041.75,1041.5050048828125,1041.75,1893,COST,1m
2026-05-15 16:19:00+00:00,1042.0,1042.2049560546875,1041.9549560546875,1041.9549560546875,1315,COST,1m
2026-05-15 16:20:00+00:00,1042.0050048828125,1042.27001953125,1041.991943359375,1042.27001953125,1397,COST,1m
2026-05-15 16:21:00+00:00,1041.739990234375,1042.6199951171875,1041.6400146484375,1042.4549560546875,3996,COST,1m
2026-05-15 16:23:00+00:00,1042.260009765625,1042.260009765625,1040.8800048828125,1040.8800048828125,2619,COST,1m
2026-05-15 16:24:00+00:00,1041.094970703125,1041.1400146484375,1041.094970703125,1041.1400146484375,1484,COST,1m
2026-05-15 16:25:00+00:00,1041.074951171875,1041.074951171875,1041.0,1041.0,754,COST,1m
2026-05-15 16:26:00+00:00,1040.6199951171875,1040.77001953125,1040.449951171875,1040.449951171875,1886,COST,1m
2026-05-15 16:27:00+00:00,1040.571533203125,1040.719970703125,1040.2216796875,1040.5,2744,COST,1m
2026-05-15 16:28:00+00:00,1040.370361328125,1041.2950439453125,1040.260009765625,1041.2950439453125,1533,COST,1m
2026-05-15 16:29:00+00:00,1041.3299560546875,1041.3299560546875,1040.864990234375,1040.864990234375,1048,COST,1m
2026-05-15 16:30:00+00:00,1040.530029296875,1040.780029296875,1040.3349609375,1040.6800537109375,1379,COST,1m
2026-05-15 16:31:00+00:00,1040.81005859375,1041.385009765625,1040.77001953125,1041.239990234375,2408,COST,1m
2026-05-15 16:32:00+00:00,1041.2900390625,1041.72998046875,1041.2900390625,1041.72998046875,1052,COST,1m
2026-05-15 16:33:00+00:00,1041.6500244140625,1041.7698974609375,1040.7750244140625,1040.8900146484375,2100,COST,1m
2026-05-15 16:34:00+00:00,1041.175048828125,1041.175048828125,1040.3812255859375,1040.5799560546875,3244,COST,1m
2026-05-15 16:35:00+00:00,1040.5799560546875,1040.6400146484375,1040.47998046875,1040.6025390625,1347,COST,1m
2026-05-15 16:36:00+00:00,1040.47509765625,1040.760009765625,1040.3199462890625,1040.72509765625,1368,COST,1m
2026-05-15 16:37:00+00:00,1040.3599853515625,1040.3599853515625,1040.1800537109375,1040.239990234375,1843,COST,1m
2026-05-15 16:38:00+00:00,1040.47998046875,1040.530029296875,1040.3701171875,1040.52001953125,1726,COST,1m
2026-05-15 16:39:00+00:00,1040.4000244140625,1040.4000244140625,1039.469970703125,1039.4949951171875,2836,COST,1m
2026-05-15 16:40:00+00:00,1039.4949951171875,1039.8199462890625,1039.4949951171875,1039.739990234375,1662,COST,1m
2026-05-15 16:41:00+00:00,1039.7750244140625,1040.43505859375,1039.7750244140625,1040.43505859375,2235,COST,1m
2026-05-15 16:42:00+00:00,1041.1199951171875,1041.4881591796875,1041.1199951171875,1041.2349853515625,474,COST,1m
2026-05-15 16:43:00+00:00,1041.8900146484375,1041.8900146484375,1041.2349853515625,1041.8798828125,835,COST,1m
2026-05-15 16:44:00+00:00,1041.43994140625,1041.942626953125,1041.43994140625,1041.8199462890625,2016,COST,1m
2026-05-15 16:45:00+00:00,1041.949951171875,1041.949951171875,1041.5799560546875,1041.900146484375,2217,COST,1m
2026-05-15 16:46:00+00:00,1041.594970703125,1042.875,1041.594970703125,1042.0699462890625,5844,COST,1m
2026-05-15 16:47:00+00:00,1042.489990234375,1042.909912109375,1042.4525146484375,1042.4849853515625,4548,COST,1m
2026-05-15 16:48:00+00:00,1041.97998046875,1042.344970703125,1041.97998046875,1042.2099609375,1200,COST,1m
2026-05-15 16:49:00+00:00,1042.8800048828125,1042.8800048828125,1041.9649658203125,1042.4000244140625,2194,COST,1m
2026-05-15 16:50:00+00:00,1042.1500244140625,1043.10986328125,1042.1500244140625,1043.10986328125,1585,COST,1m
2026-05-15 16:51:00+00:00,1043.0550537109375,1044.260009765625,1042.7900390625,1044.260009765625,3373,COST,1m
2026-05-15 16:52:00+00:00,1043.9749755859375,1044.449951171875,1043.9749755859375,1044.3499755859375,4125,COST,1m
2026-05-15 16:53:00+00:00,1044.869873046875,1044.869873046875,1044.1700439453125,1044.3900146484375,2465,COST,1m
2026-05-15 16:54:00+00:00,1044.3900146484375,1045.3199462890625,1044.3800048828125,1044.8599853515625,4097,COST,1m
2026-05-15 16:55:00+00:00,1044.8599853515625,1045.3399658203125,1044.18994140625,1044.2449951171875,4899,COST,1m
2026-05-15 16:56:00+00:00,1044.2449951171875,1045.3399658203125,1044.18994140625,1045.3399658203125,2428,COST,1m
2026-05-15 16:57:00+00:00,1045.8199462890625,1046.0400390625,1045.489990234375,1046.0400390625,2849,COST,1m
2026-05-15 16:58:00+00:00,1046.3199462890625,1046.4000244140625,1045.85498046875,1045.85498046875,1819,COST,1m
2026-05-15 16:59:00+00:00,1046.0999755859375,1046.989990234375,1046.0999755859375,1046.8050537109375,2470,COST,1m
2026-05-15 17:00:00+00:00,1046.81005859375,1047.8299560546875,1046.6300048828125,1047.52001953125,4310,COST,1m
2026-05-15 17:01:00+00:00,1047.8599853515625,1048.0,1046.845947265625,1047.06494140625,4366,COST,1m
2026-05-15 17:02:00+00:00,1047.010009765625,1047.4300537109375,1046.5400390625,1046.8800048828125,5521,COST,1m
2026-05-15 17:03:00+00:00,1047.4100341796875,1047.4200439453125,1045.8699951171875,1046.114990234375,5902,COST,1m
2026-05-15 17:04:00+00:00,1046.114990234375,1046.8199462890625,1046.0899658203125,1046.8199462890625,1735,COST,1m
2026-05-15 17:05:00+00:00,1046.8199462890625,1047.18994140625,1046.4599609375,1046.82763671875,1568,COST,1m
2026-05-15 17:06:00+00:00,1047.18994140625,1047.4000244140625,1046.5400390625,1046.5400390625,3386,COST,1m
2026-05-15 17:07:00+00:00,1046.5400390625,1046.5400390625,1045.5849609375,1046.5,2744,COST,1m
2026-05-15 17:08:00+00:00,1046.489990234375,1046.68994140625,1046.1300048828125,1046.510009765625,1200,COST,1m
2026-05-15 17:09:00+00:00,1046.6800537109375,1046.8699951171875,1046.6300048828125,1046.675048828125,1687,COST,1m
2026-05-15 17:10:00+00:00,1046.637451171875,1046.8699951171875,1045.9400634765625,1045.949951171875,2523,COST,1m
2026-05-15 17:11:00+00:00,1046.6099853515625,1046.6099853515625,1045.3299560546875,1045.6800537109375,2628,COST,1m
2026-05-15 17:12:00+00:00,1045.9100341796875,1046.8399658203125,1045.449951171875,1046.3599853515625,2433,COST,1m
2026-05-15 17:13:00+00:00,1046.3199462890625,1046.8399658203125,1046.3199462890625,1046.8399658203125,1509,COST,1m
2026-05-15 17:14:00+00:00,1046.800048828125,1047.52001953125,1046.800048828125,1047.1600341796875,2527,COST,1m
2026-05-15 17:15:00+00:00,1047.0250244140625,1047.9000244140625,1047.0250244140625,1047.9000244140625,1793,COST,1m
2026-05-15 17:16:00+00:00,1047.9000244140625,1047.9000244140625,1047.3900146484375,1047.56005859375,891,COST,1m
2026-05-15 17:17:00+00:00,1047.8900146484375,1047.8900146484375,1047.5550537109375,1047.8900146484375,1004,COST,1m
2026-05-15 17:18:00+00:00,1047.800048828125,1048.1199951171875,1047.1099853515625,1047.1099853515625,9127,COST,1m
2026-05-15 17:19:00+00:00,1047.4100341796875,1048.5799560546875,1047.1199951171875,1048.5799560546875,1480,COST,1m
2026-05-15 17:20:00+00:00,1048.5799560546875,1048.5799560546875,1047.1700439453125,1047.1700439453125,813,COST,1m
2026-05-15 17:21:00+00:00,1048.47998046875,1048.47998046875,1048.469970703125,1048.469970703125,577,COST,1m
2026-05-15 17:22:00+00:00,1048.4599609375,1048.4599609375,1048.050048828125,1048.27001953125,830,COST,1m
2026-05-15 17:23:00+00:00,1047.6400146484375,1047.6400146484375,1046.9769287109375,1047.56005859375,2193,COST,1m
2026-05-15 17:24:00+00:00,1047.1800537109375,1047.1800537109375,1047.1800537109375,1047.1800537109375,481,COST,1m
2026-05-15 17:26:00+00:00,1047.1600341796875,1047.739990234375,1046.760009765625,1047.6099853515625,1570,COST,1m
2026-05-15 17:27:00+00:00,1047.6600341796875,1047.989990234375,1047.5550537109375,1047.5550537109375,1386,COST,1m
2026-05-15 17:28:00+00:00,1047.329345703125,1047.329345703125,1046.574951171875,1046.655029296875,1156,COST,1m
2026-05-15 17:29:00+00:00,1046.3275146484375,1046.3275146484375,1046.3275146484375,1046.3275146484375,505,COST,1m
2026-05-15 17:30:00+00:00,1046.5899658203125,1046.5899658203125,1045.875,1046.1300048828125,769,COST,1m
2026-05-15 17:31:00+00:00,1046.0250244140625,1046.1400146484375,1045.949951171875,1046.1400146484375,1189,COST,1m
2026-05-15 17:32:00+00:00,1046.5699462890625,1046.800048828125,1046.5699462890625,1046.800048828125,595,COST,1m
2026-05-15 17:33:00+00:00,1046.2149658203125,1046.2149658203125,1046.2049560546875,1046.2049560546875,823,COST,1m
2026-05-15 17:34:00+00:00,1045.6300048828125,1045.93994140625,1045.3299560546875,1045.93994140625,4073,COST,1m
2026-05-15 17:35:00+00:00,1045.4300537109375,1045.4300537109375,1044.7650146484375,1045.050048828125,1349,COST,1m
2026-05-15 17:36:00+00:00,1044.6033935546875,1044.7225341796875,1044.3399658203125,1044.3399658203125,995,COST,1m
2026-05-15 17:37:00+00:00,1044.6300048828125,1045.02001953125,1044.3800048828125,1044.5400390625,1916,COST,1m
2026-05-15 17:38:00+00:00,1044.4300537109375,1044.5400390625,1044.0799560546875,1044.3299560546875,1900,COST,1m
2026-05-15 17:39:00+00:00,1044.324951171875,1044.3699951171875,1044.1099853515625,1044.3699951171875,1170,COST,1m
2026-05-15 17:40:00+00:00,1044.3699951171875,1045.2900390625,1044.3699951171875,1045.2850341796875,3782,COST,1m
2026-05-15 17:41:00+00:00,1045.1600341796875,1045.2850341796875,1044.989990234375,1045.156982421875,1065,COST,1m
2026-05-15 17:42:00+00:00,1045.1500244140625,1045.6400146484375,1045.1500244140625,1045.5250244140625,1367,COST,1m
2026-05-15 17:43:00+00:00,1045.6199951171875,1045.9599609375,1045.3299560546875,1045.9599609375,3208,COST,1m
2026-05-15 17:44:00+00:00,1045.239990234375,1045.239990234375,1044.77001953125,1045.050048828125,1521,COST,1m
2026-05-15 17:45:00+00:00,1045.0450439453125,1045.5098876953125,1045.0,1045.199951171875,1926,COST,1m
2026-05-15 17:46:00+00:00,1045.6099853515625,1045.7650146484375,1045.4649658203125,1045.7650146484375,677,COST,1m
2026-05-15 17:47:00+00:00,1045.7650146484375,1045.8299560546875,1045.510009765625,1045.7249755859375,983,COST,1m
2026-05-15 17:48:00+00:00,1045.7249755859375,1045.8800048828125,1045.7249755859375,1045.7449951171875,1240,COST,1m
2026-05-15 17:49:00+00:00,1045.6600341796875,1045.7550048828125,1045.47998046875,1045.52001953125,818,COST,1m
2026-05-15 17:50:00+00:00,1045.3399658203125,1045.699951171875,1045.219970703125,1045.4150390625,2478,COST,1m
2026-05-15 17:51:00+00:00,1045.4150390625,1047.0,1045.4150390625,1047.0,2181,COST,1m
2026-05-15 17:52:00+00:00,1046.5150146484375,1046.75,1046.050048828125,1046.050048828125,1588,COST,1m
2026-05-15 17:53:00+00:00,1046.4649658203125,1046.4649658203125,1045.4599609375,1045.75,2254,COST,1m
2026-05-15 17:54:00+00:00,1045.5999755859375,1045.8399658203125,1045.47998046875,1045.52001953125,1345,COST,1m
2026-05-15 17:55:00+00:00,1045.1700439453125,1045.43994140625,1044.89501953125,1045.43994140625,1564,COST,1m
2026-05-15 17:56:00+00:00,1044.8699951171875,1044.875,1044.47998046875,1044.719970703125,4326,COST,1m
2026-05-15 17:57:00+00:00,1044.5799560546875,1045.1600341796875,1044.5250244140625,1044.574951171875,3699,COST,1m
2026-05-15 17:58:00+00:00,1044.5699462890625,1044.5699462890625,1044.405029296875,1044.405029296875,735,COST,1m
2026-05-15 17:59:00+00:00,1044.4000244140625,1044.469970703125,1043.8299560546875,1043.8699951171875,2261,COST,1m
2026-05-15 18:00:00+00:00,1044.06494140625,1044.969970703125,1043.851318359375,1044.9000244140625,1963,COST,1m
2026-05-15 18:01:00+00:00,1044.949951171875,1046.3199462890625,1044.949951171875,1045.6300048828125,12336,COST,1m
2026-05-15 18:02:00+00:00,1045.6300048828125,1045.6400146484375,1044.824951171875,1045.2750244140625,2948,COST,1m
2026-05-15 18:03:00+00:00,1044.7900390625,1045.4364013671875,1044.7900390625,1045.02001953125,1683,COST,1m
2026-05-15 18:04:00+00:00,1044.945068359375,1044.945068359375,1044.14501953125,1044.5250244140625,4639,COST,1m
2026-05-15 18:05:00+00:00,1044.3399658203125,1044.68994140625,1044.1800537109375,1044.68994140625,2325,COST,1m
2026-05-15 18:06:00+00:00,1044.4300537109375,1044.68994140625,1044.425048828125,1044.425048828125,1335,COST,1m
2026-05-15 18:07:00+00:00,1044.6800537109375,1044.6800537109375,1043.6500244140625,1043.989990234375,3573,COST,1m
2026-05-15 18:08:00+00:00,1044.0999755859375,1044.8199462890625,1044.0999755859375,1044.4100341796875,1538,COST,1m
2026-05-15 18:09:00+00:00,1044.4100341796875,1045.0899658203125,1044.4100341796875,1044.9549560546875,1983,COST,1m
2026-05-15 18:10:00+00:00,1045.4000244140625,1045.449951171875,1045.0,1045.2349853515625,2317,COST,1m
2026-05-15 18:11:00+00:00,1045.2349853515625,1045.2349853515625,1044.8199462890625,1045.1600341796875,4716,COST,1m
2026-05-15 18:12:00+00:00,1045.728759765625,1045.728759765625,1044.960205078125,1045.449951171875,1529,COST,1m
2026-05-15 18:13:00+00:00,1045.75,1045.760009765625,1045.3299560546875,1045.3299560546875,1295,COST,1m
2026-05-15 18:14:00+00:00,1045.6700439453125,1045.800048828125,1045.2347412109375,1045.324951171875,1167,COST,1m
2026-05-15 18:15:00+00:00,1045.739990234375,1046.27001953125,1045.320068359375,1046.27001953125,2101,COST,1m
2026-05-15 18:16:00+00:00,1046.27001953125,1046.719970703125,1046.0101318359375,1046.469970703125,2718,COST,1m
2026-05-15 18:17:00+00:00,1046.1300048828125,1046.3199462890625,1045.8299560546875,1046.0999755859375,4084,COST,1m
2026-05-15 18:18:00+00:00,1046.31005859375,1046.31005859375,1045.8499755859375,1046.239990234375,1954,COST,1m
2026-05-15 18:19:00+00:00,1046.4599609375,1046.6650390625,1046.3399658203125,1046.635009765625,1515,COST,1m
2026-05-15 18:20:00+00:00,1046.340087890625,1046.9898681640625,1046.06005859375,1046.2249755859375,2852,COST,1m
2026-05-15 18:21:00+00:00,1046.2249755859375,1046.6600341796875,1046.0897216796875,1046.247802734375,3053,COST,1m
2026-05-15 18:22:00+00:00,1046.7099609375,1047.6600341796875,1046.56005859375,1047.4300537109375,2668,COST,1m
2026-05-15 18:23:00+00:00,1047.262451171875,1047.72998046875,1047.25,1047.550048828125,1262,COST,1m
2026-05-15 18:24:00+00:00,1047.4000244140625,1047.6099853515625,1046.8299560546875,1046.8299560546875,1213,COST,1m
2026-05-15 18:25:00+00:00,1047.14501953125,1047.550048828125,1047.14501953125,1047.550048828125,916,COST,1m
2026-05-15 18:26:00+00:00,1047.56005859375,1047.6500244140625,1047.1251220703125,1047.1251220703125,2686,COST,1m
2026-05-15 18:27:00+00:00,1047.409912109375,1047.4100341796875,1047.18994140625,1047.4100341796875,751,COST,1m
2026-05-15 18:28:00+00:00,1047.4000244140625,1047.4300537109375,1047.1724853515625,1047.3299560546875,1204,COST,1m
2026-05-15 18:29:00+00:00,1047.3299560546875,1047.3299560546875,1047.3299560546875,1047.3299560546875,510,COST,1m
2026-05-15 18:30:00+00:00,1047.314453125,1047.489990234375,1046.93994140625,1046.97998046875,5255,COST,1m
2026-05-15 18:31:00+00:00,1046.9849853515625,1047.0450439453125,1046.5699462890625,1046.5699462890625,1758,COST,1m
2026-05-15 18:32:00+00:00,1046.06005859375,1046.235107421875,1046.0201416015625,1046.235107421875,946,COST,1m
2026-05-15 18:33:00+00:00,1046.3900146484375,1046.4300537109375,1046.010009765625,1046.02001953125,1276,COST,1m
2026-05-15 18:34:00+00:00,1045.9200439453125,1046.300048828125,1045.81494140625,1046.300048828125,2739,COST,1m
2026-05-15 18:35:00+00:00,1046.6400146484375,1046.7900390625,1046.31005859375,1046.31005859375,2272,COST,1m
2026-05-15 18:36:00+00:00,1046.31005859375,1046.5400390625,1046.125,1046.5400390625,812,COST,1m
2026-05-15 18:37:00+00:00,1046.3399658203125,1046.3499755859375,1046.3199462890625,1046.3199462890625,757,COST,1m
2026-05-15 18:38:00+00:00,1046.47998046875,1046.47998046875,1045.800048828125,1046.324951171875,3071,COST,1m
2026-05-15 18:39:00+00:00,1046.1099853515625,1046.1600341796875,1045.7049560546875,1045.7049560546875,4959,COST,1m
2026-05-15 18:40:00+00:00,1045.85498046875,1046.1800537109375,1045.75,1045.989990234375,1974,COST,1m
2026-05-15 18:41:00+00:00,1046.031982421875,1046.530029296875,1046.031982421875,1046.530029296875,1446,COST,1m
2026-05-15 18:42:00+00:00,1046.530029296875,1046.8199462890625,1046.0999755859375,1046.3699951171875,1760,COST,1m
2026-05-15 18:43:00+00:00,1046.6234130859375,1046.760009765625,1046.3699951171875,1046.4100341796875,1562,COST,1m
2026-05-15 18:44:00+00:00,1046.469970703125,1047.3199462890625,1046.4599609375,1047.2099609375,3171,COST,1m
2026-05-15 18:45:00+00:00,1047.010009765625,1047.1099853515625,1046.739990234375,1047.1099853515625,2419,COST,1m
2026-05-15 18:46:00+00:00,1046.7900390625,1046.8499755859375,1046.75,1046.75,621,COST,1m
2026-05-15 18:47:00+00:00,1046.719970703125,1046.8299560546875,1046.449951171875,1046.5400390625,2736,COST,1m
2026-05-15 18:48:00+00:00,1046.4100341796875,1046.5400390625,1046.300048828125,1046.489990234375,2230,COST,1m
2026-05-15 18:49:00+00:00,1046.4949951171875,1046.4949951171875,1046.199951171875,1046.375,1253,COST,1m
2026-05-15 18:50:00+00:00,1046.6099853515625,1046.6800537109375,1046.6099853515625,1046.6800537109375,1101,COST,1m
2026-05-15 18:51:00+00:00,1046.6800537109375,1046.68505859375,1046.3800048828125,1046.68505859375,866,COST,1m
2026-05-15 18:52:00+00:00,1046.68505859375,1046.949951171875,1046.6600341796875,1046.68994140625,3053,COST,1m
2026-05-15 18:53:00+00:00,1046.68994140625,1047.1199951171875,1046.68994140625,1047.1199951171875,3354,COST,1m
2026-05-15 18:54:00+00:00,1046.9200439453125,1047.6700439453125,1046.9100341796875,1047.2750244140625,2315,COST,1m
2026-05-15 18:55:00+00:00,1046.800048828125,1047.4417724609375,1046.800048828125,1047.2750244140625,1341,COST,1m
2026-05-15 18:56:00+00:00,1047.364990234375,1048.1500244140625,1047.3599853515625,1048.10498046875,6552,COST,1m
2026-05-15 18:57:00+00:00,1048.135009765625,1048.64501953125,1047.8199462890625,1048.64501953125,5628,COST,1m
2026-05-15 18:58:00+00:00,1048.64501953125,1048.75,1048.3900146484375,1048.6099853515625,4860,COST,1m
2026-05-15 18:59:00+00:00,1048.3399658203125,1048.6400146484375,1048.3399658203125,1048.6300048828125,1746,COST,1m
2026-05-15 19:00:00+00:00,1048.3399658203125,1048.6300048828125,1047.8800048828125,1047.8800048828125,2737,COST,1m
2026-05-15 19:01:00+00:00,1048.050048828125,1048.050048828125,1047.5899658203125,1047.60009765625,5282,COST,1m
2026-05-15 19:02:00+00:00,1047.6300048828125,1047.6300048828125,1046.949951171875,1046.949951171875,2832,COST,1m
2026-05-15 19:03:00+00:00,1047.2950439453125,1047.2950439453125,1046.8299560546875,1047.0050048828125,1774,COST,1m
2026-05-15 19:04:00+00:00,1046.8299560546875,1047.3199462890625,1046.8299560546875,1047.260009765625,1879,COST,1m
2026-05-15 19:05:00+00:00,1047.260009765625,1047.2650146484375,1047.029052734375,1047.029052734375,984,COST,1m
2026-05-15 19:06:00+00:00,1047.2650146484375,1047.2650146484375,1046.8575439453125,1046.989990234375,2152,COST,1m
2026-05-15 19:07:00+00:00,1046.800048828125,1046.800048828125,1046.68505859375,1046.68505859375,1006,COST,1m
2026-05-15 19:08:00+00:00,1046.5,1047.2099609375,1046.5,1047.2099609375,2916,COST,1m
2026-05-15 19:09:00+00:00,1047.5899658203125,1047.8699951171875,1047.4300537109375,1047.4300537109375,3121,COST,1m
2026-05-15 19:10:00+00:00,1047.344970703125,1047.344970703125,1047.2449951171875,1047.2449951171875,1414,COST,1m
2026-05-15 19:11:00+00:00,1047.4100341796875,1047.43603515625,1047.364990234375,1047.43603515625,1396,COST,1m
2026-05-15 19:12:00+00:00,1047.3599853515625,1047.7698974609375,1047.0999755859375,1047.528076171875,2074,COST,1m
2026-05-15 19:13:00+00:00,1047.4449462890625,1047.4449462890625,1047.0999755859375,1047.2449951171875,1834,COST,1m
2026-05-15 19:14:00+00:00,1047.2125244140625,1047.219970703125,1046.9300537109375,1047.219970703125,1610,COST,1m
2026-05-15 19:15:00+00:00,1046.969970703125,1047.219970703125,1046.4100341796875,1046.72509765625,1805,COST,1m
2026-05-15 19:16:00+00:00,1046.719970703125,1046.719970703125,1046.4300537109375,1046.68505859375,1790,COST,1m
2026-05-15 19:17:00+00:00,1046.4200439453125,1046.93994140625,1046.4200439453125,1046.93994140625,1928,COST,1m
2026-05-15 19:18:00+00:00,1046.6300048828125,1046.780029296875,1046.4200439453125,1046.6800537109375,2476,COST,1m
2026-05-15 19:19:00+00:00,1046.449951171875,1047.0699462890625,1046.0250244140625,1046.989990234375,6817,COST,1m
2026-05-15 19:20:00+00:00,1047.18994140625,1047.18994140625,1046.7900390625,1046.7900390625,1236,COST,1m
2026-05-15 19:21:00+00:00,1046.7900390625,1047.0,1046.6300048828125,1046.8349609375,3225,COST,1m
2026-05-15 19:22:00+00:00,1046.8349609375,1046.9549560546875,1046.4300537109375,1046.9549560546875,3078,COST,1m
2026-05-15 19:23:00+00:00,1046.800048828125,1046.800048828125,1046.5400390625,1046.800048828125,2148,COST,1m
2026-05-15 19:24:00+00:00,1046.800048828125,1047.0999755859375,1046.800048828125,1046.989013671875,1058,COST,1m
2026-05-15 19:25:00+00:00,1047.1300048828125,1047.56005859375,1046.8349609375,1046.8349609375,3091,COST,1m
2026-05-15 19:26:00+00:00,1047.199951171875,1047.199951171875,1047.0250244140625,1047.0250244140625,886,COST,1m
2026-05-15 19:27:00+00:00,1047.1500244140625,1047.4300537109375,1047.1500244140625,1047.3199462890625,2271,COST,1m
2026-05-15 19:28:00+00:00,1047.3499755859375,1047.550048828125,1047.31005859375,1047.47998046875,2258,COST,1m
2026-05-15 19:29:00+00:00,1047.449951171875,1047.4549560546875,1046.4949951171875,1046.7099609375,3752,COST,1m
2026-05-15 19:30:00+00:00,1047.0999755859375,1047.0999755859375,1046.260009765625,1046.260009765625,4820,COST,1m
2026-05-15 19:31:00+00:00,1046.1700439453125,1046.330078125,1045.9300537109375,1046.300048828125,5450,COST,1m
2026-05-15 19:32:00+00:00,1046.389892578125,1046.739990234375,1046.1500244140625,1046.3199462890625,4048,COST,1m
2026-05-15 19:33:00+00:00,1046.43505859375,1046.43505859375,1046.219970703125,1046.43505859375,1924,COST,1m
2026-05-15 19:34:00+00:00,1046.64501953125,1046.8099365234375,1046.4599609375,1046.8099365234375,1069,COST,1m
2026-05-15 19:35:00+00:00,1046.614990234375,1047.27001953125,1046.610107421875,1047.0849609375,4254,COST,1m
2026-05-15 19:36:00+00:00,1046.9599609375,1047.199951171875,1046.8699951171875,1046.8699951171875,982,COST,1m
2026-05-15 19:37:00+00:00,1047.10498046875,1047.614990234375,1047.10498046875,1047.614990234375,3275,COST,1m
2026-05-15 19:38:00+00:00,1047.6099853515625,1047.6949462890625,1047.4000244140625,1047.400146484375,1799,COST,1m
2026-05-15 19:39:00+00:00,1047.449951171875,1047.6201171875,1047.3599853515625,1047.6199951171875,3160,COST,1m
2026-05-15 19:40:00+00:00,1047.635009765625,1047.9100341796875,1047.43994140625,1047.8599853515625,7670,COST,1m
2026-05-15 19:41:00+00:00,1047.949951171875,1047.949951171875,1047.6099853515625,1047.72998046875,1841,COST,1m
2026-05-15 19:42:00+00:00,1047.510009765625,1047.6500244140625,1047.239990234375,1047.6500244140625,1732,COST,1m
2026-05-15 19:43:00+00:00,1047.6600341796875,1047.800048828125,1047.4599609375,1047.635009765625,4204,COST,1m
2026-05-15 19:44:00+00:00,1048.0,1048.125,1047.969970703125,1048.125,2004,COST,1m
2026-05-15 19:45:00+00:00,1048.280029296875,1048.7900390625,1048.280029296875,1048.7900390625,5637,COST,1m
2026-05-15 19:46:00+00:00,1048.75,1048.75,1048.2325439453125,1048.2325439453125,4469,COST,1m
2026-05-15 19:47:00+00:00,1048.5,1048.8399658203125,1048.47998046875,1048.8399658203125,4164,COST,1m
2026-05-15 19:48:00+00:00,1048.6650390625,1049.22998046875,1048.6099853515625,1048.6199951171875,6372,COST,1m
2026-05-15 19:49:00+00:00,1048.800048828125,1048.800048828125,1048.510009765625,1048.64501953125,3393,COST,1m
2026-05-15 19:50:00+00:00,1048.469970703125,1048.469970703125,1046.6400146484375,1047.7099609375,11177,COST,1m
2026-05-15 19:51:00+00:00,1048.10498046875,1048.56005859375,1047.7099609375,1048.010009765625,6447,COST,1m
2026-05-15 19:52:00+00:00,1047.925048828125,1048.1700439453125,1047.3699951171875,1047.760009765625,7872,COST,1m
2026-05-15 19:53:00+00:00,1047.5699462890625,1047.7598876953125,1046.9000244140625,1047.02001953125,6797,COST,1m
2026-05-15 19:54:00+00:00,1047.1099853515625,1049.1300048828125,1046.5699462890625,1048.3299560546875,19355,COST,1m
2026-05-15 19:55:00+00:00,1048.3299560546875,1049.14501953125,1047.949951171875,1048.550048828125,17625,COST,1m
2026-05-15 19:56:00+00:00,1048.6600341796875,1049.0999755859375,1048.6600341796875,1048.85498046875,12046,COST,1m
2026-05-15 19:57:00+00:00,1048.85498046875,1049.3199462890625,1048.2900390625,1049.1600341796875,20350,COST,1m
2026-05-15 19:58:00+00:00,1049.030029296875,1049.2025146484375,1048.52001953125,1048.7349853515625,20819,COST,1m
2026-05-15 19:59:00+00:00,1048.7349853515625,1049.5899658203125,1048.6700439453125,1049.5,75076,COST,1m
2026-05-18 13:30:00+00:00,1050.0,1050.0,1046.0,1047.489990234375,59288,COST,1m
2026-05-18 13:31:00+00:00,1047.489990234375,1047.68994140625,1045.0,1045.0400390625,6778,COST,1m
2026-05-18 13:32:00+00:00,1045.93994140625,1050.0,1045.0,1048.9000244140625,32022,COST,1m
2026-05-18 13:33:00+00:00,1048.9000244140625,1051.989990234375,1048.9000244140625,1051.9200439453125,6924,COST,1m
2026-05-18 13:34:00+00:00,1051.5400390625,1053.4649658203125,1051.5400390625,1053.4649658203125,4268,COST,1m
2026-05-18 13:35:00+00:00,1053.3900146484375,1053.5150146484375,1050.4500732421875,1051.8299560546875,3434,COST,1m
2026-05-18 13:36:00+00:00,1052.0849609375,1054.3900146484375,1052.0849609375,1054.3900146484375,4237,COST,1m
2026-05-18 13:37:00+00:00,1054.9427490234375,1056.5,1054.3299560546875,1056.4449462890625,6520,COST,1m
2026-05-18 13:38:00+00:00,1056.6214599609375,1059.56494140625,1056.449951171875,1059.18505859375,11863,COST,1m
2026-05-18 13:39:00+00:00,1059.18994140625,1060.114990234375,1058.469970703125,1059.5224609375,17223,COST,1m
2026-05-18 13:40:00+00:00,1059.52880859375,1062.0,1059.52880859375,1060.1099853515625,8241,COST,1m
2026-05-18 13:41:00+00:00,1060.5,1062.239990234375,1060.31005859375,1061.52001953125,6341,COST,1m
2026-05-18 13:42:00+00:00,1061.93994140625,1062.1099853515625,1060.5799560546875,1061.89501953125,4687,COST,1m
2026-05-18 13:43:00+00:00,1061.780029296875,1062.3699951171875,1060.2249755859375,1061.56005859375,4571,COST,1m
2026-05-18 13:44:00+00:00,1061.0,1063.9998779296875,1060.989990234375,1063.81005859375,10013,COST,1m
2026-05-18 13:45:00+00:00,1063.8800048828125,1064.0,1061.93994140625,1062.5250244140625,4137,COST,1m
2026-05-18 13:46:00+00:00,1062.4000244140625,1062.43994140625,1061.6700439453125,1062.3026123046875,3238,COST,1m
2026-05-18 13:47:00+00:00,1062.5,1063.114990234375,1061.489990234375,1061.8699951171875,7941,COST,1m
2026-05-18 13:48:00+00:00,1061.8499755859375,1061.8499755859375,1060.5,1061.489990234375,5859,COST,1m
2026-05-18 13:49:00+00:00,1061.39501953125,1062.8299560546875,1061.3900146484375,1062.2099609375,3527,COST,1m
2026-05-18 13:50:00+00:00,1062.510009765625,1062.6014404296875,1060.0450439453125,1060.0450439453125,5084,COST,1m
2026-05-18 13:51:00+00:00,1060.64794921875,1060.64794921875,1059.6800537109375,1060.2750244140625,1985,COST,1m
2026-05-18 13:52:00+00:00,1060.300048828125,1060.7650146484375,1059.77001953125,1060.7650146484375,3495,COST,1m
2026-05-18 13:53:00+00:00,1060.030029296875,1061.3399658203125,1059.52001953125,1060.574951171875,3453,COST,1m
2026-05-18 13:54:00+00:00,1061.050048828125,1061.1800537109375,1058.77001953125,1059.739990234375,4301,COST,1m
2026-05-18 13:55:00+00:00,1058.7100830078125,1061.2349853515625,1058.7100830078125,1061.18505859375,2405,COST,1m
2026-05-18 13:56:00+00:00,1061.5899658203125,1061.7900390625,1060.739990234375,1061.2550048828125,2596,COST,1m
2026-05-18 13:57:00+00:00,1060.7490234375,1063.989990234375,1060.7490234375,1063.25,6688,COST,1m
2026-05-18 13:58:00+00:00,1063.219970703125,1063.343505859375,1062.18994140625,1062.5999755859375,4031,COST,1m
2026-05-18 13:59:00+00:00,1061.3800048828125,1061.9150390625,1060.0,1060.9949951171875,4837,COST,1m
2026-05-18 14:00:00+00:00,1061.3299560546875,1063.2198486328125,1061.3299560546875,1062.491943359375,3629,COST,1m
2026-05-18 14:01:00+00:00,1062.6099853515625,1062.824951171875,1062.344970703125,1062.7449951171875,3469,COST,1m
2026-05-18 14:02:00+00:00,1062.75,1064.3699951171875,1062.75,1064.3699951171875,10769,COST,1m
2026-05-18 14:03:00+00:00,1064.3800048828125,1066.3399658203125,1064.3699951171875,1065.6500244140625,21051,COST,1m
2026-05-18 14:04:00+00:00,1065.530029296875,1065.5550537109375,1064.260009765625,1064.260009765625,3997,COST,1m
2026-05-18 14:05:00+00:00,1064.800048828125,1066.5999755859375,1064.800048828125,1065.0,6087,COST,1m
2026-05-18 14:06:00+00:00,1065.4549560546875,1065.4549560546875,1063.719970703125,1063.8299560546875,4295,COST,1m
2026-05-18 14:07:00+00:00,1063.5350341796875,1063.5350341796875,1061.27001953125,1062.9599609375,4867,COST,1m
2026-05-18 14:08:00+00:00,1062.4400634765625,1063.02001953125,1060.81005859375,1061.14501953125,12223,COST,1m
2026-05-18 14:09:00+00:00,1060.3399658203125,1061.2950439453125,1060.3375244140625,1061.2900390625,3546,COST,1m
2026-05-18 14:10:00+00:00,1062.260009765625,1063.4998779296875,1062.260009765625,1063.4998779296875,3121,COST,1m
2026-05-18 14:11:00+00:00,1063.3428955078125,1063.43994140625,1062.4100341796875,1063.0,4413,COST,1m
2026-05-18 14:12:00+00:00,1062.510009765625,1063.4918212890625,1062.0849609375,1062.614990234375,2646,COST,1m
2026-05-18 14:13:00+00:00,1062.4949951171875,1062.4949951171875,1061.030029296875,1061.1099853515625,4240,COST,1m
2026-05-18 14:14:00+00:00,1060.56005859375,1060.9100341796875,1059.5050048828125,1059.5050048828125,5224,COST,1m
2026-05-18 14:15:00+00:00,1059.5050048828125,1060.6600341796875,1058.0,1058.5400390625,20756,COST,1m
2026-05-18 14:16:00+00:00,1058.5350341796875,1059.3900146484375,1058.1300048828125,1059.3900146484375,1839,COST,1m
2026-05-18 14:17:00+00:00,1059.614990234375,1061.1199951171875,1059.614990234375,1061.1199951171875,2684,COST,1m
2026-05-18 14:18:00+00:00,1062.8900146484375,1063.1650390625,1062.06005859375,1062.81005859375,1595,COST,1m
2026-05-18 14:19:00+00:00,1063.175048828125,1063.699951171875,1062.97998046875,1063.4599609375,2266,COST,1m
2026-05-18 14:20:00+00:00,1062.7900390625,1063.4698486328125,1062.4801025390625,1062.9599609375,1987,COST,1m
2026-05-18 14:21:00+00:00,1062.5091552734375,1063.0999755859375,1062.5091552734375,1062.6400146484375,1365,COST,1m
2026-05-18 14:22:00+00:00,1063.0,1063.2099609375,1062.489990234375,1062.75,2847,COST,1m
2026-05-18 14:23:00+00:00,1062.5,1063.3800048828125,1061.68994140625,1063.35986328125,5256,COST,1m
2026-05-18 14:24:00+00:00,1063.1500244140625,1065.0,1062.1910400390625,1064.6600341796875,4812,COST,1m
2026-05-18 14:25:00+00:00,1064.7449951171875,1065.050048828125,1064.5,1064.5,1487,COST,1m
2026-05-18 14:26:00+00:00,1064.8599853515625,1065.739990234375,1064.510009765625,1065.6199951171875,5598,COST,1m
2026-05-18 14:27:00+00:00,1066.0,1066.2598876953125,1065.469970703125,1065.6700439453125,4598,COST,1m
2026-05-18 14:28:00+00:00,1065.8199462890625,1066.1800537109375,1064.6500244140625,1064.8499755859375,2634,COST,1m
2026-05-18 14:29:00+00:00,1065.3199462890625,1065.949951171875,1065.253173828125,1065.699951171875,4408,COST,1m
2026-05-18 14:30:00+00:00,1065.7249755859375,1066.489990234375,1065.5899658203125,1066.0400390625,5913,COST,1m
2026-05-18 14:31:00+00:00,1066.0400390625,1066.0899658203125,1066.010009765625,1066.0899658203125,970,COST,1m
2026-05-18 14:32:00+00:00,1065.489990234375,1065.8599853515625,1064.9599609375,1065.7099609375,5806,COST,1m
2026-05-18 14:33:00+00:00,1065.7900390625,1067.0799560546875,1065.7900390625,1066.969970703125,8816,COST,1m
2026-05-18 14:34:00+00:00,1066.93994140625,1067.3399658203125,1066.81005859375,1067.3399658203125,6715,COST,1m
2026-05-18 14:35:00+00:00,1067.5400390625,1067.800048828125,1066.699951171875,1066.699951171875,7868,COST,1m
2026-05-18 14:36:00+00:00,1066.68994140625,1067.050048828125,1065.68994140625,1066.5,7599,COST,1m
2026-05-18 14:37:00+00:00,1065.780029296875,1065.780029296875,1063.300048828125,1063.800048828125,6496,COST,1m
2026-05-18 14:38:00+00:00,1063.550048828125,1063.550048828125,1062.1400146484375,1062.8199462890625,4568,COST,1m
2026-05-18 14:39:00+00:00,1063.08984375,1063.72998046875,1062.18994140625,1063.72998046875,1591,COST,1m
2026-05-18 14:40:00+00:00,1064.3299560546875,1064.719970703125,1063.81005859375,1063.864990234375,3030,COST,1m
2026-05-18 14:41:00+00:00,1063.925048828125,1064.0699462890625,1063.0,1064.0699462890625,2724,COST,1m
2026-05-18 14:42:00+00:00,1064.06005859375,1064.969970703125,1063.8900146484375,1064.969970703125,2794,COST,1m
2026-05-18 14:43:00+00:00,1064.8399658203125,1064.8399658203125,1063.4410400390625,1063.6300048828125,1076,COST,1m
2026-05-18 14:44:00+00:00,1064.0699462890625,1064.949951171875,1064.0699462890625,1064.6500244140625,1957,COST,1m
2026-05-18 14:45:00+00:00,1064.1500244140625,1067.0,1064.1500244140625,1066.9150390625,3958,COST,1m
2026-05-18 14:46:00+00:00,1066.9150390625,1067.4300537109375,1066.7099609375,1067.1600341796875,4035,COST,1m
2026-05-18 14:47:00+00:00,1067.35498046875,1068.0,1067.22998046875,1067.9100341796875,5094,COST,1m
2026-05-18 14:48:00+00:00,1067.9300537109375,1069.2099609375,1067.9300537109375,1069.2099609375,7103,COST,1m
2026-05-18 14:49:00+00:00,1069.3399658203125,1069.43505859375,1068.6400146484375,1069.2099609375,6926,COST,1m
2026-05-18 14:50:00+00:00,1069.5,1070.550048828125,1069.5,1070.14501953125,21238,COST,1m
2026-05-18 14:51:00+00:00,1070.114990234375,1070.6500244140625,1067.9599609375,1067.9599609375,7548,COST,1m
2026-05-18 14:52:00+00:00,1067.7900390625,1067.93994140625,1067.2900390625,1067.2900390625,3180,COST,1m
2026-05-18 14:53:00+00:00,1067.550048828125,1068.02001953125,1066.8199462890625,1067.85498046875,3442,COST,1m
2026-05-18 14:54:00+00:00,1068.0,1068.6700439453125,1068.0,1068.5899658203125,2075,COST,1m
2026-05-18 14:55:00+00:00,1068.9200439453125,1068.9200439453125,1068.0,1068.1700439453125,5919,COST,1m
2026-05-18 14:56:00+00:00,1068.1600341796875,1068.8699951171875,1068.1600341796875,1068.6700439453125,2979,COST,1m
2026-05-18 14:57:00+00:00,1068.094970703125,1068.550048828125,1067.344970703125,1067.344970703125,3216,COST,1m
2026-05-18 14:58:00+00:00,1067.27001953125,1068.47998046875,1067.10498046875,1068.4549560546875,3736,COST,1m
2026-05-18 14:59:00+00:00,1068.5899658203125,1068.75,1067.449951171875,1068.0999755859375,5510,COST,1m
2026-05-18 15:00:00+00:00,1067.645751953125,1068.52001953125,1067.43994140625,1067.5450439453125,3199,COST,1m
2026-05-18 15:01:00+00:00,1067.4100341796875,1068.14990234375,1066.2801513671875,1066.2801513671875,2256,COST,1m
2026-05-18 15:02:00+00:00,1066.7750244140625,1066.7750244140625,1064.1500244140625,1064.1500244140625,3238,COST,1m
2026-05-18 15:03:00+00:00,1062.8599853515625,1064.6309814453125,1062.8599853515625,1064.47998046875,5338,COST,1m
2026-05-18 15:04:00+00:00,1064.4749755859375,1064.4749755859375,1062.3701171875,1062.3800048828125,3049,COST,1m
2026-05-18 15:05:00+00:00,1063.3299560546875,1064.0299072265625,1063.010009765625,1063.699951171875,3457,COST,1m
2026-05-18 15:06:00+00:00,1063.2550048828125,1064.0,1062.6700439453125,1062.6700439453125,2867,COST,1m
2026-05-18 15:07:00+00:00,1064.56005859375,1065.909912109375,1063.949951171875,1065.0,2039,COST,1m
2026-05-18 15:08:00+00:00,1064.5400390625,1065.7099609375,1064.5400390625,1065.4300537109375,968,COST,1m
2026-05-18 15:09:00+00:00,1066.010009765625,1066.010009765625,1064.989990234375,1065.5799560546875,2115,COST,1m
2026-05-18 15:10:00+00:00,1066.0,1066.0,1064.7750244140625,1064.81494140625,2054,COST,1m
2026-05-18 15:11:00+00:00,1063.9300537109375,1063.9300537109375,1062.12744140625,1062.6650390625,8641,COST,1m
2026-05-18 15:12:00+00:00,1062.6650390625,1063.219970703125,1062.0201416015625,1063.219970703125,1804,COST,1m
2026-05-18 15:13:00+00:00,1063.3399658203125,1064.5899658203125,1063.3399658203125,1064.5899658203125,2881,COST,1m
2026-05-18 15:14:00+00:00,1064.47998046875,1064.949951171875,1064.0,1064.1400146484375,3443,COST,1m
2026-05-18 15:15:00+00:00,1064.8299560546875,1065.010009765625,1064.22998046875,1064.739990234375,4625,COST,1m
2026-05-18 15:16:00+00:00,1065.0,1065.322509765625,1064.25,1064.25,7093,COST,1m
2026-05-18 15:17:00+00:00,1064.9749755859375,1064.9749755859375,1064.199951171875,1064.47998046875,2515,COST,1m
2026-05-18 15:18:00+00:00,1064.299560546875,1064.7099609375,1064.299560546875,1064.36962890625,2126,COST,1m
2026-05-18 15:19:00+00:00,1064.9449462890625,1065.6400146484375,1064.6934814453125,1065.530029296875,3902,COST,1m
2026-05-18 15:20:00+00:00,1065.800048828125,1066.300048828125,1065.3800048828125,1065.800048828125,4276,COST,1m
2026-05-18 15:21:00+00:00,1065.2469482421875,1065.3900146484375,1065.030029296875,1065.030029296875,2249,COST,1m
2026-05-18 15:22:00+00:00,1064.22998046875,1064.9000244140625,1063.22998046875,1063.22998046875,1370,COST,1m
2026-05-18 15:23:00+00:00,1063.239990234375,1064.1700439453125,1063.199951171875,1063.280029296875,2678,COST,1m
2026-05-18 15:24:00+00:00,1063.280029296875,1064.1800537109375,1063.280029296875,1063.969970703125,2142,COST,1m
2026-05-18 15:25:00+00:00,1063.81005859375,1063.844970703125,1063.81005859375,1063.8199462890625,1078,COST,1m
2026-05-18 15:26:00+00:00,1063.364990234375,1063.364990234375,1062.6600341796875,1062.9599609375,2875,COST,1m
2026-05-18 15:27:00+00:00,1063.2900390625,1063.2900390625,1062.199951171875,1062.6800537109375,2575,COST,1m
2026-05-18 15:28:00+00:00,1062.405029296875,1062.4100341796875,1061.97998046875,1062.0849609375,2577,COST,1m
2026-05-18 15:29:00+00:00,1061.9749755859375,1062.68994140625,1061.905029296875,1062.489990234375,7118,COST,1m
2026-05-18 15:30:00+00:00,1062.4649658203125,1062.4649658203125,1060.9300537109375,1060.9300537109375,3015,COST,1m
2026-05-18 15:31:00+00:00,1060.9599609375,1061.43994140625,1060.3499755859375,1061.43994140625,3466,COST,1m
2026-05-18 15:32:00+00:00,1060.6800537109375,1062.18994140625,1060.49951171875,1062.18994140625,2419,COST,1m
2026-05-18 15:33:00+00:00,1061.2349853515625,1061.2349853515625,1060.93994140625,1060.93994140625,1273,COST,1m
2026-05-18 15:34:00+00:00,1060.93994140625,1061.72998046875,1060.93994140625,1060.990966796875,1993,COST,1m
2026-05-18 15:35:00+00:00,1061.72998046875,1062.469970703125,1061.3896484375,1061.3896484375,1366,COST,1m
2026-05-18 15:36:00+00:00,1060.989990234375,1061.4202880859375,1060.1610107421875,1060.760009765625,4041,COST,1m
2026-05-18 15:37:00+00:00,1060.7724609375,1061.3499755859375,1060.10009765625,1060.6700439453125,2053,COST,1m
2026-05-18 15:38:00+00:00,1060.6949462890625,1060.719970703125,1060.4949951171875,1060.4949951171875,2374,COST,1m
2026-05-18 15:39:00+00:00,1060.5,1060.989990234375,1060.4949951171875,1060.989990234375,2600,COST,1m
2026-05-18 15:40:00+00:00,1060.853759765625,1061.3900146484375,1060.853759765625,1061.3900146484375,1942,COST,1m
2026-05-18 15:41:00+00:00,1061.4549560546875,1061.4549560546875,1061.3900146484375,1061.449951171875,1606,COST,1m
2026-05-18 15:42:00+00:00,1061.449951171875,1062.3800048828125,1061.3499755859375,1061.844970703125,6127,COST,1m
2026-05-18 15:43:00+00:00,1061.885009765625,1062.47998046875,1061.885009765625,1062.2449951171875,1647,COST,1m
2026-05-18 15:44:00+00:00,1061.77001953125,1061.9200439453125,1061.3719482421875,1061.6949462890625,2868,COST,1m
2026-05-18 15:45:00+00:00,1061.68994140625,1061.68994140625,1061.68505859375,1061.68505859375,858,COST,1m
2026-05-18 15:46:00+00:00,1061.68505859375,1062.43505859375,1061.68505859375,1062.43505859375,1324,COST,1m
2026-05-18 15:47:00+00:00,1062.3699951171875,1062.3699951171875,1062.0400390625,1062.364990234375,863,COST,1m
2026-05-18 15:48:00+00:00,1062.5150146484375,1063.719970703125,1062.5150146484375,1063.5250244140625,3673,COST,1m
2026-05-18 15:49:00+00:00,1063.72998046875,1063.72998046875,1062.7301025390625,1063.0400390625,3259,COST,1m
2026-05-18 15:50:00+00:00,1063.3399658203125,1063.3399658203125,1063.22998046875,1063.22998046875,755,COST,1m
2026-05-18 15:51:00+00:00,1063.6949462890625,1063.719970703125,1063.5699462890625,1063.6199951171875,1754,COST,1m
2026-05-18 15:52:00+00:00,1063.0400390625,1063.530029296875,1063.0400390625,1063.1600341796875,1540,COST,1m
2026-05-18 15:53:00+00:00,1063.5150146484375,1063.9898681640625,1062.800048828125,1063.56005859375,1819,COST,1m
2026-05-18 15:54:00+00:00,1063.4599609375,1063.7099609375,1063.4599609375,1063.4949951171875,1337,COST,1m
2026-05-18 15:55:00+00:00,1063.56494140625,1064.489990234375,1063.56494140625,1064.175048828125,2102,COST,1m
2026-05-18 15:56:00+00:00,1064.0174560546875,1064.0250244140625,1063.93505859375,1063.93505859375,617,COST,1m
2026-05-18 15:57:00+00:00,1063.925537109375,1064.358642578125,1063.925537109375,1064.358642578125,1759,COST,1m
2026-05-18 15:58:00+00:00,1063.68994140625,1064.3800048828125,1063.5899658203125,1064.3599853515625,1725,COST,1m
2026-05-18 15:59:00+00:00,1064.1500244140625,1064.5400390625,1064.1500244140625,1064.5400390625,2889,COST,1m
2026-05-18 16:00:00+00:00,1064.530029296875,1065.280029296875,1064.1199951171875,1065.10498046875,2901,COST,1m
2026-05-18 16:01:00+00:00,1064.9300537109375,1065.2720947265625,1064.699951171875,1064.699951171875,2541,COST,1m
2026-05-18 16:02:00+00:00,1064.8599853515625,1064.8599853515625,1064.4449462890625,1064.4449462890625,2690,COST,1m
2026-05-18 16:03:00+00:00,1064.3349609375,1065.0799560546875,1064.3299560546875,1065.0799560546875,5935,COST,1m
2026-05-18 16:04:00+00:00,1065.18994140625,1065.4100341796875,1064.969970703125,1064.969970703125,1936,COST,1m
2026-05-18 16:05:00+00:00,1065.030029296875,1065.030029296875,1064.650146484375,1065.0250244140625,1002,COST,1m
2026-05-18 16:06:00+00:00,1064.9168701171875,1065.4000244140625,1064.6500244140625,1065.1490478515625,1185,COST,1m
2026-05-18 16:07:00+00:00,1065.0799560546875,1065.5,1064.6400146484375,1064.77001953125,3218,COST,1m
2026-05-18 16:08:00+00:00,1064.699951171875,1064.760009765625,1064.6500244140625,1064.72998046875,1421,COST,1m
2026-05-18 16:09:00+00:00,1064.3499755859375,1064.6099853515625,1063.135009765625,1063.135009765625,1919,COST,1m
2026-05-18 16:10:00+00:00,1063.10009765625,1064.1309814453125,1063.10009765625,1064.1309814453125,897,COST,1m
2026-05-18 16:11:00+00:00,1063.56005859375,1064.3499755859375,1063.2386474609375,1063.8900146484375,2084,COST,1m
2026-05-18 16:12:00+00:00,1064.469970703125,1064.5400390625,1063.77001953125,1064.5400390625,714,COST,1m
2026-05-18 16:13:00+00:00,1064.8399658203125,1065.02001953125,1064.322998046875,1065.02001953125,958,COST,1m
2026-05-18 16:14:00+00:00,1065.071044921875,1065.0899658203125,1064.0201416015625,1064.0201416015625,1026,COST,1m
2026-05-18 16:15:00+00:00,1064.5550537109375,1064.6800537109375,1064.02001953125,1064.6800537109375,1244,COST,1m
2026-05-18 16:16:00+00:00,1064.8399658203125,1064.969970703125,1064.489990234375,1064.9599609375,1501,COST,1m
2026-05-18 16:17:00+00:00,1064.9000244140625,1064.9000244140625,1064.239990234375,1064.239990234375,1262,COST,1m
2026-05-18 16:18:00+00:00,1064.4649658203125,1064.469970703125,1064.4649658203125,1064.469970703125,1667,COST,1m
2026-05-18 16:19:00+00:00,1064.4599609375,1064.4599609375,1063.97998046875,1064.0899658203125,2778,COST,1m
2026-05-18 16:20:00+00:00,1063.969970703125,1063.969970703125,1063.56005859375,1063.56005859375,1756,COST,1m
2026-05-18 16:21:00+00:00,1064.2099609375,1064.2099609375,1063.9200439453125,1063.9200439453125,1498,COST,1m
2026-05-18 16:22:00+00:00,1064.0699462890625,1064.6300048828125,1064.0699462890625,1064.6300048828125,1816,COST,1m
2026-05-18 16:23:00+00:00,1064.6400146484375,1065.1700439453125,1064.6400146484375,1065.14501953125,3854,COST,1m
2026-05-18 16:24:00+00:00,1064.9124755859375,1065.4100341796875,1064.77001953125,1065.300048828125,1715,COST,1m
2026-05-18 16:25:00+00:00,1065.1099853515625,1065.7049560546875,1065.1099853515625,1065.7049560546875,3763,COST,1m
2026-05-18 16:26:00+00:00,1066.280029296875,1066.5400390625,1065.9150390625,1066.5400390625,1366,COST,1m
2026-05-18 16:27:00+00:00,1066.1300048828125,1066.780029296875,1066.06005859375,1066.3800048828125,1912,COST,1m
2026-05-18 16:28:00+00:00,1066.39501953125,1066.6300048828125,1065.739990234375,1066.3699951171875,3735,COST,1m
2026-05-18 16:29:00+00:00,1066.25,1066.7603759765625,1066.25,1066.7603759765625,1075,COST,1m
2026-05-18 16:30:00+00:00,1066.260009765625,1066.7919921875,1065.9776611328125,1066.300048828125,2292,COST,1m
2026-05-18 16:31:00+00:00,1065.6099853515625,1065.6099853515625,1064.2449951171875,1064.2449951171875,3898,COST,1m
2026-05-18 16:32:00+00:00,1064.3699951171875,1065.52001953125,1064.3699951171875,1065.4200439453125,1868,COST,1m
2026-05-18 16:33:00+00:00,1065.425048828125,1066.2398681640625,1065.3642578125,1066.2398681640625,2048,COST,1m
2026-05-18 16:34:00+00:00,1065.39501953125,1065.7049560546875,1065.364990234375,1065.6600341796875,1425,COST,1m
2026-05-18 16:35:00+00:00,1066.159912109375,1066.159912109375,1065.1650390625,1065.18505859375,3923,COST,1m
2026-05-18 16:36:00+00:00,1065.1650390625,1065.22998046875,1064.5350341796875,1064.75,2035,COST,1m
2026-05-18 16:37:00+00:00,1064.760009765625,1065.60498046875,1064.760009765625,1064.989990234375,1119,COST,1m
2026-05-18 16:38:00+00:00,1064.3299560546875,1065.2099609375,1064.3299560546875,1065.2099609375,617,COST,1m
2026-05-18 16:39:00+00:00,1065.3125,1065.5250244140625,1065.3125,1065.52001953125,654,COST,1m
2026-05-18 16:40:00+00:00,1065.52001953125,1065.5450439453125,1065.1099853515625,1065.1099853515625,1487,COST,1m
2026-05-18 16:41:00+00:00,1065.3564453125,1065.5400390625,1065.06005859375,1065.5400390625,550,COST,1m
2026-05-18 16:42:00+00:00,1065.4449462890625,1065.6600341796875,1065.06005859375,1065.242919921875,1828,COST,1m
2026-05-18 16:43:00+00:00,1065.364990234375,1065.364990234375,1064.5433349609375,1064.5433349609375,1203,COST,1m
2026-05-18 16:44:00+00:00,1064.9599609375,1064.9599609375,1064.3800048828125,1064.760009765625,883,COST,1m
2026-05-18 16:45:00+00:00,1064.9599609375,1065.209228515625,1064.2880859375,1064.5899658203125,2250,COST,1m
2026-05-18 16:46:00+00:00,1064.260009765625,1064.760009765625,1064.1700439453125,1064.760009765625,1517,COST,1m
2026-05-18 16:47:00+00:00,1064.93994140625,1065.43994140625,1064.675048828125,1065.43994140625,1720,COST,1m
2026-05-18 16:48:00+00:00,1065.5,1065.5,1065.43505859375,1065.43505859375,287,COST,1m
2026-05-18 16:49:00+00:00,1065.4949951171875,1065.4949951171875,1065.4949951171875,1065.4949951171875,646,COST,1m
2026-05-18 16:50:00+00:00,1065.8800048828125,1066.0699462890625,1065.3499755859375,1065.4599609375,14685,COST,1m
2026-05-18 16:51:00+00:00,1065.3900146484375,1065.43505859375,1064.3782958984375,1064.8299560546875,3134,COST,1m
2026-05-18 16:52:00+00:00,1064.719970703125,1064.719970703125,1064.699951171875,1064.699951171875,759,COST,1m
2026-05-18 16:53:00+00:00,1064.68505859375,1065.489990234375,1064.68505859375,1065.4749755859375,1298,COST,1m
2026-05-18 16:54:00+00:00,1065.4100341796875,1065.8699951171875,1065.0899658203125,1065.0899658203125,894,COST,1m
2026-05-18 16:55:00+00:00,1064.7900390625,1064.925048828125,1064.550048828125,1064.550048828125,1235,COST,1m
2026-05-18 16:56:00+00:00,1064.5400390625,1064.780029296875,1064.2000732421875,1064.780029296875,2076,COST,1m
2026-05-18 16:57:00+00:00,1064.8399658203125,1064.8399658203125,1064.199951171875,1064.8349609375,2898,COST,1m
2026-05-18 16:58:00+00:00,1064.32861328125,1065.4898681640625,1064.32861328125,1064.9100341796875,1613,COST,1m
2026-05-18 16:59:00+00:00,1065.3399658203125,1065.3399658203125,1064.280029296875,1064.280029296875,971,COST,1m
2026-05-18 17:00:00+00:00,1064.2900390625,1064.47998046875,1064.1500244140625,1064.4599609375,2911,COST,1m
2026-05-18 17:01:00+00:00,1064.780029296875,1064.989990234375,1064.780029296875,1064.989990234375,1667,COST,1m
2026-05-18 17:02:00+00:00,1065.5799560546875,1066.4200439453125,1065.4112548828125,1066.0999755859375,2507,COST,1m
2026-05-18 17:03:00+00:00,1066.0999755859375,1066.4300537109375,1066.0999755859375,1066.4300537109375,1934,COST,1m
2026-05-18 17:04:00+00:00,1066.6400146484375,1067.125,1066.425048828125,1066.97998046875,1598,COST,1m
2026-05-18 17:05:00+00:00,1066.97998046875,1066.97998046875,1066.4599609375,1066.6949462890625,1114,COST,1m
2026-05-18 17:06:00+00:00,1066.2879638671875,1066.6199951171875,1066.2879638671875,1066.6199951171875,798,COST,1m
2026-05-18 17:07:00+00:00,1066.4859619140625,1066.56494140625,1066.4859619140625,1066.56494140625,2850,COST,1m
2026-05-18 17:08:00+00:00,1066.9599609375,1066.9599609375,1066.5450439453125,1066.5450439453125,1160,COST,1m
2026-05-18 17:09:00+00:00,1066.6600341796875,1066.77001953125,1066.219970703125,1066.5198974609375,3351,COST,1m
2026-05-18 17:10:00+00:00,1066.2950439453125,1066.429931640625,1065.8829345703125,1066.4200439453125,4233,COST,1m
2026-05-18 17:11:00+00:00,1066.8900146484375,1066.8900146484375,1066.181884765625,1066.449951171875,1390,COST,1m
2026-05-18 17:12:00+00:00,1066.43994140625,1066.43994140625,1066.0054931640625,1066.0054931640625,872,COST,1m
2026-05-18 17:13:00+00:00,1066.8399658203125,1066.8399658203125,1066.6099853515625,1066.6099853515625,376,COST,1m
2026-05-18 17:14:00+00:00,1067.030029296875,1067.030029296875,1066.6400146484375,1066.6400146484375,14549,COST,1m
2026-05-18 17:15:00+00:00,1066.4949951171875,1066.5400390625,1066.4949951171875,1066.5400390625,754,COST,1m
2026-05-18 17:16:00+00:00,1066.8299560546875,1066.8299560546875,1066.2099609375,1066.3599853515625,2395,COST,1m
2026-05-18 17:17:00+00:00,1066.530029296875,1066.6099853515625,1066.25,1066.6099853515625,1663,COST,1m
2026-05-18 17:18:00+00:00,1066.5,1066.5,1066.3499755859375,1066.3499755859375,1258,COST,1m
2026-05-18 17:19:00+00:00,1066.719970703125,1066.969970703125,1066.6700439453125,1066.969970703125,2235,COST,1m
2026-05-18 17:20:00+00:00,1066.97998046875,1066.9849853515625,1065.4100341796875,1066.0050048828125,2784,COST,1m
2026-05-18 17:21:00+00:00,1065.95751953125,1066.6300048828125,1065.8299560546875,1066.6300048828125,1338,COST,1m
2026-05-18 17:22:00+00:00,1067.0599365234375,1067.5,1067.0599365234375,1067.5,1762,COST,1m
2026-05-18 17:23:00+00:00,1067.6099853515625,1068.0,1067.3299560546875,1067.780029296875,3762,COST,1m
2026-05-18 17:24:00+00:00,1067.780029296875,1068.0,1067.6295166015625,1068.0,3263,COST,1m
2026-05-18 17:25:00+00:00,1067.77001953125,1067.9178466796875,1067.6700439453125,1067.8199462890625,967,COST,1m
2026-05-18 17:26:00+00:00,1067.655029296875,1067.8900146484375,1067.43994140625,1067.6524658203125,2789,COST,1m
2026-05-18 17:27:00+00:00,1067.2900390625,1067.2900390625,1067.280029296875,1067.2900390625,460,COST,1m
2026-05-18 17:28:00+00:00,1067.0699462890625,1067.1199951171875,1066.541259765625,1066.6199951171875,1455,COST,1m
2026-05-18 17:29:00+00:00,1066.710205078125,1066.969970703125,1066.574951171875,1066.8599853515625,1277,COST,1m
2026-05-18 17:30:00+00:00,1066.925048828125,1067.1199951171875,1066.3199462890625,1066.5,3192,COST,1m
2026-05-18 17:31:00+00:00,1066.6099853515625,1066.6199951171875,1066.5999755859375,1066.6199951171875,526,COST,1m
2026-05-18 17:32:00+00:00,1066.0252685546875,1066.8900146484375,1066.0252685546875,1066.6099853515625,3353,COST,1m
2026-05-18 17:33:00+00:00,1067.2099609375,1067.2099609375,1067.2099609375,1067.2099609375,605,COST,1m
2026-05-18 17:34:00+00:00,1067.4649658203125,1067.7149658203125,1067.4649658203125,1067.614990234375,904,COST,1m
2026-05-18 17:35:00+00:00,1067.6199951171875,1067.949951171875,1067.239990234375,1067.75,3257,COST,1m
2026-05-18 17:36:00+00:00,1067.510009765625,1067.8890380859375,1067.030029296875,1067.0450439453125,4441,COST,1m
2026-05-18 17:37:00+00:00,1067.6099853515625,1068.1700439453125,1067.4000244140625,1068.1700439453125,2683,COST,1m
2026-05-18 17:38:00+00:00,1067.719970703125,1068.81005859375,1067.719970703125,1068.81005859375,1388,COST,1m
2026-05-18 17:39:00+00:00,1067.360107421875,1068.699951171875,1067.360107421875,1068.18994140625,2510,COST,1m
2026-05-18 17:40:00+00:00,1068.18994140625,1068.5062255859375,1067.550048828125,1068.5062255859375,2842,COST,1m
2026-05-18 17:41:00+00:00,1067.780029296875,1068.39990234375,1067.780029296875,1068.39990234375,1977,COST,1m
2026-05-18 17:42:00+00:00,1068.02001953125,1068.1500244140625,1068.02001953125,1068.14501953125,2121,COST,1m
2026-05-18 17:43:00+00:00,1068.27001953125,1068.68994140625,1068.25,1068.300048828125,3426,COST,1m
2026-05-18 17:44:00+00:00,1068.3499755859375,1069.27001953125,1068.3499755859375,1068.800048828125,2193,COST,1m
2026-05-18 17:45:00+00:00,1068.75,1069.0,1068.6500244140625,1068.8499755859375,2200,COST,1m
2026-05-18 17:46:00+00:00,1068.969970703125,1069.6400146484375,1068.969970703125,1069.3924560546875,1333,COST,1m
2026-05-18 17:47:00+00:00,1069.6800537109375,1069.68994140625,1069.385009765625,1069.385009765625,1124,COST,1m
2026-05-18 17:48:00+00:00,1069.6400146484375,1070.25,1069.6400146484375,1069.9949951171875,7875,COST,1m
2026-05-18 17:49:00+00:00,1070.010009765625,1070.175048828125,1069.8599853515625,1069.8699951171875,1587,COST,1m
2026-05-18 17:50:00+00:00,1070.4749755859375,1070.9698486328125,1070.4749755859375,1070.5899658203125,2574,COST,1m
2026-05-18 17:51:00+00:00,1070.8148193359375,1071.0,1070.675048828125,1070.68994140625,2735,COST,1m
2026-05-18 17:52:00+00:00,1070.6800537109375,1070.6800537109375,1070.6700439453125,1070.675048828125,3921,COST,1m
2026-05-18 17:53:00+00:00,1070.675048828125,1070.780029296875,1070.239990234375,1070.3900146484375,3261,COST,1m
2026-05-18 17:54:00+00:00,1070.3900146484375,1070.3900146484375,1069.2650146484375,1069.2650146484375,2556,COST,1m
2026-05-18 17:55:00+00:00,1068.8565673828125,1069.260009765625,1068.739990234375,1068.739990234375,837,COST,1m
2026-05-18 17:56:00+00:00,1068.2900390625,1068.5899658203125,1068.260009765625,1068.5899658203125,1799,COST,1m
2026-05-18 17:57:00+00:00,1068.3800048828125,1069.0550537109375,1068.3800048828125,1069.0550537109375,1883,COST,1m
2026-05-18 17:58:00+00:00,1069.06005859375,1069.6343994140625,1068.3489990234375,1068.4100341796875,1327,COST,1m
2026-05-18 17:59:00+00:00,1069.0799560546875,1069.3892822265625,1069.0350341796875,1069.239990234375,1112,COST,1m
2026-05-18 18:00:00+00:00,1069.239990234375,1069.4100341796875,1068.97998046875,1068.989990234375,2250,COST,1m
2026-05-18 18:01:00+00:00,1068.989990234375,1068.989990234375,1068.2099609375,1068.2099609375,3427,COST,1m
2026-05-18 18:02:00+00:00,1068.68994140625,1069.5699462890625,1068.68994140625,1069.47314453125,2205,COST,1m
2026-05-18 18:03:00+00:00,1070.0,1070.0,1070.0,1070.0,611,COST,1m
2026-05-18 18:04:00+00:00,1070.030029296875,1070.030029296875,1069.7850341796875,1069.875,1877,COST,1m
2026-05-18 18:05:00+00:00,1069.864990234375,1070.1600341796875,1069.8499755859375,1070.0,1281,COST,1m
2026-05-18 18:06:00+00:00,1069.85498046875,1069.85498046875,1069.25,1069.5899658203125,3365,COST,1m
2026-05-18 18:07:00+00:00,1069.5899658203125,1069.5899658203125,1068.010009765625,1068.614990234375,2399,COST,1m
2026-05-18 18:08:00+00:00,1068.675048828125,1069.8299560546875,1068.675048828125,1069.469970703125,2172,COST,1m
2026-05-18 18:09:00+00:00,1070.1400146484375,1070.1400146484375,1069.6300048828125,1069.9849853515625,2245,COST,1m
2026-05-18 18:10:00+00:00,1069.9849853515625,1070.3900146484375,1069.4300537109375,1069.4300537109375,3386,COST,1m
2026-05-18 18:11:00+00:00,1069.4775390625,1069.550048828125,1069.3299560546875,1069.550048828125,1421,COST,1m
2026-05-18 18:12:00+00:00,1069.56005859375,1069.780029296875,1069.5533447265625,1069.6650390625,1488,COST,1m
2026-05-18 18:13:00+00:00,1069.8699951171875,1069.8699951171875,1069.43994140625,1069.43994140625,1677,COST,1m
2026-05-18 18:14:00+00:00,1069.6800537109375,1070.8900146484375,1069.6800537109375,1070.5050048828125,7346,COST,1m
2026-05-18 18:15:00+00:00,1070.2401123046875,1070.3800048828125,1069.896728515625,1070.3199462890625,3004,COST,1m
2026-05-18 18:16:00+00:00,1070.2650146484375,1070.562255859375,1070.010009765625,1070.3125,1465,COST,1m
2026-05-18 18:17:00+00:00,1070.300048828125,1070.4599609375,1069.9300537109375,1070.010009765625,1682,COST,1m
2026-05-18 18:18:00+00:00,1070.3499755859375,1070.93994140625,1070.1600341796875,1070.909912109375,4034,COST,1m
2026-05-18 18:19:00+00:00,1070.6650390625,1070.6650390625,1070.094970703125,1070.094970703125,1979,COST,1m
2026-05-18 18:20:00+00:00,1070.1099853515625,1070.5950927734375,1070.1099853515625,1070.35498046875,2914,COST,1m
2026-05-18 18:21:00+00:00,1070.5799560546875,1070.5799560546875,1070.0400390625,1070.1500244140625,3770,COST,1m
2026-05-18 18:22:00+00:00,1070.1800537109375,1070.5,1070.135009765625,1070.5,1003,COST,1m
2026-05-18 18:23:00+00:00,1070.361328125,1070.6600341796875,1069.9000244140625,1070.0550537109375,7593,COST,1m
2026-05-18 18:24:00+00:00,1070.0550537109375,1070.1700439453125,1069.3599853515625,1069.3599853515625,3234,COST,1m
2026-05-18 18:25:00+00:00,1069.449951171875,1069.9599609375,1069.4449462890625,1069.9599609375,2603,COST,1m
2026-05-18 18:26:00+00:00,1069.77001953125,1070.7099609375,1069.77001953125,1070.2900390625,5336,COST,1m
2026-05-18 18:27:00+00:00,1070.4208984375,1070.969970703125,1070.360107421875,1070.9000244140625,5919,COST,1m
2026-05-18 18:28:00+00:00,1070.635009765625,1070.8199462890625,1070.1600341796875,1070.43505859375,2440,COST,1m
2026-05-18 18:29:00+00:00,1070.030029296875,1070.5400390625,1069.8499755859375,1070.3399658203125,3070,COST,1m
2026-05-18 18:30:00+00:00,1070.77001953125,1071.0,1070.1800537109375,1070.1800537109375,7156,COST,1m
2026-05-18 18:31:00+00:00,1070.510009765625,1070.849853515625,1070.3399658203125,1070.39501953125,2115,COST,1m
2026-05-18 18:32:00+00:00,1070.469970703125,1070.5,1070.3499755859375,1070.5,2249,COST,1m
2026-05-18 18:33:00+00:00,1070.5050048828125,1070.5050048828125,1069.8900146484375,1070.125,2070,COST,1m
2026-05-18 18:34:00+00:00,1070.5491943359375,1070.5491943359375,1070.1700439453125,1070.49951171875,1916,COST,1m
2026-05-18 18:35:00+00:00,1070.2950439453125,1070.699951171875,1070.2950439453125,1070.5550537109375,2818,COST,1m
2026-05-18 18:36:00+00:00,1070.699951171875,1070.760009765625,1070.530029296875,1070.6600341796875,3073,COST,1m
2026-05-18 18:37:00+00:00,1070.6600341796875,1071.4599609375,1070.6600341796875,1071.4599609375,4354,COST,1m
2026-05-18 18:38:00+00:00,1071.324951171875,1071.324951171875,1070.8499755859375,1071.2099609375,2859,COST,1m
2026-05-18 18:39:00+00:00,1071.2950439453125,1071.68994140625,1071.2950439453125,1071.5899658203125,2796,COST,1m
2026-05-18 18:40:00+00:00,1071.68994140625,1071.97998046875,1071.219970703125,1071.3900146484375,4688,COST,1m
2026-05-18 18:41:00+00:00,1071.4200439453125,1071.659912109375,1070.93994140625,1070.989990234375,3809,COST,1m
2026-05-18 18:42:00+00:00,1071.22998046875,1071.3685302734375,1070.60546875,1071.260009765625,3010,COST,1m
2026-05-18 18:43:00+00:00,1071.3349609375,1071.6800537109375,1071.050048828125,1071.6800537109375,2269,COST,1m
2026-05-18 18:44:00+00:00,1071.4449462890625,1072.08154296875,1071.4449462890625,1071.68505859375,3762,COST,1m
2026-05-18 18:45:00+00:00,1071.8800048828125,1071.93994140625,1071.601806640625,1071.675048828125,3892,COST,1m
2026-05-18 18:46:00+00:00,1071.7900390625,1072.300048828125,1071.6500244140625,1072.300048828125,3284,COST,1m
2026-05-18 18:47:00+00:00,1072.300048828125,1073.5999755859375,1072.300048828125,1073.0550537109375,9892,COST,1m
2026-05-18 18:48:00+00:00,1072.824951171875,1073.4053955078125,1072.8199462890625,1073.27001953125,1825,COST,1m
2026-05-18 18:49:00+00:00,1073.3648681640625,1073.9599609375,1073.0250244140625,1073.0250244140625,5174,COST,1m
2026-05-18 18:50:00+00:00,1072.280029296875,1073.1600341796875,1072.10498046875,1072.3099365234375,2924,COST,1m
2026-05-18 18:51:00+00:00,1072.223876953125,1072.4100341796875,1072.050048828125,1072.050048828125,2078,COST,1m
2026-05-18 18:52:00+00:00,1072.3800048828125,1072.780029296875,1072.0699462890625,1072.3499755859375,2693,COST,1m
2026-05-18 18:53:00+00:00,1072.35498046875,1072.7799072265625,1071.9200439453125,1072.3974609375,1840,COST,1m
2026-05-18 18:54:00+00:00,1072.3900146484375,1072.989990234375,1072.02001953125,1072.469970703125,5640,COST,1m
2026-05-18 18:55:00+00:00,1072.5400390625,1072.6033935546875,1071.6949462890625,1071.9100341796875,4591,COST,1m
2026-05-18 18:56:00+00:00,1071.905029296875,1072.300048828125,1071.77001953125,1071.97998046875,2866,COST,1m
2026-05-18 18:57:00+00:00,1072.1800537109375,1072.1800537109375,1071.340087890625,1071.719970703125,2956,COST,1m
2026-05-18 18:58:00+00:00,1071.3499755859375,1071.760009765625,1071.2900390625,1071.52001953125,3575,COST,1m
2026-05-18 18:59:00+00:00,1071.719970703125,1071.719970703125,1071.3399658203125,1071.530029296875,3348,COST,1m
2026-05-18 19:00:00+00:00,1071.530029296875,1071.8199462890625,1071.280029296875,1071.344970703125,3558,COST,1m
2026-05-18 19:01:00+00:00,1071.344970703125,1072.0050048828125,1070.75,1070.75,12742,COST,1m
2026-05-18 19:02:00+00:00,1071.1400146484375,1072.449951171875,1070.7049560546875,1072.3299560546875,6977,COST,1m
2026-05-18 19:03:00+00:00,1071.75,1072.7598876953125,1071.6700439453125,1072.47998046875,4017,COST,1m
2026-05-18 19:04:00+00:00,1072.75,1073.010009765625,1071.300048828125,1072.4100341796875,3211,COST,1m
2026-05-18 19:05:00+00:00,1072.2449951171875,1072.3699951171875,1071.86767578125,1072.06005859375,2433,COST,1m
2026-05-18 19:06:00+00:00,1072.06005859375,1073.635009765625,1072.06005859375,1073.635009765625,3890,COST,1m
2026-05-18 19:07:00+00:00,1073.635009765625,1074.6800537109375,1073.635009765625,1073.9599609375,6282,COST,1m
2026-05-18 19:08:00+00:00,1074.06005859375,1074.06005859375,1073.8800048828125,1073.8800048828125,1175,COST,1m
2026-05-18 19:09:00+00:00,1073.9000244140625,1074.1700439453125,1073.510009765625,1073.85498046875,2715,COST,1m
2026-05-18 19:10:00+00:00,1073.864990234375,1074.5,1073.8599853515625,1074.280029296875,6000,COST,1m
2026-05-18 19:11:00+00:00,1074.489990234375,1074.7598876953125,1073.93994140625,1074.280029296875,15259,COST,1m
2026-05-18 19:12:00+00:00,1074.3349609375,1074.489990234375,1073.405029296875,1073.6800537109375,8469,COST,1m
2026-05-18 19:13:00+00:00,1073.4200439453125,1074.3609619140625,1073.4200439453125,1074.3609619140625,3778,COST,1m
2026-05-18 19:14:00+00:00,1074.199951171875,1075.8388671875,1074.199951171875,1075.780029296875,21997,COST,1m
2026-05-18 19:15:00+00:00,1075.7900390625,1076.050048828125,1075.5799560546875,1075.81005859375,8014,COST,1m
2026-05-18 19:16:00+00:00,1075.8900146484375,1077.0400390625,1075.739990234375,1077.0400390625,5202,COST,1m
2026-05-18 19:17:00+00:00,1076.9599609375,1077.1600341796875,1076.10009765625,1076.739990234375,6021,COST,1m
2026-05-18 19:18:00+00:00,1076.800048828125,1077.3199462890625,1076.6600341796875,1077.219970703125,11534,COST,1m
2026-05-18 19:19:00+00:00,1077.0450439453125,1078.510009765625,1077.0450439453125,1078.0,12311,COST,1m
2026-05-18 19:20:00+00:00,1078.0250244140625,1078.300048828125,1077.800048828125,1078.226806640625,6868,COST,1m
2026-05-18 19:21:00+00:00,1078.3199462890625,1078.6300048828125,1077.094970703125,1077.425048828125,11882,COST,1m
2026-05-18 19:22:00+00:00,1077.4549560546875,1078.39990234375,1077.260009765625,1077.935546875,5978,COST,1m
2026-05-18 19:23:00+00:00,1077.969970703125,1078.135009765625,1077.4649658203125,1077.8299560546875,5213,COST,1m
2026-05-18 19:24:00+00:00,1078.0999755859375,1078.72998046875,1078.0489501953125,1078.5699462890625,5828,COST,1m
2026-05-18 19:25:00+00:00,1078.614990234375,1078.614990234375,1077.9100341796875,1078.375,7145,COST,1m
2026-05-18 19:26:00+00:00,1078.48681640625,1078.58984375,1078.31005859375,1078.39794921875,3132,COST,1m
2026-05-18 19:27:00+00:00,1078.300048828125,1079.0,1078.300048828125,1078.800048828125,7472,COST,1m
2026-05-18 19:28:00+00:00,1078.989990234375,1079.47998046875,1078.849853515625,1079.2900390625,5757,COST,1m
2026-05-18 19:29:00+00:00,1079.3900146484375,1079.8299560546875,1079.0999755859375,1079.429931640625,8785,COST,1m
2026-05-18 19:30:00+00:00,1079.3499755859375,1079.4599609375,1078.7850341796875,1078.7850341796875,9521,COST,1m
2026-05-18 19:31:00+00:00,1078.6251220703125,1078.8800048828125,1078.5150146484375,1078.8499755859375,7832,COST,1m
2026-05-18 19:32:00+00:00,1078.7650146484375,1079.2099609375,1077.8399658203125,1077.905029296875,9979,COST,1m
2026-05-18 19:33:00+00:00,1077.7650146484375,1078.56005859375,1077.739990234375,1078.489990234375,5261,COST,1m
2026-05-18 19:34:00+00:00,1078.2900390625,1078.77001953125,1078.2249755859375,1078.5,5361,COST,1m
2026-05-18 19:35:00+00:00,1078.3599853515625,1078.719970703125,1076.5989990234375,1077.1300048828125,6811,COST,1m
2026-05-18 19:36:00+00:00,1077.06005859375,1077.324951171875,1076.7076416015625,1077.3050537109375,4849,COST,1m
2026-05-18 19:37:00+00:00,1077.3050537109375,1077.6300048828125,1076.9300537109375,1076.9300537109375,6748,COST,1m
2026-05-18 19:38:00+00:00,1076.9000244140625,1076.9000244140625,1076.3699951171875,1076.47998046875,4477,COST,1m
2026-05-18 19:39:00+00:00,1076.47998046875,1076.8900146484375,1076.4339599609375,1076.7900390625,4545,COST,1m
2026-05-18 19:40:00+00:00,1076.6700439453125,1077.6199951171875,1076.5899658203125,1077.6199951171875,7957,COST,1m
2026-05-18 19:41:00+00:00,1077.4449462890625,1077.4449462890625,1076.9000244140625,1077.2249755859375,8459,COST,1m
2026-05-18 19:42:00+00:00,1077.4599609375,1077.510009765625,1076.6600341796875,1076.72998046875,7697,COST,1m
2026-05-18 19:43:00+00:00,1076.6800537109375,1076.81005859375,1076.0,1076.27001953125,7239,COST,1m
2026-05-18 19:44:00+00:00,1076.81005859375,1076.8499755859375,1076.4000244140625,1076.4100341796875,7637,COST,1m
2026-05-18 19:45:00+00:00,1076.22998046875,1076.550048828125,1075.75,1076.219970703125,6874,COST,1m
2026-05-18 19:46:00+00:00,1075.925048828125,1076.35498046875,1075.5699462890625,1076.2099609375,6729,COST,1m
2026-05-18 19:47:00+00:00,1076.2099609375,1076.5,1075.6400146484375,1075.7950439453125,5977,COST,1m
2026-05-18 19:48:00+00:00,1075.800048828125,1076.25,1075.590087890625,1076.030029296875,7184,COST,1m
2026-05-18 19:49:00+00:00,1076.030029296875,1076.1341552734375,1074.8900146484375,1075.2099609375,6959,COST,1m
2026-05-18 19:50:00+00:00,1075.530029296875,1075.9200439453125,1074.6500244140625,1074.8900146484375,9454,COST,1m
2026-05-18 19:51:00+00:00,1074.6600341796875,1075.9599609375,1074.608642578125,1075.9599609375,8286,COST,1m
2026-05-18 19:52:00+00:00,1075.780029296875,1076.050048828125,1075.010009765625,1075.0899658203125,8760,COST,1m
2026-05-18 19:53:00+00:00,1074.93994140625,1075.60498046875,1074.93994140625,1075.300048828125,12374,COST,1m
2026-05-18 19:54:00+00:00,1075.300048828125,1075.550048828125,1074.47998046875,1075.4100341796875,17139,COST,1m
2026-05-18 19:55:00+00:00,1075.56005859375,1077.47998046875,1075.56005859375,1076.949951171875,15893,COST,1m
2026-05-18 19:56:00+00:00,1076.949951171875,1076.949951171875,1075.97998046875,1076.3599853515625,14435,COST,1m
2026-05-18 19:57:00+00:00,1076.3599853515625,1076.550048828125,1076.0400390625,1076.0450439453125,22084,COST,1m
2026-05-18 19:58:00+00:00,1076.06005859375,1076.550048828125,1076.02001953125,1076.3299560546875,28520,COST,1m
2026-05-18 19:59:00+00:00,1076.31494140625,1077.2099609375,1076.2750244140625,1076.9300537109375,60286,COST,1m
2026-05-19 13:30:00+00:00,1077.489990234375,1079.52001953125,1077.0,1078.43994140625,34977,COST,1m
2026-05-19 13:31:00+00:00,1078.18994140625,1078.56005859375,1075.2099609375,1075.699951171875,8520,COST,1m
2026-05-19 13:32:00+00:00,1076.2249755859375,1076.2249755859375,1073.1700439453125,1073.43994140625,2098,COST,1m
2026-05-19 13:33:00+00:00,1073.31005859375,1077.9000244140625,1072.0999755859375,1076.3599853515625,5163,COST,1m
2026-05-19 13:34:00+00:00,1076.81005859375,1079.71630859375,1076.81005859375,1079.71630859375,3158,COST,1m
2026-05-19 13:35:00+00:00,1080.0,1081.81005859375,1079.3399658203125,1081.155029296875,17456,COST,1m
2026-05-19 13:36:00+00:00,1080.800048828125,1081.1500244140625,1078.550048828125,1079.8299560546875,5535,COST,1m
2026-05-19 13:37:00+00:00,1079.510009765625,1079.510009765625,1077.050048828125,1079.489990234375,4038,COST,1m
2026-05-19 13:38:00+00:00,1079.4300537109375,1081.553955078125,1079.4300537109375,1081.02001953125,4118,COST,1m
2026-05-19 13:39:00+00:00,1081.0,1081.8499755859375,1080.6199951171875,1080.6300048828125,7561,COST,1m
2026-05-19 13:40:00+00:00,1080.36279296875,1082.2099609375,1079.43994140625,1079.43994140625,8507,COST,1m
2026-05-19 13:41:00+00:00,1079.9300537109375,1082.3199462890625,1079.4100341796875,1081.6500244140625,4971,COST,1m
2026-05-19 13:42:00+00:00,1080.8299560546875,1081.25,1079.47998046875,1080.205078125,5801,COST,1m
2026-05-19 13:43:00+00:00,1080.68994140625,1081.655029296875,1080.0101318359375,1081.1400146484375,10362,COST,1m
2026-05-19 13:44:00+00:00,1080.4100341796875,1083.6400146484375,1080.4100341796875,1083.1500244140625,6975,COST,1m
2026-05-19 13:45:00+00:00,1083.2449951171875,1085.829833984375,1082.7801513671875,1085.829833984375,11614,COST,1m
2026-05-19 13:46:00+00:00,1084.3299560546875,1084.6199951171875,1083.760009765625,1084.6199951171875,5340,COST,1m
2026-05-19 13:47:00+00:00,1085.06005859375,1085.06005859375,1083.6099853515625,1084.2900390625,5610,COST,1m
2026-05-19 13:48:00+00:00,1083.864990234375,1084.4599609375,1083.260009765625,1083.6949462890625,9520,COST,1m
2026-05-19 13:49:00+00:00,1083.77001953125,1086.22998046875,1082.0150146484375,1085.5849609375,10807,COST,1m
2026-05-19 13:50:00+00:00,1085.260009765625,1086.18994140625,1084.824951171875,1085.380126953125,8277,COST,1m
2026-05-19 13:51:00+00:00,1085.6300048828125,1086.0499267578125,1083.989990234375,1084.6600341796875,5590,COST,1m
2026-05-19 13:52:00+00:00,1084.1400146484375,1085.2783203125,1083.9749755859375,1084.324951171875,3703,COST,1m
2026-05-19 13:53:00+00:00,1084.324951171875,1084.5,1083.43994140625,1083.43994140625,2828,COST,1m
2026-05-19 13:54:00+00:00,1084.0699462890625,1084.1556396484375,1082.18994140625,1082.780029296875,3818,COST,1m
2026-05-19 13:55:00+00:00,1083.0999755859375,1085.5,1083.0999755859375,1085.5,3270,COST,1m
2026-05-19 13:56:00+00:00,1085.989990234375,1087.9998779296875,1085.989990234375,1087.4949951171875,13219,COST,1m
2026-05-19 13:57:00+00:00,1087.4949951171875,1087.9300537109375,1086.5250244140625,1087.300048828125,6237,COST,1m
2026-05-19 13:58:00+00:00,1087.300048828125,1088.52001953125,1087.0,1088.4449462890625,10881,COST,1m
2026-05-19 13:59:00+00:00,1088.8790283203125,1088.8790283203125,1087.1099853515625,1087.949951171875,9427,COST,1m
2026-05-19 14:00:00+00:00,1088.0899658203125,1088.3900146484375,1087.0400390625,1087.18994140625,7195,COST,1m
2026-05-19 14:01:00+00:00,1087.2900390625,1087.2900390625,1084.5,1085.449951171875,25281,COST,1m
2026-05-19 14:02:00+00:00,1084.56005859375,1087.9599609375,1084.280029296875,1087.77001953125,33450,COST,1m
2026-05-19 14:03:00+00:00,1088.324951171875,1088.4200439453125,1087.56494140625,1087.56494140625,3668,COST,1m
2026-05-19 14:04:00+00:00,1087.6500244140625,1088.0,1087.0400390625,1087.455078125,1720,COST,1m
2026-05-19 14:05:00+00:00,1086.9300537109375,1088.6400146484375,1086.550048828125,1088.6400146484375,5082,COST,1m
2026-05-19 14:06:00+00:00,1088.68994140625,1089.0,1088.0,1088.0,10212,COST,1m
2026-05-19 14:07:00+00:00,1088.7049560546875,1090.0,1088.400146484375,1089.9798583984375,8060,COST,1m
2026-05-19 14:08:00+00:00,1089.199951171875,1090.2149658203125,1087.4901123046875,1089.6800537109375,5242,COST,1m
2026-05-19 14:09:00+00:00,1090.385009765625,1090.989990234375,1087.1500244140625,1089.0,14258,COST,1m
2026-05-19 14:10:00+00:00,1086.8399658203125,1086.989990234375,1086.0,1086.7550048828125,3282,COST,1m
2026-05-19 14:11:00+00:00,1086.7550048828125,1087.0799560546875,1085.75,1086.679931640625,6605,COST,1m
2026-05-19 14:12:00+00:00,1086.739990234375,1087.373046875,1085.7099609375,1087.14990234375,10402,COST,1m
2026-05-19 14:13:00+00:00,1085.77001953125,1086.25,1084.0699462890625,1085.47998046875,3802,COST,1m
2026-05-19 14:14:00+00:00,1085.5999755859375,1087.97998046875,1085.5899658203125,1086.8699951171875,25377,COST,1m
2026-05-19 14:15:00+00:00,1087.0150146484375,1087.989990234375,1086.677490234375,1087.97998046875,13962,COST,1m
2026-05-19 14:16:00+00:00,1087.969970703125,1089.969970703125,1087.3900146484375,1088.89013671875,10667,COST,1m
2026-05-19 14:17:00+00:00,1090.0,1090.52001953125,1088.3699951171875,1088.9549560546875,10292,COST,1m
2026-05-19 14:18:00+00:00,1088.9649658203125,1089.35986328125,1087.449951171875,1087.5,4615,COST,1m
2026-05-19 14:19:00+00:00,1087.3800048828125,1087.969970703125,1086.1199951171875,1087.969970703125,4380,COST,1m
2026-05-19 14:20:00+00:00,1088.0,1088.18994140625,1086.760009765625,1087.0050048828125,2660,COST,1m
2026-05-19 14:21:00+00:00,1086.3299560546875,1088.6099853515625,1086.3299560546875,1088.6099853515625,3918,COST,1m
2026-05-19 14:22:00+00:00,1088.5,1089.18994140625,1088.1949462890625,1089.02001953125,6723,COST,1m
2026-05-19 14:23:00+00:00,1089.010009765625,1089.27001953125,1087.5699462890625,1088.135009765625,2660,COST,1m
2026-05-19 14:24:00+00:00,1088.135009765625,1089.83984375,1087.7850341796875,1089.3599853515625,5578,COST,1m
2026-05-19 14:25:00+00:00,1089.125,1089.43994140625,1089.06005859375,1089.114990234375,3041,COST,1m
2026-05-19 14:26:00+00:00,1089.68994140625,1090.489990234375,1088.9549560546875,1089.7900390625,4586,COST,1m
2026-05-19 14:27:00+00:00,1090.4300537109375,1090.8499755859375,1089.7900390625,1090.0799560546875,2928,COST,1m
2026-05-19 14:28:00+00:00,1089.6600341796875,1090.099853515625,1088.070068359375,1089.2550048828125,4159,COST,1m
2026-05-19 14:29:00+00:00,1089.324951171875,1089.8099365234375,1089.1199951171875,1089.18994140625,12812,COST,1m
2026-05-19 14:30:00+00:00,1088.8900146484375,1090.405029296875,1088.780029296875,1090.2550048828125,3158,COST,1m
2026-05-19 14:31:00+00:00,1090.1800537109375,1091.8599853515625,1089.75,1091.009033203125,6373,COST,1m
2026-05-19 14:32:00+00:00,1091.4949951171875,1093.0,1091.3599853515625,1092.219970703125,4389,COST,1m
2026-05-19 14:33:00+00:00,1092.4998779296875,1092.989990234375,1091.72998046875,1091.72998046875,6655,COST,1m
2026-05-19 14:34:00+00:00,1092.174560546875,1093.989990234375,1092.1240234375,1093.8155517578125,4550,COST,1m
2026-05-19 14:35:00+00:00,1093.60498046875,1094.22998046875,1093.02001953125,1093.4949951171875,10025,COST,1m
2026-05-19 14:36:00+00:00,1093.0,1093.4951171875,1092.760009765625,1093.030029296875,2276,COST,1m
2026-05-19 14:37:00+00:00,1092.0,1093.3199462890625,1090.7376708984375,1091.4749755859375,8442,COST,1m
2026-05-19 14:38:00+00:00,1091.4749755859375,1091.4749755859375,1089.27001953125,1089.9849853515625,3669,COST,1m
2026-05-19 14:39:00+00:00,1089.5,1091.419921875,1089.1099853515625,1090.9000244140625,5804,COST,1m
2026-05-19 14:40:00+00:00,1090.925048828125,1091.6300048828125,1090.0,1090.00634765625,10880,COST,1m
2026-05-19 14:41:00+00:00,1090.81005859375,1090.81005859375,1089.4000244140625,1090.0550537109375,3973,COST,1m
2026-05-19 14:42:00+00:00,1090.050048828125,1090.425048828125,1089.448974609375,1090.0,2220,COST,1m
2026-05-19 14:43:00+00:00,1090.1800537109375,1091.93994140625,1090.1800537109375,1090.3167724609375,4722,COST,1m
2026-05-19 14:44:00+00:00,1090.824951171875,1092.199951171875,1090.47119140625,1092.199951171875,9373,COST,1m
2026-05-19 14:45:00+00:00,1092.5,1092.9998779296875,1091.56005859375,1092.14501953125,6220,COST,1m
2026-05-19 14:46:00+00:00,1092.155029296875,1092.4000244140625,1090.0799560546875,1091.0050048828125,3537,COST,1m
2026-05-19 14:47:00+00:00,1091.1949462890625,1092.8900146484375,1090.7237548828125,1092.1700439453125,2774,COST,1m
2026-05-19 14:48:00+00:00,1092.864990234375,1092.8924560546875,1092.324951171875,1092.324951171875,1599,COST,1m
2026-05-19 14:49:00+00:00,1092.800048828125,1092.81005859375,1091.812744140625,1091.8299560546875,3439,COST,1m
2026-05-19 14:50:00+00:00,1091.449951171875,1091.81494140625,1091.449951171875,1091.760009765625,1499,COST,1m
2026-05-19 14:51:00+00:00,1091.6600341796875,1091.93994140625,1090.0909423828125,1091.760009765625,2991,COST,1m
2026-05-19 14:52:00+00:00,1092.25,1092.5400390625,1091.8599853515625,1091.8900146484375,2555,COST,1m
2026-05-19 14:53:00+00:00,1091.969970703125,1092.2449951171875,1090.1500244140625,1090.800048828125,5329,COST,1m
2026-05-19 14:54:00+00:00,1091.3399658203125,1091.72998046875,1090.2601318359375,1091.72998046875,3508,COST,1m
2026-05-19 14:55:00+00:00,1091.72998046875,1092.550048828125,1091.1300048828125,1092.550048828125,5829,COST,1m
2026-05-19 14:56:00+00:00,1092.18505859375,1093.52001953125,1092.18505859375,1092.3399658203125,5373,COST,1m
2026-05-19 14:57:00+00:00,1093.449951171875,1093.449951171875,1092.27001953125,1093.43994140625,2436,COST,1m
2026-05-19 14:58:00+00:00,1093.43994140625,1093.77001953125,1092.85498046875,1093.050048828125,4216,COST,1m
2026-05-19 14:59:00+00:00,1093.344970703125,1093.3499755859375,1092.280029296875,1092.9749755859375,2680,COST,1m
2026-05-19 15:00:00+00:00,1092.989990234375,1092.989990234375,1091.56005859375,1091.56005859375,2780,COST,1m
2026-05-19 15:01:00+00:00,1091.8050537109375,1092.3199462890625,1091.219970703125,1091.679931640625,7939,COST,1m
2026-05-19 15:02:00+00:00,1091.4901123046875,1093.0450439453125,1091.4901123046875,1092.9549560546875,3544,COST,1m
2026-05-19 15:03:00+00:00,1092.449951171875,1092.9000244140625,1092.280029296875,1092.8199462890625,1949,COST,1m
2026-05-19 15:04:00+00:00,1092.25,1092.8499755859375,1091.8599853515625,1092.7874755859375,4192,COST,1m
2026-05-19 15:05:00+00:00,1092.5,1094.02001953125,1092.5,1094.02001953125,5091,COST,1m
2026-05-19 15:06:00+00:00,1094.0150146484375,1094.68994140625,1093.3399658203125,1094.39501953125,4533,COST,1m
2026-05-19 15:07:00+00:00,1094.375,1095.3900146484375,1093.800048828125,1094.050048828125,7891,COST,1m
2026-05-19 15:08:00+00:00,1093.8800048828125,1094.5,1093.3800048828125,1094.0,2004,COST,1m
2026-05-19 15:09:00+00:00,1094.239990234375,1094.239990234375,1093.0,1093.0,3611,COST,1m
2026-05-19 15:10:00+00:00,1092.7750244140625,1093.1300048828125,1092.010009765625,1092.010009765625,2628,COST,1m
2026-05-19 15:11:00+00:00,1091.4749755859375,1091.4749755859375,1090.610107421875,1091.0101318359375,2886,COST,1m
2026-05-19 15:12:00+00:00,1091.3900146484375,1092.02001953125,1091.010009765625,1091.7403564453125,7260,COST,1m
2026-05-19 15:13:00+00:00,1091.5699462890625,1091.5699462890625,1090.4200439453125,1090.56494140625,5026,COST,1m
2026-05-19 15:14:00+00:00,1090.050048828125,1090.050048828125,1089.050048828125,1089.5,25398,COST,1m
2026-05-19 15:15:00+00:00,1089.280029296875,1090.6800537109375,1088.8800048828125,1090.0577392578125,11187,COST,1m
2026-05-19 15:16:00+00:00,1090.005126953125,1091.260009765625,1089.6400146484375,1089.6400146484375,8876,COST,1m
2026-05-19 15:17:00+00:00,1090.3199462890625,1090.5140380859375,1090.0,1090.31005859375,4488,COST,1m
2026-05-19 15:18:00+00:00,1090.31005859375,1090.675048828125,1090.0,1090.199951171875,1650,COST,1m
2026-05-19 15:19:00+00:00,1090.25,1091.47998046875,1089.81005859375,1091.3199462890625,32044,COST,1m
2026-05-19 15:20:00+00:00,1091.3699951171875,1091.3699951171875,1090.324951171875,1090.324951171875,4694,COST,1m
2026-05-19 15:21:00+00:00,1090.030029296875,1090.7900390625,1089.8525390625,1090.510009765625,5819,COST,1m
2026-05-19 15:22:00+00:00,1090.25,1090.5,1090.0,1090.25,2472,COST,1m
2026-05-19 15:23:00+00:00,1090.1199951171875,1090.56005859375,1090.050048828125,1090.56005859375,1428,COST,1m
2026-05-19 15:24:00+00:00,1090.4200439453125,1090.4200439453125,1089.550048828125,1089.550048828125,2849,COST,1m
2026-05-19 15:25:00+00:00,1089.7850341796875,1089.7850341796875,1088.739990234375,1089.25,4064,COST,1m
2026-05-19 15:26:00+00:00,1089.3399658203125,1090.0699462890625,1089.3199462890625,1089.3199462890625,15321,COST,1m
2026-05-19 15:27:00+00:00,1089.6099853515625,1090.7498779296875,1089.6099853515625,1089.7100830078125,3366,COST,1m
2026-05-19 15:28:00+00:00,1090.4300537109375,1090.4300537109375,1090.0,1090.094970703125,1696,COST,1m
2026-05-19 15:29:00+00:00,1089.760009765625,1090.094970703125,1089.52001953125,1089.8800048828125,1897,COST,1m
2026-05-19 15:30:00+00:00,1089.8800048828125,1091.3099365234375,1089.77001953125,1091.3099365234375,6570,COST,1m
2026-05-19 15:31:00+00:00,1090.4000244140625,1090.4000244140625,1089.9100341796875,1089.9100341796875,1002,COST,1m
2026-05-19 15:32:00+00:00,1090.125,1090.9200439453125,1089.4200439453125,1090.739990234375,8637,COST,1m
2026-05-19 15:33:00+00:00,1091.0899658203125,1091.0899658203125,1089.6600341796875,1089.6600341796875,2615,COST,1m
2026-05-19 15:34:00+00:00,1090.2900390625,1090.2900390625,1089.1400146484375,1089.333984375,2667,COST,1m
2026-05-19 15:35:00+00:00,1089.6600341796875,1090.9100341796875,1089.5,1090.9100341796875,4535,COST,1m
2026-05-19 15:36:00+00:00,1090.5849609375,1092.0,1090.489990234375,1091.6800537109375,10972,COST,1m
2026-05-19 15:37:00+00:00,1091.740966796875,1092.6683349609375,1091.050048828125,1092.2850341796875,3054,COST,1m
2026-05-19 15:38:00+00:00,1092.3399658203125,1093.25,1092.3399658203125,1093.1400146484375,2476,COST,1m
2026-05-19 15:39:00+00:00,1093.2099609375,1094.0,1092.6199951171875,1093.5350341796875,4170,COST,1m
2026-05-19 15:40:00+00:00,1093.5350341796875,1094.0,1093.0799560546875,1093.8900146484375,4496,COST,1m
2026-05-19 15:41:00+00:00,1093.885009765625,1094.0,1093.510009765625,1093.6400146484375,3762,COST,1m
2026-05-19 15:42:00+00:00,1093.300048828125,1095.0,1093.1099853515625,1094.969970703125,8357,COST,1m
2026-05-19 15:43:00+00:00,1094.780029296875,1095.780029296875,1094.469970703125,1095.52001953125,6385,COST,1m
2026-05-19 15:44:00+00:00,1095.5,1095.7099609375,1094.5,1095.7099609375,11830,COST,1m
2026-05-19 15:45:00+00:00,1095.0,1095.1700439453125,1093.989990234375,1094.2900390625,3883,COST,1m
2026-05-19 15:46:00+00:00,1094.489990234375,1094.77001953125,1094.2701416015625,1094.2701416015625,1476,COST,1m
2026-05-19 15:47:00+00:00,1094.8699951171875,1095.7498779296875,1094.6400146484375,1095.280029296875,3592,COST,1m
2026-05-19 15:48:00+00:00,1095.6300048828125,1096.157470703125,1095.4300537109375,1096.0,4447,COST,1m
2026-05-19 15:49:00+00:00,1095.780029296875,1095.8798828125,1095.699951171875,1095.8798828125,1644,COST,1m
2026-05-19 15:50:00+00:00,1095.219970703125,1095.5799560546875,1094.7000732421875,1095.2049560546875,3442,COST,1m
2026-05-19 15:51:00+00:00,1095.5,1096.239990234375,1095.18994140625,1096.239990234375,7384,COST,1m
2026-05-19 15:52:00+00:00,1096.177001953125,1096.5,1095.75,1096.010009765625,4943,COST,1m
2026-05-19 15:53:00+00:00,1096.0400390625,1096.0799560546875,1095.125,1095.125,1740,COST,1m
2026-05-19 15:54:00+00:00,1095.8199462890625,1095.8199462890625,1095.4991455078125,1095.4991455078125,1111,COST,1m
2026-05-19 15:55:00+00:00,1095.0400390625,1095.239990234375,1094.5001220703125,1095.239990234375,2255,COST,1m
2026-05-19 15:56:00+00:00,1095.1800537109375,1095.271240234375,1094.969970703125,1095.271240234375,2676,COST,1m
2026-05-19 15:57:00+00:00,1095.0899658203125,1095.0899658203125,1094.760009765625,1094.77001953125,2286,COST,1m
2026-05-19 15:58:00+00:00,1094.800048828125,1094.9100341796875,1094.675048828125,1094.675048828125,760,COST,1m
2026-05-19 15:59:00+00:00,1094.7900390625,1094.8499755859375,1094.0,1094.1099853515625,3471,COST,1m
2026-05-19 16:00:00+00:00,1093.7900390625,1094.1300048828125,1093.75,1094.0550537109375,3569,COST,1m
2026-05-19 16:01:00+00:00,1093.925048828125,1094.1800537109375,1093.1800537109375,1094.1800537109375,2612,COST,1m
2026-05-19 16:02:00+00:00,1094.1800537109375,1094.1800537109375,1093.4849853515625,1093.4849853515625,1186,COST,1m
2026-05-19 16:03:00+00:00,1093.324951171875,1094.0,1093.324951171875,1093.6600341796875,1835,COST,1m
2026-05-19 16:04:00+00:00,1094.1600341796875,1094.1600341796875,1094.1600341796875,1094.1600341796875,943,COST,1m
2026-05-19 16:05:00+00:00,1093.93994140625,1094.005859375,1093.4200439453125,1093.7149658203125,3179,COST,1m
2026-05-19 16:06:00+00:00,1093.4677734375,1094.239990234375,1093.4677734375,1094.239990234375,9585,COST,1m
2026-05-19 16:07:00+00:00,1093.68994140625,1094.2899169921875,1093.5,1093.5,2008,COST,1m
2026-05-19 16:08:00+00:00,1093.4949951171875,1093.625,1092.52001953125,1092.52001953125,3747,COST,1m
2026-05-19 16:09:00+00:00,1092.7049560546875,1093.0849609375,1092.5,1092.7099609375,3854,COST,1m
2026-05-19 16:10:00+00:00,1092.97998046875,1093.1099853515625,1092.5799560546875,1092.8199462890625,1702,COST,1m
2026-05-19 16:11:00+00:00,1092.3199462890625,1092.3199462890625,1092.0,1092.0350341796875,1923,COST,1m
2026-05-19 16:12:00+00:00,1092.52001953125,1093.5098876953125,1092.52001953125,1093.10498046875,2725,COST,1m
2026-05-19 16:13:00+00:00,1093.18994140625,1093.510009765625,1093.10498046875,1093.510009765625,924,COST,1m
2026-05-19 16:14:00+00:00,1093.81005859375,1094.5,1093.81005859375,1094.1500244140625,2611,COST,1m
2026-05-19 16:15:00+00:00,1094.074951171875,1094.074951171875,1093.635009765625,1093.989990234375,1714,COST,1m
2026-05-19 16:16:00+00:00,1093.5,1094.0,1093.5,1093.9949951171875,4509,COST,1m
2026-05-19 16:17:00+00:00,1093.9951171875,1094.0400390625,1093.77001953125,1094.0400390625,1134,COST,1m
2026-05-19 16:18:00+00:00,1094.3699951171875,1094.530029296875,1094.0999755859375,1094.4200439453125,2043,COST,1m
2026-05-19 16:19:00+00:00,1094.22998046875,1095.8050537109375,1094.1400146484375,1095.8050537109375,3895,COST,1m
2026-05-19 16:20:00+00:00,1095.8050537109375,1095.989990234375,1095.43994140625,1095.7149658203125,2674,COST,1m
2026-05-19 16:21:00+00:00,1095.449951171875,1095.449951171875,1094.610107421875,1095.155029296875,1850,COST,1m
2026-05-19 16:22:00+00:00,1095.22998046875,1095.5899658203125,1095.22998046875,1095.32470703125,1247,COST,1m
2026-05-19 16:23:00+00:00,1095.6912841796875,1095.6912841796875,1095.300048828125,1095.5150146484375,2509,COST,1m
2026-05-19 16:24:00+00:00,1095.93994140625,1095.93994140625,1095.1199951171875,1095.1199951171875,9383,COST,1m
2026-05-19 16:25:00+00:00,1095.4150390625,1095.4150390625,1094.3800048828125,1094.3800048828125,2713,COST,1m
2026-05-19 16:26:00+00:00,1094.4375,1094.4375,1093.75,1093.75,1334,COST,1m
2026-05-19 16:27:00+00:00,1093.89501953125,1094.635009765625,1093.89501953125,1094.4000244140625,1452,COST,1m
2026-05-19 16:28:00+00:00,1094.52001953125,1094.52001953125,1093.6700439453125,1094.1600341796875,1306,COST,1m
2026-05-19 16:29:00+00:00,1093.9749755859375,1093.9749755859375,1093.0,1093.0,3234,COST,1m
2026-05-19 16:30:00+00:00,1092.62548828125,1092.70703125,1092.62548828125,1092.70703125,244,COST,1m
2026-05-19 16:31:00+00:00,1092.93994140625,1093.300048828125,1092.260009765625,1092.4150390625,2564,COST,1m
2026-05-19 16:32:00+00:00,1092.52001953125,1092.9599609375,1092.219970703125,1092.8499755859375,2905,COST,1m
2026-05-19 16:33:00+00:00,1092.9100341796875,1093.1400146484375,1092.9100341796875,1093.1400146484375,2343,COST,1m
2026-05-19 16:34:00+00:00,1092.8699951171875,1093.0799560546875,1092.7650146484375,1093.0799560546875,1837,COST,1m
2026-05-19 16:35:00+00:00,1093.3699951171875,1093.3699951171875,1092.5,1092.5,1624,COST,1m
2026-05-19 16:36:00+00:00,1092.489990234375,1092.56005859375,1092.0,1092.56005859375,3902,COST,1m
2026-05-19 16:37:00+00:00,1092.56005859375,1092.9549560546875,1092.56005859375,1092.85498046875,2665,COST,1m
2026-05-19 16:38:00+00:00,1093.6700439453125,1093.6700439453125,1092.2716064453125,1092.2716064453125,1559,COST,1m
2026-05-19 16:39:00+00:00,1092.7750244140625,1092.7750244140625,1092.1800537109375,1092.699951171875,1058,COST,1m
2026-05-19 16:40:00+00:00,1093.0400390625,1093.1400146484375,1092.080078125,1092.080078125,1945,COST,1m
2026-05-19 16:41:00+00:00,1092.6949462890625,1093.925048828125,1092.1800537109375,1093.925048828125,4930,COST,1m
2026-05-19 16:42:00+00:00,1093.925048828125,1094.27001953125,1093.83935546875,1094.27001953125,2068,COST,1m
2026-05-19 16:43:00+00:00,1093.7099609375,1093.760009765625,1093.0699462890625,1093.4400634765625,1293,COST,1m
2026-05-19 16:44:00+00:00,1093.1600341796875,1094.0489501953125,1093.1600341796875,1093.655029296875,3713,COST,1m
2026-05-19 16:45:00+00:00,1093.385009765625,1093.8399658203125,1093.385009765625,1093.7249755859375,1001,COST,1m
2026-05-19 16:46:00+00:00,1093.6300048828125,1095.219970703125,1093.6300048828125,1095.219970703125,2617,COST,1m
2026-05-19 16:47:00+00:00,1095.4200439453125,1095.47509765625,1094.8125,1094.8125,2072,COST,1m
2026-05-19 16:48:00+00:00,1094.8699951171875,1095.699951171875,1094.8050537109375,1094.8050537109375,2565,COST,1m
2026-05-19 16:49:00+00:00,1094.9749755859375,1095.5230712890625,1094.9749755859375,1095.2950439453125,4137,COST,1m
2026-05-19 16:50:00+00:00,1094.6300048828125,1094.72998046875,1094.3800048828125,1094.3800048828125,825,COST,1m
2026-05-19 16:51:00+00:00,1094.7650146484375,1094.7650146484375,1093.8699951171875,1093.8699951171875,1541,COST,1m
2026-05-19 16:52:00+00:00,1093.7099609375,1094.3499755859375,1093.47998046875,1093.8109130859375,1762,COST,1m
2026-05-19 16:53:00+00:00,1093.989990234375,1094.0400390625,1093.89501953125,1093.89501953125,682,COST,1m
2026-05-19 16:54:00+00:00,1093.89501953125,1093.89501953125,1093.27001953125,1093.27001953125,1352,COST,1m
2026-05-19 16:55:00+00:00,1092.8050537109375,1092.905029296875,1092.68505859375,1092.905029296875,949,COST,1m
2026-05-19 16:56:00+00:00,1092.9000244140625,1093.31005859375,1092.56005859375,1093.31005859375,1134,COST,1m
2026-05-19 16:57:00+00:00,1092.97998046875,1093.5400390625,1092.97998046875,1093.31494140625,3896,COST,1m
2026-05-19 16:58:00+00:00,1093.31494140625,1093.31494140625,1093.010009765625,1093.14501953125,1283,COST,1m
2026-05-19 16:59:00+00:00,1093.2900390625,1093.5,1093.219970703125,1093.219970703125,1211,COST,1m
2026-05-19 17:00:00+00:00,1093.3499755859375,1093.3499755859375,1092.3699951171875,1092.3699951171875,7138,COST,1m
2026-05-19 17:01:00+00:00,1092.655029296875,1092.655029296875,1090.56494140625,1090.56494140625,2327,COST,1m
2026-05-19 17:02:00+00:00,1090.9000244140625,1090.9000244140625,1090.1600341796875,1090.5,1535,COST,1m
2026-05-19 17:03:00+00:00,1090.885009765625,1090.885009765625,1088.9100341796875,1089.8599853515625,8066,COST,1m
2026-05-19 17:04:00+00:00,1089.4200439453125,1090.3199462890625,1089.364990234375,1090.3199462890625,3154,COST,1m
2026-05-19 17:05:00+00:00,1090.3199462890625,1090.5699462890625,1089.6500244140625,1089.6500244140625,4595,COST,1m
2026-05-19 17:06:00+00:00,1089.969970703125,1090.0,1089.5849609375,1089.5849609375,855,COST,1m
2026-05-19 17:07:00+00:00,1090.0,1090.1300048828125,1089.300048828125,1089.97998046875,2938,COST,1m
2026-05-19 17:08:00+00:00,1089.7225341796875,1090.199951171875,1089.5899658203125,1090.0350341796875,4158,COST,1m
2026-05-19 17:09:00+00:00,1089.7099609375,1089.7099609375,1089.530029296875,1089.655029296875,3261,COST,1m
2026-05-19 17:10:00+00:00,1089.239990234375,1089.9300537109375,1088.2401123046875,1089.9300537109375,3482,COST,1m
2026-05-19 17:11:00+00:00,1089.699951171875,1089.800048828125,1089.375,1089.68994140625,2302,COST,1m
2026-05-19 17:12:00+00:00,1089.654052734375,1089.654052734375,1089.239990234375,1089.280029296875,2389,COST,1m
2026-05-19 17:13:00+00:00,1089.5799560546875,1090.005126953125,1089.56005859375,1089.5699462890625,4861,COST,1m
2026-05-19 17:14:00+00:00,1089.699951171875,1090.0699462890625,1089.699951171875,1089.8199462890625,2001,COST,1m
2026-05-19 17:15:00+00:00,1089.6300048828125,1089.6500244140625,1089.1600341796875,1089.6500244140625,2138,COST,1m
2026-05-19 17:16:00+00:00,1089.4150390625,1089.4150390625,1088.27001953125,1089.0050048828125,5018,COST,1m
2026-05-19 17:17:00+00:00,1089.0,1089.0,1088.2900390625,1088.5699462890625,4567,COST,1m
2026-05-19 17:18:00+00:00,1088.56494140625,1088.9000244140625,1088.3985595703125,1088.6199951171875,1608,COST,1m
2026-05-19 17:19:00+00:00,1088.6600341796875,1088.75,1088.050048828125,1088.050048828125,4857,COST,1m
2026-05-19 17:20:00+00:00,1088.3050537109375,1088.6199951171875,1087.1700439453125,1087.8599853515625,4359,COST,1m
2026-05-19 17:21:00+00:00,1087.8599853515625,1087.8599853515625,1087.2900390625,1087.4644775390625,2634,COST,1m
2026-05-19 17:22:00+00:00,1087.52001953125,1087.52001953125,1087.0,1087.215087890625,1716,COST,1m
2026-05-19 17:23:00+00:00,1086.8699951171875,1087.780029296875,1086.8699951171875,1087.344970703125,2265,COST,1m
2026-05-19 17:24:00+00:00,1087.1199951171875,1087.821044921875,1087.1199951171875,1087.821044921875,2591,COST,1m
2026-05-19 17:25:00+00:00,1087.9000244140625,1088.3299560546875,1087.9000244140625,1088.3299560546875,1086,COST,1m
2026-05-19 17:26:00+00:00,1088.64501953125,1089.3699951171875,1088.5799560546875,1088.8699951171875,2162,COST,1m
2026-05-19 17:27:00+00:00,1089.02001953125,1089.4000244140625,1088.6700439453125,1089.4000244140625,1088,COST,1m
2026-05-19 17:28:00+00:00,1089.1099853515625,1089.2099609375,1088.9000244140625,1088.9449462890625,1603,COST,1m
2026-05-19 17:29:00+00:00,1088.635009765625,1089.2249755859375,1088.614990234375,1089.2249755859375,2821,COST,1m
2026-05-19 17:30:00+00:00,1089.260009765625,1089.260009765625,1088.550048828125,1088.800048828125,3296,COST,1m
2026-05-19 17:31:00+00:00,1088.8631591796875,1089.06103515625,1088.77001953125,1088.77001953125,1171,COST,1m
2026-05-19 17:32:00+00:00,1088.780029296875,1089.6600341796875,1088.489990234375,1089.655029296875,3254,COST,1m
2026-05-19 17:33:00+00:00,1089.6600341796875,1089.9649658203125,1089.1800537109375,1089.2850341796875,3055,COST,1m
2026-05-19 17:34:00+00:00,1089.27001953125,1089.4754638671875,1088.6500244140625,1089.2550048828125,1706,COST,1m
2026-05-19 17:35:00+00:00,1089.2550048828125,1089.2550048828125,1088.4000244140625,1088.5899658203125,1731,COST,1m
2026-05-19 17:36:00+00:00,1088.3499755859375,1088.56005859375,1087.9534912109375,1088.260009765625,787,COST,1m
2026-05-19 17:37:00+00:00,1088.260009765625,1088.7099609375,1088.260009765625,1088.4849853515625,1970,COST,1m
2026-05-19 17:38:00+00:00,1088.4849853515625,1088.4849853515625,1087.4200439453125,1087.4200439453125,3019,COST,1m
2026-05-19 17:39:00+00:00,1087.4200439453125,1088.1700439453125,1087.4200439453125,1087.800048828125,2171,COST,1m
2026-05-19 17:40:00+00:00,1087.5,1088.1055908203125,1087.3199462890625,1087.7099609375,4229,COST,1m
2026-05-19 17:41:00+00:00,1087.530029296875,1087.6650390625,1087.530029296875,1087.5999755859375,1161,COST,1m
2026-05-19 17:42:00+00:00,1087.5999755859375,1087.97998046875,1087.2099609375,1087.2099609375,2176,COST,1m
2026-05-19 17:43:00+00:00,1087.489990234375,1087.489990234375,1087.489990234375,1087.489990234375,360,COST,1m
2026-05-19 17:44:00+00:00,1087.4095458984375,1087.5904541015625,1087.050048828125,1087.050048828125,2432,COST,1m
2026-05-19 17:45:00+00:00,1087.2049560546875,1088.00244140625,1087.2049560546875,1088.00244140625,4698,COST,1m
2026-05-19 17:46:00+00:00,1087.7205810546875,1088.469970703125,1087.7205810546875,1088.43994140625,696,COST,1m
2026-05-19 17:47:00+00:00,1088.43994140625,1088.64501953125,1088.1800537109375,1088.64501953125,1254,COST,1m
2026-05-19 17:48:00+00:00,1088.7099609375,1088.7099609375,1088.18994140625,1088.18994140625,414,COST,1m
2026-05-19 17:49:00+00:00,1089.260009765625,1089.260009765625,1088.7149658203125,1088.7149658203125,809,COST,1m
2026-05-19 17:50:00+00:00,1088.75,1088.75,1088.449951171875,1088.75,883,COST,1m
2026-05-19 17:51:00+00:00,1088.489990234375,1088.7049560546875,1088.449951171875,1088.7049560546875,1400,COST,1m
2026-05-19 17:52:00+00:00,1088.699951171875,1088.93994140625,1088.280029296875,1088.280029296875,3124,COST,1m
2026-05-19 17:53:00+00:00,1088.6600341796875,1088.6600341796875,1088.6600341796875,1088.6600341796875,421,COST,1m
2026-05-19 17:54:00+00:00,1088.990966796875,1090.56494140625,1088.990966796875,1090.1300048828125,6366,COST,1m
2026-05-19 17:55:00+00:00,1090.06005859375,1090.06005859375,1089.239990234375,1089.719970703125,1535,COST,1m
2026-05-19 17:56:00+00:00,1089.7249755859375,1089.7249755859375,1088.6700439453125,1088.6700439453125,1145,COST,1m
2026-05-19 17:57:00+00:00,1088.97998046875,1088.97998046875,1088.5550537109375,1088.5550537109375,711,COST,1m
2026-05-19 17:58:00+00:00,1088.1099853515625,1088.550048828125,1088.1099853515625,1088.1099853515625,1601,COST,1m
2026-05-19 17:59:00+00:00,1088.0,1088.0,1087.60498046875,1087.60498046875,1957,COST,1m
2026-05-19 18:00:00+00:00,1088.0699462890625,1088.0699462890625,1087.3699951171875,1087.6650390625,1706,COST,1m
2026-05-19 18:01:00+00:00,1087.449951171875,1087.449951171875,1086.989990234375,1087.1800537109375,4597,COST,1m
2026-05-19 18:02:00+00:00,1086.93994140625,1086.93994140625,1086.39501953125,1086.6099853515625,1829,COST,1m
2026-05-19 18:03:00+00:00,1086.3900146484375,1086.3900146484375,1085.760009765625,1085.8299560546875,3454,COST,1m
2026-05-19 18:04:00+00:00,1085.2601318359375,1087.1600341796875,1085.2601318359375,1087.1500244140625,2422,COST,1m
2026-05-19 18:05:00+00:00,1087.1500244140625,1087.31494140625,1086.4599609375,1086.875,3826,COST,1m
2026-05-19 18:06:00+00:00,1087.489990234375,1087.489990234375,1086.3800048828125,1086.7950439453125,1140,COST,1m
2026-05-19 18:07:00+00:00,1086.530029296875,1087.31005859375,1086.3409423828125,1086.8399658203125,2876,COST,1m
2026-05-19 18:08:00+00:00,1086.8399658203125,1087.3199462890625,1086.77001953125,1086.77001953125,7266,COST,1m
2026-05-19 18:09:00+00:00,1086.719970703125,1086.719970703125,1086.719970703125,1086.719970703125,292,COST,1m
2026-05-19 18:10:00+00:00,1086.6800537109375,1086.97998046875,1086.4449462890625,1086.5849609375,2361,COST,1m
2026-05-19 18:11:00+00:00,1086.5350341796875,1087.31005859375,1086.5350341796875,1087.31005859375,3475,COST,1m
2026-05-19 18:12:00+00:00,1087.31005859375,1087.68994140625,1087.1400146484375,1087.1400146484375,2870,COST,1m
2026-05-19 18:13:00+00:00,1087.0699462890625,1088.18994140625,1087.0699462890625,1088.1800537109375,3655,COST,1m
2026-05-19 18:14:00+00:00,1087.8599853515625,1088.6500244140625,1087.8599853515625,1088.6500244140625,1368,COST,1m
2026-05-19 18:15:00+00:00,1088.27001953125,1088.364990234375,1088.02001953125,1088.02001953125,1867,COST,1m
2026-05-19 18:16:00+00:00,1088.125,1088.3900146484375,1088.1199951171875,1088.1199951171875,1455,COST,1m
2026-05-19 18:17:00+00:00,1088.1199951171875,1088.3699951171875,1087.9000244140625,1088.06005859375,1229,COST,1m
2026-05-19 18:18:00+00:00,1088.22998046875,1088.550048828125,1088.06005859375,1088.300048828125,3780,COST,1m
2026-05-19 18:19:00+00:00,1088.3800048828125,1088.800048828125,1088.3800048828125,1088.800048828125,1244,COST,1m
2026-05-19 18:20:00+00:00,1088.489990234375,1088.719970703125,1087.8599853515625,1088.36669921875,4732,COST,1m
2026-05-19 18:21:00+00:00,1087.8699951171875,1088.449951171875,1087.8699951171875,1087.8900146484375,841,COST,1m
2026-05-19 18:22:00+00:00,1088.1700439453125,1088.9998779296875,1087.949951171875,1088.9998779296875,7822,COST,1m
2026-05-19 18:23:00+00:00,1088.18505859375,1088.18505859375,1087.8599853515625,1087.8599853515625,302,COST,1m
2026-05-19 18:24:00+00:00,1088.18994140625,1088.675048828125,1088.18994140625,1088.675048828125,1884,COST,1m
2026-05-19 18:25:00+00:00,1088.675048828125,1088.675048828125,1088.260009765625,1088.3199462890625,1516,COST,1m
2026-05-19 18:26:00+00:00,1088.3199462890625,1088.324951171875,1088.3199462890625,1088.324951171875,557,COST,1m
2026-05-19 18:27:00+00:00,1088.344970703125,1088.6700439453125,1087.949951171875,1088.6300048828125,3769,COST,1m
2026-05-19 18:28:00+00:00,1088.989990234375,1089.530029296875,1088.8299560546875,1088.8299560546875,3149,COST,1m
2026-05-19 18:29:00+00:00,1089.2366943359375,1089.2366943359375,1088.47998046875,1088.47998046875,676,COST,1m
2026-05-19 18:30:00+00:00,1088.125,1088.22998046875,1088.10498046875,1088.10498046875,1409,COST,1m
2026-05-19 18:31:00+00:00,1088.2900390625,1088.8299560546875,1088.1201171875,1088.800048828125,2381,COST,1m
2026-05-19 18:32:00+00:00,1088.199951171875,1088.8499755859375,1088.199951171875,1088.8499755859375,781,COST,1m
2026-05-19 18:33:00+00:00,1088.77001953125,1088.77001953125,1088.2099609375,1088.2099609375,3109,COST,1m
2026-05-19 18:34:00+00:00,1088.5999755859375,1088.6400146484375,1088.4300537109375,1088.4849853515625,1174,COST,1m
2026-05-19 18:35:00+00:00,1088.4849853515625,1088.8800048828125,1088.4849853515625,1088.8299560546875,1797,COST,1m
2026-05-19 18:36:00+00:00,1088.8399658203125,1088.97998046875,1088.47998046875,1088.47998046875,3386,COST,1m
2026-05-19 18:37:00+00:00,1088.6700439453125,1088.6800537109375,1088.469970703125,1088.469970703125,1187,COST,1m
2026-05-19 18:38:00+00:00,1088.31005859375,1088.5250244140625,1088.239990234375,1088.3050537109375,1519,COST,1m
2026-05-19 18:39:00+00:00,1088.2900390625,1088.9000244140625,1088.2900390625,1088.9000244140625,1485,COST,1m
2026-05-19 18:40:00+00:00,1089.27001953125,1089.3699951171875,1089.080078125,1089.2900390625,1456,COST,1m
2026-05-19 18:41:00+00:00,1089.5,1089.699951171875,1089.2900390625,1089.699951171875,1796,COST,1m
2026-05-19 18:42:00+00:00,1089.68994140625,1089.7349853515625,1089.6300048828125,1089.7349853515625,852,COST,1m
2026-05-19 18:43:00+00:00,1089.7550048828125,1090.1600341796875,1089.4200439453125,1090.1600341796875,4442,COST,1m
2026-05-19 18:44:00+00:00,1090.219970703125,1090.4000244140625,1089.510009765625,1089.510009765625,4228,COST,1m
2026-05-19 18:45:00+00:00,1089.844970703125,1090.2900390625,1089.4599609375,1089.4599609375,1452,COST,1m
2026-05-19 18:46:00+00:00,1089.9000244140625,1089.9000244140625,1089.2750244140625,1089.4200439453125,1897,COST,1m
2026-05-19 18:47:00+00:00,1089.3599853515625,1089.3599853515625,1089.1949462890625,1089.199951171875,1555,COST,1m
2026-05-19 18:48:00+00:00,1089.469970703125,1089.6300048828125,1089.18994140625,1089.625,2453,COST,1m
2026-05-19 18:49:00+00:00,1089.3499755859375,1089.739990234375,1089.340087890625,1089.550048828125,2596,COST,1m
2026-05-19 18:50:00+00:00,1089.7149658203125,1089.949951171875,1089.530029296875,1089.7349853515625,1533,COST,1m
2026-05-19 18:51:00+00:00,1089.7349853515625,1089.969970703125,1089.5150146484375,1089.6099853515625,1312,COST,1m
2026-05-19 18:52:00+00:00,1089.7249755859375,1089.7249755859375,1089.06005859375,1089.3299560546875,3491,COST,1m
2026-05-19 18:53:00+00:00,1089.3900146484375,1090.1700439453125,1089.3900146484375,1090.0250244140625,3618,COST,1m
2026-05-19 18:54:00+00:00,1090.0250244140625,1090.0250244140625,1089.6700439453125,1089.81494140625,4124,COST,1m
2026-05-19 18:55:00+00:00,1089.97998046875,1090.989990234375,1089.9749755859375,1090.81005859375,4742,COST,1m
2026-05-19 18:56:00+00:00,1090.68994140625,1091.449951171875,1090.68994140625,1091.1800537109375,3412,COST,1m
2026-05-19 18:57:00+00:00,1091.280029296875,1091.77001953125,1091.2149658203125,1091.5999755859375,2213,COST,1m
2026-05-19 18:58:00+00:00,1091.4000244140625,1091.719970703125,1090.9449462890625,1090.9449462890625,3678,COST,1m
2026-05-19 18:59:00+00:00,1090.9200439453125,1090.9200439453125,1089.9599609375,1089.9599609375,3987,COST,1m
2026-05-19 19:00:00+00:00,1090.0999755859375,1090.5400390625,1090.0999755859375,1090.5400390625,1912,COST,1m
2026-05-19 19:01:00+00:00,1090.449951171875,1090.5699462890625,1090.06005859375,1090.5699462890625,2537,COST,1m
2026-05-19 19:02:00+00:00,1090.530029296875,1090.760009765625,1090.300048828125,1090.72998046875,1647,COST,1m
2026-05-19 19:03:00+00:00,1090.760009765625,1091.1300048828125,1090.510009765625,1090.719970703125,3778,COST,1m
2026-05-19 19:04:00+00:00,1090.635009765625,1090.97998046875,1090.6300048828125,1090.7099609375,2478,COST,1m
2026-05-19 19:05:00+00:00,1090.43994140625,1090.9000244140625,1090.43994140625,1090.780029296875,1194,COST,1m
2026-05-19 19:06:00+00:00,1090.7999267578125,1092.405029296875,1090.6500244140625,1092.405029296875,4056,COST,1m
2026-05-19 19:07:00+00:00,1092.5,1093.219970703125,1092.4100341796875,1093.1700439453125,2594,COST,1m
2026-05-19 19:08:00+00:00,1093.06005859375,1093.510009765625,1092.9100341796875,1093.219970703125,3407,COST,1m
2026-05-19 19:09:00+00:00,1093.5400390625,1093.5699462890625,1092.7900390625,1093.18505859375,2174,COST,1m
2026-05-19 19:10:00+00:00,1092.800048828125,1092.800048828125,1092.3800048828125,1092.3800048828125,2284,COST,1m
2026-05-19 19:11:00+00:00,1092.5899658203125,1092.5899658203125,1090.72998046875,1091.3399658203125,12038,COST,1m
2026-05-19 19:12:00+00:00,1091.3399658203125,1091.3900146484375,1091.1800537109375,1091.3349609375,2228,COST,1m
2026-05-19 19:13:00+00:00,1091.68994140625,1091.68994140625,1090.510009765625,1090.510009765625,2947,COST,1m
2026-05-19 19:14:00+00:00,1090.6300048828125,1091.47998046875,1089.0,1089.0699462890625,10802,COST,1m
2026-05-19 19:15:00+00:00,1089.550048828125,1091.10498046875,1089.0799560546875,1091.10498046875,3909,COST,1m
2026-05-19 19:16:00+00:00,1090.8199462890625,1091.5,1090.8199462890625,1091.5,8874,COST,1m
2026-05-19 19:17:00+00:00,1091.5,1091.7750244140625,1091.0150146484375,1091.385009765625,4949,COST,1m
2026-05-19 19:18:00+00:00,1091.81005859375,1092.0550537109375,1091.719970703125,1091.719970703125,3926,COST,1m
2026-05-19 19:19:00+00:00,1091.7099609375,1092.239990234375,1091.2801513671875,1091.6300048828125,2887,COST,1m
2026-05-19 19:20:00+00:00,1091.6300048828125,1091.6600341796875,1091.260009765625,1091.56494140625,3327,COST,1m
2026-05-19 19:21:00+00:00,1091.1300048828125,1091.280029296875,1090.719970703125,1091.02001953125,4745,COST,1m
2026-05-19 19:22:00+00:00,1091.094970703125,1091.2900390625,1090.719970703125,1090.719970703125,4062,COST,1m
2026-05-19 19:23:00+00:00,1090.6099853515625,1091.8199462890625,1090.51904296875,1091.449951171875,6501,COST,1m
2026-05-19 19:24:00+00:00,1091.0699462890625,1091.5150146484375,1090.739990234375,1091.5150146484375,4720,COST,1m
2026-05-19 19:25:00+00:00,1091.510009765625,1091.6700439453125,1091.510009765625,1091.530029296875,1891,COST,1m
2026-05-19 19:26:00+00:00,1091.5699462890625,1091.68994140625,1091.219970703125,1091.6700439453125,6748,COST,1m
2026-05-19 19:27:00+00:00,1091.4649658203125,1091.530029296875,1091.2149658203125,1091.3599853515625,1500,COST,1m
2026-05-19 19:28:00+00:00,1091.375,1091.919921875,1091.375,1091.675048828125,5402,COST,1m
2026-05-19 19:29:00+00:00,1091.6800537109375,1092.5699462890625,1091.675048828125,1092.1485595703125,3323,COST,1m
2026-05-19 19:30:00+00:00,1092.4599609375,1093.3900146484375,1092.1500244140625,1093.3900146484375,3720,COST,1m
2026-05-19 19:31:00+00:00,1092.8499755859375,1093.0799560546875,1092.699951171875,1092.9100341796875,3092,COST,1m
2026-05-19 19:32:00+00:00,1092.8699951171875,1092.885009765625,1092.219970703125,1092.489990234375,2938,COST,1m
2026-05-19 19:33:00+00:00,1092.489990234375,1092.68798828125,1092.1300048828125,1092.6500244140625,6285,COST,1m
2026-05-19 19:34:00+00:00,1092.6300048828125,1092.8050537109375,1092.2349853515625,1092.2349853515625,3464,COST,1m
2026-05-19 19:35:00+00:00,1092.530029296875,1093.030029296875,1092.47998046875,1093.030029296875,2838,COST,1m
2026-05-19 19:36:00+00:00,1093.030029296875,1093.7900390625,1093.030029296875,1093.1400146484375,4755,COST,1m
2026-05-19 19:37:00+00:00,1093.1700439453125,1093.8089599609375,1093.1700439453125,1093.31494140625,5560,COST,1m
2026-05-19 19:38:00+00:00,1093.31494140625,1093.659912109375,1092.3299560546875,1092.3900146484375,5666,COST,1m
2026-05-19 19:39:00+00:00,1092.0799560546875,1092.7099609375,1092.0,1092.52001953125,5189,COST,1m
2026-05-19 19:40:00+00:00,1092.56005859375,1093.2574462890625,1092.5201416015625,1092.72998046875,3787,COST,1m
2026-05-19 19:41:00+00:00,1092.9100341796875,1093.199951171875,1092.39501953125,1092.5400390625,105220,COST,1m
2026-05-19 19:42:00+00:00,1092.6199951171875,1092.6199951171875,1091.9599609375,1092.1500244140625,3560,COST,1m
2026-05-19 19:43:00+00:00,1092.300048828125,1092.300048828125,1091.6600341796875,1091.780029296875,5377,COST,1m
2026-05-19 19:44:00+00:00,1091.47998046875,1092.8199462890625,1091.47998046875,1092.719970703125,6549,COST,1m
2026-05-19 19:45:00+00:00,1092.6400146484375,1092.6400146484375,1092.02001953125,1092.5350341796875,8085,COST,1m
2026-05-19 19:46:00+00:00,1092.3900146484375,1092.3900146484375,1091.489990234375,1091.5899658203125,7256,COST,1m
2026-05-19 19:47:00+00:00,1091.7900390625,1091.8499755859375,1090.75,1091.8499755859375,8380,COST,1m
2026-05-19 19:48:00+00:00,1091.8499755859375,1092.5450439453125,1091.79248046875,1092.3599853515625,8476,COST,1m
2026-05-19 19:49:00+00:00,1092.5450439453125,1093.43994140625,1092.3599853515625,1093.2449951171875,7685,COST,1m
2026-05-19 19:50:00+00:00,1093.4200439453125,1093.639892578125,1092.530029296875,1092.81005859375,20846,COST,1m
2026-05-19 19:51:00+00:00,1092.949951171875,1092.949951171875,1091.760009765625,1091.7900390625,19022,COST,1m
2026-05-19 19:52:00+00:00,1091.97998046875,1091.97998046875,1090.8199462890625,1091.574951171875,8872,COST,1m
2026-05-19 19:53:00+00:00,1091.8900146484375,1092.6700439453125,1091.760009765625,1092.56005859375,140453,COST,1m
2026-05-19 19:54:00+00:00,1092.550048828125,1094.4649658203125,1092.3701171875,1094.4649658203125,14115,COST,1m
2026-05-19 19:55:00+00:00,1093.9300537109375,1095.489990234375,1093.0799560546875,1094.97998046875,28085,COST,1m
2026-05-19 19:56:00+00:00,1094.949951171875,1094.969970703125,1094.0799560546875,1094.0799560546875,19345,COST,1m
2026-05-19 19:57:00+00:00,1094.219970703125,1094.2900390625,1093.8199462890625,1093.8299560546875,21722,COST,1m
2026-05-19 19:58:00+00:00,1093.81494140625,1094.5,1093.75,1094.5,39777,COST,1m
2026-05-19 19:59:00+00:00,1094.4300537109375,1095.5899658203125,1094.3199462890625,1094.9000244140625,85307,COST,1m
2026-05-20 13:30:00+00:00,1089.22998046875,1089.739990234375,1084.72998046875,1087.0550537109375,44495,COST,1m
2026-05-20 13:31:00+00:00,1087.0550537109375,1087.68994140625,1085.0001220703125,1087.68994140625,3240,COST,1m
2026-05-20 13:32:00+00:00,1086.1600341796875,1088.0,1083.1099853515625,1085.375,9542,COST,1m
2026-05-20 13:33:00+00:00,1087.0999755859375,1088.43505859375,1087.0999755859375,1088.43505859375,1268,COST,1m
2026-05-20 13:34:00+00:00,1087.219970703125,1088.8909912109375,1087.219970703125,1088.1966552734375,873,COST,1m
2026-05-20 13:35:00+00:00,1088.77001953125,1089.6700439453125,1087.93994140625,1088.4949951171875,4845,COST,1m
2026-05-20 13:36:00+00:00,1088.1199951171875,1089.4532470703125,1086.010009765625,1087.0,2402,COST,1m
2026-05-20 13:37:00+00:00,1087.3399658203125,1088.7900390625,1084.0,1084.9649658203125,2509,COST,1m
2026-05-20 13:38:00+00:00,1084.8399658203125,1085.1524658203125,1083.10009765625,1083.6800537109375,5355,COST,1m
2026-05-20 13:39:00+00:00,1083.0,1083.0799560546875,1080.56005859375,1080.6099853515625,7888,COST,1m
2026-05-20 13:40:00+00:00,1080.56005859375,1080.56005859375,1078.02001953125,1078.699951171875,14343,COST,1m
2026-05-20 13:41:00+00:00,1078.6778564453125,1081.010009765625,1078.47998046875,1080.6650390625,4672,COST,1m
2026-05-20 13:42:00+00:00,1080.5,1080.760009765625,1078.5101318359375,1079.9200439453125,1596,COST,1m
2026-05-20 13:43:00+00:00,1079.60498046875,1079.675048828125,1078.905029296875,1078.905029296875,1345,COST,1m
2026-05-20 13:44:00+00:00,1078.905029296875,1080.0350341796875,1078.905029296875,1080.0350341796875,2955,COST,1m
2026-05-20 13:45:00+00:00,1080.155029296875,1083.52001953125,1079.720458984375,1083.52001953125,4709,COST,1m
2026-05-20 13:46:00+00:00,1082.4300537109375,1082.4300537109375,1080.8800048828125,1081.8082275390625,3728,COST,1m
2026-05-20 13:47:00+00:00,1081.9300537109375,1082.510009765625,1081.3349609375,1081.405029296875,3056,COST,1m
2026-05-20 13:48:00+00:00,1080.2099609375,1080.2099609375,1077.400146484375,1079.0970458984375,11845,COST,1m
2026-05-20 13:49:00+00:00,1078.6500244140625,1080.5550537109375,1077.7352294921875,1079.719970703125,2064,COST,1m
2026-05-20 13:50:00+00:00,1080.405029296875,1081.530029296875,1080.302490234375,1081.530029296875,3682,COST,1m
2026-05-20 13:51:00+00:00,1081.614990234375,1082.392822265625,1080.6199951171875,1080.9150390625,3217,COST,1m
2026-05-20 13:52:00+00:00,1081.780029296875,1081.85498046875,1080.66455078125,1080.66455078125,1049,COST,1m
2026-05-20 13:53:00+00:00,1080.75,1081.155029296875,1080.1500244140625,1080.8299560546875,1264,COST,1m
2026-05-20 13:54:00+00:00,1080.550048828125,1082.0799560546875,1080.550048828125,1081.7099609375,3474,COST,1m
2026-05-20 13:55:00+00:00,1082.6099853515625,1083.43994140625,1082.0849609375,1082.719970703125,2449,COST,1m
2026-05-20 13:56:00+00:00,1083.81005859375,1084.8199462890625,1083.1600341796875,1083.6400146484375,2032,COST,1m
2026-05-20 13:57:00+00:00,1083.699951171875,1083.699951171875,1080.449951171875,1080.550048828125,2459,COST,1m
2026-05-20 13:58:00+00:00,1080.7950439453125,1081.8199462890625,1080.030029296875,1081.8199462890625,2367,COST,1m
2026-05-20 13:59:00+00:00,1080.2900390625,1080.2900390625,1078.72998046875,1078.72998046875,2027,COST,1m
2026-05-20 14:00:00+00:00,1078.0799560546875,1078.1600341796875,1077.050048828125,1077.1300048828125,6469,COST,1m
2026-05-20 14:01:00+00:00,1077.050048828125,1077.3299560546875,1075.630126953125,1076.8199462890625,11802,COST,1m
2026-05-20 14:02:00+00:00,1077.599853515625,1077.599853515625,1076.0,1076.8599853515625,4999,COST,1m
2026-05-20 14:03:00+00:00,1076.7850341796875,1076.7850341796875,1075.9300537109375,1076.7198486328125,5592,COST,1m
2026-05-20 14:04:00+00:00,1075.9200439453125,1076.4200439453125,1075.489990234375,1076.2099609375,4249,COST,1m
2026-05-20 14:05:00+00:00,1076.2099609375,1076.9241943359375,1076.2099609375,1076.43994140625,1501,COST,1m
2026-05-20 14:06:00+00:00,1076.3299560546875,1077.72998046875,1076.3299560546875,1076.5799560546875,6391,COST,1m
2026-05-20 14:07:00+00:00,1075.3499755859375,1077.0699462890625,1075.3499755859375,1075.8299560546875,2385,COST,1m
2026-05-20 14:08:00+00:00,1075.93505859375,1075.93505859375,1074.22998046875,1074.5550537109375,4528,COST,1m
2026-05-20 14:09:00+00:00,1074.7650146484375,1075.18994140625,1074.4000244140625,1075.06494140625,4248,COST,1m
2026-05-20 14:10:00+00:00,1075.530029296875,1075.5433349609375,1074.81005859375,1075.5433349609375,2086,COST,1m
2026-05-20 14:11:00+00:00,1075.2850341796875,1075.780029296875,1074.5999755859375,1075.3900146484375,3859,COST,1m
2026-05-20 14:12:00+00:00,1075.9599609375,1078.4649658203125,1075.9599609375,1078.3900146484375,3055,COST,1m
2026-05-20 14:13:00+00:00,1078.4200439453125,1078.4200439453125,1076.6099853515625,1076.6099853515625,2754,COST,1m
2026-05-20 14:14:00+00:00,1077.599365234375,1077.599365234375,1073.9000244140625,1074.6199951171875,19777,COST,1m
2026-05-20 14:15:00+00:00,1075.010009765625,1075.22998046875,1073.694091796875,1074.6099853515625,14303,COST,1m
2026-05-20 14:16:00+00:00,1074.0799560546875,1075.0899658203125,1073.687255859375,1075.0899658203125,4451,COST,1m
2026-05-20 14:17:00+00:00,1075.1650390625,1076.510009765625,1074.489990234375,1074.510009765625,5271,COST,1m
2026-05-20 14:18:00+00:00,1074.6097412109375,1076.85986328125,1074.3900146484375,1075.010009765625,3854,COST,1m
2026-05-20 14:19:00+00:00,1075.9951171875,1076.1099853515625,1075.2200927734375,1075.7900390625,3519,COST,1m
2026-05-20 14:20:00+00:00,1075.489990234375,1076.10986328125,1075.0,1075.8299560546875,4125,COST,1m
2026-05-20 14:21:00+00:00,1075.8299560546875,1077.5,1075.8299560546875,1076.8599853515625,5195,COST,1m
2026-05-20 14:22:00+00:00,1077.5699462890625,1078.0174560546875,1077.5699462890625,1078.0174560546875,2403,COST,1m
2026-05-20 14:23:00+00:00,1077.594970703125,1078.8199462890625,1077.0,1078.300048828125,6481,COST,1m
2026-05-20 14:24:00+00:00,1078.780029296875,1080.0,1078.780029296875,1079.68505859375,6416,COST,1m
2026-05-20 14:25:00+00:00,1079.800048828125,1080.5704345703125,1079.68994140625,1079.68994140625,2741,COST,1m
2026-05-20 14:26:00+00:00,1079.719970703125,1080.1199951171875,1079.010009765625,1079.010009765625,2411,COST,1m
2026-05-20 14:27:00+00:00,1079.5050048828125,1080.0,1079.5050048828125,1079.989990234375,1222,COST,1m
2026-05-20 14:28:00+00:00,1079.9849853515625,1080.7349853515625,1079.9849853515625,1080.574951171875,2631,COST,1m
2026-05-20 14:29:00+00:00,1080.77880859375,1081.1300048828125,1080.550048828125,1081.1300048828125,1830,COST,1m
2026-05-20 14:30:00+00:00,1080.6650390625,1082.800048828125,1080.6650390625,1082.800048828125,5284,COST,1m
2026-05-20 14:31:00+00:00,1083.0,1083.449951171875,1082.5699462890625,1082.800048828125,3552,COST,1m
2026-05-20 14:32:00+00:00,1082.8699951171875,1083.8499755859375,1081.7200927734375,1082.64501953125,15351,COST,1m
2026-05-20 14:33:00+00:00,1082.7900390625,1083.5,1082.43994140625,1082.43994140625,3992,COST,1m
2026-05-20 14:34:00+00:00,1082.18994140625,1082.6199951171875,1082.1800537109375,1082.425048828125,3097,COST,1m
2026-05-20 14:35:00+00:00,1082.97998046875,1083.885009765625,1082.6300048828125,1083.81005859375,2573,COST,1m
2026-05-20 14:36:00+00:00,1083.18994140625,1083.6600341796875,1083.0,1083.300048828125,2320,COST,1m
2026-05-20 14:37:00+00:00,1082.7900390625,1083.5,1082.2099609375,1083.5,3766,COST,1m
2026-05-20 14:38:00+00:00,1082.4300537109375,1083.7900390625,1082.4300537109375,1083.5999755859375,1553,COST,1m
2026-05-20 14:39:00+00:00,1083.2099609375,1084.39794921875,1083.2099609375,1083.510009765625,2177,COST,1m
2026-05-20 14:40:00+00:00,1084.7215576171875,1084.7215576171875,1083.27001953125,1083.68994140625,2495,COST,1m
2026-05-20 14:41:00+00:00,1083.68994140625,1083.68994140625,1082.5301513671875,1082.6300048828125,2372,COST,1m
2026-05-20 14:42:00+00:00,1082.31005859375,1083.2799072265625,1082.31005859375,1082.81005859375,3645,COST,1m
2026-05-20 14:43:00+00:00,1082.81005859375,1083.27001953125,1082.6400146484375,1082.9200439453125,6811,COST,1m
2026-05-20 14:44:00+00:00,1083.050048828125,1083.550048828125,1082.4100341796875,1082.800048828125,2513,COST,1m
2026-05-20 14:45:00+00:00,1082.800048828125,1083.8199462890625,1082.630126953125,1083.31005859375,3824,COST,1m
2026-05-20 14:46:00+00:00,1082.6400146484375,1083.3399658203125,1082.43994140625,1083.135009765625,2753,COST,1m
2026-05-20 14:47:00+00:00,1083.3499755859375,1084.300048828125,1083.1500244140625,1084.2900390625,2143,COST,1m
2026-05-20 14:48:00+00:00,1084.280029296875,1084.280029296875,1083.780029296875,1083.81005859375,1846,COST,1m
2026-05-20 14:49:00+00:00,1084.010009765625,1084.010009765625,1083.5899658203125,1083.9100341796875,1686,COST,1m
2026-05-20 14:50:00+00:00,1083.93994140625,1084.489990234375,1083.6300048828125,1083.9849853515625,2833,COST,1m
2026-05-20 14:51:00+00:00,1084.5,1084.5,1082.3299560546875,1083.530029296875,6726,COST,1m
2026-05-20 14:52:00+00:00,1083.4000244140625,1083.7750244140625,1083.4000244140625,1083.7750244140625,1607,COST,1m
2026-05-20 14:53:00+00:00,1083.56396484375,1084.27001953125,1083.1099853515625,1084.010009765625,1480,COST,1m
2026-05-20 14:54:00+00:00,1084.4200439453125,1084.4200439453125,1083.530029296875,1083.7950439453125,1003,COST,1m
2026-05-20 14:55:00+00:00,1083.3599853515625,1083.81005859375,1083.3399658203125,1083.3399658203125,2409,COST,1m
2026-05-20 14:56:00+00:00,1083.1800537109375,1083.5098876953125,1082.239990234375,1082.6700439453125,3627,COST,1m
2026-05-20 14:57:00+00:00,1082.344970703125,1082.344970703125,1081.7900390625,1082.050048828125,2108,COST,1m
2026-05-20 14:58:00+00:00,1082.25,1084.22998046875,1082.25,1083.125,3947,COST,1m
2026-05-20 14:59:00+00:00,1082.4100341796875,1083.260009765625,1082.0400390625,1083.260009765625,4503,COST,1m
2026-05-20 15:00:00+00:00,1083.3050537109375,1084.0,1083.3050537109375,1083.3299560546875,1620,COST,1m
2026-05-20 15:01:00+00:00,1083.260009765625,1084.0,1083.1099853515625,1083.56494140625,1275,COST,1m
2026-05-20 15:02:00+00:00,1083.56494140625,1084.0699462890625,1083.31005859375,1083.31005859375,2363,COST,1m
2026-05-20 15:03:00+00:00,1083.7025146484375,1084.47998046875,1083.5999755859375,1084.47998046875,4345,COST,1m
2026-05-20 15:04:00+00:00,1084.8299560546875,1084.8299560546875,1083.9200439453125,1084.18505859375,1256,COST,1m
2026-05-20 15:05:00+00:00,1083.8701171875,1083.9749755859375,1083.31005859375,1083.31005859375,1946,COST,1m
2026-05-20 15:06:00+00:00,1083.2449951171875,1083.2449951171875,1082.7900390625,1083.0799560546875,1574,COST,1m
2026-05-20 15:07:00+00:00,1083.2950439453125,1083.7900390625,1083.27001953125,1083.7900390625,2101,COST,1m
2026-05-20 15:08:00+00:00,1083.800048828125,1084.1650390625,1083.469970703125,1084.0400390625,2180,COST,1m
2026-05-20 15:09:00+00:00,1084.010009765625,1084.199951171875,1083.864990234375,1084.199951171875,2242,COST,1m
2026-05-20 15:10:00+00:00,1084.0350341796875,1084.7099609375,1083.949951171875,1084.3900146484375,1335,COST,1m
2026-05-20 15:11:00+00:00,1083.81005859375,1084.6800537109375,1083.81005859375,1084.199951171875,2302,COST,1m
2026-05-20 15:12:00+00:00,1084.677490234375,1085.25,1084.47998046875,1085.25,7267,COST,1m
2026-05-20 15:13:00+00:00,1085.594970703125,1086.3900146484375,1085.594970703125,1086.0999755859375,1481,COST,1m
2026-05-20 15:14:00+00:00,1085.905029296875,1086.3199462890625,1085.6700439453125,1085.6700439453125,835,COST,1m
2026-05-20 15:15:00+00:00,1086.3299560546875,1086.43994140625,1084.385009765625,1084.68505859375,4319,COST,1m
2026-05-20 15:16:00+00:00,1084.68505859375,1084.68505859375,1084.02001953125,1084.1300048828125,2002,COST,1m
2026-05-20 15:17:00+00:00,1083.97998046875,1084.9100341796875,1083.97998046875,1084.8199462890625,3560,COST,1m
2026-05-20 15:18:00+00:00,1084.719970703125,1085.135009765625,1084.0999755859375,1084.469970703125,3833,COST,1m
2026-05-20 15:19:00+00:00,1084.1300048828125,1084.2249755859375,1083.0,1083.8349609375,3701,COST,1m
2026-05-20 15:20:00+00:00,1082.64013671875,1083.56494140625,1082.64013671875,1083.39501953125,1674,COST,1m
2026-05-20 15:21:00+00:00,1083.8900146484375,1083.8900146484375,1082.9200439453125,1083.300048828125,3521,COST,1m
2026-05-20 15:22:00+00:00,1083.43994140625,1084.56005859375,1083.1400146484375,1084.27001953125,3516,COST,1m
2026-05-20 15:23:00+00:00,1084.72998046875,1085.050048828125,1084.489990234375,1084.614990234375,5030,COST,1m
2026-05-20 15:24:00+00:00,1084.614990234375,1085.27001953125,1084.614990234375,1084.8900146484375,2210,COST,1m
2026-05-20 15:25:00+00:00,1084.8900146484375,1085.31005859375,1084.2900390625,1085.31005859375,3563,COST,1m
2026-05-20 15:26:00+00:00,1085.469970703125,1085.4749755859375,1084.800048828125,1085.4749755859375,685,COST,1m
2026-05-20 15:27:00+00:00,1085.39501953125,1085.8599853515625,1085.254638671875,1085.699951171875,1532,COST,1m
2026-05-20 15:28:00+00:00,1085.530029296875,1085.699951171875,1084.8399658203125,1084.8399658203125,1777,COST,1m
2026-05-20 15:29:00+00:00,1084.8599853515625,1085.072509765625,1084.56494140625,1085.0,2595,COST,1m
2026-05-20 15:30:00+00:00,1084.8599853515625,1085.47998046875,1084.8599853515625,1085.25,2220,COST,1m
2026-05-20 15:31:00+00:00,1084.5,1084.780029296875,1083.5899658203125,1084.780029296875,3300,COST,1m
2026-05-20 15:32:00+00:00,1085.22998046875,1085.5489501953125,1084.68994140625,1085.375,2370,COST,1m
2026-05-20 15:33:00+00:00,1085.3699951171875,1085.8199462890625,1085.0699462890625,1085.14501953125,2720,COST,1m
2026-05-20 15:34:00+00:00,1085.6500244140625,1085.7750244140625,1085.4449462890625,1085.7750244140625,1183,COST,1m
2026-05-20 15:35:00+00:00,1085.4300537109375,1085.844970703125,1085.22998046875,1085.68505859375,3569,COST,1m
2026-05-20 15:36:00+00:00,1085.300048828125,1086.199951171875,1085.22998046875,1086.0699462890625,3685,COST,1m
2026-05-20 15:37:00+00:00,1086.1700439453125,1086.280029296875,1085.739990234375,1086.02001953125,2453,COST,1m
2026-05-20 15:38:00+00:00,1086.1199951171875,1086.1199951171875,1085.760009765625,1085.9150390625,1921,COST,1m
2026-05-20 15:39:00+00:00,1086.2242431640625,1086.5,1086.0849609375,1086.4300537109375,3400,COST,1m
2026-05-20 15:40:00+00:00,1086.375,1086.8199462890625,1086.375,1086.7099609375,3855,COST,1m
2026-05-20 15:41:00+00:00,1086.8699951171875,1087.6800537109375,1086.5450439453125,1087.6800537109375,1960,COST,1m
2026-05-20 15:42:00+00:00,1087.800048828125,1087.800048828125,1086.81005859375,1087.175048828125,2579,COST,1m
2026-05-20 15:43:00+00:00,1087.2149658203125,1087.4599609375,1086.89501953125,1087.31005859375,945,COST,1m
2026-05-20 15:44:00+00:00,1087.5999755859375,1088.0,1087.5999755859375,1087.7750244140625,1729,COST,1m
2026-05-20 15:45:00+00:00,1087.7850341796875,1088.06005859375,1087.6600341796875,1087.7850341796875,4604,COST,1m
2026-05-20 15:46:00+00:00,1087.7900390625,1088.1300048828125,1087.780029296875,1088.0400390625,3530,COST,1m
2026-05-20 15:47:00+00:00,1087.81005859375,1088.14501953125,1087.81005859375,1088.14501953125,1262,COST,1m
2026-05-20 15:48:00+00:00,1087.9931640625,1088.22998046875,1087.9931640625,1088.0150146484375,2030,COST,1m
2026-05-20 15:49:00+00:00,1088.1800537109375,1088.489990234375,1087.820068359375,1088.4000244140625,4066,COST,1m
2026-05-20 15:50:00+00:00,1088.02001953125,1088.4000244140625,1087.81005859375,1087.81005859375,1994,COST,1m
2026-05-20 15:51:00+00:00,1088.0450439453125,1088.33447265625,1088.0450439453125,1088.050048828125,625,COST,1m
2026-05-20 15:52:00+00:00,1088.010009765625,1088.81005859375,1088.010009765625,1088.38671875,2236,COST,1m
2026-05-20 15:53:00+00:00,1088.969970703125,1089.7099609375,1088.27001953125,1089.7099609375,2540,COST,1m
2026-05-20 15:54:00+00:00,1089.22998046875,1089.482177734375,1088.47998046875,1088.60498046875,4924,COST,1m
2026-05-20 15:55:00+00:00,1087.574951171875,1087.574951171875,1086.06494140625,1086.3599853515625,7989,COST,1m
2026-05-20 15:56:00+00:00,1086.8072509765625,1086.8072509765625,1085.68994140625,1085.68994140625,1775,COST,1m
2026-05-20 15:57:00+00:00,1085.9200439453125,1086.68994140625,1085.4300537109375,1085.8699951171875,2592,COST,1m
2026-05-20 15:58:00+00:00,1085.5849609375,1085.5849609375,1085.5550537109375,1085.5550537109375,1349,COST,1m
2026-05-20 15:59:00+00:00,1085.22998046875,1085.449951171875,1084.9000244140625,1085.300048828125,1548,COST,1m
2026-05-20 16:00:00+00:00,1085.125,1085.7049560546875,1085.0699462890625,1085.7049560546875,3519,COST,1m
2026-05-20 16:01:00+00:00,1085.905029296875,1085.905029296875,1084.0,1084.219970703125,3340,COST,1m
2026-05-20 16:02:00+00:00,1083.9600830078125,1084.6400146484375,1083.8599853515625,1084.6400146484375,1162,COST,1m
2026-05-20 16:03:00+00:00,1084.0999755859375,1084.6400146484375,1083.81005859375,1084.6400146484375,5124,COST,1m
2026-05-20 16:04:00+00:00,1084.1800537109375,1084.5999755859375,1083.8399658203125,1084.280029296875,4699,COST,1m
2026-05-20 16:05:00+00:00,1084.2650146484375,1084.8299560546875,1083.780029296875,1083.7850341796875,3384,COST,1m
2026-05-20 16:06:00+00:00,1083.77001953125,1084.02001953125,1083.5350341796875,1084.02001953125,3207,COST,1m
2026-05-20 16:07:00+00:00,1083.72998046875,1083.72998046875,1083.199951171875,1083.47998046875,1879,COST,1m
2026-05-20 16:08:00+00:00,1083.9599609375,1084.14501953125,1083.77001953125,1084.14501953125,915,COST,1m
2026-05-20 16:09:00+00:00,1084.4100341796875,1084.4100341796875,1083.5999755859375,1083.5999755859375,1201,COST,1m
2026-05-20 16:10:00+00:00,1084.199951171875,1084.199951171875,1084.199951171875,1084.199951171875,1080,COST,1m
2026-05-20 16:12:00+00:00,1083.3349609375,1084.68505859375,1083.3349609375,1084.5699462890625,1757,COST,1m
2026-05-20 16:13:00+00:00,1084.31005859375,1084.43505859375,1084.219970703125,1084.4300537109375,1618,COST,1m
2026-05-20 16:14:00+00:00,1084.3800048828125,1084.4200439453125,1084.3800048828125,1084.4200439453125,840,COST,1m
2026-05-20 16:15:00+00:00,1084.800048828125,1084.8199462890625,1084.625,1084.77001953125,1777,COST,1m
2026-05-20 16:16:00+00:00,1085.0699462890625,1085.7750244140625,1085.0699462890625,1085.5699462890625,1874,COST,1m
2026-05-20 16:17:00+00:00,1085.8782958984375,1086.010009765625,1085.8782958984375,1086.010009765625,914,COST,1m
2026-05-20 16:18:00+00:00,1085.580078125,1085.9000244140625,1085.580078125,1085.7950439453125,1445,COST,1m
2026-05-20 16:19:00+00:00,1086.0899658203125,1086.0899658203125,1085.8699951171875,1085.8699951171875,1264,COST,1m
2026-05-20 16:20:00+00:00,1085.7449951171875,1086.0899658203125,1084.969970703125,1084.969970703125,2285,COST,1m
2026-05-20 16:21:00+00:00,1085.199951171875,1085.199951171875,1084.6600341796875,1084.6600341796875,1542,COST,1m
2026-05-20 16:22:00+00:00,1084.989990234375,1085.1500244140625,1084.989990234375,1085.1500244140625,359,COST,1m
2026-05-20 16:23:00+00:00,1085.5699462890625,1085.9000244140625,1085.4100341796875,1085.4100341796875,1374,COST,1m
2026-05-20 16:24:00+00:00,1085.8900146484375,1087.33984375,1085.4300537109375,1086.885009765625,2517,COST,1m
2026-05-20 16:25:00+00:00,1086.9200439453125,1088.800048828125,1086.8900146484375,1087.050048828125,4435,COST,1m
2026-05-20 16:26:00+00:00,1086.52001953125,1087.10498046875,1086.52001953125,1087.10498046875,806,COST,1m
2026-05-20 16:27:00+00:00,1087.0,1087.0,1086.6800537109375,1086.77001953125,592,COST,1m
2026-05-20 16:28:00+00:00,1086.77001953125,1086.9124755859375,1086.0,1086.550048828125,2961,COST,1m
2026-05-20 16:29:00+00:00,1086.530029296875,1086.530029296875,1085.6600341796875,1085.6600341796875,1146,COST,1m
2026-05-20 16:30:00+00:00,1085.0699462890625,1086.0899658203125,1084.7099609375,1085.8399658203125,2239,COST,1m
2026-05-20 16:31:00+00:00,1086.094970703125,1086.094970703125,1085.280029296875,1086.010009765625,1765,COST,1m
2026-05-20 16:32:00+00:00,1086.2149658203125,1086.5599365234375,1085.4300537109375,1085.6700439453125,3555,COST,1m
2026-05-20 16:33:00+00:00,1085.2099609375,1085.2099609375,1084.8800048828125,1084.8800048828125,401,COST,1m
2026-05-20 16:34:00+00:00,1084.9599609375,1085.1949462890625,1084.6199951171875,1084.6199951171875,1890,COST,1m
2026-05-20 16:35:00+00:00,1084.6199951171875,1085.1099853515625,1084.5699462890625,1084.5699462890625,2197,COST,1m
2026-05-20 16:36:00+00:00,1084.5699462890625,1085.449951171875,1084.5699462890625,1085.449951171875,1891,COST,1m
2026-05-20 16:37:00+00:00,1085.156005859375,1085.9898681640625,1085.156005859375,1085.68994140625,920,COST,1m
2026-05-20 16:38:00+00:00,1085.68994140625,1085.7900390625,1085.68994140625,1085.7900390625,1208,COST,1m
2026-05-20 16:39:00+00:00,1086.0849609375,1086.47998046875,1086.0849609375,1086.47998046875,800,COST,1m
2026-05-20 16:40:00+00:00,1086.951171875,1086.951171875,1086.4300537109375,1086.7349853515625,983,COST,1m
2026-05-20 16:41:00+00:00,1086.5699462890625,1086.8287353515625,1086.010009765625,1086.01904296875,3304,COST,1m
2026-05-20 16:42:00+00:00,1086.324951171875,1086.324951171875,1085.2149658203125,1085.5345458984375,1350,COST,1m
2026-05-20 16:43:00+00:00,1085.2550048828125,1085.2550048828125,1084.77001953125,1085.1099853515625,1677,COST,1m
2026-05-20 16:44:00+00:00,1085.0250244140625,1085.4150390625,1084.6500244140625,1085.4150390625,2657,COST,1m
2026-05-20 16:45:00+00:00,1085.6800537109375,1085.6800537109375,1085.1500244140625,1085.4150390625,1248,COST,1m
2026-05-20 16:46:00+00:00,1085.6300048828125,1086.0,1085.6300048828125,1085.760009765625,816,COST,1m
2026-05-20 16:47:00+00:00,1085.9599609375,1085.9599609375,1085.4549560546875,1085.4549560546875,1655,COST,1m
2026-05-20 16:48:00+00:00,1085.1500244140625,1085.1500244140625,1084.0699462890625,1084.0849609375,3216,COST,1m
2026-05-20 16:49:00+00:00,1083.6600341796875,1083.97998046875,1083.47998046875,1083.637451171875,1698,COST,1m
2026-05-20 16:50:00+00:00,1083.93994140625,1084.22509765625,1083.93994140625,1084.22509765625,1323,COST,1m
2026-05-20 16:51:00+00:00,1084.2249755859375,1084.2249755859375,1083.0201416015625,1083.0201416015625,1561,COST,1m
2026-05-20 16:52:00+00:00,1083.22998046875,1083.9599609375,1083.22998046875,1083.469970703125,1160,COST,1m
2026-05-20 16:53:00+00:00,1083.5899658203125,1083.699951171875,1083.375,1083.375,803,COST,1m
2026-05-20 16:54:00+00:00,1083.375,1083.8800048828125,1083.375,1083.7900390625,2330,COST,1m
2026-05-20 16:55:00+00:00,1083.780029296875,1083.8050537109375,1083.66748046875,1083.719970703125,1756,COST,1m
2026-05-20 16:56:00+00:00,1083.469970703125,1083.9100341796875,1083.469970703125,1083.9100341796875,306,COST,1m
2026-05-20 16:57:00+00:00,1083.989990234375,1083.989990234375,1083.6300048828125,1083.8599853515625,1140,COST,1m
2026-05-20 16:58:00+00:00,1083.6500244140625,1083.72998046875,1083.3399658203125,1083.3499755859375,2009,COST,1m
2026-05-20 16:59:00+00:00,1083.3499755859375,1083.5799560546875,1083.1700439453125,1083.4749755859375,3559,COST,1m
2026-05-20 17:00:00+00:00,1083.1099853515625,1084.0299072265625,1083.1099853515625,1083.9599609375,5437,COST,1m
2026-05-20 17:01:00+00:00,1083.969970703125,1083.969970703125,1083.5999755859375,1083.5999755859375,1289,COST,1m
2026-05-20 17:02:00+00:00,1084.248046875,1084.3499755859375,1084.0899658203125,1084.3499755859375,877,COST,1m
2026-05-20 17:03:00+00:00,1084.1800537109375,1084.1800537109375,1083.9000244140625,1084.0,1921,COST,1m
2026-05-20 17:04:00+00:00,1084.0150146484375,1084.0150146484375,1083.43994140625,1083.6600341796875,1878,COST,1m
2026-05-20 17:05:00+00:00,1083.824951171875,1083.824951171875,1083.3800048828125,1083.614990234375,844,COST,1m
2026-05-20 17:06:00+00:00,1083.4100341796875,1083.4100341796875,1083.2099609375,1083.385009765625,1279,COST,1m
2026-05-20 17:07:00+00:00,1083.385009765625,1083.9215087890625,1083.3299560546875,1083.3299560546875,1722,COST,1m
2026-05-20 17:08:00+00:00,1083.9849853515625,1084.2099609375,1083.510009765625,1083.510009765625,3161,COST,1m
2026-05-20 17:09:00+00:00,1083.60498046875,1083.6600341796875,1083.25,1083.300048828125,3296,COST,1m
2026-05-20 17:10:00+00:00,1083.25,1083.47998046875,1083.0799560546875,1083.280029296875,3771,COST,1m
2026-05-20 17:11:00+00:00,1083.4200439453125,1083.8199462890625,1083.2650146484375,1083.81494140625,1285,COST,1m
2026-05-20 17:12:00+00:00,1083.8800048828125,1084.169921875,1083.8299560546875,1083.905029296875,1480,COST,1m
2026-05-20 17:13:00+00:00,1083.56005859375,1083.81005859375,1082.1800537109375,1082.8765869140625,7794,COST,1m
2026-05-20 17:14:00+00:00,1082.219970703125,1082.219970703125,1081.18994140625,1081.2650146484375,4845,COST,1m
2026-05-20 17:15:00+00:00,1081.8800048828125,1082.3699951171875,1081.56494140625,1082.0999755859375,3141,COST,1m
2026-05-20 17:16:00+00:00,1082.8499755859375,1082.8499755859375,1082.5699462890625,1082.574951171875,1216,COST,1m
2026-05-20 17:17:00+00:00,1082.760009765625,1082.760009765625,1081.7750244140625,1082.09130859375,10057,COST,1m
2026-05-20 17:18:00+00:00,1082.260009765625,1082.4906005859375,1081.949951171875,1081.949951171875,1900,COST,1m
2026-05-20 17:19:00+00:00,1082.175048828125,1082.7900390625,1082.175048828125,1082.324951171875,1503,COST,1m
2026-05-20 17:20:00+00:00,1082.6400146484375,1082.8599853515625,1082.2900390625,1082.7449951171875,1230,COST,1m
2026-05-20 17:21:00+00:00,1082.489990234375,1082.75,1082.489990234375,1082.7181396484375,667,COST,1m
2026-05-20 17:22:00+00:00,1082.760009765625,1083.050048828125,1082.760009765625,1082.844970703125,1816,COST,1m
2026-05-20 17:23:00+00:00,1082.8499755859375,1082.8499755859375,1082.02001953125,1082.1700439453125,3495,COST,1m
2026-05-20 17:24:00+00:00,1082.4200439453125,1082.699951171875,1082.40966796875,1082.40966796875,846,COST,1m
2026-05-20 17:25:00+00:00,1082.81005859375,1082.83984375,1082.5899658203125,1082.5899658203125,483,COST,1m
2026-05-20 17:26:00+00:00,1082.6729736328125,1083.27001953125,1082.594970703125,1083.27001953125,3200,COST,1m
2026-05-20 17:27:00+00:00,1083.324951171875,1083.324951171875,1082.75,1082.75,941,COST,1m
2026-05-20 17:28:00+00:00,1082.6400146484375,1082.81005859375,1082.3701171875,1082.6199951171875,1221,COST,1m
2026-05-20 17:29:00+00:00,1082.5799560546875,1082.6099853515625,1081.9200439453125,1081.9200439453125,2113,COST,1m
2026-05-20 17:30:00+00:00,1081.780029296875,1082.0,1081.5799560546875,1081.7850341796875,1728,COST,1m
2026-05-20 17:31:00+00:00,1081.5899658203125,1081.5899658203125,1080.68994140625,1081.0050048828125,3918,COST,1m
2026-05-20 17:32:00+00:00,1080.9000244140625,1080.905029296875,1080.68505859375,1080.905029296875,3543,COST,1m
2026-05-20 17:33:00+00:00,1080.6800537109375,1081.06494140625,1080.6800537109375,1081.06494140625,680,COST,1m
2026-05-20 17:34:00+00:00,1081.0699462890625,1081.2099609375,1080.699951171875,1081.1199951171875,2351,COST,1m
2026-05-20 17:35:00+00:00,1081.1199951171875,1081.6199951171875,1081.1199951171875,1081.3499755859375,3419,COST,1m
2026-05-20 17:36:00+00:00,1081.486083984375,1081.72998046875,1081.280029296875,1081.72998046875,4401,COST,1m
2026-05-20 17:37:00+00:00,1081.7099609375,1081.7099609375,1081.4749755859375,1081.4749755859375,773,COST,1m
2026-05-20 17:38:00+00:00,1081.4100341796875,1081.97998046875,1081.4100341796875,1081.699951171875,3940,COST,1m
2026-05-20 17:39:00+00:00,1081.7900390625,1081.7900390625,1081.2900390625,1081.2900390625,1809,COST,1m
2026-05-20 17:40:00+00:00,1081.4124755859375,1081.6400146484375,1081.4124755859375,1081.56005859375,939,COST,1m
2026-05-20 17:41:00+00:00,1081.777099609375,1081.777099609375,1081.1199951171875,1081.1199951171875,2227,COST,1m
2026-05-20 17:42:00+00:00,1081.0400390625,1082.4998779296875,1081.0400390625,1082.4998779296875,2857,COST,1m
2026-05-20 17:43:00+00:00,1081.8480224609375,1081.8480224609375,1081.469970703125,1081.469970703125,3439,COST,1m
2026-05-20 17:44:00+00:00,1081.4749755859375,1081.5999755859375,1081.22998046875,1081.4200439453125,1793,COST,1m
2026-05-20 17:45:00+00:00,1081.27001953125,1081.9300537109375,1081.06005859375,1081.9300537109375,2069,COST,1m
2026-05-20 17:46:00+00:00,1082.1600341796875,1082.85498046875,1082.1600341796875,1082.3900146484375,938,COST,1m
2026-05-20 17:47:00+00:00,1082.8199462890625,1082.8199462890625,1082.60009765625,1082.8199462890625,1292,COST,1m
2026-05-20 17:48:00+00:00,1082.699951171875,1082.699951171875,1082.449951171875,1082.5,1642,COST,1m
2026-05-20 17:49:00+00:00,1082.5350341796875,1082.6259765625,1081.5350341796875,1081.5350341796875,1647,COST,1m
2026-05-20 17:50:00+00:00,1081.52001953125,1081.655029296875,1081.0,1081.2750244140625,2467,COST,1m
2026-05-20 17:51:00+00:00,1081.2750244140625,1081.2750244140625,1081.2750244140625,1081.2750244140625,945,COST,1m
2026-05-20 17:52:00+00:00,1081.1099853515625,1081.1099853515625,1081.1099853515625,1081.1099853515625,95,COST,1m
2026-05-20 17:53:00+00:00,1081.35595703125,1081.3699951171875,1080.75,1080.75,1386,COST,1m
2026-05-20 17:54:00+00:00,1081.135009765625,1081.135009765625,1080.5799560546875,1080.7650146484375,2423,COST,1m
2026-05-20 17:55:00+00:00,1080.469970703125,1080.68994140625,1080.466796875,1080.68994140625,916,COST,1m
2026-05-20 17:56:00+00:00,1080.4515380859375,1080.4515380859375,1079.81005859375,1079.9949951171875,4077,COST,1m
2026-05-20 17:57:00+00:00,1079.9949951171875,1079.9949951171875,1079.6099853515625,1079.93994140625,1879,COST,1m
2026-05-20 17:58:00+00:00,1079.75,1079.75,1078.8800048828125,1079.0050048828125,2359,COST,1m
2026-05-20 17:59:00+00:00,1078.85498046875,1078.969970703125,1078.550048828125,1078.8900146484375,1992,COST,1m
2026-05-20 18:00:00+00:00,1078.5999755859375,1078.5999755859375,1077.800048828125,1078.0450439453125,4397,COST,1m
2026-05-20 18:01:00+00:00,1077.72998046875,1077.8599853515625,1077.260009765625,1077.8599853515625,2846,COST,1m
2026-05-20 18:02:00+00:00,1077.5999755859375,1078.6500244140625,1077.5999755859375,1078.385009765625,3095,COST,1m
2026-05-20 18:03:00+00:00,1078.3900146484375,1078.574951171875,1077.9849853515625,1078.22998046875,2299,COST,1m
2026-05-20 18:04:00+00:00,1078.22998046875,1078.3599853515625,1078.125,1078.3599853515625,668,COST,1m
2026-05-20 18:05:00+00:00,1078.125,1079.1199951171875,1078.125,1079.1199951171875,1988,COST,1m
2026-05-20 18:06:00+00:00,1078.75,1079.47998046875,1078.72998046875,1079.344970703125,2094,COST,1m
2026-05-20 18:07:00+00:00,1079.35498046875,1080.6859130859375,1079.35498046875,1080.56005859375,2841,COST,1m
2026-05-20 18:08:00+00:00,1080.6949462890625,1080.8406982421875,1080.56005859375,1080.8406982421875,1562,COST,1m
2026-05-20 18:09:00+00:00,1081.0999755859375,1081.0999755859375,1080.3800048828125,1080.3800048828125,2538,COST,1m
2026-05-20 18:10:00+00:00,1080.780029296875,1081.280029296875,1080.5999755859375,1081.280029296875,1801,COST,1m
2026-05-20 18:11:00+00:00,1081.280029296875,1081.56005859375,1080.989990234375,1081.06494140625,2975,COST,1m
2026-05-20 18:12:00+00:00,1080.8800048828125,1081.1600341796875,1080.81005859375,1080.8599853515625,989,COST,1m
2026-05-20 18:13:00+00:00,1081.06494140625,1081.06494140625,1081.06494140625,1081.06494140625,648,COST,1m
2026-05-20 18:14:00+00:00,1081.0999755859375,1081.239990234375,1080.5899658203125,1080.85498046875,3039,COST,1m
2026-05-20 18:15:00+00:00,1080.7550048828125,1080.9749755859375,1080.5350341796875,1080.56494140625,1571,COST,1m
2026-05-20 18:16:00+00:00,1080.5050048828125,1080.509033203125,1079.72998046875,1079.72998046875,4389,COST,1m
2026-05-20 18:17:00+00:00,1079.72998046875,1080.0799560546875,1079.4599609375,1079.4599609375,1594,COST,1m
2026-05-20 18:18:00+00:00,1079.2950439453125,1079.8399658203125,1079.2950439453125,1079.8399658203125,2993,COST,1m
2026-05-20 18:19:00+00:00,1079.68994140625,1079.699951171875,1079.68994140625,1079.699951171875,697,COST,1m
2026-05-20 18:20:00+00:00,1080.04736328125,1080.04736328125,1079.43994140625,1079.699951171875,930,COST,1m
2026-05-20 18:21:00+00:00,1079.5191650390625,1079.9200439453125,1079.5191650390625,1079.9200439453125,1947,COST,1m
2026-05-20 18:22:00+00:00,1079.739990234375,1079.9200439453125,1079.4306640625,1079.9200439453125,2849,COST,1m
2026-05-20 18:23:00+00:00,1080.010009765625,1080.52001953125,1080.010009765625,1080.300048828125,1949,COST,1m
2026-05-20 18:24:00+00:00,1080.010009765625,1080.3900146484375,1079.969970703125,1080.0400390625,1869,COST,1m
2026-05-20 18:25:00+00:00,1079.97998046875,1080.2650146484375,1079.9200439453125,1080.2650146484375,1161,COST,1m
2026-05-20 18:26:00+00:00,1079.989990234375,1080.0350341796875,1079.5101318359375,1079.9449462890625,2755,COST,1m
2026-05-20 18:27:00+00:00,1079.8199462890625,1079.8199462890625,1079.6800537109375,1079.6800537109375,477,COST,1m
2026-05-20 18:28:00+00:00,1079.675048828125,1080.10498046875,1079.52001953125,1079.8199462890625,2237,COST,1m
2026-05-20 18:29:00+00:00,1079.52001953125,1080.2449951171875,1079.52001953125,1080.0699462890625,3095,COST,1m
2026-05-20 18:30:00+00:00,1079.9599609375,1080.3699951171875,1079.5799560546875,1080.2650146484375,3124,COST,1m
2026-05-20 18:31:00+00:00,1080.1949462890625,1080.1949462890625,1080.1949462890625,1080.1949462890625,420,COST,1m
2026-05-20 18:32:00+00:00,1080.300048828125,1080.300048828125,1080.0400390625,1080.2781982421875,1739,COST,1m
2026-05-20 18:33:00+00:00,1080.41162109375,1080.41162109375,1079.719970703125,1079.7850341796875,3719,COST,1m
2026-05-20 18:34:00+00:00,1079.8125,1080.2349853515625,1079.3701171875,1079.3701171875,1200,COST,1m
2026-05-20 18:35:00+00:00,1079.760009765625,1079.8800048828125,1079.4100341796875,1079.5400390625,2393,COST,1m
2026-05-20 18:36:00+00:00,1079.7025146484375,1079.93994140625,1079.5999755859375,1079.5999755859375,1872,COST,1m
2026-05-20 18:37:00+00:00,1079.43994140625,1079.6199951171875,1079.1099853515625,1079.1199951171875,4110,COST,1m
2026-05-20 18:38:00+00:00,1079.199951171875,1079.3349609375,1078.47998046875,1078.5799560546875,4807,COST,1m
2026-05-20 18:39:00+00:00,1078.47998046875,1079.02001953125,1078.0999755859375,1078.93994140625,2202,COST,1m
2026-05-20 18:40:00+00:00,1078.75,1079.18994140625,1078.6800537109375,1079.18994140625,1203,COST,1m
2026-05-20 18:41:00+00:00,1078.925048828125,1078.925048828125,1078.0799560546875,1078.2249755859375,2436,COST,1m
2026-05-20 18:42:00+00:00,1078.239990234375,1078.239990234375,1078.2349853515625,1078.239990234375,828,COST,1m
2026-05-20 18:43:00+00:00,1078.3082275390625,1078.3082275390625,1077.77001953125,1078.06005859375,3172,COST,1m
2026-05-20 18:44:00+00:00,1077.969970703125,1078.6500244140625,1077.77001953125,1077.77001953125,4163,COST,1m
2026-05-20 18:45:00+00:00,1077.27001953125,1078.239990234375,1077.1099853515625,1078.239990234375,1756,COST,1m
2026-05-20 18:46:00+00:00,1077.2349853515625,1077.7900390625,1077.2349853515625,1077.56005859375,3862,COST,1m
2026-05-20 18:47:00+00:00,1077.56005859375,1077.77001953125,1076.780029296875,1077.364990234375,3485,COST,1m
2026-05-20 18:48:00+00:00,1077.364990234375,1077.6800537109375,1077.06005859375,1077.27001953125,2540,COST,1m
2026-05-20 18:49:00+00:00,1077.0899658203125,1077.375,1076.77001953125,1077.2550048828125,2195,COST,1m
2026-05-20 18:50:00+00:00,1076.949951171875,1077.6600341796875,1076.5799560546875,1077.52001953125,5877,COST,1m
2026-05-20 18:51:00+00:00,1077.52001953125,1077.8399658203125,1077.52001953125,1077.69775390625,2029,COST,1m
2026-05-20 18:52:00+00:00,1077.405029296875,1077.949951171875,1077.4000244140625,1077.8199462890625,4316,COST,1m
2026-05-20 18:53:00+00:00,1077.6800537109375,1077.68994140625,1077.280029296875,1077.47998046875,3257,COST,1m
2026-05-20 18:54:00+00:00,1077.6800537109375,1077.7950439453125,1076.8199462890625,1077.1650390625,2856,COST,1m
2026-05-20 18:55:00+00:00,1076.875,1077.1400146484375,1076.77001953125,1077.1400146484375,1357,COST,1m
2026-05-20 18:56:00+00:00,1076.885009765625,1077.0050048828125,1076.885009765625,1077.0050048828125,1548,COST,1m
2026-05-20 18:57:00+00:00,1077.0899658203125,1077.4150390625,1077.0,1077.094970703125,2552,COST,1m
2026-05-20 18:58:00+00:00,1077.094970703125,1077.16748046875,1076.800048828125,1077.1400146484375,3251,COST,1m
2026-05-20 18:59:00+00:00,1076.97998046875,1077.1700439453125,1076.97998046875,1077.1700439453125,1955,COST,1m
2026-05-20 19:00:00+00:00,1077.3499755859375,1077.3499755859375,1076.7099609375,1076.8349609375,2257,COST,1m
2026-05-20 19:01:00+00:00,1076.8399658203125,1077.0,1076.6800537109375,1076.9599609375,1457,COST,1m
2026-05-20 19:02:00+00:00,1077.18994140625,1077.2900390625,1076.81494140625,1076.81494140625,1033,COST,1m
2026-05-20 19:03:00+00:00,1076.93505859375,1077.155029296875,1076.469970703125,1076.675048828125,5065,COST,1m
2026-05-20 19:04:00+00:00,1076.6075439453125,1077.18994140625,1076.594970703125,1077.0699462890625,4000,COST,1m
2026-05-20 19:05:00+00:00,1077.1099853515625,1077.2550048828125,1076.150146484375,1076.375,2572,COST,1m
2026-05-20 19:06:00+00:00,1076.3824462890625,1076.5,1075.6500244140625,1075.6500244140625,4528,COST,1m
2026-05-20 19:07:00+00:00,1075.6600341796875,1075.6600341796875,1075.31005859375,1075.31005859375,2288,COST,1m
2026-05-20 19:08:00+00:00,1075.1099853515625,1075.89990234375,1075.0,1075.0,6036,COST,1m
2026-05-20 19:09:00+00:00,1075.0999755859375,1075.3800048828125,1074.821044921875,1075.1099853515625,4291,COST,1m
2026-05-20 19:10:00+00:00,1075.1099853515625,1075.510009765625,1075.0999755859375,1075.405029296875,3155,COST,1m
2026-05-20 19:11:00+00:00,1075.405029296875,1075.405029296875,1074.8699951171875,1075.1400146484375,2434,COST,1m
2026-05-20 19:12:00+00:00,1075.324951171875,1075.780029296875,1075.3199462890625,1075.64501953125,4009,COST,1m
2026-05-20 19:13:00+00:00,1075.780029296875,1075.780029296875,1074.5400390625,1074.8900146484375,4159,COST,1m
2026-05-20 19:14:00+00:00,1074.9200439453125,1075.6099853515625,1074.9200439453125,1075.4649658203125,2902,COST,1m
2026-05-20 19:15:00+00:00,1075.4110107421875,1076.6300048828125,1075.4110107421875,1076.6300048828125,7899,COST,1m
2026-05-20 19:16:00+00:00,1076.530029296875,1076.6199951171875,1076.4200439453125,1076.43994140625,4076,COST,1m
2026-05-20 19:17:00+00:00,1076.25,1076.5350341796875,1076.050048828125,1076.4200439453125,2403,COST,1m
2026-05-20 19:18:00+00:00,1076.68994140625,1077.030029296875,1076.4300537109375,1076.89501953125,2473,COST,1m
2026-05-20 19:19:00+00:00,1076.89501953125,1077.6800537109375,1076.887451171875,1077.6700439453125,3848,COST,1m
2026-05-20 19:20:00+00:00,1077.949951171875,1078.125,1077.6480712890625,1077.739990234375,5282,COST,1m
2026-05-20 19:21:00+00:00,1077.4000244140625,1077.7298583984375,1077.185791015625,1077.185791015625,2861,COST,1m
2026-05-20 19:22:00+00:00,1077.385009765625,1077.3900146484375,1076.43994140625,1076.8199462890625,4363,COST,1m
2026-05-20 19:23:00+00:00,1076.989990234375,1077.6298828125,1076.989990234375,1077.6298828125,2172,COST,1m
2026-05-20 19:24:00+00:00,1077.1099853515625,1077.2099609375,1076.9100341796875,1077.2099609375,2024,COST,1m
2026-05-20 19:25:00+00:00,1077.1500244140625,1077.2249755859375,1076.4300537109375,1076.4300537109375,3909,COST,1m
2026-05-20 19:26:00+00:00,1076.4649658203125,1076.9998779296875,1076.300048828125,1076.5,4924,COST,1m
2026-05-20 19:27:00+00:00,1076.72998046875,1076.72998046875,1076.280029296875,1076.280029296875,2682,COST,1m
2026-05-20 19:28:00+00:00,1076.3349609375,1076.550048828125,1076.0799560546875,1076.510009765625,2518,COST,1m
2026-05-20 19:29:00+00:00,1076.3399658203125,1076.3399658203125,1075.8599853515625,1075.97998046875,10522,COST,1m
2026-05-20 19:30:00+00:00,1075.949951171875,1075.949951171875,1074.510009765625,1074.510009765625,5068,COST,1m
2026-05-20 19:31:00+00:00,1074.27001953125,1074.6600341796875,1073.820068359375,1074.6600341796875,6585,COST,1m
2026-05-20 19:32:00+00:00,1074.969970703125,1076.219970703125,1074.81005859375,1075.88330078125,3965,COST,1m
2026-05-20 19:33:00+00:00,1075.93994140625,1076.22998046875,1075.840087890625,1075.840087890625,3464,COST,1m
2026-05-20 19:34:00+00:00,1075.8599853515625,1076.2900390625,1075.43505859375,1075.43505859375,4794,COST,1m
2026-05-20 19:35:00+00:00,1075.43505859375,1075.72998046875,1075.1500244140625,1075.300048828125,2925,COST,1m
2026-05-20 19:36:00+00:00,1075.4100341796875,1076.27001953125,1075.324951171875,1076.27001953125,6383,COST,1m
2026-05-20 19:37:00+00:00,1076.4200439453125,1076.7900390625,1076.06005859375,1076.3900146484375,4025,COST,1m
2026-05-20 19:38:00+00:00,1076.375,1076.530029296875,1075.8599853515625,1076.3900146484375,4525,COST,1m
2026-05-20 19:39:00+00:00,1076.31494140625,1076.697509765625,1076.31494140625,1076.530029296875,5156,COST,1m
2026-05-20 19:40:00+00:00,1076.81005859375,1077.4599609375,1076.6700439453125,1077.4599609375,6294,COST,1m
2026-05-20 19:41:00+00:00,1077.5,1078.1700439453125,1077.5,1077.739990234375,5293,COST,1m
2026-05-20 19:42:00+00:00,1077.8499755859375,1078.0799560546875,1077.780029296875,1077.780029296875,4110,COST,1m
2026-05-20 19:43:00+00:00,1077.72998046875,1078.3800048828125,1077.6400146484375,1078.18994140625,7883,COST,1m
2026-05-20 19:44:00+00:00,1077.9599609375,1078.1800537109375,1077.2099609375,1077.35498046875,8651,COST,1m
2026-05-20 19:45:00+00:00,1077.1500244140625,1077.3299560546875,1076.7099609375,1077.0799560546875,6614,COST,1m
2026-05-20 19:46:00+00:00,1077.0400390625,1077.8302001953125,1076.7900390625,1077.27001953125,15996,COST,1m
2026-05-20 19:47:00+00:00,1077.239990234375,1078.1700439453125,1076.9549560546875,1078.06005859375,10381,COST,1m
2026-05-20 19:48:00+00:00,1077.8800048828125,1078.2149658203125,1077.4549560546875,1077.4549560546875,4370,COST,1m
2026-05-20 19:49:00+00:00,1077.375,1077.469970703125,1075.0,1075.3800048828125,10712,COST,1m
2026-05-20 19:50:00+00:00,1075.530029296875,1075.6600341796875,1075.010009765625,1075.3699951171875,3403,COST,1m
2026-05-20 19:51:00+00:00,1075.52001953125,1075.6800537109375,1074.5,1074.6500244140625,14098,COST,1m
2026-05-20 19:52:00+00:00,1074.8299560546875,1076.0899658203125,1074.68505859375,1076.0899658203125,16222,COST,1m
2026-05-20 19:53:00+00:00,1076.0450439453125,1076.9849853515625,1076.0450439453125,1076.3599853515625,11598,COST,1m
2026-05-20 19:54:00+00:00,1076.4449462890625,1076.4449462890625,1074.050048828125,1074.385009765625,16584,COST,1m
2026-05-20 19:55:00+00:00,1074.010009765625,1074.385009765625,1072.5,1072.6600341796875,25710,COST,1m
2026-05-20 19:56:00+00:00,1072.469970703125,1072.875,1072.280029296875,1072.5400390625,19930,COST,1m
2026-05-20 19:57:00+00:00,1072.449951171875,1073.8800048828125,1072.0,1073.8800048828125,36451,COST,1m
2026-05-20 19:58:00+00:00,1073.739990234375,1073.9549560546875,1073.300048828125,1073.4000244140625,25477,COST,1m
2026-05-20 19:59:00+00:00,1073.3299560546875,1074.1400146484375,1073.0400390625,1074.0,48106,COST,1m
2026-05-21 13:30:00+00:00,1063.405029296875,1063.405029296875,1059.0799560546875,1059.8399658203125,60031,COST,1m
2026-05-21 13:31:00+00:00,1060.22998046875,1063.93994140625,1058.0699462890625,1058.5799560546875,12947,COST,1m
2026-05-21 13:32:00+00:00,1058.5799560546875,1058.5799560546875,1053.0,1055.260009765625,11744,COST,1m
2026-05-21 13:33:00+00:00,1055.5,1059.8798828125,1052.0,1054.2099609375,19529,COST,1m
2026-05-21 13:34:00+00:00,1053.010009765625,1053.0699462890625,1044.010009765625,1047.010009765625,66471,COST,1m
2026-05-21 13:35:00+00:00,1047.010009765625,1048.9185791015625,1042.6600341796875,1048.9185791015625,26941,COST,1m
2026-05-21 13:36:00+00:00,1048.4000244140625,1048.4000244140625,1045.0,1045.0,7072,COST,1m
2026-05-21 13:37:00+00:00,1044.9100341796875,1046.3900146484375,1043.010009765625,1043.5799560546875,16047,COST,1m
2026-05-21 13:38:00+00:00,1043.81005859375,1045.2149658203125,1043.010009765625,1043.3699951171875,20669,COST,1m
2026-05-21 13:39:00+00:00,1044.2249755859375,1045.125,1043.050048828125,1043.9949951171875,13595,COST,1m
2026-05-21 13:40:00+00:00,1044.1370849609375,1047.1400146484375,1044.0,1044.8199462890625,26385,COST,1m
2026-05-21 13:41:00+00:00,1044.344970703125,1045.449951171875,1044.0,1044.010009765625,20907,COST,1m
2026-05-21 13:42:00+00:00,1043.8399658203125,1045.7900390625,1043.469970703125,1043.9200439453125,8434,COST,1m
2026-05-21 13:43:00+00:00,1044.3363037109375,1044.3363037109375,1041.0794677734375,1042.6099853515625,20251,COST,1m
2026-05-21 13:44:00+00:00,1043.1650390625,1043.1650390625,1040.510009765625,1042.0,14864,COST,1m
2026-05-21 13:45:00+00:00,1042.0,1043.719970703125,1041.43994140625,1043.4599609375,9164,COST,1m
2026-05-21 13:46:00+00:00,1043.06494140625,1044.14501953125,1041.8900146484375,1042.6800537109375,12032,COST,1m
2026-05-21 13:47:00+00:00,1042.6650390625,1043.81005859375,1042.3699951171875,1043.5699462890625,7640,COST,1m
2026-05-21 13:48:00+00:00,1044.3399658203125,1044.989990234375,1042.655029296875,1044.18505859375,4580,COST,1m
2026-05-21 13:49:00+00:00,1043.5899658203125,1044.0899658203125,1040.489990234375,1040.489990234375,4553,COST,1m
2026-05-21 13:50:00+00:00,1040.4000244140625,1043.280029296875,1040.01025390625,1042.9749755859375,10299,COST,1m
2026-05-21 13:51:00+00:00,1042.97998046875,1044.990966796875,1042.97998046875,1043.6650390625,3647,COST,1m
2026-05-21 13:52:00+00:00,1045.0,1045.9100341796875,1043.199951171875,1044.5400390625,12932,COST,1m
2026-05-21 13:53:00+00:00,1044.0699462890625,1044.199951171875,1042.0899658203125,1042.6500244140625,6003,COST,1m
2026-05-21 13:54:00+00:00,1042.6600341796875,1043.3599853515625,1042.0,1042.9599609375,2840,COST,1m
2026-05-21 13:55:00+00:00,1044.0,1045.0,1043.135009765625,1043.135009765625,4742,COST,1m
2026-05-21 13:56:00+00:00,1043.135009765625,1044.879150390625,1040.2099609375,1041.6500244140625,7949,COST,1m
2026-05-21 13:57:00+00:00,1042.6500244140625,1042.6500244140625,1041.5,1042.3299560546875,2219,COST,1m
2026-05-21 13:58:00+00:00,1041.6600341796875,1042.2225341796875,1040.969970703125,1042.2225341796875,4208,COST,1m
2026-05-21 13:59:00+00:00,1041.52001953125,1041.989990234375,1039.469970703125,1041.510009765625,28380,COST,1m
2026-05-21 14:00:00+00:00,1041.68505859375,1041.68505859375,1039.81005859375,1039.81005859375,3927,COST,1m
2026-05-21 14:01:00+00:00,1039.4100341796875,1041.52001953125,1039.010009765625,1041.219970703125,6743,COST,1m
2026-05-21 14:02:00+00:00,1041.1700439453125,1042.0,1040.594970703125,1041.0,10168,COST,1m
2026-05-21 14:03:00+00:00,1041.9100341796875,1043.93994140625,1041.43994140625,1043.3599853515625,2494,COST,1m
2026-05-21 14:04:00+00:00,1043.35498046875,1044.989990234375,1042.5400390625,1044.989990234375,6248,COST,1m
2026-05-21 14:05:00+00:00,1045.0,1045.2349853515625,1043.16015625,1045.1300048828125,6166,COST,1m
2026-05-21 14:06:00+00:00,1044.465087890625,1046.0098876953125,1044.4649658203125,1045.0250244140625,2982,COST,1m
2026-05-21 14:07:00+00:00,1045.550048828125,1045.925048828125,1045.2099609375,1045.300048828125,2781,COST,1m
2026-05-21 14:08:00+00:00,1045.3900146484375,1046.0,1045.3900146484375,1046.0,1237,COST,1m
2026-05-21 14:09:00+00:00,1046.0,1046.0,1044.510009765625,1045.1700439453125,4539,COST,1m
2026-05-21 14:10:00+00:00,1045.68505859375,1048.43994140625,1045.1800537109375,1048.43994140625,4985,COST,1m
2026-05-21 14:11:00+00:00,1048.6600341796875,1049.259033203125,1047.6954345703125,1048.6700439453125,8083,COST,1m
2026-05-21 14:12:00+00:00,1048.6800537109375,1049.7696533203125,1048.199951171875,1048.625,6002,COST,1m
2026-05-21 14:13:00+00:00,1048.6300048828125,1050.9998779296875,1048.6300048828125,1050.030029296875,5300,COST,1m
2026-05-21 14:14:00+00:00,1050.510009765625,1050.510009765625,1047.6800537109375,1048.64501953125,13211,COST,1m
2026-05-21 14:15:00+00:00,1048.72998046875,1048.7449951171875,1047.5849609375,1048.5450439453125,8498,COST,1m
2026-05-21 14:16:00+00:00,1048.81005859375,1048.81005859375,1047.3699951171875,1048.239990234375,3362,COST,1m
2026-05-21 14:17:00+00:00,1048.18994140625,1049.409912109375,1047.6099853515625,1047.9100341796875,6239,COST,1m
2026-05-21 14:18:00+00:00,1048.155029296875,1048.155029296875,1046.949951171875,1047.7850341796875,8933,COST,1m
2026-05-21 14:19:00+00:00,1047.3599853515625,1049.43994140625,1046.5899658203125,1049.300048828125,11836,COST,1m
2026-05-21 14:20:00+00:00,1049.510986328125,1051.52001953125,1049.510986328125,1050.7349853515625,3063,COST,1m
2026-05-21 14:21:00+00:00,1051.125,1051.125,1047.1199951171875,1047.75,16002,COST,1m
2026-05-21 14:22:00+00:00,1048.1300048828125,1048.1300048828125,1045.800048828125,1047.300048828125,14640,COST,1m
2026-05-21 14:23:00+00:00,1046.7701416015625,1047.199951171875,1045.5,1046.0,3849,COST,1m
2026-05-21 14:24:00+00:00,1046.02001953125,1046.449951171875,1045.6500244140625,1046.385009765625,2500,COST,1m
2026-05-21 14:25:00+00:00,1046.64501953125,1047.0400390625,1046.260009765625,1046.3499755859375,2970,COST,1m
2026-05-21 14:26:00+00:00,1046.4200439453125,1047.449951171875,1046.4200439453125,1047.43994140625,5491,COST,1m
2026-05-21 14:27:00+00:00,1047.0899658203125,1048.030029296875,1046.77001953125,1046.77001953125,3180,COST,1m
2026-05-21 14:28:00+00:00,1046.760009765625,1048.3349609375,1046.6300048828125,1046.6300048828125,4730,COST,1m
2026-05-21 14:29:00+00:00,1046.4599609375,1047.22998046875,1046.449951171875,1046.550048828125,2426,COST,1m
2026-05-21 14:30:00+00:00,1047.0400390625,1047.06005859375,1046.1065673828125,1046.9000244140625,2062,COST,1m
2026-05-21 14:31:00+00:00,1046.9749755859375,1049.9200439453125,1046.9749755859375,1049.300048828125,11133,COST,1m
2026-05-21 14:32:00+00:00,1049.300048828125,1050.4599609375,1049.300048828125,1049.6099853515625,2336,COST,1m
2026-05-21 14:33:00+00:00,1049.6199951171875,1050.9599609375,1049.6199951171875,1050.9599609375,2047,COST,1m
2026-05-21 14:34:00+00:00,1050.9549560546875,1052.0,1050.9549560546875,1051.4549560546875,2478,COST,1m
2026-05-21 14:35:00+00:00,1051.4150390625,1051.8699951171875,1050.6500244140625,1051.0,2784,COST,1m
2026-05-21 14:36:00+00:00,1050.9549560546875,1051.4466552734375,1050.010009765625,1050.875,1564,COST,1m
2026-05-21 14:37:00+00:00,1050.3900146484375,1051.594970703125,1050.3900146484375,1051.3399658203125,2007,COST,1m
2026-05-21 14:38:00+00:00,1051.3900146484375,1051.39013671875,1050.239990234375,1051.260009765625,2999,COST,1m
2026-05-21 14:39:00+00:00,1050.969970703125,1051.1700439453125,1050.010009765625,1050.010009765625,1996,COST,1m
2026-05-21 14:40:00+00:00,1050.5999755859375,1050.5999755859375,1050.0201416015625,1050.3199462890625,3390,COST,1m
2026-05-21 14:41:00+00:00,1050.0,1050.1650390625,1048.6500244140625,1049.3050537109375,4968,COST,1m
2026-05-21 14:42:00+00:00,1049.550048828125,1051.0,1049.550048828125,1051.0,1991,COST,1m
2026-05-21 14:43:00+00:00,1051.02001953125,1051.02001953125,1050.25,1050.3299560546875,1927,COST,1m
2026-05-21 14:44:00+00:00,1050.5899658203125,1051.5,1050.1800537109375,1051.5,4566,COST,1m
2026-05-21 14:45:00+00:00,1051.16015625,1051.5400390625,1050.5699462890625,1050.68994140625,9584,COST,1m
2026-05-21 14:46:00+00:00,1050.6949462890625,1050.925048828125,1050.0699462890625,1050.4749755859375,2209,COST,1m
2026-05-21 14:47:00+00:00,1050.27001953125,1050.27001953125,1049.29248046875,1049.29248046875,1658,COST,1m
2026-05-21 14:48:00+00:00,1049.719970703125,1050.8299560546875,1049.0242919921875,1050.52001953125,4104,COST,1m
2026-05-21 14:49:00+00:00,1050.06005859375,1050.4100341796875,1050.06005859375,1050.4100341796875,1265,COST,1m
2026-05-21 14:50:00+00:00,1050.5350341796875,1050.98095703125,1050.0699462890625,1050.4449462890625,1181,COST,1m
2026-05-21 14:51:00+00:00,1050.4449462890625,1050.510009765625,1049.77001953125,1049.783447265625,3701,COST,1m
2026-05-21 14:52:00+00:00,1049.97998046875,1050.1700439453125,1049.68994140625,1049.68994140625,2602,COST,1m
2026-05-21 14:53:00+00:00,1050.0,1050.0,1049.1300048828125,1049.1300048828125,1062,COST,1m
2026-05-21 14:54:00+00:00,1049.60498046875,1050.2900390625,1049.60498046875,1049.969970703125,3854,COST,1m
2026-05-21 14:55:00+00:00,1049.9949951171875,1050.6300048828125,1049.9949951171875,1050.510009765625,4769,COST,1m
2026-05-21 14:56:00+00:00,1050.52001953125,1050.9898681640625,1050.050048828125,1050.050048828125,1858,COST,1m
2026-05-21 14:57:00+00:00,1050.06005859375,1050.06005859375,1049.4300537109375,1049.5,3286,COST,1m
2026-05-21 14:58:00+00:00,1050.2498779296875,1050.2498779296875,1049.9449462890625,1049.9549560546875,2275,COST,1m
2026-05-21 14:59:00+00:00,1050.43994140625,1050.68505859375,1049.8399658203125,1049.844970703125,1961,COST,1m
2026-05-21 15:00:00+00:00,1050.0,1050.989990234375,1049.675048828125,1049.675048828125,1621,COST,1m
2026-05-21 15:01:00+00:00,1049.9366455078125,1049.9366455078125,1048.949951171875,1049.375,1764,COST,1m
2026-05-21 15:02:00+00:00,1048.93994140625,1049.2349853515625,1048.5899658203125,1048.6949462890625,2146,COST,1m
2026-05-21 15:03:00+00:00,1048.6949462890625,1049.4849853515625,1048.364990234375,1049.4849853515625,6501,COST,1m
2026-05-21 15:04:00+00:00,1049.449951171875,1049.449951171875,1049.449951171875,1049.449951171875,828,COST,1m
2026-05-21 15:05:00+00:00,1050.25,1050.25,1048.97998046875,1048.97998046875,875,COST,1m
2026-05-21 15:06:00+00:00,1049.344970703125,1049.77001953125,1048.9200439453125,1049.77001953125,3747,COST,1m
2026-05-21 15:07:00+00:00,1049.6199951171875,1049.6199951171875,1048.739990234375,1048.739990234375,1509,COST,1m
2026-05-21 15:08:00+00:00,1048.27001953125,1048.4200439453125,1048.0,1048.4200439453125,3939,COST,1m
2026-05-21 15:09:00+00:00,1049.074951171875,1049.8900146484375,1047.72998046875,1047.72998046875,1396,COST,1m
2026-05-21 15:10:00+00:00,1048.0250244140625,1048.0699462890625,1048.0250244140625,1048.0699462890625,702,COST,1m
2026-05-21 15:11:00+00:00,1047.3900146484375,1047.7900390625,1047.3900146484375,1047.75,1859,COST,1m
2026-05-21 15:12:00+00:00,1048.0250244140625,1048.1700439453125,1047.9300537109375,1048.074951171875,2302,COST,1m
2026-05-21 15:13:00+00:00,1049.199951171875,1049.199951171875,1048.5400390625,1049.1800537109375,2100,COST,1m
2026-05-21 15:14:00+00:00,1048.52001953125,1048.52001953125,1047.800048828125,1048.4100341796875,1579,COST,1m
2026-05-21 15:15:00+00:00,1048.300048828125,1048.300048828125,1047.800048828125,1047.9599609375,1373,COST,1m
2026-05-21 15:16:00+00:00,1047.81005859375,1048.5299072265625,1047.81005859375,1048.175048828125,1776,COST,1m
2026-05-21 15:17:00+00:00,1047.8199462890625,1048.3800048828125,1047.6500244140625,1047.6600341796875,3438,COST,1m
2026-05-21 15:18:00+00:00,1048.010009765625,1048.010009765625,1047.6400146484375,1047.699951171875,1114,COST,1m
2026-05-21 15:19:00+00:00,1047.5799560546875,1047.5849609375,1047.10009765625,1047.5849609375,2190,COST,1m
2026-05-21 15:20:00+00:00,1047.5775146484375,1047.6500244140625,1046.06005859375,1046.06005859375,4342,COST,1m
2026-05-21 15:21:00+00:00,1046.324951171875,1046.6400146484375,1046.02001953125,1046.3800048828125,2006,COST,1m
2026-05-21 15:22:00+00:00,1046.1199951171875,1046.89501953125,1045.93994140625,1046.4649658203125,6007,COST,1m
2026-05-21 15:23:00+00:00,1046.4649658203125,1047.0,1046.0,1046.72998046875,3045,COST,1m
2026-05-21 15:24:00+00:00,1047.375,1047.6949462890625,1047.0,1047.5450439453125,5588,COST,1m
2026-05-21 15:25:00+00:00,1047.265380859375,1047.4449462890625,1046.3299560546875,1046.3299560546875,1641,COST,1m
2026-05-21 15:26:00+00:00,1046.0999755859375,1046.8599853515625,1046.0999755859375,1046.6300048828125,3690,COST,1m
2026-05-21 15:27:00+00:00,1045.6600341796875,1045.6600341796875,1045.0,1045.225341796875,3045,COST,1m
2026-05-21 15:28:00+00:00,1045.338623046875,1045.405029296875,1045.010009765625,1045.010009765625,1801,COST,1m
2026-05-21 15:29:00+00:00,1045.4100341796875,1045.4200439453125,1045.050048828125,1045.050048828125,2084,COST,1m
2026-05-21 15:30:00+00:00,1044.7099609375,1045.1199951171875,1044.7099609375,1045.0550537109375,2085,COST,1m
2026-05-21 15:31:00+00:00,1044.800048828125,1044.8299560546875,1043.9599609375,1044.1600341796875,3277,COST,1m
2026-05-21 15:32:00+00:00,1044.1600341796875,1044.1600341796875,1043.325439453125,1043.5699462890625,2562,COST,1m
2026-05-21 15:33:00+00:00,1043.3299560546875,1043.620849609375,1042.4300537109375,1042.780029296875,2436,COST,1m
2026-05-21 15:34:00+00:00,1042.9332275390625,1043.1500244140625,1042.4200439453125,1042.7249755859375,2896,COST,1m
2026-05-21 15:35:00+00:00,1042.7950439453125,1043.3941650390625,1042.31005859375,1042.31005859375,3536,COST,1m
2026-05-21 15:36:00+00:00,1042.4100341796875,1042.4100341796875,1041.18994140625,1041.56005859375,4907,COST,1m
2026-05-21 15:37:00+00:00,1041.875,1042.1650390625,1041.875,1042.1650390625,2544,COST,1m
2026-05-21 15:38:00+00:00,1041.760009765625,1042.2249755859375,1041.5799560546875,1041.719970703125,1068,COST,1m
2026-05-21 15:39:00+00:00,1041.8399658203125,1042.05078125,1041.449951171875,1042.05078125,8202,COST,1m
2026-05-21 15:40:00+00:00,1041.510009765625,1042.0,1041.489990234375,1041.510009765625,4326,COST,1m
2026-05-21 15:41:00+00:00,1041.510009765625,1042.4000244140625,1041.0999755859375,1041.9300537109375,5083,COST,1m
2026-05-21 15:42:00+00:00,1042.60986328125,1042.60986328125,1041.9100341796875,1042.4200439453125,1838,COST,1m
2026-05-21 15:43:00+00:00,1042.558349609375,1042.558349609375,1041.31005859375,1041.31005859375,1176,COST,1m
2026-05-21 15:44:00+00:00,1042.5023193359375,1042.5023193359375,1041.3399658203125,1041.7650146484375,4395,COST,1m
2026-05-21 15:45:00+00:00,1041.9000244140625,1043.08984375,1041.8599853515625,1042.2950439453125,1574,COST,1m
2026-05-21 15:46:00+00:00,1042.6300048828125,1043.050048828125,1042.1099853515625,1042.1099853515625,1137,COST,1m
2026-05-21 15:47:00+00:00,1042.5050048828125,1042.510009765625,1042.030029296875,1042.5,2265,COST,1m
2026-05-21 15:48:00+00:00,1042.510009765625,1042.56005859375,1042.030029296875,1042.52001953125,943,COST,1m
2026-05-21 15:49:00+00:00,1042.52001953125,1043.3824462890625,1042.52001953125,1043.3824462890625,2764,COST,1m
2026-05-21 15:50:00+00:00,1043.75,1044.2900390625,1043.72998046875,1044.0849609375,3144,COST,1m
2026-05-21 15:51:00+00:00,1044.0150146484375,1044.52001953125,1044.0050048828125,1044.010009765625,2431,COST,1m
2026-05-21 15:52:00+00:00,1044.3199462890625,1044.6400146484375,1044.0999755859375,1044.5899658203125,2067,COST,1m
2026-05-21 15:53:00+00:00,1044.5899658203125,1044.8499755859375,1044.56005859375,1044.8499755859375,1811,COST,1m
2026-05-21 15:54:00+00:00,1044.68505859375,1044.780029296875,1044.68505859375,1044.699951171875,1081,COST,1m
2026-05-21 15:55:00+00:00,1044.699951171875,1045.050048828125,1044.27001953125,1044.68994140625,3396,COST,1m
2026-05-21 15:56:00+00:00,1045.0350341796875,1045.1199951171875,1045.0,1045.0,1152,COST,1m
2026-05-21 15:57:00+00:00,1044.219970703125,1045.68505859375,1044.219970703125,1045.68505859375,2834,COST,1m
2026-05-21 15:58:00+00:00,1045.5799560546875,1046.7598876953125,1045.5799560546875,1046.0,3143,COST,1m
2026-05-21 15:59:00+00:00,1045.5799560546875,1046.0,1045.3900146484375,1045.72998046875,3292,COST,1m
2026-05-21 16:00:00+00:00,1046.0400390625,1046.75,1045.760009765625,1046.1300048828125,2575,COST,1m
2026-05-21 16:01:00+00:00,1046.0799560546875,1046.75,1046.0,1046.2750244140625,2413,COST,1m
2026-05-21 16:02:00+00:00,1046.27001953125,1046.449951171875,1045.9300537109375,1046.1099853515625,850,COST,1m
2026-05-21 16:03:00+00:00,1045.81005859375,1046.5,1045.719970703125,1046.31005859375,1753,COST,1m
2026-05-21 16:04:00+00:00,1046.4150390625,1046.719970703125,1046.4000244140625,1046.719970703125,1233,COST,1m
2026-05-21 16:05:00+00:00,1046.5799560546875,1047.1700439453125,1046.5799560546875,1046.5799560546875,2301,COST,1m
2026-05-21 16:06:00+00:00,1047.5499267578125,1047.5499267578125,1045.7950439453125,1046.1650390625,2247,COST,1m
2026-05-21 16:07:00+00:00,1046.4100341796875,1047.1400146484375,1046.4100341796875,1046.8841552734375,738,COST,1m
2026-05-21 16:08:00+00:00,1047.25,1047.2550048828125,1047.25,1047.2550048828125,531,COST,1m
2026-05-21 16:09:00+00:00,1047.2550048828125,1047.8399658203125,1047.2550048828125,1047.530029296875,2885,COST,1m
2026-05-21 16:10:00+00:00,1048.0,1048.0,1047.4599609375,1047.8900146484375,684,COST,1m
2026-05-21 16:11:00+00:00,1047.89501953125,1048.0400390625,1047.8299560546875,1048.0400390625,1863,COST,1m
2026-05-21 16:12:00+00:00,1047.864990234375,1047.9000244140625,1047.06005859375,1047.625,1525,COST,1m
2026-05-21 16:13:00+00:00,1047.625,1047.7099609375,1046.780029296875,1047.2451171875,2830,COST,1m
2026-05-21 16:14:00+00:00,1047.7099609375,1047.7099609375,1047.7099609375,1047.7099609375,692,COST,1m
2026-05-21 16:15:00+00:00,1046.7099609375,1047.175048828125,1046.3800048828125,1046.949951171875,2192,COST,1m
2026-05-21 16:16:00+00:00,1046.8499755859375,1047.06494140625,1046.4327392578125,1046.925048828125,1751,COST,1m
2026-05-21 16:17:00+00:00,1046.3499755859375,1046.89990234375,1046.3499755859375,1046.89990234375,658,COST,1m
2026-05-21 16:18:00+00:00,1046.1650390625,1046.8900146484375,1046.1650390625,1046.469970703125,1574,COST,1m
2026-05-21 16:19:00+00:00,1046.6700439453125,1046.6700439453125,1046.27001953125,1046.3699951171875,1578,COST,1m
2026-05-21 16:20:00+00:00,1046.43994140625,1047.3599853515625,1046.43994140625,1046.85498046875,2733,COST,1m
2026-05-21 16:21:00+00:00,1047.31005859375,1047.31005859375,1047.050048828125,1047.135009765625,1688,COST,1m
2026-05-21 16:22:00+00:00,1047.3349609375,1047.405029296875,1046.4599609375,1046.719970703125,2234,COST,1m
2026-05-21 16:23:00+00:00,1046.9749755859375,1047.2099609375,1046.739990234375,1046.739990234375,743,COST,1m
2026-05-21 16:24:00+00:00,1046.699951171875,1047.0400390625,1046.47998046875,1047.0400390625,1699,COST,1m
2026-05-21 16:25:00+00:00,1047.5,1047.5059814453125,1047.0,1047.0899658203125,1017,COST,1m
2026-05-21 16:26:00+00:00,1047.375,1047.375,1046.800048828125,1047.0899658203125,2346,COST,1m
2026-05-21 16:27:00+00:00,1047.1099853515625,1047.219970703125,1047.1099853515625,1047.219970703125,490,COST,1m
2026-05-21 16:28:00+00:00,1047.4100341796875,1048.5999755859375,1047.4100341796875,1048.3699951171875,4896,COST,1m
2026-05-21 16:29:00+00:00,1048.0250244140625,1048.0250244140625,1046.3800048828125,1046.3800048828125,505,COST,1m
2026-05-21 16:30:00+00:00,1046.510009765625,1046.510009765625,1045.3900146484375,1045.844970703125,3223,COST,1m
2026-05-21 16:31:00+00:00,1045.5899658203125,1045.6199951171875,1044.885009765625,1045.050048828125,2183,COST,1m
2026-05-21 16:32:00+00:00,1045.050048828125,1045.7099609375,1044.875,1045.7099609375,3307,COST,1m
2026-05-21 16:33:00+00:00,1045.949951171875,1046.0999755859375,1045.7149658203125,1046.0,1013,COST,1m
2026-05-21 16:34:00+00:00,1046.0450439453125,1047.0499267578125,1046.0450439453125,1046.7099609375,2756,COST,1m
2026-05-21 16:35:00+00:00,1046.27001953125,1047.2698974609375,1046.27001953125,1046.735107421875,953,COST,1m
2026-05-21 16:36:00+00:00,1047.3050537109375,1047.405029296875,1046.81005859375,1047.1400146484375,999,COST,1m
2026-05-21 16:37:00+00:00,1047.31005859375,1047.31005859375,1046.81005859375,1047.0,956,COST,1m
2026-05-21 16:38:00+00:00,1046.6300048828125,1046.8299560546875,1046.18994140625,1046.5250244140625,2327,COST,1m
2026-05-21 16:39:00+00:00,1046.530029296875,1046.79296875,1046.0001220703125,1046.614990234375,970,COST,1m
2026-05-21 16:40:00+00:00,1046.614990234375,1046.6800537109375,1046.18994140625,1046.6199951171875,1205,COST,1m
2026-05-21 16:41:00+00:00,1046.9100341796875,1047.260009765625,1046.9000244140625,1047.22998046875,2084,COST,1m
2026-05-21 16:42:00+00:00,1047.260009765625,1047.6800537109375,1046.85498046875,1046.85498046875,3798,COST,1m
2026-05-21 16:43:00+00:00,1047.4599609375,1047.4599609375,1047.06494140625,1047.18994140625,1133,COST,1m
2026-05-21 16:44:00+00:00,1047.4000244140625,1048.3699951171875,1047.4000244140625,1048.3699951171875,1374,COST,1m
2026-05-21 16:45:00+00:00,1048.199951171875,1048.390380859375,1047.9300537109375,1047.9300537109375,1560,COST,1m
2026-05-21 16:46:00+00:00,1047.9449462890625,1048.239990234375,1047.9449462890625,1047.9449462890625,994,COST,1m
2026-05-21 16:47:00+00:00,1047.8399658203125,1047.840087890625,1047.8399658203125,1047.840087890625,489,COST,1m
2026-05-21 16:48:00+00:00,1047.9173583984375,1048.389892578125,1047.9139404296875,1048.389892578125,721,COST,1m
2026-05-21 16:49:00+00:00,1048.3900146484375,1048.3900146484375,1047.2200927734375,1047.2200927734375,1848,COST,1m
2026-05-21 16:50:00+00:00,1047.22998046875,1047.5400390625,1047.0001220703125,1047.5400390625,1044,COST,1m
2026-05-21 16:51:00+00:00,1047.0,1047.5899658203125,1047.0,1047.5250244140625,1747,COST,1m
2026-05-21 16:53:00+00:00,1047.655029296875,1047.7139892578125,1047.655029296875,1047.7139892578125,565,COST,1m
2026-05-21 16:54:00+00:00,1047.550048828125,1049.0899658203125,1047.550048828125,1048.280029296875,5173,COST,1m
2026-05-21 16:55:00+00:00,1048.4000244140625,1048.989990234375,1048.4000244140625,1048.989990234375,2022,COST,1m
2026-05-21 16:56:00+00:00,1049.06494140625,1049.449951171875,1048.8599853515625,1048.9100341796875,2630,COST,1m
2026-05-21 16:57:00+00:00,1048.6099853515625,1049.0081787109375,1048.6099853515625,1049.0081787109375,1873,COST,1m
2026-05-21 16:58:00+00:00,1048.93994140625,1049.199951171875,1048.6700439453125,1048.8199462890625,1375,COST,1m
2026-05-21 16:59:00+00:00,1048.8199462890625,1048.8199462890625,1048.7850341796875,1048.8199462890625,914,COST,1m
2026-05-21 17:00:00+00:00,1048.8349609375,1049.3399658203125,1048.47998046875,1049.3399658203125,1946,COST,1m
2026-05-21 17:01:00+00:00,1049.8399658203125,1049.8399658203125,1049.3349609375,1049.3349609375,1183,COST,1m
2026-05-21 17:02:00+00:00,1049.3349609375,1050.1700439453125,1049.3349609375,1049.614990234375,4395,COST,1m
2026-05-21 17:03:00+00:00,1049.5799560546875,1049.9000244140625,1049.25,1049.699951171875,987,COST,1m
2026-05-21 17:04:00+00:00,1049.780029296875,1050.2099609375,1049.780029296875,1050.2099609375,716,COST,1m
2026-05-21 17:05:00+00:00,1049.8399658203125,1050.5,1049.7467041015625,1050.5,1984,COST,1m
2026-05-21 17:06:00+00:00,1050.5,1050.9898681640625,1050.5,1050.699951171875,906,COST,1m
2026-05-21 17:07:00+00:00,1050.47998046875,1050.6949462890625,1049.6199951171875,1050.31005859375,2930,COST,1m
2026-05-21 17:08:00+00:00,1050.0400390625,1050.6943359375,1050.0400390625,1050.06005859375,1869,COST,1m
2026-05-21 17:09:00+00:00,1050.050048828125,1050.6099853515625,1050.050048828125,1050.6099853515625,1654,COST,1m
2026-05-21 17:10:00+00:00,1050.6199951171875,1050.6800537109375,1050.06005859375,1050.6800537109375,2408,COST,1m
2026-05-21 17:11:00+00:00,1050.5550537109375,1051.25,1050.4354248046875,1051.0150146484375,4377,COST,1m
2026-05-21 17:12:00+00:00,1050.989990234375,1051.18994140625,1050.989990234375,1051.18994140625,1071,COST,1m
2026-05-21 17:13:00+00:00,1051.0150146484375,1051.4998779296875,1050.5699462890625,1050.614990234375,1617,COST,1m
2026-05-21 17:14:00+00:00,1051.0400390625,1051.0400390625,1049.9150390625,1049.9150390625,1596,COST,1m
2026-05-21 17:15:00+00:00,1050.260009765625,1051.0699462890625,1050.260009765625,1050.4337158203125,1839,COST,1m
2026-05-21 17:16:00+00:00,1050.4150390625,1050.4150390625,1050.010009765625,1050.010009765625,2344,COST,1m
2026-05-21 17:17:00+00:00,1050.1099853515625,1050.830810546875,1049.9200439453125,1050.830810546875,988,COST,1m
2026-05-21 17:18:00+00:00,1050.56005859375,1050.5799560546875,1049.9000244140625,1049.9000244140625,1474,COST,1m
2026-05-21 17:19:00+00:00,1049.8699951171875,1049.8699951171875,1049.06005859375,1049.06005859375,660,COST,1m
2026-05-21 17:20:00+00:00,1049.7149658203125,1050.199951171875,1049.510009765625,1050.199951171875,1959,COST,1m
2026-05-21 17:21:00+00:00,1050.260009765625,1050.260009765625,1049.719970703125,1049.719970703125,1008,COST,1m
2026-05-21 17:22:00+00:00,1050.0699462890625,1050.7900390625,1048.3199462890625,1048.5400390625,2030,COST,1m
2026-05-21 17:23:00+00:00,1048.510009765625,1049.199951171875,1048.4949951171875,1049.199951171875,1867,COST,1m
2026-05-21 17:24:00+00:00,1049.219970703125,1049.219970703125,1049.06005859375,1049.199951171875,1413,COST,1m
2026-05-21 17:25:00+00:00,1048.8699951171875,1049.31005859375,1048.6700439453125,1049.31005859375,1095,COST,1m
2026-05-21 17:26:00+00:00,1049.3800048828125,1049.919921875,1049.3800048828125,1049.489990234375,1485,COST,1m
2026-05-21 17:27:00+00:00,1049.06005859375,1049.5,1048.6700439453125,1049.0400390625,1916,COST,1m
2026-05-21 17:28:00+00:00,1048.9100341796875,1049.0250244140625,1048.6800537109375,1048.6800537109375,1531,COST,1m
2026-05-21 17:29:00+00:00,1048.93505859375,1049.5799560546875,1048.93505859375,1049.56005859375,1435,COST,1m
2026-05-21 17:30:00+00:00,1049.4449462890625,1050.0299072265625,1049.4449462890625,1049.949951171875,1226,COST,1m
2026-05-21 17:31:00+00:00,1049.9649658203125,1049.9649658203125,1049.9649658203125,1049.9649658203125,1394,COST,1m
2026-05-21 17:32:00+00:00,1050.708984375,1050.708984375,1050.708984375,1050.708984375,1111,COST,1m
2026-05-21 17:33:00+00:00,1049.219970703125,1049.219970703125,1049.219970703125,1049.219970703125,481,COST,1m
2026-05-21 17:34:00+00:00,1049.282470703125,1049.282470703125,1048.760009765625,1048.864990234375,2254,COST,1m
2026-05-21 17:35:00+00:00,1049.0308837890625,1049.312744140625,1048.9599609375,1049.02001953125,1410,COST,1m
2026-05-21 17:36:00+00:00,1048.22998046875,1048.800048828125,1048.22998046875,1048.5400390625,1985,COST,1m
2026-05-21 17:37:00+00:00,1048.449951171875,1049.0,1048.449951171875,1048.9000244140625,1680,COST,1m
2026-05-21 17:38:00+00:00,1049.052490234375,1049.6199951171875,1049.052490234375,1049.4150390625,1332,COST,1m
2026-05-21 17:39:00+00:00,1049.8099365234375,1049.8099365234375,1048.5,1048.8199462890625,946,COST,1m
2026-05-21 17:40:00+00:00,1049.22998046875,1050.0,1049.22998046875,1050.0,2261,COST,1m
2026-05-21 17:41:00+00:00,1049.800048828125,1050.52001953125,1049.780029296875,1049.780029296875,1241,COST,1m
2026-05-21 17:42:00+00:00,1050.1163330078125,1050.1163330078125,1049.510009765625,1049.625732421875,1001,COST,1m
2026-05-21 17:43:00+00:00,1050.0699462890625,1050.8900146484375,1050.0699462890625,1050.60498046875,904,COST,1m
2026-05-21 17:44:00+00:00,1050.969970703125,1051.1700439453125,1050.6650390625,1050.9300537109375,4909,COST,1m
2026-05-21 17:45:00+00:00,1050.9599609375,1051.0799560546875,1050.9300537109375,1050.949951171875,1517,COST,1m
2026-05-21 17:46:00+00:00,1051.1500244140625,1051.550048828125,1050.75,1051.1500244140625,838,COST,1m
2026-05-21 17:47:00+00:00,1051.1500244140625,1051.1500244140625,1050.7099609375,1050.7099609375,536,COST,1m
2026-05-21 17:48:00+00:00,1050.5,1050.6700439453125,1049.905029296875,1050.199951171875,1907,COST,1m
2026-05-21 17:49:00+00:00,1049.68994140625,1050.581298828125,1049.68994140625,1050.18505859375,1183,COST,1m
2026-05-21 17:50:00+00:00,1050.9935302734375,1050.9935302734375,1050.1700439453125,1050.239990234375,1617,COST,1m
2026-05-21 17:51:00+00:00,1049.699951171875,1050.1353759765625,1049.4150390625,1049.4150390625,1804,COST,1m
2026-05-21 17:52:00+00:00,1048.60009765625,1048.6199951171875,1048.5101318359375,1048.5400390625,1108,COST,1m
2026-05-21 17:53:00+00:00,1048.949951171875,1048.949951171875,1048.300048828125,1048.300048828125,1647,COST,1m
2026-05-21 17:54:00+00:00,1048.030029296875,1048.219970703125,1047.22998046875,1048.0799560546875,2900,COST,1m
2026-05-21 17:55:00+00:00,1048.2974853515625,1048.2974853515625,1047.6800537109375,1047.6800537109375,900,COST,1m
2026-05-21 17:56:00+00:00,1048.050048828125,1048.780029296875,1047.9901123046875,1048.550048828125,1272,COST,1m
2026-05-21 17:57:00+00:00,1048.550048828125,1048.8299560546875,1048.3800048828125,1048.800048828125,1732,COST,1m
2026-05-21 17:58:00+00:00,1048.77001953125,1049.5098876953125,1048.77001953125,1049.5098876953125,858,COST,1m
2026-05-21 17:59:00+00:00,1048.7100830078125,1050.03515625,1048.7100830078125,1049.530029296875,1426,COST,1m
2026-05-21 18:00:00+00:00,1049.83251953125,1050.74462890625,1049.7249755859375,1050.5849609375,3543,COST,1m
2026-05-21 18:01:00+00:00,1050.2900390625,1050.2900390625,1049.68994140625,1049.68994140625,1523,COST,1m
2026-05-21 18:02:00+00:00,1049.68994140625,1050.094970703125,1049.60009765625,1049.6199951171875,1268,COST,1m
2026-05-21 18:03:00+00:00,1050.2099609375,1050.675048828125,1049.9849853515625,1050.6500244140625,1511,COST,1m
2026-05-21 18:04:00+00:00,1050.7650146484375,1050.7650146484375,1048.7464599609375,1048.7464599609375,3987,COST,1m
2026-05-21 18:05:00+00:00,1049.02001953125,1049.4000244140625,1049.02001953125,1049.0699462890625,980,COST,1m
2026-05-21 18:06:00+00:00,1049.080078125,1049.6949462890625,1049.080078125,1049.6949462890625,616,COST,1m
2026-05-21 18:07:00+00:00,1049.300048828125,1049.4549560546875,1049.300048828125,1049.4549560546875,605,COST,1m
2026-05-21 18:08:00+00:00,1049.2200927734375,1049.7349853515625,1049.2200927734375,1049.7349853515625,1431,COST,1m
2026-05-21 18:09:00+00:00,1049.7550048828125,1049.81494140625,1049.7550048828125,1049.81494140625,705,COST,1m
2026-05-21 18:10:00+00:00,1049.9097900390625,1049.9949951171875,1049.9097900390625,1049.9949951171875,684,COST,1m
2026-05-21 18:11:00+00:00,1050.5,1050.7650146484375,1050.3199462890625,1050.75,2016,COST,1m
2026-05-21 18:12:00+00:00,1051.2403564453125,1051.2403564453125,1050.300048828125,1050.7049560546875,1600,COST,1m
2026-05-21 18:13:00+00:00,1050.72998046875,1051.6300048828125,1050.5,1051.469970703125,3298,COST,1m
2026-05-21 18:14:00+00:00,1051.4801025390625,1052.5849609375,1051.4801025390625,1052.5849609375,2506,COST,1m
2026-05-21 18:15:00+00:00,1052.68994140625,1052.68994140625,1051.5001220703125,1051.5001220703125,4038,COST,1m
2026-05-21 18:16:00+00:00,1051.949951171875,1051.9825439453125,1051.469970703125,1051.469970703125,962,COST,1m
2026-05-21 18:17:00+00:00,1051.625,1051.68505859375,1051.56005859375,1051.56005859375,1183,COST,1m
2026-05-21 18:18:00+00:00,1051.800048828125,1051.800048828125,1051.0899658203125,1051.0899658203125,2247,COST,1m
2026-05-21 18:19:00+00:00,1051.260009765625,1051.8399658203125,1050.7010498046875,1051.719970703125,1099,COST,1m
2026-05-21 18:20:00+00:00,1051.8399658203125,1052.1600341796875,1051.6400146484375,1051.8699951171875,2473,COST,1m
2026-05-21 18:21:00+00:00,1051.699951171875,1052.3599853515625,1051.699951171875,1051.72998046875,1498,COST,1m
2026-05-21 18:22:00+00:00,1052.0450439453125,1052.0450439453125,1051.2099609375,1051.27001953125,1270,COST,1m
2026-05-21 18:23:00+00:00,1051.27001953125,1051.6199951171875,1051.27001953125,1051.6199951171875,1693,COST,1m
2026-05-21 18:24:00+00:00,1051.56494140625,1051.696044921875,1051.0699462890625,1051.5,1130,COST,1m
2026-05-21 18:25:00+00:00,1051.4949951171875,1051.4949951171875,1051.4549560546875,1051.4549560546875,1200,COST,1m
2026-05-21 18:26:00+00:00,1051.47998046875,1051.5250244140625,1051.150146484375,1051.5250244140625,1102,COST,1m
2026-05-21 18:27:00+00:00,1051.52001953125,1051.52001953125,1051.2099609375,1051.4100341796875,1664,COST,1m
2026-05-21 18:28:00+00:00,1051.524169921875,1051.77001953125,1051.5223388671875,1051.77001953125,727,COST,1m
2026-05-21 18:29:00+00:00,1051.6199951171875,1051.6199951171875,1050.8199462890625,1051.030029296875,2924,COST,1m
2026-05-21 18:30:00+00:00,1051.199951171875,1051.25,1050.5999755859375,1050.5999755859375,2655,COST,1m
2026-05-21 18:31:00+00:00,1050.7750244140625,1051.31005859375,1050.324951171875,1051.31005859375,5407,COST,1m
2026-05-21 18:32:00+00:00,1051.5350341796875,1051.5450439453125,1051.3399658203125,1051.3399658203125,708,COST,1m
2026-05-21 18:33:00+00:00,1051.41455078125,1051.43994140625,1050.949951171875,1050.949951171875,1442,COST,1m
2026-05-21 18:34:00+00:00,1051.14013671875,1051.1600341796875,1051.0,1051.1600341796875,857,COST,1m
2026-05-21 18:35:00+00:00,1050.89013671875,1051.56005859375,1050.89013671875,1051.450439453125,1451,COST,1m
2026-05-21 18:36:00+00:00,1051.56005859375,1052.0,1051.425048828125,1051.594970703125,2164,COST,1m
2026-05-21 18:37:00+00:00,1052.0,1052.1600341796875,1051.280029296875,1051.8699951171875,2159,COST,1m
2026-05-21 18:38:00+00:00,1051.864990234375,1052.0350341796875,1051.6600341796875,1051.9599609375,946,COST,1m
2026-05-21 18:39:00+00:00,1051.530029296875,1051.7900390625,1051.52001953125,1051.7900390625,1365,COST,1m
2026-05-21 18:40:00+00:00,1051.7950439453125,1052.2099609375,1051.3699951171875,1052.114990234375,2708,COST,1m
2026-05-21 18:41:00+00:00,1052.114990234375,1052.2860107421875,1051.6600341796875,1051.969970703125,2004,COST,1m
2026-05-21 18:42:00+00:00,1051.9749755859375,1051.9749755859375,1051.550048828125,1051.7750244140625,1691,COST,1m
2026-05-21 18:43:00+00:00,1051.7750244140625,1052.1700439453125,1051.4000244140625,1051.89501953125,1521,COST,1m
2026-05-21 18:44:00+00:00,1052.3900146484375,1052.489990234375,1052.344970703125,1052.344970703125,1033,COST,1m
2026-05-21 18:45:00+00:00,1052.1099853515625,1052.3800048828125,1051.8299560546875,1051.8299560546875,1532,COST,1m
2026-05-21 18:46:00+00:00,1051.72998046875,1051.7650146484375,1051.3299560546875,1051.4849853515625,2618,COST,1m
2026-05-21 18:47:00+00:00,1051.0699462890625,1052.0,1051.0699462890625,1052.0,1598,COST,1m
2026-05-21 18:48:00+00:00,1051.8800048828125,1052.1090087890625,1051.3900146484375,1051.469970703125,3275,COST,1m
2026-05-21 18:49:00+00:00,1051.469970703125,1052.1400146484375,1051.16015625,1051.469970703125,3267,COST,1m
2026-05-21 18:50:00+00:00,1051.469970703125,1051.9456787109375,1051.1700439453125,1051.1700439453125,1138,COST,1m
2026-05-21 18:51:00+00:00,1051.5849609375,1051.5899658203125,1050.614990234375,1050.614990234375,4204,COST,1m
2026-05-21 18:52:00+00:00,1049.6700439453125,1050.02001953125,1048.530029296875,1048.8299560546875,3700,COST,1m
2026-05-21 18:53:00+00:00,1049.0450439453125,1049.18994140625,1048.469970703125,1048.7950439453125,3005,COST,1m
2026-05-21 18:54:00+00:00,1048.6300048828125,1048.97998046875,1048.199951171875,1048.199951171875,2798,COST,1m
2026-05-21 18:55:00+00:00,1048.324951171875,1048.780029296875,1047.550048828125,1047.550048828125,4596,COST,1m
2026-05-21 18:56:00+00:00,1047.72509765625,1047.72509765625,1046.885009765625,1046.885009765625,2306,COST,1m
2026-05-21 18:57:00+00:00,1046.885009765625,1047.1700439453125,1046.5699462890625,1047.050048828125,3576,COST,1m
2026-05-21 18:58:00+00:00,1047.10498046875,1047.18505859375,1047.10498046875,1047.18505859375,1307,COST,1m
2026-05-21 18:59:00+00:00,1047.199951171875,1047.449951171875,1047.1300048828125,1047.1300048828125,2462,COST,1m
2026-05-21 19:00:00+00:00,1047.3599853515625,1047.800048828125,1046.635009765625,1047.0098876953125,5891,COST,1m
2026-05-21 19:01:00+00:00,1046.47998046875,1047.72998046875,1046.469970703125,1047.7298583984375,3409,COST,1m
2026-05-21 19:02:00+00:00,1047.43994140625,1047.7750244140625,1047.43994140625,1047.7750244140625,841,COST,1m
2026-05-21 19:03:00+00:00,1047.7900390625,1048.719970703125,1047.7900390625,1048.719970703125,10373,COST,1m
2026-05-21 19:04:00+00:00,1049.0699462890625,1049.5450439453125,1049.0699462890625,1049.3199462890625,1807,COST,1m
2026-05-21 19:05:00+00:00,1049.199951171875,1049.43994140625,1049.0799560546875,1049.27001953125,2369,COST,1m
2026-05-21 19:06:00+00:00,1049.2750244140625,1049.5,1049.0400390625,1049.5,2709,COST,1m
2026-05-21 19:07:00+00:00,1049.0340576171875,1050.2999267578125,1049.0340576171875,1049.77001953125,9249,COST,1m
2026-05-21 19:08:00+00:00,1049.77001953125,1050.1800537109375,1049.2900390625,1049.4649658203125,4102,COST,1m
2026-05-21 19:09:00+00:00,1049.635009765625,1050.6600341796875,1049.635009765625,1050.6199951171875,2972,COST,1m
2026-05-21 19:10:00+00:00,1050.9200439453125,1051.5799560546875,1050.8800048828125,1051.39501953125,3738,COST,1m
2026-05-21 19:11:00+00:00,1051.239990234375,1052.300048828125,1051.050048828125,1052.300048828125,3892,COST,1m
2026-05-21 19:12:00+00:00,1052.5799560546875,1053.2750244140625,1052.5799560546875,1052.800048828125,4617,COST,1m
2026-05-21 19:13:00+00:00,1052.800048828125,1052.81005859375,1052.260009765625,1052.3900146484375,7361,COST,1m
2026-05-21 19:14:00+00:00,1052.56005859375,1052.68994140625,1052.3499755859375,1052.675048828125,1405,COST,1m
2026-05-21 19:15:00+00:00,1052.6800537109375,1053.005859375,1052.3939208984375,1053.005859375,5464,COST,1m
2026-05-21 19:16:00+00:00,1052.972900390625,1053.1199951171875,1052.47998046875,1052.47998046875,3067,COST,1m
2026-05-21 19:17:00+00:00,1052.3900146484375,1053.0400390625,1052.3900146484375,1052.5899658203125,5323,COST,1m
2026-05-21 19:18:00+00:00,1052.6600341796875,1052.89501953125,1052.5999755859375,1052.675048828125,2331,COST,1m
2026-05-21 19:19:00+00:00,1052.9998779296875,1052.9998779296875,1052.3499755859375,1052.760009765625,2656,COST,1m
2026-05-21 19:20:00+00:00,1052.52001953125,1052.989990234375,1052.4100341796875,1052.989990234375,11559,COST,1m
2026-05-21 19:21:00+00:00,1052.8199462890625,1053.6700439453125,1052.8199462890625,1053.6700439453125,5197,COST,1m
2026-05-21 19:22:00+00:00,1053.56494140625,1053.7099609375,1053.56494140625,1053.56494140625,1805,COST,1m
2026-05-21 19:23:00+00:00,1053.7099609375,1053.8599853515625,1053.550048828125,1053.824951171875,5088,COST,1m
2026-05-21 19:24:00+00:00,1053.56005859375,1053.9200439453125,1053.22998046875,1053.4100341796875,3593,COST,1m
2026-05-21 19:25:00+00:00,1053.219970703125,1053.469970703125,1053.0699462890625,1053.0699462890625,1091,COST,1m
2026-05-21 19:26:00+00:00,1053.4449462890625,1053.800048828125,1053.10009765625,1053.455078125,2966,COST,1m
2026-05-21 19:27:00+00:00,1053.5699462890625,1053.7996826171875,1053.300048828125,1053.300048828125,6605,COST,1m
2026-05-21 19:28:00+00:00,1053.6300048828125,1054.0,1053.260009765625,1053.7110595703125,12929,COST,1m
2026-05-21 19:29:00+00:00,1053.6700439453125,1053.8699951171875,1052.570068359375,1052.570068359375,3651,COST,1m
2026-05-21 19:30:00+00:00,1052.89501953125,1052.9947509765625,1052.89501953125,1052.925048828125,1669,COST,1m
2026-05-21 19:31:00+00:00,1052.68994140625,1052.68994140625,1052.3599853515625,1052.530029296875,2271,COST,1m
2026-05-21 19:32:00+00:00,1052.594970703125,1052.8900146484375,1052.0699462890625,1052.094970703125,2370,COST,1m
2026-05-21 19:33:00+00:00,1051.89013671875,1052.4000244140625,1051.5799560546875,1052.0550537109375,4730,COST,1m
2026-05-21 19:34:00+00:00,1052.0550537109375,1052.1634521484375,1051.989990234375,1052.1634521484375,1129,COST,1m
2026-05-21 19:35:00+00:00,1051.43896484375,1052.260009765625,1051.280029296875,1051.8199462890625,13992,COST,1m
2026-05-21 19:36:00+00:00,1051.800048828125,1051.925048828125,1051.3299560546875,1051.3299560546875,2720,COST,1m
2026-05-21 19:37:00+00:00,1051.25,1051.50439453125,1050.60009765625,1050.6400146484375,4114,COST,1m
2026-05-21 19:38:00+00:00,1050.6099853515625,1050.905029296875,1049.5,1049.7900390625,3796,COST,1m
2026-05-21 19:39:00+00:00,1049.3900146484375,1049.68505859375,1049.219970703125,1049.4625244140625,1314,COST,1m
2026-05-21 19:40:00+00:00,1049.1600341796875,1049.2249755859375,1048.489990234375,1048.5,6145,COST,1m
2026-05-21 19:41:00+00:00,1048.72998046875,1048.72998046875,1048.077880859375,1048.077880859375,2466,COST,1m
2026-05-21 19:42:00+00:00,1048.2550048828125,1048.4100341796875,1048.0999755859375,1048.4000244140625,3677,COST,1m
2026-05-21 19:43:00+00:00,1048.47998046875,1048.7900390625,1048.4300537109375,1048.6351318359375,3069,COST,1m
2026-05-21 19:44:00+00:00,1048.60498046875,1048.9100341796875,1048.60498046875,1048.9100341796875,2897,COST,1m
2026-05-21 19:45:00+00:00,1048.8575439453125,1050.0699462890625,1048.219970703125,1050.0699462890625,10854,COST,1m
2026-05-21 19:46:00+00:00,1049.6800537109375,1050.6800537109375,1049.6700439453125,1050.6800537109375,4012,COST,1m
2026-05-21 19:47:00+00:00,1050.489990234375,1050.909912109375,1050.43994140625,1050.7149658203125,4968,COST,1m
2026-05-21 19:48:00+00:00,1050.9100341796875,1051.0699462890625,1050.780029296875,1050.7900390625,3798,COST,1m
2026-05-21 19:49:00+00:00,1050.9300537109375,1050.989990234375,1049.800048828125,1050.449951171875,7206,COST,1m
2026-05-21 19:50:00+00:00,1050.8299560546875,1051.800048828125,1050.6600341796875,1051.0899658203125,9984,COST,1m
2026-05-21 19:51:00+00:00,1051.030029296875,1051.1700439453125,1050.0999755859375,1050.0999755859375,4671,COST,1m
2026-05-21 19:52:00+00:00,1050.2900390625,1050.4898681640625,1049.6700439453125,1049.6800537109375,8928,COST,1m
2026-05-21 19:53:00+00:00,1049.77001953125,1050.18994140625,1049.56005859375,1049.760009765625,9924,COST,1m
2026-05-21 19:54:00+00:00,1049.530029296875,1049.530029296875,1048.1700439453125,1048.449951171875,14148,COST,1m
2026-05-21 19:55:00+00:00,1048.449951171875,1049.1949462890625,1048.3399658203125,1049.0999755859375,12547,COST,1m
2026-05-21 19:56:00+00:00,1049.0999755859375,1050.300048828125,1048.8299560546875,1050.1500244140625,17123,COST,1m
2026-05-21 19:57:00+00:00,1050.300048828125,1051.010009765625,1049.969970703125,1050.199951171875,17528,COST,1m
2026-05-21 19:58:00+00:00,1050.260009765625,1050.449951171875,1050.010009765625,1050.199951171875,16628,COST,1m
2026-05-21 19:59:00+00:00,1050.0899658203125,1050.449951171875,1049.8800048828125,1050.449951171875,40619,COST,1m
2026-05-22 13:30:00+00:00,1036.001953125,1043.1800537109375,1036.001953125,1041.800048828125,70567,COST,1m
2026-05-22 13:31:00+00:00,1042.7099609375,1045.6400146484375,1042.0,1044.1500244140625,4216,COST,1m
2026-05-22 13:32:00+00:00,1043.114990234375,1043.3900146484375,1040.9949951171875,1043.0799560546875,4922,COST,1m
2026-05-22 13:33:00+00:00,1043.719970703125,1043.719970703125,1041.300048828125,1043.2999267578125,2686,COST,1m
2026-05-22 13:34:00+00:00,1043.300048828125,1044.0799560546875,1042.655029296875,1043.0699462890625,3282,COST,1m
2026-05-22 13:35:00+00:00,1043.0699462890625,1044.25,1041.675048828125,1042.2099609375,10124,COST,1m
2026-05-22 13:36:00+00:00,1042.2459716796875,1042.840087890625,1041.1201171875,1041.81005859375,5906,COST,1m
2026-05-22 13:37:00+00:00,1042.56005859375,1043.27001953125,1041.5899658203125,1041.5899658203125,12857,COST,1m
2026-05-22 13:38:00+00:00,1041.719970703125,1042.094970703125,1039.1199951171875,1039.800048828125,11366,COST,1m
2026-05-22 13:39:00+00:00,1039.97998046875,1040.9200439453125,1039.530029296875,1040.0350341796875,15559,COST,1m
2026-05-22 13:40:00+00:00,1040.0687255859375,1040.93505859375,1040.010009765625,1040.4649658203125,10675,COST,1m
2026-05-22 13:41:00+00:00,1040.949951171875,1041.6600341796875,1040.1199951171875,1041.6600341796875,7625,COST,1m
2026-05-22 13:42:00+00:00,1040.5699462890625,1042.4749755859375,1040.5699462890625,1042.43994140625,11869,COST,1m
2026-05-22 13:43:00+00:00,1042.8900146484375,1043.4849853515625,1041.5699462890625,1042.0,5899,COST,1m
2026-05-22 13:44:00+00:00,1039.9100341796875,1040.0799560546875,1039.0899658203125,1039.1300048828125,2751,COST,1m
2026-05-22 13:45:00+00:00,1039.010009765625,1039.550048828125,1038.324951171875,1039.550048828125,6613,COST,1m
2026-05-22 13:46:00+00:00,1039.5,1040.0,1039.0,1039.0899658203125,5959,COST,1m
2026-05-22 13:47:00+00:00,1039.550048828125,1040.0799560546875,1039.0999755859375,1039.4400634765625,4894,COST,1m
2026-05-22 13:48:00+00:00,1039.4000244140625,1039.989990234375,1039.0,1039.4200439453125,2852,COST,1m
2026-05-22 13:49:00+00:00,1039.7626953125,1039.8299560546875,1038.6300048828125,1038.9200439453125,6269,COST,1m
2026-05-22 13:50:00+00:00,1038.9200439453125,1039.56005859375,1038.9200439453125,1039.3599853515625,3450,COST,1m
2026-05-22 13:51:00+00:00,1039.1199951171875,1039.8299560546875,1038.8299560546875,1038.8299560546875,2120,COST,1m
2026-05-22 13:52:00+00:00,1038.56005859375,1039.25,1038.4000244140625,1039.25,7027,COST,1m
2026-05-22 13:53:00+00:00,1039.050048828125,1039.550048828125,1039.030029296875,1039.364990234375,5876,COST,1m
2026-05-22 13:54:00+00:00,1039.2099609375,1039.5,1038.8399658203125,1038.8399658203125,3942,COST,1m
2026-05-22 13:55:00+00:00,1039.300048828125,1039.9599609375,1039.0001220703125,1039.5899658203125,4533,COST,1m
2026-05-22 13:56:00+00:00,1039.4150390625,1039.9000244140625,1039.06005859375,1039.8900146484375,2248,COST,1m
2026-05-22 13:57:00+00:00,1039.8900146484375,1040.6810302734375,1039.8800048828125,1040.4599609375,4521,COST,1m
2026-05-22 13:58:00+00:00,1040.6400146484375,1041.4849853515625,1040.6400146484375,1041.4849853515625,2427,COST,1m
2026-05-22 13:59:00+00:00,1040.97998046875,1040.97998046875,1039.1500244140625,1039.1500244140625,3625,COST,1m
2026-05-22 14:00:00+00:00,1038.9200439453125,1038.949951171875,1037.77001953125,1038.949951171875,4049,COST,1m
2026-05-22 14:01:00+00:00,1038.6800537109375,1038.68994140625,1036.8800048828125,1037.5999755859375,10130,COST,1m
2026-05-22 14:02:00+00:00,1037.3199462890625,1037.68994140625,1035.550048828125,1035.550048828125,8330,COST,1m
2026-05-22 14:03:00+00:00,1035.4200439453125,1035.4200439453125,1033.010009765625,1034.969970703125,12656,COST,1m
2026-05-22 14:04:00+00:00,1034.8765869140625,1035.02001953125,1033.6800537109375,1034.4549560546875,8444,COST,1m
2026-05-22 14:05:00+00:00,1034.4549560546875,1034.9100341796875,1033.0,1033.0,3937,COST,1m
2026-05-22 14:06:00+00:00,1033.405029296875,1033.405029296875,1032.1700439453125,1032.1700439453125,5898,COST,1m
2026-05-22 14:07:00+00:00,1032.8299560546875,1032.8299560546875,1032.1700439453125,1032.5050048828125,3615,COST,1m
2026-05-22 14:08:00+00:00,1032.5050048828125,1033.4271240234375,1032.5050048828125,1033.4271240234375,5963,COST,1m
2026-05-22 14:09:00+00:00,1032.739990234375,1033.0150146484375,1032.5799560546875,1032.989990234375,2425,COST,1m
2026-05-22 14:10:00+00:00,1032.580078125,1032.7850341796875,1030.8699951171875,1030.8800048828125,9033,COST,1m
2026-05-22 14:11:00+00:00,1030.8399658203125,1031.0799560546875,1029.780029296875,1030.0400390625,12459,COST,1m
2026-05-22 14:12:00+00:00,1030.3599853515625,1030.3800048828125,1029.760009765625,1029.9625244140625,8593,COST,1m
2026-05-22 14:13:00+00:00,1029.47998046875,1029.8499755859375,1028.25,1028.885009765625,13741,COST,1m
2026-05-22 14:14:00+00:00,1028.8199462890625,1028.8199462890625,1026.31005859375,1027.1700439453125,14550,COST,1m
2026-05-22 14:15:00+00:00,1026.9549560546875,1028.6400146484375,1026.9549560546875,1028.1961669921875,6381,COST,1m
2026-05-22 14:16:00+00:00,1028.6300048828125,1029.1600341796875,1028.280029296875,1028.3900146484375,3298,COST,1m
2026-05-22 14:17:00+00:00,1028.3900146484375,1028.9200439453125,1027.9200439453125,1028.260009765625,4219,COST,1m
2026-05-22 14:18:00+00:00,1028.1099853515625,1028.4000244140625,1027.780029296875,1027.8277587890625,3573,COST,1m
2026-05-22 14:19:00+00:00,1027.439697265625,1028.15869140625,1027.405029296875,1027.5699462890625,2561,COST,1m
2026-05-22 14:20:00+00:00,1027.93994140625,1028.47998046875,1027.0,1028.389892578125,12836,COST,1m
2026-05-22 14:21:00+00:00,1028.280029296875,1028.3900146484375,1027.6400146484375,1027.6400146484375,5038,COST,1m
2026-05-22 14:22:00+00:00,1027.81005859375,1028.3299560546875,1027.81005859375,1028.300048828125,2481,COST,1m
2026-05-22 14:23:00+00:00,1028.3699951171875,1028.8419189453125,1027.77001953125,1027.77001953125,5157,COST,1m
2026-05-22 14:24:00+00:00,1028.050048828125,1028.969970703125,1028.050048828125,1028.9100341796875,3517,COST,1m
2026-05-22 14:25:00+00:00,1028.7149658203125,1028.8499755859375,1028.52001953125,1028.81494140625,2600,COST,1m
2026-05-22 14:26:00+00:00,1028.719970703125,1029.030029296875,1028.06005859375,1028.2650146484375,3412,COST,1m
2026-05-22 14:27:00+00:00,1027.989990234375,1028.125,1027.469970703125,1027.5250244140625,6148,COST,1m
2026-05-22 14:28:00+00:00,1027.4649658203125,1027.52001953125,1026.4449462890625,1026.4449462890625,3484,COST,1m
2026-05-22 14:29:00+00:00,1026.4300537109375,1026.5,1025.8199462890625,1026.4599609375,4366,COST,1m
2026-05-22 14:30:00+00:00,1027.0400390625,1028.68994140625,1027.0400390625,1028.52001953125,6166,COST,1m
2026-05-22 14:31:00+00:00,1028.18994140625,1028.22998046875,1027.510009765625,1027.510009765625,4329,COST,1m
2026-05-22 14:32:00+00:00,1027.550048828125,1027.550048828125,1027.3299560546875,1027.4100341796875,2672,COST,1m
2026-05-22 14:33:00+00:00,1027.300048828125,1027.4200439453125,1027.1199951171875,1027.3900146484375,2046,COST,1m
2026-05-22 14:34:00+00:00,1027.1949462890625,1027.1949462890625,1026.6800537109375,1026.7850341796875,2686,COST,1m
2026-05-22 14:35:00+00:00,1026.5899658203125,1027.8349609375,1026.5799560546875,1027.3499755859375,5210,COST,1m
2026-05-22 14:36:00+00:00,1027.3499755859375,1027.3599853515625,1027.010009765625,1027.3050537109375,2985,COST,1m
2026-05-22 14:37:00+00:00,1027.3900146484375,1027.9000244140625,1027.219970703125,1027.9000244140625,4830,COST,1m
2026-05-22 14:38:00+00:00,1027.9000244140625,1028.1075439453125,1027.510009765625,1027.6300048828125,2912,COST,1m
2026-05-22 14:39:00+00:00,1028.06494140625,1028.280029296875,1027.3800048828125,1027.3800048828125,3514,COST,1m
2026-05-22 14:40:00+00:00,1027.1099853515625,1027.1099853515625,1025.6300048828125,1025.6300048828125,3790,COST,1m
2026-05-22 14:41:00+00:00,1025.56005859375,1026.1005859375,1025.56005859375,1026.06494140625,1844,COST,1m
2026-05-22 14:42:00+00:00,1026.0400390625,1026.5150146484375,1025.7100830078125,1026.5150146484375,3054,COST,1m
2026-05-22 14:43:00+00:00,1026.6700439453125,1027.267822265625,1026.6700439453125,1026.93505859375,2743,COST,1m
2026-05-22 14:44:00+00:00,1026.93505859375,1027.8599853515625,1026.9324951171875,1027.4749755859375,3252,COST,1m
2026-05-22 14:45:00+00:00,1027.4849853515625,1028.0400390625,1027.47998046875,1028.0400390625,3564,COST,1m
2026-05-22 14:46:00+00:00,1028.469970703125,1028.6767578125,1028.1700439453125,1028.449951171875,2547,COST,1m
2026-05-22 14:47:00+00:00,1028.6031494140625,1029.02001953125,1028.3299560546875,1028.6700439453125,4726,COST,1m
2026-05-22 14:48:00+00:00,1028.510009765625,1029.0,1028.510009765625,1029.0,2650,COST,1m
2026-05-22 14:49:00+00:00,1029.219970703125,1029.5400390625,1029.050048828125,1029.31494140625,3411,COST,1m
2026-05-22 14:50:00+00:00,1029.1199951171875,1029.1300048828125,1028.2900390625,1028.6199951171875,2485,COST,1m
2026-05-22 14:51:00+00:00,1029.114990234375,1029.114990234375,1028.31005859375,1028.31005859375,3267,COST,1m
2026-05-22 14:52:00+00:00,1028.1746826171875,1028.56005859375,1028.0699462890625,1028.1400146484375,3620,COST,1m
2026-05-22 14:53:00+00:00,1028.199951171875,1029.223876953125,1028.070068359375,1029.030029296875,3405,COST,1m
2026-05-22 14:54:00+00:00,1029.2900390625,1029.30078125,1028.81005859375,1029.30078125,1520,COST,1m
2026-05-22 14:55:00+00:00,1029.3199462890625,1029.4208984375,1028.5,1028.5,1915,COST,1m
2026-05-22 14:56:00+00:00,1028.47998046875,1028.72998046875,1028.300048828125,1028.4449462890625,6426,COST,1m
2026-05-22 14:57:00+00:00,1028.43505859375,1029.489990234375,1028.43505859375,1029.0350341796875,3641,COST,1m
2026-05-22 14:58:00+00:00,1029.2750244140625,1029.56005859375,1029.1400146484375,1029.219970703125,6806,COST,1m
2026-05-22 14:59:00+00:00,1029.010009765625,1029.199951171875,1028.300048828125,1029.0699462890625,2884,COST,1m
2026-05-22 15:00:00+00:00,1029.260009765625,1030.762451171875,1029.0001220703125,1030.7249755859375,4371,COST,1m
2026-05-22 15:01:00+00:00,1030.5,1031.0999755859375,1030.4150390625,1030.8499755859375,10306,COST,1m
2026-05-22 15:02:00+00:00,1031.0238037109375,1031.300048828125,1030.550048828125,1031.300048828125,2201,COST,1m
2026-05-22 15:03:00+00:00,1031.1600341796875,1031.9000244140625,1031.1600341796875,1031.52001953125,5125,COST,1m
2026-05-22 15:04:00+00:00,1031.5050048828125,1031.699951171875,1031.0999755859375,1031.3299560546875,3063,COST,1m
2026-05-22 15:05:00+00:00,1031.3499755859375,1031.3499755859375,1031.010009765625,1031.010009765625,1801,COST,1m
2026-05-22 15:06:00+00:00,1031.2049560546875,1031.4100341796875,1030.219970703125,1031.3800048828125,6532,COST,1m
2026-05-22 15:07:00+00:00,1030.9200439453125,1030.9649658203125,1030.489990234375,1030.489990234375,1795,COST,1m
2026-05-22 15:08:00+00:00,1030.6949462890625,1030.8387451171875,1029.0281982421875,1029.510009765625,4923,COST,1m
2026-05-22 15:09:00+00:00,1029.326171875,1029.5,1028.010009765625,1028.25,7133,COST,1m
2026-05-22 15:10:00+00:00,1028.219970703125,1028.219970703125,1027.3603515625,1027.3603515625,2798,COST,1m
2026-05-22 15:11:00+00:00,1027.22998046875,1027.3800048828125,1026.780029296875,1027.0,3135,COST,1m
2026-05-22 15:12:00+00:00,1027.010009765625,1027.2999267578125,1026.6300048828125,1026.6300048828125,1937,COST,1m
2026-05-22 15:13:00+00:00,1026.7750244140625,1027.169921875,1026.0101318359375,1026.280029296875,6603,COST,1m
2026-05-22 15:14:00+00:00,1026.2850341796875,1026.3399658203125,1025.699951171875,1025.719970703125,4864,COST,1m
2026-05-22 15:15:00+00:00,1025.9898681640625,1025.9898681640625,1025.2801513671875,1025.4599609375,8948,COST,1m
2026-05-22 15:16:00+00:00,1025.6650390625,1026.1800537109375,1025.3800048828125,1026.0450439453125,3831,COST,1m
2026-05-22 15:17:00+00:00,1026.2550048828125,1027.1700439453125,1026.2550048828125,1026.9599609375,2428,COST,1m
2026-05-22 15:18:00+00:00,1026.969970703125,1027.8499755859375,1026.9649658203125,1027.8499755859375,3654,COST,1m
2026-05-22 15:19:00+00:00,1027.219970703125,1028.0400390625,1027.219970703125,1027.7049560546875,2055,COST,1m
2026-05-22 15:20:00+00:00,1027.68017578125,1027.8050537109375,1027.5,1027.8050537109375,1413,COST,1m
2026-05-22 15:21:00+00:00,1027.6099853515625,1028.06005859375,1027.43505859375,1028.050048828125,2575,COST,1m
2026-05-22 15:22:00+00:00,1028.2249755859375,1028.510986328125,1027.9200439453125,1028.02001953125,3423,COST,1m
2026-05-22 15:23:00+00:00,1028.0400390625,1028.6300048828125,1027.530029296875,1028.6300048828125,3304,COST,1m
2026-05-22 15:24:00+00:00,1028.7850341796875,1028.7850341796875,1028.06005859375,1028.06005859375,1963,COST,1m
2026-05-22 15:25:00+00:00,1028.2900390625,1028.635009765625,1028.2900390625,1028.3599853515625,1765,COST,1m
2026-05-22 15:26:00+00:00,1028.52001953125,1029.1949462890625,1028.52001953125,1029.0,2321,COST,1m
2026-05-22 15:27:00+00:00,1028.905029296875,1029.56005859375,1028.71337890625,1029.5,3329,COST,1m
2026-05-22 15:28:00+00:00,1029.6199951171875,1029.8699951171875,1029.0,1029.0,3607,COST,1m
2026-05-22 15:29:00+00:00,1029.2900390625,1029.6400146484375,1029.2900390625,1029.6400146484375,1376,COST,1m
2026-05-22 15:30:00+00:00,1029.6650390625,1029.6650390625,1029.3800048828125,1029.594970703125,2210,COST,1m
2026-05-22 15:31:00+00:00,1029.8399658203125,1030.0,1029.5899658203125,1029.9898681640625,2531,COST,1m
2026-05-22 15:32:00+00:00,1029.4849853515625,1029.821533203125,1029.4849853515625,1029.7449951171875,1516,COST,1m
2026-05-22 15:33:00+00:00,1029.7550048828125,1030.75,1029.7550048828125,1030.5899658203125,2936,COST,1m
2026-05-22 15:34:00+00:00,1030.5899658203125,1030.5899658203125,1030.16015625,1030.52001953125,1213,COST,1m
2026-05-22 15:35:00+00:00,1030.1700439453125,1030.3800048828125,1029.969970703125,1029.969970703125,1382,COST,1m
2026-05-22 15:36:00+00:00,1030.1700439453125,1030.699951171875,1029.8399658203125,1029.8399658203125,3510,COST,1m
2026-05-22 15:37:00+00:00,1030.0400390625,1030.0999755859375,1029.68994140625,1029.762451171875,2277,COST,1m
2026-05-22 15:38:00+00:00,1029.9000244140625,1030.010009765625,1029.1600341796875,1029.265869140625,4990,COST,1m
2026-05-22 15:39:00+00:00,1029.4969482421875,1029.4969482421875,1029.0899658203125,1029.0899658203125,1818,COST,1m
2026-05-22 15:40:00+00:00,1029.7900390625,1030.0999755859375,1029.7900390625,1029.9300537109375,1803,COST,1m
2026-05-22 15:41:00+00:00,1030.08837890625,1030.239990234375,1029.989990234375,1029.989990234375,2078,COST,1m
2026-05-22 15:42:00+00:00,1030.1500244140625,1030.489990234375,1030.1500244140625,1030.489990234375,1849,COST,1m
2026-05-22 15:43:00+00:00,1030.219970703125,1030.989990234375,1030.219970703125,1030.8699951171875,3905,COST,1m
2026-05-22 15:44:00+00:00,1031.010009765625,1031.010009765625,1030.8699951171875,1030.927490234375,1677,COST,1m
2026-05-22 15:45:00+00:00,1031.2099609375,1031.5400390625,1031.2099609375,1031.3599853515625,364,COST,1m
2026-05-22 15:46:00+00:00,1031.3599853515625,1031.614990234375,1031.3599853515625,1031.5899658203125,1624,COST,1m
2026-05-22 15:47:00+00:00,1031.5899658203125,1031.5899658203125,1030.7349853515625,1030.9949951171875,2286,COST,1m
2026-05-22 15:48:00+00:00,1031.175048828125,1031.2900390625,1030.9949951171875,1031.2900390625,2009,COST,1m
2026-05-22 15:49:00+00:00,1031.094970703125,1031.3599853515625,1030.550048828125,1031.0,2793,COST,1m
2026-05-22 15:50:00+00:00,1030.885009765625,1030.885009765625,1030.75,1030.75,1139,COST,1m
2026-05-22 15:51:00+00:00,1030.75,1030.75,1030.5699462890625,1030.75,3719,COST,1m
2026-05-22 15:52:00+00:00,1030.510009765625,1031.0,1030.3199462890625,1030.89501953125,3220,COST,1m
2026-05-22 15:53:00+00:00,1031.0,1031.0999755859375,1030.7900390625,1030.8800048828125,1947,COST,1m
2026-05-22 15:54:00+00:00,1030.875,1031.2900390625,1030.875,1031.0799560546875,2230,COST,1m
2026-05-22 15:55:00+00:00,1031.2900390625,1032.0,1031.067626953125,1031.93994140625,2604,COST,1m
2026-05-22 15:56:00+00:00,1032.280029296875,1032.280029296875,1032.0799560546875,1032.18994140625,1590,COST,1m
2026-05-22 15:57:00+00:00,1032.1700439453125,1032.199951171875,1031.3399658203125,1031.3800048828125,4452,COST,1m
2026-05-22 15:58:00+00:00,1031.6810302734375,1031.6810302734375,1031.1500244140625,1031.1500244140625,488,COST,1m
2026-05-22 15:59:00+00:00,1031.4200439453125,1031.9100341796875,1031.4200439453125,1031.9100341796875,1520,COST,1m
2026-05-22 16:00:00+00:00,1031.56005859375,1032.0,1030.5999755859375,1030.8800048828125,5706,COST,1m
2026-05-22 16:01:00+00:00,1030.969970703125,1031.074951171875,1030.969970703125,1031.0699462890625,549,COST,1m
2026-05-22 16:02:00+00:00,1031.112548828125,1031.112548828125,1030.614013671875,1030.623046875,1519,COST,1m
2026-05-22 16:03:00+00:00,1030.844970703125,1030.844970703125,1030.39501953125,1030.6800537109375,1553,COST,1m
2026-05-22 16:04:00+00:00,1030.6650390625,1030.7923583984375,1030.6650390625,1030.68994140625,478,COST,1m
2026-05-22 16:05:00+00:00,1030.3199462890625,1030.4100341796875,1030.22998046875,1030.260009765625,2434,COST,1m
2026-05-22 16:06:00+00:00,1030.219970703125,1030.4384765625,1030.0,1030.0,2054,COST,1m
2026-05-22 16:07:00+00:00,1030.1400146484375,1030.6099853515625,1030.0,1030.6099853515625,3246,COST,1m
2026-05-22 16:08:00+00:00,1030.6700439453125,1030.8399658203125,1030.3499755859375,1030.35498046875,2629,COST,1m
2026-05-22 16:09:00+00:00,1030.35498046875,1030.35498046875,1030.0899658203125,1030.18505859375,2010,COST,1m
2026-05-22 16:10:00+00:00,1029.9300537109375,1029.9300537109375,1029.655029296875,1029.887451171875,1087,COST,1m
2026-05-22 16:11:00+00:00,1029.844970703125,1030.1099853515625,1029.81005859375,1030.010009765625,1590,COST,1m
2026-05-22 16:12:00+00:00,1030.3499755859375,1031.0400390625,1030.300048828125,1030.449951171875,5447,COST,1m
2026-05-22 16:13:00+00:00,1030.875,1030.875,1030.72998046875,1030.7349853515625,1229,COST,1m
2026-05-22 16:14:00+00:00,1030.739990234375,1031.219970703125,1030.739990234375,1031.0,1619,COST,1m
2026-05-22 16:15:00+00:00,1030.9080810546875,1031.1600341796875,1030.6199951171875,1031.0999755859375,2693,COST,1m
2026-05-22 16:16:00+00:00,1031.6400146484375,1031.9000244140625,1031.5999755859375,1031.719970703125,1817,COST,1m
2026-05-22 16:17:00+00:00,1032.06005859375,1032.06005859375,1031.18994140625,1031.6099853515625,5308,COST,1m
2026-05-22 16:18:00+00:00,1031.3499755859375,1031.6400146484375,1031.3499755859375,1031.6400146484375,673,COST,1m
2026-05-22 16:19:00+00:00,1031.35498046875,1031.35498046875,1031.010009765625,1031.074951171875,1342,COST,1m
2026-05-22 16:20:00+00:00,1030.8900146484375,1031.0550537109375,1030.2099609375,1030.594970703125,6881,COST,1m
2026-05-22 16:21:00+00:00,1030.6700439453125,1030.6700439453125,1030.2100830078125,1030.594970703125,1205,COST,1m
2026-05-22 16:22:00+00:00,1030.594970703125,1030.969970703125,1030.594970703125,1030.7900390625,2707,COST,1m
2026-05-22 16:23:00+00:00,1030.56005859375,1030.56005859375,1030.47998046875,1030.4949951171875,596,COST,1m
2026-05-22 16:24:00+00:00,1030.60400390625,1030.969970703125,1030.60400390625,1030.655029296875,1547,COST,1m
2026-05-22 16:25:00+00:00,1030.449951171875,1030.6650390625,1030.3499755859375,1030.6650390625,858,COST,1m
2026-05-22 16:26:00+00:00,1030.6650390625,1030.969970703125,1030.43994140625,1030.7049560546875,2102,COST,1m
2026-05-22 16:27:00+00:00,1030.949951171875,1030.949951171875,1030.25,1030.25,1741,COST,1m
2026-05-22 16:28:00+00:00,1030.3399658203125,1030.8199462890625,1030.3399658203125,1030.3599853515625,2362,COST,1m
2026-05-22 16:29:00+00:00,1030.6650390625,1031.0999755859375,1030.5899658203125,1030.97998046875,3700,COST,1m
2026-05-22 16:30:00+00:00,1031.06005859375,1031.4749755859375,1030.6600341796875,1031.1500244140625,1867,COST,1m
2026-05-22 16:31:00+00:00,1031.39501953125,1031.39501953125,1031.06005859375,1031.06005859375,1100,COST,1m
2026-05-22 16:32:00+00:00,1031.1700439453125,1031.43994140625,1031.050048828125,1031.40966796875,1688,COST,1m
2026-05-22 16:33:00+00:00,1031.1800537109375,1031.52001953125,1030.5899658203125,1030.5999755859375,1614,COST,1m
2026-05-22 16:34:00+00:00,1030.9000244140625,1030.9000244140625,1030.2850341796875,1030.2850341796875,2084,COST,1m
2026-05-22 16:35:00+00:00,1030.2850341796875,1030.6431884765625,1030.1199951171875,1030.3800048828125,1175,COST,1m
2026-05-22 16:36:00+00:00,1030.239990234375,1030.6600341796875,1030.239990234375,1030.5400390625,1538,COST,1m
2026-05-22 16:37:00+00:00,1030.80859375,1031.1099853515625,1030.510009765625,1031.050048828125,3519,COST,1m
2026-05-22 16:38:00+00:00,1031.510009765625,1031.75,1031.1800537109375,1031.1800537109375,1855,COST,1m
2026-05-22 16:39:00+00:00,1031.1700439453125,1031.4200439453125,1031.0799560546875,1031.1300048828125,1480,COST,1m
2026-05-22 16:40:00+00:00,1031.4560546875,1031.4560546875,1030.8399658203125,1031.22998046875,2478,COST,1m
2026-05-22 16:41:00+00:00,1031.5,1031.5,1029.81005859375,1030.4599609375,6809,COST,1m
2026-05-22 16:42:00+00:00,1030.4599609375,1030.56005859375,1030.1800537109375,1030.2099609375,1099,COST,1m
2026-05-22 16:43:00+00:00,1030.375,1030.375,1030.2099609375,1030.2099609375,976,COST,1m
2026-05-22 16:44:00+00:00,1030.280029296875,1030.280029296875,1030.0,1030.030029296875,838,COST,1m
2026-05-22 16:45:00+00:00,1030.31005859375,1030.5699462890625,1030.31005859375,1030.4449462890625,1964,COST,1m
2026-05-22 16:46:00+00:00,1030.47509765625,1030.6300048828125,1030.405029296875,1030.405029296875,1763,COST,1m
2026-05-22 16:47:00+00:00,1030.3199462890625,1030.3199462890625,1029.699951171875,1029.699951171875,2895,COST,1m
2026-05-22 16:48:00+00:00,1029.699951171875,1030.0,1029.699951171875,1029.925048828125,2675,COST,1m
2026-05-22 16:49:00+00:00,1029.699951171875,1029.8299560546875,1029.6400146484375,1029.75,2161,COST,1m
2026-05-22 16:50:00+00:00,1029.824951171875,1029.824951171875,1029.824951171875,1029.824951171875,1380,COST,1m
2026-05-22 16:51:00+00:00,1029.8499755859375,1029.85498046875,1029.571044921875,1029.85498046875,574,COST,1m
2026-05-22 16:52:00+00:00,1029.5999755859375,1030.1300048828125,1029.5799560546875,1029.8699951171875,1730,COST,1m
2026-05-22 16:53:00+00:00,1029.885009765625,1030.2349853515625,1029.885009765625,1030.2349853515625,1570,COST,1m
2026-05-22 16:54:00+00:00,1030.449951171875,1030.625,1030.2349853515625,1030.625,2525,COST,1m
2026-05-22 16:55:00+00:00,1030.4599609375,1030.8798828125,1030.4599609375,1030.8798828125,2451,COST,1m
2026-05-22 16:56:00+00:00,1030.5400390625,1030.68994140625,1029.6199951171875,1029.93505859375,2897,COST,1m
2026-05-22 16:57:00+00:00,1029.3900146484375,1029.4749755859375,1029.0999755859375,1029.0999755859375,1135,COST,1m
2026-05-22 16:58:00+00:00,1029.4000244140625,1029.4000244140625,1029.239990234375,1029.239990234375,1048,COST,1m
2026-05-22 16:59:00+00:00,1029.1700439453125,1029.1700439453125,1028.5999755859375,1028.77001953125,3016,COST,1m
2026-05-22 17:00:00+00:00,1029.2298583984375,1029.7900390625,1028.5799560546875,1029.5350341796875,2665,COST,1m
2026-05-22 17:01:00+00:00,1029.5400390625,1030.18994140625,1029.5400390625,1030.18994140625,1567,COST,1m
2026-05-22 17:02:00+00:00,1030.18994140625,1030.18994140625,1029.8900146484375,1029.8900146484375,1637,COST,1m
2026-05-22 17:03:00+00:00,1029.7149658203125,1029.75,1029.7149658203125,1029.75,880,COST,1m
2026-05-22 17:04:00+00:00,1029.81005859375,1029.81005859375,1029.6563720703125,1029.6563720703125,917,COST,1m
2026-05-22 17:05:00+00:00,1029.780029296875,1029.8800048828125,1029.530029296875,1029.7149658203125,1755,COST,1m
2026-05-22 17:06:00+00:00,1029.6199951171875,1029.6199951171875,1029.02001953125,1029.27001953125,4649,COST,1m
2026-05-22 17:07:00+00:00,1029.5250244140625,1029.868408203125,1029.420654296875,1029.868408203125,999,COST,1m
2026-05-22 17:08:00+00:00,1029.3499755859375,1029.969970703125,1029.3499755859375,1029.824951171875,1628,COST,1m
2026-05-22 17:09:00+00:00,1030.1500244140625,1030.6099853515625,1029.8800048828125,1030.6099853515625,1862,COST,1m
2026-05-22 17:10:00+00:00,1030.9000244140625,1030.9000244140625,1030.0849609375,1030.0849609375,5807,COST,1m
2026-05-22 17:11:00+00:00,1030.3199462890625,1030.7900390625,1030.260009765625,1030.7850341796875,4437,COST,1m
2026-05-22 17:12:00+00:00,1030.5799560546875,1030.5849609375,1030.1700439453125,1030.1700439453125,1359,COST,1m
2026-05-22 17:13:00+00:00,1030.1700439453125,1030.1700439453125,1029.739990234375,1029.739990234375,1779,COST,1m
2026-05-22 17:14:00+00:00,1030.5299072265625,1030.5299072265625,1030.01513671875,1030.01513671875,961,COST,1m
2026-05-22 17:15:00+00:00,1030.1700439453125,1030.1700439453125,1029.6700439453125,1029.6700439453125,2619,COST,1m
2026-05-22 17:16:00+00:00,1029.7099609375,1029.7099609375,1029.449951171875,1029.449951171875,1060,COST,1m
2026-05-22 17:17:00+00:00,1029.43505859375,1029.6199951171875,1029.300048828125,1029.6199951171875,1864,COST,1m
2026-05-22 17:18:00+00:00,1029.5899658203125,1029.5899658203125,1029.54248046875,1029.54248046875,2048,COST,1m
2026-05-22 17:19:00+00:00,1029.3699951171875,1029.5400390625,1028.9300537109375,1028.9300537109375,6159,COST,1m
2026-05-22 17:20:00+00:00,1029.2950439453125,1029.6500244140625,1029.2950439453125,1029.56005859375,2712,COST,1m
2026-05-22 17:21:00+00:00,1029.675048828125,1029.75,1029.35009765625,1029.75,663,COST,1m
2026-05-22 17:22:00+00:00,1029.510009765625,1029.510009765625,1029.1099853515625,1029.344970703125,1690,COST,1m
2026-05-22 17:23:00+00:00,1029.06005859375,1029.2900390625,1028.7099609375,1029.010009765625,2551,COST,1m
2026-05-22 17:24:00+00:00,1028.7200927734375,1028.905029296875,1028.4599609375,1028.4599609375,2493,COST,1m
2026-05-22 17:25:00+00:00,1028.8199462890625,1029.041748046875,1028.4300537109375,1028.925048828125,2660,COST,1m
2026-05-22 17:26:00+00:00,1028.9150390625,1028.9150390625,1028.37255859375,1028.375,1911,COST,1m
2026-05-22 17:27:00+00:00,1028.739990234375,1028.949951171875,1028.4949951171875,1028.7349853515625,1625,COST,1m
2026-05-22 17:28:00+00:00,1028.739990234375,1029.1240234375,1028.739990234375,1029.1240234375,2118,COST,1m
2026-05-22 17:29:00+00:00,1028.199951171875,1028.199951171875,1028.010009765625,1028.010009765625,1671,COST,1m
2026-05-22 17:30:00+00:00,1028.7099609375,1029.155029296875,1028.56494140625,1029.155029296875,6577,COST,1m
2026-05-22 17:31:00+00:00,1029.27001953125,1029.324951171875,1028.239990234375,1028.239990234375,1957,COST,1m
2026-05-22 17:32:00+00:00,1028.0,1028.010009765625,1027.8499755859375,1028.010009765625,2413,COST,1m
2026-05-22 17:33:00+00:00,1028.25,1028.8699951171875,1028.25,1028.8699951171875,1388,COST,1m
2026-05-22 17:34:00+00:00,1028.43994140625,1028.594970703125,1028.239990234375,1028.239990234375,1218,COST,1m
2026-05-22 17:35:00+00:00,1028.47998046875,1028.699951171875,1028.364990234375,1028.699951171875,1306,COST,1m
2026-05-22 17:36:00+00:00,1028.8699951171875,1028.8699951171875,1028.5550537109375,1028.5550537109375,1367,COST,1m
2026-05-22 17:38:00+00:00,1028.614990234375,1028.969970703125,1028.0,1028.0,3896,COST,1m
2026-05-22 17:39:00+00:00,1027.6199951171875,1027.7099609375,1026.8499755859375,1027.4000244140625,8791,COST,1m
2026-05-22 17:40:00+00:00,1027.6199951171875,1027.9599609375,1027.1500244140625,1027.760009765625,6056,COST,1m
2026-05-22 17:41:00+00:00,1027.7550048828125,1028.1700439453125,1027.7550048828125,1028.1700439453125,1231,COST,1m
2026-05-22 17:42:00+00:00,1027.89501953125,1028.4649658203125,1027.81005859375,1028.4649658203125,3166,COST,1m
2026-05-22 17:43:00+00:00,1028.5899658203125,1029.2099609375,1028.5899658203125,1029.050048828125,2990,COST,1m
2026-05-22 17:44:00+00:00,1029.0999755859375,1029.5,1029.0,1029.0799560546875,3406,COST,1m
2026-05-22 17:45:00+00:00,1028.8699951171875,1029.1700439453125,1028.8699951171875,1029.1700439453125,1066,COST,1m
2026-05-22 17:46:00+00:00,1029.5450439453125,1029.5450439453125,1028.110107421875,1028.110107421875,2214,COST,1m
2026-05-22 17:47:00+00:00,1028.43505859375,1028.43994140625,1027.6800537109375,1027.8349609375,1537,COST,1m
2026-05-22 17:48:00+00:00,1027.8349609375,1028.6800537109375,1027.8349609375,1028.375,2214,COST,1m
2026-05-22 17:49:00+00:00,1028.5050048828125,1028.5050048828125,1028.0,1028.3699951171875,1202,COST,1m
2026-05-22 17:50:00+00:00,1027.8900146484375,1028.3800048828125,1027.8699951171875,1028.1629638671875,1464,COST,1m
2026-05-22 17:51:00+00:00,1028.280029296875,1028.7449951171875,1027.9000244140625,1028.14013671875,2456,COST,1m
2026-05-22 17:52:00+00:00,1028.1500244140625,1028.7374267578125,1028.1500244140625,1028.3199462890625,1090,COST,1m
2026-05-22 17:53:00+00:00,1028.56494140625,1029.030029296875,1028.56494140625,1029.030029296875,2172,COST,1m
2026-05-22 17:54:00+00:00,1028.8199462890625,1029.1400146484375,1028.3900146484375,1028.3900146484375,2708,COST,1m
2026-05-22 17:55:00+00:00,1028.550048828125,1028.7933349609375,1028.5400390625,1028.7933349609375,435,COST,1m
2026-05-22 17:56:00+00:00,1028.550048828125,1028.68994140625,1028.1800537109375,1028.5150146484375,2511,COST,1m
2026-05-22 17:57:00+00:00,1028.344970703125,1028.510009765625,1028.1500244140625,1028.3599853515625,4096,COST,1m
2026-05-22 17:58:00+00:00,1028.3375244140625,1028.52001953125,1028.3349609375,1028.3349609375,649,COST,1m
2026-05-22 17:59:00+00:00,1028.3399658203125,1028.6300048828125,1028.1300048828125,1028.6300048828125,2214,COST,1m
2026-05-22 18:00:00+00:00,1028.8199462890625,1029.6500244140625,1028.8199462890625,1029.5550537109375,2615,COST,1m
2026-05-22 18:01:00+00:00,1029.5550537109375,1029.8199462890625,1029.5550537109375,1029.77001953125,2911,COST,1m
2026-05-22 18:02:00+00:00,1030.0699462890625,1030.405029296875,1030.0699462890625,1030.405029296875,1229,COST,1m
2026-05-22 18:03:00+00:00,1030.280029296875,1030.81494140625,1030.2349853515625,1030.81494140625,2565,COST,1m
2026-05-22 18:04:00+00:00,1030.6600341796875,1030.6600341796875,1029.7750244140625,1030.0849609375,4980,COST,1m
2026-05-22 18:05:00+00:00,1030.0849609375,1030.324951171875,1030.0,1030.0,1510,COST,1m
2026-05-22 18:06:00+00:00,1030.0400390625,1030.344970703125,1030.0400390625,1030.344970703125,1153,COST,1m
2026-05-22 18:07:00+00:00,1030.1700439453125,1030.7449951171875,1029.8800048828125,1030.68994140625,63203,COST,1m
2026-05-22 18:08:00+00:00,1030.6600341796875,1030.6600341796875,1030.2900390625,1030.4100341796875,9324,COST,1m
2026-05-22 18:09:00+00:00,1030.4150390625,1030.489990234375,1030.1400146484375,1030.489990234375,1725,COST,1m
2026-05-22 18:10:00+00:00,1030.5640869140625,1030.5640869140625,1029.81005859375,1029.875,2664,COST,1m
2026-05-22 18:11:00+00:00,1029.7900390625,1029.8499755859375,1029.43994140625,1029.8499755859375,1918,COST,1m
2026-05-22 18:12:00+00:00,1029.9200439453125,1030.1390380859375,1029.9200439453125,1030.1390380859375,1094,COST,1m
2026-05-22 18:13:00+00:00,1030.1099853515625,1030.1099853515625,1029.75,1029.760009765625,1465,COST,1m
2026-05-22 18:14:00+00:00,1029.97998046875,1030.16796875,1029.56005859375,1029.56005859375,1860,COST,1m
2026-05-22 18:15:00+00:00,1029.699951171875,1029.72998046875,1029.27001953125,1029.27001953125,1290,COST,1m
2026-05-22 18:16:00+00:00,1029.4300537109375,1029.4549560546875,1027.43994140625,1027.5,11234,COST,1m
2026-05-22 18:17:00+00:00,1027.6300048828125,1028.989990234375,1027.1300048828125,1028.7550048828125,11140,COST,1m
2026-05-22 18:18:00+00:00,1028.458984375,1029.1099853515625,1028.27001953125,1029.0341796875,2284,COST,1m
2026-05-22 18:19:00+00:00,1028.6400146484375,1028.93994140625,1028.6400146484375,1028.7249755859375,1453,COST,1m
2026-05-22 18:20:00+00:00,1029.0050048828125,1029.3599853515625,1028.9599609375,1029.3599853515625,1268,COST,1m
2026-05-22 18:21:00+00:00,1029.31005859375,1029.719970703125,1028.6700439453125,1029.719970703125,3041,COST,1m
2026-05-22 18:22:00+00:00,1029.3199462890625,1029.3599853515625,1029.037841796875,1029.2900390625,2462,COST,1m
2026-05-22 18:23:00+00:00,1029.2900390625,1029.739990234375,1029.0999755859375,1029.0999755859375,1556,COST,1m
2026-05-22 18:24:00+00:00,1029.6099853515625,1029.6099853515625,1028.9300537109375,1029.25,1932,COST,1m
2026-05-22 18:25:00+00:00,1029.1624755859375,1029.97998046875,1029.1624755859375,1029.7349853515625,3487,COST,1m
2026-05-22 18:26:00+00:00,1029.75,1029.75,1029.0899658203125,1029.0899658203125,1466,COST,1m
2026-05-22 18:27:00+00:00,1029.364990234375,1029.364990234375,1029.364990234375,1029.364990234375,326,COST,1m
2026-05-22 18:28:00+00:00,1029.4000244140625,1029.4000244140625,1028.9300537109375,1029.06494140625,1922,COST,1m
2026-05-22 18:29:00+00:00,1029.0675048828125,1029.2900390625,1029.0675048828125,1029.074951171875,708,COST,1m
2026-05-22 18:30:00+00:00,1029.074951171875,1029.3900146484375,1028.800048828125,1029.280029296875,2391,COST,1m
2026-05-22 18:31:00+00:00,1029.1400146484375,1029.5,1029.06005859375,1029.06005859375,1429,COST,1m
2026-05-22 18:32:00+00:00,1029.3900146484375,1029.510009765625,1029.050048828125,1029.050048828125,2815,COST,1m
2026-05-22 18:33:00+00:00,1029.2349853515625,1029.2349853515625,1028.8199462890625,1028.8199462890625,1496,COST,1m
2026-05-22 18:34:00+00:00,1028.5699462890625,1029.0198974609375,1027.35498046875,1027.552490234375,2489,COST,1m
2026-05-22 18:35:00+00:00,1027.010498046875,1027.8609619140625,1027.0001220703125,1027.0001220703125,1095,COST,1m
2026-05-22 18:36:00+00:00,1027.0,1027.3175048828125,1027.0,1027.3175048828125,2251,COST,1m
2026-05-22 18:37:00+00:00,1027.27001953125,1027.280029296875,1027.175048828125,1027.197509765625,5501,COST,1m
2026-05-22 18:38:00+00:00,1027.375,1027.425048828125,1027.3599853515625,1027.425048828125,1145,COST,1m
2026-05-22 18:39:00+00:00,1027.300048828125,1027.5499267578125,1027.1700439453125,1027.4549560546875,4173,COST,1m
2026-05-22 18:40:00+00:00,1027.7349853515625,1027.875,1027.7349853515625,1027.875,1004,COST,1m
2026-05-22 18:41:00+00:00,1027.56005859375,1028.0,1027.56005859375,1028.0,1275,COST,1m
2026-05-22 18:42:00+00:00,1028.3199462890625,1028.550048828125,1028.3199462890625,1028.5050048828125,619,COST,1m
2026-05-22 18:43:00+00:00,1028.510009765625,1028.7850341796875,1028.31005859375,1028.7850341796875,1460,COST,1m
2026-05-22 18:44:00+00:00,1028.800048828125,1028.800048828125,1028.5400390625,1028.56005859375,1219,COST,1m
2026-05-22 18:45:00+00:00,1028.7750244140625,1029.0,1028.1600341796875,1028.3199462890625,3555,COST,1m
2026-05-22 18:46:00+00:00,1028.1500244140625,1028.669921875,1028.1400146484375,1028.35498046875,1935,COST,1m
2026-05-22 18:47:00+00:00,1028.4649658203125,1028.7430419921875,1028.02001953125,1028.02001953125,1882,COST,1m
2026-05-22 18:48:00+00:00,1027.9449462890625,1027.97998046875,1027.47998046875,1027.9000244140625,8067,COST,1m
2026-05-22 18:49:00+00:00,1028.1300048828125,1028.1300048828125,1027.6458740234375,1027.6458740234375,1890,COST,1m
2026-05-22 18:50:00+00:00,1028.1700439453125,1028.1700439453125,1027.9100341796875,1027.9100341796875,836,COST,1m
2026-05-22 18:51:00+00:00,1027.8599853515625,1027.9549560546875,1027.739990234375,1027.739990234375,1164,COST,1m
2026-05-22 18:52:00+00:00,1027.739990234375,1027.739990234375,1027.510009765625,1027.68994140625,1032,COST,1m
2026-05-22 18:53:00+00:00,1027.7449951171875,1028.0,1027.7449951171875,1028.0,2287,COST,1m
2026-05-22 18:54:00+00:00,1027.8299560546875,1027.8299560546875,1027.199951171875,1027.5400390625,7776,COST,1m
2026-05-22 18:55:00+00:00,1027.614990234375,1027.780029296875,1027.5,1027.780029296875,3501,COST,1m
2026-05-22 18:56:00+00:00,1027.8699951171875,1028.0,1027.5799560546875,1027.5799560546875,2108,COST,1m
2026-05-22 18:57:00+00:00,1028.06005859375,1028.06005859375,1027.0899658203125,1027.1324462890625,3317,COST,1m
2026-05-22 18:58:00+00:00,1027.4100341796875,1027.4100341796875,1026.362548828125,1026.362548828125,10828,COST,1m
2026-05-22 18:59:00+00:00,1026.4649658203125,1026.75,1026.4649658203125,1026.52001953125,3135,COST,1m
2026-05-22 19:00:00+00:00,1026.4100341796875,1026.68994140625,1026.2601318359375,1026.5699462890625,3026,COST,1m
2026-05-22 19:01:00+00:00,1026.5699462890625,1027.33984375,1026.5699462890625,1027.0050048828125,2025,COST,1m
2026-05-22 19:02:00+00:00,1026.9849853515625,1027.0999755859375,1026.6099853515625,1026.6099853515625,2030,COST,1m
2026-05-22 19:03:00+00:00,1027.3299560546875,1027.3299560546875,1026.8599853515625,1026.8699951171875,4544,COST,1m
2026-05-22 19:04:00+00:00,1026.8699951171875,1027.27001953125,1026.8699951171875,1026.9100341796875,1928,COST,1m
2026-05-22 19:05:00+00:00,1027.27001953125,1027.27001953125,1027.074951171875,1027.074951171875,3097,COST,1m
2026-05-22 19:06:00+00:00,1026.9200439453125,1026.989990234375,1026.550048828125,1026.7249755859375,6517,COST,1m
2026-05-22 19:07:00+00:00,1026.8399658203125,1027.3399658203125,1026.7149658203125,1027.3349609375,5280,COST,1m
2026-05-22 19:08:00+00:00,1027.3399658203125,1027.800048828125,1027.0799560546875,1027.800048828125,1815,COST,1m
2026-05-22 19:09:00+00:00,1027.75,1027.989990234375,1027.6600341796875,1027.989990234375,3116,COST,1m
2026-05-22 19:10:00+00:00,1028.02001953125,1028.3800048828125,1027.6138916015625,1028.314453125,1898,COST,1m
2026-05-22 19:11:00+00:00,1028.2349853515625,1028.43994140625,1028.1400146484375,1028.3699951171875,2548,COST,1m
2026-05-22 19:12:00+00:00,1028.5,1029.0799560546875,1028.5,1028.824951171875,4896,COST,1m
2026-05-22 19:13:00+00:00,1029.0299072265625,1029.0299072265625,1028.5224609375,1028.5224609375,2421,COST,1m
2026-05-22 19:14:00+00:00,1028.47998046875,1028.81005859375,1027.9432373046875,1028.385009765625,9241,COST,1m
2026-05-22 19:15:00+00:00,1028.5284423828125,1028.5284423828125,1028.3900146484375,1028.52001953125,5109,COST,1m
2026-05-22 19:16:00+00:00,1028.530029296875,1028.5400390625,1027.3499755859375,1027.47998046875,3528,COST,1m
2026-05-22 19:17:00+00:00,1027.6800537109375,1028.18994140625,1027.6700439453125,1028.050048828125,2068,COST,1m
2026-05-22 19:18:00+00:00,1028.3499755859375,1028.5899658203125,1028.300048828125,1028.31005859375,2344,COST,1m
2026-05-22 19:19:00+00:00,1028.219970703125,1028.56005859375,1028.1199951171875,1028.1300048828125,3852,COST,1m
2026-05-22 19:20:00+00:00,1028.1199951171875,1028.6199951171875,1028.06005859375,1028.4599609375,3872,COST,1m
2026-05-22 19:21:00+00:00,1028.3050537109375,1029.0050048828125,1028.18994140625,1029.0050048828125,4053,COST,1m
2026-05-22 19:22:00+00:00,1028.7900390625,1029.599853515625,1028.7900390625,1029.5638427734375,3229,COST,1m
2026-05-22 19:23:00+00:00,1029.4100341796875,1029.469970703125,1029.0400390625,1029.3050537109375,6662,COST,1m
2026-05-22 19:24:00+00:00,1029.06005859375,1029.9200439453125,1028.3699951171875,1028.3699951171875,6826,COST,1m
2026-05-22 19:25:00+00:00,1028.375,1028.375,1028.010009765625,1028.02001953125,1786,COST,1m
2026-05-22 19:26:00+00:00,1028.13623046875,1028.199951171875,1027.8699951171875,1027.8699951171875,2624,COST,1m
2026-05-22 19:27:00+00:00,1027.85498046875,1027.8800048828125,1027.6300048828125,1027.81494140625,6812,COST,1m
2026-05-22 19:28:00+00:00,1027.81005859375,1027.9383544921875,1027.5799560546875,1027.8050537109375,2553,COST,1m
2026-05-22 19:29:00+00:00,1027.8050537109375,1028.2099609375,1027.5,1027.780029296875,9499,COST,1m
2026-05-22 19:30:00+00:00,1027.97998046875,1028.0050048828125,1027.239990234375,1027.3800048828125,4374,COST,1m
2026-05-22 19:31:00+00:00,1027.3299560546875,1027.3800048828125,1027.1109619140625,1027.3800048828125,1595,COST,1m
2026-05-22 19:32:00+00:00,1027.1500244140625,1027.3499755859375,1027.06005859375,1027.1300048828125,2670,COST,1m
2026-05-22 19:33:00+00:00,1027.1300048828125,1027.199951171875,1026.8399658203125,1027.0,5332,COST,1m
2026-05-22 19:34:00+00:00,1027.050048828125,1027.300048828125,1026.9000244140625,1027.2349853515625,9532,COST,1m
2026-05-22 19:35:00+00:00,1027.02001953125,1027.1700439453125,1026.969970703125,1027.1500244140625,3730,COST,1m
2026-05-22 19:36:00+00:00,1027.219970703125,1027.5250244140625,1027.095703125,1027.5,3378,COST,1m
2026-05-22 19:37:00+00:00,1027.5250244140625,1027.8900146484375,1027.4150390625,1027.7049560546875,9273,COST,1m
2026-05-22 19:38:00+00:00,1027.7049560546875,1027.7049560546875,1027.260009765625,1027.4599609375,5210,COST,1m
2026-05-22 19:39:00+00:00,1027.6600341796875,1027.9000244140625,1027.5250244140625,1027.9000244140625,3226,COST,1m
2026-05-22 19:40:00+00:00,1027.52001953125,1027.9300537109375,1027.4100341796875,1027.7149658203125,5274,COST,1m
2026-05-22 19:41:00+00:00,1027.6099853515625,1028.125,1027.5699462890625,1028.1199951171875,3340,COST,1m
2026-05-22 19:42:00+00:00,1028.27001953125,1028.27001953125,1027.8800048828125,1028.114990234375,8995,COST,1m
2026-05-22 19:43:00+00:00,1028.1400146484375,1028.800048828125,1028.1400146484375,1028.800048828125,3251,COST,1m
2026-05-22 19:44:00+00:00,1028.81005859375,1029.8399658203125,1028.7099609375,1029.6700439453125,8834,COST,1m
2026-05-22 19:45:00+00:00,1029.4700927734375,1029.97998046875,1029.4700927734375,1029.75,4145,COST,1m
2026-05-22 19:46:00+00:00,1029.864990234375,1030.1199951171875,1029.31005859375,1029.9798583984375,8141,COST,1m
2026-05-22 19:47:00+00:00,1029.7650146484375,1029.8800048828125,1029.449951171875,1029.5400390625,5686,COST,1m
2026-05-22 19:48:00+00:00,1029.6600341796875,1030.324951171875,1029.6600341796875,1030.280029296875,7144,COST,1m
2026-05-22 19:49:00+00:00,1030.4200439453125,1030.699951171875,1030.0799560546875,1030.0799560546875,13176,COST,1m
2026-05-22 19:50:00+00:00,1029.6300048828125,1029.6600341796875,1028.88525390625,1029.070068359375,7366,COST,1m
2026-05-22 19:51:00+00:00,1029.0,1029.239990234375,1028.5699462890625,1028.5699462890625,7548,COST,1m
2026-05-22 19:52:00+00:00,1028.489990234375,1029.1309814453125,1028.2900390625,1028.7950439453125,15177,COST,1m
2026-05-22 19:53:00+00:00,1028.5899658203125,1029.6214599609375,1028.5799560546875,1029.1300048828125,14764,COST,1m
2026-05-22 19:54:00+00:00,1029.1800537109375,1029.1800537109375,1028.260009765625,1028.453857421875,14245,COST,1m
2026-05-22 19:55:00+00:00,1028.6600341796875,1030.114990234375,1028.1199951171875,1030.112548828125,17402,COST,1m
2026-05-22 19:56:00+00:00,1029.97998046875,1030.1199951171875,1029.5699462890625,1029.7049560546875,16995,COST,1m
2026-05-22 19:57:00+00:00,1029.5699462890625,1029.5699462890625,1028.3499755859375,1028.5250244140625,30802,COST,1m
2026-05-22 19:58:00+00:00,1028.5400390625,1028.6700439453125,1027.949951171875,1027.949951171875,32966,COST,1m
2026-05-22 19:59:00+00:00,1028.0699462890625,1028.3699951171875,1027.5550537109375,1027.93994140625,65651,COST,1m
2026-05-26 13:30:00+00:00,1025.0999755859375,1027.0,1023.5,1024.8050537109375,53371,COST,1m
2026-05-26 13:31:00+00:00,1023.2999877929688,1024.4200439453125,1018.0001220703125,1019.3436279296875,17856,COST,1m
2026-05-26 13:32:00+00:00,1019.5700073242188,1019.5700073242188,1014.0,1014.2999877929688,14371,COST,1m
2026-05-26 13:33:00+00:00,1013.9199829101562,1014.3499755859375,1010.47998046875,1011.0,13173,COST,1m
2026-05-26 13:34:00+00:00,1010.239990234375,1011.0399780273438,1007.530029296875,1008.5850219726562,21403,COST,1m
2026-05-26 13:35:00+00:00,1008.4500122070312,1011.7899780273438,1008.0399780273438,1011.2723999023438,13355,COST,1m
2026-05-26 13:36:00+00:00,1011.0,1011.0,1008.5599975585938,1008.5599975585938,7801,COST,1m
2026-05-26 13:37:00+00:00,1008.864990234375,1010.219970703125,1008.780029296875,1009.6099853515625,8063,COST,1m
2026-05-26 13:38:00+00:00,1009.3350219726562,1011.0,1007.5900268554688,1010.3574829101562,18497,COST,1m
2026-05-26 13:39:00+00:00,1009.484375,1011.3200073242188,1009.3300170898438,1011.0650024414062,11178,COST,1m
2026-05-26 13:40:00+00:00,1011.3416748046875,1011.9896850585938,1010.010009765625,1011.0549926757812,8476,COST,1m
2026-05-26 13:41:00+00:00,1011.27001953125,1012.780029296875,1011.1375122070312,1011.6599731445312,5276,COST,1m
2026-05-26 13:42:00+00:00,1012.155029296875,1012.9998779296875,1011.0,1011.0,5723,COST,1m
2026-05-26 13:43:00+00:00,1010.52001953125,1010.52001953125,1007.25,1008.0,12981,COST,1m
2026-05-26 13:44:00+00:00,1007.5700073242188,1008.9998779296875,1006.4500122070312,1007.2650146484375,15129,COST,1m
2026-05-26 13:45:00+00:00,1007.2650146484375,1007.9600219726562,1006.239990234375,1006.625,7604,COST,1m
2026-05-26 13:46:00+00:00,1008.5999755859375,1009.9998779296875,1007.840087890625,1009.75,3477,COST,1m
2026-05-26 13:47:00+00:00,1008.3200073242188,1009.510009765625,1006.6199951171875,1006.6199951171875,5875,COST,1m
2026-05-26 13:48:00+00:00,1006.9949951171875,1007.125,1003.0,1003.7697143554688,15293,COST,1m
2026-05-26 13:49:00+00:00,1003.0599975585938,1003.2899780273438,998.4199829101562,1000.5986938476562,37694,COST,1m
2026-05-26 13:50:00+00:00,1000.155029296875,1004.510009765625,1000.155029296875,1003.25,11653,COST,1m
2026-05-26 13:51:00+00:00,1002.7449951171875,1003.60498046875,1002.1199951171875,1002.52001953125,11563,COST,1m
2026-05-26 13:52:00+00:00,1002.52001953125,1003.0,1001.1799926757812,1002.989990234375,10343,COST,1m
2026-05-26 13:53:00+00:00,1003.3499755859375,1004.010009765625,1002.3400268554688,1003.0499877929688,7472,COST,1m
2026-05-26 13:54:00+00:00,1002.780029296875,1002.780029296875,1000.5,1000.7650146484375,9111,COST,1m
2026-05-26 13:55:00+00:00,1000.7650146484375,1003.5499877929688,1000.7650146484375,1003.2449951171875,12035,COST,1m
2026-05-26 13:56:00+00:00,1002.52001953125,1004.6699829101562,1001.8499755859375,1003.780029296875,10536,COST,1m
2026-05-26 13:57:00+00:00,1003.780029296875,1004.6799926757812,1001.7050170898438,1003.5850219726562,10011,COST,1m
2026-05-26 13:58:00+00:00,1002.5700073242188,1002.5700073242188,1000.219970703125,1000.4500122070312,18925,COST,1m
2026-05-26 13:59:00+00:00,1000.4500122070312,1002.2598876953125,1000.4500122070312,1001.869873046875,11725,COST,1m
2026-05-26 14:00:00+00:00,1000.4500122070312,1001.4400024414062,999.3201293945312,999.4099731445312,19492,COST,1m
2026-05-26 14:01:00+00:00,999.760009765625,1001.4400024414062,999.7100219726562,1000.5,10141,COST,1m
2026-05-26 14:02:00+00:00,1000.9000244140625,1001.0198974609375,999.5,1000.1099853515625,7396,COST,1m
2026-05-26 14:03:00+00:00,1000.3699951171875,1000.7849731445312,999.8800048828125,1000.5800170898438,7380,COST,1m
2026-05-26 14:04:00+00:00,1000.8699951171875,1001.4450073242188,1000.0,1001.4450073242188,7772,COST,1m
2026-05-26 14:05:00+00:00,1001.4450073242188,1002.5599975585938,1000.8900146484375,1002.3250122070312,9940,COST,1m
2026-05-26 14:06:00+00:00,1002.2100219726562,1002.77001953125,1000.1199951171875,1001.5700073242188,10139,COST,1m
2026-05-26 14:07:00+00:00,1001.5599975585938,1001.5599975585938,1000.030029296875,1000.4400024414062,5372,COST,1m
2026-05-26 14:08:00+00:00,1000.25,1000.6950073242188,999.0,999.0100708007812,16969,COST,1m
2026-05-26 14:09:00+00:00,999.010009765625,999.489990234375,997.3400268554688,997.739990234375,24641,COST,1m
2026-05-26 14:10:00+00:00,998.1400146484375,999.4699096679688,998.0599975585938,998.5499877929688,13173,COST,1m
2026-05-26 14:11:00+00:00,998.7100219726562,998.989990234375,997.7999877929688,998.0626220703125,7391,COST,1m
2026-05-26 14:12:00+00:00,998.2349853515625,998.64892578125,997.8300170898438,998.135009765625,4769,COST,1m
2026-05-26 14:13:00+00:00,998.6599731445312,999.0471801757812,997.844970703125,997.97998046875,7117,COST,1m
2026-05-26 14:14:00+00:00,997.6199951171875,997.969970703125,996.510009765625,996.6099853515625,18255,COST,1m
2026-05-26 14:15:00+00:00,996.5255126953125,997.969970703125,996.3400268554688,997.7999877929688,12876,COST,1m
2026-05-26 14:16:00+00:00,997.739990234375,998.47998046875,997.4000244140625,997.9000244140625,8616,COST,1m
2026-05-26 14:17:00+00:00,997.3200073242188,997.8200073242188,997.1300048828125,997.5449829101562,4907,COST,1m
2026-05-26 14:18:00+00:00,997.4500122070312,998.375,997.4500122070312,998.3350219726562,4513,COST,1m
2026-05-26 14:19:00+00:00,998.3350219726562,1000.2880859375,997.9822998046875,1000.0549926757812,10431,COST,1m
2026-05-26 14:20:00+00:00,1000.4899291992188,1000.4899291992188,999.1950073242188,999.47998046875,6900,COST,1m
2026-05-26 14:21:00+00:00,999.3200073242188,1000.0,998.6599731445312,998.6699829101562,5280,COST,1m
2026-05-26 14:22:00+00:00,999.0,999.7100219726562,998.6500244140625,999.4500122070312,6512,COST,1m
2026-05-26 14:23:00+00:00,999.3280029296875,999.9299926757812,998.8300170898438,999.385009765625,8120,COST,1m
2026-05-26 14:24:00+00:00,999.9398803710938,1000.0,999.010009765625,999.1950073242188,8424,COST,1m
2026-05-26 14:25:00+00:00,999.0399780273438,999.0399780273438,997.5,997.8250122070312,9755,COST,1m
2026-05-26 14:26:00+00:00,997.8250122070312,998.5,997.510009765625,997.97998046875,6768,COST,1m
2026-05-26 14:27:00+00:00,997.9749755859375,998.0349731445312,996.7000122070312,997.1765747070312,15132,COST,1m
2026-05-26 14:28:00+00:00,997.0499877929688,997.7199096679688,996.9500122070312,996.9600219726562,6109,COST,1m
2026-05-26 14:29:00+00:00,996.9600219726562,998.5098876953125,996.9600219726562,997.4199829101562,5846,COST,1m
2026-05-26 14:30:00+00:00,997.1199951171875,998.4598999023438,997.1199951171875,997.9600219726562,4231,COST,1m
2026-05-26 14:31:00+00:00,998.4598999023438,998.4598999023438,997.1199951171875,997.1199951171875,6478,COST,1m
2026-05-26 14:32:00+00:00,997.5050048828125,998.8499755859375,997.0750122070312,998.8499755859375,7562,COST,1m
2026-05-26 14:33:00+00:00,998.6599731445312,998.8699951171875,997.6099853515625,998.0999755859375,8964,COST,1m
2026-05-26 14:34:00+00:00,997.9000244140625,998.4998779296875,997.4199829101562,997.7999877929688,5485,COST,1m
2026-05-26 14:35:00+00:00,997.780029296875,998.0399780273438,997.1099853515625,997.1300048828125,8683,COST,1m
2026-05-26 14:36:00+00:00,997.2100219726562,998.3070068359375,997.2100219726562,997.8400268554688,5087,COST,1m
2026-05-26 14:37:00+00:00,998.3800048828125,999.6998901367188,998.3400268554688,999.6998901367188,8362,COST,1m
2026-05-26 14:38:00+00:00,999.1099853515625,999.6998901367188,998.5,999.1199951171875,2928,COST,1m
2026-05-26 14:39:00+00:00,999.1199951171875,999.7999877929688,998.27001953125,999.7999877929688,5115,COST,1m
2026-05-26 14:40:00+00:00,999.5,999.9199829101562,998.969970703125,998.969970703125,2505,COST,1m
2026-05-26 14:41:00+00:00,999.4000244140625,1000.1799926757812,998.8099975585938,999.510009765625,4048,COST,1m
2026-05-26 14:42:00+00:00,999.260009765625,999.5700073242188,998.8800048828125,999.02001953125,6438,COST,1m
2026-05-26 14:43:00+00:00,998.53857421875,999.4779052734375,998.5300903320312,999.4779052734375,2618,COST,1m
2026-05-26 14:44:00+00:00,999.619873046875,999.619873046875,998.5499877929688,998.5700073242188,2698,COST,1m
2026-05-26 14:45:00+00:00,999.0050048828125,999.7899169921875,998.5650024414062,998.5650024414062,5463,COST,1m
2026-05-26 14:46:00+00:00,998.280029296875,1000.5399780273438,998.280029296875,1000.5200805664062,15621,COST,1m
2026-05-26 14:47:00+00:00,1000.5499877929688,1000.5499877929688,999.1900024414062,999.8900146484375,11716,COST,1m
2026-05-26 14:48:00+00:00,1000.260009765625,1000.260009765625,999.219970703125,999.5900268554688,2957,COST,1m
2026-05-26 14:49:00+00:00,999.2000122070312,999.2000122070312,998.0599975585938,999.02587890625,5728,COST,1m
2026-05-26 14:50:00+00:00,998.4199829101562,998.4912719726562,998.010009765625,998.0999755859375,4315,COST,1m
2026-05-26 14:51:00+00:00,998.2449951171875,999.239990234375,998.0,999.0999755859375,4917,COST,1m
2026-05-26 14:52:00+00:00,999.0,999.4899291992188,998.635009765625,999.0449829101562,1946,COST,1m
2026-05-26 14:53:00+00:00,998.7999877929688,999.4730224609375,998.52001953125,998.6599731445312,4712,COST,1m
2026-05-26 14:54:00+00:00,998.780029296875,999.5,998.0,999.2999877929688,6763,COST,1m
2026-05-26 14:55:00+00:00,999.0499877929688,999.5,998.5,999.0349731445312,2386,COST,1m
2026-05-26 14:56:00+00:00,999.260009765625,1000.2899780273438,998.9249877929688,999.0800170898438,4137,COST,1m
2026-05-26 14:57:00+00:00,999.3150024414062,999.3150024414062,998.5,998.8413696289062,1758,COST,1m
2026-05-26 14:58:00+00:00,998.52001953125,998.9199829101562,997.7999877929688,998.260009765625,8106,COST,1m
2026-05-26 14:59:00+00:00,998.2349853515625,999.4199829101562,998.1900024414062,999.10498046875,6125,COST,1m
2026-05-26 15:00:00+00:00,999.4299926757812,999.4299926757812,998.380126953125,998.77001953125,3450,COST,1m
2026-05-26 15:01:00+00:00,998.7100219726562,1000.14501953125,998.7100219726562,999.5700073242188,7159,COST,1m
2026-05-26 15:02:00+00:00,999.780029296875,999.780029296875,999.0700073242188,999.1300048828125,1966,COST,1m
2026-05-26 15:03:00+00:00,999.0999755859375,999.2000122070312,998.5,998.7529296875,2256,COST,1m
2026-05-26 15:04:00+00:00,999.3798828125,999.6998901367188,998.530029296875,999.3150024414062,3159,COST,1m
2026-05-26 15:05:00+00:00,999.3150024414062,999.3150024414062,998.9299926757812,999.1950073242188,1678,COST,1m
2026-05-26 15:06:00+00:00,999.0,999.989990234375,999.0,999.9500122070312,3612,COST,1m
2026-05-26 15:07:00+00:00,1000.0499877929688,1000.5,1000.0,1000.5,2989,COST,1m
2026-05-26 15:08:00+00:00,1000.030029296875,1000.030029296875,998.75,999.030029296875,6814,COST,1m
2026-05-26 15:09:00+00:00,998.7880249023438,999.489990234375,998.7880249023438,999.0499877929688,3292,COST,1m
2026-05-26 15:10:00+00:00,998.956787109375,999.97998046875,998.956787109375,999.97998046875,5009,COST,1m
2026-05-26 15:11:00+00:00,999.719970703125,999.969970703125,999.2000122070312,999.635009765625,4801,COST,1m
2026-05-26 15:12:00+00:00,999.3657836914062,999.6599731445312,998.856689453125,999.2999267578125,4327,COST,1m
2026-05-26 15:13:00+00:00,999.0349731445312,999.0349731445312,998.5,998.5,3823,COST,1m
2026-05-26 15:14:00+00:00,998.9298706054688,998.9298706054688,997.75,998.1300048828125,14674,COST,1m
2026-05-26 15:15:00+00:00,998.2899780273438,999.4899291992188,997.7633056640625,999.4899291992188,4147,COST,1m
2026-05-26 15:16:00+00:00,999.4500122070312,999.6400146484375,998.9600219726562,998.9600219726562,5007,COST,1m
2026-05-26 15:17:00+00:00,998.7550048828125,999.8599853515625,998.5499877929688,999.60498046875,5483,COST,1m
2026-05-26 15:18:00+00:00,999.3300170898438,999.6599731445312,998.9299926757812,999.3800048828125,2306,COST,1m
2026-05-26 15:19:00+00:00,999.094970703125,999.3800048828125,998.0,998.1900024414062,7313,COST,1m
2026-05-26 15:20:00+00:00,997.844970703125,998.8200073242188,997.510009765625,998.469970703125,3853,COST,1m
2026-05-26 15:21:00+00:00,998.8300170898438,999.27001953125,998.239990234375,998.9600219726562,2612,COST,1m
2026-05-26 15:22:00+00:00,998.719970703125,998.8300170898438,998.6115112304688,998.7100219726562,1371,COST,1m
2026-05-26 15:23:00+00:00,998.6099853515625,999.0150146484375,998.4400024414062,999.0150146484375,3010,COST,1m
2026-05-26 15:24:00+00:00,999.0349731445312,999.0349731445312,998.375,998.7249755859375,3102,COST,1m
2026-05-26 15:25:00+00:00,998.75,999.1400146484375,998.75,998.989990234375,2346,COST,1m
2026-05-26 15:26:00+00:00,999.1699829101562,999.8900146484375,998.8599853515625,999.72998046875,14116,COST,1m
2026-05-26 15:27:00+00:00,999.72998046875,999.72998046875,998.4949951171875,999.1950073242188,7946,COST,1m
2026-05-26 15:28:00+00:00,999.0499877929688,1000.0,998.77001953125,999.8200073242188,13486,COST,1m
2026-05-26 15:29:00+00:00,1000.02001953125,1000.2949829101562,999.6900024414062,999.6900024414062,6857,COST,1m
2026-05-26 15:30:00+00:00,1000.0,1000.489990234375,999.8099975585938,1000.2750244140625,4467,COST,1m
2026-05-26 15:31:00+00:00,1000.0599975585938,1000.5,999.780029296875,1000.364990234375,5622,COST,1m
2026-05-26 15:32:00+00:00,1000.364990234375,1000.4329833984375,998.635009765625,999.1199951171875,5315,COST,1m
2026-05-26 15:33:00+00:00,998.8499755859375,1000.0,998.8499755859375,1000.0,5727,COST,1m
2026-05-26 15:34:00+00:00,1000.0,1000.0,998.8499755859375,999.2449951171875,3108,COST,1m
2026-05-26 15:35:00+00:00,999.3209838867188,999.5980224609375,999.0,999.4450073242188,3585,COST,1m
2026-05-26 15:36:00+00:00,999.02001953125,999.655029296875,999.02001953125,999.4400024414062,3084,COST,1m
2026-05-26 15:37:00+00:00,999.4749755859375,999.780029296875,999.0800170898438,999.489990234375,2536,COST,1m
2026-05-26 15:38:00+00:00,999.5,999.6300048828125,999.3499755859375,999.3599853515625,1918,COST,1m
2026-05-26 15:39:00+00:00,999.4199829101562,999.5999755859375,999.219970703125,999.3200073242188,2532,COST,1m
2026-05-26 15:40:00+00:00,999.4600219726562,999.4600219726562,998.8900146484375,999.0,5738,COST,1m
2026-05-26 15:41:00+00:00,998.8200073242188,1000.0598754882812,998.8200073242188,999.5850219726562,4216,COST,1m
2026-05-26 15:42:00+00:00,999.5800170898438,1000.1900024414062,998.85009765625,1000.010009765625,5402,COST,1m
2026-05-26 15:43:00+00:00,1000.125,1000.52001953125,999.8599853515625,1000.52001953125,7304,COST,1m
2026-05-26 15:44:00+00:00,1000.260009765625,1000.2650146484375,999.8099975585938,999.8300170898438,2411,COST,1m
2026-05-26 15:45:00+00:00,999.530029296875,1000.47998046875,999.52001953125,999.580078125,5709,COST,1m
2026-05-26 15:46:00+00:00,1000.6099243164062,1001.4400024414062,1000.0750122070312,1001.4249877929688,9692,COST,1m
2026-05-26 15:47:00+00:00,1001.4299926757812,1001.6900024414062,1000.969970703125,1001.023193359375,3355,COST,1m
2026-05-26 15:48:00+00:00,1001.0700073242188,1001.3900146484375,1000.8800048828125,1001.0650024414062,6152,COST,1m
2026-05-26 15:49:00+00:00,1001.3699951171875,1002.52001953125,1001.3499755859375,1002.1099853515625,8812,COST,1m
2026-05-26 15:50:00+00:00,1002.3049926757812,1002.4400024414062,1001.77001953125,1002.4000244140625,4205,COST,1m
2026-05-26 15:51:00+00:00,1002.010009765625,1003.239990234375,1002.010009765625,1002.5,6796,COST,1m
2026-05-26 15:52:00+00:00,1002.3699951171875,1003.27001953125,1002.3699951171875,1003.0549926757812,1859,COST,1m
2026-05-26 15:53:00+00:00,1002.9450073242188,1003.6500244140625,1002.8099975585938,1003.5050048828125,6602,COST,1m
2026-05-26 15:54:00+00:00,1003.5900268554688,1004.9899291992188,1003.3599853515625,1004.9899291992188,5758,COST,1m
2026-05-26 15:55:00+00:00,1004.5349731445312,1004.5399780273438,1003.719970703125,1004.1799926757812,6207,COST,1m
2026-05-26 15:56:00+00:00,1004.0932006835938,1004.3599853515625,1003.8599853515625,1004.0499877929688,2703,COST,1m
2026-05-26 15:57:00+00:00,1004.0800170898438,1004.6400146484375,1003.8300170898438,1003.8300170898438,7221,COST,1m
2026-05-26 15:58:00+00:00,1004.0150146484375,1004.3099975585938,1002.9299926757812,1002.9299926757812,3218,COST,1m
2026-05-26 15:59:00+00:00,1003.1799926757812,1003.4500122070312,1002.5900268554688,1003.3250122070312,6298,COST,1m
2026-05-26 16:00:00+00:00,1003.2000122070312,1003.2747802734375,1002.6900024414062,1003.2747802734375,4915,COST,1m
2026-05-26 16:01:00+00:00,1002.9500122070312,1003.0,1002.6500244140625,1002.7550048828125,4105,COST,1m
2026-05-26 16:02:00+00:00,1002.5009765625,1002.5599975585938,1001.9299926757812,1001.97998046875,2621,COST,1m
2026-05-26 16:03:00+00:00,1001.60009765625,1001.9949951171875,1001.469970703125,1001.5750122070312,2643,COST,1m
2026-05-26 16:04:00+00:00,1001.260009765625,1001.2750244140625,1000.6594848632812,1000.9450073242188,1965,COST,1m
2026-05-26 16:05:00+00:00,1000.719970703125,1001.0700073242188,1000.3668212890625,1001.0700073242188,2372,COST,1m
2026-05-26 16:06:00+00:00,1001.0800170898438,1001.27001953125,1000.4199829101562,1000.4199829101562,4478,COST,1m
2026-05-26 16:07:00+00:00,1000.5,1000.6699829101562,1000.22998046875,1000.3350219726562,1723,COST,1m
2026-05-26 16:08:00+00:00,1000.5349731445312,1000.7249755859375,1000.360107421875,1000.4901123046875,2238,COST,1m
2026-05-26 16:09:00+00:00,1000.7899780273438,1000.989990234375,1000.489990234375,1000.8300170898438,3137,COST,1m
2026-05-26 16:10:00+00:00,1000.7899780273438,1001.0598754882812,1000.260009765625,1000.780029296875,4008,COST,1m
2026-05-26 16:11:00+00:00,1000.75,1000.9099731445312,1000.489990234375,1000.6541748046875,1906,COST,1m
2026-05-26 16:12:00+00:00,1000.4442138671875,1000.7000122070312,1000.02001953125,1000.3599853515625,1220,COST,1m
2026-05-26 16:13:00+00:00,1000.35498046875,1000.469970703125,1000.35498046875,1000.35498046875,851,COST,1m
2026-05-26 16:14:00+00:00,1000.35498046875,1000.35498046875,999.7999877929688,1000.0,7710,COST,1m
2026-05-26 16:15:00+00:00,999.8200073242188,999.8200073242188,999.280029296875,999.3300170898438,5254,COST,1m
2026-05-26 16:16:00+00:00,999.780029296875,999.780029296875,999.2550048828125,999.5700073242188,1630,COST,1m
2026-05-26 16:17:00+00:00,999.6699829101562,999.9000244140625,999.0999755859375,999.7999877929688,2479,COST,1m
2026-05-26 16:18:00+00:00,999.9000244140625,1000.0,999.6300048828125,999.6300048828125,3335,COST,1m
2026-05-26 16:19:00+00:00,999.6099853515625,1000.0900268554688,999.6099853515625,1000.0,3882,COST,1m
2026-05-26 16:20:00+00:00,999.97998046875,1000.0599975585938,999.25,999.25,3229,COST,1m
2026-05-26 16:21:00+00:00,999.1799926757812,999.25,998.27001953125,998.27001953125,7028,COST,1m
2026-05-26 16:22:00+00:00,998.3350219726562,998.4600219726562,997.5,997.5,14384,COST,1m
2026-05-26 16:23:00+00:00,997.6400146484375,998.02001953125,997.1199951171875,997.4600219726562,10444,COST,1m
2026-05-26 16:24:00+00:00,997.1099853515625,997.7849731445312,997.0499877929688,997.4500122070312,5513,COST,1m
2026-05-26 16:25:00+00:00,997.5,997.780029296875,997.4000244140625,997.72998046875,3160,COST,1m
2026-05-26 16:26:00+00:00,997.7999877929688,997.9299926757812,997.3800048828125,997.3900146484375,4528,COST,1m
2026-05-26 16:27:00+00:00,997.1799926757812,997.780029296875,997.0700073242188,997.3300170898438,7721,COST,1m
2026-05-26 16:28:00+00:00,997.4849853515625,997.4849853515625,996.25,996.5,23268,COST,1m
2026-05-26 16:29:00+00:00,996.510009765625,997.3699951171875,996.1599731445312,997.3699951171875,4966,COST,1m
2026-05-26 16:30:00+00:00,997.60498046875,998.3599853515625,997.280029296875,998.2100219726562,2785,COST,1m
2026-05-26 16:31:00+00:00,998.1699829101562,998.3499755859375,997.6099853515625,997.8800048828125,3346,COST,1m
2026-05-26 16:32:00+00:00,998.1199951171875,998.22998046875,997.5399780273438,998.219970703125,2721,COST,1m
2026-05-26 16:33:00+00:00,998.219970703125,999.885009765625,998.2000122070312,999.885009765625,9112,COST,1m
2026-05-26 16:34:00+00:00,999.4400024414062,999.72998046875,999.030029296875,999.72998046875,1705,COST,1m
2026-05-26 16:35:00+00:00,999.72998046875,1000.030029296875,999.5499877929688,1000.030029296875,2648,COST,1m
2026-05-26 16:36:00+00:00,999.9149780273438,999.9149780273438,999.9149780273438,999.9149780273438,539,COST,1m
2026-05-26 16:37:00+00:00,1000.27001953125,1000.27001953125,999.969970703125,1000.1400146484375,2695,COST,1m
2026-05-26 16:38:00+00:00,999.969970703125,1000.5,999.969970703125,1000.1500244140625,2360,COST,1m
2026-05-26 16:39:00+00:00,1000.3099975585938,1001.094970703125,1000.2200927734375,1001.0800170898438,3772,COST,1m
2026-05-26 16:40:00+00:00,1001.0800170898438,1001.0800170898438,1000.4600219726562,1000.9000244140625,5649,COST,1m
2026-05-26 16:41:00+00:00,1001.22998046875,1001.739990234375,1000.8511962890625,1000.8511962890625,720,COST,1m
2026-05-26 16:42:00+00:00,1001.0,1001.2999877929688,1000.7401123046875,1001.2000122070312,1330,COST,1m
2026-05-26 16:43:00+00:00,1001.10498046875,1001.3400268554688,1001.0,1001.0,3264,COST,1m
2026-05-26 16:44:00+00:00,1001.0750122070312,1001.8800048828125,1001.0750122070312,1001.6199951171875,2100,COST,1m
2026-05-26 16:45:00+00:00,1001.969970703125,1001.969970703125,1000.010009765625,1000.3900146484375,5607,COST,1m
2026-05-26 16:46:00+00:00,1000.2750244140625,1000.7199096679688,1000.219970703125,1000.219970703125,2425,COST,1m
2026-05-26 16:47:00+00:00,1000.3800048828125,1000.3800048828125,1000.0599975585938,1000.3800048828125,573,COST,1m
2026-05-26 16:48:00+00:00,1000.4949951171875,1000.52001953125,1000.280029296875,1000.39501953125,1305,COST,1m
2026-05-26 16:49:00+00:00,1000.27001953125,1000.75,1000.27001953125,1000.5399780273438,3387,COST,1m
2026-05-26 16:50:00+00:00,1000.5549926757812,1000.5549926757812,1000.3699951171875,1000.3699951171875,1584,COST,1m
2026-05-26 16:51:00+00:00,1000.3900146484375,1000.4899291992188,1000.1199951171875,1000.1199951171875,1817,COST,1m
2026-05-26 16:52:00+00:00,1000.2899780273438,1000.3049926757812,1000.1300048828125,1000.1300048828125,917,COST,1m
2026-05-26 16:53:00+00:00,1000.1400146484375,1000.4299926757812,1000.1300048828125,1000.1400756835938,1810,COST,1m
2026-05-26 16:54:00+00:00,1000.4600219726562,1000.75,1000.1600952148438,1000.3300170898438,3775,COST,1m
2026-05-26 16:55:00+00:00,1000.47998046875,1000.47998046875,1000.385009765625,1000.385009765625,1262,COST,1m
2026-05-26 16:56:00+00:00,1000.4949951171875,1000.4949951171875,999.875,999.875,2970,COST,1m
2026-05-26 16:57:00+00:00,1000.0900268554688,1000.1300048828125,999.6900024414062,999.6900024414062,1953,COST,1m
2026-05-26 16:58:00+00:00,999.4600219726562,999.8599853515625,999.1901245117188,999.4600219726562,5184,COST,1m
2026-05-26 16:59:00+00:00,999.7349853515625,999.7349853515625,999.1900024414062,999.25,2023,COST,1m
2026-05-26 17:00:00+00:00,999.47998046875,999.47998046875,999.2362060546875,999.2362060546875,1902,COST,1m
2026-05-26 17:01:00+00:00,999.2899780273438,999.8300170898438,999.2899780273438,999.60498046875,1394,COST,1m
2026-05-26 17:02:00+00:00,999.5999755859375,999.85498046875,999.5999755859375,999.5999755859375,2275,COST,1m
2026-05-26 17:03:00+00:00,999.5,999.72998046875,999.1552734375,999.1552734375,2012,COST,1m
2026-05-26 17:04:00+00:00,999.22998046875,999.280029296875,998.7000122070312,998.7000122070312,3046,COST,1m
2026-05-26 17:05:00+00:00,998.9099731445312,998.9099731445312,998.5,998.7730102539062,2753,COST,1m
2026-05-26 17:06:00+00:00,998.6099853515625,999.0399780273438,998.510009765625,998.844970703125,1949,COST,1m
2026-05-26 17:07:00+00:00,998.9500122070312,999.0311889648438,998.8900146484375,998.8900146484375,1288,COST,1m
2026-05-26 17:08:00+00:00,998.8900146484375,999.2899780273438,998.8900146484375,999.0700073242188,1901,COST,1m
2026-05-26 17:09:00+00:00,999.0900268554688,999.4000244140625,999.0900268554688,999.2650146484375,1104,COST,1m
2026-05-26 17:10:00+00:00,999.260009765625,999.530029296875,999.0,999.530029296875,1208,COST,1m
2026-05-26 17:11:00+00:00,999.3800048828125,999.6500244140625,999.02001953125,999.6500244140625,3222,COST,1m
2026-05-26 17:12:00+00:00,999.7000122070312,1000.0,999.5200805664062,999.7000122070312,1630,COST,1m
2026-05-26 17:13:00+00:00,999.7000122070312,999.8800048828125,999.7000122070312,999.8599853515625,1013,COST,1m
2026-05-26 17:14:00+00:00,999.7750244140625,1000.2000122070312,999.7750244140625,1000.2000122070312,1950,COST,1m
2026-05-26 17:15:00+00:00,1000.02001953125,1000.1099853515625,1000.010009765625,1000.010009765625,1315,COST,1m
2026-05-26 17:16:00+00:00,1000.125,1000.4500122070312,1000.0,1000.1699829101562,6074,COST,1m
2026-05-26 17:17:00+00:00,1000.1699829101562,1000.1749877929688,999.5,999.6900024414062,2745,COST,1m
2026-05-26 17:18:00+00:00,999.6400146484375,999.6400146484375,999.280029296875,999.3800048828125,2452,COST,1m
2026-05-26 17:19:00+00:00,999.2550048828125,999.2550048828125,999.0989990234375,999.1900024414062,2332,COST,1m
2026-05-26 17:20:00+00:00,999.2899780273438,999.2899780273438,999.0499877929688,999.0499877929688,1327,COST,1m
2026-05-26 17:21:00+00:00,999.0399780273438,999.0700073242188,998.5999755859375,998.5999755859375,2788,COST,1m
2026-05-26 17:22:00+00:00,998.5700073242188,998.8200073242188,998.52001953125,998.8200073242188,2373,COST,1m
2026-05-26 17:23:00+00:00,998.780029296875,999.1199951171875,998.6599731445312,998.760009765625,2026,COST,1m
2026-05-26 17:24:00+00:00,999.0150146484375,999.0150146484375,998.7249755859375,998.8150024414062,909,COST,1m
2026-05-26 17:25:00+00:00,998.8150024414062,998.9099731445312,998.5,998.594970703125,2925,COST,1m
2026-05-26 17:26:00+00:00,998.5900268554688,998.7899780273438,998.3599853515625,998.489990234375,2113,COST,1m
2026-05-26 17:27:00+00:00,998.739990234375,998.9598999023438,998.719970703125,998.719970703125,1997,COST,1m
2026-05-26 17:28:00+00:00,998.7249755859375,998.7249755859375,998.1799926757812,998.2999877929688,3379,COST,1m
2026-05-26 17:29:00+00:00,998.3900146484375,998.47998046875,998.0900268554688,998.27001953125,4247,COST,1m
2026-05-26 17:30:00+00:00,998.1259155273438,998.5900268554688,998.1259155273438,998.52001953125,4192,COST,1m
2026-05-26 17:31:00+00:00,998.60498046875,998.8276977539062,998.5549926757812,998.5900268554688,2307,COST,1m
2026-05-26 17:32:00+00:00,998.8300170898438,999.0,998.6300048828125,999.0,2064,COST,1m
2026-05-26 17:33:00+00:00,998.9301147460938,999.1400146484375,998.843017578125,999.1400146484375,1821,COST,1m
2026-05-26 17:34:00+00:00,999.3300170898438,999.75,999.3300170898438,999.5399780273438,2249,COST,1m
2026-05-26 17:35:00+00:00,999.469970703125,999.836669921875,999.2100219726562,999.836669921875,1156,COST,1m
2026-05-26 17:36:00+00:00,999.7449951171875,1000.3049926757812,999.5,1000.280029296875,6643,COST,1m
2026-05-26 17:37:00+00:00,1000.5499877929688,1000.5549926757812,1000.1599731445312,1000.1599731445312,2852,COST,1m
2026-05-26 17:38:00+00:00,1000.280029296875,1000.6599731445312,1000.0419921875,1000.1622924804688,978,COST,1m
2026-05-26 17:39:00+00:00,1000.030029296875,1000.030029296875,999.3300170898438,999.3300170898438,4297,COST,1m
2026-05-26 17:40:00+00:00,999.47998046875,999.7799072265625,998.8900146484375,998.8900146484375,2982,COST,1m
2026-05-26 17:41:00+00:00,999.1300048828125,999.47998046875,999.1300048828125,999.47998046875,995,COST,1m
2026-05-26 17:42:00+00:00,1000.1900024414062,1000.1900024414062,999.510009765625,999.510009765625,2637,COST,1m
2026-05-26 17:43:00+00:00,999.6400146484375,999.9400024414062,999.635009765625,999.7550048828125,1098,COST,1m
2026-05-26 17:44:00+00:00,999.75,999.9199829101562,999.5,999.7100219726562,3836,COST,1m
2026-05-26 17:45:00+00:00,999.6400146484375,999.9199829101562,999.6400146484375,999.9199829101562,1426,COST,1m
2026-05-26 17:46:00+00:00,999.989990234375,1000.2349853515625,999.989990234375,1000.2349853515625,1392,COST,1m
2026-05-26 17:47:00+00:00,1000.1300048828125,1000.3300170898438,999.9299926757812,999.9299926757812,3873,COST,1m
2026-05-26 17:48:00+00:00,999.9500122070312,1000.0399780273438,999.7901000976562,999.885009765625,2372,COST,1m
2026-05-26 17:49:00+00:00,999.7999877929688,1000.0598754882812,999.7899780273438,1000.0598754882812,2442,COST,1m
2026-05-26 17:50:00+00:00,999.9199829101562,999.9199829101562,999.739990234375,999.780029296875,3410,COST,1m
2026-05-26 17:51:00+00:00,999.8400268554688,999.8400268554688,999.5399780273438,999.5399780273438,1817,COST,1m
2026-05-26 17:52:00+00:00,999.6528930664062,999.6528930664062,999.4299926757812,999.52001953125,890,COST,1m
2026-05-26 17:53:00+00:00,999.52001953125,999.52001953125,999.25,999.4199829101562,1953,COST,1m
2026-05-26 17:54:00+00:00,999.3599853515625,999.3599853515625,999.0,999.0750122070312,3391,COST,1m
2026-05-26 17:55:00+00:00,999.010009765625,999.2999877929688,999.0,999.2999877929688,640,COST,1m
2026-05-26 17:56:00+00:00,999.0,999.280029296875,999.0,999.280029296875,946,COST,1m
2026-05-26 17:57:00+00:00,999.2100219726562,999.2100219726562,998.6400146484375,998.6749877929688,2777,COST,1m
2026-05-26 17:58:00+00:00,998.6749877929688,998.8400268554688,998.6090087890625,998.6090087890625,880,COST,1m
2026-05-26 17:59:00+00:00,998.9400024414062,999.169921875,998.7901000976562,999.0499877929688,1790,COST,1m
2026-05-26 18:00:00+00:00,998.97998046875,999.4000244140625,998.97998046875,999.4000244140625,1198,COST,1m
2026-05-26 18:01:00+00:00,999.2750244140625,999.6900024414062,999.1099853515625,999.1099853515625,2656,COST,1m
2026-05-26 18:02:00+00:00,999.1599731445312,999.1599731445312,998.9199829101562,998.9199829101562,41002,COST,1m
2026-05-26 18:03:00+00:00,999.2598876953125,1000.0,998.9669189453125,1000.0,1839,COST,1m
2026-05-26 18:04:00+00:00,1000.0599975585938,1000.75,1000.0599975585938,1000.3499755859375,3360,COST,1m
2026-05-26 18:05:00+00:00,1000.375,1000.7899780273438,1000.375,1000.772705078125,4080,COST,1m
2026-05-26 18:06:00+00:00,1000.5050048828125,1000.8049926757812,1000.5050048828125,1000.7183837890625,5010,COST,1m
2026-05-26 18:07:00+00:00,1000.75,1000.9998779296875,1000.469970703125,1000.75,5355,COST,1m
2026-05-26 18:08:00+00:00,1000.7789916992188,1002.4349975585938,1000.75,1002.4349975585938,16374,COST,1m
2026-05-26 18:09:00+00:00,1002.4349975585938,1002.4349975585938,1002.0800170898438,1002.3699951171875,2451,COST,1m
2026-05-26 18:10:00+00:00,1002.1799926757812,1003.0399780273438,1002.1799926757812,1003.0,3406,COST,1m
2026-05-26 18:11:00+00:00,1002.97998046875,1003.406005859375,1002.8200073242188,1003.22998046875,8547,COST,1m
2026-05-26 18:12:00+00:00,1003.1950073242188,1003.239990234375,1002.614990234375,1002.614990234375,6996,COST,1m
2026-05-26 18:13:00+00:00,1002.5701293945312,1002.7000122070312,1002.1318969726562,1002.7000122070312,4236,COST,1m
2026-05-26 18:14:00+00:00,1002.9500122070312,1003.0499877929688,1002.719970703125,1002.760009765625,2218,COST,1m
2026-05-26 18:15:00+00:00,1003.0549926757812,1003.0999755859375,1002.8300170898438,1003.0,2417,COST,1m
2026-05-26 18:16:00+00:00,1003.0,1003.0,1002.2401123046875,1002.5399780273438,1945,COST,1m
2026-05-26 18:17:00+00:00,1002.85498046875,1003.280029296875,1002.85498046875,1003.280029296875,3626,COST,1m
2026-05-26 18:18:00+00:00,1003.2899780273438,1003.77001953125,1003.239990234375,1003.739990234375,2268,COST,1m
2026-05-26 18:19:00+00:00,1003.60498046875,1003.60498046875,1003.260009765625,1003.3341064453125,3209,COST,1m
2026-05-26 18:20:00+00:00,1003.5599975585938,1003.6500244140625,1003.260009765625,1003.4550170898438,3867,COST,1m
2026-05-26 18:21:00+00:00,1003.625,1003.7000122070312,1003.47998046875,1003.7000122070312,2353,COST,1m
2026-05-26 18:22:00+00:00,1003.8800048828125,1003.8800048828125,1003.6599731445312,1003.7899780273438,2474,COST,1m
2026-05-26 18:23:00+00:00,1003.780029296875,1003.780029296875,1003.0,1003.6599731445312,6435,COST,1m
2026-05-26 18:24:00+00:00,1003.625,1003.9899291992188,1003.625,1003.97998046875,2307,COST,1m
2026-05-26 18:25:00+00:00,1003.9739990234375,1004.0850219726562,1003.8900146484375,1003.8900146484375,1959,COST,1m
2026-05-26 18:26:00+00:00,1004.389892578125,1004.389892578125,1002.760009765625,1003.1748046875,3445,COST,1m
2026-05-26 18:27:00+00:00,1002.8699951171875,1003.3200073242188,1002.8699951171875,1003.1099853515625,1455,COST,1m
2026-05-26 18:28:00+00:00,1003.0650024414062,1003.0800170898438,1002.7301025390625,1003.0349731445312,5260,COST,1m
2026-05-26 18:29:00+00:00,1003.189208984375,1003.189208984375,1002.47998046875,1002.47998046875,2941,COST,1m
2026-05-26 18:30:00+00:00,1002.4600219726562,1002.7100219726562,1002.3001098632812,1002.4749755859375,4380,COST,1m
2026-05-26 18:31:00+00:00,1002.2501220703125,1002.6900024414062,1002.2501220703125,1002.5800170898438,1883,COST,1m
2026-05-26 18:32:00+00:00,1002.7999877929688,1002.7999877929688,1002.77001953125,1002.77001953125,870,COST,1m
2026-05-26 18:33:00+00:00,1002.8599853515625,1002.8599853515625,1002.2550048828125,1002.510009765625,1351,COST,1m
2026-05-26 18:34:00+00:00,1002.2999877929688,1002.3800048828125,1001.969970703125,1002.1099243164062,2008,COST,1m
2026-05-26 18:35:00+00:00,1001.9000244140625,1001.9749755859375,1001.8400268554688,1001.969970703125,1701,COST,1m
2026-05-26 18:36:00+00:00,1001.7000122070312,1002.5,1001.7000122070312,1002.5,4176,COST,1m
2026-05-26 18:37:00+00:00,1002.5499877929688,1002.739990234375,1002.5,1002.635009765625,1556,COST,1m
2026-05-26 18:38:00+00:00,1002.5,1002.989990234375,1002.5,1002.72998046875,4155,COST,1m
2026-05-26 18:39:00+00:00,1002.9899291992188,1003.1599731445312,1002.6500244140625,1003.1599731445312,3391,COST,1m
2026-05-26 18:40:00+00:00,1003.0250244140625,1003.0999755859375,1002.739990234375,1002.77001953125,3586,COST,1m
2026-05-26 18:41:00+00:00,1002.77001953125,1002.8609008789062,1002.364990234375,1002.52001953125,1847,COST,1m
2026-05-26 18:42:00+00:00,1002.4450073242188,1002.4450073242188,1002.0601196289062,1002.375,3500,COST,1m
2026-05-26 18:43:00+00:00,1002.1900024414062,1002.7899780273438,1002.1900024414062,1002.7899780273438,1421,COST,1m
2026-05-26 18:44:00+00:00,1002.843017578125,1003.239990234375,1002.614990234375,1002.801025390625,2298,COST,1m
2026-05-26 18:45:00+00:00,1002.8300170898438,1002.8300170898438,1002.489990234375,1002.489990234375,1560,COST,1m
2026-05-26 18:46:00+00:00,1002.6099853515625,1002.6199951171875,1002.4199829101562,1002.4199829101562,1376,COST,1m
2026-05-26 18:47:00+00:00,1002.6099853515625,1002.8099975585938,1002.4199829101562,1002.75,2488,COST,1m
2026-05-26 18:48:00+00:00,1002.6400146484375,1003.1300048828125,1002.60498046875,1002.8200073242188,3282,COST,1m
2026-05-26 18:49:00+00:00,1002.8099975585938,1003.1400146484375,1002.6099853515625,1002.6099853515625,3856,COST,1m
2026-05-26 18:50:00+00:00,1002.5,1002.6699829101562,1002.1849975585938,1002.2750244140625,5616,COST,1m
2026-05-26 18:51:00+00:00,1002.2750244140625,1002.4099731445312,1002.0599975585938,1002.1799926757812,2260,COST,1m
2026-05-26 18:52:00+00:00,1002.1099853515625,1002.1099853515625,1001.8200073242188,1001.8200073242188,3654,COST,1m
2026-05-26 18:53:00+00:00,1001.9400024414062,1001.9400024414062,1001.4801025390625,1001.4801025390625,3670,COST,1m
2026-05-26 18:54:00+00:00,1001.739990234375,1002.1699829101562,1001.7343139648438,1001.7343139648438,2626,COST,1m
2026-05-26 18:55:00+00:00,1001.9249877929688,1002.1749877929688,1001.9249877929688,1002.1749877929688,1672,COST,1m
2026-05-26 18:56:00+00:00,1002.1749877929688,1002.3300170898438,1002.0599975585938,1002.2255859375,2277,COST,1m
2026-05-26 18:57:00+00:00,1002.1950073242188,1002.4000244140625,1002.0900268554688,1002.4000244140625,2537,COST,1m
2026-05-26 18:58:00+00:00,1002.4000244140625,1002.4149780273438,1002.1749877929688,1002.2249755859375,3138,COST,1m
2026-05-26 18:59:00+00:00,1002.2249755859375,1002.2711181640625,1001.9600830078125,1002.1400146484375,1852,COST,1m
2026-05-26 19:00:00+00:00,1002.02001953125,1002.1500244140625,1001.8109741210938,1001.9500122070312,4733,COST,1m
2026-05-26 19:01:00+00:00,1001.989990234375,1001.989990234375,1001.7899780273438,1001.9500122070312,1316,COST,1m
2026-05-26 19:02:00+00:00,1001.9199829101562,1002.14501953125,1001.8192138671875,1001.8192138671875,2581,COST,1m
2026-05-26 19:03:00+00:00,1001.7249755859375,1002.0098876953125,1001.4600830078125,1001.7000122070312,1875,COST,1m
2026-05-26 19:04:00+00:00,1001.739990234375,1001.8300170898438,1001.6500244140625,1001.6500244140625,1987,COST,1m
2026-05-26 19:05:00+00:00,1001.6500244140625,1001.8800048828125,1001.4400024414062,1001.7249755859375,2179,COST,1m
2026-05-26 19:06:00+00:00,1001.7100219726562,1002.3900146484375,1001.7100219726562,1002.3900146484375,4723,COST,1m
2026-05-26 19:07:00+00:00,1001.7449951171875,1001.7449951171875,1001.6099853515625,1001.6099853515625,1064,COST,1m
2026-05-26 19:08:00+00:00,1001.5599975585938,1002.5900268554688,1001.5599975585938,1002.3599853515625,9002,COST,1m
2026-05-26 19:09:00+00:00,1002.22998046875,1002.5599975585938,1001.9299926757812,1002.0700073242188,9143,COST,1m
2026-05-26 19:10:00+00:00,1002.0955200195312,1002.7000122070312,1001.5700073242188,1002.6199951171875,8456,COST,1m
2026-05-26 19:11:00+00:00,1002.6300048828125,1003.0,1002.260009765625,1002.4100952148438,6401,COST,1m
2026-05-26 19:12:00+00:00,1002.7050170898438,1002.7050170898438,1001.840087890625,1002.0650024414062,3182,COST,1m
2026-05-26 19:13:00+00:00,1002.3900146484375,1003.8200073242188,1002.2150268554688,1003.8200073242188,4087,COST,1m
2026-05-26 19:14:00+00:00,1003.8200073242188,1004.0,1003.6500244140625,1003.6799926757812,3775,COST,1m
2026-05-26 19:15:00+00:00,1003.6699829101562,1003.9400024414062,1003.3599853515625,1003.3599853515625,3849,COST,1m
2026-05-26 19:16:00+00:00,1003.0701293945312,1003.52001953125,1003.0701293945312,1003.52001953125,1087,COST,1m
2026-05-26 19:17:00+00:00,1003.5850219726562,1003.5850219726562,1003.094970703125,1003.094970703125,3013,COST,1m
2026-05-26 19:18:00+00:00,1002.8699951171875,1003.1799926757812,1002.6500244140625,1003.1799926757812,2137,COST,1m
2026-05-26 19:19:00+00:00,1003.3200073242188,1003.3200073242188,1002.85498046875,1003.1900024414062,2505,COST,1m
2026-05-26 19:20:00+00:00,1003.22998046875,1003.4199829101562,1003.0599975585938,1003.4199829101562,2328,COST,1m
2026-05-26 19:21:00+00:00,1003.3300170898438,1003.489990234375,1003.0999755859375,1003.0999755859375,3415,COST,1m
2026-05-26 19:22:00+00:00,1003.1400146484375,1003.3200073242188,1003.030029296875,1003.1174926757812,2288,COST,1m
2026-05-26 19:23:00+00:00,1003.1849975585938,1003.469970703125,1002.9099731445312,1003.364990234375,2985,COST,1m
2026-05-26 19:24:00+00:00,1003.3400268554688,1003.5850219726562,1003.2000122070312,1003.2000122070312,2684,COST,1m
2026-05-26 19:25:00+00:00,1003.4099731445312,1003.5449829101562,1003.2000122070312,1003.286376953125,1864,COST,1m
2026-05-26 19:26:00+00:00,1003.385009765625,1003.5999755859375,1003.1699829101562,1003.1699829101562,3212,COST,1m
2026-05-26 19:27:00+00:00,1003.3300170898438,1003.75,1003.3300170898438,1003.75,2448,COST,1m
2026-05-26 19:28:00+00:00,1003.89501953125,1004.1199951171875,1003.8499755859375,1003.9149780273438,3837,COST,1m
2026-05-26 19:29:00+00:00,1003.905029296875,1003.905029296875,1003.2000122070312,1003.3599853515625,7707,COST,1m
2026-05-26 19:30:00+00:00,1003.5050048828125,1003.7000122070312,1003.239990234375,1003.47998046875,2139,COST,1m
2026-05-26 19:31:00+00:00,1003.25,1003.5599975585938,1003.1300048828125,1003.2999877929688,3445,COST,1m
2026-05-26 19:32:00+00:00,1003.385009765625,1003.6898803710938,1003.030029296875,1003.510009765625,6694,COST,1m
2026-05-26 19:33:00+00:00,1003.260009765625,1004.02001953125,1003.260009765625,1003.9000244140625,2746,COST,1m
2026-05-26 19:34:00+00:00,1003.9749755859375,1004.0999755859375,1003.9019775390625,1004.0999755859375,2820,COST,1m
2026-05-26 19:35:00+00:00,1004.0999755859375,1004.3399047851562,1003.8400268554688,1004.2949829101562,5983,COST,1m
2026-05-26 19:36:00+00:00,1004.135009765625,1004.239990234375,1003.9500122070312,1004.1199951171875,2925,COST,1m
2026-05-26 19:37:00+00:00,1003.989990234375,1004.1900024414062,1003.97998046875,1004.1599731445312,3588,COST,1m
2026-05-26 19:38:00+00:00,1004.1599731445312,1004.25,1003.9600219726562,1004.0850219726562,5830,COST,1m
2026-05-26 19:39:00+00:00,1004.1900024414062,1004.8900146484375,1003.9199829101562,1003.9199829101562,11286,COST,1m
2026-05-26 19:40:00+00:00,1003.8300170898438,1004.4299926757812,1003.6950073242188,1004.375,8046,COST,1m
2026-05-26 19:41:00+00:00,1004.280029296875,1004.8198852539062,1004.0449829101562,1004.6599731445312,4618,COST,1m
2026-05-26 19:42:00+00:00,1004.5,1004.8800048828125,1004.2999877929688,1004.760009765625,4761,COST,1m
2026-05-26 19:43:00+00:00,1004.7100219726562,1004.989990234375,1004.2349853515625,1004.3499755859375,6966,COST,1m
2026-05-26 19:44:00+00:00,1004.5479736328125,1005.1900024414062,1004.5150146484375,1004.969970703125,6879,COST,1m
2026-05-26 19:45:00+00:00,1004.8599853515625,1004.8599853515625,1004.25,1004.4000244140625,9524,COST,1m
2026-05-26 19:46:00+00:00,1004.6599731445312,1004.9199829101562,1004.47998046875,1004.739990234375,3656,COST,1m
2026-05-26 19:47:00+00:00,1004.6950073242188,1005.1699829101562,1004.6300048828125,1005.010009765625,6064,COST,1m
2026-05-26 19:48:00+00:00,1004.8400268554688,1004.889892578125,1004.4000244140625,1004.5700073242188,8704,COST,1m
2026-05-26 19:49:00+00:00,1004.5,1004.8098754882812,1004.1300048828125,1004.1950073242188,4826,COST,1m
2026-05-26 19:50:00+00:00,1004.3300170898438,1005.0399780273438,1004.2100219726562,1004.760009765625,8743,COST,1m
2026-05-26 19:51:00+00:00,1004.6900024414062,1005.0,1004.5599975585938,1004.8900146484375,8948,COST,1m
2026-05-26 19:52:00+00:00,1005.2827758789062,1006.364990234375,1004.9766845703125,1006.2000122070312,12478,COST,1m
2026-05-26 19:53:00+00:00,1006.2249755859375,1006.3300170898438,1005.6900024414062,1006.10498046875,10165,COST,1m
2026-05-26 19:54:00+00:00,1006.1099853515625,1006.1099853515625,1004.1599731445312,1004.1799926757812,16824,COST,1m
2026-05-26 19:55:00+00:00,1004.3300170898438,1004.3300170898438,1003.1849975585938,1003.25,17773,COST,1m
2026-05-26 19:56:00+00:00,1003.25,1003.3699951171875,1002.9400024414062,1003.02001953125,12492,COST,1m
2026-05-26 19:57:00+00:00,1003.1099853515625,1003.1300048828125,1002.6300048828125,1003.0999755859375,13937,COST,1m
2026-05-26 19:58:00+00:00,1002.9600219726562,1003.2498779296875,1002.2849731445312,1002.4199829101562,19593,COST,1m
2026-05-26 19:59:00+00:00,1002.5599975585938,1002.9299926757812,1002.260009765625,1002.9000244140625,48737,COST,1m
2026-05-27 13:30:00+00:00,1003.5599975585938,1006.0,999.686279296875,1005.0,49216,COST,1m
2026-05-27 13:31:00+00:00,1005.0,1005.5499877929688,1002.5599975585938,1004.6799926757812,11681,COST,1m
2026-05-27 13:32:00+00:00,1005.125,1005.14501953125,1002.0599975585938,1002.0599975585938,3919,COST,1m
2026-05-27 13:33:00+00:00,1002.0599975585938,1004.75,1001.4099731445312,1004.75,3912,COST,1m
2026-05-27 13:34:00+00:00,1004.5302124023438,1008.0,1004.5302124023438,1007.405029296875,8105,COST,1m
2026-05-27 13:35:00+00:00,1006.9149780273438,1009.989990234375,1006.6500244140625,1009.739990234375,10614,COST,1m
2026-05-27 13:36:00+00:00,1009.0,1011.010009765625,1008.7949829101562,1010.5,9295,COST,1m
2026-05-27 13:37:00+00:00,1010.3049926757812,1012.530029296875,1010.2050170898438,1012.5250244140625,10005,COST,1m
2026-05-27 13:38:00+00:00,1013.0,1013.510009765625,1011.1799926757812,1011.8800048828125,10105,COST,1m
2026-05-27 13:39:00+00:00,1011.8800048828125,1012.4299926757812,1008.0100708007812,1008.5599975585938,11014,COST,1m
2026-05-27 13:40:00+00:00,1009.9498901367188,1010.1749877929688,1008.7899780273438,1009.0474853515625,3722,COST,1m
2026-05-27 13:41:00+00:00,1009.092529296875,1011.8400268554688,1009.092529296875,1011.5999755859375,5520,COST,1m
2026-05-27 13:42:00+00:00,1011.5999755859375,1011.5999755859375,1009.6099853515625,1009.97998046875,5727,COST,1m
2026-05-27 13:43:00+00:00,1009.97998046875,1010.5999755859375,1009.6799926757812,1010.4600219726562,4170,COST,1m
2026-05-27 13:44:00+00:00,1010.3599853515625,1011.4500122070312,1009.7999877929688,1010.135009765625,5455,COST,1m
2026-05-27 13:45:00+00:00,1010.27001953125,1011.1749877929688,1008.0,1008.4349975585938,8367,COST,1m
2026-05-27 13:46:00+00:00,1008.4349975585938,1010.7799072265625,1008.4349975585938,1010.0625,8455,COST,1m
2026-05-27 13:47:00+00:00,1010.0625,1011.4849853515625,1009.6799926757812,1011.0900268554688,5626,COST,1m
2026-05-27 13:48:00+00:00,1010.3400268554688,1010.3400268554688,1007.9500122070312,1008.3695068359375,6078,COST,1m
2026-05-27 13:49:00+00:00,1008.6251220703125,1010.3699951171875,1008.6251220703125,1009.8099975585938,4950,COST,1m
2026-05-27 13:50:00+00:00,1009.6900024414062,1010.1699829101562,1008.0,1008.1199951171875,9220,COST,1m
2026-05-27 13:51:00+00:00,1007.3099975585938,1007.6849975585938,1006.75,1007.010009765625,3668,COST,1m
2026-05-27 13:52:00+00:00,1006.969970703125,1007.094970703125,1006.0,1006.22998046875,2212,COST,1m
2026-05-27 13:53:00+00:00,1006.239990234375,1006.2999877929688,1005.0009765625,1005.5900268554688,6808,COST,1m
2026-05-27 13:54:00+00:00,1005.010009765625,1007.9500122070312,1004.1599731445312,1007.9500122070312,6820,COST,1m
2026-05-27 13:55:00+00:00,1007.8200073242188,1009.0,1007.3599853515625,1008.5800170898438,5030,COST,1m
2026-05-27 13:56:00+00:00,1008.5,1009.9500122070312,1007.010009765625,1007.2625122070312,11612,COST,1m
2026-05-27 13:57:00+00:00,1008.4099731445312,1008.6799926757812,1007.7999877929688,1007.8699951171875,1612,COST,1m
2026-05-27 13:58:00+00:00,1008.2000122070312,1008.9400024414062,1007.9849853515625,1007.9849853515625,4393,COST,1m
2026-05-27 13:59:00+00:00,1007.5,1007.5,1005.0999755859375,1005.8800048828125,7311,COST,1m
2026-05-27 14:00:00+00:00,1005.8800048828125,1007.35498046875,1005.3300170898438,1007.04638671875,5520,COST,1m
2026-05-27 14:01:00+00:00,1007.3599853515625,1007.5349731445312,1004.989990234375,1004.989990234375,10546,COST,1m
2026-05-27 14:02:00+00:00,1004.614990234375,1004.9849853515625,1002.9301147460938,1003.5225219726562,4830,COST,1m
2026-05-27 14:03:00+00:00,1003.2750244140625,1004.97998046875,1003.1099853515625,1004.97998046875,4577,COST,1m
2026-05-27 14:04:00+00:00,1004.625,1005.0850219726562,1004.2700805664062,1004.6950073242188,9515,COST,1m
2026-05-27 14:05:00+00:00,1004.657470703125,1005.6500244140625,1004.4099731445312,1005.6300048828125,4891,COST,1m
2026-05-27 14:06:00+00:00,1005.635009765625,1006.159912109375,1005.5,1005.8250122070312,7290,COST,1m
2026-05-27 14:07:00+00:00,1006.1099853515625,1006.2999877929688,1004.9099731445312,1005.5349731445312,11392,COST,1m
2026-05-27 14:08:00+00:00,1005.1400146484375,1005.280029296875,1004.510009765625,1005.0549926757812,2857,COST,1m
2026-05-27 14:09:00+00:00,1005.0650024414062,1005.0650024414062,1004.1799926757812,1004.8350219726562,4030,COST,1m
2026-05-27 14:10:00+00:00,1004.8350219726562,1004.8350219726562,1004.0499877929688,1004.0499877929688,4233,COST,1m
2026-05-27 14:11:00+00:00,1004.344970703125,1004.344970703125,1003.3400268554688,1004.0399780273438,4505,COST,1m
2026-05-27 14:12:00+00:00,1004.5499877929688,1004.73779296875,1003.5999755859375,1003.8699951171875,6355,COST,1m
2026-05-27 14:13:00+00:00,1003.4600219726562,1003.5399780273438,1003.3101196289062,1003.3101196289062,1264,COST,1m
2026-05-27 14:14:00+00:00,1003.4000244140625,1003.5239868164062,1003.0401000976562,1003.1290283203125,3540,COST,1m
2026-05-27 14:15:00+00:00,1003.5399780273438,1004.5700073242188,1003.3099975585938,1004.5700073242188,9645,COST,1m
2026-05-27 14:16:00+00:00,1004.469970703125,1004.8599853515625,1003.0399780273438,1003.3679809570312,5381,COST,1m
2026-05-27 14:17:00+00:00,1003.3201293945312,1004.010009765625,1003.0,1003.5599975585938,7630,COST,1m
2026-05-27 14:18:00+00:00,1003.6199951171875,1005.6599731445312,1003.5549926757812,1005.2050170898438,5913,COST,1m
2026-05-27 14:19:00+00:00,1004.8499755859375,1005.60498046875,1004.6799926757812,1004.739990234375,2724,COST,1m
2026-05-27 14:20:00+00:00,1004.510009765625,1005.02001953125,1004.510009765625,1004.8300170898438,4500,COST,1m
2026-05-27 14:21:00+00:00,1004.97998046875,1005.97998046875,1004.7899780273438,1005.6500244140625,5327,COST,1m
2026-05-27 14:22:00+00:00,1005.85498046875,1005.9000244140625,1005.469970703125,1005.64501953125,3376,COST,1m
2026-05-27 14:23:00+00:00,1005.625,1005.8099975585938,1004.8499755859375,1004.8699951171875,3054,COST,1m
2026-05-27 14:24:00+00:00,1005.0499877929688,1005.0800170898438,1004.3599853515625,1004.7949829101562,3565,COST,1m
2026-05-27 14:25:00+00:00,1004.7949829101562,1007.3499755859375,1004.7949829101562,1007.3499755859375,6481,COST,1m
2026-05-27 14:26:00+00:00,1007.4299926757812,1008.4400024414062,1007.289794921875,1008.1099853515625,9737,COST,1m
2026-05-27 14:27:00+00:00,1008.1099853515625,1008.1099853515625,1006.6900024414062,1007.1500244140625,5692,COST,1m
2026-05-27 14:28:00+00:00,1007.4400024414062,1008.1300048828125,1007.0499877929688,1007.9149780273438,6542,COST,1m
2026-05-27 14:29:00+00:00,1008.1309814453125,1008.9099731445312,1005.5900268554688,1005.5900268554688,7396,COST,1m
2026-05-27 14:30:00+00:00,1005.8400268554688,1005.9450073242188,1004.9450073242188,1005.3499755859375,6118,COST,1m
2026-05-27 14:31:00+00:00,1005.4550170898438,1005.5999755859375,1004.9744873046875,1005.1749877929688,3040,COST,1m
2026-05-27 14:32:00+00:00,1005.5399780273438,1006.489990234375,1005.1749877929688,1006.1400146484375,8544,COST,1m
2026-05-27 14:33:00+00:00,1006.1400146484375,1006.510009765625,1005.719970703125,1006.0900268554688,3200,COST,1m
2026-05-27 14:34:00+00:00,1006.1799926757812,1006.1799926757812,1004.8900146484375,1004.9653930664062,8782,COST,1m
2026-05-27 14:35:00+00:00,1004.8499755859375,1005.619873046875,1004.7625122070312,1005.3074951171875,5737,COST,1m
2026-05-27 14:36:00+00:00,1005.5250244140625,1005.5250244140625,1004.0068969726562,1004.7899780273438,4479,COST,1m
2026-05-27 14:37:00+00:00,1004.8400268554688,1005.5599975585938,1004.4749755859375,1004.9199829101562,3424,COST,1m
2026-05-27 14:38:00+00:00,1004.7100219726562,1004.8699951171875,1003.6900024414062,1004.1900024414062,4336,COST,1m
2026-05-27 14:39:00+00:00,1003.9349975585938,1005.0900268554688,1003.9349975585938,1005.0150146484375,4913,COST,1m
2026-05-27 14:40:00+00:00,1005.2100219726562,1005.280029296875,1004.4500122070312,1004.6300048828125,2928,COST,1m
2026-05-27 14:41:00+00:00,1004.4400024414062,1004.4400024414062,1003.844970703125,1003.844970703125,1670,COST,1m
2026-05-27 14:42:00+00:00,1003.844970703125,1005.0700073242188,1003.72998046875,1004.97998046875,4462,COST,1m
2026-05-27 14:43:00+00:00,1004.8950805664062,1005.0800170898438,1003.7999877929688,1004.3900146484375,3842,COST,1m
2026-05-27 14:44:00+00:00,1004.4000244140625,1004.9699096679688,1004.2424926757812,1004.2424926757812,850,COST,1m
2026-05-27 14:45:00+00:00,1004.6400146484375,1005.8399047851562,1004.5850219726562,1005.8399047851562,3563,COST,1m
2026-05-27 14:46:00+00:00,1005.5150146484375,1005.5150146484375,1004.0700073242188,1004.0700073242188,4724,COST,1m
2026-05-27 14:47:00+00:00,1004.510009765625,1004.9500122070312,1004.0800170898438,1004.9500122070312,1468,COST,1m
2026-05-27 14:48:00+00:00,1004.739990234375,1004.9600219726562,1004.52001953125,1004.635009765625,5639,COST,1m
2026-05-27 14:49:00+00:00,1004.6649780273438,1005.3800048828125,1004.6649780273438,1005.0599975585938,2295,COST,1m
2026-05-27 14:50:00+00:00,1005.0599975585938,1005.2949829101562,1003.8200073242188,1003.8200073242188,3401,COST,1m
2026-05-27 14:51:00+00:00,1003.8200073242188,1004.2150268554688,1003.7899780273438,1003.9500122070312,2952,COST,1m
2026-05-27 14:52:00+00:00,1004.1099853515625,1004.4299926757812,1003.2999877929688,1003.8350219726562,2901,COST,1m
2026-05-27 14:53:00+00:00,1004.3599243164062,1004.3599243164062,1003.6199951171875,1003.7100219726562,2189,COST,1m
2026-05-27 14:54:00+00:00,1003.780029296875,1004.3599853515625,1003.7050170898438,1004.3499755859375,3302,COST,1m
2026-05-27 14:55:00+00:00,1004.0999755859375,1005.5700073242188,1004.0999755859375,1005.4650268554688,5009,COST,1m
2026-05-27 14:56:00+00:00,1005.8499755859375,1007.0,1005.5599975585938,1007.0,6257,COST,1m
2026-05-27 14:57:00+00:00,1007.0,1007.02001953125,1006.3532104492188,1006.5900268554688,3966,COST,1m
2026-05-27 14:58:00+00:00,1006.5399780273438,1007.010009765625,1006.3699951171875,1006.5349731445312,3504,COST,1m
2026-05-27 14:59:00+00:00,1006.6799926757812,1006.6799926757812,1006.1699829101562,1006.3250122070312,2687,COST,1m
2026-05-27 15:00:00+00:00,1006.489990234375,1008.530029296875,1006.1500244140625,1008.3300170898438,8234,COST,1m
2026-05-27 15:01:00+00:00,1008.030029296875,1008.2899780273438,1006.8800048828125,1006.8800048828125,3662,COST,1m
2026-05-27 15:02:00+00:00,1007.1749877929688,1007.75,1006.9500122070312,1007.3300170898438,3060,COST,1m
2026-05-27 15:03:00+00:00,1007.7100219726562,1007.7100219726562,1006.9500122070312,1006.9500122070312,2161,COST,1m
2026-05-27 15:04:00+00:00,1007.2050170898438,1007.2050170898438,1006.1799926757812,1006.3900146484375,1892,COST,1m
2026-05-27 15:05:00+00:00,1006.6099853515625,1006.6199951171875,1006.5399780273438,1006.5399780273438,1255,COST,1m
2026-05-27 15:06:00+00:00,1006.4349975585938,1006.4849853515625,1006.0,1006.1599731445312,1068,COST,1m
2026-05-27 15:07:00+00:00,1006.0700073242188,1006.25,1006.0599975585938,1006.2349853515625,878,COST,1m
2026-05-27 15:08:00+00:00,1006.0800170898438,1006.52001953125,1005.6099853515625,1005.8499755859375,3866,COST,1m
2026-05-27 15:09:00+00:00,1006.4199829101562,1006.4199829101562,1005.469970703125,1005.510009765625,741,COST,1m
2026-05-27 15:10:00+00:00,1005.4425048828125,1006.2750244140625,1005.4425048828125,1005.719970703125,4551,COST,1m
2026-05-27 15:11:00+00:00,1005.9299926757812,1006.4450073242188,1005.9299926757812,1006.239990234375,4055,COST,1m
2026-05-27 15:12:00+00:00,1006.3300170898438,1006.719970703125,1006.3300170898438,1006.6749877929688,1068,COST,1m
2026-05-27 15:13:00+00:00,1006.9400024414062,1007.2999877929688,1006.6900024414062,1006.8300170898438,2985,COST,1m
2026-05-27 15:14:00+00:00,1006.7000122070312,1007.2999877929688,1006.4199829101562,1007.1599731445312,2491,COST,1m
2026-05-27 15:15:00+00:00,1007.4199829101562,1007.5900268554688,1007.1900024414062,1007.385009765625,3229,COST,1m
2026-05-27 15:16:00+00:00,1007.3099975585938,1007.9000244140625,1007.1901245117188,1007.8599853515625,2466,COST,1m
2026-05-27 15:17:00+00:00,1007.60498046875,1007.9400024414062,1007.0100708007812,1007.9400024414062,1938,COST,1m
2026-05-27 15:18:00+00:00,1007.3800048828125,1007.5399780273438,1007.1699829101562,1007.4500122070312,1638,COST,1m
2026-05-27 15:19:00+00:00,1007.7100219726562,1008.1699829101562,1007.4450073242188,1008.0,2647,COST,1m
2026-05-27 15:20:00+00:00,1008.0399780273438,1008.3300170898438,1007.9099731445312,1007.9400024414062,4785,COST,1m
2026-05-27 15:21:00+00:00,1008.125,1008.5,1008.0800170898438,1008.0800170898438,5691,COST,1m
2026-05-27 15:22:00+00:00,1008.6699829101562,1008.6699829101562,1008.0900268554688,1008.22998046875,2379,COST,1m
2026-05-27 15:23:00+00:00,1008.6799926757812,1008.6799926757812,1007.6799926757812,1007.6799926757812,3945,COST,1m
2026-05-27 15:24:00+00:00,1007.7000122070312,1007.7000122070312,1007.114990234375,1007.114990234375,3032,COST,1m
2026-05-27 15:25:00+00:00,1007.0150146484375,1008.1799926757812,1006.72998046875,1008.1799926757812,3483,COST,1m
2026-05-27 15:26:00+00:00,1007.655029296875,1008.1799926757812,1007.1300048828125,1007.655029296875,1228,COST,1m
2026-05-27 15:27:00+00:00,1007.1900024414062,1007.8300170898438,1007.1900024414062,1007.7849731445312,736,COST,1m
2026-05-27 15:28:00+00:00,1007.75,1007.780029296875,1007.0150146484375,1007.0150146484375,3216,COST,1m
2026-05-27 15:29:00+00:00,1006.8350219726562,1007.2999877929688,1006.7999877929688,1006.7999877929688,3231,COST,1m
2026-05-27 15:30:00+00:00,1006.8699951171875,1006.9099731445312,1006.739990234375,1006.75,1221,COST,1m
2026-05-27 15:31:00+00:00,1007.0700073242188,1007.0800170898438,1006.385009765625,1006.489990234375,3515,COST,1m
2026-05-27 15:32:00+00:00,1006.489990234375,1006.8800048828125,1006.1900024414062,1006.6199951171875,2833,COST,1m
2026-05-27 15:33:00+00:00,1006.9199829101562,1006.9199829101562,1006.4600219726562,1006.77001953125,2041,COST,1m
2026-05-27 15:34:00+00:00,1006.7899780273438,1006.7899780273438,1006.2100219726562,1006.4650268554688,2673,COST,1m
2026-05-27 15:35:00+00:00,1006.4600219726562,1007.0999755859375,1006.4224853515625,1007.0999755859375,3475,COST,1m
2026-05-27 15:36:00+00:00,1007.0999755859375,1008.1500244140625,1007.0999755859375,1008.1500244140625,3608,COST,1m
2026-05-27 15:37:00+00:00,1008.1799926757812,1008.6799926757812,1008.010009765625,1008.010009765625,7471,COST,1m
2026-05-27 15:38:00+00:00,1007.969970703125,1008.02001953125,1007.8099975585938,1007.8900146484375,1824,COST,1m
2026-05-27 15:39:00+00:00,1007.5999755859375,1007.8599853515625,1007.5999755859375,1007.85498046875,1333,COST,1m
2026-05-27 15:40:00+00:00,1007.85498046875,1008.3300170898438,1007.85498046875,1008.0515747070312,2429,COST,1m
2026-05-27 15:41:00+00:00,1008.3200073242188,1008.3200073242188,1007.9550170898438,1008.0,3069,COST,1m
2026-05-27 15:42:00+00:00,1008.1400146484375,1008.22998046875,1008.0349731445312,1008.0349731445312,1579,COST,1m
2026-05-27 15:43:00+00:00,1007.739990234375,1007.9849853515625,1007.25,1007.25,3360,COST,1m
2026-05-27 15:44:00+00:00,1007.0700073242188,1007.0700073242188,1006.5,1006.5349731445312,2075,COST,1m
2026-05-27 15:45:00+00:00,1006.1799926757812,1006.4500122070312,1005.9500122070312,1006.4400024414062,3203,COST,1m
2026-05-27 15:46:00+00:00,1006.260009765625,1007.4598999023438,1006.260009765625,1007.4598999023438,1783,COST,1m
2026-05-27 15:47:00+00:00,1006.9749755859375,1007.4500122070312,1006.9749755859375,1007.2000122070312,1121,COST,1m
2026-05-27 15:48:00+00:00,1007.219970703125,1007.6900024414062,1007.219970703125,1007.6699829101562,1781,COST,1m
2026-05-27 15:49:00+00:00,1007.6799926757812,1007.6799926757812,1007.47998046875,1007.5999755859375,1630,COST,1m
2026-05-27 15:50:00+00:00,1007.3200073242188,1007.510009765625,1006.9500122070312,1007.510009765625,4186,COST,1m
2026-05-27 15:51:00+00:00,1007.84521484375,1007.84521484375,1007.5900268554688,1007.6849975585938,2894,COST,1m
2026-05-27 15:52:00+00:00,1007.3800048828125,1007.9799194335938,1007.3800048828125,1007.3800048828125,1480,COST,1m
2026-05-27 15:53:00+00:00,1007.5599975585938,1007.5599975585938,1006.9299926757812,1006.9299926757812,592,COST,1m
2026-05-27 15:54:00+00:00,1007.0900268554688,1007.72998046875,1007.0900268554688,1007.72998046875,5320,COST,1m
2026-05-27 15:55:00+00:00,1007.72998046875,1008.2999877929688,1007.5499877929688,1008.2999877929688,2978,COST,1m
2026-05-27 15:56:00+00:00,1008.1749877929688,1008.1749877929688,1007.72998046875,1007.72998046875,1232,COST,1m
2026-05-27 15:57:00+00:00,1007.7899780273438,1008.2799072265625,1007.510009765625,1007.6500244140625,1871,COST,1m
2026-05-27 15:58:00+00:00,1007.6350708007812,1007.6350708007812,1007.3300170898438,1007.6199951171875,898,COST,1m
2026-05-27 15:59:00+00:00,1007.6199951171875,1007.6199951171875,1007.0999755859375,1007.4400024414062,3068,COST,1m
2026-05-27 16:00:00+00:00,1007.2999877929688,1008.02001953125,1007.2999877929688,1007.8699951171875,2097,COST,1m
2026-05-27 16:01:00+00:00,1007.8200073242188,1007.8200073242188,1007.3699951171875,1007.4613037109375,2157,COST,1m
2026-05-27 16:02:00+00:00,1007.0700073242188,1007.239990234375,1006.489990234375,1006.489990234375,4500,COST,1m
2026-05-27 16:03:00+00:00,1005.8900146484375,1006.14501953125,1005.8900146484375,1006.14501953125,865,COST,1m
2026-05-27 16:04:00+00:00,1005.8900146484375,1006.1699829101562,1005.8900146484375,1005.989990234375,2123,COST,1m
2026-05-27 16:05:00+00:00,1006.1799926757812,1006.530029296875,1006.1500244140625,1006.530029296875,1961,COST,1m
2026-05-27 16:06:00+00:00,1006.5800170898438,1006.5900268554688,1006.219970703125,1006.3900146484375,2642,COST,1m
2026-05-27 16:07:00+00:00,1006.3099975585938,1006.52001953125,1006.3099975585938,1006.3200073242188,931,COST,1m
2026-05-27 16:08:00+00:00,1006.6099853515625,1006.719970703125,1006.4949951171875,1006.607421875,1497,COST,1m
2026-05-27 16:09:00+00:00,1006.3099975585938,1006.3900146484375,1006.030029296875,1006.3900146484375,1141,COST,1m
2026-05-27 16:10:00+00:00,1006.6900024414062,1006.72998046875,1006.469970703125,1006.469970703125,1485,COST,1m
2026-05-27 16:11:00+00:00,1006.27001953125,1006.27001953125,1005.760009765625,1005.760009765625,2810,COST,1m
2026-05-27 16:12:00+00:00,1005.9749755859375,1005.9749755859375,1005.3699951171875,1005.3800048828125,2275,COST,1m
2026-05-27 16:13:00+00:00,1005.3800048828125,1005.780029296875,1005.3699951171875,1005.47998046875,3786,COST,1m
2026-05-27 16:14:00+00:00,1005.5700073242188,1005.9299926757812,1005.0999755859375,1005.9299926757812,1630,COST,1m
2026-05-27 16:15:00+00:00,1006.2150268554688,1006.2150268554688,1005.7899780273438,1005.7899780273438,1222,COST,1m
2026-05-27 16:16:00+00:00,1005.60498046875,1006.22998046875,1005.60498046875,1006.22998046875,1755,COST,1m
2026-05-27 16:17:00+00:00,1006.0050048828125,1006.2000122070312,1006.0050048828125,1006.0999755859375,942,COST,1m
2026-05-27 16:18:00+00:00,1006.094970703125,1006.6599731445312,1006.094970703125,1006.6599731445312,1994,COST,1m
2026-05-27 16:19:00+00:00,1006.4600219726562,1007.1099853515625,1006.4199829101562,1007.0499877929688,2769,COST,1m
2026-05-27 16:20:00+00:00,1007.0999755859375,1007.0999755859375,1006.8200073242188,1006.8200073242188,1192,COST,1m
2026-05-27 16:21:00+00:00,1006.7050170898438,1007.1798706054688,1006.7050170898438,1007.1798706054688,507,COST,1m
2026-05-27 16:22:00+00:00,1006.5150146484375,1006.5150146484375,1006.0601196289062,1006.0601196289062,1170,COST,1m
2026-05-27 16:23:00+00:00,1006.239990234375,1006.5599975585938,1005.9199829101562,1006.0549926757812,1817,COST,1m
2026-05-27 16:24:00+00:00,1005.8995971679688,1006.0549926757812,1005.75,1005.75,1312,COST,1m
2026-05-27 16:25:00+00:00,1005.7200927734375,1006.3574829101562,1005.719970703125,1006.35498046875,2203,COST,1m
2026-05-27 16:26:00+00:00,1006.47998046875,1006.6898803710938,1006.3400268554688,1006.3400268554688,997,COST,1m
2026-05-27 16:27:00+00:00,1006.27001953125,1006.7100219726562,1006.2100830078125,1006.7100219726562,922,COST,1m
2026-05-27 16:28:00+00:00,1006.7449951171875,1006.9598999023438,1006.6699829101562,1006.9400024414062,2316,COST,1m
2026-05-27 16:29:00+00:00,1006.9199829101562,1006.9600219726562,1006.6599731445312,1006.6599731445312,1760,COST,1m
2026-05-27 16:30:00+00:00,1006.7100219726562,1006.939208984375,1006.4600219726562,1006.9199829101562,2518,COST,1m
2026-05-27 16:31:00+00:00,1006.4600219726562,1006.4600219726562,1006.1099853515625,1006.1099853515625,610,COST,1m
2026-05-27 16:32:00+00:00,1006.3850708007812,1006.6599731445312,1006.239990234375,1006.239990234375,2128,COST,1m
2026-05-27 16:33:00+00:00,1006.0,1006.0,1006.0,1006.0,907,COST,1m
2026-05-27 16:34:00+00:00,1006.1799926757812,1006.6900024414062,1006.1199951171875,1006.5499877929688,4382,COST,1m
2026-05-27 16:35:00+00:00,1006.5800170898438,1007.2050170898438,1006.5800170898438,1007.2050170898438,1521,COST,1m
2026-05-27 16:36:00+00:00,1007.2050170898438,1007.2050170898438,1007.2000122070312,1007.2000122070312,642,COST,1m
2026-05-27 16:37:00+00:00,1007.2750244140625,1007.2750244140625,1007.02001953125,1007.02001953125,1532,COST,1m
2026-05-27 16:38:00+00:00,1007.010009765625,1007.010009765625,1006.9000244140625,1006.9000244140625,747,COST,1m
2026-05-27 16:39:00+00:00,1006.9749755859375,1006.9749755859375,1006.2000122070312,1006.2000122070312,3804,COST,1m
2026-05-27 16:40:00+00:00,1006.1900024414062,1006.2000122070312,1006.0,1006.0,4048,COST,1m
2026-05-27 16:41:00+00:00,1005.9749755859375,1005.9749755859375,1005.27001953125,1005.27001953125,1520,COST,1m
2026-05-27 16:42:00+00:00,1005.5449829101562,1005.5449829101562,1005.030029296875,1005.030029296875,1109,COST,1m
2026-05-27 16:43:00+00:00,1005.47998046875,1005.6300048828125,1005.1300048828125,1005.6300048828125,4504,COST,1m
2026-05-27 16:44:00+00:00,1005.719970703125,1005.9400024414062,1005.5700073242188,1005.9400024414062,2591,COST,1m
2026-05-27 16:45:00+00:00,1005.9099731445312,1006.1300048828125,1005.9099731445312,1005.97998046875,1441,COST,1m
2026-05-27 16:46:00+00:00,1005.8599853515625,1005.8599853515625,1005.0399780273438,1005.0399780273438,2405,COST,1m
2026-05-27 16:47:00+00:00,1005.030029296875,1005.6199951171875,1004.9199829101562,1005.2999877929688,4601,COST,1m
2026-05-27 16:48:00+00:00,1005.3400268554688,1006.0499877929688,1005.3200073242188,1006.0499877929688,3209,COST,1m
2026-05-27 16:49:00+00:00,1005.8900146484375,1005.8900146484375,1005.6099853515625,1005.6099853515625,944,COST,1m
2026-05-27 16:50:00+00:00,1005.6099853515625,1006.0999755859375,1005.6099853515625,1005.9000244140625,1377,COST,1m
2026-05-27 16:51:00+00:00,1006.0900268554688,1006.469970703125,1006.0900268554688,1006.469970703125,2469,COST,1m
2026-05-27 16:52:00+00:00,1006.6300048828125,1006.8200073242188,1006.6300048828125,1006.8200073242188,988,COST,1m
2026-05-27 16:53:00+00:00,1006.8300170898438,1007.0,1006.77001953125,1006.8400268554688,2137,COST,1m
2026-05-27 16:54:00+00:00,1006.5800170898438,1006.7999877929688,1006.5800170898438,1006.7999877929688,502,COST,1m
2026-05-27 16:55:00+00:00,1006.8499755859375,1007.2849731445312,1006.4400024414062,1007.219970703125,8262,COST,1m
2026-05-27 16:56:00+00:00,1007.5,1007.5399780273438,1007.1500244140625,1007.260009765625,1428,COST,1m
2026-05-27 16:57:00+00:00,1007.2449951171875,1007.2899780273438,1007.2449951171875,1007.25,869,COST,1m
2026-05-27 16:58:00+00:00,1007.2860107421875,1007.2860107421875,1006.9000244140625,1007.1300048828125,1898,COST,1m
2026-05-27 16:59:00+00:00,1006.739990234375,1006.97998046875,1006.739990234375,1006.97998046875,741,COST,1m
2026-05-27 17:00:00+00:00,1006.75,1007.1799926757812,1006.4000854492188,1006.97998046875,2945,COST,1m
2026-05-27 17:01:00+00:00,1007.1199951171875,1007.1400146484375,1007.010009765625,1007.1400146484375,1694,COST,1m
2026-05-27 17:02:00+00:00,1007.1900024414062,1007.1900024414062,1006.9349975585938,1006.9349975585938,1908,COST,1m
2026-05-27 17:03:00+00:00,1006.969970703125,1006.969970703125,1006.6300048828125,1006.885009765625,1301,COST,1m
2026-05-27 17:04:00+00:00,1006.6599731445312,1006.989990234375,1006.3699951171875,1006.3699951171875,2706,COST,1m
2026-05-27 17:05:00+00:00,1006.4500122070312,1006.5900268554688,1006.0549926757812,1006.1099853515625,2638,COST,1m
2026-05-27 17:06:00+00:00,1006.0499877929688,1006.5798950195312,1005.7849731445312,1006.5798950195312,3368,COST,1m
2026-05-27 17:07:00+00:00,1006.260009765625,1006.760009765625,1006.1749877929688,1006.489990234375,3196,COST,1m
2026-05-27 17:08:00+00:00,1006.6099853515625,1006.6099853515625,1006.219970703125,1006.419921875,2519,COST,1m
2026-05-27 17:09:00+00:00,1006.2000122070312,1006.4199829101562,1006.094970703125,1006.4199829101562,866,COST,1m
2026-05-27 17:10:00+00:00,1006.4299926757812,1006.4299926757812,1006.25,1006.3499755859375,1009,COST,1m
2026-05-27 17:11:00+00:00,1006.3701171875,1008.1890258789062,1006.3701171875,1007.8925170898438,8043,COST,1m
2026-05-27 17:12:00+00:00,1008.1900024414062,1008.2098999023438,1007.6699829101562,1007.6900024414062,2216,COST,1m
2026-05-27 17:13:00+00:00,1007.6900024414062,1007.989990234375,1007.6900024414062,1007.989990234375,2451,COST,1m
2026-05-27 17:14:00+00:00,1008.0,1008.13623046875,1007.8099975585938,1007.8800048828125,2297,COST,1m
2026-05-27 17:15:00+00:00,1007.6500854492188,1007.9349975585938,1007.6500854492188,1007.9349975585938,681,COST,1m
2026-05-27 17:16:00+00:00,1008.0399780273438,1008.0399780273438,1007.6199951171875,1007.6199951171875,711,COST,1m
2026-05-27 17:17:00+00:00,1007.6950073242188,1008.0399169921875,1007.3699951171875,1007.469970703125,2099,COST,1m
2026-05-27 17:18:00+00:00,1007.5900268554688,1007.8200073242188,1007.5900268554688,1007.8200073242188,1504,COST,1m
2026-05-27 17:19:00+00:00,1007.8250122070312,1007.8250122070312,1007.8250122070312,1007.8250122070312,761,COST,1m
2026-05-27 17:20:00+00:00,1007.6099853515625,1007.739990234375,1007.3599853515625,1007.3599853515625,2695,COST,1m
2026-05-27 17:21:00+00:00,1007.2899780273438,1007.2899780273438,1007.22998046875,1007.22998046875,1054,COST,1m
2026-05-27 17:22:00+00:00,1007.530029296875,1007.5399780273438,1006.8200073242188,1006.8200073242188,4953,COST,1m
2026-05-27 17:23:00+00:00,1006.4500122070312,1006.4500122070312,1005.969970703125,1005.969970703125,3300,COST,1m
2026-05-27 17:24:00+00:00,1005.8400268554688,1006.260009765625,1005.780029296875,1006.260009765625,4955,COST,1m
2026-05-27 17:25:00+00:00,1006.010009765625,1006.114990234375,1005.8049926757812,1006.114990234375,1462,COST,1m
2026-05-27 17:26:00+00:00,1006.27001953125,1006.3250122070312,1006.27001953125,1006.3250122070312,1389,COST,1m
2026-05-27 17:27:00+00:00,1006.3300170898438,1006.52001953125,1006.2349853515625,1006.3300170898438,942,COST,1m
2026-05-27 17:28:00+00:00,1006.3300170898438,1006.3300170898438,1005.969970703125,1005.969970703125,1545,COST,1m
2026-05-27 17:29:00+00:00,1005.969970703125,1006.4185180664062,1005.969970703125,1006.4185180664062,1048,COST,1m
2026-05-27 17:30:00+00:00,1006.2750244140625,1006.719970703125,1006.2750244140625,1006.4349975585938,2271,COST,1m
2026-05-27 17:31:00+00:00,1006.7000122070312,1006.9500122070312,1006.5650024414062,1006.9500122070312,573,COST,1m
2026-05-27 17:32:00+00:00,1006.969970703125,1007.6099853515625,1006.969970703125,1007.6099853515625,2881,COST,1m
2026-05-27 17:33:00+00:00,1007.4199829101562,1007.6400146484375,1007.4199829101562,1007.4299926757812,1459,COST,1m
2026-05-27 17:34:00+00:00,1007.5,1007.5,1006.760009765625,1006.9550170898438,2091,COST,1m
2026-05-27 17:35:00+00:00,1006.9550170898438,1007.0399780273438,1006.6824951171875,1007.02001953125,3906,COST,1m
2026-05-27 17:36:00+00:00,1006.8499755859375,1007.6300048828125,1006.8499755859375,1007.6300048828125,1887,COST,1m
2026-05-27 17:37:00+00:00,1007.719970703125,1008.2999877929688,1007.6400146484375,1008.2999877929688,2702,COST,1m
2026-05-27 17:38:00+00:00,1008.280029296875,1008.280029296875,1007.9371948242188,1008.0449829101562,2003,COST,1m
2026-05-27 17:39:00+00:00,1008.0549926757812,1008.280029296875,1007.947509765625,1008.1699829101562,5391,COST,1m
2026-05-27 17:40:00+00:00,1008.5,1009.0,1008.5,1008.8449096679688,2800,COST,1m
2026-05-27 17:41:00+00:00,1008.969970703125,1008.97998046875,1008.8699951171875,1008.8699951171875,763,COST,1m
2026-05-27 17:42:00+00:00,1008.7999877929688,1008.7999877929688,1008.385009765625,1008.385009765625,2159,COST,1m
2026-05-27 17:43:00+00:00,1008.405029296875,1008.7000122070312,1008.405029296875,1008.7000122070312,1270,COST,1m
2026-05-27 17:44:00+00:00,1008.760009765625,1008.760009765625,1008.6799926757812,1008.6799926757812,880,COST,1m
2026-05-27 17:45:00+00:00,1008.5700073242188,1008.5700073242188,1008.27001953125,1008.27001953125,3171,COST,1m
2026-05-27 17:46:00+00:00,1008.0399780273438,1008.1500244140625,1008.0399780273438,1008.1500244140625,1047,COST,1m
2026-05-27 17:47:00+00:00,1007.780029296875,1007.780029296875,1007.6500244140625,1007.655029296875,1369,COST,1m
2026-05-27 17:48:00+00:00,1007.5700073242188,1007.8779907226562,1007.530029296875,1007.77001953125,2798,COST,1m
2026-05-27 17:49:00+00:00,1007.75,1007.75,1007.590087890625,1007.590087890625,592,COST,1m
2026-05-27 17:50:00+00:00,1007.8900146484375,1007.8900146484375,1007.6599731445312,1007.6599731445312,1106,COST,1m
2026-05-27 17:51:00+00:00,1007.510009765625,1007.52001953125,1006.9249877929688,1006.9249877929688,2443,COST,1m
2026-05-27 17:52:00+00:00,1006.9249877929688,1007.0399780273438,1006.8900146484375,1006.9500122070312,3329,COST,1m
2026-05-27 17:53:00+00:00,1006.8400268554688,1006.9000244140625,1006.7100219726562,1006.8499755859375,1914,COST,1m
2026-05-27 17:54:00+00:00,1006.989990234375,1007.1300048828125,1006.8800048828125,1006.969970703125,4465,COST,1m
2026-05-27 17:55:00+00:00,1006.8001098632812,1007.1900024414062,1006.8001098632812,1007.1699829101562,2577,COST,1m
2026-05-27 17:56:00+00:00,1007.280029296875,1007.280029296875,1007.0900268554688,1007.0900268554688,757,COST,1m
2026-05-27 17:57:00+00:00,1007.1500244140625,1007.2050170898438,1007.1500244140625,1007.2000122070312,735,COST,1m
2026-05-27 17:58:00+00:00,1007.2000122070312,1007.2000122070312,1006.8900146484375,1007.0499877929688,2703,COST,1m
2026-05-27 17:59:00+00:00,1006.9199829101562,1007.3099975585938,1006.8200073242188,1007.1400146484375,2477,COST,1m
2026-05-27 18:00:00+00:00,1007.0650024414062,1007.25,1007.0150146484375,1007.1699829101562,1957,COST,1m
2026-05-27 18:01:00+00:00,1007.0855102539062,1007.0999755859375,1006.77001953125,1006.9400024414062,2573,COST,1m
2026-05-27 18:02:00+00:00,1006.844970703125,1007.0599975585938,1006.8200073242188,1007.0599975585938,1052,COST,1m
2026-05-27 18:03:00+00:00,1006.9099731445312,1006.9099731445312,1006.4000244140625,1006.4000244140625,2760,COST,1m
2026-05-27 18:04:00+00:00,1006.3599853515625,1006.5800170898438,1006.3599853515625,1006.4149780273438,2206,COST,1m
2026-05-27 18:05:00+00:00,1006.530029296875,1006.6300048828125,1006.4600219726562,1006.469970703125,2532,COST,1m
2026-05-27 18:06:00+00:00,1006.469970703125,1006.469970703125,1006.0599975585938,1006.3300170898438,3910,COST,1m
2026-05-27 18:07:00+00:00,1006.3099975585938,1006.3099975585938,1006.2999877929688,1006.2999877929688,1041,COST,1m
2026-05-27 18:08:00+00:00,1006.4650268554688,1007.0999755859375,1006.4299926757812,1006.9561767578125,2854,COST,1m
2026-05-27 18:09:00+00:00,1007.1300048828125,1007.6900024414062,1007.1300048828125,1007.6900024414062,1027,COST,1m
2026-05-27 18:10:00+00:00,1007.5599975585938,1008.1199951171875,1007.5599975585938,1007.6500244140625,5619,COST,1m
2026-05-27 18:11:00+00:00,1007.8400268554688,1007.8400268554688,1007.4099731445312,1007.6649780273438,1999,COST,1m
2026-05-27 18:12:00+00:00,1007.594970703125,1008.260009765625,1007.594970703125,1008.22998046875,3320,COST,1m
2026-05-27 18:13:00+00:00,1008.47998046875,1008.780029296875,1008.47998046875,1008.5,2650,COST,1m
2026-05-27 18:14:00+00:00,1008.72998046875,1008.72998046875,1008.3599853515625,1008.4299926757812,1191,COST,1m
2026-05-27 18:15:00+00:00,1008.3300170898438,1008.3300170898438,1008.0599975585938,1008.0700073242188,1281,COST,1m
2026-05-27 18:16:00+00:00,1008.2249755859375,1008.2344970703125,1007.8400268554688,1007.9099731445312,1700,COST,1m
2026-05-27 18:17:00+00:00,1007.9450073242188,1008.1220092773438,1007.9249877929688,1007.9249877929688,3223,COST,1m
2026-05-27 18:18:00+00:00,1008.239990234375,1008.4000244140625,1007.8499755859375,1008.239990234375,2778,COST,1m
2026-05-27 18:19:00+00:00,1007.8599853515625,1008.2919921875,1007.8599853515625,1008.0800170898438,1909,COST,1m
2026-05-27 18:20:00+00:00,1008.25,1008.25,1008.1538696289062,1008.1538696289062,1110,COST,1m
2026-05-27 18:21:00+00:00,1008.4099731445312,1008.4199829101562,1007.8499755859375,1007.8499755859375,1990,COST,1m
2026-05-27 18:22:00+00:00,1007.9749755859375,1008.14501953125,1007.5701293945312,1008.14501953125,874,COST,1m
2026-05-27 18:23:00+00:00,1008.10498046875,1008.4199829101562,1007.9749755859375,1008.3200073242188,11171,COST,1m
2026-05-27 18:24:00+00:00,1008.35498046875,1008.3699951171875,1008.0050048828125,1008.0050048828125,1431,COST,1m
2026-05-27 18:25:00+00:00,1008.005126953125,1008.005126953125,1007.5599975585938,1007.5599975585938,1209,COST,1m
2026-05-27 18:26:00+00:00,1007.5599975585938,1007.5599975585938,1007.4450073242188,1007.4450073242188,1922,COST,1m
2026-05-27 18:27:00+00:00,1007.447021484375,1007.447021484375,1006.9299926757812,1007.135009765625,1923,COST,1m
2026-05-27 18:28:00+00:00,1007.1199951171875,1007.1199951171875,1006.8599853515625,1006.8599853515625,894,COST,1m
2026-05-27 18:29:00+00:00,1006.8099975585938,1007.3800048828125,1006.8099975585938,1007.0374755859375,2352,COST,1m
2026-05-27 18:30:00+00:00,1007.0349731445312,1007.4500122070312,1007.0349731445312,1007.3300170898438,1592,COST,1m
2026-05-27 18:31:00+00:00,1007.3300170898438,1007.469970703125,1007.280029296875,1007.2899780273438,2302,COST,1m
2026-05-27 18:32:00+00:00,1007.3099975585938,1007.4544067382812,1006.9000244140625,1006.9600219726562,3670,COST,1m
2026-05-27 18:33:00+00:00,1006.7999877929688,1006.97998046875,1006.5399780273438,1006.97998046875,2517,COST,1m
2026-05-27 18:34:00+00:00,1006.7780151367188,1006.7780151367188,1006.5150146484375,1006.5150146484375,814,COST,1m
2026-05-27 18:35:00+00:00,1006.6300048828125,1007.1500244140625,1006.6300048828125,1006.9550170898438,2159,COST,1m
2026-05-27 18:36:00+00:00,1006.9550170898438,1007.1500244140625,1006.7600708007812,1006.9849853515625,1160,COST,1m
2026-05-27 18:37:00+00:00,1006.9849853515625,1007.1500244140625,1006.9849853515625,1007.1500244140625,1256,COST,1m
2026-05-27 18:38:00+00:00,1007.530029296875,1007.6400146484375,1007.530029296875,1007.6400146484375,1999,COST,1m
2026-05-27 18:39:00+00:00,1007.6400146484375,1007.739990234375,1007.6400146484375,1007.7000122070312,1504,COST,1m
2026-05-27 18:40:00+00:00,1007.4249877929688,1007.4249877929688,1007.4249877929688,1007.4249877929688,578,COST,1m
2026-05-27 18:41:00+00:00,1007.4299926757812,1007.4299926757812,1007.1799926757812,1007.1799926757812,1111,COST,1m
2026-05-27 18:42:00+00:00,1007.125,1007.3699951171875,1006.8599853515625,1007.3699951171875,1210,COST,1m
2026-05-27 18:43:00+00:00,1007.0850219726562,1007.0850219726562,1007.0850219726562,1007.0850219726562,585,COST,1m
2026-05-27 18:44:00+00:00,1006.926025390625,1007.739990234375,1006.926025390625,1007.739990234375,3821,COST,1m
2026-05-27 18:45:00+00:00,1007.5599975585938,1007.9000244140625,1007.5599975585938,1007.9000244140625,1925,COST,1m
2026-05-27 18:46:00+00:00,1007.9299926757812,1008.0153198242188,1007.7050170898438,1007.864990234375,2615,COST,1m
2026-05-27 18:47:00+00:00,1007.9099731445312,1008.0999755859375,1007.8599853515625,1008.0499877929688,6115,COST,1m
2026-05-27 18:48:00+00:00,1008.260009765625,1008.3300170898438,1008.1699829101562,1008.3300170898438,1439,COST,1m
2026-05-27 18:49:00+00:00,1008.1638793945312,1008.1799926757812,1008.1638793945312,1008.1799926757812,944,COST,1m
2026-05-27 18:50:00+00:00,1008.1599731445312,1008.1699829101562,1007.6099853515625,1007.6099853515625,2928,COST,1m
2026-05-27 18:51:00+00:00,1007.969970703125,1007.9749755859375,1007.969970703125,1007.9749755859375,1281,COST,1m
2026-05-27 18:52:00+00:00,1008.0700073242188,1008.3399047851562,1007.8200073242188,1007.9199829101562,2948,COST,1m
2026-05-27 18:53:00+00:00,1007.7899780273438,1007.9199829101562,1007.6500244140625,1007.85498046875,2307,COST,1m
2026-05-27 18:54:00+00:00,1007.85498046875,1008.0,1007.090087890625,1007.5999755859375,1462,COST,1m
2026-05-27 18:55:00+00:00,1007.6199951171875,1007.6199951171875,1007.6199951171875,1007.6199951171875,739,COST,1m
2026-05-27 18:56:00+00:00,1007.6199951171875,1007.6900024414062,1007.405029296875,1007.5750122070312,3063,COST,1m
2026-05-27 18:57:00+00:00,1007.6900024414062,1008.3499755859375,1007.6900024414062,1008.0700073242188,2872,COST,1m
2026-05-27 18:58:00+00:00,1008.0800170898438,1008.0800170898438,1007.8099975585938,1007.9249877929688,1389,COST,1m
2026-05-27 18:59:00+00:00,1007.8900146484375,1007.8900146484375,1007.4600219726562,1007.614990234375,1870,COST,1m
2026-05-27 19:00:00+00:00,1007.3900146484375,1008.0800170898438,1007.3900146484375,1008.0800170898438,3518,COST,1m
2026-05-27 19:01:00+00:00,1007.8699951171875,1007.8699951171875,1007.6199951171875,1007.6300048828125,1025,COST,1m
2026-05-27 19:02:00+00:00,1007.6199951171875,1007.6400146484375,1007.3499755859375,1007.3699951171875,4578,COST,1m
2026-05-27 19:03:00+00:00,1007.260009765625,1007.4556884765625,1007.0999755859375,1007.3026733398438,2094,COST,1m
2026-05-27 19:04:00+00:00,1007.5700073242188,1007.6500244140625,1007.219970703125,1007.5900268554688,1881,COST,1m
2026-05-27 19:05:00+00:00,1007.2401123046875,1007.5,1007.2401123046875,1007.4500122070312,1792,COST,1m
2026-05-27 19:06:00+00:00,1007.510009765625,1007.8699951171875,1007.510009765625,1007.739990234375,2951,COST,1m
2026-05-27 19:07:00+00:00,1007.85498046875,1007.85498046875,1007.6300048828125,1007.75,1754,COST,1m
2026-05-27 19:08:00+00:00,1007.7349853515625,1007.8900146484375,1007.72998046875,1007.8900146484375,872,COST,1m
2026-05-27 19:09:00+00:00,1007.7794799804688,1008.0,1007.760009765625,1007.8150024414062,2052,COST,1m
2026-05-27 19:10:00+00:00,1007.8049926757812,1007.8049926757812,1007.6099853515625,1007.625,1770,COST,1m
2026-05-27 19:11:00+00:00,1007.5999755859375,1007.676025390625,1007.2999877929688,1007.4749755859375,3122,COST,1m
2026-05-27 19:12:00+00:00,1007.4650268554688,1007.5405883789062,1007.4600219726562,1007.47998046875,1649,COST,1m
2026-05-27 19:13:00+00:00,1007.6500244140625,1007.6849975585938,1007.5999755859375,1007.5999755859375,1093,COST,1m
2026-05-27 19:14:00+00:00,1007.6900024414062,1007.7523803710938,1006.739990234375,1006.969970703125,6919,COST,1m
2026-05-27 19:15:00+00:00,1007.0050048828125,1007.0050048828125,1006.4199829101562,1006.4199829101562,3020,COST,1m
2026-05-27 19:16:00+00:00,1006.5399780273438,1006.5399780273438,1005.5700073242188,1005.7349853515625,2355,COST,1m
2026-05-27 19:17:00+00:00,1005.60498046875,1005.780029296875,1005.5599975585938,1005.7349853515625,3055,COST,1m
2026-05-27 19:18:00+00:00,1005.7249755859375,1005.7249755859375,1005.510009765625,1005.625,1228,COST,1m
2026-05-27 19:19:00+00:00,1005.625,1005.9600219726562,1005.56640625,1005.905029296875,2747,COST,1m
2026-05-27 19:20:00+00:00,1005.905029296875,1006.0,1005.6099853515625,1005.6400146484375,2855,COST,1m
2026-05-27 19:21:00+00:00,1005.5001220703125,1005.8200073242188,1005.5,1005.6500244140625,3186,COST,1m
2026-05-27 19:22:00+00:00,1005.5499877929688,1005.8300170898438,1005.5499877929688,1005.7550048828125,1583,COST,1m
2026-05-27 19:23:00+00:00,1005.75,1005.9500122070312,1005.5800170898438,1005.5800170898438,5622,COST,1m
2026-05-27 19:24:00+00:00,1005.760009765625,1005.969970703125,1005.760009765625,1005.969970703125,1761,COST,1m
2026-05-27 19:25:00+00:00,1006.0700073242188,1006.0999755859375,1006.0250244140625,1006.0250244140625,1544,COST,1m
2026-05-27 19:26:00+00:00,1006.0250244140625,1006.6546020507812,1006.02001953125,1006.5549926757812,4167,COST,1m
2026-05-27 19:27:00+00:00,1006.5549926757812,1006.969970703125,1006.5549926757812,1006.969970703125,2821,COST,1m
2026-05-27 19:28:00+00:00,1006.969970703125,1007.0050048828125,1006.6400146484375,1006.6400146484375,4451,COST,1m
2026-05-27 19:29:00+00:00,1006.6099853515625,1006.6306762695312,1006.3099975585938,1006.3150024414062,4438,COST,1m
2026-05-27 19:30:00+00:00,1006.1300048828125,1006.52001953125,1006.1300048828125,1006.35498046875,3273,COST,1m
2026-05-27 19:31:00+00:00,1006.219970703125,1006.3126220703125,1005.885009765625,1006.3126220703125,4898,COST,1m
2026-05-27 19:32:00+00:00,1006.260009765625,1006.3300170898438,1005.97998046875,1006.3300170898438,3814,COST,1m
2026-05-27 19:33:00+00:00,1006.1849975585938,1006.385009765625,1006.1849975585938,1006.2849731445312,3090,COST,1m
2026-05-27 19:34:00+00:00,1006.2899780273438,1006.4500122070312,1006.2899780273438,1006.4199829101562,2352,COST,1m
2026-05-27 19:35:00+00:00,1006.4600219726562,1006.530029296875,1006.280029296875,1006.3049926757812,2606,COST,1m
2026-05-27 19:36:00+00:00,1006.0900268554688,1006.135009765625,1005.77001953125,1005.7899780273438,3088,COST,1m
2026-05-27 19:37:00+00:00,1006.0198974609375,1006.0198974609375,1005.72998046875,1005.8150024414062,1582,COST,1m
2026-05-27 19:38:00+00:00,1005.6199951171875,1005.719970703125,1005.3599853515625,1005.5150146484375,4911,COST,1m
2026-05-27 19:39:00+00:00,1005.5150146484375,1006.0800170898438,1005.5150146484375,1006.030029296875,3890,COST,1m
2026-05-27 19:40:00+00:00,1006.030029296875,1006.030029296875,1005.60498046875,1005.625,2904,COST,1m
2026-05-27 19:41:00+00:00,1005.6799926757812,1005.7100219726562,1005.510009765625,1005.7100219726562,1608,COST,1m
2026-05-27 19:42:00+00:00,1005.6300048828125,1005.97998046875,1005.6300048828125,1005.8599853515625,4544,COST,1m
2026-05-27 19:43:00+00:00,1005.8900146484375,1006.0499877929688,1005.7899780273438,1005.9000244140625,4216,COST,1m
2026-05-27 19:44:00+00:00,1005.8200073242188,1005.889892578125,1005.7000122070312,1005.8499755859375,2734,COST,1m
2026-05-27 19:45:00+00:00,1005.6599731445312,1005.8599243164062,1005.52001953125,1005.8098754882812,4741,COST,1m
2026-05-27 19:46:00+00:00,1005.6749877929688,1005.760009765625,1005.5499877929688,1005.7100219726562,3692,COST,1m
2026-05-27 19:47:00+00:00,1005.760009765625,1006.3800048828125,1005.469970703125,1005.8400268554688,10333,COST,1m
2026-05-27 19:48:00+00:00,1005.7050170898438,1005.760009765625,1005.4525146484375,1005.760009765625,2574,COST,1m
2026-05-27 19:49:00+00:00,1005.77001953125,1005.9199829101562,1005.6900024414062,1005.9000244140625,4379,COST,1m
2026-05-27 19:50:00+00:00,1005.7999877929688,1005.7999877929688,1004.9400024414062,1005.2650146484375,10003,COST,1m
2026-05-27 19:51:00+00:00,1005.219970703125,1005.4550170898438,1005.1599731445312,1005.4550170898438,7338,COST,1m
2026-05-27 19:52:00+00:00,1005.52001953125,1006.0,1005.344970703125,1005.8499755859375,8046,COST,1m
2026-05-27 19:53:00+00:00,1005.8599853515625,1005.89501953125,1005.239990234375,1005.364990234375,6919,COST,1m
2026-05-27 19:54:00+00:00,1005.6699829101562,1005.97998046875,1004.72998046875,1005.52001953125,15044,COST,1m
2026-05-27 19:55:00+00:00,1005.4749755859375,1006.1199951171875,1005.4749755859375,1005.7974853515625,11551,COST,1m
2026-05-27 19:56:00+00:00,1005.75,1005.9500122070312,1005.260009765625,1005.3674926757812,11766,COST,1m
2026-05-27 19:57:00+00:00,1005.364990234375,1005.4400024414062,1004.6500244140625,1004.9299926757812,21286,COST,1m
2026-05-27 19:58:00+00:00,1004.9000244140625,1004.9600219726562,1004.5900268554688,1004.6699829101562,20394,COST,1m
2026-05-27 19:59:00+00:00,1004.6799926757812,1004.6799926757812,1003.52001953125,1003.7899780273438,50178,COST,1m
2026-05-28 13:30:00+00:00,1011.6099853515625,1012.0,1006.0,1006.469970703125,45880,COST,1m
2026-05-28 13:31:00+00:00,1005.7100219726562,1005.8900146484375,1000.8599853515625,1002.6699829101562,13901,COST,1m
2026-05-28 13:32:00+00:00,1003.010009765625,1005.9998779296875,1002.85498046875,1005.989990234375,5413,COST,1m
2026-05-28 13:33:00+00:00,1004.0999755859375,1005.989990234375,1002.0,1003.8350219726562,15990,COST,1m
2026-05-28 13:34:00+00:00,1003.8350219726562,1003.9550170898438,1002.5700073242188,1003.5,10846,COST,1m
2026-05-28 13:35:00+00:00,1003.4650268554688,1003.6300048828125,1003.0499877929688,1003.0499877929688,2654,COST,1m
2026-05-28 13:36:00+00:00,1002.9093017578125,1002.9093017578125,1000.510009765625,1000.9849853515625,10114,COST,1m
2026-05-28 13:37:00+00:00,1000.969970703125,1001.1099853515625,999.0,1000.0499877929688,16044,COST,1m
2026-05-28 13:38:00+00:00,1000.780029296875,1004.3800048828125,1000.72998046875,1004.3800048828125,7109,COST,1m
2026-05-28 13:39:00+00:00,1003.7899780273438,1005.25,1003.6599731445312,1003.9299926757812,8199,COST,1m
2026-05-28 13:40:00+00:00,1003.6099853515625,1006.0,1003.3005981445312,1004.8250122070312,9163,COST,1m
2026-05-28 13:41:00+00:00,1004.8200073242188,1005.6199951171875,1004.5700073242188,1005.6199951171875,6287,COST,1m
2026-05-28 13:42:00+00:00,1005.47998046875,1007.1199951171875,1005.0,1005.6124877929688,12689,COST,1m
2026-05-28 13:43:00+00:00,1005.5499877929688,1006.989990234375,1005.5449829101562,1005.5800170898438,9731,COST,1m
2026-05-28 13:44:00+00:00,1006.1699829101562,1006.1699829101562,1004.5599975585938,1004.635009765625,6081,COST,1m
2026-05-28 13:45:00+00:00,1004.6099853515625,1006.2899780273438,1004.60498046875,1005.8800048828125,3371,COST,1m
2026-05-28 13:46:00+00:00,1005.489990234375,1006.5599975585938,1005.0599975585938,1006.2849731445312,4785,COST,1m
2026-05-28 13:47:00+00:00,1006.4199829101562,1007.1400146484375,1006.0399780273438,1006.6599731445312,5538,COST,1m
2026-05-28 13:48:00+00:00,1006.7100219726562,1006.77001953125,1005.8900146484375,1006.1950073242188,5477,COST,1m
2026-05-28 13:49:00+00:00,1006.6799926757812,1006.9299926757812,1006.27392578125,1006.5599975585938,2838,COST,1m
2026-05-28 13:50:00+00:00,1006.510009765625,1007.7000122070312,1006.510009765625,1007.02001953125,7970,COST,1m
2026-05-28 13:51:00+00:00,1006.5700073242188,1006.7299194335938,1005.77001953125,1006.0599975585938,7515,COST,1m
2026-05-28 13:52:00+00:00,1005.8400268554688,1006.405029296875,1005.5999755859375,1006.0999755859375,6414,COST,1m
2026-05-28 13:53:00+00:00,1006.1715698242188,1006.385009765625,1004.760009765625,1005.0,8091,COST,1m
2026-05-28 13:54:00+00:00,1005.3804931640625,1005.760009765625,1005.02001953125,1005.1300048828125,5397,COST,1m
2026-05-28 13:55:00+00:00,1005.0599975585938,1006.0800170898438,1005.02001953125,1006.0800170898438,3442,COST,1m
2026-05-28 13:56:00+00:00,1006.75,1007.5349731445312,1006.3400268554688,1006.5399780273438,3746,COST,1m
2026-05-28 13:57:00+00:00,1006.5999755859375,1006.5999755859375,1005.8699951171875,1005.8699951171875,1901,COST,1m
2026-05-28 13:58:00+00:00,1005.8699951171875,1006.0449829101562,1004.8200073242188,1005.0,2659,COST,1m
2026-05-28 13:59:00+00:00,1005.0,1005.0499877929688,1004.0,1004.5900268554688,8304,COST,1m
2026-05-28 14:00:00+00:00,1004.4749755859375,1005.2100219726562,1004.4749755859375,1005.2100219726562,3215,COST,1m
2026-05-28 14:01:00+00:00,1005.4390258789062,1005.97998046875,1005.2050170898438,1005.760009765625,3298,COST,1m
2026-05-28 14:02:00+00:00,1005.969970703125,1005.989990234375,1004.3499755859375,1004.4000244140625,4384,COST,1m
2026-05-28 14:03:00+00:00,1004.25,1004.52001953125,1004.1099853515625,1004.1099853515625,1883,COST,1m
2026-05-28 14:04:00+00:00,1004.1099853515625,1004.4349975585938,1003.8800048828125,1004.4349975585938,4613,COST,1m
2026-05-28 14:05:00+00:00,1004.885986328125,1005.2449951171875,1004.5197143554688,1005.2449951171875,3253,COST,1m
2026-05-28 14:06:00+00:00,1005.2205200195312,1005.2205200195312,1004.3300170898438,1004.5700073242188,4645,COST,1m
2026-05-28 14:07:00+00:00,1004.6699829101562,1005.6932983398438,1004.5,1004.5,2283,COST,1m
2026-05-28 14:08:00+00:00,1005.659912109375,1005.659912109375,1004.9201049804688,1004.9201049804688,1530,COST,1m
2026-05-28 14:09:00+00:00,1005.8300170898438,1006.25,1005.3200073242188,1005.3200073242188,1801,COST,1m
2026-05-28 14:10:00+00:00,1005.5999755859375,1006.97998046875,1005.5999755859375,1006.6599731445312,3905,COST,1m
2026-05-28 14:11:00+00:00,1006.5413818359375,1006.5413818359375,1005.5250244140625,1005.5250244140625,2122,COST,1m
2026-05-28 14:12:00+00:00,1005.7849731445312,1006.3875122070312,1005.3300170898438,1006.1400146484375,5935,COST,1m
2026-05-28 14:13:00+00:00,1006.0,1006.8300170898438,1005.0401000976562,1005.0401000976562,5770,COST,1m
2026-05-28 14:14:00+00:00,1005.8699951171875,1005.8699951171875,1003.3800048828125,1003.5900268554688,7424,COST,1m
2026-05-28 14:15:00+00:00,1003.3244018554688,1003.9324951171875,1002.7999877929688,1002.8099975585938,7235,COST,1m
2026-05-28 14:16:00+00:00,1003.1799926757812,1004.4998779296875,1002.219970703125,1002.7899780273438,9165,COST,1m
2026-05-28 14:17:00+00:00,1003.010009765625,1004.0,1003.010009765625,1003.8400268554688,2119,COST,1m
2026-05-28 14:18:00+00:00,1003.4099731445312,1003.8200073242188,1001.6199951171875,1001.6400146484375,10996,COST,1m
2026-05-28 14:19:00+00:00,1001.3900146484375,1002.7949829101562,1001.3800048828125,1002.635009765625,5397,COST,1m
2026-05-28 14:20:00+00:00,1002.6500244140625,1004.0,1002.0399780273438,1004.0,4872,COST,1m
2026-05-28 14:21:00+00:00,1003.9899291992188,1005.0700073242188,1003.8300170898438,1004.3900146484375,6945,COST,1m
2026-05-28 14:22:00+00:00,1004.6500244140625,1005.5,1004.2999877929688,1005.5,2885,COST,1m
2026-05-28 14:23:00+00:00,1005.0599975585938,1005.5599975585938,1004.6610107421875,1005.375,2869,COST,1m
2026-05-28 14:24:00+00:00,1005.5,1005.5,1004.4099731445312,1004.4099731445312,1850,COST,1m
2026-05-28 14:25:00+00:00,1004.4000244140625,1004.4000244140625,1003.7999877929688,1004.22998046875,1854,COST,1m
2026-05-28 14:26:00+00:00,1004.2899780273438,1004.8298950195312,1004.2899780273438,1004.531982421875,2677,COST,1m
2026-05-28 14:27:00+00:00,1004.0999755859375,1005.1699829101562,1004.0999755859375,1005.1699829101562,5521,COST,1m
2026-05-28 14:28:00+00:00,1005.47998046875,1005.7650146484375,1005.1400146484375,1005.5750122070312,3813,COST,1m
2026-05-28 14:29:00+00:00,1005.780029296875,1006.0700073242188,1005.5499877929688,1005.5599975585938,16008,COST,1m
2026-05-28 14:30:00+00:00,1005.5549926757812,1005.8599853515625,1005.47998046875,1005.8049926757812,7288,COST,1m
2026-05-28 14:31:00+00:00,1005.3499755859375,1005.8099975585938,1005.22998046875,1005.2899780273438,2237,COST,1m
2026-05-28 14:32:00+00:00,1005.1699829101562,1005.1699829101562,1004.25,1004.6199951171875,3077,COST,1m
2026-05-28 14:33:00+00:00,1004.572509765625,1005.0900268554688,1004.3699951171875,1004.3699951171875,3005,COST,1m
2026-05-28 14:34:00+00:00,1004.260009765625,1005.7990112304688,1004.25,1005.7990112304688,2396,COST,1m
2026-05-28 14:35:00+00:00,1005.5650024414062,1005.7999877929688,1005.1599731445312,1005.35498046875,2891,COST,1m
2026-05-28 14:36:00+00:00,1005.3200073242188,1005.989013671875,1005.3200073242188,1005.6300048828125,2232,COST,1m
2026-05-28 14:37:00+00:00,1005.2000122070312,1005.9663696289062,1004.5999755859375,1004.5999755859375,4837,COST,1m
2026-05-28 14:38:00+00:00,1004.4000244140625,1004.9400024414062,1004.3800048828125,1004.6099853515625,2859,COST,1m
2026-05-28 14:39:00+00:00,1004.9500122070312,1005.3099975585938,1004.6599731445312,1004.6599731445312,1858,COST,1m
2026-05-28 14:40:00+00:00,1004.469970703125,1004.469970703125,1004.3800048828125,1004.4199829101562,1090,COST,1m
2026-05-28 14:41:00+00:00,1004.4400024414062,1004.969970703125,1004.3499755859375,1004.4000244140625,8244,COST,1m
2026-05-28 14:42:00+00:00,1004.6199951171875,1004.6199951171875,1003.39501953125,1003.39501953125,4992,COST,1m
2026-05-28 14:43:00+00:00,1003.614990234375,1003.614990234375,1002.8699951171875,1003.030029296875,5288,COST,1m
2026-05-28 14:44:00+00:00,1002.8599853515625,1003.5900268554688,1002.8599853515625,1003.5700073242188,2170,COST,1m
2026-05-28 14:45:00+00:00,1003.760009765625,1003.760009765625,1002.9000244140625,1002.9000244140625,4076,COST,1m
2026-05-28 14:46:00+00:00,1003.1500244140625,1003.4099731445312,1002.5800170898438,1002.7150268554688,4176,COST,1m
2026-05-28 14:47:00+00:00,1002.5,1003.22998046875,1002.4949951171875,1003.22998046875,3259,COST,1m
2026-05-28 14:48:00+00:00,1003.3049926757812,1003.4500122070312,1002.47998046875,1002.47998046875,1817,COST,1m
2026-05-28 14:49:00+00:00,1002.3400268554688,1002.7849731445312,1002.130126953125,1002.4600219726562,1095,COST,1m
2026-05-28 14:50:00+00:00,1002.4600219726562,1002.77001953125,1002.260009765625,1002.260009765625,2528,COST,1m
2026-05-28 14:51:00+00:00,1002.0,1002.219970703125,1001.9099731445312,1002.2050170898438,2013,COST,1m
2026-05-28 14:52:00+00:00,1002.0,1002.0,1000.8699951171875,1000.8699951171875,8017,COST,1m
2026-05-28 14:53:00+00:00,1000.6400146484375,1001.155029296875,1000.5700073242188,1001.155029296875,3318,COST,1m
2026-05-28 14:54:00+00:00,1000.9199829101562,1000.9199829101562,1000.25,1000.8699951171875,1416,COST,1m
2026-05-28 14:55:00+00:00,1001.0,1001.2150268554688,1000.3800048828125,1000.7999267578125,2488,COST,1m
2026-05-28 14:56:00+00:00,1000.4749755859375,1000.8699951171875,1000.4749755859375,1000.8200073242188,1747,COST,1m
2026-05-28 14:57:00+00:00,1001.22998046875,1001.5916137695312,1000.905029296875,1001.4849853515625,2417,COST,1m
2026-05-28 14:58:00+00:00,1001.4199829101562,1001.4199829101562,1000.8900146484375,1000.8900146484375,6470,COST,1m
2026-05-28 14:59:00+00:00,1000.6649780273438,1001.0999145507812,1000.3900146484375,1000.3900146484375,2791,COST,1m
2026-05-28 15:00:00+00:00,1000.280029296875,1000.7990112304688,999.8200073242188,999.9290161132812,8247,COST,1m
2026-05-28 15:01:00+00:00,999.969970703125,1000.030029296875,999.4199829101562,999.4199829101562,2868,COST,1m
2026-05-28 15:02:00+00:00,999.200927734375,999.5850219726562,999.200927734375,999.530029296875,2228,COST,1m
2026-05-28 15:03:00+00:00,999.4349975585938,999.5499877929688,999.1599731445312,999.2274780273438,2660,COST,1m
2026-05-28 15:04:00+00:00,999.5,999.7999267578125,999.3250122070312,999.72998046875,2422,COST,1m
2026-05-28 15:05:00+00:00,999.625,999.9990234375,999.3699951171875,999.6749877929688,2428,COST,1m
2026-05-28 15:06:00+00:00,999.6699829101562,999.9799194335938,999.3099975585938,999.3099975585938,1811,COST,1m
2026-05-28 15:07:00+00:00,999.3099975585938,999.5599975585938,998.3499755859375,998.4199829101562,8798,COST,1m
2026-05-28 15:08:00+00:00,998.4000244140625,998.5599975585938,998.0999755859375,998.25,4997,COST,1m
2026-05-28 15:09:00+00:00,998.4199829101562,999.4500122070312,998.2999877929688,999.0,18890,COST,1m
2026-05-28 15:10:00+00:00,999.0,999.8599243164062,998.7550048828125,999.2349853515625,5014,COST,1m
2026-05-28 15:11:00+00:00,999.3724975585938,999.8198852539062,999.3724975585938,999.4099731445312,1127,COST,1m
2026-05-28 15:12:00+00:00,999.405029296875,999.510009765625,999.3900146484375,999.5050048828125,1167,COST,1m
2026-05-28 15:13:00+00:00,999.4500122070312,999.7227172851562,999.0900268554688,999.39501953125,1788,COST,1m
2026-05-28 15:14:00+00:00,999.2000122070312,999.2000122070312,998.239990234375,998.239990234375,2985,COST,1m
2026-05-28 15:15:00+00:00,998.1900024414062,998.9400024414062,998.0,998.77001953125,5427,COST,1m
2026-05-28 15:16:00+00:00,998.614990234375,998.8189697265625,998.260009765625,998.260009765625,3903,COST,1m
2026-05-28 15:17:00+00:00,998.2313842773438,998.5598754882812,997.72998046875,998.010009765625,5767,COST,1m
2026-05-28 15:18:00+00:00,998.2750244140625,998.4000244140625,997.6799926757812,997.75,2518,COST,1m
2026-05-28 15:19:00+00:00,998.0,998.0,997.8200073242188,997.8499755859375,852,COST,1m
2026-05-28 15:20:00+00:00,997.8699951171875,998.114990234375,997.75,997.780029296875,1766,COST,1m
2026-05-28 15:21:00+00:00,997.8099975585938,998.0850219726562,997.5599975585938,997.5615234375,3497,COST,1m
2026-05-28 15:22:00+00:00,997.6300048828125,997.75,997.0499877929688,997.4099731445312,7285,COST,1m
2026-05-28 15:23:00+00:00,997.5449829101562,997.8599243164062,997.4000244140625,997.5250244140625,1710,COST,1m
2026-05-28 15:24:00+00:00,997.489990234375,997.8499755859375,997.3900146484375,997.510009765625,6089,COST,1m
2026-05-28 15:25:00+00:00,997.6199951171875,997.7000122070312,997.385009765625,997.5999755859375,5906,COST,1m
2026-05-28 15:26:00+00:00,997.5700073242188,997.60498046875,997.0999755859375,997.375,4886,COST,1m
2026-05-28 15:27:00+00:00,997.1400146484375,997.4299926757812,996.8599853515625,997.0,5506,COST,1m
2026-05-28 15:28:00+00:00,996.8499755859375,997.1799926757812,996.2999877929688,996.3099975585938,5324,COST,1m
2026-05-28 15:29:00+00:00,996.3150024414062,996.5250244140625,996.0,996.4600219726562,4692,COST,1m
2026-05-28 15:30:00+00:00,996.5549926757812,996.8399047851562,996.3800048828125,996.60498046875,2273,COST,1m
2026-05-28 15:31:00+00:00,996.3900756835938,996.8200073242188,995.5300903320312,995.5300903320312,7655,COST,1m
2026-05-28 15:32:00+00:00,996.0150146484375,996.0150146484375,995.5499877929688,995.72998046875,4702,COST,1m
2026-05-28 15:33:00+00:00,995.6799926757812,996.72998046875,995.5700073242188,996.72998046875,4095,COST,1m
2026-05-28 15:34:00+00:00,996.4199829101562,996.719970703125,996.219970703125,996.6199951171875,4155,COST,1m
2026-05-28 15:35:00+00:00,996.6199951171875,997.7598876953125,996.5,997.364990234375,4786,COST,1m
2026-05-28 15:36:00+00:00,997.219970703125,998.0,997.219970703125,997.9000244140625,2950,COST,1m
2026-05-28 15:37:00+00:00,997.7899780273438,998.280029296875,997.7899780273438,998.094970703125,2957,COST,1m
2026-05-28 15:38:00+00:00,998.0999755859375,998.1475219726562,997.8800048828125,997.8800048828125,3547,COST,1m
2026-05-28 15:39:00+00:00,997.9400024414062,998.4299926757812,997.9400024414062,998.0700073242188,5072,COST,1m
2026-05-28 15:40:00+00:00,998.114990234375,998.4998779296875,998.114990234375,998.3599853515625,4934,COST,1m
2026-05-28 15:41:00+00:00,998.3599853515625,998.8988037109375,998.3200073242188,998.625,4608,COST,1m
2026-05-28 15:42:00+00:00,998.625,998.7550048828125,998.3699951171875,998.6300048828125,2743,COST,1m
2026-05-28 15:43:00+00:00,998.6300048828125,999.0,998.6300048828125,998.7949829101562,3571,COST,1m
2026-05-28 15:44:00+00:00,998.5999755859375,999.5,998.5999755859375,999.5,3952,COST,1m
2026-05-28 15:45:00+00:00,999.5,999.5,998.8599853515625,999.2349853515625,4118,COST,1m
2026-05-28 15:46:00+00:00,999.2899780273438,999.3099975585938,999.2899780273438,999.3099975585938,597,COST,1m
2026-05-28 15:47:00+00:00,999.1199951171875,999.5900268554688,999.1199951171875,999.2899780273438,4220,COST,1m
2026-05-28 15:48:00+00:00,999.2849731445312,999.7150268554688,999.2650146484375,999.7150268554688,3533,COST,1m
2026-05-28 15:49:00+00:00,999.7150268554688,999.7150268554688,999.3200073242188,999.3200073242188,2525,COST,1m
2026-05-28 15:50:00+00:00,999.4400024414062,999.5349731445312,999.219970703125,999.219970703125,3023,COST,1m
2026-05-28 15:51:00+00:00,999.219970703125,999.3800048828125,999.0,999.3800048828125,1676,COST,1m
2026-05-28 15:52:00+00:00,998.7899780273438,998.9400024414062,998.5999755859375,998.5999755859375,2486,COST,1m
2026-05-28 15:53:00+00:00,998.8099975585938,999.27001953125,998.75,999.27001953125,2611,COST,1m
2026-05-28 15:54:00+00:00,999.4500122070312,999.4949951171875,998.6900024414062,999.1276245117188,4193,COST,1m
2026-05-28 15:55:00+00:00,999.1649780273438,999.1900024414062,998.9600219726562,999.1900024414062,894,COST,1m
2026-05-28 15:56:00+00:00,999.1900024414062,999.530029296875,999.02001953125,999.4000244140625,4328,COST,1m
2026-05-28 15:57:00+00:00,999.4149780273438,999.4199829101562,999.1900024414062,999.3099975585938,1522,COST,1m
2026-05-28 15:58:00+00:00,999.1900024414062,999.5800170898438,999.1900024414062,999.22998046875,2654,COST,1m
2026-05-28 15:59:00+00:00,999.4249877929688,999.635009765625,999.4249877929688,999.635009765625,2231,COST,1m
2026-05-28 16:00:00+00:00,999.625,999.7100219726562,999.530029296875,999.6099853515625,2590,COST,1m
2026-05-28 16:01:00+00:00,999.75,1000.0900268554688,999.75,999.9500122070312,6183,COST,1m
2026-05-28 16:02:00+00:00,999.9000244140625,1000.1300048828125,999.8499755859375,1000.0349731445312,2799,COST,1m
2026-05-28 16:03:00+00:00,1000.0499877929688,1000.2899780273438,999.97998046875,1000.2899780273438,3142,COST,1m
2026-05-28 16:04:00+00:00,1000.3300170898438,1000.5,1000.3300170898438,1000.5,650,COST,1m
2026-05-28 16:05:00+00:00,1000.4099731445312,1000.5,1000.3200073242188,1000.3200073242188,818,COST,1m
2026-05-28 16:06:00+00:00,1000.22998046875,1000.3250122070312,1000.1649780273438,1000.1649780273438,1100,COST,1m
2026-05-28 16:07:00+00:00,1000.155029296875,1000.3300170898438,1000.1199951171875,1000.1199951171875,918,COST,1m
2026-05-28 16:08:00+00:00,1000.0900268554688,1000.4699096679688,1000.0599975585938,1000.4699096679688,2571,COST,1m
2026-05-28 16:09:00+00:00,1000.27001953125,1000.27001953125,1000.0800170898438,1000.0800170898438,874,COST,1m
2026-05-28 16:10:00+00:00,1000.0999755859375,1000.5449829101562,999.8900146484375,1000.5449829101562,4405,COST,1m
2026-05-28 16:11:00+00:00,1000.4500122070312,1000.5499877929688,1000.344970703125,1000.344970703125,811,COST,1m
2026-05-28 16:12:00+00:00,1000.1467895507812,1000.25,999.280029296875,999.2899780273438,6664,COST,1m
2026-05-28 16:13:00+00:00,999.2999877929688,999.7899780273438,999.2999877929688,999.7849731445312,1350,COST,1m
2026-05-28 16:14:00+00:00,999.6099853515625,999.6099853515625,999.5999755859375,999.5999755859375,392,COST,1m
2026-05-28 16:15:00+00:00,999.5750122070312,999.969970703125,999.4400024414062,999.6599731445312,2143,COST,1m
2026-05-28 16:16:00+00:00,999.2999877929688,999.2999877929688,999.2999877929688,999.2999877929688,309,COST,1m
2026-05-28 16:17:00+00:00,999.25,999.6599731445312,999.25,999.6599731445312,1286,COST,1m
2026-05-28 16:18:00+00:00,999.6599731445312,1000.0,999.655029296875,999.989990234375,1053,COST,1m
2026-05-28 16:19:00+00:00,999.8200073242188,999.8200073242188,999.6300048828125,999.6300048828125,945,COST,1m
2026-05-28 16:20:00+00:00,999.9500122070312,1000.2100219726562,999.8900146484375,1000.0,3281,COST,1m
2026-05-28 16:21:00+00:00,1000.280029296875,1000.5900268554688,1000.280029296875,1000.4949951171875,2769,COST,1m
2026-05-28 16:22:00+00:00,1000.4949951171875,1000.6119995117188,1000.3499755859375,1000.5449829101562,1392,COST,1m
2026-05-28 16:23:00+00:00,1000.5449829101562,1000.7000122070312,1000.5,1000.5,3144,COST,1m
2026-05-28 16:24:00+00:00,1000.8499145507812,1000.8499145507812,1000.3200073242188,1000.635009765625,1571,COST,1m
2026-05-28 16:25:00+00:00,1000.2200927734375,1000.8499755859375,1000.2200927734375,1000.5800170898438,2395,COST,1m
2026-05-28 16:26:00+00:00,1000.7150268554688,1000.7150268554688,1000.4299926757812,1000.4299926757812,890,COST,1m
2026-05-28 16:27:00+00:00,1000.2999877929688,1000.3790893554688,999.9600219726562,1000.1749877929688,3836,COST,1m
2026-05-28 16:28:00+00:00,1000.1749877929688,1000.1749877929688,1000.1749877929688,1000.1749877929688,538,COST,1m
2026-05-28 16:29:00+00:00,1000.2050170898438,1000.4199829101562,1000.0399780273438,1000.4199829101562,1619,COST,1m
2026-05-28 16:30:00+00:00,1000.4199829101562,1000.4199829101562,1000.030029296875,1000.1649780273438,2267,COST,1m
2026-05-28 16:31:00+00:00,1000.1699829101562,1000.489990234375,1000.1699829101562,1000.489990234375,2083,COST,1m
2026-05-28 16:32:00+00:00,1000.489990234375,1000.7150268554688,1000.489990234375,1000.7150268554688,563,COST,1m
2026-05-28 16:33:00+00:00,1000.75,1001.010009765625,1000.510009765625,1000.9000244140625,2572,COST,1m
2026-05-28 16:34:00+00:00,1001.030029296875,1001.5050048828125,1001.030029296875,1001.5050048828125,1902,COST,1m
2026-05-28 16:35:00+00:00,1001.4550170898438,1001.4550170898438,1001.4199829101562,1001.4199829101562,973,COST,1m
2026-05-28 16:36:00+00:00,1001.1199951171875,1001.3399047851562,1000.9783935546875,1001.1099853515625,2483,COST,1m
2026-05-28 16:37:00+00:00,1001.2899780273438,1001.3200073242188,1001.0748901367188,1001.2100219726562,2469,COST,1m
2026-05-28 16:38:00+00:00,1001.1199951171875,1001.3499755859375,1001.1199951171875,1001.3499755859375,1029,COST,1m
2026-05-28 16:39:00+00:00,1001.3300170898438,1001.3300170898438,1001.1599731445312,1001.1599731445312,1558,COST,1m
2026-05-28 16:40:00+00:00,1001.3900146484375,1001.719970703125,1001.3200073242188,1001.5250244140625,4879,COST,1m
2026-05-28 16:41:00+00:00,1001.530029296875,1002.2050170898438,1001.530029296875,1002.1199951171875,4534,COST,1m
2026-05-28 16:42:00+00:00,1002.389892578125,1002.389892578125,1001.8400268554688,1001.9550170898438,2442,COST,1m
2026-05-28 16:43:00+00:00,1001.9550170898438,1002.1400146484375,1001.77001953125,1001.77001953125,2859,COST,1m
2026-05-28 16:44:00+00:00,1001.8699951171875,1002.3200073242188,1001.77001953125,1001.8599853515625,2165,COST,1m
2026-05-28 16:45:00+00:00,1001.8150024414062,1002.1199951171875,1001.8150024414062,1002.1199951171875,2180,COST,1m
2026-05-28 16:46:00+00:00,1002.239990234375,1002.4199829101562,1002.2301025390625,1002.4199829101562,3750,COST,1m
2026-05-28 16:47:00+00:00,1002.4249877929688,1002.5,1001.989990234375,1002.25,9010,COST,1m
2026-05-28 16:48:00+00:00,1002.3499755859375,1002.3499755859375,1002.0599975585938,1002.1300048828125,1489,COST,1m
2026-05-28 16:49:00+00:00,1002.1300048828125,1002.1300048828125,1001.6900024414062,1001.8400268554688,6334,COST,1m
2026-05-28 16:50:00+00:00,1001.6500854492188,1001.8400268554688,1001.5599975585938,1001.719970703125,1900,COST,1m
2026-05-28 16:51:00+00:00,1001.719970703125,1002.5499877929688,1001.719970703125,1002.4550170898438,2332,COST,1m
2026-05-28 16:52:00+00:00,1002.3565063476562,1002.6900024414062,1002.3565063476562,1002.5800170898438,1890,COST,1m
2026-05-28 16:53:00+00:00,1002.5850219726562,1002.5850219726562,1002.3200073242188,1002.3200073242188,1398,COST,1m
2026-05-28 16:54:00+00:00,1002.3800048828125,1002.4749755859375,1002.27001953125,1002.4749755859375,2294,COST,1m
2026-05-28 16:55:00+00:00,1002.4749755859375,1002.6799926757812,1002.280029296875,1002.4249877929688,3474,COST,1m
2026-05-28 16:56:00+00:00,1002.5250244140625,1002.8699951171875,1002.469970703125,1002.469970703125,4034,COST,1m
2026-05-28 16:57:00+00:00,1002.385009765625,1002.6199951171875,1002.385009765625,1002.530029296875,1691,COST,1m
2026-05-28 16:58:00+00:00,1002.27001953125,1002.72998046875,1002.27001953125,1002.280029296875,1370,COST,1m
2026-05-28 16:59:00+00:00,1002.5,1002.5,1002.010009765625,1002.2750244140625,6313,COST,1m
2026-05-28 17:00:00+00:00,1002.1400146484375,1002.2750244140625,1001.989990234375,1002.0399780273438,3557,COST,1m
2026-05-28 17:01:00+00:00,1002.2849731445312,1002.2849731445312,1000.0,1000.7249755859375,17307,COST,1m
2026-05-28 17:02:00+00:00,1000.7249755859375,1001.1298828125,1000.3917236328125,1000.72998046875,2748,COST,1m
2026-05-28 17:03:00+00:00,1000.3800048828125,1001.0900268554688,999.6699829101562,999.6699829101562,5184,COST,1m
2026-05-28 17:04:00+00:00,999.4400024414062,1000.4099731445312,999.4400024414062,1000.4099731445312,2910,COST,1m
2026-05-28 17:05:00+00:00,1000.5899047851562,1000.75,1000.5899047851562,1000.75,1837,COST,1m
2026-05-28 17:06:00+00:00,1000.3400268554688,1000.6649780273438,1000.3400268554688,1000.6649780273438,940,COST,1m
2026-05-28 17:07:00+00:00,1000.4199829101562,1000.9550170898438,1000.2949829101562,1000.5,2751,COST,1m
2026-05-28 17:08:00+00:00,1000.6649780273438,1000.6699829101562,999.0,999.0,6828,COST,1m
2026-05-28 17:09:00+00:00,998.9400024414062,999.1699829101562,996.3245239257812,996.655029296875,12484,COST,1m
2026-05-28 17:10:00+00:00,996.614990234375,997.5349731445312,995.7999877929688,996.8099975585938,14298,COST,1m
2026-05-28 17:11:00+00:00,997.010009765625,997.4650268554688,996.7999877929688,996.9500122070312,3180,COST,1m
2026-05-28 17:12:00+00:00,997.3900146484375,997.5999755859375,997.0999755859375,997.1599731445312,3213,COST,1m
2026-05-28 17:13:00+00:00,997.3699951171875,997.6199951171875,997.1199951171875,997.3499755859375,2947,COST,1m
2026-05-28 17:14:00+00:00,997.3699951171875,997.6400146484375,997.3599853515625,997.5750122070312,2991,COST,1m
2026-05-28 17:15:00+00:00,997.4500122070312,997.5499877929688,996.5700073242188,996.5700073242188,8613,COST,1m
2026-05-28 17:16:00+00:00,996.9199829101562,997.27001953125,996.8300170898438,996.9949951171875,3015,COST,1m
2026-05-28 17:17:00+00:00,997.1199951171875,997.3800048828125,996.989990234375,997.260009765625,5606,COST,1m
2026-05-28 17:18:00+00:00,997.4500122070312,998.4227905273438,997.4500122070312,998.4227905273438,5254,COST,1m
2026-05-28 17:19:00+00:00,998.4199829101562,998.4299926757812,998.2550048828125,998.4199829101562,3024,COST,1m
2026-05-28 17:20:00+00:00,998.2999877929688,998.7650146484375,998.2999877929688,998.75,2830,COST,1m
2026-05-28 17:21:00+00:00,998.6300048828125,998.7550048828125,998.4099731445312,998.75,2620,COST,1m
2026-05-28 17:22:00+00:00,998.7550048828125,998.7550048828125,998.3800048828125,998.5999755859375,3756,COST,1m
2026-05-28 17:23:00+00:00,998.780029296875,999.0399780273438,998.719970703125,998.9849853515625,2319,COST,1m
2026-05-28 17:24:00+00:00,999.1699829101562,999.2424926757812,998.8599853515625,999.0,5026,COST,1m
2026-05-28 17:25:00+00:00,998.6699829101562,999.0726928710938,998.4099731445312,998.5650024414062,3868,COST,1m
2026-05-28 17:26:00+00:00,998.7000122070312,999.0,998.7000122070312,999.0,1834,COST,1m
2026-05-28 17:27:00+00:00,999.2000122070312,999.9210205078125,999.1300048828125,999.3800048828125,6720,COST,1m
2026-05-28 17:28:00+00:00,999.3300170898438,999.4949951171875,998.8499755859375,999.125,4365,COST,1m
2026-05-28 17:29:00+00:00,998.9749755859375,999.0499877929688,998.5900268554688,999.0499877929688,3904,COST,1m
2026-05-28 17:30:00+00:00,999.10498046875,999.219970703125,998.8300170898438,999.10498046875,1212,COST,1m
2026-05-28 17:31:00+00:00,999.0650024414062,999.25,999.0650024414062,999.155029296875,1566,COST,1m
2026-05-28 17:32:00+00:00,999.4299926757812,999.4299926757812,998.1699829101562,998.4550170898438,2805,COST,1m
2026-05-28 17:33:00+00:00,998.219970703125,999.1649780273438,998.0200805664062,999.1649780273438,3732,COST,1m
2026-05-28 17:34:00+00:00,999.2100219726562,999.3900146484375,999.1699829101562,999.3049926757812,2017,COST,1m
2026-05-28 17:35:00+00:00,999.280029296875,999.280029296875,998.219970703125,998.22900390625,4288,COST,1m
2026-05-28 17:36:00+00:00,998.2100219726562,998.2100219726562,997.5599975585938,997.9149780273438,5310,COST,1m
2026-05-28 17:37:00+00:00,997.6799926757812,998.7949829101562,997.6199951171875,998.7949829101562,2847,COST,1m
2026-05-28 17:38:00+00:00,998.4000244140625,998.7999877929688,998.3499755859375,998.6799926757812,2895,COST,1m
2026-05-28 17:39:00+00:00,998.4299926757812,998.83447265625,998.3300170898438,998.83447265625,2949,COST,1m
2026-05-28 17:40:00+00:00,998.5549926757812,998.969970703125,998.1400756835938,998.4349975585938,1623,COST,1m
2026-05-28 17:41:00+00:00,998.4349975585938,998.489990234375,997.739990234375,997.739990234375,4204,COST,1m
2026-05-28 17:42:00+00:00,997.719970703125,997.89501953125,997.5900268554688,997.7349853515625,1522,COST,1m
2026-05-28 17:43:00+00:00,997.7349853515625,998.2999877929688,997.530029296875,997.530029296875,3376,COST,1m
2026-05-28 17:44:00+00:00,997.75,997.75,997.0499877929688,997.0499877929688,1839,COST,1m
2026-05-28 17:45:00+00:00,997.114990234375,997.469970703125,996.77001953125,997.469970703125,9780,COST,1m
2026-05-28 17:46:00+00:00,997.1199951171875,997.4699096679688,997.1199951171875,997.4699096679688,2390,COST,1m
2026-05-28 17:47:00+00:00,997.469970703125,997.6099853515625,997.469970703125,997.60498046875,3316,COST,1m
2026-05-28 17:48:00+00:00,997.60498046875,998.3300170898438,997.60498046875,998.3300170898438,2183,COST,1m
2026-05-28 17:49:00+00:00,998.1699829101562,998.1799926757812,997.6599731445312,997.9550170898438,4226,COST,1m
2026-05-28 17:50:00+00:00,997.9550170898438,998.2899780273438,997.9550170898438,998.0599975585938,2693,COST,1m
2026-05-28 17:51:00+00:00,997.969970703125,998.5,997.7999877929688,998.2100219726562,6447,COST,1m
2026-05-28 17:52:00+00:00,998.3599853515625,998.364990234375,998.3099975585938,998.3599853515625,1270,COST,1m
2026-05-28 17:53:00+00:00,998.2100219726562,998.9400024414062,998.2100219726562,998.85498046875,3148,COST,1m
2026-05-28 17:54:00+00:00,998.9229736328125,999.2525024414062,998.864990234375,999.0999755859375,2394,COST,1m
2026-05-28 17:55:00+00:00,999.1199951171875,999.1500244140625,998.8900146484375,998.8900146484375,7366,COST,1m
2026-05-28 17:56:00+00:00,998.9000244140625,999.3809814453125,998.89501953125,999.0900268554688,3829,COST,1m
2026-05-28 17:57:00+00:00,999.1500244140625,999.3049926757812,998.9299926757812,999.1199951171875,2282,COST,1m
2026-05-28 17:58:00+00:00,999.135009765625,999.2598876953125,998.901123046875,999.0750122070312,1216,COST,1m
2026-05-28 17:59:00+00:00,998.9000244140625,999.094970703125,998.72998046875,998.72998046875,3598,COST,1m
2026-05-28 18:00:00+00:00,999.239990234375,999.2598876953125,998.7100219726562,998.9600219726562,2196,COST,1m
2026-05-28 18:01:00+00:00,998.7999877929688,999.2000122070312,998.6699829101562,998.6699829101562,3645,COST,1m
2026-05-28 18:02:00+00:00,998.905029296875,998.905029296875,998.6199951171875,998.8049926757812,3675,COST,1m
2026-05-28 18:03:00+00:00,998.8049926757812,998.875,998.5,998.5,5291,COST,1m
2026-05-28 18:04:00+00:00,998.5800170898438,998.6950073242188,998.2100219726562,998.6799926757812,3587,COST,1m
2026-05-28 18:05:00+00:00,997.8099975585938,997.9450073242188,997.6199951171875,997.7100219726562,2810,COST,1m
2026-05-28 18:06:00+00:00,997.7100219726562,998.1199951171875,997.6500244140625,997.875,3064,COST,1m
2026-05-28 18:07:00+00:00,998.0549926757812,998.2100219726562,997.760009765625,997.760009765625,2749,COST,1m
2026-05-28 18:08:00+00:00,998.0150146484375,998.0599975585938,997.8800048828125,998.010009765625,3160,COST,1m
2026-05-28 18:09:00+00:00,998.1300048828125,998.1500244140625,997.8800048828125,998.0900268554688,3780,COST,1m
2026-05-28 18:10:00+00:00,997.9000244140625,998.2999877929688,997.780029296875,998.030029296875,3860,COST,1m
2026-05-28 18:11:00+00:00,997.8099975585938,998.0499877929688,997.719970703125,997.8699951171875,3638,COST,1m
2026-05-28 18:12:00+00:00,997.9249877929688,998.0,997.9099731445312,998.0,2115,COST,1m
2026-05-28 18:13:00+00:00,998.010009765625,998.7199096679688,998.010009765625,998.4630737304688,2752,COST,1m
2026-05-28 18:14:00+00:00,998.1710205078125,998.9998779296875,998.0399780273438,998.0399780273438,7683,COST,1m
2026-05-28 18:15:00+00:00,998.094970703125,998.1699829101562,998.02001953125,998.030029296875,3768,COST,1m
2026-05-28 18:16:00+00:00,998.010009765625,998.3250122070312,997.8699951171875,998.3250122070312,3132,COST,1m
2026-05-28 18:17:00+00:00,998.4500122070312,998.4600219726562,997.8900146484375,997.8900146484375,3610,COST,1m
2026-05-28 18:18:00+00:00,997.8900146484375,998.1300048828125,997.6199951171875,997.9000244140625,2586,COST,1m
2026-05-28 18:19:00+00:00,997.8099975585938,998.3300170898438,997.6799926757812,998.280029296875,5410,COST,1m
2026-05-28 18:20:00+00:00,998.1699829101562,998.1699829101562,997.719970703125,997.719970703125,3362,COST,1m
2026-05-28 18:21:00+00:00,997.8699951171875,997.8699951171875,997.72900390625,997.72998046875,1455,COST,1m
2026-05-28 18:22:00+00:00,997.7999877929688,997.8065795898438,997.6799926757812,997.6799926757812,1999,COST,1m
2026-05-28 18:23:00+00:00,997.719970703125,997.7999877929688,997.530029296875,997.6325073242188,4457,COST,1m
2026-05-28 18:24:00+00:00,997.60498046875,997.864990234375,997.60498046875,997.8300170898438,6636,COST,1m
2026-05-28 18:25:00+00:00,997.9273071289062,998.1209106445312,997.7100219726562,997.9099731445312,4755,COST,1m
2026-05-28 18:26:00+00:00,997.9749755859375,997.9749755859375,997.5599975585938,997.5999755859375,2526,COST,1m
2026-05-28 18:27:00+00:00,997.6699829101562,997.8300170898438,997.6099853515625,997.7249755859375,2442,COST,1m
2026-05-28 18:28:00+00:00,997.7210083007812,998.0399780273438,997.719970703125,997.7999877929688,2674,COST,1m
2026-05-28 18:29:00+00:00,997.85498046875,998.030029296875,997.6599731445312,997.8084106445312,2403,COST,1m
2026-05-28 18:30:00+00:00,997.8400268554688,998.0198974609375,997.6599731445312,997.7451171875,1868,COST,1m
2026-05-28 18:31:00+00:00,997.739990234375,997.8300170898438,997.5,997.510009765625,4963,COST,1m
2026-05-28 18:32:00+00:00,997.8200073242188,998.010009765625,997.8200073242188,997.8900146484375,2086,COST,1m
2026-05-28 18:33:00+00:00,997.8900146484375,998.1900024414062,997.885009765625,998.0800170898438,3941,COST,1m
2026-05-28 18:34:00+00:00,998.0700073242188,998.4976196289062,998.0700073242188,998.2324829101562,5474,COST,1m
2026-05-28 18:35:00+00:00,998.25,998.3701171875,998.1199951171875,998.25,2246,COST,1m
2026-05-28 18:36:00+00:00,998.2999877929688,998.47998046875,998.2000122070312,998.2849731445312,2327,COST,1m
2026-05-28 18:37:00+00:00,998.1199951171875,998.419921875,998.1199951171875,998.2000122070312,2287,COST,1m
2026-05-28 18:38:00+00:00,998.2000122070312,998.5899047851562,998.1201782226562,998.4000244140625,6347,COST,1m
2026-05-28 18:39:00+00:00,998.4099731445312,998.5999755859375,998.3775024414062,998.510009765625,3198,COST,1m
2026-05-28 18:40:00+00:00,998.52001953125,998.85498046875,998.5078125,998.85498046875,3213,COST,1m
2026-05-28 18:41:00+00:00,999.0,999.0399780273438,998.8300170898438,998.8300170898438,4874,COST,1m
2026-05-28 18:42:00+00:00,998.760009765625,998.9400024414062,998.7100219726562,998.85498046875,1799,COST,1m
2026-05-28 18:43:00+00:00,998.8599853515625,998.8900146484375,998.6400146484375,998.7899780273438,3455,COST,1m
2026-05-28 18:44:00+00:00,998.7849731445312,998.8599853515625,998.780029296875,998.7849731445312,1162,COST,1m
2026-05-28 18:45:00+00:00,998.5900268554688,998.5999755859375,998.489990234375,998.489990234375,1711,COST,1m
2026-05-28 18:46:00+00:00,998.489990234375,998.489990234375,998.2899780273438,998.4400024414062,3670,COST,1m
2026-05-28 18:47:00+00:00,998.47998046875,998.52001953125,998.4099731445312,998.4249267578125,3421,COST,1m
2026-05-28 18:48:00+00:00,998.52001953125,998.6400146484375,998.4199829101562,998.5999755859375,4066,COST,1m
2026-05-28 18:49:00+00:00,998.52001953125,998.6300048828125,998.52001953125,998.6199951171875,2341,COST,1m
2026-05-28 18:50:00+00:00,998.760009765625,998.8499755859375,998.5999755859375,998.6900024414062,4856,COST,1m
2026-05-28 18:51:00+00:00,998.7899780273438,998.8599853515625,998.75,998.8499755859375,2319,COST,1m
2026-05-28 18:52:00+00:00,998.8499755859375,999.10498046875,998.8499755859375,999.010009765625,3831,COST,1m
2026-05-28 18:53:00+00:00,998.8900146484375,999.010009765625,998.8900146484375,998.8900146484375,2936,COST,1m
2026-05-28 18:54:00+00:00,999.0150146484375,999.0150146484375,998.5399780273438,998.6199951171875,3958,COST,1m
2026-05-28 18:55:00+00:00,998.510009765625,998.8200073242188,998.3099975585938,998.4299926757812,9731,COST,1m
2026-05-28 18:56:00+00:00,998.5900268554688,998.8098754882812,998.4299926757812,998.7869873046875,3947,COST,1m
2026-05-28 18:57:00+00:00,998.8499755859375,999.0599975585938,998.6199951171875,998.7949829101562,8725,COST,1m
2026-05-28 18:58:00+00:00,998.6099853515625,998.8150024414062,998.280029296875,998.2899780273438,6294,COST,1m
2026-05-28 18:59:00+00:00,998.3200073242188,998.6400146484375,997.5399780273438,997.9600219726562,14705,COST,1m
2026-05-28 19:00:00+00:00,998.1400146484375,998.5399780273438,997.0,997.0894165039062,14133,COST,1m
2026-05-28 19:01:00+00:00,997.4000244140625,997.4000244140625,996.344970703125,996.344970703125,14265,COST,1m
2026-05-28 19:02:00+00:00,996.6699829101562,997.4400024414062,996.6699829101562,997.4400024414062,3207,COST,1m
2026-05-28 19:03:00+00:00,997.4400024414062,998.1099853515625,997.4400024414062,997.9749755859375,2638,COST,1m
2026-05-28 19:04:00+00:00,998.02001953125,998.4400024414062,998.02001953125,998.375,3417,COST,1m
2026-05-28 19:05:00+00:00,998.375,998.4998779296875,998.25,998.4998779296875,3587,COST,1m
2026-05-28 19:06:00+00:00,998.4998779296875,998.4998779296875,998.0050048828125,998.2550048828125,10662,COST,1m
2026-05-28 19:07:00+00:00,998.1199951171875,998.3900146484375,998.1199951171875,998.375,4486,COST,1m
2026-05-28 19:08:00+00:00,998.3699951171875,998.6099853515625,997.97998046875,998.0999755859375,4436,COST,1m
2026-05-28 19:09:00+00:00,998.27001953125,998.639892578125,996.280029296875,996.7349853515625,6252,COST,1m
2026-05-28 19:10:00+00:00,996.9600219726562,996.969970703125,996.2100219726562,996.4299926757812,2858,COST,1m
2026-05-28 19:11:00+00:00,996.7349853515625,997.2598876953125,996.3300170898438,996.75,5254,COST,1m
2026-05-28 19:12:00+00:00,996.5599975585938,997.2399291992188,996.5599975585938,996.8699951171875,3307,COST,1m
2026-05-28 19:13:00+00:00,997.0349731445312,997.5399780273438,996.8790283203125,997.5399780273438,5367,COST,1m
2026-05-28 19:14:00+00:00,997.780029296875,997.780029296875,997.52001953125,997.5900268554688,2228,COST,1m
2026-05-28 19:15:00+00:00,997.7449951171875,998.0700073242188,997.5,998.0700073242188,6212,COST,1m
2026-05-28 19:16:00+00:00,998.1038818359375,998.6500244140625,998.0999755859375,998.6500244140625,6100,COST,1m
2026-05-28 19:17:00+00:00,998.6799926757812,999.3800048828125,998.4500122070312,999.3699951171875,9117,COST,1m
2026-05-28 19:18:00+00:00,999.4450073242188,999.6699829101562,999.25,999.4749755859375,6767,COST,1m
2026-05-28 19:19:00+00:00,999.6799926757812,999.7999877929688,999.47998046875,999.7550048828125,4682,COST,1m
2026-05-28 19:20:00+00:00,999.7550048828125,999.9299926757812,999.5399780273438,999.760009765625,4567,COST,1m
2026-05-28 19:21:00+00:00,999.760009765625,1001.0,999.760009765625,1000.7550048828125,11774,COST,1m
2026-05-28 19:22:00+00:00,1000.510009765625,1000.989990234375,1000.510009765625,1000.9199829101562,3797,COST,1m
2026-05-28 19:23:00+00:00,1000.8099975585938,1001.0,1000.52001953125,1000.760009765625,8354,COST,1m
2026-05-28 19:24:00+00:00,1000.7899780273438,1001.0093994140625,1000.6300048828125,1000.85498046875,3573,COST,1m
2026-05-28 19:25:00+00:00,1000.85498046875,1001.2799072265625,1000.6300048828125,1000.9299926757812,5282,COST,1m
2026-05-28 19:26:00+00:00,1000.9349975585938,1000.9349975585938,1000.5399780273438,1000.5399780273438,3455,COST,1m
2026-05-28 19:27:00+00:00,1000.510009765625,1000.7999877929688,999.969970703125,999.989990234375,4855,COST,1m
2026-05-28 19:28:00+00:00,999.969970703125,1000.0,999.6199951171875,999.8250122070312,14526,COST,1m
2026-05-28 19:29:00+00:00,999.6796875,1000.1699829101562,999.6796875,1000.1699829101562,5648,COST,1m
2026-05-28 19:30:00+00:00,1000.2000122070312,1000.2999267578125,999.8300170898438,1000.0,5496,COST,1m
2026-05-28 19:31:00+00:00,1000.0750122070312,1000.7000122070312,1000.0750122070312,1000.7000122070312,7611,COST,1m
2026-05-28 19:32:00+00:00,1000.9299926757812,1000.9299926757812,1000.6500244140625,1000.75,5240,COST,1m
2026-05-28 19:33:00+00:00,1000.7526245117188,1000.9299926757812,1000.239990234375,1000.239990234375,3528,COST,1m
2026-05-28 19:34:00+00:00,1000.22998046875,1000.5150146484375,999.760009765625,999.9500122070312,9926,COST,1m
2026-05-28 19:35:00+00:00,999.8300170898438,1000.2299194335938,999.510009765625,999.9650268554688,11538,COST,1m
2026-05-28 19:36:00+00:00,999.969970703125,1000.010009765625,999.4500122070312,999.7100219726562,9378,COST,1m
2026-05-28 19:37:00+00:00,999.7150268554688,999.8150024414062,999.510009765625,999.72998046875,5446,COST,1m
2026-05-28 19:38:00+00:00,999.6950073242188,999.7100219726562,999.1599731445312,999.25,12263,COST,1m
2026-05-28 19:39:00+00:00,999.0999755859375,999.4199829101562,998.594970703125,998.594970703125,10270,COST,1m
2026-05-28 19:40:00+00:00,998.6699829101562,999.02001953125,998.6099853515625,998.739990234375,9039,COST,1m
2026-05-28 19:41:00+00:00,998.7050170898438,999.0,998.6199951171875,998.8200073242188,6093,COST,1m
2026-05-28 19:42:00+00:00,998.8350219726562,999.0499877929688,998.5999755859375,998.5999755859375,6117,COST,1m
2026-05-28 19:43:00+00:00,998.530029296875,998.530029296875,998.0,998.030029296875,6072,COST,1m
2026-05-28 19:44:00+00:00,998.10498046875,998.10498046875,997.89501953125,997.89501953125,4442,COST,1m
2026-05-28 19:45:00+00:00,997.8200073242188,998.0399780273438,997.4199829101562,997.489990234375,5884,COST,1m
2026-05-28 19:46:00+00:00,997.530029296875,997.530029296875,997.1500244140625,997.1500244140625,5258,COST,1m
2026-05-28 19:47:00+00:00,997.1400146484375,997.5700073242188,997.0,997.47998046875,9086,COST,1m
2026-05-28 19:48:00+00:00,997.52001953125,998.10498046875,997.4885864257812,997.9249877929688,9257,COST,1m
2026-05-28 19:49:00+00:00,998.0,998.0,997.219970703125,997.219970703125,6140,COST,1m
2026-05-28 19:50:00+00:00,997.219970703125,997.22998046875,995.6699829101562,995.8900146484375,26778,COST,1m
2026-05-28 19:51:00+00:00,995.719970703125,995.8900146484375,995.0900268554688,995.0900268554688,20309,COST,1m
2026-05-28 19:52:00+00:00,995.0499877929688,995.5599975585938,994.5,994.6749877929688,31991,COST,1m
2026-05-28 19:53:00+00:00,994.5,995.1099853515625,994.47998046875,994.5900268554688,15533,COST,1m
2026-05-28 19:54:00+00:00,994.5809936523438,996.1400146484375,994.27001953125,995.4299926757812,23305,COST,1m
2026-05-28 19:55:00+00:00,995.4650268554688,998.7899169921875,995.4650268554688,996.75,16344,COST,1m
2026-05-28 19:56:00+00:00,996.8499755859375,997.030029296875,996.203125,996.25,20547,COST,1m
2026-05-28 19:57:00+00:00,996.25,996.3499755859375,995.760009765625,995.9199829101562,30210,COST,1m
2026-05-28 19:58:00+00:00,995.9000244140625,995.9000244140625,995.0999755859375,995.2100219726562,34893,COST,1m
2026-05-28 19:59:00+00:00,995.27001953125,995.989990234375,995.0999755859375,995.239990234375,61545,COST,1m
2026-05-29 13:30:00+00:00,985.4819946289062,998.010009765625,985.2999877929688,997.02001953125,130081,COST,1m
2026-05-29 13:31:00+00:00,997.3099975585938,998.6575927734375,989.8499755859375,989.9849853515625,13626,COST,1m
2026-05-29 13:32:00+00:00,989.8200073242188,989.8200073242188,982.6199951171875,984.0,38264,COST,1m
2026-05-29 13:33:00+00:00,983.5700073242188,984.5499877929688,973.5399780273438,975.9099731445312,57635,COST,1m
2026-05-29 13:34:00+00:00,976.75,978.0,974.8350219726562,975.5700073242188,16700,COST,1m
2026-05-29 13:35:00+00:00,975.6900024414062,976.030029296875,971.8200073242188,975.4199829101562,26958,COST,1m
2026-05-29 13:36:00+00:00,975.4099731445312,976.6608276367188,970.1699829101562,971.8599853515625,27671,COST,1m
2026-05-29 13:37:00+00:00,971.4500122070312,973.0,968.219970703125,968.989990234375,36956,COST,1m
2026-05-29 13:38:00+00:00,968.5650024414062,970.0900268554688,967.1500244140625,968.4199829101562,31073,COST,1m
2026-05-29 13:39:00+00:00,967.0399780273438,969.9719848632812,966.0,967.0999755859375,22377,COST,1m
2026-05-29 13:40:00+00:00,967.6900024414062,969.2750244140625,966.3900146484375,969.2750244140625,15040,COST,1m
2026-05-29 13:41:00+00:00,969.260009765625,970.25,962.4000244140625,962.4299926757812,43800,COST,1m
2026-05-29 13:42:00+00:00,962.4000244140625,964.5,958.0700073242188,958.1300048828125,44927,COST,1m
2026-05-29 13:43:00+00:00,958.1801147460938,959.39990234375,954.27001953125,955.0,35407,COST,1m
2026-05-29 13:44:00+00:00,954.7650146484375,959.2299194335938,953.8900146484375,957.5650024414062,33650,COST,1m
2026-05-29 13:45:00+00:00,957.1500244140625,961.6099853515625,956.52001953125,959.1950073242188,31559,COST,1m
2026-05-29 13:46:00+00:00,959.1950073242188,959.1950073242188,953.4600219726562,954.8699951171875,39276,COST,1m
2026-05-29 13:47:00+00:00,955.72998046875,955.72998046875,951.0999755859375,952.2698974609375,37830,COST,1m
2026-05-29 13:48:00+00:00,951.1500244140625,954.8900146484375,950.25,954.02001953125,43907,COST,1m
2026-05-29 13:49:00+00:00,955.0,956.0,951.7999877929688,953.0,18203,COST,1m
2026-05-29 13:50:00+00:00,953.6300048828125,953.760009765625,950.9650268554688,951.489990234375,26419,COST,1m
2026-05-29 13:51:00+00:00,951.4450073242188,952.3900146484375,949.7100219726562,950.0900268554688,61123,COST,1m
2026-05-29 13:52:00+00:00,950.2999877929688,950.8499755859375,947.0599975585938,947.5449829101562,52435,COST,1m
2026-05-29 13:53:00+00:00,947.5449829101562,951.489990234375,946.1699829101562,951.1724853515625,34589,COST,1m
2026-05-29 13:54:00+00:00,950.0,951.8900146484375,950.0,951.4349975585938,24170,COST,1m
2026-05-29 13:55:00+00:00,951.4349975585938,952.4799194335938,950.9450073242188,951.5250244140625,23163,COST,1m
2026-05-29 13:56:00+00:00,951.5250244140625,952.22998046875,950.8900146484375,951.6699829101562,19735,COST,1m
2026-05-29 13:57:00+00:00,951.9249877929688,953.0,949.6599731445312,949.7449951171875,32262,COST,1m
2026-05-29 13:58:00+00:00,949.47998046875,950.8300170898438,949.0499877929688,950.0,17221,COST,1m
2026-05-29 13:59:00+00:00,949.6099853515625,950.4099731445312,949.1099853515625,949.6699829101562,13754,COST,1m
2026-05-29 14:00:00+00:00,949.1099853515625,949.7550048828125,946.4000244140625,948.510009765625,24659,COST,1m
2026-05-29 14:01:00+00:00,948.4299926757812,952.10498046875,947.8140869140625,951.6099853515625,13818,COST,1m
2026-05-29 14:02:00+00:00,952.10498046875,952.489990234375,949.8400268554688,951.125,21886,COST,1m
2026-05-29 14:03:00+00:00,950.3690185546875,952.9799194335938,950.3690185546875,951.9199829101562,23750,COST,1m
2026-05-29 14:04:00+00:00,951.530029296875,954.8900146484375,951.469970703125,954.1199951171875,23050,COST,1m
2026-05-29 14:05:00+00:00,954.1749877929688,954.3599853515625,952.52001953125,953.7349853515625,20926,COST,1m
2026-05-29 14:06:00+00:00,953.8800048828125,954.72998046875,952.0,952.6849975585938,18107,COST,1m
2026-05-29 14:07:00+00:00,952.6849975585938,953.5499877929688,952.2100219726562,952.780029296875,5958,COST,1m
2026-05-29 14:08:00+00:00,952.5985107421875,955.8300170898438,952.5,955.2650146484375,22049,COST,1m
2026-05-29 14:09:00+00:00,955.0999755859375,955.7550048828125,954.3699951171875,955.0399780273438,16936,COST,1m
2026-05-29 14:10:00+00:00,955.489990234375,956.5800170898438,954.9000244140625,956.4099731445312,21729,COST,1m
2026-05-29 14:11:00+00:00,956.405029296875,956.405029296875,954.3099975585938,954.5050048828125,19901,COST,1m
2026-05-29 14:12:00+00:00,954.5050048828125,956.25,953.5,954.6998901367188,23357,COST,1m
2026-05-29 14:13:00+00:00,954.35498046875,956.3300170898438,954.02001953125,955.77001953125,18057,COST,1m
2026-05-29 14:14:00+00:00,955.7750244140625,957.27001953125,955.7750244140625,956.4600219726562,20895,COST,1m
2026-05-29 14:15:00+00:00,956.4650268554688,956.969970703125,955.260009765625,956.969970703125,11931,COST,1m
2026-05-29 14:16:00+00:00,956.35009765625,956.4400024414062,955.5900268554688,956.3400268554688,10973,COST,1m
2026-05-29 14:17:00+00:00,956.0,957.27001953125,955.9500122070312,956.7899780273438,12921,COST,1m
2026-05-29 14:18:00+00:00,956.60498046875,957.9985961914062,955.8099975585938,956.24560546875,30494,COST,1m
2026-05-29 14:19:00+00:00,956.2949829101562,957.6998901367188,955.8200073242188,957.0020141601562,14443,COST,1m
2026-05-29 14:20:00+00:00,956.9299926757812,957.239990234375,956.0599975585938,956.52001953125,13222,COST,1m
2026-05-29 14:21:00+00:00,956.4949951171875,956.8200073242188,956.0700073242188,956.4099731445312,8405,COST,1m
2026-05-29 14:22:00+00:00,956.5700073242188,956.97998046875,954.3900146484375,955.52001953125,15456,COST,1m
2026-05-29 14:23:00+00:00,955.47998046875,956.1799926757812,955.0,956.1799926757812,8298,COST,1m
2026-05-29 14:24:00+00:00,955.5999755859375,956.8200073242188,955.4429931640625,956.8200073242188,8899,COST,1m
2026-05-29 14:25:00+00:00,956.8200073242188,958.7999877929688,956.8200073242188,958.6768188476562,11394,COST,1m
2026-05-29 14:26:00+00:00,958.5800170898438,959.9400024414062,958.5800170898438,959.4849853515625,12764,COST,1m
2026-05-29 14:27:00+00:00,959.6607055664062,960.0,958.5,958.510009765625,19922,COST,1m
2026-05-29 14:28:00+00:00,958.7310180664062,958.9998779296875,957.1359252929688,958.9998779296875,14036,COST,1m
2026-05-29 14:29:00+00:00,958.489990234375,959.3400268554688,956.5399780273438,957.1199951171875,10465,COST,1m
2026-05-29 14:30:00+00:00,956.9000244140625,957.6900024414062,956.5399780273438,956.85498046875,10478,COST,1m
2026-05-29 14:31:00+00:00,956.97998046875,956.989990234375,955.0150146484375,955.8300170898438,13750,COST,1m
2026-05-29 14:32:00+00:00,955.8499755859375,955.8599853515625,952.489990234375,955.0850219726562,23651,COST,1m
2026-05-29 14:33:00+00:00,955.2000122070312,955.9550170898438,954.780029296875,955.760009765625,15922,COST,1m
2026-05-29 14:34:00+00:00,955.3900146484375,955.3900756835938,953.010009765625,953.1950073242188,13009,COST,1m
2026-05-29 14:35:00+00:00,953.1950073242188,953.6300048828125,952.1099853515625,953.2899780273438,16848,COST,1m
2026-05-29 14:36:00+00:00,953.5399780273438,953.77001953125,952.3900756835938,953.52001953125,7207,COST,1m
2026-05-29 14:37:00+00:00,953.4650268554688,955.3798828125,953.4650268554688,954.75,19935,COST,1m
2026-05-29 14:38:00+00:00,955.030029296875,956.280029296875,954.8599853515625,956.239990234375,8978,COST,1m
2026-05-29 14:39:00+00:00,956.0499877929688,957.669921875,955.7349853515625,957.2050170898438,7531,COST,1m
2026-05-29 14:40:00+00:00,957.2100219726562,957.4998779296875,956.0900268554688,956.0900268554688,6218,COST,1m
2026-05-29 14:41:00+00:00,956.0,957.094970703125,955.7999877929688,956.489990234375,7089,COST,1m
2026-05-29 14:42:00+00:00,956.322509765625,956.919921875,955.530029296875,956.3300170898438,6096,COST,1m
2026-05-29 14:43:00+00:00,956.3250122070312,957.469970703125,956.1799926757812,957.0,9927,COST,1m
2026-05-29 14:44:00+00:00,957.260009765625,958.8800048828125,956.610107421875,958.6199951171875,8819,COST,1m
2026-05-29 14:45:00+00:00,958.6199951171875,958.8800048828125,956.3400268554688,956.6799926757812,11349,COST,1m
2026-05-29 14:46:00+00:00,956.8699951171875,957.3099975585938,956.385009765625,957.1599731445312,9386,COST,1m
2026-05-29 14:47:00+00:00,957.25,957.25,955.3099975585938,955.760009765625,12400,COST,1m
2026-05-29 14:48:00+00:00,955.8300170898438,956.1199951171875,953.469970703125,953.469970703125,11131,COST,1m
2026-05-29 14:49:00+00:00,953.6599731445312,954.9500122070312,953.4154052734375,953.6699829101562,5337,COST,1m
2026-05-29 14:50:00+00:00,953.6699829101562,954.1699829101562,951.0700073242188,951.5499877929688,19007,COST,1m
2026-05-29 14:51:00+00:00,951.3499755859375,951.97998046875,951.0,951.1699829101562,17034,COST,1m
2026-05-29 14:52:00+00:00,951.344970703125,951.75,949.625,949.6400146484375,39740,COST,1m
2026-05-29 14:53:00+00:00,949.6400146484375,950.3400268554688,949.0,949.1799926757812,16904,COST,1m
2026-05-29 14:54:00+00:00,949.5,950.030029296875,948.8800048828125,949.9899291992188,12726,COST,1m
2026-05-29 14:55:00+00:00,949.375,949.989990234375,948.47998046875,948.9600219726562,17267,COST,1m
2026-05-29 14:56:00+00:00,948.739990234375,949.3099975585938,948.110107421875,948.5900268554688,9557,COST,1m
2026-05-29 14:57:00+00:00,948.385009765625,949.4500122070312,948.385009765625,948.8150024414062,8881,COST,1m
2026-05-29 14:58:00+00:00,948.8150024414062,949.1400146484375,947.8800048828125,948.5850219726562,20483,COST,1m
2026-05-29 14:59:00+00:00,948.5700073242188,949.9000244140625,948.5700073242188,949.6699829101562,5426,COST,1m
2026-05-29 15:00:00+00:00,949.5800170898438,950.5698852539062,947.75,948.1300048828125,18803,COST,1m
2026-05-29 15:01:00+00:00,948.0050048828125,948.2899780273438,946.3699951171875,946.739990234375,26352,COST,1m
2026-05-29 15:02:00+00:00,946.739990234375,947.6099853515625,946.3400268554688,947.4199829101562,15610,COST,1m
2026-05-29 15:03:00+00:00,947.4199829101562,947.5800170898438,946.7999877929688,947.1400146484375,10589,COST,1m
2026-05-29 15:04:00+00:00,946.7999877929688,947.4500122070312,946.530029296875,947.4500122070312,11808,COST,1m
2026-05-29 15:05:00+00:00,947.989990234375,947.989990234375,947.0100708007812,947.5399780273438,5944,COST,1m
2026-05-29 15:06:00+00:00,947.5399780273438,947.739990234375,946.6900024414062,947.5800170898438,11275,COST,1m
2026-05-29 15:07:00+00:00,947.5800170898438,947.8099975585938,947.010009765625,947.8099975585938,7708,COST,1m
2026-05-29 15:08:00+00:00,947.8049926757812,948.9199829101562,947.8049926757812,948.280029296875,10272,COST,1m
2026-05-29 15:09:00+00:00,947.7999877929688,947.8699951171875,946.260009765625,946.9998779296875,17625,COST,1m
2026-05-29 15:10:00+00:00,946.4099731445312,948.9400024414062,946.4099731445312,948.7449951171875,25822,COST,1m
2026-05-29 15:11:00+00:00,948.7449951171875,948.7449951171875,947.7000122070312,948.1400146484375,12987,COST,1m
2026-05-29 15:12:00+00:00,947.989990234375,947.989990234375,946.260009765625,946.469970703125,12626,COST,1m
2026-05-29 15:13:00+00:00,946.4000244140625,947.0,946.1699829101562,946.4299926757812,13476,COST,1m
2026-05-29 15:14:00+00:00,946.2841186523438,948.3800048828125,946.25,947.6400146484375,31003,COST,1m
2026-05-29 15:15:00+00:00,947.5549926757812,948.489990234375,947.1199951171875,948.1201171875,12611,COST,1m
2026-05-29 15:16:00+00:00,947.8699951171875,949.9400024414062,947.8699951171875,949.9000244140625,7396,COST,1m
2026-05-29 15:17:00+00:00,949.5800170898438,951.0,949.5800170898438,950.9299926757812,9827,COST,1m
2026-05-29 15:18:00+00:00,950.739990234375,951.719970703125,949.5001220703125,950.10498046875,11359,COST,1m
2026-05-29 15:19:00+00:00,949.7999877929688,950.0,949.3599853515625,949.5349731445312,6962,COST,1m
2026-05-29 15:20:00+00:00,949.9500122070312,950.47998046875,949.510009765625,950.22998046875,12030,COST,1m
2026-05-29 15:21:00+00:00,950.22998046875,950.969970703125,950.0050048828125,950.5499877929688,7501,COST,1m
2026-05-29 15:22:00+00:00,950.239990234375,950.8800048828125,949.6900024414062,949.6900024414062,11133,COST,1m
2026-05-29 15:23:00+00:00,949.97998046875,950.1962890625,948.9299926757812,948.9299926757812,8266,COST,1m
2026-05-29 15:24:00+00:00,948.9500122070312,949.97900390625,948.9099731445312,949.97900390625,4991,COST,1m
2026-05-29 15:25:00+00:00,949.97998046875,950.72998046875,949.97998046875,950.239990234375,4982,COST,1m
2026-05-29 15:26:00+00:00,950.239990234375,950.25,949.8800048828125,950.22998046875,3284,COST,1m
2026-05-29 15:27:00+00:00,949.7899780273438,949.9949951171875,949.5399780273438,949.6749877929688,3973,COST,1m
2026-05-29 15:28:00+00:00,949.6699829101562,949.9400024414062,949.1599731445312,949.4949951171875,6644,COST,1m
2026-05-29 15:29:00+00:00,949.4400024414062,949.7999877929688,949.35498046875,949.5,4387,COST,1m
2026-05-29 15:30:00+00:00,949.342529296875,950.22998046875,949.0,949.844970703125,12725,COST,1m
2026-05-29 15:31:00+00:00,949.7100219726562,950.159912109375,948.7800903320312,948.7800903320312,8491,COST,1m
2026-05-29 15:32:00+00:00,949.3499755859375,949.7999877929688,949.239990234375,949.75,5708,COST,1m
2026-05-29 15:33:00+00:00,949.7498779296875,949.7999877929688,947.8099975585938,948.3699951171875,13755,COST,1m
2026-05-29 15:34:00+00:00,948.2050170898438,948.8599853515625,947.6799926757812,948.8599853515625,5339,COST,1m
2026-05-29 15:35:00+00:00,948.75,949.1900024414062,948.3499755859375,948.9400024414062,5875,COST,1m
2026-05-29 15:36:00+00:00,948.7100219726562,948.8049926757812,947.5499877929688,947.85498046875,8920,COST,1m
2026-05-29 15:37:00+00:00,947.85498046875,948.72998046875,947.6419067382812,948.0650024414062,3825,COST,1m
2026-05-29 15:38:00+00:00,947.840087890625,948.969970703125,947.3699951171875,947.3699951171875,6294,COST,1m
2026-05-29 15:39:00+00:00,947.75,948.14990234375,946.5399780273438,947.0,14113,COST,1m
2026-05-29 15:40:00+00:00,946.9749755859375,947.7899780273438,946.9749755859375,947.7899780273438,5906,COST,1m
2026-05-29 15:41:00+00:00,947.7899780273438,947.7899780273438,946.3099975585938,946.6500244140625,13240,COST,1m
2026-05-29 15:42:00+00:00,946.6400146484375,947.780029296875,946.6400146484375,947.5599975585938,8163,COST,1m
2026-05-29 15:43:00+00:00,947.5499877929688,948.3707885742188,947.4550170898438,948.3707885742188,5014,COST,1m
2026-05-29 15:44:00+00:00,948.1749877929688,948.3499145507812,947.9349975585938,948.1500244140625,7076,COST,1m
2026-05-29 15:45:00+00:00,948.1500244140625,948.8599853515625,948.1500244140625,948.2100219726562,5770,COST,1m
2026-05-29 15:46:00+00:00,948.6099853515625,948.6300048828125,947.969970703125,947.969970703125,8802,COST,1m
2026-05-29 15:47:00+00:00,947.9650268554688,948.6300048828125,947.8099975585938,948.3300170898438,5520,COST,1m
2026-05-29 15:48:00+00:00,948.6500244140625,949.2000122070312,948.4224853515625,949.2000122070312,8506,COST,1m
2026-05-29 15:49:00+00:00,949.0999755859375,949.5399169921875,948.5999755859375,948.85498046875,4543,COST,1m
2026-05-29 15:50:00+00:00,948.8499755859375,949.4998779296875,948.2999877929688,949.1099853515625,7249,COST,1m
2026-05-29 15:51:00+00:00,948.9500122070312,949.3499755859375,948.6799926757812,948.880126953125,3646,COST,1m
2026-05-29 15:52:00+00:00,949.0,949.0,948.7150268554688,948.8499755859375,2708,COST,1m
2026-05-29 15:53:00+00:00,948.6599731445312,949.3499145507812,948.6599731445312,948.969970703125,6806,COST,1m
2026-05-29 15:54:00+00:00,949.010009765625,949.5499877929688,949.010009765625,949.5499877929688,9099,COST,1m
2026-05-29 15:55:00+00:00,949.5599975585938,949.5599975585938,948.5999755859375,948.6099853515625,7289,COST,1m
2026-05-29 15:56:00+00:00,948.6099853515625,949.7249755859375,948.6099853515625,949.1900024414062,4881,COST,1m
2026-05-29 15:57:00+00:00,949.2249755859375,949.52001953125,948.2999877929688,948.60498046875,5981,COST,1m
2026-05-29 15:58:00+00:00,948.3800048828125,949.2000122070312,947.7999877929688,948.364990234375,11445,COST,1m
2026-05-29 15:59:00+00:00,948.4099731445312,949.5,948.1400146484375,949.2929077148438,6667,COST,1m
2026-05-29 16:00:00+00:00,949.0700073242188,950.3800048828125,949.0499877929688,950.0599975585938,10804,COST,1m
2026-05-29 16:01:00+00:00,950.0449829101562,950.2199096679688,949.22998046875,949.2786865234375,5694,COST,1m
2026-05-29 16:02:00+00:00,949.72998046875,950.094970703125,948.5339965820312,948.7000122070312,9228,COST,1m
2026-05-29 16:03:00+00:00,948.6699829101562,949.3499755859375,948.510009765625,949.0,5254,COST,1m
2026-05-29 16:04:00+00:00,949.2899169921875,949.8499145507812,948.52001953125,949.6300048828125,6649,COST,1m
2026-05-29 16:05:00+00:00,949.3800048828125,950.0,949.2100219726562,949.8599853515625,4916,COST,1m
2026-05-29 16:06:00+00:00,949.9500122070312,950.1500244140625,949.2700805664062,949.719970703125,4224,COST,1m
2026-05-29 16:07:00+00:00,949.3099975585938,949.5,948.02001953125,948.02001953125,4091,COST,1m
2026-05-29 16:08:00+00:00,948.47998046875,949.4205932617188,948.25,948.8499755859375,4453,COST,1m
2026-05-29 16:09:00+00:00,948.655029296875,948.655029296875,948.1649780273438,948.2999877929688,4127,COST,1m
2026-05-29 16:10:00+00:00,948.6500244140625,948.9600219726562,948.1900024414062,948.489990234375,2486,COST,1m
2026-05-29 16:11:00+00:00,948.35498046875,948.72998046875,948.2000122070312,948.72998046875,7109,COST,1m
2026-05-29 16:12:00+00:00,948.7000122070312,948.7000122070312,948.4000854492188,948.530029296875,3345,COST,1m
2026-05-29 16:13:00+00:00,948.530029296875,949.0349731445312,948.260009765625,948.8400268554688,6452,COST,1m
2026-05-29 16:14:00+00:00,948.8400268554688,949.3300170898438,948.8400268554688,948.9550170898438,3410,COST,1m
2026-05-29 16:15:00+00:00,948.9550170898438,950.0,948.8049926757812,949.2449951171875,6144,COST,1m
2026-05-29 16:16:00+00:00,948.9760131835938,949.5399780273438,948.9600219726562,949.2999267578125,3762,COST,1m
2026-05-29 16:17:00+00:00,949.0700073242188,949.0800170898438,947.6900024414062,948.1300048828125,16606,COST,1m
2026-05-29 16:18:00+00:00,948.1680297851562,948.3599853515625,947.923583984375,948.0800170898438,5230,COST,1m
2026-05-29 16:19:00+00:00,947.7100219726562,947.72998046875,947.25,947.4500122070312,8163,COST,1m
2026-05-29 16:20:00+00:00,947.489990234375,947.5900268554688,946.4299926757812,946.7999877929688,18399,COST,1m
2026-05-29 16:21:00+00:00,946.9849853515625,947.9600219726562,946.9849853515625,947.5700073242188,4081,COST,1m
2026-05-29 16:22:00+00:00,947.9500122070312,947.9500122070312,947.1699829101562,947.1699829101562,6291,COST,1m
2026-05-29 16:23:00+00:00,947.1649780273438,947.1799926757812,946.2000122070312,946.8499755859375,13071,COST,1m
2026-05-29 16:24:00+00:00,946.3699951171875,946.72998046875,945.8699951171875,946.0,23441,COST,1m
2026-05-29 16:25:00+00:00,945.9550170898438,946.0850219726562,945.4500122070312,945.5900268554688,11315,COST,1m
2026-05-29 16:26:00+00:00,945.6500244140625,946.989990234375,945.5,946.9899291992188,6177,COST,1m
2026-05-29 16:27:00+00:00,946.875,946.875,945.4600219726562,946.0599975585938,8187,COST,1m
2026-05-29 16:28:00+00:00,945.875,947.094970703125,945.875,947.094970703125,5394,COST,1m
2026-05-29 16:29:00+00:00,947.010009765625,947.7100219726562,947.0,947.010009765625,8291,COST,1m
2026-05-29 16:30:00+00:00,947.5,948.97998046875,947.0,948.97998046875,9858,COST,1m
2026-05-29 16:31:00+00:00,948.330078125,950.0,948.330078125,948.8289184570312,11238,COST,1m
2026-05-29 16:32:00+00:00,948.7899780273438,948.8300170898438,948.1500244140625,948.293212890625,3944,COST,1m
2026-05-29 16:33:00+00:00,948.4600219726562,948.9400024414062,948.0789184570312,948.2000122070312,6298,COST,1m
2026-05-29 16:34:00+00:00,948.260009765625,948.260009765625,947.5100708007812,948.010009765625,7215,COST,1m
2026-05-29 16:35:00+00:00,948.14501953125,948.239990234375,947.9349975585938,948.0599975585938,3106,COST,1m
2026-05-29 16:36:00+00:00,948.2899780273438,948.7000122070312,948.1159057617188,948.7000122070312,3877,COST,1m
2026-05-29 16:37:00+00:00,948.8699951171875,949.2899780273438,948.510009765625,948.989990234375,3147,COST,1m
2026-05-29 16:38:00+00:00,948.8699951171875,950.0,948.8499755859375,949.72998046875,11629,COST,1m
2026-05-29 16:39:00+00:00,949.739990234375,950.2000122070312,949.5,949.8200073242188,2554,COST,1m
2026-05-29 16:40:00+00:00,949.8150024414062,950.3499755859375,949.6900024414062,950.030029296875,5116,COST,1m
2026-05-29 16:41:00+00:00,950.0,950.6599731445312,950.0,950.25,4285,COST,1m
2026-05-29 16:42:00+00:00,950.2999877929688,950.2999877929688,949.0599975585938,950.0,5486,COST,1m
2026-05-29 16:43:00+00:00,950.1699829101562,950.1699829101562,948.5999755859375,948.6900024414062,5453,COST,1m
2026-05-29 16:44:00+00:00,948.8400268554688,949.7999877929688,948.4650268554688,949.239990234375,8277,COST,1m
2026-05-29 16:45:00+00:00,949.1099853515625,949.9199829101562,949.0650024414062,949.4400024414062,2894,COST,1m
2026-05-29 16:46:00+00:00,949.4450073242188,950.285888671875,949.1900024414062,949.9199829101562,5903,COST,1m
2026-05-29 16:47:00+00:00,950.1400146484375,950.4500122070312,948.8200073242188,948.8400268554688,5523,COST,1m
2026-05-29 16:48:00+00:00,948.8300170898438,949.5349731445312,948.5999755859375,949.5349731445312,2060,COST,1m
2026-05-29 16:49:00+00:00,949.5814819335938,949.72998046875,949.3800048828125,949.72998046875,2184,COST,1m
2026-05-29 16:50:00+00:00,949.2005004882812,949.9400024414062,949.0800170898438,949.6099853515625,5063,COST,1m
2026-05-29 16:51:00+00:00,949.77001953125,950.739990234375,949.77001953125,950.405029296875,5536,COST,1m
2026-05-29 16:52:00+00:00,950.405029296875,951.0750122070312,950.3800048828125,951.0,3635,COST,1m
2026-05-29 16:53:00+00:00,951.219970703125,952.4298706054688,951.0515747070312,951.1099853515625,12753,COST,1m
2026-05-29 16:54:00+00:00,951.1798706054688,951.6900024414062,950.1599731445312,950.2349853515625,6726,COST,1m
2026-05-29 16:55:00+00:00,950.4398803710938,951.0,950.2349853515625,951.0,5488,COST,1m
2026-05-29 16:56:00+00:00,950.780029296875,950.9600219726562,950.1500854492188,950.89990234375,3859,COST,1m
2026-05-29 16:57:00+00:00,950.719970703125,950.719970703125,950.0,950.1699829101562,6035,COST,1m
2026-05-29 16:58:00+00:00,950.3200073242188,950.4500122070312,950.0,950.3400268554688,4626,COST,1m
2026-05-29 16:59:00+00:00,950.2899780273438,950.97998046875,950.2899780273438,950.7999877929688,2425,COST,1m
2026-05-29 17:00:00+00:00,950.8049926757812,951.8599853515625,950.8049926757812,951.4622802734375,5942,COST,1m
2026-05-29 17:01:00+00:00,951.6749877929688,952.5499877929688,951.3599853515625,951.9301147460938,18216,COST,1m
2026-05-29 17:02:00+00:00,952.2899169921875,952.2899169921875,950.3400268554688,951.1199951171875,10561,COST,1m
2026-05-29 17:03:00+00:00,951.7999267578125,952.22998046875,951.5499877929688,952.22998046875,4723,COST,1m
2026-05-29 17:04:00+00:00,952.1060791015625,952.6500244140625,951.70751953125,952.510009765625,6752,COST,1m
2026-05-29 17:05:00+00:00,952.6900024414062,952.97998046875,952.3400268554688,952.97998046875,3647,COST,1m
2026-05-29 17:06:00+00:00,952.8800048828125,952.8800048828125,952.2999877929688,952.5499877929688,5509,COST,1m
2026-05-29 17:07:00+00:00,952.5549926757812,952.655029296875,952.1799926757812,952.4450073242188,2552,COST,1m
2026-05-29 17:08:00+00:00,952.3250122070312,952.3900146484375,952.1699829101562,952.3837280273438,2507,COST,1m
2026-05-29 17:09:00+00:00,952.39990234375,952.989990234375,952.2000122070312,952.739990234375,3810,COST,1m
2026-05-29 17:10:00+00:00,952.739990234375,952.97998046875,952.3300170898438,952.4650268554688,4446,COST,1m
2026-05-29 17:11:00+00:00,952.5150146484375,953.1699829101562,952.5150146484375,952.9400024414062,5595,COST,1m
2026-05-29 17:12:00+00:00,952.780029296875,953.1900024414062,952.77001953125,952.8200073242188,5595,COST,1m
2026-05-29 17:13:00+00:00,953.0999755859375,953.5700073242188,953.094970703125,953.27001953125,5863,COST,1m
2026-05-29 17:14:00+00:00,953.27001953125,953.469970703125,952.9099731445312,953.3800048828125,5721,COST,1m
2026-05-29 17:15:00+00:00,953.5800170898438,954.3400268554688,953.5,953.6300048828125,12426,COST,1m
2026-05-29 17:16:00+00:00,953.5900268554688,954.27001953125,953.5700073242188,953.9199829101562,7576,COST,1m
2026-05-29 17:17:00+00:00,953.864990234375,954.2100219726562,953.7435302734375,954.0791015625,55714,COST,1m
2026-05-29 17:18:00+00:00,953.8300170898438,953.9099731445312,953.3414916992188,953.3414916992188,3430,COST,1m
2026-05-29 17:19:00+00:00,953.72998046875,953.8200073242188,952.875,952.875,3606,COST,1m
2026-05-29 17:20:00+00:00,953.22998046875,954.0050048828125,952.8699951171875,953.7899780273438,3955,COST,1m
2026-05-29 17:21:00+00:00,953.989990234375,954.5,953.7349853515625,954.5,4113,COST,1m
2026-05-29 17:22:00+00:00,954.4099731445312,954.5,953.6699829101562,953.6699829101562,4442,COST,1m
2026-05-29 17:23:00+00:00,953.6649780273438,953.8253173828125,953.3150024414062,953.4976196289062,3371,COST,1m
2026-05-29 17:24:00+00:00,953.4149780273438,953.5900268554688,952.6900024414062,952.6900024414062,4856,COST,1m
2026-05-29 17:25:00+00:00,952.780029296875,953.094970703125,952.5001220703125,952.989990234375,5631,COST,1m
2026-05-29 17:26:00+00:00,952.97998046875,953.6500244140625,952.52001953125,953.47998046875,3499,COST,1m
2026-05-29 17:27:00+00:00,953.25,953.64990234375,953.25,953.5,1699,COST,1m
2026-05-29 17:28:00+00:00,953.6300048828125,953.9199829101562,952.9301147460938,953.9199829101562,8138,COST,1m
2026-05-29 17:29:00+00:00,953.5499877929688,953.739990234375,953.3800048828125,953.4149780273438,2712,COST,1m
2026-05-29 17:30:00+00:00,953.4149780273438,953.6300048828125,952.4400024414062,952.8800048828125,4293,COST,1m
2026-05-29 17:31:00+00:00,952.760009765625,953.318115234375,952.0499877929688,953.318115234375,3033,COST,1m
2026-05-29 17:32:00+00:00,952.3400268554688,952.6599731445312,952.2752075195312,952.5,3287,COST,1m
2026-05-29 17:33:00+00:00,952.2999877929688,952.52001953125,951.35009765625,951.5,10318,COST,1m
2026-05-29 17:34:00+00:00,951.5700073242188,951.8200073242188,951.340087890625,951.6599731445312,4127,COST,1m
2026-05-29 17:35:00+00:00,951.8099975585938,952.0349731445312,951.7150268554688,951.9400024414062,3202,COST,1m
2026-05-29 17:36:00+00:00,951.9450073242188,951.9450073242188,951.22998046875,951.4550170898438,2766,COST,1m
2026-05-29 17:37:00+00:00,951.4600219726562,951.4600219726562,950.489990234375,950.6300048828125,6249,COST,1m
2026-05-29 17:38:00+00:00,950.5651245117188,950.5651245117188,949.739990234375,949.864990234375,11415,COST,1m
2026-05-29 17:39:00+00:00,950.010009765625,950.1699829101562,949.6199951171875,949.760009765625,5475,COST,1m
2026-05-29 17:40:00+00:00,949.75,950.9998779296875,949.4100952148438,950.39501953125,12896,COST,1m
2026-05-29 17:41:00+00:00,950.405029296875,950.405029296875,950.1799926757812,950.3800048828125,2377,COST,1m
2026-05-29 17:42:00+00:00,949.9400024414062,950.125,949.480224609375,949.7000122070312,4481,COST,1m
2026-05-29 17:43:00+00:00,949.5933227539062,950.7999877929688,949.5933227539062,949.8200073242188,3803,COST,1m
2026-05-29 17:44:00+00:00,949.8099975585938,949.8099975585938,948.989990234375,949.14501953125,6437,COST,1m
2026-05-29 17:45:00+00:00,949.0803833007812,949.3800048828125,949.02001953125,949.3150024414062,4582,COST,1m
2026-05-29 17:46:00+00:00,949.0983276367188,949.72998046875,949.010009765625,949.5,4320,COST,1m
2026-05-29 17:47:00+00:00,949.530029296875,950.3499755859375,949.530029296875,950.3499755859375,3687,COST,1m
2026-05-29 17:48:00+00:00,950.4500122070312,950.530029296875,949.9639892578125,950.4000244140625,4399,COST,1m
2026-05-29 17:49:00+00:00,950.530029296875,950.530029296875,949.5,949.6900024414062,4987,COST,1m
2026-05-29 17:50:00+00:00,950.0850219726562,950.5299072265625,949.6400146484375,949.8599853515625,5950,COST,1m
2026-05-29 17:51:00+00:00,949.8599853515625,951.1699829101562,949.5,950.5599975585938,11931,COST,1m
2026-05-29 17:52:00+00:00,950.405029296875,950.8099975585938,949.5,950.02001953125,4682,COST,1m
2026-05-29 17:53:00+00:00,949.7999877929688,950.114990234375,949.5001220703125,949.97998046875,2713,COST,1m
2026-05-29 17:54:00+00:00,950.2100219726562,950.6900024414062,949.7100219726562,949.8599853515625,2749,COST,1m
2026-05-29 17:55:00+00:00,950.1400146484375,950.5599975585938,949.7899780273438,950.0,4167,COST,1m
2026-05-29 17:56:00+00:00,950.25,950.7899780273438,950.1199951171875,950.1199951171875,5238,COST,1m
2026-05-29 17:57:00+00:00,950.010009765625,950.1300048828125,949.7449951171875,949.8599853515625,4817,COST,1m
2026-05-29 17:58:00+00:00,949.75,950.47998046875,949.739990234375,950.1599731445312,5457,COST,1m
2026-05-29 17:59:00+00:00,950.0399780273438,950.0399780273438,949.60009765625,949.9299926757812,2244,COST,1m
2026-05-29 18:00:00+00:00,949.9099731445312,950.1400146484375,949.8300170898438,950.0549926757812,2728,COST,1m
2026-05-29 18:01:00+00:00,950.0549926757812,951.1300048828125,950.0,951.0349731445312,5139,COST,1m
2026-05-29 18:02:00+00:00,951.3400268554688,951.52001953125,950.7349853515625,951.0700073242188,3336,COST,1m
2026-05-29 18:03:00+00:00,950.9500122070312,951.22998046875,950.719970703125,951.22998046875,3729,COST,1m
2026-05-29 18:04:00+00:00,950.9749755859375,951.22998046875,950.8400268554688,950.969970703125,5987,COST,1m
2026-05-29 18:05:00+00:00,951.010009765625,951.0349731445312,950.6790161132812,950.8049926757812,3865,COST,1m
2026-05-29 18:06:00+00:00,950.8049926757812,950.9099731445312,950.0800170898438,950.3200073242188,4711,COST,1m
2026-05-29 18:07:00+00:00,950.3099975585938,950.5999755859375,950.0001220703125,950.5800170898438,3188,COST,1m
2026-05-29 18:08:00+00:00,950.6400146484375,950.6400146484375,950.0,950.3800048828125,4368,COST,1m
2026-05-29 18:09:00+00:00,950.3200073242188,950.4099731445312,950.0,950.1199951171875,2122,COST,1m
2026-05-29 18:10:00+00:00,950.22998046875,950.89990234375,950.22998046875,950.5549926757812,2445,COST,1m
2026-05-29 18:11:00+00:00,950.5499877929688,951.0800170898438,950.5499877929688,950.8099975585938,3967,COST,1m
2026-05-29 18:12:00+00:00,950.72998046875,950.8690185546875,950.6749877929688,950.8599853515625,889,COST,1m
2026-05-29 18:13:00+00:00,950.7999877929688,951.10498046875,950.7999877929688,951.10498046875,1778,COST,1m
2026-05-29 18:14:00+00:00,951.10498046875,951.3690185546875,951.10498046875,951.3690185546875,2442,COST,1m
2026-05-29 18:15:00+00:00,951.1699829101562,951.3400268554688,950.969970703125,951.2949829101562,3323,COST,1m
2026-05-29 18:16:00+00:00,951.1799926757812,951.2899780273438,951.0,951.2899780273438,2511,COST,1m
2026-05-29 18:17:00+00:00,951.52001953125,951.64599609375,951.3250122070312,951.3499755859375,4808,COST,1m
2026-05-29 18:18:00+00:00,951.3400268554688,951.448974609375,951.2949829101562,951.2949829101562,2185,COST,1m
2026-05-29 18:19:00+00:00,951.2000122070312,951.8099975585938,951.0599975585938,951.7200927734375,8518,COST,1m
2026-05-29 18:20:00+00:00,951.8599853515625,952.6300048828125,951.8599853515625,952.3800048828125,4428,COST,1m
2026-05-29 18:21:00+00:00,952.3699951171875,952.5,951.9450073242188,952.0599975585938,3932,COST,1m
2026-05-29 18:22:00+00:00,952.1799926757812,952.9600219726562,952.1799926757812,952.6699829101562,3268,COST,1m
2026-05-29 18:23:00+00:00,952.3900146484375,953.3800048828125,952.3900146484375,953.3300170898438,7663,COST,1m
2026-05-29 18:24:00+00:00,953.3300170898438,953.3499145507812,952.2600708007812,952.7999877929688,6687,COST,1m
2026-05-29 18:25:00+00:00,952.6599731445312,952.8499755859375,952.5800170898438,952.7000122070312,3342,COST,1m
2026-05-29 18:26:00+00:00,952.9899291992188,953.4099731445312,952.7999877929688,953.25,4276,COST,1m
2026-05-29 18:27:00+00:00,953.3200073242188,953.4799194335938,952.7028198242188,952.97998046875,4748,COST,1m
2026-05-29 18:28:00+00:00,953.0900268554688,953.1199951171875,952.5762939453125,952.5762939453125,2825,COST,1m
2026-05-29 18:29:00+00:00,952.5900268554688,952.5900268554688,952.2750244140625,952.47998046875,5325,COST,1m
2026-05-29 18:30:00+00:00,952.5650024414062,953.5499877929688,952.5650024414062,953.5499877929688,5794,COST,1m
2026-05-29 18:31:00+00:00,953.4600219726562,953.4600219726562,952.6950073242188,953.0700073242188,6218,COST,1m
2026-05-29 18:32:00+00:00,953.125,953.375,952.5700073242188,952.5700073242188,4619,COST,1m
2026-05-29 18:33:00+00:00,952.7000122070312,952.919921875,952.64501953125,952.64501953125,3243,COST,1m
2026-05-29 18:34:00+00:00,952.64501953125,952.77001953125,952.469970703125,952.7100219726562,4352,COST,1m
2026-05-29 18:35:00+00:00,952.7100219726562,952.889892578125,952.6389770507812,952.739990234375,4387,COST,1m
2026-05-29 18:36:00+00:00,952.6204223632812,953.2000122070312,952.5599975585938,952.7000122070312,1977,COST,1m
2026-05-29 18:37:00+00:00,952.7100219726562,953.0449829101562,952.7000122070312,952.7899780273438,3604,COST,1m
2026-05-29 18:38:00+00:00,952.7750244140625,952.9000244140625,951.530029296875,951.75,13828,COST,1m
2026-05-29 18:39:00+00:00,951.7100219726562,951.8599853515625,951.4099731445312,951.4600219726562,7013,COST,1m
2026-05-29 18:40:00+00:00,951.4600219726562,952.5650024414062,951.4600219726562,952.2849731445312,9459,COST,1m
2026-05-29 18:41:00+00:00,952.2849731445312,953.219970703125,952.0,952.5700073242188,15556,COST,1m
2026-05-29 18:42:00+00:00,952.5700073242188,952.97998046875,952.3049926757812,952.8049926757812,5879,COST,1m
2026-05-29 18:43:00+00:00,952.72998046875,953.1900024414062,952.6099853515625,952.8400268554688,6671,COST,1m
2026-05-29 18:44:00+00:00,952.8400268554688,953.8699951171875,952.8400268554688,953.52001953125,6256,COST,1m
2026-05-29 18:45:00+00:00,953.7199096679688,953.7199096679688,952.6400146484375,952.8300170898438,4865,COST,1m
2026-05-29 18:46:00+00:00,952.760009765625,952.760009765625,952.2999877929688,952.6173095703125,5426,COST,1m
2026-05-29 18:47:00+00:00,952.7449951171875,952.9400024414062,952.280029296875,952.280029296875,5109,COST,1m
2026-05-29 18:48:00+00:00,952.280029296875,952.3850708007812,951.9400024414062,952.3499755859375,4087,COST,1m
2026-05-29 18:49:00+00:00,952.5349731445312,952.6699829101562,952.125,952.125,3714,COST,1m
2026-05-29 18:50:00+00:00,951.9400024414062,952.489990234375,951.9400024414062,952.155029296875,3282,COST,1m
2026-05-29 18:51:00+00:00,952.2000122070312,952.6699829101562,951.989990234375,952.6699829101562,3632,COST,1m
2026-05-29 18:52:00+00:00,952.6099853515625,953.0,952.5,952.8099975585938,5074,COST,1m
2026-05-29 18:53:00+00:00,952.739990234375,953.2999877929688,952.7122802734375,953.2999877929688,5981,COST,1m
2026-05-29 18:54:00+00:00,953.2899780273438,953.75,953.2899780273438,953.7349853515625,6444,COST,1m
2026-05-29 18:55:00+00:00,953.75,953.8300170898438,953.3599853515625,953.5001220703125,3640,COST,1m
2026-05-29 18:56:00+00:00,953.5,953.5700073242188,953.1400146484375,953.5399780273438,2913,COST,1m
2026-05-29 18:57:00+00:00,953.4951782226562,953.5999145507812,953.2949829101562,953.3200073242188,3301,COST,1m
2026-05-29 18:58:00+00:00,953.3200073242188,953.5999755859375,953.0,953.0999755859375,9323,COST,1m
2026-05-29 18:59:00+00:00,953.280029296875,953.3350219726562,952.4299926757812,952.4349975585938,4063,COST,1m
2026-05-29 19:00:00+00:00,952.3800048828125,953.4299926757812,952.219970703125,953.219970703125,6721,COST,1m
2026-05-29 19:01:00+00:00,953.510009765625,953.52001953125,952.69482421875,952.844970703125,6399,COST,1m
2026-05-29 19:02:00+00:00,952.844970703125,953.260009765625,952.6649780273438,953.1898803710938,6163,COST,1m
2026-05-29 19:03:00+00:00,952.8499755859375,953.010009765625,952.47998046875,953.010009765625,10167,COST,1m
2026-05-29 19:04:00+00:00,953.1900024414062,954.77001953125,953.1900024414062,954.77001953125,16013,COST,1m
2026-05-29 19:05:00+00:00,954.7100219726562,954.7399291992188,954.3800048828125,954.7399291992188,6445,COST,1m
2026-05-29 19:06:00+00:00,954.6199951171875,954.6199951171875,954.4000244140625,954.4000244140625,2996,COST,1m
2026-05-29 19:07:00+00:00,954.405029296875,954.659912109375,954.25,954.5399780273438,4385,COST,1m
2026-05-29 19:08:00+00:00,954.510009765625,955.0,953.5399780273438,953.5399780273438,13075,COST,1m
2026-05-29 19:09:00+00:00,953.5260009765625,953.5260009765625,952.5399780273438,952.6849975585938,11898,COST,1m
2026-05-29 19:10:00+00:00,952.6749877929688,952.989990234375,952.5413818359375,952.7949829101562,6197,COST,1m
2026-05-29 19:11:00+00:00,952.9400024414062,953.260009765625,952.4099731445312,952.4099731445312,8741,COST,1m
2026-05-29 19:12:00+00:00,952.594970703125,952.780029296875,952.4000854492188,952.5599975585938,5036,COST,1m
2026-05-29 19:13:00+00:00,952.52001953125,952.989990234375,952.0399780273438,952.0399780273438,6275,COST,1m
2026-05-29 19:14:00+00:00,952.0399780273438,952.3350219726562,951.75,952.3350219726562,9905,COST,1m
2026-05-29 19:15:00+00:00,952.3350219726562,952.4000244140625,951.7802734375,952.1599731445312,12182,COST,1m
2026-05-29 19:16:00+00:00,952.1400146484375,952.4249267578125,951.9000244140625,952.3099975585938,5002,COST,1m
2026-05-29 19:17:00+00:00,952.3599853515625,952.6115112304688,952.260009765625,952.5700073242188,6555,COST,1m
2026-05-29 19:18:00+00:00,952.6300048828125,952.9249877929688,952.0700073242188,952.0700073242188,5591,COST,1m
2026-05-29 19:19:00+00:00,952.0499877929688,952.2000122070312,951.739990234375,951.885009765625,4372,COST,1m
2026-05-29 19:20:00+00:00,951.885009765625,952.60498046875,951.739990234375,952.5900268554688,6050,COST,1m
2026-05-29 19:21:00+00:00,952.5499877929688,952.5850219726562,952.0999755859375,952.2650146484375,6151,COST,1m
2026-05-29 19:22:00+00:00,952.2650146484375,952.3699951171875,951.9000244140625,952.25,9925,COST,1m
2026-05-29 19:23:00+00:00,952.1749877929688,952.8699951171875,952.010009765625,952.35498046875,15380,COST,1m
2026-05-29 19:24:00+00:00,952.3499755859375,952.375,951.75,951.9450073242188,3841,COST,1m
2026-05-29 19:25:00+00:00,952.0399780273438,952.8699951171875,951.9400024414062,952.2899780273438,9188,COST,1m
2026-05-29 19:26:00+00:00,952.0800170898438,952.739990234375,952.0800170898438,952.5499877929688,5525,COST,1m
2026-05-29 19:27:00+00:00,952.530029296875,952.7000122070312,952.3599853515625,952.5,4782,COST,1m
2026-05-29 19:28:00+00:00,952.5,952.5,951.8250122070312,952.0050048828125,9033,COST,1m
2026-05-29 19:29:00+00:00,951.7999877929688,952.0599975585938,951.1699829101562,951.1699829101562,6753,COST,1m
2026-05-29 19:30:00+00:00,951.010009765625,952.9099731445312,951.0,952.5599975585938,15412,COST,1m
2026-05-29 19:31:00+00:00,952.739990234375,952.739990234375,951.7999877929688,952.3200073242188,5915,COST,1m
2026-05-29 19:32:00+00:00,952.3200073242188,952.6649780273438,951.9199829101562,952.02001953125,12231,COST,1m
2026-05-29 19:33:00+00:00,951.87060546875,952.6900024414062,951.77001953125,952.2899780273438,7915,COST,1m
2026-05-29 19:34:00+00:00,951.9312744140625,952.3599853515625,951.8599853515625,952.0549926757812,8546,COST,1m
2026-05-29 19:35:00+00:00,952.0800170898438,953.3775024414062,952.0499877929688,953.3499755859375,12473,COST,1m
2026-05-29 19:36:00+00:00,953.2550048828125,953.2550048828125,952.739990234375,952.9650268554688,6178,COST,1m
2026-05-29 19:37:00+00:00,952.9650268554688,953.4000244140625,952.47998046875,953.3200073242188,10428,COST,1m
2026-05-29 19:38:00+00:00,953.2899780273438,953.52001953125,953.219970703125,953.4400024414062,5601,COST,1m
2026-05-29 19:39:00+00:00,953.2000122070312,953.3200073242188,952.8099975585938,953.1799926757812,9064,COST,1m
2026-05-29 19:40:00+00:00,953.239990234375,953.9893798828125,953.239990234375,953.9893798828125,9196,COST,1m
2026-05-29 19:41:00+00:00,953.8099975585938,954.2000122070312,953.22998046875,954.0499877929688,12128,COST,1m
2026-05-29 19:42:00+00:00,954.2000122070312,954.7000122070312,953.7100219726562,954.510009765625,10422,COST,1m
2026-05-29 19:43:00+00:00,954.530029296875,954.6799926757812,954.27001953125,954.5399780273438,8261,COST,1m
2026-05-29 19:44:00+00:00,954.4099731445312,954.6900024414062,954.1123046875,954.5800170898438,7838,COST,1m
2026-05-29 19:45:00+00:00,954.6599731445312,955.9500122070312,954.6599731445312,954.7999877929688,26771,COST,1m
2026-05-29 19:46:00+00:00,954.7999877929688,955.7100219726562,954.360107421875,955.5399780273438,11338,COST,1m
2026-05-29 19:47:00+00:00,955.780029296875,956.8400268554688,955.530029296875,956.719970703125,14337,COST,1m
2026-05-29 19:48:00+00:00,956.5999755859375,957.0,956.47998046875,956.77001953125,14900,COST,1m
2026-05-29 19:49:00+00:00,956.739990234375,957.6500244140625,956.5999755859375,957.5,14165,COST,1m
2026-05-29 19:50:00+00:00,959.0,962.0,957.6099853515625,961.1300048828125,50304,COST,1m
2026-05-29 19:51:00+00:00,960.9600219726562,964.1699829101562,960.9600219726562,963.9650268554688,46747,COST,1m
2026-05-29 19:52:00+00:00,964.1599731445312,964.1599731445312,963.4000244140625,964.10498046875,35460,COST,1m
2026-05-29 19:53:00+00:00,964.3099975585938,965.5399780273438,962.0700073242188,962.1500244140625,67535,COST,1m
2026-05-29 19:54:00+00:00,962.280029296875,962.9400024414062,957.5999755859375,959.3200073242188,55992,COST,1m
2026-05-29 19:55:00+00:00,958.739990234375,959.989990234375,957.0900268554688,957.2100219726562,44516,COST,1m
2026-05-29 19:56:00+00:00,957.22998046875,957.4000244140625,955.8300170898438,955.9400024414062,47348,COST,1m
2026-05-29 19:57:00+00:00,955.9400024414062,956.760009765625,955.1500244140625,956.760009765625,64669,COST,1m
2026-05-29 19:58:00+00:00,956.7999877929688,957.3300170898438,956.3900146484375,957.0700073242188,67873,COST,1m
2026-05-29 19:59:00+00:00,957.1500244140625,957.5399780273438,955.9600219726562,956.0700073242188,99019,COST,1m
2026-06-01 13:30:00+00:00,954.989990234375,959.2100219726562,952.1099853515625,956.3900146484375,102011,COST,1m
2026-06-01 13:31:00+00:00,957.0050048828125,957.5999755859375,952.989990234375,953.6749877929688,6998,COST,1m
2026-06-01 13:32:00+00:00,952.5700073242188,954.1900024414062,951.0999755859375,951.0999755859375,10797,COST,1m
2026-06-01 13:33:00+00:00,951.0999755859375,953.60498046875,949.0,950.0,43015,COST,1m
2026-06-01 13:34:00+00:00,949.219970703125,950.5499267578125,948.0,949.2550048828125,34617,COST,1m
2026-06-01 13:35:00+00:00,949.5150146484375,950.0599975585938,947.8800048828125,949.1099853515625,12017,COST,1m
2026-06-01 13:36:00+00:00,948.97998046875,948.97998046875,947.27001953125,948.8150024414062,12752,COST,1m
2026-06-01 13:37:00+00:00,948.989990234375,951.22998046875,947.3300170898438,947.6599731445312,16253,COST,1m
2026-06-01 13:38:00+00:00,947.9550170898438,948.9000244140625,946.219970703125,946.739990234375,14369,COST,1m
2026-06-01 13:39:00+00:00,946.5850219726562,946.969970703125,945.47998046875,946.7299194335938,12564,COST,1m
2026-06-01 13:40:00+00:00,946.72998046875,948.0399780273438,944.77001953125,948.0399780273438,26951,COST,1m
2026-06-01 13:41:00+00:00,947.1300048828125,947.1300048828125,945.0,946.1199951171875,13031,COST,1m
2026-06-01 13:42:00+00:00,946.5700073242188,947.260009765625,944.6400146484375,944.905029296875,11682,COST,1m
2026-06-01 13:43:00+00:00,944.905029296875,945.9171752929688,944.2899780273438,945.4149780273438,6964,COST,1m
2026-06-01 13:44:00+00:00,945.7999877929688,948.0399780273438,945.4299926757812,947.3049926757812,9992,COST,1m
2026-06-01 13:45:00+00:00,947.135009765625,948.0999755859375,946.8889770507812,947.885009765625,16850,COST,1m
2026-06-01 13:46:00+00:00,948.0,951.2000122070312,947.3699951171875,951.155029296875,18824,COST,1m
2026-06-01 13:47:00+00:00,951.2000122070312,951.2000122070312,948.97998046875,949.0,5179,COST,1m
2026-06-01 13:48:00+00:00,949.989990234375,952.2100219726562,949.52197265625,952.0,16886,COST,1m
2026-06-01 13:49:00+00:00,952.4000244140625,953.97998046875,951.2999877929688,951.2999877929688,10167,COST,1m
2026-06-01 13:50:00+00:00,951.14599609375,951.989990234375,948.9730834960938,949.239990234375,6493,COST,1m
2026-06-01 13:51:00+00:00,949.2000122070312,951.3900146484375,948.4782104492188,951.1300048828125,3906,COST,1m
2026-06-01 13:52:00+00:00,951.3499755859375,951.5999755859375,949.5999755859375,950.3900146484375,7227,COST,1m
2026-06-01 13:53:00+00:00,950.77001953125,951.1300048828125,949.9600219726562,950.6749877929688,7577,COST,1m
2026-06-01 13:54:00+00:00,950.81640625,953.0,950.6749877929688,952.489990234375,8424,COST,1m
2026-06-01 13:55:00+00:00,952.47998046875,952.635009765625,951.8200073242188,952.635009765625,6422,COST,1m
2026-06-01 13:56:00+00:00,952.4849853515625,953.760009765625,952.4299926757812,952.8800048828125,11917,COST,1m
2026-06-01 13:57:00+00:00,952.8800048828125,953.5,951.4299926757812,951.4299926757812,9142,COST,1m
2026-06-01 13:58:00+00:00,951.4299926757812,952.4600219726562,950.5700073242188,950.5850219726562,7278,COST,1m
2026-06-01 13:59:00+00:00,951.2999877929688,951.3099975585938,950.3900146484375,950.3900146484375,4538,COST,1m
2026-06-01 14:00:00+00:00,950.780029296875,951.0800170898438,948.5499877929688,949.4199829101562,9516,COST,1m
2026-06-01 14:01:00+00:00,949.22998046875,950.1900024414062,948.3209838867188,950.0,3831,COST,1m
2026-06-01 14:02:00+00:00,950.1799926757812,951.0900268554688,949.530029296875,950.1649780273438,15672,COST,1m
2026-06-01 14:03:00+00:00,950.4199829101562,950.4299926757812,949.1900024414062,949.47998046875,7289,COST,1m
2026-06-01 14:04:00+00:00,949.7449951171875,950.4299926757812,949.2899780273438,949.7449951171875,4207,COST,1m
2026-06-01 14:05:00+00:00,949.7249755859375,949.7249755859375,948.280029296875,949.3200073242188,5569,COST,1m
2026-06-01 14:06:00+00:00,949.7000122070312,949.7100219726562,948.5999755859375,948.5999755859375,3736,COST,1m
2026-06-01 14:07:00+00:00,948.9199829101562,949.3300170898438,948.5819702148438,948.655029296875,4512,COST,1m
2026-06-01 14:08:00+00:00,948.655029296875,948.9099731445312,948.0,948.052490234375,6050,COST,1m
2026-06-01 14:09:00+00:00,948.2899780273438,949.7899169921875,948.1699829101562,949.4099731445312,7921,COST,1m
2026-06-01 14:10:00+00:00,949.1950073242188,949.780029296875,948.77001953125,949.5,6008,COST,1m
2026-06-01 14:11:00+00:00,949.1900024414062,949.919921875,948.8099975585938,949.1699829101562,3779,COST,1m
2026-06-01 14:12:00+00:00,948.7000122070312,949.62548828125,948.5,949.1400146484375,11069,COST,1m
2026-06-01 14:13:00+00:00,948.7150268554688,949.6199951171875,948.4600219726562,949.1400146484375,7932,COST,1m
2026-06-01 14:14:00+00:00,948.7341918945312,951.0900268554688,948.601806640625,950.0399780273438,42865,COST,1m
2026-06-01 14:15:00+00:00,950.030029296875,950.4998779296875,949.4500122070312,949.4500122070312,9850,COST,1m
2026-06-01 14:16:00+00:00,949.7249755859375,949.7249755859375,948.6099853515625,949.10498046875,10843,COST,1m
2026-06-01 14:17:00+00:00,949.5999755859375,949.72998046875,948.840087890625,949.375,4281,COST,1m
2026-06-01 14:18:00+00:00,949.1530151367188,950.0399780273438,948.7918090820312,949.7849731445312,6236,COST,1m
2026-06-01 14:19:00+00:00,949.4299926757812,949.7750244140625,948.2349853515625,948.2349853515625,8110,COST,1m
2026-06-01 14:20:00+00:00,948.25,948.739990234375,948.2000122070312,948.7249755859375,5016,COST,1m
2026-06-01 14:21:00+00:00,948.9299926757812,949.0999755859375,948.3599853515625,948.3599853515625,4451,COST,1m
2026-06-01 14:22:00+00:00,948.5449829101562,948.732177734375,947.5599975585938,947.5599975585938,10141,COST,1m
2026-06-01 14:23:00+00:00,947.6500244140625,947.6500244140625,947.0,947.3800048828125,8148,COST,1m
2026-06-01 14:24:00+00:00,947.3300170898438,947.4500122070312,946.52001953125,946.8300170898438,6349,COST,1m
2026-06-01 14:25:00+00:00,947.219970703125,947.8399047851562,946.9550170898438,947.8399047851562,2865,COST,1m
2026-06-01 14:26:00+00:00,947.655029296875,948.969970703125,947.655029296875,948.2670288085938,5847,COST,1m
2026-06-01 14:27:00+00:00,948.6699829101562,948.6900024414062,947.4719848632812,948.1849975585938,6939,COST,1m
2026-06-01 14:28:00+00:00,948.1099853515625,948.3099975585938,947.6242065429688,947.9099731445312,2823,COST,1m
2026-06-01 14:29:00+00:00,947.9949951171875,948.0800170898438,947.1400146484375,947.5435180664062,7814,COST,1m
2026-06-01 14:30:00+00:00,947.1400146484375,947.9099731445312,947.0,947.2000122070312,8746,COST,1m
2026-06-01 14:31:00+00:00,947.0650024414062,947.280029296875,946.6649780273438,946.75,5598,COST,1m
2026-06-01 14:32:00+00:00,946.5399780273438,946.6300048828125,946.3099975585938,946.4249877929688,4237,COST,1m
2026-06-01 14:33:00+00:00,946.2949829101562,946.3300170898438,945.510009765625,945.6900024414062,10990,COST,1m
2026-06-01 14:34:00+00:00,945.8699951171875,946.1669921875,945.72998046875,946.1669921875,4482,COST,1m
2026-06-01 14:35:00+00:00,946.0700073242188,946.1599731445312,945.3099975585938,945.5999755859375,4806,COST,1m
2026-06-01 14:36:00+00:00,945.5601196289062,945.8250122070312,945.4400024414062,945.619873046875,4934,COST,1m
2026-06-01 14:37:00+00:00,945.6749877929688,946.1799926757812,945.25,946.1799926757812,4264,COST,1m
2026-06-01 14:38:00+00:00,945.77001953125,946.6234130859375,945.77001953125,946.5999145507812,5095,COST,1m
2026-06-01 14:39:00+00:00,946.3049926757812,946.47998046875,946.010009765625,946.47998046875,2844,COST,1m
2026-06-01 14:40:00+00:00,946.6300048828125,946.6500244140625,945.989990234375,946.239990234375,3676,COST,1m
2026-06-01 14:41:00+00:00,946.27001953125,946.27001953125,945.25,945.5599975585938,3868,COST,1m
2026-06-01 14:42:00+00:00,945.8599853515625,945.8900146484375,945.0,945.2401123046875,16716,COST,1m
2026-06-01 14:43:00+00:00,945.5650024414062,946.0800170898438,945.5650024414062,946.0800170898438,2723,COST,1m
2026-06-01 14:44:00+00:00,945.9727172851562,946.969970703125,945.905029296875,946.969970703125,4256,COST,1m
2026-06-01 14:45:00+00:00,946.6026000976562,946.6500244140625,946.138916015625,946.3599853515625,5030,COST,1m
2026-06-01 14:46:00+00:00,946.25,946.8798828125,946.25,946.614990234375,3148,COST,1m
2026-06-01 14:47:00+00:00,946.5050048828125,947.4299926757812,946.1901245117188,947.3300170898438,7203,COST,1m
2026-06-01 14:48:00+00:00,947.6799926757812,947.8399047851562,946.5117797851562,946.6649780273438,6639,COST,1m
2026-06-01 14:49:00+00:00,946.5,946.72998046875,946.0,946.1199951171875,7537,COST,1m
2026-06-01 14:50:00+00:00,946.0449829101562,946.2067260742188,945.5,945.5499877929688,3301,COST,1m
2026-06-01 14:51:00+00:00,945.5,945.85498046875,945.25,945.85498046875,4723,COST,1m
2026-06-01 14:52:00+00:00,945.5900268554688,946.1300048828125,945.2501220703125,946.0800170898438,3047,COST,1m
2026-06-01 14:53:00+00:00,946.1849975585938,946.510009765625,945.5408935546875,945.6900024414062,3957,COST,1m
2026-06-01 14:54:00+00:00,945.739990234375,945.969970703125,945.4099731445312,945.4099731445312,3770,COST,1m
2026-06-01 14:55:00+00:00,945.4400024414062,946.4400024414062,945.4400024414062,946.1500244140625,3731,COST,1m
2026-06-01 14:56:00+00:00,946.27001953125,946.3900146484375,945.840087890625,946.3900146484375,3701,COST,1m
2026-06-01 14:57:00+00:00,946.2000122070312,946.2000122070312,945.7899780273438,946.1129150390625,2482,COST,1m
2026-06-01 14:58:00+00:00,945.97998046875,946.3300170898438,945.3099975585938,945.4000244140625,5827,COST,1m
2026-06-01 14:59:00+00:00,945.34619140625,945.7100219726562,945.34619140625,945.5457153320312,3440,COST,1m
2026-06-01 15:00:00+00:00,945.77001953125,945.8400268554688,945.280029296875,945.3883056640625,4119,COST,1m
2026-06-01 15:01:00+00:00,945.4400024414062,945.530029296875,944.7999877929688,944.89501953125,8030,COST,1m
2026-06-01 15:02:00+00:00,945.3099975585938,945.989013671875,945.3099975585938,945.739990234375,2498,COST,1m
2026-06-01 15:03:00+00:00,945.8400268554688,946.3599853515625,945.5800170898438,946.3599853515625,3088,COST,1m
2026-06-01 15:04:00+00:00,946.1749877929688,946.3800048828125,945.9650268554688,945.9650268554688,5725,COST,1m
2026-06-01 15:05:00+00:00,945.8599853515625,946.0349731445312,945.2000732421875,945.5700073242188,4164,COST,1m
2026-06-01 15:06:00+00:00,945.5650024414062,946.0800170898438,945.5650024414062,946.0700073242188,6036,COST,1m
2026-06-01 15:07:00+00:00,946.0700073242188,946.25,945.5150146484375,945.875,2595,COST,1m
2026-06-01 15:08:00+00:00,945.739990234375,945.739990234375,944.510009765625,944.5999755859375,8993,COST,1m
2026-06-01 15:09:00+00:00,944.594970703125,944.594970703125,943.5999755859375,943.9349975585938,11398,COST,1m
2026-06-01 15:10:00+00:00,943.97998046875,944.4500122070312,943.655029296875,943.655029296875,6488,COST,1m
2026-06-01 15:11:00+00:00,943.655029296875,943.8200073242188,943.3599853515625,943.3599853515625,2527,COST,1m
2026-06-01 15:12:00+00:00,943.260009765625,943.4998779296875,941.7750244140625,941.7899780273438,29099,COST,1m
2026-06-01 15:13:00+00:00,941.5800170898438,941.669921875,940.3400268554688,940.3400268554688,8042,COST,1m
2026-06-01 15:14:00+00:00,940.2650146484375,940.2650146484375,939.530029296875,939.530029296875,31098,COST,1m
2026-06-01 15:15:00+00:00,939.8800048828125,941.2899780273438,939.25,941.2899780273438,7610,COST,1m
2026-06-01 15:16:00+00:00,941.135009765625,941.280029296875,940.2100219726562,940.3034057617188,6749,COST,1m
2026-06-01 15:17:00+00:00,940.1749877929688,940.530029296875,939.6876220703125,940.344970703125,3647,COST,1m
2026-06-01 15:18:00+00:00,940.52001953125,940.5999145507812,940.0,940.5,6524,COST,1m
2026-06-01 15:19:00+00:00,940.461181640625,940.469970703125,940.0,940.3499755859375,3341,COST,1m
2026-06-01 15:20:00+00:00,940.47998046875,940.47998046875,939.2100219726562,939.4550170898438,13068,COST,1m
2026-06-01 15:21:00+00:00,939.4600219726562,939.75,939.3200073242188,939.625,3150,COST,1m
2026-06-01 15:22:00+00:00,939.625,941.5599975585938,939.6199951171875,941.5599975585938,18292,COST,1m
2026-06-01 15:23:00+00:00,941.5050048828125,941.5050048828125,940.9000244140625,941.094970703125,4575,COST,1m
2026-06-01 15:24:00+00:00,941.280029296875,941.280029296875,940.1500244140625,940.280029296875,3004,COST,1m
2026-06-01 15:25:00+00:00,940.2899780273438,940.2899780273438,939.802978515625,939.8499755859375,4180,COST,1m
2026-06-01 15:26:00+00:00,939.5999755859375,940.5499877929688,939.2899780273438,940.4550170898438,12035,COST,1m
2026-06-01 15:27:00+00:00,940.7000122070312,941.02001953125,940.3699951171875,940.8300170898438,3635,COST,1m
2026-06-01 15:28:00+00:00,940.3900146484375,941.02001953125,940.02001953125,940.875,8298,COST,1m
2026-06-01 15:29:00+00:00,940.6002807617188,941.0,940.6002807617188,941.0,2865,COST,1m
2026-06-01 15:30:00+00:00,940.8599853515625,941.1699829101562,940.4949951171875,940.7249755859375,7473,COST,1m
2026-06-01 15:31:00+00:00,940.957275390625,941.219970703125,940.739990234375,941.1099853515625,6644,COST,1m
2026-06-01 15:32:00+00:00,940.8499755859375,941.0599975585938,940.0,940.0,7700,COST,1m
2026-06-01 15:33:00+00:00,940.2849731445312,940.5,940.030029296875,940.1749877929688,4910,COST,1m
2026-06-01 15:34:00+00:00,940.0,940.3400268554688,939.8499755859375,940.3400268554688,5471,COST,1m
2026-06-01 15:35:00+00:00,940.52001953125,940.5399169921875,939.8499755859375,939.9849853515625,3784,COST,1m
2026-06-01 15:36:00+00:00,939.77001953125,940.3499755859375,939.75,940.3099975585938,6226,COST,1m
2026-06-01 15:37:00+00:00,940.3400268554688,941.3900146484375,940.3400268554688,941.0999755859375,4513,COST,1m
2026-06-01 15:38:00+00:00,941.2000122070312,941.2199096679688,940.7559204101562,940.7559204101562,2599,COST,1m
2026-06-01 15:39:00+00:00,940.8499755859375,941.030029296875,940.6201171875,940.739990234375,3450,COST,1m
2026-06-01 15:40:00+00:00,940.9349975585938,941.1099853515625,940.77001953125,940.8049926757812,3327,COST,1m
2026-06-01 15:41:00+00:00,940.6900024414062,940.8699951171875,940.4400024414062,940.5399780273438,4712,COST,1m
2026-06-01 15:42:00+00:00,940.5349731445312,941.6699829101562,940.010009765625,941.0501098632812,11403,COST,1m
2026-06-01 15:43:00+00:00,941.780029296875,942.0499877929688,941.130126953125,941.4030151367188,8039,COST,1m
2026-06-01 15:44:00+00:00,941.6500244140625,941.6500244140625,940.4349975585938,940.4349975585938,4603,COST,1m
2026-06-01 15:45:00+00:00,940.75,941.260009765625,940.5549926757812,940.989990234375,5393,COST,1m
2026-06-01 15:46:00+00:00,940.8800048828125,941.2000122070312,940.5499877929688,940.5499877929688,5682,COST,1m
2026-06-01 15:47:00+00:00,940.5499877929688,940.5499877929688,940.0999755859375,940.1799926757812,4241,COST,1m
2026-06-01 15:48:00+00:00,940.1099853515625,940.9600219726562,940.0399780273438,940.9600219726562,3958,COST,1m
2026-06-01 15:49:00+00:00,940.8250122070312,941.0800170898438,940.3099975585938,940.3599853515625,6109,COST,1m
2026-06-01 15:50:00+00:00,940.8599853515625,940.9099731445312,940.6699829101562,940.6699829101562,3261,COST,1m
2026-06-01 15:51:00+00:00,941.0,941.030029296875,940.47998046875,940.5150146484375,3742,COST,1m
2026-06-01 15:52:00+00:00,940.7799072265625,940.7799072265625,940.4400024414062,940.6849975585938,2084,COST,1m
2026-06-01 15:53:00+00:00,940.6849975585938,940.989990234375,940.52197265625,940.72998046875,4934,COST,1m
2026-06-01 15:54:00+00:00,940.75,941.3499755859375,940.75,941.0750122070312,5708,COST,1m
2026-06-01 15:55:00+00:00,941.3099975585938,942.0,941.155029296875,941.75,11660,COST,1m
2026-06-01 15:56:00+00:00,942.030029296875,942.030029296875,941.4949951171875,941.5900268554688,9224,COST,1m
2026-06-01 15:57:00+00:00,941.469970703125,941.5499877929688,941.2474975585938,941.35009765625,1687,COST,1m
2026-06-01 15:58:00+00:00,941.469970703125,942.22998046875,941.469970703125,942.0549926757812,10202,COST,1m
2026-06-01 15:59:00+00:00,942.0499877929688,942.0999145507812,941.5150146484375,941.594970703125,11156,COST,1m
2026-06-01 16:00:00+00:00,941.5250244140625,942.219970703125,941.030029296875,941.2899780273438,15099,COST,1m
2026-06-01 16:01:00+00:00,941.5390014648438,941.7249755859375,941.2849731445312,941.5499877929688,2675,COST,1m
2026-06-01 16:02:00+00:00,941.5399780273438,941.719970703125,941.1799926757812,941.385009765625,1877,COST,1m
2026-06-01 16:03:00+00:00,941.6699829101562,941.719970703125,941.1400146484375,941.4199829101562,3483,COST,1m
2026-06-01 16:04:00+00:00,941.1400756835938,941.4849853515625,941.1400146484375,941.2650146484375,2364,COST,1m
2026-06-01 16:05:00+00:00,941.2650146484375,941.3400268554688,941.1900024414062,941.2949829101562,2381,COST,1m
2026-06-01 16:06:00+00:00,941.2899780273438,941.409912109375,940.9400024414062,941.0499877929688,2969,COST,1m
2026-06-01 16:07:00+00:00,940.9819946289062,941.719970703125,940.9819946289062,941.5900268554688,3774,COST,1m
2026-06-01 16:08:00+00:00,941.39501953125,941.4500122070312,940.8800048828125,941.0,2361,COST,1m
2026-06-01 16:09:00+00:00,940.9500122070312,941.343017578125,940.9500122070312,941.010009765625,4085,COST,1m
2026-06-01 16:10:00+00:00,941.0101928710938,941.5809936523438,941.0,941.4600219726562,3325,COST,1m
2026-06-01 16:11:00+00:00,941.469970703125,942.0,941.2550048828125,942.0,7461,COST,1m
2026-06-01 16:12:00+00:00,942.0900268554688,942.27001953125,941.8300170898438,941.8740234375,2332,COST,1m
2026-06-01 16:13:00+00:00,942.0499877929688,942.0599975585938,941.5499877929688,941.9600219726562,6789,COST,1m
2026-06-01 16:14:00+00:00,942.1400146484375,942.1599731445312,941.8900146484375,941.8900146484375,2073,COST,1m
2026-06-01 16:15:00+00:00,941.9450073242188,942.0800170898438,941.52001953125,941.5449829101562,2345,COST,1m
2026-06-01 16:16:00+00:00,941.4650268554688,941.4650268554688,941.1099853515625,941.2999877929688,2165,COST,1m
2026-06-01 16:17:00+00:00,941.2349853515625,941.4400024414062,940.7849731445312,940.7849731445312,4840,COST,1m
2026-06-01 16:18:00+00:00,940.6749877929688,941.510009765625,940.6749877929688,941.2899780273438,4099,COST,1m
2026-06-01 16:19:00+00:00,941.510009765625,941.6973266601562,941.27001953125,941.5900268554688,1503,COST,1m
2026-06-01 16:20:00+00:00,941.75,941.75,941.52001953125,941.5999755859375,2080,COST,1m
2026-06-01 16:21:00+00:00,941.5449829101562,941.8800048828125,941.3200073242188,941.875,2844,COST,1m
2026-06-01 16:22:00+00:00,941.875,941.875,941.6500244140625,941.7899780273438,2366,COST,1m
2026-06-01 16:23:00+00:00,941.7999877929688,941.9099731445312,941.6799926757812,941.8900146484375,2236,COST,1m
2026-06-01 16:24:00+00:00,941.909912109375,941.909912109375,941.4400024414062,941.4400024414062,4113,COST,1m
2026-06-01 16:25:00+00:00,941.3400268554688,941.6649780273438,941.2899780273438,941.2899780273438,3449,COST,1m
2026-06-01 16:26:00+00:00,941.280029296875,941.5999755859375,941.280029296875,941.5999755859375,1158,COST,1m
2026-06-01 16:27:00+00:00,941.4000244140625,941.4000244140625,940.8800048828125,940.8800048828125,3471,COST,1m
2026-06-01 16:28:00+00:00,941.1900024414062,941.2399291992188,940.7293090820312,940.875,1280,COST,1m
2026-06-01 16:29:00+00:00,940.875,941.5999755859375,940.875,941.5999755859375,6510,COST,1m
2026-06-01 16:30:00+00:00,941.3599853515625,941.8400268554688,941.0900268554688,941.469970703125,5225,COST,1m
2026-06-01 16:31:00+00:00,941.22998046875,941.22998046875,941.22998046875,941.22998046875,501,COST,1m
2026-06-01 16:32:00+00:00,941.010009765625,941.77001953125,941.010009765625,941.60498046875,5817,COST,1m
2026-06-01 16:33:00+00:00,941.60498046875,941.8099975585938,941.5,941.8099975585938,2374,COST,1m
2026-06-01 16:34:00+00:00,941.6259155273438,941.6259155273438,940.6099853515625,941.1199951171875,3330,COST,1m
2026-06-01 16:35:00+00:00,940.9199829101562,941.318115234375,940.8699951171875,940.97998046875,3635,COST,1m
2026-06-01 16:36:00+00:00,940.9849853515625,941.4500122070312,940.9849853515625,941.0001220703125,2719,COST,1m
2026-06-01 16:37:00+00:00,941.489990234375,941.7999877929688,941.2949829101562,941.2949829101562,3259,COST,1m
2026-06-01 16:38:00+00:00,941.2849731445312,941.2849731445312,940.9998779296875,940.9998779296875,2888,COST,1m
2026-06-01 16:39:00+00:00,940.7999877929688,940.97998046875,940.510009765625,940.510009765625,5790,COST,1m
2026-06-01 16:40:00+00:00,940.635009765625,940.9398803710938,940.52001953125,940.7849731445312,3068,COST,1m
2026-06-01 16:41:00+00:00,940.6300048828125,941.0,940.2949829101562,940.7899780273438,5946,COST,1m
2026-06-01 16:42:00+00:00,940.9210205078125,941.4199829101562,939.75,939.75,22398,COST,1m
2026-06-01 16:43:00+00:00,939.7999877929688,940.2899780273438,939.7449951171875,939.7449951171875,13279,COST,1m
2026-06-01 16:44:00+00:00,939.7550048828125,939.7550048828125,939.0999755859375,939.3900146484375,6931,COST,1m
2026-06-01 16:45:00+00:00,939.5499877929688,939.97998046875,939.4400024414062,939.9199829101562,5245,COST,1m
2026-06-01 16:46:00+00:00,939.8599853515625,939.9199829101562,939.5601196289062,939.7550048828125,1922,COST,1m
2026-06-01 16:47:00+00:00,939.7592163085938,940.0,939.4000244140625,939.4000244140625,4421,COST,1m
2026-06-01 16:48:00+00:00,939.5650024414062,939.72998046875,939.5349731445312,939.7000122070312,1592,COST,1m
2026-06-01 16:49:00+00:00,939.6900024414062,939.760009765625,938.25,938.25,14799,COST,1m
2026-06-01 16:50:00+00:00,938.1599731445312,938.3300170898438,937.5,937.5,52119,COST,1m
2026-06-01 16:51:00+00:00,937.5,937.8798828125,937.22998046875,937.530029296875,8011,COST,1m
2026-06-01 16:52:00+00:00,937.530029296875,937.5900268554688,937.0,937.0,6221,COST,1m
2026-06-01 16:53:00+00:00,937.1099853515625,937.4299926757812,936.6513061523438,936.6513061523438,6067,COST,1m
2026-06-01 16:54:00+00:00,936.7150268554688,937.489990234375,936.6099853515625,937.2849731445312,11146,COST,1m
2026-06-01 16:55:00+00:00,937.260009765625,937.5999755859375,937.0,937.3499755859375,6391,COST,1m
2026-06-01 16:56:00+00:00,937.3499755859375,937.5800170898438,936.7999877929688,937.0150146484375,4587,COST,1m
2026-06-01 16:57:00+00:00,937.0150146484375,937.0200805664062,936.8200073242188,936.8200073242188,3909,COST,1m
2026-06-01 16:58:00+00:00,936.8200073242188,937.010009765625,936.530029296875,936.7219848632812,15327,COST,1m
2026-06-01 16:59:00+00:00,936.7449951171875,937.4099731445312,936.510009765625,937.155029296875,9018,COST,1m
2026-06-01 17:00:00+00:00,937.1950073242188,937.3400268554688,937.0800170898438,937.0800170898438,3102,COST,1m
2026-06-01 17:01:00+00:00,937.2750244140625,937.3800048828125,936.8400268554688,937.3800048828125,5666,COST,1m
2026-06-01 17:02:00+00:00,937.3699951171875,937.5399780273438,937.1699829101562,937.530029296875,3464,COST,1m
2026-06-01 17:03:00+00:00,937.4000244140625,937.4099731445312,937.1099853515625,937.4099731445312,5144,COST,1m
2026-06-01 17:04:00+00:00,937.219970703125,937.8350219726562,937.1199951171875,937.8350219726562,4640,COST,1m
2026-06-01 17:05:00+00:00,937.8350219726562,938.1300048828125,937.8350219726562,937.9199829101562,3587,COST,1m
2026-06-01 17:06:00+00:00,937.9149780273438,938.27001953125,937.9149780273438,938.1450805664062,4255,COST,1m
2026-06-01 17:07:00+00:00,938.3400268554688,938.5900268554688,938.080078125,938.2310180664062,6462,COST,1m
2026-06-01 17:08:00+00:00,938.3950805664062,938.3950805664062,938.155029296875,938.364990234375,2605,COST,1m
2026-06-01 17:09:00+00:00,938.2080078125,938.27001953125,938.0800170898438,938.10498046875,3570,COST,1m
2026-06-01 17:10:00+00:00,938.0999755859375,938.2799072265625,938.0,938.135009765625,3134,COST,1m
2026-06-01 17:11:00+00:00,938.135009765625,938.4600219726562,937.844970703125,937.844970703125,4015,COST,1m
2026-06-01 17:12:00+00:00,937.9149780273438,939.0700073242188,937.9149780273438,939.0700073242188,6967,COST,1m
2026-06-01 17:13:00+00:00,939.1300048828125,939.3699951171875,938.77001953125,939.3699951171875,2532,COST,1m
2026-06-01 17:14:00+00:00,939.3599853515625,939.5900268554688,939.1900024414062,939.2100219726562,4315,COST,1m
2026-06-01 17:15:00+00:00,939.0999755859375,939.3300170898438,939.010009765625,939.3300170898438,587,COST,1m
2026-06-01 17:16:00+00:00,939.1599731445312,940.0,939.1599731445312,940.0,8293,COST,1m
2026-06-01 17:17:00+00:00,939.8150024414062,940.8400268554688,939.8150024414062,940.7000122070312,2409,COST,1m
2026-06-01 17:18:00+00:00,940.7999877929688,941.3499755859375,940.7999877929688,941.239990234375,4500,COST,1m
2026-06-01 17:19:00+00:00,941.2000122070312,941.6699829101562,941.0999755859375,941.6699829101562,3237,COST,1m
2026-06-01 17:20:00+00:00,941.7100219726562,941.7650146484375,941.380126953125,941.6300048828125,4684,COST,1m
2026-06-01 17:21:00+00:00,941.46630859375,942.1500244140625,941.46630859375,941.97998046875,2913,COST,1m
2026-06-01 17:22:00+00:00,941.9299926757812,941.97998046875,941.6400146484375,941.8499755859375,4521,COST,1m
2026-06-01 17:23:00+00:00,941.7949829101562,941.8798217773438,941.6849975585938,941.6849975585938,1417,COST,1m
2026-06-01 17:24:00+00:00,941.6849975585938,941.9199829101562,941.02001953125,941.4650268554688,3504,COST,1m
2026-06-01 17:25:00+00:00,941.469970703125,941.9000244140625,941.0001220703125,941.2449951171875,4175,COST,1m
2026-06-01 17:26:00+00:00,941.3200073242188,941.47998046875,941.1099853515625,941.1199951171875,3227,COST,1m
2026-06-01 17:27:00+00:00,941.1599731445312,941.4699096679688,941.1500244140625,941.1500854492188,2234,COST,1m
2026-06-01 17:28:00+00:00,941.1599731445312,941.3200073242188,941.0,941.0,2345,COST,1m
2026-06-01 17:29:00+00:00,941.10498046875,941.4899291992188,940.8800048828125,941.2899780273438,4495,COST,1m
2026-06-01 17:30:00+00:00,941.2449951171875,941.25,940.8300170898438,940.8300170898438,2469,COST,1m
2026-06-01 17:31:00+00:00,940.7899780273438,941.61181640625,940.7899780273438,941.61181640625,2687,COST,1m
2026-06-01 17:32:00+00:00,941.4949951171875,941.9400024414062,941.4949951171875,941.6400146484375,2809,COST,1m
2026-06-01 17:33:00+00:00,941.5,941.5499877929688,940.9349975585938,941.25,2534,COST,1m
2026-06-01 17:34:00+00:00,941.0,941.47998046875,940.9190063476562,941.1500244140625,2215,COST,1m
2026-06-01 17:35:00+00:00,941.47998046875,941.8300170898438,941.4650268554688,941.760009765625,3823,COST,1m
2026-06-01 17:36:00+00:00,941.75,941.9199829101562,941.6500244140625,941.8670043945312,2543,COST,1m
2026-06-01 17:37:00+00:00,941.989990234375,942.4600219726562,941.989990234375,942.1400146484375,2300,COST,1m
2026-06-01 17:38:00+00:00,942.2999877929688,942.469970703125,942.1500244140625,942.3499755859375,1723,COST,1m
2026-06-01 17:39:00+00:00,942.4099731445312,942.5800170898438,942.1599731445312,942.5800170898438,2757,COST,1m
2026-06-01 17:40:00+00:00,942.3699951171875,942.6500244140625,942.3400268554688,942.39501953125,2680,COST,1m
2026-06-01 17:41:00+00:00,942.39501953125,943.2000122070312,942.3900146484375,943.0700073242188,4625,COST,1m
2026-06-01 17:42:00+00:00,943.02001953125,943.28369140625,943.02001953125,943.030029296875,2067,COST,1m
2026-06-01 17:43:00+00:00,943.239990234375,944.4000244140625,943.239990234375,943.739990234375,15072,COST,1m
2026-06-01 17:44:00+00:00,943.5,944.2000122070312,943.3751220703125,944.2000122070312,3918,COST,1m
2026-06-01 17:45:00+00:00,944.260009765625,944.719970703125,944.260009765625,944.3948974609375,3671,COST,1m
2026-06-01 17:46:00+00:00,944.280029296875,945.0,944.280029296875,944.97998046875,6680,COST,1m
2026-06-01 17:47:00+00:00,945.0599975585938,945.139892578125,944.7999877929688,944.9400024414062,1535,COST,1m
2026-06-01 17:48:00+00:00,944.7999877929688,945.3800048828125,944.7100830078125,945.3800048828125,2679,COST,1m
2026-06-01 17:49:00+00:00,945.489990234375,945.969970703125,945.489990234375,945.780029296875,4407,COST,1m
2026-06-01 17:50:00+00:00,945.60498046875,946.02001953125,945.2301025390625,946.0,5266,COST,1m
2026-06-01 17:51:00+00:00,945.739990234375,946.010009765625,945.52001953125,945.7182006835938,2572,COST,1m
2026-06-01 17:52:00+00:00,946.0599975585938,946.5,946.0598754882812,946.25,2350,COST,1m
2026-06-01 17:53:00+00:00,946.4000244140625,946.89501953125,946.010009765625,946.5900268554688,5476,COST,1m
2026-06-01 17:54:00+00:00,946.6300048828125,946.6300048828125,946.364990234375,946.364990234375,4211,COST,1m
2026-06-01 17:55:00+00:00,946.5,946.5,945.6799926757812,945.6799926757812,2208,COST,1m
2026-06-01 17:56:00+00:00,946.0,946.0800170898438,945.5999755859375,946.0800170898438,1949,COST,1m
2026-06-01 17:57:00+00:00,946.1900024414062,946.510009765625,945.8732299804688,946.510009765625,2506,COST,1m
2026-06-01 17:58:00+00:00,946.6300048828125,946.6300048828125,946.0,946.3150024414062,2556,COST,1m
2026-06-01 17:59:00+00:00,946.0560302734375,946.3798828125,946.0560302734375,946.3798828125,1701,COST,1m
2026-06-01 18:00:00+00:00,946.2999877929688,946.6400146484375,946.1749877929688,946.6400146484375,2691,COST,1m
2026-06-01 18:01:00+00:00,946.5999755859375,946.77001953125,946.594970703125,946.594970703125,1720,COST,1m
2026-06-01 18:02:00+00:00,946.780029296875,946.9000244140625,946.5601196289062,946.7349853515625,1697,COST,1m
2026-06-01 18:03:00+00:00,946.7100219726562,946.7100219726562,945.9450073242188,946.094970703125,4668,COST,1m
2026-06-01 18:04:00+00:00,946.369873046875,946.469970703125,944.7349853515625,944.7349853515625,22227,COST,1m
2026-06-01 18:05:00+00:00,944.7349853515625,945.3599853515625,944.7349853515625,944.7901000976562,4171,COST,1m
2026-06-01 18:06:00+00:00,944.9849853515625,945.47998046875,944.8099975585938,945.3099975585938,2984,COST,1m
2026-06-01 18:07:00+00:00,945.3980102539062,945.3980102539062,944.2999877929688,944.3800048828125,7812,COST,1m
2026-06-01 18:08:00+00:00,944.3699951171875,945.260009765625,944.364013671875,944.9099731445312,3929,COST,1m
2026-06-01 18:09:00+00:00,944.8800048828125,945.0999755859375,944.8040161132812,945.0999755859375,2154,COST,1m
2026-06-01 18:10:00+00:00,944.9400024414062,945.0900268554688,944.010009765625,944.1699829101562,4030,COST,1m
2026-06-01 18:11:00+00:00,943.9749755859375,944.3300170898438,943.9000244140625,943.9000244140625,3016,COST,1m
2026-06-01 18:12:00+00:00,944.2000122070312,944.2799072265625,943.9199829101562,944.1784057617188,5876,COST,1m
2026-06-01 18:13:00+00:00,943.7119750976562,944.1748046875,943.6699829101562,943.7899780273438,3496,COST,1m
2026-06-01 18:14:00+00:00,943.5001220703125,943.8900146484375,943.5001220703125,943.8400268554688,3003,COST,1m
2026-06-01 18:15:00+00:00,943.8599853515625,945.0,943.7000122070312,944.969970703125,17670,COST,1m
2026-06-01 18:16:00+00:00,944.89501953125,945.030029296875,944.5250244140625,944.5250244140625,1804,COST,1m
2026-06-01 18:17:00+00:00,944.5250244140625,945.030029296875,944.5250244140625,945.010009765625,1827,COST,1m
2026-06-01 18:18:00+00:00,945.0,945.0,944.610107421875,944.8250122070312,1410,COST,1m
2026-06-01 18:19:00+00:00,945.030029296875,945.39501953125,945.030029296875,945.3074951171875,1741,COST,1m
2026-06-01 18:20:00+00:00,945.1699829101562,945.489990234375,945.1300048828125,945.4400024414062,2642,COST,1m
2026-06-01 18:21:00+00:00,945.27001953125,945.27001953125,944.6099853515625,944.6099853515625,2402,COST,1m
2026-06-01 18:22:00+00:00,944.75,944.760009765625,944.0499877929688,944.39501953125,3418,COST,1m
2026-06-01 18:23:00+00:00,944.6400146484375,944.6649780273438,944.1699829101562,944.6649780273438,832,COST,1m
2026-06-01 18:24:00+00:00,944.588623046875,945.0399780273438,944.588623046875,944.6199951171875,3522,COST,1m
2026-06-01 18:25:00+00:00,944.5,944.9299926757812,944.5,944.9299926757812,1433,COST,1m
2026-06-01 18:26:00+00:00,944.72998046875,944.9400024414062,944.5001220703125,944.5999755859375,1371,COST,1m
2026-06-01 18:27:00+00:00,944.5,944.5,944.0,944.1920166015625,3096,COST,1m
2026-06-01 18:28:00+00:00,943.7301025390625,944.4099731445312,943.7301025390625,944.219970703125,2002,COST,1m
2026-06-01 18:29:00+00:00,944.219970703125,944.219970703125,943.864990234375,943.864990234375,1212,COST,1m
2026-06-01 18:30:00+00:00,943.9400024414062,944.0800170898438,943.8200073242188,943.8200073242188,1115,COST,1m
2026-06-01 18:31:00+00:00,943.9400024414062,943.9400024414062,943.7100219726562,943.7100219726562,1748,COST,1m
2026-06-01 18:32:00+00:00,943.6400146484375,943.760009765625,943.47998046875,943.6425170898438,2198,COST,1m
2026-06-01 18:33:00+00:00,943.7100219726562,943.9400024414062,943.4849853515625,943.9400024414062,610,COST,1m
2026-06-01 18:34:00+00:00,943.7000122070312,943.909912109375,943.7000122070312,943.909912109375,1432,COST,1m
2026-06-01 18:35:00+00:00,943.7550048828125,944.1599731445312,943.6622924804688,944.1599731445312,2232,COST,1m
2026-06-01 18:36:00+00:00,944.2999877929688,944.3800048828125,943.7523193359375,944.010009765625,4556,COST,1m
2026-06-01 18:37:00+00:00,943.7501220703125,944.47998046875,943.75,944.47998046875,2171,COST,1m
2026-06-01 18:38:00+00:00,944.3350219726562,944.7000122070312,944.1900024414062,944.39501953125,2803,COST,1m
2026-06-01 18:39:00+00:00,944.8543701171875,944.989990234375,944.7000122070312,944.75,1824,COST,1m
2026-06-01 18:40:00+00:00,944.9598999023438,944.9598999023438,944.3499755859375,944.4400024414062,2654,COST,1m
2026-06-01 18:41:00+00:00,944.4349975585938,944.5,944.4249877929688,944.5,1823,COST,1m
2026-06-01 18:42:00+00:00,944.3200073242188,944.7999877929688,944.010009765625,944.7999877929688,1574,COST,1m
2026-06-01 18:43:00+00:00,944.6295166015625,944.8400268554688,944.392578125,944.5399780273438,1622,COST,1m
2026-06-01 18:44:00+00:00,944.27001953125,944.27001953125,943.469970703125,944.0299072265625,2380,COST,1m
2026-06-01 18:45:00+00:00,943.64501953125,943.7816772460938,943.3651733398438,943.7816772460938,942,COST,1m
2026-06-01 18:46:00+00:00,943.5305786132812,943.9600219726562,943.14501953125,943.163818359375,3292,COST,1m
2026-06-01 18:47:00+00:00,943.4500122070312,943.5850219726562,943.3800048828125,943.4000244140625,2316,COST,1m
2026-06-01 18:48:00+00:00,944.010009765625,944.010009765625,943.5599975585938,943.72998046875,890,COST,1m
2026-06-01 18:49:00+00:00,943.9703979492188,943.9703979492188,943.4099731445312,943.4099731445312,1453,COST,1m
2026-06-01 18:50:00+00:00,943.4099731445312,943.4099731445312,943.239990234375,943.239990234375,1825,COST,1m
2026-06-01 18:51:00+00:00,943.239990234375,943.510009765625,943.239990234375,943.375,2663,COST,1m
2026-06-01 18:52:00+00:00,943.4360961914062,943.70849609375,943.375,943.614990234375,1700,COST,1m
2026-06-01 18:53:00+00:00,943.4600219726562,943.7999877929688,943.4600219726562,943.5800170898438,1714,COST,1m
2026-06-01 18:54:00+00:00,943.5800170898438,943.8300170898438,943.3699951171875,943.8300170898438,1812,COST,1m
2026-06-01 18:55:00+00:00,943.8699951171875,943.9199829101562,943.6925048828125,943.6950073242188,1773,COST,1m
2026-06-01 18:56:00+00:00,943.8099975585938,943.9400024414062,943.6060180664062,943.6060180664062,2061,COST,1m
2026-06-01 18:57:00+00:00,943.7449951171875,943.77001953125,943.510009765625,943.77001953125,2331,COST,1m
2026-06-01 18:58:00+00:00,943.635009765625,943.989990234375,943.47998046875,943.760009765625,2553,COST,1m
2026-06-01 18:59:00+00:00,943.6599731445312,943.75,943.1099853515625,943.1099853515625,2223,COST,1m
2026-06-01 19:00:00+00:00,943.1099853515625,943.1950073242188,942.9349975585938,942.9349975585938,3585,COST,1m
2026-06-01 19:01:00+00:00,942.8800048828125,944.0098876953125,942.8538818359375,944.0098876953125,3599,COST,1m
2026-06-01 19:02:00+00:00,943.6699829101562,943.6699829101562,942.8300170898438,942.8499755859375,5237,COST,1m
2026-06-01 19:03:00+00:00,942.9199829101562,943.0399780273438,942.4199829101562,942.4199829101562,2345,COST,1m
2026-06-01 19:04:00+00:00,942.5700073242188,942.8200073242188,942.3800048828125,942.3800048828125,2442,COST,1m
2026-06-01 19:05:00+00:00,942.801025390625,942.8800048828125,942.6199951171875,942.6746215820312,2155,COST,1m
2026-06-01 19:06:00+00:00,942.739990234375,942.739990234375,942.52001953125,942.52001953125,5728,COST,1m
2026-06-01 19:07:00+00:00,942.4099731445312,942.9199829101562,942.3800048828125,942.9199829101562,4045,COST,1m
2026-06-01 19:08:00+00:00,942.97998046875,943.489990234375,942.97998046875,943.47998046875,2400,COST,1m
2026-06-01 19:09:00+00:00,943.280029296875,943.4500122070312,943.0700073242188,943.114990234375,2310,COST,1m
2026-06-01 19:10:00+00:00,943.030029296875,943.1198120117188,942.8099975585938,942.8099975585938,4270,COST,1m
2026-06-01 19:11:00+00:00,942.8900146484375,942.9400024414062,942.8001098632812,942.8001098632812,1406,COST,1m
2026-06-01 19:12:00+00:00,942.9000244140625,942.9000244140625,942.5399780273438,942.655029296875,3544,COST,1m
2026-06-01 19:13:00+00:00,942.5584106445312,943.469970703125,942.5584106445312,943.469970703125,2965,COST,1m
2026-06-01 19:14:00+00:00,943.1599731445312,943.231201171875,942.8800048828125,943.231201171875,1757,COST,1m
2026-06-01 19:15:00+00:00,943.2100219726562,944.2000122070312,943.2100219726562,944.2000122070312,4391,COST,1m
2026-06-01 19:16:00+00:00,944.2899780273438,944.2899780273438,943.8599853515625,943.885009765625,2493,COST,1m
2026-06-01 19:17:00+00:00,943.9600219726562,943.97998046875,943.4310302734375,943.6099853515625,3932,COST,1m
2026-06-01 19:18:00+00:00,943.6699829101562,943.97998046875,943.6699829101562,943.739990234375,3427,COST,1m
2026-06-01 19:19:00+00:00,943.72998046875,943.9400024414062,943.5999755859375,943.9199829101562,3869,COST,1m
2026-06-01 19:20:00+00:00,943.97998046875,943.97998046875,943.280029296875,943.280029296875,3357,COST,1m
2026-06-01 19:21:00+00:00,943.219970703125,943.9500122070312,943.1300048828125,943.9500122070312,3325,COST,1m
2026-06-01 19:22:00+00:00,943.6080932617188,944.0999755859375,943.6080932617188,944.0999755859375,2855,COST,1m
2026-06-01 19:23:00+00:00,944.1799926757812,944.25,944.0900268554688,944.1699829101562,3221,COST,1m
2026-06-01 19:24:00+00:00,943.9949951171875,944.2000122070312,943.8900146484375,943.97998046875,3780,COST,1m
2026-06-01 19:25:00+00:00,943.8001098632812,943.9949951171875,942.7999877929688,942.9749755859375,4634,COST,1m
2026-06-01 19:26:00+00:00,942.8900146484375,942.9000244140625,942.1801147460938,942.3250122070312,4860,COST,1m
2026-06-01 19:27:00+00:00,942.4600219726562,942.6699829101562,942.3900146484375,942.6699829101562,2266,COST,1m
2026-06-01 19:28:00+00:00,942.5999755859375,942.7999877929688,942.2999877929688,942.655029296875,5381,COST,1m
2026-06-01 19:29:00+00:00,942.655029296875,943.0399780273438,942.47998046875,942.905029296875,4202,COST,1m
2026-06-01 19:30:00+00:00,942.905029296875,943.8200073242188,942.905029296875,943.8200073242188,3914,COST,1m
2026-06-01 19:31:00+00:00,943.989990234375,943.989990234375,943.66748046875,943.66748046875,1941,COST,1m
2026-06-01 19:32:00+00:00,943.7999877929688,944.760009765625,943.7999877929688,944.6199951171875,5920,COST,1m
2026-06-01 19:33:00+00:00,944.6199951171875,945.72998046875,944.6199951171875,945.5800170898438,9105,COST,1m
2026-06-01 19:34:00+00:00,945.7000122070312,946.030029296875,945.5599975585938,945.7999877929688,11269,COST,1m
2026-06-01 19:35:00+00:00,945.5999755859375,945.7199096679688,945.35009765625,945.4199829101562,4070,COST,1m
2026-06-01 19:36:00+00:00,945.4199829101562,945.8699951171875,945.1300048828125,945.8699951171875,4701,COST,1m
2026-06-01 19:37:00+00:00,945.7150268554688,946.3499755859375,945.469970703125,946.3499755859375,4995,COST,1m
2026-06-01 19:38:00+00:00,946.5499877929688,946.6500244140625,946.260009765625,946.6500244140625,8314,COST,1m
2026-06-01 19:39:00+00:00,946.5,946.5,945.875,945.9099731445312,2696,COST,1m
2026-06-01 19:40:00+00:00,945.9299926757812,946.3800048828125,945.9199829101562,946.22998046875,6223,COST,1m
2026-06-01 19:41:00+00:00,946.5,946.6699829101562,946.2899780273438,946.6699829101562,7902,COST,1m
2026-06-01 19:42:00+00:00,946.6900024414062,946.7899780273438,946.25,946.25,5977,COST,1m
2026-06-01 19:43:00+00:00,946.3150024414062,946.5,945.7849731445312,945.9498901367188,2396,COST,1m
2026-06-01 19:44:00+00:00,945.8250122070312,946.4884033203125,945.75,946.4884033203125,4271,COST,1m
2026-06-01 19:45:00+00:00,946.3300170898438,946.3699951171875,946.0549926757812,946.3699951171875,5781,COST,1m
2026-06-01 19:46:00+00:00,946.4099731445312,947.0800170898438,946.3699951171875,946.8200073242188,7769,COST,1m
2026-06-01 19:47:00+00:00,946.989990234375,947.5800170898438,946.989990234375,947.5800170898438,5785,COST,1m
2026-06-01 19:48:00+00:00,947.5900268554688,947.9299926757812,947.4949951171875,947.8900146484375,5177,COST,1m
2026-06-01 19:49:00+00:00,947.8900146484375,947.969970703125,947.489990234375,947.489990234375,8702,COST,1m
2026-06-01 19:50:00+00:00,947.3900146484375,947.469970703125,946.6500854492188,946.989990234375,7211,COST,1m
2026-06-01 19:51:00+00:00,946.8099975585938,947.0700073242188,946.7100219726562,946.7100219726562,5700,COST,1m
2026-06-01 19:52:00+00:00,946.6199951171875,946.6199951171875,945.8900146484375,946.0,6698,COST,1m
2026-06-01 19:53:00+00:00,945.8950805664062,946.9000244140625,945.8604736328125,946.6799926757812,8492,COST,1m
2026-06-01 19:54:00+00:00,946.6749877929688,946.8400268554688,946.27001953125,946.72998046875,10075,COST,1m
2026-06-01 19:55:00+00:00,946.469970703125,946.5800170898438,945.580078125,945.8099975585938,13398,COST,1m
2026-06-01 19:56:00+00:00,945.9000244140625,946.219970703125,945.6599731445312,945.8699951171875,9716,COST,1m
2026-06-01 19:57:00+00:00,945.97998046875,946.280029296875,945.7999877929688,946.0599975585938,13816,COST,1m
2026-06-01 19:58:00+00:00,946.1900024414062,946.3400268554688,945.7150268554688,945.7899780273438,26694,COST,1m
2026-06-01 19:59:00+00:00,945.8300170898438,946.3200073242188,945.7999877929688,946.0399780273438,48127,COST,1m
