timestamp,open,high,low,close,volume,ticker,interval
2026-02-19 14:30:00+00:00,187.02999877929688,187.38999938964844,186.50999450683597,186.7949981689453,3608536,NVDA,5m
2026-02-19 14:35:00+00:00,186.77999877929688,186.92999267578125,186.0399932861328,186.5,1969033,NVDA,5m
2026-02-19 14:40:00+00:00,186.4900054931641,186.5249938964844,185.8000030517578,186.2949981689453,1779005,NVDA,5m
2026-02-19 14:45:00+00:00,186.2700042724609,186.33999633789065,185.66000366210935,186.02999877929688,1755485,NVDA,5m
2026-02-19 14:50:00+00:00,186.00999450683597,187.22999572753903,186.00999450683597,186.7700042724609,1798791,NVDA,5m
2026-02-19 14:55:00+00:00,186.7655029296875,187.3195037841797,186.6499938964844,186.7550048828125,1319855,NVDA,5m
2026-02-19 15:00:00+00:00,186.72250366210935,187.6300048828125,186.3699951171875,187.2991943359375,1578207,NVDA,5m
2026-02-19 15:05:00+00:00,187.30999755859372,187.63499450683597,187.22999572753903,187.4095001220703,1176738,NVDA,5m
2026-02-19 15:10:00+00:00,187.4199981689453,187.88499450683597,187.41000366210935,187.8699951171875,1332081,NVDA,5m
2026-02-19 15:15:00+00:00,187.875,188.2899932861328,187.67999267578125,187.8101043701172,1701080,NVDA,5m
2026-02-19 15:20:00+00:00,187.80999755859372,188.1499938964844,187.31500244140625,188.0500030517578,1529619,NVDA,5m
2026-02-19 15:25:00+00:00,188.0442047119141,188.04800415039065,187.4900054931641,187.6190948486328,1021458,NVDA,5m
2026-02-19 15:30:00+00:00,187.6100006103516,188.38999938964844,187.52999877929688,188.3603057861328,1403750,NVDA,5m
2026-02-19 15:35:00+00:00,188.3500061035156,188.42999267578125,188.0601043701172,188.17999267578125,1104538,NVDA,5m
2026-02-19 15:40:00+00:00,188.1750030517578,188.3999938964844,187.93919372558597,187.99969482421875,1038027,NVDA,5m
2026-02-19 15:45:00+00:00,188.0,188.13999938964844,187.7400054931641,187.81500244140625,873587,NVDA,5m
2026-02-19 15:50:00+00:00,187.8300018310547,187.83999633789065,187.16000366210935,187.46499633789065,1290053,NVDA,5m
2026-02-19 15:55:00+00:00,187.47999572753903,188.0399932861328,187.4199981689453,187.9199981689453,1056440,NVDA,5m
2026-02-19 16:00:00+00:00,187.9199981689453,187.9900054931641,187.4499969482422,187.4949951171875,850289,NVDA,5m
2026-02-19 16:05:00+00:00,187.4965057373047,187.52999877929688,186.9250030517578,187.15989685058597,1231813,NVDA,5m
2026-02-19 16:10:00+00:00,187.1501007080078,187.2899932861328,186.9199981689453,187.1699981689453,889432,NVDA,5m
2026-02-19 16:15:00+00:00,187.1750030517578,187.72000122070312,187.08999633789065,187.5749969482422,1014920,NVDA,5m
2026-02-19 16:20:00+00:00,187.5800018310547,187.87989807128903,187.5800018310547,187.70509338378903,948531,NVDA,5m
2026-02-19 16:25:00+00:00,187.71499633789065,187.8600006103516,187.19000244140625,187.30999755859372,926667,NVDA,5m
2026-02-19 16:30:00+00:00,187.3300018310547,187.7899932861328,187.3300018310547,187.68499755859372,872221,NVDA,5m
2026-02-19 16:35:00+00:00,187.69000244140625,187.72999572753903,187.2100067138672,187.2700042724609,909791,NVDA,5m
2026-02-19 16:40:00+00:00,187.2700042724609,187.3249969482422,186.7899932861328,186.82200622558597,944738,NVDA,5m
2026-02-19 16:45:00+00:00,186.82000732421875,186.9600067138672,186.5800018310547,186.76499938964844,950612,NVDA,5m
2026-02-19 16:50:00+00:00,186.75999450683597,187.05999755859372,186.44000244140625,187.02999877929688,1065309,NVDA,5m
2026-02-19 16:55:00+00:00,187.0200042724609,187.05999755859372,186.66000366210935,186.68389892578125,775180,NVDA,5m
2026-02-19 17:00:00+00:00,186.69000244140625,186.79010009765625,186.3999938964844,186.5249938964844,948508,NVDA,5m
2026-02-19 17:05:00+00:00,186.5200042724609,186.75999450683597,186.44000244140625,186.5664978027344,721023,NVDA,5m
2026-02-19 17:10:00+00:00,186.58999633789065,186.75,186.5,186.67999267578125,581582,NVDA,5m
2026-02-19 17:15:00+00:00,186.69000244140625,186.8500061035156,186.5,186.7899932861328,702747,NVDA,5m
2026-02-19 17:20:00+00:00,186.80029296875,187.0,186.6999969482422,186.85009765625,740672,NVDA,5m
2026-02-19 17:25:00+00:00,186.85499572753903,186.89720153808597,186.47999572753903,186.6300048828125,548047,NVDA,5m
2026-02-19 17:30:00+00:00,186.6199951171875,186.6750030517578,186.25010681152344,186.41000366210935,694755,NVDA,5m
2026-02-19 17:35:00+00:00,186.39959716796875,186.4600067138672,186.1649932861328,186.3350067138672,704842,NVDA,5m
2026-02-19 17:40:00+00:00,186.33999633789065,186.5,186.22689819335935,186.30499267578125,627595,NVDA,5m
2026-02-19 17:45:00+00:00,186.30999755859372,186.33999633789065,185.7899932861328,185.91000366210935,896570,NVDA,5m
2026-02-19 17:50:00+00:00,185.9250030517578,186.13999938964844,185.82000732421875,186.00999450683597,888617,NVDA,5m
2026-02-19 17:55:00+00:00,186.01499938964844,186.2100067138672,185.87339782714844,185.9499969482422,748201,NVDA,5m
2026-02-19 18:00:00+00:00,185.9499053955078,186.25999450683597,185.8999938964844,186.13999938964844,740920,NVDA,5m
2026-02-19 18:05:00+00:00,186.1499938964844,186.3999938964844,186.1499938964844,186.30499267578125,673389,NVDA,5m
2026-02-19 18:10:00+00:00,186.3000030517578,186.5709991455078,186.17999267578125,186.4949951171875,724003,NVDA,5m
2026-02-19 18:15:00+00:00,186.4900054931641,186.5500030517578,186.1000061035156,186.125,638958,NVDA,5m
2026-02-19 18:20:00+00:00,186.12989807128903,186.22999572753903,185.8500061035156,186.18499755859372,672504,NVDA,5m
2026-02-19 18:25:00+00:00,186.17999267578125,186.3500061035156,186.0500030517578,186.19940185546875,543281,NVDA,5m
2026-02-19 18:30:00+00:00,186.17999267578125,186.5099029541016,186.15939331054688,186.2400054931641,655909,NVDA,5m
2026-02-19 18:35:00+00:00,186.25,186.4499053955078,186.19000244140625,186.3650054931641,481813,NVDA,5m
2026-02-19 18:40:00+00:00,186.3600006103516,186.3999938964844,186.22999572753903,186.32000732421875,494741,NVDA,5m
2026-02-19 18:45:00+00:00,186.30560302734372,186.52999877929688,186.3000946044922,186.375,594982,NVDA,5m
2026-02-19 18:50:00+00:00,186.375,186.47000122070312,186.17999267578125,186.40809631347656,549764,NVDA,5m
2026-02-19 18:55:00+00:00,186.41000366210935,186.75,186.3500061035156,186.71499633789065,501205,NVDA,5m
2026-02-19 19:00:00+00:00,186.72000122070312,186.72000122070312,186.4900054931641,186.70350646972656,572448,NVDA,5m
2026-02-19 19:05:00+00:00,186.7050018310547,186.9250030517578,186.63999938964844,186.85009765625,659207,NVDA,5m
2026-02-19 19:10:00+00:00,186.8533935546875,186.8950042724609,186.6150054931641,186.81500244140625,601370,NVDA,5m
2026-02-19 19:15:00+00:00,186.80999755859372,186.9499969482422,186.75,186.94500732421875,469180,NVDA,5m
2026-02-19 19:20:00+00:00,186.9499969482422,187.00999450683597,186.8300018310547,186.9750061035156,555792,NVDA,5m
2026-02-19 19:25:00+00:00,186.97000122070312,187.05999755859372,186.33030700683597,186.52999877929688,874184,NVDA,5m
2026-02-19 19:30:00+00:00,186.52149963378903,186.8800048828125,186.47999572753903,186.875,718551,NVDA,5m
2026-02-19 19:35:00+00:00,186.875,187.0,186.4600067138672,186.4600067138672,758462,NVDA,5m
2026-02-19 19:40:00+00:00,186.4499969482422,186.7100067138672,186.44000244140625,186.6300048828125,638366,NVDA,5m
2026-02-19 19:45:00+00:00,186.6396026611328,186.6999969482422,186.3625946044922,186.5249938964844,539102,NVDA,5m
2026-02-19 19:50:00+00:00,186.52999877929688,186.6300048828125,186.4949951171875,186.6000061035156,481331,NVDA,5m
2026-02-19 19:55:00+00:00,186.6000061035156,186.72000122070312,186.5500946044922,186.5500946044922,460871,NVDA,5m
2026-02-19 20:00:00+00:00,186.55029296875,187.06500244140625,186.5449981689453,186.9550018310547,810205,NVDA,5m
2026-02-19 20:05:00+00:00,186.9600067138672,186.97000122070312,186.72999572753903,186.74969482421875,549868,NVDA,5m
2026-02-19 20:10:00+00:00,186.75,186.88999938964844,186.7100067138672,186.80999755859372,462325,NVDA,5m
2026-02-19 20:15:00+00:00,186.80999755859372,187.0399932861328,186.7400054931641,187.01950073242188,996092,NVDA,5m
2026-02-19 20:20:00+00:00,187.01499938964844,187.03500366210935,186.8249969482422,186.85499572753903,620661,NVDA,5m
2026-02-19 20:25:00+00:00,186.85499572753903,186.85499572753903,186.66000366210935,186.79510498046875,491640,NVDA,5m
2026-02-19 20:30:00+00:00,186.7899932861328,187.23719787597656,186.72000122070312,187.22000122070312,992416,NVDA,5m
2026-02-19 20:35:00+00:00,187.22900390625,187.2700042724609,187.0399932861328,187.1450042724609,612029,NVDA,5m
2026-02-19 20:40:00+00:00,187.1450042724609,187.2700042724609,186.97999572753903,187.2350006103516,601089,NVDA,5m
2026-02-19 20:45:00+00:00,187.2400054931641,187.60499572753903,187.17999267578125,187.57000732421875,1028393,NVDA,5m
2026-02-19 20:50:00+00:00,187.55999755859372,187.56500244140625,187.25999450683597,187.2899932861328,1028333,NVDA,5m
2026-02-19 20:55:00+00:00,187.3000030517578,187.93899536132807,187.3000030517578,187.88999938964844,2349962,NVDA,5m
2026-02-20 14:30:00+00:00,186.5200042724609,188.0200042724609,185.93780517578125,187.6300048828125,7011395,NVDA,5m
2026-02-20 14:35:00+00:00,187.6300048828125,188.4499969482422,187.4394989013672,188.05999755859372,2201964,NVDA,5m
2026-02-20 14:40:00+00:00,188.06219482421875,188.4499969482422,187.85009765625,188.0679931640625,1529191,NVDA,5m
2026-02-20 14:45:00+00:00,188.05999755859372,188.6999969482422,188.0,188.0200042724609,1880752,NVDA,5m
2026-02-20 14:50:00+00:00,188.0500030517578,188.05999755859372,187.5,187.69970703125,1498458,NVDA,5m
2026-02-20 14:55:00+00:00,187.72000122070312,187.75,187.25999450683597,187.6499938964844,1237920,NVDA,5m
2026-02-20 15:00:00+00:00,187.65499877929688,189.33999633789065,187.3000030517578,187.48849487304688,2984799,NVDA,5m
2026-02-20 15:05:00+00:00,187.4900054931641,187.6092071533203,186.6699981689453,187.4801025390625,2391708,NVDA,5m
2026-02-20 15:10:00+00:00,187.5,187.8600006103516,187.17999267578125,187.2700042724609,1802548,NVDA,5m
2026-02-20 15:15:00+00:00,187.2700042724609,187.7899932861328,186.5800018310547,187.5399932861328,1977528,NVDA,5m
2026-02-20 15:20:00+00:00,187.5500030517578,188.3800048828125,187.4600067138672,188.1100006103516,1802768,NVDA,5m
2026-02-20 15:25:00+00:00,188.1199951171875,188.2700042724609,187.67999267578125,187.81500244140625,1480757,NVDA,5m
2026-02-20 15:30:00+00:00,187.83999633789065,188.02999877929688,187.51499938964844,187.8800048828125,1391818,NVDA,5m
2026-02-20 15:35:00+00:00,187.8800048828125,188.3600006103516,187.65499877929688,188.2749938964844,1409032,NVDA,5m
2026-02-20 15:40:00+00:00,188.2899932861328,189.22999572753903,187.9129943847656,189.20849609375,1884968,NVDA,5m
2026-02-20 15:45:00+00:00,189.1999969482422,189.65499877929688,188.75,189.5016021728516,2100058,NVDA,5m
2026-02-20 15:50:00+00:00,189.52999877929688,190.17999267578125,189.4300994873047,190.05499267578125,2328166,NVDA,5m
2026-02-20 15:55:00+00:00,190.05999755859372,190.1499938964844,189.82000732421875,190.0449981689453,1615527,NVDA,5m
2026-02-20 16:00:00+00:00,190.02999877929688,190.3300018310547,189.83999633789065,189.94009399414065,1968255,NVDA,5m
2026-02-20 16:05:00+00:00,189.92999267578125,189.97999572753903,189.6000061035156,189.6300048828125,1326242,NVDA,5m
2026-02-20 16:10:00+00:00,189.625,189.8999938964844,189.44200134277344,189.5,1168241,NVDA,5m
2026-02-20 16:15:00+00:00,189.50999450683597,189.6300048828125,189.1499938964844,189.22999572753903,1219939,NVDA,5m
2026-02-20 16:20:00+00:00,189.21499633789065,189.21499633789065,188.7700042724609,188.84500122070312,1243989,NVDA,5m
2026-02-20 16:25:00+00:00,188.83999633789065,189.19000244140625,188.57000732421875,188.7949981689453,1416039,NVDA,5m
2026-02-20 16:30:00+00:00,188.7949981689453,189.47999572753903,188.6000061035156,189.33999633789065,1350444,NVDA,5m
2026-02-20 16:35:00+00:00,189.34500122070312,189.6999969482422,189.05999755859372,189.66000366210935,1064031,NVDA,5m
2026-02-20 16:40:00+00:00,189.67999267578125,190.13999938964844,189.5449981689453,189.83009338378903,1476352,NVDA,5m
2026-02-20 16:45:00+00:00,189.8350067138672,190.19000244140625,189.7899932861328,190.06500244140625,1118088,NVDA,5m
2026-02-20 16:50:00+00:00,190.06219482421875,190.1999969482422,189.8500061035156,190.0749969482422,1008696,NVDA,5m
2026-02-20 16:55:00+00:00,190.072998046875,190.16000366210935,189.7400054931641,189.7899932861328,973628,NVDA,5m
2026-02-20 17:00:00+00:00,189.77999877929688,189.8800048828125,189.52999877929688,189.6100006103516,1160856,NVDA,5m
2026-02-20 17:05:00+00:00,189.6199951171875,189.78500366210935,189.4499969482422,189.47650146484372,824417,NVDA,5m
2026-02-20 17:10:00+00:00,189.47999572753903,189.47999572753903,188.7400054931641,188.7698974609375,1189825,NVDA,5m
2026-02-20 17:15:00+00:00,188.76499938964844,188.77999877929688,188.1999969482422,188.34500122070312,1448158,NVDA,5m
2026-02-20 17:20:00+00:00,188.3500061035156,188.47999572753903,187.83999633789065,187.860107421875,1396402,NVDA,5m
2026-02-20 17:25:00+00:00,187.8650054931641,187.94000244140625,187.6300048828125,187.94000244140625,1462058,NVDA,5m
2026-02-20 17:30:00+00:00,187.93499755859372,188.7100067138672,187.8600006103516,188.5749969482422,1591245,NVDA,5m
2026-02-20 17:35:00+00:00,188.5749969482422,188.6699981689453,187.97000122070312,188.3800048828125,1322522,NVDA,5m
2026-02-20 17:40:00+00:00,188.3701019287109,188.4698944091797,188.0399932861328,188.17999267578125,913264,NVDA,5m
2026-02-20 17:45:00+00:00,188.19000244140625,188.5399932861328,187.97000122070312,188.42999267578125,1040977,NVDA,5m
2026-02-20 17:50:00+00:00,188.42999267578125,188.7700042724609,188.3000030517578,188.64649963378903,986716,NVDA,5m
2026-02-20 17:55:00+00:00,188.6300048828125,188.7700042724609,188.1000061035156,188.72000122070312,1090586,NVDA,5m
2026-02-20 18:00:00+00:00,188.69000244140625,188.85980224609372,188.5,188.58999633789065,850557,NVDA,5m
2026-02-20 18:05:00+00:00,188.59950256347656,188.97999572753903,188.50999450683597,188.88999938964844,820524,NVDA,5m
2026-02-20 18:10:00+00:00,188.90499877929688,188.91000366210935,188.58999633789065,188.68499755859372,727052,NVDA,5m
2026-02-20 18:15:00+00:00,188.69000244140625,188.69729614257807,188.2826995849609,188.43499755859372,765389,NVDA,5m
2026-02-20 18:20:00+00:00,188.43499755859372,188.72000122070312,188.16000366210935,188.7050018310547,965234,NVDA,5m
2026-02-20 18:25:00+00:00,188.7100067138672,188.8800048828125,188.3500061035156,188.67999267578125,851974,NVDA,5m
2026-02-20 18:30:00+00:00,188.6999969482422,189.5500030517578,188.3300018310547,189.16000366210935,1500901,NVDA,5m
2026-02-20 18:35:00+00:00,189.1699981689453,189.32000732421875,188.527099609375,189.0500030517578,1591800,NVDA,5m
2026-02-20 18:40:00+00:00,189.0399932861328,189.4687957763672,189.02999877929688,189.44000244140625,938448,NVDA,5m
2026-02-20 18:45:00+00:00,189.41000366210935,189.8500061035156,189.41000366210935,189.65499877929688,1207362,NVDA,5m
2026-02-20 18:50:00+00:00,189.6510009765625,189.84500122070312,189.3000030517578,189.83999633789065,954502,NVDA,5m
2026-02-20 18:55:00+00:00,189.83999633789065,189.9199981689453,189.6699981689453,189.81260681152344,738196,NVDA,5m
2026-02-20 19:00:00+00:00,189.8300018310547,190.08999633789065,189.7749938964844,189.97000122070312,993794,NVDA,5m
2026-02-20 19:05:00+00:00,189.9850006103516,190.0334930419922,189.66000366210935,189.78500366210935,853686,NVDA,5m
2026-02-20 19:10:00+00:00,189.78500366210935,189.8500061035156,189.5449981689453,189.58999633789065,705059,NVDA,5m
2026-02-20 19:15:00+00:00,189.58999633789065,189.7899932861328,189.5,189.69000244140625,636910,NVDA,5m
2026-02-20 19:20:00+00:00,189.6999969482422,189.8650054931641,189.6199951171875,189.75,529332,NVDA,5m
2026-02-20 19:25:00+00:00,189.76499938964844,189.78500366210935,189.2350006103516,189.3650054931641,882591,NVDA,5m
2026-02-20 19:30:00+00:00,189.3600006103516,189.5249938964844,189.1699981689453,189.20269775390625,830806,NVDA,5m
2026-02-20 19:35:00+00:00,189.2100067138672,189.2400054931641,189.0,189.07899475097656,851423,NVDA,5m
2026-02-20 19:40:00+00:00,189.0800018310547,189.17999267578125,188.94000244140625,189.03500366210935,631126,NVDA,5m
2026-02-20 19:45:00+00:00,189.0449981689453,189.1999969482422,188.9600067138672,189.1999969482422,652106,NVDA,5m
2026-02-20 19:50:00+00:00,189.1699981689453,189.51499938964844,189.15499877929688,189.3500061035156,797149,NVDA,5m
2026-02-20 19:55:00+00:00,189.3600006103516,189.44970703125,189.12649536132807,189.26510620117188,681599,NVDA,5m
2026-02-20 20:00:00+00:00,189.2700042724609,189.63999938964844,189.1999969482422,189.57000732421875,799209,NVDA,5m
2026-02-20 20:05:00+00:00,189.5500030517578,189.8800048828125,189.54010009765625,189.75999450683597,854186,NVDA,5m
2026-02-20 20:10:00+00:00,189.75999450683597,189.88999938964844,189.67999267578125,189.7250061035156,646044,NVDA,5m
2026-02-20 20:15:00+00:00,189.72999572753903,189.8300018310547,189.531494140625,189.63499450683597,778899,NVDA,5m
2026-02-20 20:20:00+00:00,189.63999938964844,189.66009521484372,189.3999938964844,189.43499755859372,726547,NVDA,5m
2026-02-20 20:25:00+00:00,189.44000244140625,189.5299072265625,189.3600006103516,189.4199981689453,549837,NVDA,5m
2026-02-20 20:30:00+00:00,189.42999267578125,189.57000732421875,189.3699951171875,189.50999450683597,688038,NVDA,5m
2026-02-20 20:35:00+00:00,189.50999450683597,189.8950042724609,189.50999450683597,189.84739685058597,744693,NVDA,5m
2026-02-20 20:40:00+00:00,189.84500122070312,189.9499969482422,189.80499267578125,189.8300018310547,847234,NVDA,5m
2026-02-20 20:45:00+00:00,189.8300018310547,189.9499969482422,189.75999450683597,189.78500366210935,896933,NVDA,5m
2026-02-20 20:50:00+00:00,189.7899932861328,190.0,189.55999755859372,189.82000732421875,1522850,NVDA,5m
2026-02-20 20:55:00+00:00,189.80999755859372,189.94000244140625,189.6100006103516,189.8300018310547,2919698,NVDA,5m
2026-02-23 14:30:00+00:00,191.44500732421875,193.9499969482422,191.32000732421875,193.07000732421875,16130127,NVDA,5m
2026-02-23 14:35:00+00:00,193.05999755859372,193.39930725097656,192.2899932861328,193.27999877929688,0,NVDA,5m
2026-02-23 14:40:00+00:00,193.2700042724609,193.2700042724609,192.1100006103516,192.33999633789065,11021479,NVDA,5m
2026-02-23 14:45:00+00:00,192.34500122070312,192.77999877929688,192.02999877929688,192.53500366210935,0,NVDA,5m
2026-02-23 14:50:00+00:00,192.5249938964844,193.39700317382807,192.42999267578125,192.97999572753903,2448742,NVDA,5m
2026-02-23 14:55:00+00:00,192.97000122070312,193.33999633789065,192.59500122070312,193.1000061035156,2066389,NVDA,5m
2026-02-23 15:00:00+00:00,193.1100006103516,193.4600067138672,192.3000030517578,192.4550018310547,2199656,NVDA,5m
2026-02-23 15:05:00+00:00,192.4600067138672,192.53500366210935,191.5,191.72000122070312,15901997,NVDA,5m
2026-02-23 15:10:00+00:00,191.71499633789065,192.1649932861328,191.0800018310547,191.4949951171875,0,NVDA,5m
2026-02-23 15:15:00+00:00,191.4900054931641,191.6000061035156,190.9199981689453,191.38999938964844,1992354,NVDA,5m
2026-02-23 15:20:00+00:00,191.3999938964844,191.8500061035156,191.0800018310547,191.74989318847656,1781128,NVDA,5m
2026-02-23 15:25:00+00:00,191.75999450683597,191.75999450683597,191.2400054931641,191.32000732421875,1161042,NVDA,5m
2026-02-23 15:30:00+00:00,191.3300018310547,191.6696014404297,190.9199981689453,190.93499755859372,1849605,NVDA,5m
2026-02-23 15:35:00+00:00,190.9250030517578,191.33999633789065,190.7803955078125,191.2550048828125,1371873,NVDA,5m
2026-02-23 15:40:00+00:00,191.22000122070312,191.3699951171875,191.07000732421875,191.2449951171875,1165142,NVDA,5m
2026-02-23 15:45:00+00:00,191.2449951171875,191.47000122070312,190.8999938964844,191.2998962402344,1202511,NVDA,5m
2026-02-23 15:50:00+00:00,191.2899932861328,191.4750061035156,190.63499450683597,190.6800994873047,1480814,NVDA,5m
2026-02-23 15:55:00+00:00,190.68499755859372,190.71499633789065,190.1800994873047,190.22000122070312,1814952,NVDA,5m
2026-02-23 16:00:00+00:00,190.22999572753903,190.38999938964844,189.6201019287109,189.8699951171875,1839754,NVDA,5m
2026-02-23 16:05:00+00:00,189.8699951171875,190.02999877929688,189.5749969482422,189.94000244140625,1561734,NVDA,5m
2026-02-23 16:10:00+00:00,189.9300994873047,190.2400054931641,189.7825927734375,189.9750061035156,1414135,NVDA,5m
2026-02-23 16:15:00+00:00,189.97999572753903,190.13999938964844,189.64010620117188,190.1100006103516,1338572,NVDA,5m
2026-02-23 16:20:00+00:00,190.1100006103516,190.2899932861328,189.8500061035156,189.9600067138672,1379531,NVDA,5m
2026-02-23 16:25:00+00:00,189.94940185546875,190.55999755859372,189.92999267578125,190.49659729003903,1325630,NVDA,5m
2026-02-23 16:30:00+00:00,190.4900054931641,190.93980407714844,190.42230224609372,190.9369964599609,1492999,NVDA,5m
2026-02-23 16:35:00+00:00,190.94000244140625,191.0,190.6699981689453,190.8551025390625,1156572,NVDA,5m
2026-02-23 16:40:00+00:00,190.8500061035156,191.21499633789065,190.8000030517578,191.21499633789065,26392253,NVDA,5m
2026-02-23 16:45:00+00:00,191.2100067138672,191.32000732421875,190.91000366210935,191.2100982666016,0,NVDA,5m
2026-02-23 16:50:00+00:00,191.22000122070312,191.25999450683597,190.91000366210935,190.9550018310547,952208,NVDA,5m
2026-02-23 16:55:00+00:00,190.9600067138672,191.0749969482422,190.6199951171875,190.69500732421875,975344,NVDA,5m
2026-02-23 17:00:00+00:00,190.69000244140625,191.07000732421875,190.66000366210935,190.88499450683597,984338,NVDA,5m
2026-02-23 17:05:00+00:00,190.8800048828125,190.9900054931641,190.75,190.8950042724609,810424,NVDA,5m
2026-02-23 17:10:00+00:00,190.88499450683597,191.0,190.7935028076172,190.90499877929688,712638,NVDA,5m
2026-02-23 17:15:00+00:00,190.8999938964844,191.19000244140625,190.8600006103516,190.89010620117188,856453,NVDA,5m
2026-02-23 17:20:00+00:00,190.88999938964844,191.0200042724609,190.7899932861328,190.94500732421875,651031,NVDA,5m
2026-02-23 17:25:00+00:00,190.9499969482422,191.1000061035156,190.91000366210935,190.9499969482422,614515,NVDA,5m
2026-02-23 17:30:00+00:00,190.94000244140625,190.97000122070312,190.66000366210935,190.6699981689453,652819,NVDA,5m
2026-02-23 17:35:00+00:00,190.6699981689453,190.6699981689453,189.83999633789065,189.92010498046875,1559083,NVDA,5m
2026-02-23 17:40:00+00:00,189.9250030517578,190.2100067138672,189.7250061035156,190.05999755859372,1215588,NVDA,5m
2026-02-23 17:45:00+00:00,190.05999755859372,190.33999633789065,190.0200042724609,190.0225067138672,1021149,NVDA,5m
2026-02-23 17:50:00+00:00,190.0200042724609,190.8600006103516,189.97999572753903,190.8500061035156,1265349,NVDA,5m
2026-02-23 17:55:00+00:00,190.85989379882807,191.27999877929688,190.7899932861328,191.03500366210935,1214208,NVDA,5m
2026-02-23 18:00:00+00:00,191.0449981689453,191.1999969482422,190.87989807128903,191.0998992919922,822164,NVDA,5m
2026-02-23 18:05:00+00:00,191.08999633789065,191.22000122070312,190.9499969482422,191.125,859114,NVDA,5m
2026-02-23 18:10:00+00:00,191.1300048828125,191.2100067138672,190.92999267578125,191.19500732421875,740676,NVDA,5m
2026-02-23 18:15:00+00:00,191.19500732421875,191.4499969482422,191.1499938964844,191.17999267578125,33244069,NVDA,5m
2026-02-23 18:20:00+00:00,191.18499755859372,191.7400054931641,191.1100006103516,191.7050018310547,0,NVDA,5m
2026-02-23 18:25:00+00:00,191.6999969482422,191.6999969482422,191.3999938964844,191.4600067138672,927986,NVDA,5m
2026-02-23 18:30:00+00:00,191.45590209960935,191.5749969482422,191.2700042724609,191.4850006103516,862905,NVDA,5m
2026-02-23 18:35:00+00:00,191.4850006103516,191.66000366210935,191.40499877929688,191.55450439453125,752593,NVDA,5m
2026-02-23 18:40:00+00:00,191.55999755859372,191.6300048828125,191.4199981689453,191.5,702060,NVDA,5m
2026-02-23 18:45:00+00:00,191.50999450683597,191.75,191.4499969482422,191.60499572753903,707163,NVDA,5m
2026-02-23 18:50:00+00:00,191.60499572753903,191.67999267578125,191.32000732421875,191.32000732421875,737598,NVDA,5m
2026-02-23 18:55:00+00:00,191.31500244140625,191.33999633789065,190.77999877929688,190.8999938964844,1121063,NVDA,5m
2026-02-23 19:00:00+00:00,190.9199981689453,191.0800018310547,190.7700042724609,190.9998016357422,916931,NVDA,5m
2026-02-23 19:05:00+00:00,190.9969940185547,191.2570037841797,190.9850006103516,191.06500244140625,807140,NVDA,5m
2026-02-23 19:10:00+00:00,191.06500244140625,191.1699981689453,190.97999572753903,191.0500030517578,36270379,NVDA,5m
2026-02-23 19:15:00+00:00,191.0399932861328,191.08999633789065,190.625,190.9600067138672,1345562,NVDA,5m
2026-02-23 19:20:00+00:00,190.9600067138672,191.0399932861328,190.8699951171875,190.97000122070312,0,NVDA,5m
2026-02-23 19:25:00+00:00,190.97000122070312,190.97000122070312,190.57000732421875,190.5800018310547,693768,NVDA,5m
2026-02-23 19:30:00+00:00,190.57000732421875,190.7749938964844,190.4700927734375,190.4900054931641,697194,NVDA,5m
2026-02-23 19:35:00+00:00,190.4850006103516,190.75999450683597,190.47999572753903,190.6800994873047,739581,NVDA,5m
2026-02-23 19:40:00+00:00,190.69650268554688,190.82000732421875,190.30999755859372,190.60499572753903,1007010,NVDA,5m
2026-02-23 19:45:00+00:00,190.60130310058597,190.6150054931641,190.19000244140625,190.44000244140625,995416,NVDA,5m
2026-02-23 19:50:00+00:00,190.44000244140625,190.59500122070312,190.3800048828125,190.46499633789065,784311,NVDA,5m
2026-02-23 19:55:00+00:00,190.4600067138672,190.8300018310547,190.32000732421875,190.47999572753903,1140125,NVDA,5m
2026-02-23 20:00:00+00:00,190.47999572753903,190.6699981689453,190.4149932861328,190.47059631347656,668983,NVDA,5m
2026-02-23 20:05:00+00:00,190.47999572753903,190.5399932861328,190.2899932861328,190.3500061035156,647925,NVDA,5m
2026-02-23 20:10:00+00:00,190.3470001220703,190.3600006103516,190.22999572753903,190.31350708007807,661136,NVDA,5m
2026-02-23 20:15:00+00:00,190.30999755859372,190.5850067138672,190.2615966796875,190.55999755859372,879484,NVDA,5m
2026-02-23 20:20:00+00:00,190.5518035888672,190.69500732421875,190.4199981689453,190.68499755859372,835888,NVDA,5m
2026-02-23 20:25:00+00:00,190.69000244140625,190.9499969482422,190.65499877929688,190.88999938964844,1146342,NVDA,5m
2026-02-23 20:30:00+00:00,190.88999938964844,191.47999572753903,190.8699951171875,191.2949981689453,1388503,NVDA,5m
2026-02-23 20:35:00+00:00,191.3000030517578,191.32000732421875,190.88999938964844,190.9799041748047,1274156,NVDA,5m
2026-02-23 20:40:00+00:00,190.9750061035156,191.0200042724609,190.6499938964844,190.92999267578125,1067983,NVDA,5m
2026-02-23 20:45:00+00:00,190.92999267578125,191.27999877929688,190.75999450683597,191.25,1366246,NVDA,5m
2026-02-23 20:50:00+00:00,191.25,191.5,191.07899475097656,191.1300048828125,1883598,NVDA,5m
2026-02-23 20:55:00+00:00,191.1199951171875,191.6499938964844,190.91000366210935,191.6100006103516,3773095,NVDA,5m
2026-02-24 14:30:00+00:00,191.48500061035156,192.07000732421875,188.22000122070312,188.64999389648438,8581275,NVDA,5m
2026-02-24 14:35:00+00:00,188.66000366210938,189.38999938964844,187.39999389648438,189.0449981689453,4821762,NVDA,5m
2026-02-24 14:40:00+00:00,189.02000427246094,190.25,189.02000427246094,190.25,3015420,NVDA,5m
2026-02-24 14:45:00+00:00,190.25999450683594,190.50999450683594,189.8300018310547,190.1649932861328,2378903,NVDA,5m
2026-02-24 14:50:00+00:00,190.15499877929688,190.5,189.89500427246094,190.0800018310547,1826032,NVDA,5m
2026-02-24 14:55:00+00:00,190.05999755859375,190.0800018310547,189.4499969482422,189.75,1695559,NVDA,5m
2026-02-24 15:00:00+00:00,189.72999572753906,190.50999450683594,189.55999755859375,190.2830047607422,1743364,NVDA,5m
2026-02-24 15:05:00+00:00,190.27999877929688,190.97000122070312,190.21009826660156,190.82000732421875,1836548,NVDA,5m
2026-02-24 15:10:00+00:00,190.8300018310547,191.27999877929688,190.55999755859375,190.80999755859375,1522645,NVDA,5m
2026-02-24 15:15:00+00:00,190.8199005126953,191.10000610351562,190.5399932861328,190.82000732421875,1246190,NVDA,5m
2026-02-24 15:20:00+00:00,190.82000732421875,191.6199951171875,190.76060485839844,191.57000732421875,18003946,NVDA,5m
2026-02-24 15:25:00+00:00,191.57000732421875,192.05499267578125,191.41000366210938,192.00999450683594,0,NVDA,5m
2026-02-24 15:30:00+00:00,192.0,192.11500549316406,191.76199340820312,192.02000427246094,1389231,NVDA,5m
2026-02-24 15:35:00+00:00,192.0,192.11940002441406,191.77000427246094,191.85000610351562,1229630,NVDA,5m
2026-02-24 15:40:00+00:00,191.83999633789062,192.0399932861328,191.71499633789062,191.9149932861328,1051975,NVDA,5m
2026-02-24 15:45:00+00:00,191.90499877929688,192.6999969482422,191.81869506835938,192.6199951171875,1653667,NVDA,5m
2026-02-24 15:50:00+00:00,192.61000061035156,192.62710571289062,192.14999389648438,192.25750732421875,1735979,NVDA,5m
2026-02-24 15:55:00+00:00,192.25999450683594,192.32000732421875,192.05999755859375,192.1999969482422,1100295,NVDA,5m
2026-02-24 16:00:00+00:00,192.1999969482422,192.58999633789062,192.10000610351562,192.52499389648438,1599678,NVDA,5m
2026-02-24 16:05:00+00:00,192.5207061767578,192.66000366210938,192.3300018310547,192.57000732421875,1292716,NVDA,5m
2026-02-24 16:10:00+00:00,192.57000732421875,193.10000610351562,192.36000061035156,193.03500366210938,1715832,NVDA,5m
2026-02-24 16:15:00+00:00,193.03500366210938,193.25,192.4597930908203,192.46969604492188,1590589,NVDA,5m
2026-02-24 16:20:00+00:00,192.4600067138672,192.4669952392578,191.97999572753906,192.1999969482422,26106783,NVDA,5m
2026-02-24 16:25:00+00:00,192.1929931640625,192.5800018310547,192.0500030517578,192.14999389648438,0,NVDA,5m
2026-02-24 16:30:00+00:00,192.1501007080078,192.2100067138672,191.9149932861328,191.97000122070312,919645,NVDA,5m
2026-02-24 16:35:00+00:00,191.9705047607422,192.1699981689453,191.92999267578125,192.0500030517578,839619,NVDA,5m
2026-02-24 16:40:00+00:00,192.0399932861328,192.13009643554688,191.8800048828125,192.02000427246094,757403,NVDA,5m
2026-02-24 16:45:00+00:00,192.01499938964844,192.34500122070312,192.0,192.30999755859375,1011893,NVDA,5m
2026-02-24 16:50:00+00:00,192.3000030517578,193.13999938964844,192.25,193.10000610351562,1326867,NVDA,5m
2026-02-24 16:55:00+00:00,193.09500122070312,193.35000610351562,192.91000366210938,192.9199981689453,1523046,NVDA,5m
2026-02-24 17:00:00+00:00,192.92999267578125,193.0500030517578,192.8000030517578,192.9199981689453,1020114,NVDA,5m
2026-02-24 17:05:00+00:00,192.9149932861328,193.52999877929688,192.9149932861328,193.48980712890625,1407361,NVDA,5m
2026-02-24 17:10:00+00:00,193.47500610351562,193.75,193.4600067138672,193.5399932861328,1637787,NVDA,5m
2026-02-24 17:15:00+00:00,193.52999877929688,193.64999389648438,193.25999450683594,193.3195037841797,974439,NVDA,5m
2026-02-24 17:20:00+00:00,193.30999755859375,193.4199981689453,193.1699981689453,193.19540405273438,744635,NVDA,5m
2026-02-24 17:25:00+00:00,193.1999969482422,193.61000061035156,193.19000244140625,193.23500061035156,1100944,NVDA,5m
2026-02-24 17:30:00+00:00,193.23989868164062,193.4600067138672,193.1199951171875,193.375,760973,NVDA,5m
2026-02-24 17:35:00+00:00,193.3800048828125,193.60000610351562,193.36000061035156,193.375,757697,NVDA,5m
2026-02-24 17:40:00+00:00,193.3699951171875,193.422607421875,193.19000244140625,193.2550048828125,671588,NVDA,5m
2026-02-24 17:45:00+00:00,193.25,193.3350067138672,193.0041961669922,193.27999877929688,986197,NVDA,5m
2026-02-24 17:50:00+00:00,193.27999877929688,193.32000732421875,193.13999938964844,193.25979614257812,613388,NVDA,5m
2026-02-24 17:55:00+00:00,193.2550048828125,193.2899932861328,193.0800018310547,193.10000610351562,596876,NVDA,5m
2026-02-24 18:00:00+00:00,193.08999633789062,193.41000366210938,193.0800018310547,193.36000061035156,708717,NVDA,5m
2026-02-24 18:05:00+00:00,193.35499572753906,193.35499572753906,193.17999267578125,193.23500061035156,34337675,NVDA,5m
2026-02-24 18:10:00+00:00,193.24000549316406,193.35000610351562,193.1999969482422,193.27999877929688,0,NVDA,5m
2026-02-24 18:15:00+00:00,193.27499389648438,193.35499572753906,193.25,193.30999755859375,427439,NVDA,5m
2026-02-24 18:20:00+00:00,193.30999755859375,193.42999267578125,193.13999938964844,193.1649932861328,722436,NVDA,5m
2026-02-24 18:25:00+00:00,193.16000366210938,193.1699981689453,192.8800048828125,192.94009399414062,868118,NVDA,5m
2026-02-24 18:30:00+00:00,192.94500732421875,192.9600067138672,192.8000030517578,192.88999938964844,629372,NVDA,5m
2026-02-24 18:35:00+00:00,192.8800048828125,193.0800018310547,192.7100067138672,193.05499267578125,838070,NVDA,5m
2026-02-24 18:40:00+00:00,193.05499267578125,193.08999633789062,192.91000366210938,192.94500732421875,519751,NVDA,5m
2026-02-24 18:45:00+00:00,192.9550018310547,193.02000427246094,192.61000061035156,192.7100067138672,755923,NVDA,5m
2026-02-24 18:50:00+00:00,192.7100067138672,192.81019592285156,192.57000732421875,192.61500549316406,792234,NVDA,5m
2026-02-24 18:55:00+00:00,192.61500549316406,192.82000732421875,192.52000427246094,192.61500549316406,715807,NVDA,5m
2026-02-24 19:00:00+00:00,192.6199951171875,192.7899932861328,192.46499633789062,192.67999267578125,696504,NVDA,5m
2026-02-24 19:05:00+00:00,192.6750030517578,192.7899932861328,192.52000427246094,192.73500061035156,725266,NVDA,5m
2026-02-24 19:10:00+00:00,192.73500061035156,192.8300018310547,192.5449981689453,192.65499877929688,687050,NVDA,5m
2026-02-24 19:15:00+00:00,192.65499877929688,192.66000366210938,192.27000427246094,192.47000122070312,763740,NVDA,5m
2026-02-24 19:20:00+00:00,192.47000122070312,192.55999755859375,192.35000610351562,192.4600067138672,654184,NVDA,5m
2026-02-24 19:25:00+00:00,192.47000122070312,192.5699005126953,192.16000366210938,192.42999267578125,866483,NVDA,5m
2026-02-24 19:30:00+00:00,192.43499755859375,192.7449951171875,192.4001007080078,192.62359619140625,800993,NVDA,5m
2026-02-24 19:35:00+00:00,192.6300048828125,192.6999969482422,192.57000732421875,192.6199951171875,531368,NVDA,5m
2026-02-24 19:40:00+00:00,192.6199951171875,192.77000427246094,192.47999572753906,192.54299926757812,703954,NVDA,5m
2026-02-24 19:45:00+00:00,192.5449981689453,192.91000366210938,192.49000549316406,192.8699951171875,775507,NVDA,5m
2026-02-24 19:50:00+00:00,192.8719940185547,193.0500030517578,192.64999389648438,192.6649932861328,1085422,NVDA,5m
2026-02-24 19:55:00+00:00,192.66000366210938,192.8699951171875,192.61000061035156,192.72000122070312,914337,NVDA,5m
2026-02-24 20:00:00+00:00,192.72979736328125,192.80999755859375,192.58999633789062,192.71499633789062,41351541,NVDA,5m
2026-02-24 20:05:00+00:00,192.72000122070312,192.79969787597656,192.57000732421875,192.59300231933594,0,NVDA,5m
2026-02-24 20:10:00+00:00,192.60000610351562,192.78500366210938,192.53500366210938,192.6999053955078,782932,NVDA,5m
2026-02-24 20:15:00+00:00,192.69700622558594,192.97999572753906,192.58999633789062,192.97000122070312,891104,NVDA,5m
2026-02-24 20:20:00+00:00,192.9600067138672,192.98500061035156,192.8300018310547,192.89500427246094,721621,NVDA,5m
2026-02-24 20:25:00+00:00,192.89500427246094,192.94000244140625,192.72999572753906,192.78500366210938,822958,NVDA,5m
2026-02-24 20:30:00+00:00,192.7899932861328,192.99000549316406,192.78500366210938,192.9250030517578,863001,NVDA,5m
2026-02-24 20:35:00+00:00,192.9199981689453,193.02000427246094,192.8419952392578,192.94000244140625,856567,NVDA,5m
2026-02-24 20:40:00+00:00,192.94500732421875,193.19000244140625,192.9044952392578,193.17999267578125,1044817,NVDA,5m
2026-02-24 20:45:00+00:00,193.1750030517578,193.60000610351562,193.16000366210938,193.48289489746094,1562304,NVDA,5m
2026-02-24 20:50:00+00:00,193.49000549316406,193.77000427246094,193.1300048828125,193.47999572753906,2167752,NVDA,5m
2026-02-24 20:55:00+00:00,193.47999572753906,193.47999572753906,192.66000366210938,192.8699951171875,3676081,NVDA,5m
2026-02-25 14:30:00+00:00,194.47000122070312,195.0,194.02999877929688,194.07000732421875,7856915,NVDA,5m
2026-02-25 14:35:00+00:00,194.0800018310547,194.64990234375,193.8000030517578,194.39990234375,3071117,NVDA,5m
2026-02-25 14:40:00+00:00,194.39500427246094,194.8300018310547,194.17999267578125,194.639892578125,2533625,NVDA,5m
2026-02-25 14:45:00+00:00,194.6199951171875,195.0,194.50999450683594,194.8350067138672,2238096,NVDA,5m
2026-02-25 14:50:00+00:00,194.83999633789062,195.8699951171875,194.7550048828125,195.7803955078125,4228883,NVDA,5m
2026-02-25 14:55:00+00:00,195.77999877929688,195.9600067138672,195.22999572753906,195.83999633789062,2667354,NVDA,5m
2026-02-25 15:00:00+00:00,195.8300018310547,196.3679962158203,195.82000732421875,196.27000427246094,3172051,NVDA,5m
2026-02-25 15:05:00+00:00,196.27999877929688,196.55999755859375,196.13009643554688,196.13009643554688,2596712,NVDA,5m
2026-02-25 15:10:00+00:00,196.1363067626953,196.22999572753906,195.55999755859375,195.5749969482422,2478607,NVDA,5m
2026-02-25 15:15:00+00:00,195.5749969482422,195.72999572753906,195.14999389648438,195.39639282226562,2225744,NVDA,5m
2026-02-25 15:20:00+00:00,195.39450073242188,195.82000732421875,195.22030639648438,195.55999755859375,2330176,NVDA,5m
2026-02-25 15:25:00+00:00,195.57000732421875,196.0500030517578,195.55999755859375,196.04510498046875,20105426,NVDA,5m
2026-02-25 15:30:00+00:00,196.04010009765625,196.14999389648438,195.64999389648438,195.67999267578125,0,NVDA,5m
2026-02-25 15:35:00+00:00,195.68499755859375,195.8699951171875,195.5,195.7899932861328,1678596,NVDA,5m
2026-02-25 15:40:00+00:00,195.78500366210938,195.94000244140625,195.66000366210938,195.66510009765625,1016184,NVDA,5m
2026-02-25 15:45:00+00:00,195.66769409179688,195.85000610351562,195.5,195.82000732421875,1022157,NVDA,5m
2026-02-25 15:50:00+00:00,195.82510375976562,196.2277069091797,195.75,196.0655059814453,1649897,NVDA,5m
2026-02-25 15:55:00+00:00,196.06500244140625,196.32000732421875,196.04510498046875,196.2100067138672,1454682,NVDA,5m
2026-02-25 16:00:00+00:00,196.2100067138672,196.30999755859375,196.0800018310547,196.16009521484375,1207305,NVDA,5m
2026-02-25 16:05:00+00:00,196.16000366210938,196.5800018310547,196.1112060546875,196.5601043701172,1596432,NVDA,5m
2026-02-25 16:10:00+00:00,196.5605010986328,196.6199951171875,196.35000610351562,196.52999877929688,1400956,NVDA,5m
2026-02-25 16:15:00+00:00,196.52499389648438,196.54930114746094,196.0749969482422,196.15020751953125,1264524,NVDA,5m
2026-02-25 16:20:00+00:00,196.13499450683594,196.27000427246094,195.80999755859375,196.23500061035156,1526672,NVDA,5m
2026-02-25 16:25:00+00:00,196.23500061035156,196.47000122070312,196.0800018310547,196.33999633789062,1252301,NVDA,5m
2026-02-25 16:30:00+00:00,196.3300018310547,196.67990112304688,196.3300018310547,196.50010681152344,1525389,NVDA,5m
2026-02-25 16:35:00+00:00,196.50399780273438,197.08999633789062,196.5,197.02499389648438,30547029,NVDA,5m
2026-02-25 16:40:00+00:00,197.02000427246094,197.14999389648438,196.9499969482422,197.08999633789062,0,NVDA,5m
2026-02-25 16:45:00+00:00,197.10000610351562,197.32000732421875,196.9600067138672,197.02499389648438,1872517,NVDA,5m
2026-02-25 16:50:00+00:00,197.02499389648438,197.1699981689453,196.97999572753906,197.03500366210938,1166217,NVDA,5m
2026-02-25 16:55:00+00:00,197.02659606933594,197.09500122070312,196.8699951171875,197.0601043701172,1068579,NVDA,5m
2026-02-25 17:00:00+00:00,197.06500244140625,197.1999969482422,196.86500549316406,197.02000427246094,1255182,NVDA,5m
2026-02-25 17:05:00+00:00,197.02969360351562,197.4600067138672,197.02499389648438,197.35000610351562,1590286,NVDA,5m
2026-02-25 17:10:00+00:00,197.3300018310547,197.5800018310547,197.3000030517578,197.5299072265625,1398233,NVDA,5m
2026-02-25 17:15:00+00:00,197.52499389648438,197.62989807128906,197.25999450683594,197.53500366210938,1269727,NVDA,5m
2026-02-25 17:20:00+00:00,197.52999877929688,197.6199951171875,197.44000244140625,197.55499267578125,1058480,NVDA,5m
2026-02-25 17:25:00+00:00,197.5449981689453,197.58999633789062,197.27000427246094,197.36000061035156,1181207,NVDA,5m
2026-02-25 17:30:00+00:00,197.35009765625,197.52999877929688,197.2100067138672,197.22500610351562,1016868,NVDA,5m
2026-02-25 17:35:00+00:00,197.22369384765625,197.39999389648438,197.19500732421875,197.3350067138672,812275,NVDA,5m
2026-02-25 17:40:00+00:00,197.3350067138672,197.3800048828125,197.25,197.35499572753906,734133,NVDA,5m
2026-02-25 17:45:00+00:00,197.36000061035156,197.39999389648438,197.17999267578125,197.27450561523438,36531668,NVDA,5m
2026-02-25 17:50:00+00:00,197.27499389648438,197.3000030517578,197.11000061035156,197.12730407714844,0,NVDA,5m
2026-02-25 17:55:00+00:00,197.1199951171875,197.1999969482422,197.0399932861328,197.07000732421875,771351,NVDA,5m
2026-02-25 18:00:00+00:00,197.0800018310547,197.1699981689453,196.7899932861328,196.86000061035156,1138569,NVDA,5m
2026-02-25 18:05:00+00:00,196.85499572753906,196.94000244140625,196.75,196.78619384765625,874511,NVDA,5m
2026-02-25 18:10:00+00:00,196.78500366210938,196.89999389648438,196.75,196.80990600585938,887102,NVDA,5m
2026-02-25 18:15:00+00:00,196.80299377441406,196.83999633789062,196.6199951171875,196.6750030517578,939670,NVDA,5m
2026-02-25 18:20:00+00:00,196.6750030517578,196.74000549316406,196.60499572753906,196.68370056152344,748568,NVDA,5m
2026-02-25 18:25:00+00:00,196.6898956298828,196.83999633789062,196.6634979248047,196.7299041748047,39012209,NVDA,5m
2026-02-25 18:30:00+00:00,196.72500610351562,196.8000030517578,196.67999267578125,196.7465057373047,0,NVDA,5m
2026-02-25 18:35:00+00:00,196.74000549316406,196.82000732421875,196.4810028076172,196.5449981689453,1135578,NVDA,5m
2026-02-25 18:40:00+00:00,196.5399932861328,196.8000030517578,196.51499938964844,196.7100067138672,878978,NVDA,5m
2026-02-25 18:45:00+00:00,196.71499633789062,196.77999877929688,196.66000366210938,196.72999572753906,672276,NVDA,5m
2026-02-25 18:50:00+00:00,196.72500610351562,196.74000549316406,196.5850067138672,196.6602020263672,40238490,NVDA,5m
2026-02-25 18:55:00+00:00,196.66510009765625,196.72999572753906,196.5800018310547,196.625,0,NVDA,5m
2026-02-25 19:00:00+00:00,196.6199951171875,196.99000549316406,196.61000061035156,196.94500732421875,1120449,NVDA,5m
2026-02-25 19:05:00+00:00,196.94500732421875,197.13999938964844,196.86000061035156,197.11000061035156,1397061,NVDA,5m
2026-02-25 19:10:00+00:00,197.10499572753906,197.22999572753906,197.06370544433594,197.17990112304688,977794,NVDA,5m
2026-02-25 19:15:00+00:00,197.1750030517578,197.4499969482422,197.16000366210938,197.4248046875,1188133,NVDA,5m
2026-02-25 19:20:00+00:00,197.42999267578125,197.43499755859375,197.1999969482422,197.2550048828125,1052616,NVDA,5m
2026-02-25 19:25:00+00:00,197.2550048828125,197.3000030517578,197.05999755859375,197.0998992919922,979984,NVDA,5m
2026-02-25 19:30:00+00:00,197.08900451660156,197.27999877929688,196.97000122070312,197.03509521484375,1257726,NVDA,5m
2026-02-25 19:35:00+00:00,197.0050048828125,197.2550048828125,196.89999389648438,197.19500732421875,1061191,NVDA,5m
2026-02-25 19:40:00+00:00,197.19500732421875,197.25999450683594,197.10000610351562,197.18499755859375,896232,NVDA,5m
2026-02-25 19:45:00+00:00,197.17999267578125,197.27999877929688,197.07000732421875,197.23500061035156,886957,NVDA,5m
2026-02-25 19:50:00+00:00,197.23500061035156,197.3300018310547,197.1300048828125,197.30630493164062,1012570,NVDA,5m
2026-02-25 19:55:00+00:00,197.30990600585938,197.3699951171875,197.10000610351562,197.17999267578125,46513580,NVDA,5m
2026-02-25 20:00:00+00:00,197.1750030517578,197.2100067138672,197.0399932861328,197.10000610351562,0,NVDA,5m
2026-02-25 20:05:00+00:00,197.10000610351562,197.24000549316406,197.02499389648438,197.1649932861328,1103209,NVDA,5m
2026-02-25 20:10:00+00:00,197.1699981689453,197.1699981689453,196.67999267578125,196.8000030517578,1349069,NVDA,5m
2026-02-25 20:15:00+00:00,196.80499267578125,197.07000732421875,196.6999969482422,197.0074005126953,49317716,NVDA,5m
2026-02-25 20:20:00+00:00,197.0050048828125,197.0500030517578,196.80999755859375,196.9600067138672,0,NVDA,5m
2026-02-25 20:25:00+00:00,196.9499969482422,197.0399932861328,196.8699951171875,196.89500427246094,1222408,NVDA,5m
2026-02-25 20:30:00+00:00,196.88999938964844,197.10000610351562,196.60000610351562,196.84500122070312,2091396,NVDA,5m
2026-02-25 20:35:00+00:00,196.84500122070312,196.97999572753906,196.58999633789062,196.94500732421875,1396833,NVDA,5m
2026-02-25 20:40:00+00:00,196.94000244140625,197.2100067138672,196.8800048828125,197.19630432128906,1801636,NVDA,5m
2026-02-25 20:45:00+00:00,197.19000244140625,197.19000244140625,196.82009887695312,196.875,2000541,NVDA,5m
2026-02-25 20:50:00+00:00,196.8699951171875,196.91510009765625,196.3800048828125,196.41000366210938,3065224,NVDA,5m
2026-02-25 20:55:00+00:00,196.4199981689453,196.47000122070312,195.52000427246094,195.8800048828125,6420487,NVDA,5m
2026-02-26 14:30:00+00:00,194.2100067138672,194.2100067138672,190.9499969482422,191.00999450683594,15883745,NVDA,5m
2026-02-26 14:35:00+00:00,191.00999450683594,191.39999389648438,189.41000366210938,191.3699951171875,9709220,NVDA,5m
2026-02-26 14:40:00+00:00,191.3800048828125,191.7100067138672,189.60000610351562,189.98500061035156,6851522,NVDA,5m
2026-02-26 14:45:00+00:00,189.99000549316406,190.0050048828125,188.27999877929688,188.97999572753906,6867579,NVDA,5m
2026-02-26 14:50:00+00:00,188.9810028076172,189.8699951171875,188.39990234375,189.30499267578125,33833907,NVDA,5m
2026-02-26 14:55:00+00:00,189.28500366210938,189.97000122070312,189.00999450683594,189.38999938964844,0,NVDA,5m
2026-02-26 15:00:00+00:00,189.3800048828125,189.7100067138672,187.9550018310547,188.57009887695312,4942993,NVDA,5m
2026-02-26 15:05:00+00:00,188.5850067138672,189.02000427246094,188.25,188.5449981689453,3888669,NVDA,5m
2026-02-26 15:10:00+00:00,188.5500030517578,188.7799072265625,186.86000061035156,186.88999938964844,5344357,NVDA,5m
2026-02-26 15:15:00+00:00,186.88999938964844,187.1199951171875,185.89999389648438,186.40989685058594,5434010,NVDA,5m
2026-02-26 15:20:00+00:00,186.40499877929688,186.75999450683594,185.5800018310547,185.7200927734375,4974031,NVDA,5m
2026-02-26 15:25:00+00:00,185.72999572753906,186.8000030517578,185.71499633789062,186.09500122070312,4888192,NVDA,5m
2026-02-26 15:30:00+00:00,186.10000610351562,186.25979614257812,184.5800018310547,184.7550048828125,54731807,NVDA,5m
2026-02-26 15:35:00+00:00,184.75,186.39999389648438,184.72999572753906,186.38999938964844,0,NVDA,5m
2026-02-26 15:40:00+00:00,186.38999938964844,186.8000030517578,186.1501007080078,186.7050018310547,4253232,NVDA,5m
2026-02-26 15:45:00+00:00,186.7100067138672,186.86000061035156,185.85009765625,186.38999938964844,3442826,NVDA,5m
2026-02-26 15:50:00+00:00,186.3813018798828,186.5500030517578,185.88999938964844,186.38999938964844,2411516,NVDA,5m
2026-02-26 15:55:00+00:00,186.3800048828125,186.64999389648438,186.05999755859375,186.32899475097656,2556089,NVDA,5m
2026-02-26 16:00:00+00:00,186.3300018310547,187.1699981689453,186.24000549316406,187.14999389648438,3338147,NVDA,5m
2026-02-26 16:05:00+00:00,187.13999938964844,187.4600067138672,186.94000244140625,187.14999389648438,2999621,NVDA,5m
2026-02-26 16:10:00+00:00,187.16000366210938,187.5500030517578,187.0399932861328,187.30499267578125,2477432,NVDA,5m
2026-02-26 16:15:00+00:00,187.30499267578125,187.6300048828125,187.22999572753906,187.31500244140625,2325523,NVDA,5m
2026-02-26 16:20:00+00:00,187.3000030517578,187.6699981689453,187.16000366210938,187.4801025390625,1957795,NVDA,5m
2026-02-26 16:25:00+00:00,187.49000549316406,187.93980407714844,187.46499633789062,187.8249969482422,2017967,NVDA,5m
2026-02-26 16:30:00+00:00,187.77999877929688,187.9600067138672,187.61000061035156,187.8800048828125,1659630,NVDA,5m
2026-02-26 16:35:00+00:00,187.88999938964844,187.97000122070312,187.1999969482422,187.35000610351562,70887735,NVDA,5m
2026-02-26 16:40:00+00:00,187.35609436035156,187.5500030517578,186.72000122070312,186.73500061035156,0,NVDA,5m
2026-02-26 16:45:00+00:00,186.73939514160156,186.9250030517578,186.53500366210938,186.79989624023438,1715226,NVDA,5m
2026-02-26 16:50:00+00:00,186.8000030517578,186.97000122070312,186.6300048828125,186.67999267578125,1423010,NVDA,5m
2026-02-26 16:55:00+00:00,186.6999969482422,186.72000122070312,185.85000610351562,185.89649963378906,1907349,NVDA,5m
2026-02-26 17:00:00+00:00,185.88999938964844,186.82000732421875,185.88999938964844,186.8000030517578,2389420,NVDA,5m
2026-02-26 17:05:00+00:00,186.7899932861328,187.2899932861328,186.75,187.14999389648438,1701844,NVDA,5m
2026-02-26 17:10:00+00:00,187.14999389648438,187.47000122070312,187.01600646972656,187.02340698242188,1576516,NVDA,5m
2026-02-26 17:15:00+00:00,187.02000427246094,187.22000122070312,186.6300048828125,187.15899658203125,1512132,NVDA,5m
2026-02-26 17:20:00+00:00,187.15499877929688,187.38499450683594,187.0,187.38499450683594,1206996,NVDA,5m
2026-02-26 17:25:00+00:00,187.38499450683594,187.69000244140625,187.2301025390625,187.5749969482422,1422736,NVDA,5m
2026-02-26 17:30:00+00:00,187.57000732421875,188.1199951171875,187.54010009765625,187.86990356445312,1946840,NVDA,5m
2026-02-26 17:35:00+00:00,187.8699951171875,187.8699951171875,186.97000122070312,187.09500122070312,1727691,NVDA,5m
2026-02-26 17:40:00+00:00,187.09500122070312,187.19000244140625,186.58999633789062,186.6199951171875,1386109,NVDA,5m
2026-02-26 17:45:00+00:00,186.622802734375,186.7899932861328,186.1999969482422,186.3798065185547,1623764,NVDA,5m
2026-02-26 17:50:00+00:00,186.3701934814453,186.75,186.1999969482422,186.6501007080078,1635637,NVDA,5m
2026-02-26 17:55:00+00:00,186.64999389648438,186.91000366210938,186.43499755859375,186.76499938964844,1240737,NVDA,5m
2026-02-26 18:00:00+00:00,186.75,186.77000427246094,185.94000244140625,185.97999572753906,1598047,NVDA,5m
2026-02-26 18:05:00+00:00,185.98060607910156,186.14999389648438,185.1999969482422,185.41000366210938,2634860,NVDA,5m
2026-02-26 18:10:00+00:00,185.40499877929688,185.68020629882812,184.97000122070312,185.16000366210938,2383475,NVDA,5m
2026-02-26 18:15:00+00:00,185.14990234375,185.3800048828125,184.86000061035156,185.360595703125,1801192,NVDA,5m
2026-02-26 18:20:00+00:00,185.3699951171875,185.52999877929688,185.0399932861328,185.52499389648438,1486840,NVDA,5m
2026-02-26 18:25:00+00:00,185.51109313964844,185.51499938964844,185.27000427246094,185.35499572753906,1006780,NVDA,5m
2026-02-26 18:30:00+00:00,185.34500122070312,185.74000549316406,184.97000122070312,185.6697998046875,2016788,NVDA,5m
2026-02-26 18:35:00+00:00,185.6699981689453,185.9600067138672,185.47000122070312,185.89999389648438,1750263,NVDA,5m
2026-02-26 18:40:00+00:00,185.88999938964844,185.99000549316406,185.5800018310547,185.61990356445312,91112816,NVDA,5m
2026-02-26 18:45:00+00:00,185.63499450683594,185.87030029296875,185.0399932861328,185.17970275878906,0,NVDA,5m
2026-02-26 18:50:00+00:00,185.17999267578125,185.18499755859375,184.822998046875,185.12559509277344,1500520,NVDA,5m
2026-02-26 18:55:00+00:00,185.1199951171875,185.42999267578125,185.0500030517578,185.22000122070312,1542489,NVDA,5m
2026-02-26 19:00:00+00:00,185.2100067138672,186.07000732421875,185.1300048828125,185.94630432128906,1600995,NVDA,5m
2026-02-26 19:05:00+00:00,185.9600067138672,186.5399932861328,185.9250030517578,186.52499389648438,1946778,NVDA,5m
2026-02-26 19:10:00+00:00,186.53500366210938,186.6999969482422,185.96499633789062,186.14999389648438,1972475,NVDA,5m
2026-02-26 19:15:00+00:00,186.14500427246094,186.41000366210938,185.8699951171875,185.875,1720542,NVDA,5m
2026-02-26 19:20:00+00:00,185.8699951171875,185.88999938964844,185.44000244140625,185.44500732421875,1513111,NVDA,5m
2026-02-26 19:25:00+00:00,185.44000244140625,185.625,185.25,185.29989624023438,1529153,NVDA,5m
2026-02-26 19:30:00+00:00,185.2949981689453,185.64999389648438,185.2949981689453,185.4564971923828,1326730,NVDA,5m
2026-02-26 19:35:00+00:00,185.45849609375,185.52000427246094,184.94900512695312,185.03970336914062,1678416,NVDA,5m
2026-02-26 19:40:00+00:00,185.03500366210938,185.42999267578125,185.00999450683594,185.2899932861328,101170701,NVDA,5m
2026-02-26 19:45:00+00:00,185.28500366210938,185.71969604492188,185.25,185.30499267578125,2291053,NVDA,5m
2026-02-26 19:50:00+00:00,185.3000030517578,185.52999877929688,185.07000732421875,185.46710205078125,0,NVDA,5m
2026-02-26 19:55:00+00:00,185.47000122070312,185.82000732421875,185.39999389648438,185.39999389648438,1700083,NVDA,5m
2026-02-26 20:00:00+00:00,185.38999938964844,185.4600067138672,185.08999633789062,185.24000549316406,1835870,NVDA,5m
2026-02-26 20:05:00+00:00,185.22999572753906,185.40499877929688,184.89999389648438,184.89999389648438,1572412,NVDA,5m
2026-02-26 20:10:00+00:00,184.9250030517578,185.02999877929688,184.33999633789062,184.38150024414062,2193245,NVDA,5m
2026-02-26 20:15:00+00:00,184.375,184.88999938964844,184.31500244140625,184.83999633789062,1933980,NVDA,5m
2026-02-26 20:20:00+00:00,184.8385009765625,184.97000122070312,184.66000366210938,184.96009826660156,1579121,NVDA,5m
2026-02-26 20:25:00+00:00,184.96499633789062,185.1999969482422,184.57000732421875,184.6898956298828,2101005,NVDA,5m
2026-02-26 20:30:00+00:00,184.67999267578125,185.27499389648438,184.6300048828125,185.19000244140625,1798292,NVDA,5m
2026-02-26 20:35:00+00:00,185.2100067138672,185.5500030517578,185.05499267578125,185.5,1845054,NVDA,5m
2026-02-26 20:40:00+00:00,185.4949951171875,185.5,184.5399932861328,184.8699951171875,115663047,NVDA,5m
2026-02-26 20:45:00+00:00,184.8699951171875,184.97999572753906,184.33999633789062,184.65699768066406,0,NVDA,5m
2026-02-26 20:50:00+00:00,184.6649932861328,185.19000244140625,184.64999389648438,184.91000366210938,3489798,NVDA,5m
2026-02-26 20:55:00+00:00,184.89999389648438,185.0500030517578,184.56500244140625,184.89999389648438,5235309,NVDA,5m
2026-02-27 14:30:00+00:00,181.22000122070312,181.7899932861328,180.00999450683594,180.45790100097656,13742553,NVDA,5m
2026-02-27 14:35:00+00:00,180.4499969482422,181.69000244140625,179.72999572753906,181.60499572753906,6103782,NVDA,5m
2026-02-27 14:40:00+00:00,181.60499572753906,181.65989685058594,179.85000610351562,180.60499572753906,4028886,NVDA,5m
2026-02-27 14:45:00+00:00,180.61500549316406,181.16000366210938,180.27999877929688,180.82899475097656,2992407,NVDA,5m
2026-02-27 14:50:00+00:00,180.8300018310547,180.9600067138672,179.9499969482422,179.97970581054688,2925942,NVDA,5m
2026-02-27 14:55:00+00:00,179.97000122070312,180.28500366210938,179.57000732421875,179.7949981689453,3887035,NVDA,5m
2026-02-27 15:00:00+00:00,179.78500366210938,181.55999755859375,179.72999572753906,181.55999755859375,3582076,NVDA,5m
2026-02-27 15:05:00+00:00,181.5626983642578,182.4300994873047,181.47999572753906,182.13999938964844,3974473,NVDA,5m
2026-02-27 15:10:00+00:00,182.13999938964844,182.5800018310547,181.97000122070312,182.0399932861328,2800504,NVDA,5m
2026-02-27 15:15:00+00:00,182.02999877929688,182.28500366210938,180.85499572753906,181.26499938964844,27867088,NVDA,5m
2026-02-27 15:20:00+00:00,181.27499389648438,181.66000366210938,181.05999755859375,181.52999877929688,0,NVDA,5m
2026-02-27 15:25:00+00:00,181.52999877929688,182.1649932861328,181.15199279785156,181.8350067138672,2279415,NVDA,5m
2026-02-27 15:30:00+00:00,181.83999633789062,181.97999572753906,181.3699951171875,181.53500366210938,1693733,NVDA,5m
2026-02-27 15:35:00+00:00,181.53500366210938,181.97999572753906,181.48500061035156,181.7449951171875,1535921,NVDA,5m
2026-02-27 15:40:00+00:00,181.7449951171875,182.0500030517578,181.58999633789062,181.9149932861328,1526018,NVDA,5m
2026-02-27 15:45:00+00:00,181.90499877929688,182.25,181.41000366210938,181.4300994873047,2026886,NVDA,5m
2026-02-27 15:50:00+00:00,181.44000244140625,181.52000427246094,181.07000732421875,181.26499938964844,1497392,NVDA,5m
2026-02-27 15:55:00+00:00,181.27000427246094,181.60499572753906,181.10000610351562,181.51499938964844,1350077,NVDA,5m
2026-02-27 16:00:00+00:00,181.52000427246094,181.94000244140625,181.41009521484375,181.68499755859375,1231468,NVDA,5m
2026-02-27 16:05:00+00:00,181.68499755859375,181.93980407714844,181.39999389648438,181.4398956298828,1300200,NVDA,5m
2026-02-27 16:10:00+00:00,181.44000244140625,181.72999572753906,181.30999755859375,181.56500244140625,1168779,NVDA,5m
2026-02-27 16:15:00+00:00,181.55999755859375,181.85000610351562,181.3350067138672,181.71499633789062,1254808,NVDA,5m
2026-02-27 16:20:00+00:00,181.7050018310547,181.7100067138672,181.2050018310547,181.28750610351562,1188091,NVDA,5m
2026-02-27 16:25:00+00:00,181.2949981689453,181.6051025390625,181.0,181.02000427246094,1465235,NVDA,5m
2026-02-27 16:30:00+00:00,181.02999877929688,181.4600067138672,180.97500610351562,181.31500244140625,1394646,NVDA,5m
2026-02-27 16:35:00+00:00,181.32000732421875,181.38999938964844,180.67999267578125,180.72900390625,1399442,NVDA,5m
2026-02-27 16:40:00+00:00,180.72000122070312,180.75999450683594,180.2100067138672,180.2299041748047,1658576,NVDA,5m
2026-02-27 16:45:00+00:00,180.22500610351562,180.50999450683594,180.1300048828125,180.17849731445312,1243903,NVDA,5m
2026-02-27 16:50:00+00:00,180.1719970703125,180.8699951171875,180.1699981689453,180.8249969482422,1396870,NVDA,5m
2026-02-27 16:55:00+00:00,180.82000732421875,181.0,180.27999877929688,180.35499572753906,1256956,NVDA,5m
2026-02-27 17:00:00+00:00,180.35000610351562,180.69500732421875,180.2949981689453,180.40499877929688,1080788,NVDA,5m
2026-02-27 17:05:00+00:00,180.40989685058594,180.63999938964844,180.3000030517578,180.55999755859375,947691,NVDA,5m
2026-02-27 17:10:00+00:00,180.56500244140625,180.60499572753906,179.86000061035156,179.9499969482422,1919005,NVDA,5m
2026-02-27 17:15:00+00:00,179.9600067138672,179.97000122070312,179.67999267578125,179.72500610351562,1431285,NVDA,5m
2026-02-27 17:20:00+00:00,179.72000122070312,179.77000427246094,179.0500030517578,179.4949951171875,2270845,NVDA,5m
2026-02-27 17:25:00+00:00,179.49000549316406,179.9250030517578,179.26499938964844,179.9149932861328,1647733,NVDA,5m
2026-02-27 17:30:00+00:00,179.9250030517578,180.2899932861328,179.77499389648438,180.0780029296875,1495159,NVDA,5m
2026-02-27 17:35:00+00:00,180.07000732421875,180.25,179.85000610351562,179.97500610351562,1177100,NVDA,5m
2026-02-27 17:40:00+00:00,179.97500610351562,180.09750366210938,179.60000610351562,179.72500610351562,1039798,NVDA,5m
2026-02-27 17:45:00+00:00,179.72500610351562,179.77000427246094,179.39999389648438,179.6999969482422,1278692,NVDA,5m
2026-02-27 17:50:00+00:00,179.7100067138672,179.8300018310547,179.49000549316406,179.66000366210938,978518,NVDA,5m
2026-02-27 17:55:00+00:00,179.6699981689453,179.86500549316406,179.66009521484375,179.75509643554688,747503,NVDA,5m
2026-02-27 18:00:00+00:00,179.75,179.82000732421875,179.25010681152344,179.6663055419922,1242402,NVDA,5m
2026-02-27 18:05:00+00:00,179.66000366210938,179.77000427246094,179.42999267578125,179.5050048828125,806714,NVDA,5m
2026-02-27 18:10:00+00:00,179.5,179.64500427246094,179.1999969482422,179.2949981689453,1105434,NVDA,5m
2026-02-27 18:15:00+00:00,179.28500366210938,179.30999755859375,178.8000030517578,178.860107421875,2027796,NVDA,5m
2026-02-27 18:20:00+00:00,178.86000061035156,179.04989624023438,178.64999389648438,178.94000244140625,1627265,NVDA,5m
2026-02-27 18:25:00+00:00,178.9499053955078,179.08999633789062,178.77499389648438,178.97000122070312,1088227,NVDA,5m
2026-02-27 18:30:00+00:00,178.97889709472656,179.0500030517578,178.7899932861328,178.8551025390625,968565,NVDA,5m
2026-02-27 18:35:00+00:00,178.85499572753906,179.07000732421875,178.83999633789062,179.0399932861328,1018011,NVDA,5m
2026-02-27 18:40:00+00:00,179.02999877929688,179.30999755859375,178.75999450683594,178.76010131835938,1349260,NVDA,5m
2026-02-27 18:45:00+00:00,178.77000427246094,178.8000030517578,178.51199340820312,178.55999755859375,1433675,NVDA,5m
2026-02-27 18:50:00+00:00,178.5500030517578,178.61630249023438,178.33999633789062,178.36500549316406,1544051,NVDA,5m
2026-02-27 18:55:00+00:00,178.36500549316406,178.4499053955078,178.1699981689453,178.38999938964844,1263977,NVDA,5m
2026-02-27 19:00:00+00:00,178.3800048828125,178.99000549316406,178.3350067138672,178.9694061279297,1807489,NVDA,5m
2026-02-27 19:05:00+00:00,178.96009826660156,179.0800018310547,178.5399932861328,178.5850067138672,1586221,NVDA,5m
2026-02-27 19:10:00+00:00,178.5800018310547,178.66000366210938,178.3350067138672,178.35000610351562,1357843,NVDA,5m
2026-02-27 19:15:00+00:00,178.35000610351562,178.5,178.27000427246094,178.27000427246094,63571646,NVDA,5m
2026-02-27 19:20:00+00:00,178.2799072265625,178.50999450683594,178.10000610351562,178.4600067138672,0,NVDA,5m
2026-02-27 19:25:00+00:00,178.47000122070312,178.7100067138672,178.35000610351562,178.6649932861328,1265602,NVDA,5m
2026-02-27 19:30:00+00:00,178.6699981689453,178.8000030517578,178.4199981689453,178.6750030517578,1289612,NVDA,5m
2026-02-27 19:35:00+00:00,178.68499755859375,178.9199981689453,178.6649932861328,178.875,1127877,NVDA,5m
2026-02-27 19:40:00+00:00,178.875,178.89999389648438,178.5200958251953,178.59500122070312,1149774,NVDA,5m
2026-02-27 19:45:00+00:00,178.59500122070312,178.89999389648438,178.52000427246094,178.8350067138672,1007093,NVDA,5m
2026-02-27 19:50:00+00:00,178.8350067138672,179.3300018310547,178.82510375976562,179.24000549316406,1592069,NVDA,5m
2026-02-27 19:55:00+00:00,179.22999572753906,179.6999969482422,179.19000244140625,179.36500549316406,1823000,NVDA,5m
2026-02-27 20:00:00+00:00,179.3625030517578,179.4008026123047,178.91000366210938,178.92630004882812,1484264,NVDA,5m
2026-02-27 20:05:00+00:00,178.91000366210938,179.17999267578125,178.8300018310547,178.85000610351562,1435197,NVDA,5m
2026-02-27 20:10:00+00:00,178.83999633789062,179.1699981689453,178.6300048828125,179.13999938964844,1604664,NVDA,5m
2026-02-27 20:15:00+00:00,179.15249633789062,179.375,178.64999389648438,178.78500366210938,1601508,NVDA,5m
2026-02-27 20:20:00+00:00,178.7899932861328,179.2198944091797,178.72999572753906,178.99000549316406,1344783,NVDA,5m
2026-02-27 20:25:00+00:00,178.97999572753906,179.14999389648438,178.8249969482422,178.89999389648438,1357047,NVDA,5m
2026-02-27 20:30:00+00:00,178.88999938964844,178.98500061035156,178.25,178.3000030517578,1773194,NVDA,5m
2026-02-27 20:35:00+00:00,178.30999755859375,178.46499633789062,178.05999755859375,178.15499877929688,2018679,NVDA,5m
2026-02-27 20:40:00+00:00,178.16000366210938,178.4499969482422,178.00999450683594,178.15499877929688,2221688,NVDA,5m
2026-02-27 20:45:00+00:00,178.14500427246094,178.25999450683594,177.72500610351562,178.13999938964844,3684642,NVDA,5m
2026-02-27 20:50:00+00:00,178.14999389648438,178.14999389648438,177.10000610351562,177.8249969482422,5808856,NVDA,5m
2026-02-27 20:55:00+00:00,177.81500244140625,177.8699951171875,176.3800048828125,177.16000366210938,10561614,NVDA,5m
2026-03-02 14:30:00+00:00,174.8000030517578,179.27000427246094,174.63999938964844,179.0399932861328,13457025,NVDA,5m
2026-03-02 14:35:00+00:00,179.0500946044922,179.89999389648438,178.5500030517578,179.0919952392578,4914195,NVDA,5m
2026-03-02 14:40:00+00:00,179.08999633789062,180.0699005126953,178.80999755859375,179.5800018310547,4090609,NVDA,5m
2026-03-02 14:45:00+00:00,179.5800018310547,180.14999389648438,179.1300048828125,180.0402069091797,3149563,NVDA,5m
2026-03-02 14:50:00+00:00,180.0301055908203,180.10400390625,178.90159606933594,179.49920654296875,3036445,NVDA,5m
2026-03-02 14:55:00+00:00,179.50999450683594,179.85000610351562,179.27999877929688,179.6999969482422,2051805,NVDA,5m
2026-03-02 15:00:00+00:00,179.69000244140625,180.02000427246094,179.0500030517578,179.9600067138672,2227039,NVDA,5m
2026-03-02 15:05:00+00:00,179.97999572753906,180.62950134277344,179.86000061035156,180.40890502929688,3057849,NVDA,5m
2026-03-02 15:10:00+00:00,180.38999938964844,180.97000122070312,180.3271026611328,180.68850708007812,2349529,NVDA,5m
2026-03-02 15:15:00+00:00,180.69000244140625,181.14999389648438,180.4600067138672,180.99000549316406,22180078,NVDA,5m
2026-03-02 15:20:00+00:00,180.9949951171875,181.2899932861328,180.30499267578125,181.22000122070312,0,NVDA,5m
2026-03-02 15:25:00+00:00,181.24000549316406,181.3800048828125,180.27000427246094,180.5,1912781,NVDA,5m
2026-03-02 15:30:00+00:00,180.49000549316406,180.8699951171875,180.00999450683594,180.57000732421875,1864654,NVDA,5m
2026-03-02 15:35:00+00:00,180.60009765625,180.88999938964844,180.0850067138672,180.6855010986328,1615530,NVDA,5m
2026-03-02 15:40:00+00:00,180.66000366210938,181.3551025390625,180.47000122070312,181.10910034179688,2344423,NVDA,5m
2026-03-02 15:45:00+00:00,181.10000610351562,181.3300018310547,180.98500061035156,181.11000061035156,1247386,NVDA,5m
2026-03-02 15:50:00+00:00,181.1199951171875,181.3300018310547,180.3800048828125,180.6300048828125,1500941,NVDA,5m
2026-03-02 15:55:00+00:00,180.6262969970703,181.14999389648438,180.52499389648438,180.67250061035156,1455759,NVDA,5m
2026-03-02 16:00:00+00:00,180.67999267578125,180.6999969482422,180.11000061035156,180.3300018310547,1449238,NVDA,5m
2026-03-02 16:05:00+00:00,180.3406982421875,181.1199951171875,180.2899932861328,181.0800018310547,1356646,NVDA,5m
2026-03-02 16:10:00+00:00,181.06500244140625,181.2198944091797,180.8699951171875,181.11000061035156,29089285,NVDA,5m
2026-03-02 16:15:00+00:00,181.11500549316406,181.72000122070312,180.83999633789062,181.4600067138672,2600971,NVDA,5m
2026-03-02 16:20:00+00:00,181.44000244140625,181.80999755859375,181.11500549316406,181.53500366210938,0,NVDA,5m
2026-03-02 16:25:00+00:00,181.5,181.56500244140625,180.65499877929688,180.9199981689453,31977757,NVDA,5m
2026-03-02 16:30:00+00:00,180.93499755859375,181.3199005126953,180.83999633789062,181.2550048828125,0,NVDA,5m
2026-03-02 16:35:00+00:00,181.2653045654297,181.92999267578125,181.1199951171875,181.8800048828125,1303390,NVDA,5m
2026-03-02 16:40:00+00:00,181.8800048828125,182.68499755859375,181.875,182.62469482421875,2136114,NVDA,5m
2026-03-02 16:45:00+00:00,182.63499450683594,183.1750030517578,182.60000610351562,182.96499633789062,2327377,NVDA,5m
2026-03-02 16:50:00+00:00,182.99000549316406,183.02000427246094,182.5500030517578,182.70989990234375,1764089,NVDA,5m
2026-03-02 16:55:00+00:00,182.7050018310547,183.0,182.5800018310547,182.6529998779297,35526372,NVDA,5m
2026-03-02 17:00:00+00:00,182.56500244140625,182.5850067138672,182.25999450683594,182.35000610351562,0,NVDA,5m
2026-03-02 17:05:00+00:00,182.33799743652344,182.5,182.1699981689453,182.4550018310547,1255750,NVDA,5m
2026-03-02 17:10:00+00:00,182.4499969482422,182.5399932861328,182.17999267578125,182.47999572753906,36196212,NVDA,5m
2026-03-02 17:15:00+00:00,182.49000549316406,183.2100067138672,182.4801025390625,182.91000366210938,0,NVDA,5m
2026-03-02 17:20:00+00:00,182.9250030517578,183.4600067138672,182.89999389648438,183.30499267578125,1341015,NVDA,5m
2026-03-02 17:25:00+00:00,183.30499267578125,183.33700561523438,183.0500030517578,183.05999755859375,1032504,NVDA,5m
2026-03-02 17:30:00+00:00,183.05499267578125,183.05599975585938,182.50999450683594,182.56500244140625,38393770,NVDA,5m
2026-03-02 17:35:00+00:00,182.57000732421875,182.67999267578125,182.27000427246094,182.3730010986328,0,NVDA,5m
2026-03-02 17:40:00+00:00,182.3730010986328,182.5800018310547,182.25999450683594,182.48500061035156,948633,NVDA,5m
2026-03-02 17:45:00+00:00,182.50999450683594,182.77000427246094,182.39999389648438,182.73500061035156,1032986,NVDA,5m
2026-03-02 17:50:00+00:00,182.7301025390625,182.83999633789062,182.44000244140625,182.65969848632812,1063258,NVDA,5m
2026-03-02 17:55:00+00:00,182.66000366210938,182.80990600585938,182.50999450683594,182.7050018310547,722807,NVDA,5m
2026-03-02 18:00:00+00:00,182.72000122070312,182.83999633789062,182.60000610351562,182.83999633789062,584234,NVDA,5m
2026-03-02 18:05:00+00:00,182.85000610351562,182.94000244140625,182.66000366210938,182.6750030517578,611508,NVDA,5m
2026-03-02 18:10:00+00:00,182.6649932861328,182.6699981689453,182.41000366210938,182.57000732421875,707577,NVDA,5m
2026-03-02 18:15:00+00:00,182.57000732421875,182.83999633789062,182.4600067138672,182.7050018310547,604858,NVDA,5m
2026-03-02 18:20:00+00:00,182.7010040283203,182.7899932861328,182.39999389648438,182.4136962890625,645102,NVDA,5m
2026-03-02 18:25:00+00:00,182.41969299316406,182.5699005126953,182.2100067138672,182.44509887695312,766106,NVDA,5m
2026-03-02 18:30:00+00:00,182.4499969482422,182.47999572753906,182.17999267578125,182.2747039794922,41547253,NVDA,5m
2026-03-02 18:35:00+00:00,182.26499938964844,182.55499267578125,182.11000061035156,182.19500732421875,0,NVDA,5m
2026-03-02 18:40:00+00:00,182.1999969482422,182.58990478515625,182.1699981689453,182.43499755859375,884804,NVDA,5m
2026-03-02 18:45:00+00:00,182.43499755859375,182.44000244140625,182.10000610351562,182.2899932861328,1025317,NVDA,5m
2026-03-02 18:50:00+00:00,182.2949981689453,182.41000366210938,182.1199951171875,182.25999450683594,945621,NVDA,5m
2026-03-02 18:55:00+00:00,182.26499938964844,182.32000732421875,182.04400634765625,182.06500244140625,762050,NVDA,5m
2026-03-02 19:00:00+00:00,182.07000732421875,182.22999572753906,181.9499969482422,182.13499450683594,857450,NVDA,5m
2026-03-02 19:05:00+00:00,182.1300048828125,182.47000122070312,182.0500030517578,182.44000244140625,759384,NVDA,5m
2026-03-02 19:10:00+00:00,182.4250030517578,182.7100067138672,182.27000427246094,182.6199951171875,991607,NVDA,5m
2026-03-02 19:15:00+00:00,182.62989807128906,182.8699951171875,182.61000061035156,182.71499633789062,933265,NVDA,5m
2026-03-02 19:20:00+00:00,182.7100067138672,182.91000366210938,182.5399932861328,182.5850067138672,848400,NVDA,5m
2026-03-02 19:25:00+00:00,182.58009338378906,182.72000122070312,182.3800048828125,182.64500427246094,45797126,NVDA,5m
2026-03-02 19:30:00+00:00,182.64500427246094,182.72000122070312,182.44500732421875,182.55999755859375,0,NVDA,5m
2026-03-02 19:35:00+00:00,182.5500030517578,182.77000427246094,182.4600067138672,182.6199951171875,669783,NVDA,5m
2026-03-02 19:40:00+00:00,182.62289428710938,182.89999389648438,182.61500549316406,182.65499877929688,652233,NVDA,5m
2026-03-02 19:45:00+00:00,182.65499877929688,182.8699951171875,182.6300048828125,182.8697052001953,678971,NVDA,5m
2026-03-02 19:50:00+00:00,182.86500549316406,183.0500030517578,182.67999267578125,183.01499938964844,994588,NVDA,5m
2026-03-02 19:55:00+00:00,183.02000427246094,183.02000427246094,182.73500061035156,182.8072967529297,692501,NVDA,5m
2026-03-02 20:00:00+00:00,182.8072967529297,182.8350067138672,182.4600067138672,182.72900390625,959243,NVDA,5m
2026-03-02 20:05:00+00:00,182.73500061035156,182.85000610351562,181.89999389648438,182.0399932861328,1649863,NVDA,5m
2026-03-02 20:10:00+00:00,182.0399932861328,182.0500030517578,181.64500427246094,181.8300018310547,1559428,NVDA,5m
2026-03-02 20:15:00+00:00,181.80999755859375,182.5399932861328,181.66009521484375,182.3699951171875,1589205,NVDA,5m
2026-03-02 20:20:00+00:00,182.3800048828125,182.5399932861328,182.1300048828125,182.27499389648438,1119527,NVDA,5m
2026-03-02 20:25:00+00:00,182.2550048828125,182.39999389648438,182.0399932861328,182.14999389648438,917780,NVDA,5m
2026-03-02 20:30:00+00:00,182.1699981689453,182.43499755859375,182.03500366210938,182.38999938964844,973715,NVDA,5m
2026-03-02 20:35:00+00:00,182.41000366210938,182.41709899902344,181.99000549316406,182.33999633789062,1184358,NVDA,5m
2026-03-02 20:40:00+00:00,182.3350067138672,182.41000366210938,182.01499938964844,182.22999572753906,1027208,NVDA,5m
2026-03-02 20:45:00+00:00,182.22000122070312,182.47999572753906,182.05999755859375,182.27499389648438,1248426,NVDA,5m
2026-03-02 20:50:00+00:00,182.2899932861328,182.8300018310547,182.05999755859375,182.8249969482422,1893670,NVDA,5m
2026-03-02 20:55:00+00:00,182.8000030517578,182.82989501953125,182.35000610351562,182.36000061035156,58658589,NVDA,5m
2026-03-03 14:30:00+00:00,178.4774932861328,180.52999877929688,177.99000549316406,178.07000732421875,16290093,NVDA,5m
2026-03-03 14:35:00+00:00,178.05499267578125,180.10000610351562,178.0399932861328,179.24000549316406,5279817,NVDA,5m
2026-03-03 14:40:00+00:00,179.24009704589844,179.38999938964844,178.32000732421875,178.44500732421875,3229738,NVDA,5m
2026-03-03 14:45:00+00:00,178.4199981689453,179.3249969482422,178.2449951171875,178.8699951171875,3250287,NVDA,5m
2026-03-03 14:50:00+00:00,178.875,179.6699981689453,178.64999389648438,178.97509765625,2918886,NVDA,5m
2026-03-03 14:55:00+00:00,179.0050048828125,179.1313018798828,178.47999572753906,178.83999633789062,2340050,NVDA,5m
2026-03-03 15:00:00+00:00,178.8300018310547,179.77999877929688,178.74000549316406,179.0,2659576,NVDA,5m
2026-03-03 15:05:00+00:00,179.0,179.7301025390625,178.63999938964844,179.61019897460938,2727923,NVDA,5m
2026-03-03 15:10:00+00:00,179.6300048828125,180.02999877929688,179.22000122070312,179.91000366210938,3098594,NVDA,5m
2026-03-03 15:15:00+00:00,179.9199981689453,180.00999450683594,178.5800018310547,178.7449951171875,2514919,NVDA,5m
2026-03-03 15:20:00+00:00,178.74000549316406,178.8000946044922,177.86990356445312,178.21499633789062,3522291,NVDA,5m
2026-03-03 15:25:00+00:00,178.2100067138672,178.36489868164062,177.72000122070312,177.77000427246094,2878750,NVDA,5m
2026-03-03 15:30:00+00:00,177.75999450683594,178.72999572753906,177.6199951171875,177.67059326171875,3067546,NVDA,5m
2026-03-03 15:35:00+00:00,177.69500732421875,178.3249969482422,177.66000366210938,178.0850067138672,2340174,NVDA,5m
2026-03-03 15:40:00+00:00,178.0850067138672,178.30499267578125,177.1999969482422,177.36000061035156,2719003,NVDA,5m
2026-03-03 15:45:00+00:00,177.3350067138672,177.94009399414062,177.25999450683594,177.42660522460938,1926551,NVDA,5m
2026-03-03 15:50:00+00:00,177.4149932861328,177.8000030517578,176.94000244140625,176.96200561523438,2550303,NVDA,5m
2026-03-03 15:55:00+00:00,176.97000122070312,177.6199951171875,176.9199981689453,177.51710510253906,2644866,NVDA,5m
2026-03-03 16:00:00+00:00,177.51010131835938,178.9149932861328,177.38999938964844,178.90499877929688,3515826,NVDA,5m
2026-03-03 16:05:00+00:00,178.9001007080078,180.0050048828125,178.88369750976562,179.55499267578125,4557406,NVDA,5m
2026-03-03 16:10:00+00:00,179.5500030517578,179.8000030517578,179.09500122070312,179.57000732421875,2418696,NVDA,5m
2026-03-03 16:15:00+00:00,179.57699584960938,179.9499969482422,179.4600067138672,179.64450073242188,1917627,NVDA,5m
2026-03-03 16:20:00+00:00,179.66000366210938,179.85000610351562,179.16009521484375,179.75999450683594,1993583,NVDA,5m
2026-03-03 16:25:00+00:00,179.77000427246094,179.8350067138672,179.3000030517578,179.31500244140625,1585053,NVDA,5m
2026-03-03 16:30:00+00:00,179.31500244140625,179.55999755859375,178.94000244140625,179.47999572753906,1904921,NVDA,5m
2026-03-03 16:35:00+00:00,179.49009704589844,179.7949981689453,179.25,179.48989868164062,1557275,NVDA,5m
2026-03-03 16:40:00+00:00,179.47999572753906,179.83999633789062,179.06500244140625,179.8300018310547,1658304,NVDA,5m
2026-03-03 16:45:00+00:00,179.8300018310547,180.52999877929688,179.75,180.22999572753906,2420995,NVDA,5m
2026-03-03 16:50:00+00:00,180.23500061035156,180.3551025390625,179.9499969482422,180.3520965576172,1430107,NVDA,5m
2026-03-03 16:55:00+00:00,180.35499572753906,180.64999389648438,179.98500061035156,180.03500366210938,2198302,NVDA,5m
2026-03-03 17:00:00+00:00,180.0500030517578,180.2449951171875,179.63999938964844,180.13999938964844,2248670,NVDA,5m
2026-03-03 17:05:00+00:00,180.13999938964844,180.17999267578125,179.67999267578125,179.73629760742188,1426379,NVDA,5m
2026-03-03 17:10:00+00:00,179.75999450683594,179.82000732421875,179.33999633789062,179.80499267578125,1381352,NVDA,5m
2026-03-03 17:15:00+00:00,179.80999755859375,179.98989868164062,179.5500030517578,179.9199981689453,1059867,NVDA,5m
2026-03-03 17:20:00+00:00,179.93499755859375,179.9600067138672,179.5,179.9499969482422,1206049,NVDA,5m
2026-03-03 17:25:00+00:00,179.94000244140625,180.2198944091797,179.8000030517578,180.10499572753906,809956,NVDA,5m
2026-03-03 17:30:00+00:00,180.10000610351562,180.13499450683594,179.05999755859375,179.14999389648438,1466551,NVDA,5m
2026-03-03 17:35:00+00:00,179.15499877929688,179.39999389648438,178.97999572753906,179.09500122070312,1450081,NVDA,5m
2026-03-03 17:40:00+00:00,179.10499572753906,179.85000610351562,179.0800018310547,179.84500122070312,1298314,NVDA,5m
2026-03-03 17:45:00+00:00,179.83999633789062,180.02999877929688,179.64999389648438,179.9949951171875,1177475,NVDA,5m
2026-03-03 17:50:00+00:00,179.99000549316406,180.0500030517578,179.55999755859375,179.66000366210938,1062249,NVDA,5m
2026-03-03 17:55:00+00:00,179.64999389648438,179.75999450683594,179.5,179.58999633789062,799485,NVDA,5m
2026-03-03 18:00:00+00:00,179.5800018310547,180.19000244140625,179.57000732421875,180.0399932861328,1403044,NVDA,5m
2026-03-03 18:05:00+00:00,180.0399932861328,180.14999389648438,179.77000427246094,179.99000549316406,942412,NVDA,5m
2026-03-03 18:10:00+00:00,179.99000549316406,180.02999877929688,179.4499969482422,179.6750030517578,1059609,NVDA,5m
2026-03-03 18:15:00+00:00,179.68499755859375,179.9459991455078,179.55499267578125,179.9199981689453,999534,NVDA,5m
2026-03-03 18:20:00+00:00,179.92300415039062,180.39999389648438,179.9149932861328,180.3249969482422,1544075,NVDA,5m
2026-03-03 18:25:00+00:00,180.3300018310547,180.3699951171875,180.08999633789062,180.14999389648438,1146336,NVDA,5m
2026-03-03 18:30:00+00:00,180.1699981689453,180.49000549316406,180.00999450683594,180.3800048828125,1113355,NVDA,5m
2026-03-03 18:35:00+00:00,180.3800048828125,180.58999633789062,180.22000122070312,180.57290649414062,1293432,NVDA,5m
2026-03-03 18:40:00+00:00,180.57000732421875,180.89999389648438,180.47999572753906,180.57029724121094,1503465,NVDA,5m
2026-03-03 18:45:00+00:00,180.60000610351562,180.60000610351562,180.22000122070312,180.5399932861328,1215900,NVDA,5m
2026-03-03 18:50:00+00:00,180.55499267578125,180.80999755859375,180.44000244140625,180.52999877929688,1097329,NVDA,5m
2026-03-03 18:55:00+00:00,180.52999877929688,180.64990234375,180.32000732421875,180.51499938964844,902855,NVDA,5m
2026-03-03 19:00:00+00:00,180.52000427246094,180.63369750976562,180.0399932861328,180.18499755859375,1240351,NVDA,5m
2026-03-03 19:05:00+00:00,180.19000244140625,180.27999877929688,179.7100067138672,179.77499389648438,1310286,NVDA,5m
2026-03-03 19:10:00+00:00,179.77999877929688,180.07000732421875,179.6750030517578,180.00999450683594,943290,NVDA,5m
2026-03-03 19:15:00+00:00,180.02000427246094,180.30999755859375,179.80999755859375,179.91990661621094,984506,NVDA,5m
2026-03-03 19:20:00+00:00,179.9199981689453,180.0800018310547,179.65969848632812,179.6750030517578,990682,NVDA,5m
2026-03-03 19:25:00+00:00,179.6699981689453,179.73289489746094,179.44000244140625,179.5500030517578,1099281,NVDA,5m
2026-03-03 19:30:00+00:00,179.55999755859375,179.6999969482422,179.22500610351562,179.27999877929688,1230513,NVDA,5m
2026-03-03 19:35:00+00:00,179.27000427246094,180.13499450683594,179.14999389648438,179.86000061035156,3066795,NVDA,5m
2026-03-03 19:40:00+00:00,179.875,180.49000549316406,179.7700958251953,180.44000244140625,1635141,NVDA,5m
2026-03-03 19:45:00+00:00,180.44320678710938,180.8699951171875,180.44320678710938,180.64010620117188,1629465,NVDA,5m
2026-03-03 19:50:00+00:00,180.64500427246094,180.6999969482422,179.8437042236328,180.0749969482422,1462690,NVDA,5m
2026-03-03 19:55:00+00:00,180.08999633789062,180.15499877929688,179.89999389648438,180.05999755859375,1032013,NVDA,5m
2026-03-03 20:00:00+00:00,180.07000732421875,180.24000549316406,179.77000427246094,179.9799041748047,1100694,NVDA,5m
2026-03-03 20:05:00+00:00,179.98500061035156,180.11000061035156,179.75999450683594,180.02999877929688,1076106,NVDA,5m
2026-03-03 20:10:00+00:00,180.02499389648438,180.11000061035156,179.6501007080078,179.65499877929688,1108726,NVDA,5m
2026-03-03 20:15:00+00:00,179.64999389648438,179.80999755859375,179.5,179.72000122070312,1169676,NVDA,5m
2026-03-03 20:20:00+00:00,179.7100067138672,180.0469970703125,179.7100067138672,179.91000366210938,1194359,NVDA,5m
2026-03-03 20:25:00+00:00,179.91290283203125,180.23500061035156,179.63499450683594,180.2050018310547,1341369,NVDA,5m
2026-03-03 20:30:00+00:00,180.1999969482422,180.44000244140625,180.1649932861328,180.2449951171875,1521236,NVDA,5m
2026-03-03 20:35:00+00:00,180.25,180.56500244140625,180.05999755859375,180.12989807128906,1765985,NVDA,5m
2026-03-03 20:40:00+00:00,180.1300048828125,180.31500244140625,179.97000122070312,180.2550048828125,1418415,NVDA,5m
2026-03-03 20:45:00+00:00,180.24009704589844,180.34010314941406,179.97030639648438,180.125,1361867,NVDA,5m
2026-03-03 20:50:00+00:00,180.1199951171875,180.35000610351562,179.89999389648438,180.22999572753906,2582869,NVDA,5m
2026-03-03 20:55:00+00:00,180.22000122070312,180.32000732421875,179.91000366210938,179.99000549316406,3515617,NVDA,5m
2026-03-04 14:30:00+00:00,180.3699951171875,182.25,180.05999755859375,182.19000244140625,15048653,NVDA,5m
2026-03-04 14:35:00+00:00,182.18499755859375,182.3300018310547,181.1699981689453,181.22900390625,3983839,NVDA,5m
2026-03-04 14:40:00+00:00,181.24249267578125,181.6300048828125,180.77999877929688,181.59010314941406,3249535,NVDA,5m
2026-03-04 14:45:00+00:00,181.60000610351562,182.9600067138672,181.25,182.60499572753906,4121155,NVDA,5m
2026-03-04 14:50:00+00:00,182.66000366210938,182.74000549316406,181.83999633789062,181.89999389648438,3070789,NVDA,5m
2026-03-04 14:55:00+00:00,181.89999389648438,182.02000427246094,180.5800018310547,180.97000122070312,3477576,NVDA,5m
2026-03-04 15:00:00+00:00,181.0399932861328,181.81979370117188,180.9499969482422,181.14999389648438,3235537,NVDA,5m
2026-03-04 15:05:00+00:00,181.16000366210938,182.07000732421875,181.02499389648438,181.92999267578125,2780448,NVDA,5m
2026-03-04 15:10:00+00:00,181.9532012939453,182.91000366210938,181.8699951171875,182.1988983154297,3237548,NVDA,5m
2026-03-04 15:15:00+00:00,182.1750030517578,182.55990600585938,182.0,182.43499755859375,2102269,NVDA,5m
2026-03-04 15:20:00+00:00,182.42999267578125,182.92999267578125,182.3000030517578,182.88999938964844,2073191,NVDA,5m
2026-03-04 15:25:00+00:00,182.8896026611328,183.5500030517578,182.77000427246094,183.47000122070312,3157056,NVDA,5m
2026-03-04 15:30:00+00:00,183.47999572753906,183.63999938964844,182.89500427246094,182.94000244140625,2607282,NVDA,5m
2026-03-04 15:35:00+00:00,182.94500732421875,183.0500030517578,182.4199981689453,182.4499969482422,2000442,NVDA,5m
2026-03-04 15:40:00+00:00,182.4698944091797,182.72000122070312,182.30999755859375,182.5800018310547,1703105,NVDA,5m
2026-03-04 15:45:00+00:00,182.57000732421875,182.625,182.16000366210938,182.47019958496094,1748640,NVDA,5m
2026-03-04 15:50:00+00:00,182.47000122070312,182.67999267578125,182.1699981689453,182.52000427246094,1768915,NVDA,5m
2026-03-04 15:55:00+00:00,182.5,183.06500244140625,182.44000244140625,182.8000946044922,2028495,NVDA,5m
2026-03-04 16:00:00+00:00,182.82000732421875,183.33999633789062,182.64999389648438,183.0399932861328,1713861,NVDA,5m
2026-03-04 16:05:00+00:00,183.02999877929688,183.11000061035156,182.4810028076172,182.53500366210938,1710973,NVDA,5m
2026-03-04 16:10:00+00:00,182.5399932861328,182.58999633789062,181.8000030517578,181.97000122070312,2173467,NVDA,5m
2026-03-04 16:15:00+00:00,181.97000122070312,182.35000610351562,181.91000366210938,182.0399932861328,1662325,NVDA,5m
2026-03-04 16:20:00+00:00,182.04139709472656,182.4199981689453,181.95010375976562,182.0449981689453,1578989,NVDA,5m
2026-03-04 16:25:00+00:00,182.04739379882812,182.72000122070312,181.91000366210938,182.39999389648438,1639175,NVDA,5m
2026-03-04 16:30:00+00:00,182.39999389648438,182.76620483398438,182.32080078125,182.69749450683594,1107504,NVDA,5m
2026-03-04 16:35:00+00:00,182.7100067138672,182.95989990234375,182.36000061035156,182.6199951171875,1517321,NVDA,5m
2026-03-04 16:40:00+00:00,182.6300048828125,183.14500427246094,182.57000732421875,183.02000427246094,1613174,NVDA,5m
2026-03-04 16:45:00+00:00,183.02000427246094,183.1199951171875,182.80999755859375,182.85000610351562,1085978,NVDA,5m
2026-03-04 16:50:00+00:00,182.85000610351562,183.05999755859375,182.6999969482422,182.9250030517578,1201996,NVDA,5m
2026-03-04 16:55:00+00:00,182.92999267578125,183.02999877929688,182.6199951171875,182.6898956298828,941558,NVDA,5m
2026-03-04 17:00:00+00:00,182.6999969482422,182.9600067138672,182.61000061035156,182.8249969482422,1050158,NVDA,5m
2026-03-04 17:05:00+00:00,182.8300018310547,183.1199951171875,182.77000427246094,182.80999755859375,1737583,NVDA,5m
2026-03-04 17:10:00+00:00,182.80999755859375,182.9250030517578,182.64999389648438,182.6898956298828,952592,NVDA,5m
2026-03-04 17:15:00+00:00,182.6800994873047,182.69500732421875,182.47999572753906,182.53140258789062,1055799,NVDA,5m
2026-03-04 17:20:00+00:00,182.5399932861328,182.65989685058594,182.41990661621094,182.65989685058594,1093798,NVDA,5m
2026-03-04 17:25:00+00:00,182.63999938964844,182.7899932861328,182.44000244140625,182.48500061035156,1102105,NVDA,5m
2026-03-04 17:30:00+00:00,182.49000549316406,182.6300048828125,182.19000244140625,182.50999450683594,1207902,NVDA,5m
2026-03-04 17:35:00+00:00,182.52000427246094,182.86000061035156,182.51499938964844,182.8350067138672,1062290,NVDA,5m
2026-03-04 17:40:00+00:00,182.83009338378906,183.2100067138672,182.83009338378906,182.8800048828125,1866515,NVDA,5m
2026-03-04 17:45:00+00:00,182.8699951171875,183.17999267578125,182.84500122070312,183.10000610351562,984827,NVDA,5m
2026-03-04 17:50:00+00:00,183.11000061035156,183.36000061035156,183.0399932861328,183.20010375976562,1219700,NVDA,5m
2026-03-04 17:55:00+00:00,183.18499755859375,183.27499389648438,182.89999389648438,182.99000549316406,1027462,NVDA,5m
2026-03-04 18:00:00+00:00,182.99000549316406,183.08999633789062,182.8300018310547,182.8699951171875,726363,NVDA,5m
2026-03-04 18:05:00+00:00,182.875,183.13040161132812,182.80499267578125,182.96060180664062,849245,NVDA,5m
2026-03-04 18:10:00+00:00,182.97000122070312,183.125,182.89999389648438,182.9499969482422,663712,NVDA,5m
2026-03-04 18:15:00+00:00,182.94500732421875,183.0500030517578,182.77000427246094,182.77999877929688,844455,NVDA,5m
2026-03-04 18:20:00+00:00,182.77999877929688,182.83999633789062,182.5800018310547,182.6038055419922,979656,NVDA,5m
2026-03-04 18:25:00+00:00,182.60499572753906,183.05999755859375,182.38499450683594,183.04989624023438,1611923,NVDA,5m
2026-03-04 18:30:00+00:00,183.0399932861328,183.6300048828125,182.97999572753906,183.2698974609375,2351898,NVDA,5m
2026-03-04 18:35:00+00:00,183.26499938964844,183.36000061035156,183.1199951171875,183.1750030517578,1297022,NVDA,5m
2026-03-04 18:40:00+00:00,183.17999267578125,184.08999633789062,183.15499877929688,183.8249969482422,2917805,NVDA,5m
2026-03-04 18:45:00+00:00,183.82000732421875,183.97999572753906,183.52999877929688,183.91270446777344,1921819,NVDA,5m
2026-03-04 18:50:00+00:00,183.91000366210938,184.61500549316406,183.84500122070312,184.35000610351562,2853186,NVDA,5m
2026-03-04 18:55:00+00:00,184.35499572753906,184.5449981689453,184.1699981689453,184.52000427246094,2345429,NVDA,5m
2026-03-04 19:00:00+00:00,184.52000427246094,184.6999969482422,184.3699951171875,184.4799041748047,1769603,NVDA,5m
2026-03-04 19:05:00+00:00,184.46499633789062,184.55999755859375,184.0800018310547,184.19009399414062,1477630,NVDA,5m
2026-03-04 19:10:00+00:00,184.19940185546875,184.33999633789062,184.1300048828125,184.14999389648438,970541,NVDA,5m
2026-03-04 19:15:00+00:00,184.14500427246094,184.63999938964844,184.1300048828125,184.5800018310547,1459341,NVDA,5m
2026-03-04 19:20:00+00:00,184.57029724121094,184.64999389648438,184.22999572753906,184.41510009765625,1187621,NVDA,5m
2026-03-04 19:25:00+00:00,184.41000366210938,184.53500366210938,184.10000610351562,184.30499267578125,1339842,NVDA,5m
2026-03-04 19:30:00+00:00,184.30499267578125,184.33999633789062,183.83999633789062,183.97500610351562,1447435,NVDA,5m
2026-03-04 19:35:00+00:00,183.97000122070312,184.0500030517578,183.89999389648438,183.9761962890625,1070268,NVDA,5m
2026-03-04 19:40:00+00:00,183.97500610351562,184.0500030517578,183.7100067138672,183.77999877929688,1153937,NVDA,5m
2026-03-04 19:45:00+00:00,183.77000427246094,183.8699951171875,183.5500030517578,183.81500244140625,1143887,NVDA,5m
2026-03-04 19:50:00+00:00,183.81500244140625,183.9499969482422,183.67010498046875,183.9250030517578,1120162,NVDA,5m
2026-03-04 19:55:00+00:00,183.92999267578125,184.05999755859375,183.67999267578125,183.8249969482422,1693843,NVDA,5m
2026-03-04 20:00:00+00:00,183.7949981689453,183.86000061035156,183.4199981689453,183.47500610351562,1568868,NVDA,5m
2026-03-04 20:05:00+00:00,183.47999572753906,183.65499877929688,183.3699951171875,183.55999755859375,1212314,NVDA,5m
2026-03-04 20:10:00+00:00,183.57000732421875,183.57000732421875,183.1999969482422,183.31979370117188,1305898,NVDA,5m
2026-03-04 20:15:00+00:00,183.32000732421875,183.3300018310547,183.08999633789062,183.1999969482422,1953584,NVDA,5m
2026-03-04 20:20:00+00:00,183.2050018310547,183.2698974609375,182.6699981689453,182.6999969482422,1769725,NVDA,5m
2026-03-04 20:25:00+00:00,182.6999969482422,183.1699981689453,182.60000610351562,183.07000732421875,2043978,NVDA,5m
2026-03-04 20:30:00+00:00,183.0749969482422,183.0800018310547,182.67999267578125,182.72500610351562,1799751,NVDA,5m
2026-03-04 20:35:00+00:00,182.72000122070312,183.08999633789062,182.69000244140625,182.9600067138672,1682848,NVDA,5m
2026-03-04 20:40:00+00:00,182.9600067138672,183.30999755859375,182.89999389648438,183.0749969482422,1635266,NVDA,5m
2026-03-04 20:45:00+00:00,183.07000732421875,183.2050018310547,182.88999938964844,183.09500122070312,2665686,NVDA,5m
2026-03-04 20:50:00+00:00,183.09500122070312,183.19000244140625,182.60000610351562,183.0601043701172,3318245,NVDA,5m
2026-03-04 20:55:00+00:00,183.0399932861328,183.33999633789062,182.89999389648438,182.89999389648438,6349953,NVDA,5m
2026-03-05 14:30:00+00:00,181.1699981689453,181.9199981689453,180.80999755859375,181.72999572753906,9517988,NVDA,5m
2026-03-05 14:35:00+00:00,181.7200927734375,182.4600067138672,181.27499389648438,181.47000122070312,4212878,NVDA,5m
2026-03-05 14:40:00+00:00,181.4593963623047,181.68359375,181.0,181.08999633789062,3348716,NVDA,5m
2026-03-05 14:45:00+00:00,181.10000610351562,182.36000061035156,180.89999389648438,181.8300018310547,3689216,NVDA,5m
2026-03-05 14:50:00+00:00,181.8249969482422,182.53990173339844,181.64999389648438,182.25509643554688,2621869,NVDA,5m
2026-03-05 14:55:00+00:00,182.2303009033203,182.7899932861328,181.99000549316406,182.46249389648438,2302190,NVDA,5m
2026-03-05 15:00:00+00:00,182.4600067138672,182.78500366210938,182.0500030517578,182.102294921875,2214167,NVDA,5m
2026-03-05 15:05:00+00:00,182.10499572753906,182.25999450683594,181.80999755859375,182.1300048828125,1982336,NVDA,5m
2026-03-05 15:10:00+00:00,182.1300048828125,182.65499877929688,182.11000061035156,182.5850067138672,2704562,NVDA,5m
2026-03-05 15:15:00+00:00,182.58999633789062,182.6999969482422,182.19000244140625,182.52000427246094,2264476,NVDA,5m
2026-03-05 15:20:00+00:00,182.52000427246094,182.61500549316406,182.0,182.0196990966797,1999660,NVDA,5m
2026-03-05 15:25:00+00:00,182.00999450683594,182.07000732421875,181.44500732421875,181.69500732421875,2329788,NVDA,5m
2026-03-05 15:30:00+00:00,181.6999969482422,181.7086944580078,180.85499572753906,181.5399932861328,2940874,NVDA,5m
2026-03-05 15:35:00+00:00,181.5449981689453,182.27000427246094,181.38999938964844,182.23280334472656,2311438,NVDA,5m
2026-03-05 15:40:00+00:00,182.24000549316406,182.75999450683594,182.2100067138672,182.4969940185547,2559514,NVDA,5m
2026-03-05 15:45:00+00:00,182.5,183.0800018310547,182.3325958251953,183.02999877929688,2477308,NVDA,5m
2026-03-05 15:50:00+00:00,183.02999877929688,183.82000732421875,182.91000366210938,183.5800018310547,2840421,NVDA,5m
2026-03-05 15:55:00+00:00,183.5850067138672,183.9199981689453,183.41000366210938,183.9199981689453,2234944,NVDA,5m
2026-03-05 16:00:00+00:00,183.88999938964844,184.0399932861328,183.54010009765625,183.63499450683594,2406151,NVDA,5m
2026-03-05 16:05:00+00:00,183.6300048828125,184.05999755859375,183.21009826660156,183.2899932861328,2195277,NVDA,5m
2026-03-05 16:10:00+00:00,183.2899932861328,183.75,183.02000427246094,183.4499969482422,2148153,NVDA,5m
2026-03-05 16:15:00+00:00,183.4499053955078,183.6199951171875,183.00999450683594,183.02999877929688,1572475,NVDA,5m
2026-03-05 16:20:00+00:00,183.02499389648438,183.35000610351562,182.8699951171875,183.06500244140625,1766485,NVDA,5m
2026-03-05 16:25:00+00:00,183.05999755859375,183.39999389648438,182.72000122070312,182.77999877929688,1413823,NVDA,5m
2026-03-05 16:30:00+00:00,182.8000030517578,183.6699981689453,182.77000427246094,183.4105987548828,1820259,NVDA,5m
2026-03-05 16:35:00+00:00,183.41619873046875,183.5449981689453,183.07000732421875,183.22000122070312,1562522,NVDA,5m
2026-03-05 16:40:00+00:00,183.24000549316406,183.45089721679688,182.89500427246094,183.0399932861328,1185186,NVDA,5m
2026-03-05 16:45:00+00:00,183.0500030517578,183.4250030517578,182.9550018310547,182.97850036621094,984422,NVDA,5m
2026-03-05 16:50:00+00:00,183.0,183.2198944091797,182.8800048828125,183.14450073242188,915711,NVDA,5m
2026-03-05 16:55:00+00:00,183.14500427246094,183.38999938964844,182.96499633789062,183.02000427246094,1235729,NVDA,5m
2026-03-05 17:00:00+00:00,183.02000427246094,183.64999389648438,182.91000366210938,183.6199951171875,1164580,NVDA,5m
2026-03-05 17:05:00+00:00,183.61000061035156,183.8300018310547,183.0500030517578,183.0500030517578,1274997,NVDA,5m
2026-03-05 17:10:00+00:00,183.0449981689453,183.0500030517578,182.5449981689453,182.81500244140625,1621363,NVDA,5m
2026-03-05 17:15:00+00:00,182.81080627441406,182.82000732421875,181.86500549316406,181.99000549316406,1765048,NVDA,5m
2026-03-05 17:20:00+00:00,181.99000549316406,182.16000366210938,181.7530059814453,182.03500366210938,1349350,NVDA,5m
2026-03-05 17:25:00+00:00,182.03500366210938,182.24000549316406,181.07000732421875,181.07000732421875,2754797,NVDA,5m
2026-03-05 17:30:00+00:00,181.07000732421875,181.22000122070312,179.72999572753906,180.16000366210938,5788863,NVDA,5m
2026-03-05 17:35:00+00:00,180.1999969482422,180.52999877929688,179.5,179.6300048828125,4184132,NVDA,5m
2026-03-05 17:40:00+00:00,179.6199951171875,179.8699951171875,179.2050018310547,179.36000061035156,2830251,NVDA,5m
2026-03-05 17:45:00+00:00,179.35000610351562,179.4600067138672,178.2899932861328,178.35000610351562,4056472,NVDA,5m
2026-03-05 17:50:00+00:00,178.3800048828125,178.88999938964844,177.88999938964844,178.3300018310547,4087387,NVDA,5m
2026-03-05 17:55:00+00:00,178.3300018310547,178.75,178.0800018310547,178.6750030517578,2668710,NVDA,5m
2026-03-05 18:00:00+00:00,178.6699981689453,179.19000244140625,178.64500427246094,179.1199951171875,2699102,NVDA,5m
2026-03-05 18:05:00+00:00,179.11000061035156,179.91000366210938,179.02000427246094,179.72999572753906,2631312,NVDA,5m
2026-03-05 18:10:00+00:00,179.7200927734375,179.9250030517578,179.32000732421875,179.8300018310547,2542844,NVDA,5m
2026-03-05 18:15:00+00:00,179.84500122070312,180.1199951171875,179.02999877929688,179.125,2108787,NVDA,5m
2026-03-05 18:20:00+00:00,179.1300048828125,179.67999267578125,179.08999633789062,179.52940368652344,1508071,NVDA,5m
2026-03-05 18:25:00+00:00,179.5399932861328,179.63619995117188,178.77000427246094,178.87989807128906,1696425,NVDA,5m
2026-03-05 18:30:00+00:00,178.8699951171875,179.47000122070312,178.8000030517578,179.375,1466019,NVDA,5m
2026-03-05 18:35:00+00:00,179.375,179.85499572753906,179.19000244140625,179.72999572753906,1446585,NVDA,5m
2026-03-05 18:40:00+00:00,179.73500061035156,180.19000244140625,179.6300048828125,179.94000244140625,1764242,NVDA,5m
2026-03-05 18:45:00+00:00,179.93499755859375,180.06500244140625,179.61000061035156,179.89500427246094,1500984,NVDA,5m
2026-03-05 18:50:00+00:00,179.89999389648438,179.92999267578125,179.4199981689453,179.4810028076172,1137172,NVDA,5m
2026-03-05 18:55:00+00:00,179.47999572753906,180.0399932861328,179.47000122070312,179.97500610351562,1043011,NVDA,5m
2026-03-05 19:00:00+00:00,179.97000122070312,180.3957977294922,179.87229919433594,180.2949981689453,1632702,NVDA,5m
2026-03-05 19:05:00+00:00,180.27000427246094,180.61000061035156,180.13999938964844,180.5800018310547,2000359,NVDA,5m
2026-03-05 19:10:00+00:00,180.58999633789062,180.8000030517578,180.39999389648438,180.72999572753906,1211675,NVDA,5m
2026-03-05 19:15:00+00:00,180.72999572753906,180.85000610351562,180.5449981689453,180.8300018310547,1451868,NVDA,5m
2026-03-05 19:20:00+00:00,180.85000610351562,181.02000427246094,180.44009399414062,180.72999572753906,1942959,NVDA,5m
2026-03-05 19:25:00+00:00,180.72999572753906,180.8300018310547,180.2899932861328,180.72999572753906,1374886,NVDA,5m
2026-03-05 19:30:00+00:00,180.72999572753906,180.72999572753906,180.11000061035156,180.17999267578125,1401648,NVDA,5m
2026-03-05 19:35:00+00:00,180.18499755859375,180.3350067138672,179.88999938964844,180.18499755859375,1468024,NVDA,5m
2026-03-05 19:40:00+00:00,180.17999267578125,180.5800018310547,180.1300048828125,180.42979431152344,2199065,NVDA,5m
2026-03-05 19:45:00+00:00,180.41009521484375,180.86000061035156,180.32359313964844,180.7823028564453,1132764,NVDA,5m
2026-03-05 19:50:00+00:00,180.78990173339844,180.88999938964844,180.16650390625,180.18499755859375,1390616,NVDA,5m
2026-03-05 19:55:00+00:00,180.17999267578125,180.72000122070312,180.08999633789062,180.57000732421875,1148018,NVDA,5m
2026-03-05 20:00:00+00:00,180.5800018310547,181.1999969482422,180.41000366210938,181.11399841308594,1549603,NVDA,5m
2026-03-05 20:05:00+00:00,181.10000610351562,181.5299072265625,180.67999267578125,181.49000549316406,2242490,NVDA,5m
2026-03-05 20:10:00+00:00,181.5,181.8800048828125,181.4600067138672,181.6199951171875,2011293,NVDA,5m
2026-03-05 20:15:00+00:00,181.6300048828125,182.14059448242188,181.5500030517578,181.92010498046875,1938187,NVDA,5m
2026-03-05 20:20:00+00:00,181.9199981689453,182.18980407714844,181.77000427246094,182.13499450683594,1475219,NVDA,5m
2026-03-05 20:25:00+00:00,182.14999389648438,182.38999938964844,181.85009765625,181.875,2111618,NVDA,5m
2026-03-05 20:30:00+00:00,181.8800048828125,182.30999755859375,181.70010375976562,182.2637939453125,3130789,NVDA,5m
2026-03-05 20:35:00+00:00,182.25999450683594,182.4600067138672,182.17999267578125,182.22999572753906,2091282,NVDA,5m
2026-03-05 20:40:00+00:00,182.24000549316406,182.39999389648438,182.00010681152344,182.1999969482422,1873840,NVDA,5m
2026-03-05 20:45:00+00:00,182.2100067138672,182.52000427246094,182.08999633789062,182.51499938964844,2038443,NVDA,5m
2026-03-05 20:50:00+00:00,182.52000427246094,183.0,182.44000244140625,182.98500061035156,3358133,NVDA,5m
2026-03-05 20:55:00+00:00,183.0,183.4199981689453,182.8699951171875,183.3300018310547,8038344,NVDA,5m
2026-03-06 14:30:00+00:00,179.83999633789062,181.44000244140625,179.63999938964844,180.9600067138672,11811498,NVDA,5m
2026-03-06 14:35:00+00:00,180.96499633789062,181.2899932861328,179.9499969482422,181.0601043701172,4253743,NVDA,5m
2026-03-06 14:40:00+00:00,181.0399932861328,181.5500030517578,180.75,181.16000366210938,3034034,NVDA,5m
2026-03-06 14:45:00+00:00,181.14999389648438,182.13999938964844,181.14999389648438,181.74609375,4272262,NVDA,5m
2026-03-06 14:50:00+00:00,181.74960327148438,182.33999633789062,181.55999755859375,181.8000030517578,2766519,NVDA,5m
2026-03-06 14:55:00+00:00,181.8000030517578,181.9949951171875,181.23179626464844,181.8699951171875,2647917,NVDA,5m
2026-03-06 15:00:00+00:00,181.88999938964844,182.57000732421875,181.8699951171875,182.51649475097656,3275522,NVDA,5m
2026-03-06 15:05:00+00:00,182.5399932861328,182.756103515625,181.6300048828125,181.63499450683594,2651023,NVDA,5m
2026-03-06 15:10:00+00:00,181.635498046875,182.2899932861328,181.4499969482422,182.19000244140625,2445101,NVDA,5m
2026-03-06 15:15:00+00:00,182.1999969482422,182.5,182.01499938964844,182.08299255371094,2124611,NVDA,5m
2026-03-06 15:20:00+00:00,182.09010314941406,182.16299438476562,181.8000030517578,182.0399932861328,1609212,NVDA,5m
2026-03-06 15:25:00+00:00,182.02000427246094,182.13999938964844,181.69500732421875,181.82009887695312,1422829,NVDA,5m
2026-03-06 15:30:00+00:00,181.82000732421875,182.1280059814453,181.67999267578125,181.88609313964844,1520827,NVDA,5m
2026-03-06 15:35:00+00:00,181.8800048828125,182.40499877929688,181.67999267578125,182.2100067138672,2213368,NVDA,5m
2026-03-06 15:40:00+00:00,182.20010375976562,182.2100067138672,181.6199951171875,181.9250030517578,1711752,NVDA,5m
2026-03-06 15:45:00+00:00,181.91000366210938,182.02000427246094,181.4199981689453,181.53990173339844,1389844,NVDA,5m
2026-03-06 15:50:00+00:00,181.5449981689453,181.5500030517578,180.89999389648438,181.51499938964844,2261872,NVDA,5m
2026-03-06 15:55:00+00:00,181.52000427246094,182.2801055908203,181.51499938964844,181.94940185546875,1956235,NVDA,5m
2026-03-06 16:00:00+00:00,181.9199981689453,182.1300048828125,181.8000030517578,182.02609252929688,1297773,NVDA,5m
2026-03-06 16:05:00+00:00,182.02000427246094,182.0749969482422,181.39999389648438,181.46499633789062,1568649,NVDA,5m
2026-03-06 16:10:00+00:00,181.5,181.52000427246094,181.22000122070312,181.38999938964844,1261772,NVDA,5m
2026-03-06 16:15:00+00:00,181.38079833984375,181.63999938964844,181.08999633789062,181.38499450683594,1782808,NVDA,5m
2026-03-06 16:20:00+00:00,181.38499450683594,181.47999572753906,181.02000427246094,181.4499969482422,1678086,NVDA,5m
2026-03-06 16:25:00+00:00,181.42999267578125,181.77999877929688,181.22000122070312,181.7100067138672,1369318,NVDA,5m
2026-03-06 16:30:00+00:00,181.718505859375,181.79989624023438,181.22999572753906,181.30999755859375,1241896,NVDA,5m
2026-03-06 16:35:00+00:00,181.2949981689453,181.77999877929688,181.2899932861328,181.69000244140625,1385332,NVDA,5m
2026-03-06 16:40:00+00:00,181.7100067138672,181.8699951171875,181.52499389648438,181.76499938964844,1182930,NVDA,5m
2026-03-06 16:45:00+00:00,181.77000427246094,182.12100219726562,181.7449951171875,181.99899291992188,1514598,NVDA,5m
2026-03-06 16:50:00+00:00,181.99000549316406,182.4571075439453,181.98500061035156,182.10499572753906,1733950,NVDA,5m
2026-03-06 16:55:00+00:00,182.0919952392578,182.41000366210938,181.95010375976562,182.3101043701172,1384084,NVDA,5m
2026-03-06 17:00:00+00:00,182.32000732421875,182.49000549316406,182.08999633789062,182.1699981689453,1925177,NVDA,5m
2026-03-06 17:05:00+00:00,182.173095703125,182.30990600585938,181.66000366210938,181.77999877929688,1462092,NVDA,5m
2026-03-06 17:10:00+00:00,181.7700958251953,181.9199981689453,181.5,181.6201934814453,1299672,NVDA,5m
2026-03-06 17:15:00+00:00,181.625,181.77000427246094,181.3699951171875,181.67999267578125,1251888,NVDA,5m
2026-03-06 17:20:00+00:00,181.67999267578125,181.91000366210938,181.3199005126953,181.3350067138672,1497097,NVDA,5m
2026-03-06 17:25:00+00:00,181.33999633789062,181.43609619140625,181.02999877929688,181.13999938964844,1374350,NVDA,5m
2026-03-06 17:30:00+00:00,181.13999938964844,181.2100067138672,180.9499969482422,181.09010314941406,1184369,NVDA,5m
2026-03-06 17:35:00+00:00,181.10000610351562,181.1300048828125,180.52000427246094,180.72000122070312,1612646,NVDA,5m
2026-03-06 17:40:00+00:00,180.7301025390625,180.9199981689453,180.69000244140625,180.8350067138672,1250597,NVDA,5m
2026-03-06 17:45:00+00:00,180.8466033935547,181.02999877929688,180.75999450683594,180.9199981689453,1072647,NVDA,5m
2026-03-06 17:50:00+00:00,180.91650390625,181.13999938964844,180.77000427246094,180.8800048828125,1014765,NVDA,5m
2026-03-06 17:55:00+00:00,180.8802947998047,181.07000732421875,180.7801055908203,180.8249969482422,1043477,NVDA,5m
2026-03-06 18:00:00+00:00,180.82000732421875,181.125,180.62249755859375,180.71499633789062,1212075,NVDA,5m
2026-03-06 18:05:00+00:00,180.7299041748047,181.08999633789062,180.69000244140625,180.9799041748047,889434,NVDA,5m
2026-03-06 18:10:00+00:00,180.99000549316406,181.60000610351562,180.8800048828125,181.55999755859375,1525225,NVDA,5m
2026-03-06 18:15:00+00:00,181.5800018310547,181.8249969482422,181.50999450683594,181.64999389648438,1426447,NVDA,5m
2026-03-06 18:20:00+00:00,181.65499877929688,181.7799072265625,181.52999877929688,181.69000244140625,1070770,NVDA,5m
2026-03-06 18:25:00+00:00,181.6999969482422,181.6999969482422,181.27000427246094,181.46009826660156,1090377,NVDA,5m
2026-03-06 18:30:00+00:00,181.4499969482422,181.7698974609375,181.38999938964844,181.58999633789062,1104558,NVDA,5m
2026-03-06 18:35:00+00:00,181.58999633789062,181.61000061035156,181.22000122070312,181.26010131835938,1567361,NVDA,5m
2026-03-06 18:40:00+00:00,181.25999450683594,181.52000427246094,181.1300048828125,181.44000244140625,1144432,NVDA,5m
2026-03-06 18:45:00+00:00,181.4499969482422,181.48500061035156,181.0850067138672,181.2899932861328,1824469,NVDA,5m
2026-03-06 18:50:00+00:00,181.2899932861328,181.31500244140625,180.8000030517578,180.9001007080078,1081885,NVDA,5m
2026-03-06 18:55:00+00:00,180.89500427246094,181.0050048828125,180.83999633789062,180.86500549316406,706405,NVDA,5m
2026-03-06 19:00:00+00:00,180.8800048828125,181.0050048828125,180.60000610351562,180.61990356445312,958831,NVDA,5m
2026-03-06 19:05:00+00:00,180.61500549316406,180.8489990234375,180.5399932861328,180.74000549316406,955731,NVDA,5m
2026-03-06 19:10:00+00:00,180.75999450683594,180.9199981689453,180.60000610351562,180.90240478515625,905935,NVDA,5m
2026-03-06 19:15:00+00:00,180.89999389648438,180.90699768066406,180.26499938964844,180.52999877929688,2352396,NVDA,5m
2026-03-06 19:20:00+00:00,180.5050048828125,180.55999755859375,180.19000244140625,180.34500122070312,1317558,NVDA,5m
2026-03-06 19:25:00+00:00,180.35000610351562,180.55990600585938,180.19000244140625,180.52999877929688,1136877,NVDA,5m
2026-03-06 19:30:00+00:00,180.52000427246094,180.77000427246094,180.4600067138672,180.52999877929688,1097533,NVDA,5m
2026-03-06 19:35:00+00:00,180.5449981689453,180.58990478515625,180.01010131835938,180.09500122070312,1279680,NVDA,5m
2026-03-06 19:40:00+00:00,180.10000610351562,180.4600067138672,180.0841064453125,180.14999389648438,972265,NVDA,5m
2026-03-06 19:45:00+00:00,180.13999938964844,180.19970703125,179.92999267578125,180.00999450683594,1374355,NVDA,5m
2026-03-06 19:50:00+00:00,180.00999450683594,180.1699981689453,179.88999938964844,180.1300048828125,1195666,NVDA,5m
2026-03-06 19:55:00+00:00,180.13999938964844,180.2100067138672,179.9949951171875,180.0500030517578,1018928,NVDA,5m
2026-03-06 20:00:00+00:00,180.0500030517578,180.31739807128906,179.9499969482422,180.1970977783203,1268208,NVDA,5m
2026-03-06 20:05:00+00:00,180.19000244140625,180.25,179.75,179.81500244140625,1359704,NVDA,5m
2026-03-06 20:10:00+00:00,179.80499267578125,179.89999389648438,178.36000061035156,178.82000732421875,5055437,NVDA,5m
2026-03-06 20:15:00+00:00,178.8179931640625,179.36390686035156,178.57000732421875,178.91009521484375,2868314,NVDA,5m
2026-03-06 20:20:00+00:00,178.89999389648438,178.9499969482422,177.89999389648438,177.9250030517578,3700043,NVDA,5m
2026-03-06 20:25:00+00:00,177.9250030517578,177.94000244140625,176.9499969482422,177.1300048828125,4696633,NVDA,5m
2026-03-06 20:30:00+00:00,177.13999938964844,177.50999450683594,177.0,177.2100067138672,3385419,NVDA,5m
2026-03-06 20:35:00+00:00,177.2050018310547,177.9199981689453,176.82009887695312,177.29969787597656,5456151,NVDA,5m
2026-03-06 20:40:00+00:00,177.29010009765625,178.10000610351562,177.00010681152344,177.75999450683594,4754369,NVDA,5m
2026-03-06 20:45:00+00:00,177.72999572753906,178.19000244140625,177.60000610351562,178.0850067138672,2810972,NVDA,5m
2026-03-06 20:50:00+00:00,178.07000732421875,178.37989807128906,177.8800048828125,178.25,3775878,NVDA,5m
2026-03-06 20:55:00+00:00,178.25,178.25,177.60000610351562,177.72999572753906,6069117,NVDA,5m
2026-03-09 13:30:00+00:00,176.8300018310547,178.15829467773438,176.5,177.52000427246094,10956488,NVDA,5m
2026-03-09 13:35:00+00:00,177.52999877929688,177.82000732421875,176.1540069580078,176.25,3462706,NVDA,5m
2026-03-09 13:40:00+00:00,176.25,176.7100067138672,175.6199951171875,176.1199951171875,4049813,NVDA,5m
2026-03-09 13:45:00+00:00,176.125,176.52999877929688,175.55999755859375,176.11500549316406,2745722,NVDA,5m
2026-03-09 13:50:00+00:00,176.11000061035156,176.7100067138672,176.0,176.36000061035156,2320073,NVDA,5m
2026-03-09 13:55:00+00:00,176.36000061035156,177.3699951171875,176.0,176.93499755859375,3554283,NVDA,5m
2026-03-09 14:00:00+00:00,176.92999267578125,178.00999450683594,176.77000427246094,177.84500122070312,3460336,NVDA,5m
2026-03-09 14:05:00+00:00,177.8480987548828,177.8699951171875,176.80999755859375,176.9300994873047,2357173,NVDA,5m
2026-03-09 14:10:00+00:00,176.9499969482422,177.0500946044922,176.25,176.95010375976562,2369456,NVDA,5m
2026-03-09 14:15:00+00:00,176.97000122070312,177.85000610351562,176.83999633789062,177.70989990234375,2402667,NVDA,5m
2026-03-09 14:20:00+00:00,177.69500732421875,178.29989624023438,177.25999450683594,178.2449951171875,2726474,NVDA,5m
2026-03-09 14:25:00+00:00,178.2449951171875,178.50999450683594,177.75390625,178.11000061035156,2815837,NVDA,5m
2026-03-09 14:30:00+00:00,178.08999633789062,178.42999267578125,177.99000549316406,178.21499633789062,2219808,NVDA,5m
2026-03-09 14:35:00+00:00,178.21499633789062,178.91000366210938,178.10000610351562,178.67999267578125,2189957,NVDA,5m
2026-03-09 14:40:00+00:00,178.6750030517578,179.08900451660156,178.60000610351562,179.05999755859375,2015260,NVDA,5m
2026-03-09 14:45:00+00:00,179.07000732421875,179.35000610351562,178.89999389648438,179.22999572753906,2000925,NVDA,5m
2026-03-09 14:50:00+00:00,179.22999572753906,179.2899932861328,178.74000549316406,178.89990234375,1742472,NVDA,5m
2026-03-09 14:55:00+00:00,178.89990234375,179.13999938964844,178.69000244140625,178.74000549316406,1943867,NVDA,5m
2026-03-09 15:00:00+00:00,178.7550048828125,179.06849670410156,178.75,178.8800048828125,1325306,NVDA,5m
2026-03-09 15:05:00+00:00,178.8699951171875,179.218505859375,178.7899932861328,178.97999572753906,1295775,NVDA,5m
2026-03-09 15:10:00+00:00,178.97999572753906,179.47999572753906,178.9499969482422,179.03199768066406,1590490,NVDA,5m
2026-03-09 15:15:00+00:00,179.0500030517578,179.38999938964844,178.6501007080078,178.889892578125,1417460,NVDA,5m
2026-03-09 15:20:00+00:00,178.8699951171875,179.16000366210938,178.78990173339844,179.09500122070312,1134728,NVDA,5m
2026-03-09 15:25:00+00:00,179.07000732421875,179.22390747070312,178.9199981689453,179.18499755859375,1043695,NVDA,5m
2026-03-09 15:30:00+00:00,179.16000366210938,179.25,179.01060485839844,179.1750030517578,1593584,NVDA,5m
2026-03-09 15:35:00+00:00,179.16000366210938,179.25,178.8000030517578,179.15969848632812,1273984,NVDA,5m
2026-03-09 15:40:00+00:00,179.13499450683594,179.22999572753906,178.81500244140625,178.86500549316406,1092658,NVDA,5m
2026-03-09 15:45:00+00:00,178.88499450683594,179.4600067138672,178.8300018310547,179.4127960205078,1531523,NVDA,5m
2026-03-09 15:50:00+00:00,179.4149932861328,180.0,179.22000122070312,179.9250030517578,2322852,NVDA,5m
2026-03-09 15:55:00+00:00,179.9149932861328,180.1300048828125,179.72000122070312,179.73500061035156,1733976,NVDA,5m
2026-03-09 16:00:00+00:00,179.74000549316406,180.05999755859375,179.55999755859375,179.76499938964844,1349491,NVDA,5m
2026-03-09 16:05:00+00:00,179.77499389648438,179.9199981689453,179.5800018310547,179.82000732421875,1030500,NVDA,5m
2026-03-09 16:10:00+00:00,179.8249969482422,179.8300018310547,179.55999755859375,179.6584930419922,881657,NVDA,5m
2026-03-09 16:15:00+00:00,179.66000366210938,179.96009826660156,179.61390686035156,179.85499572753906,853577,NVDA,5m
2026-03-09 16:20:00+00:00,179.85499572753906,180.05999755859375,179.5800018310547,180.0,1239746,NVDA,5m
2026-03-09 16:25:00+00:00,180.01499938964844,180.62730407714844,179.9499969482422,180.49000549316406,1876525,NVDA,5m
2026-03-09 16:30:00+00:00,180.49000549316406,180.5399932861328,180.08999633789062,180.33999633789062,1494216,NVDA,5m
2026-03-09 16:35:00+00:00,180.3459930419922,180.91000366210938,180.3300018310547,180.6999969482422,1698169,NVDA,5m
2026-03-09 16:40:00+00:00,180.6999969482422,180.8000030517578,180.52499389648438,180.5449981689453,1355148,NVDA,5m
2026-03-09 16:45:00+00:00,180.5449981689453,180.72000122070312,180.47999572753906,180.50509643554688,954364,NVDA,5m
2026-03-09 16:50:00+00:00,180.5050048828125,180.50999450683594,180.19000244140625,180.23500061035156,2197425,NVDA,5m
2026-03-09 16:55:00+00:00,180.22999572753906,180.39999389648438,180.0449981689453,180.15939331054688,1176243,NVDA,5m
2026-03-09 17:00:00+00:00,180.14999389648438,180.16000366210938,179.82000732421875,179.92999267578125,1289349,NVDA,5m
2026-03-09 17:05:00+00:00,179.9250030517578,179.9499969482422,179.61000061035156,179.8800048828125,1345892,NVDA,5m
2026-03-09 17:10:00+00:00,179.8699951171875,180.0449981689453,179.7899932861328,179.91000366210938,1007418,NVDA,5m
2026-03-09 17:15:00+00:00,179.92990112304688,179.94000244140625,179.50999450683594,179.6051025390625,937235,NVDA,5m
2026-03-09 17:20:00+00:00,179.59500122070312,179.67999267578125,179.1999969482422,179.26849365234375,1385050,NVDA,5m
2026-03-09 17:25:00+00:00,179.27000427246094,179.49000549316406,179.17999267578125,179.38999938964844,1104649,NVDA,5m
2026-03-09 17:30:00+00:00,179.39999389648438,179.65499877929688,179.3350067138672,179.44500732421875,1055828,NVDA,5m
2026-03-09 17:35:00+00:00,179.44000244140625,179.49000549316406,179.13999938964844,179.23500061035156,1209919,NVDA,5m
2026-03-09 17:40:00+00:00,179.22500610351562,179.3800048828125,179.02000427246094,179.14500427246094,1048376,NVDA,5m
2026-03-09 17:45:00+00:00,179.14999389648438,179.5500030517578,179.13999938964844,179.42999267578125,923942,NVDA,5m
2026-03-09 17:50:00+00:00,179.44000244140625,179.65499877929688,179.36000061035156,179.6199951171875,791516,NVDA,5m
2026-03-09 17:55:00+00:00,179.610107421875,179.6999969482422,179.39999389648438,179.65989685058594,819826,NVDA,5m
2026-03-09 18:00:00+00:00,179.66000366210938,180.03610229492188,179.63999938964844,179.75399780273438,2340799,NVDA,5m
2026-03-09 18:05:00+00:00,179.75999450683594,179.99000549316406,179.6699981689453,179.75,974835,NVDA,5m
2026-03-09 18:10:00+00:00,179.75,180.0,179.67999267578125,179.92999267578125,894962,NVDA,5m
2026-03-09 18:15:00+00:00,179.93499755859375,180.08099365234375,179.875,180.0050048828125,807609,NVDA,5m
2026-03-09 18:20:00+00:00,180.0050048828125,180.22000122070312,179.78199768066406,180.08999633789062,1062167,NVDA,5m
2026-03-09 18:25:00+00:00,180.0861053466797,180.1300048828125,179.89999389648438,179.91000366210938,653826,NVDA,5m
2026-03-09 18:30:00+00:00,179.89999389648438,180.41000366210938,179.78500366210938,180.31500244140625,2306986,NVDA,5m
2026-03-09 18:35:00+00:00,180.3249969482422,180.47999572753906,180.14500427246094,180.25999450683594,1079011,NVDA,5m
2026-03-09 18:40:00+00:00,180.26609802246094,180.3800048828125,180.0500030517578,180.22000122070312,1127536,NVDA,5m
2026-03-09 18:45:00+00:00,180.21499633789062,180.4149932861328,180.1999969482422,180.28390502929688,820001,NVDA,5m
2026-03-09 18:50:00+00:00,180.27999877929688,180.31500244140625,179.8249969482422,179.82510375976562,1006187,NVDA,5m
2026-03-09 18:55:00+00:00,179.8249969482422,179.8249969482422,179.30999755859375,179.3300018310547,1391034,NVDA,5m
2026-03-09 19:00:00+00:00,179.33999633789062,179.5449981689453,179.2899932861328,179.4250030517578,1044545,NVDA,5m
2026-03-09 19:05:00+00:00,179.4199981689453,179.64999389648438,179.3249969482422,179.6197052001953,1111394,NVDA,5m
2026-03-09 19:10:00+00:00,179.61419677734375,180.21499633789062,179.51499938964844,179.8249969482422,1924181,NVDA,5m
2026-03-09 19:15:00+00:00,179.82510375976562,180.86000061035156,179.69000244140625,180.7899932861328,2127575,NVDA,5m
2026-03-09 19:20:00+00:00,180.77499389648438,181.8800048828125,180.60000610351562,181.52000427246094,4833339,NVDA,5m
2026-03-09 19:25:00+00:00,181.50999450683594,182.07000732421875,181.27999877929688,182.02609252929688,3213526,NVDA,5m
2026-03-09 19:30:00+00:00,182.02999877929688,182.44000244140625,181.4499969482422,182.26699829101562,3350011,NVDA,5m
2026-03-09 19:35:00+00:00,182.25999450683594,182.91000366210938,181.97000122070312,182.8350067138672,3784718,NVDA,5m
2026-03-09 19:40:00+00:00,182.8300018310547,182.8300018310547,181.5749969482422,181.8101043701172,3444648,NVDA,5m
2026-03-09 19:45:00+00:00,181.8000030517578,182.1999969482422,181.5500030517578,182.10499572753906,2377981,NVDA,5m
2026-03-09 19:50:00+00:00,182.10000610351562,182.1199951171875,181.5325927734375,181.86500549316406,3123163,NVDA,5m
2026-03-09 19:55:00+00:00,181.86500549316406,182.8300018310547,181.86500549316406,182.67999267578125,6101882,NVDA,5m
2026-03-10 13:30:00+00:00,182.39999389648438,183.2899932861328,182.01010131835938,182.2303009033203,8681217,NVDA,5m
2026-03-10 13:35:00+00:00,182.2050018310547,183.27999877929688,182.05999755859375,183.09500122070312,3489348,NVDA,5m
2026-03-10 13:40:00+00:00,183.06680297851562,183.55999755859375,182.72000122070312,183.38949584960938,3359080,NVDA,5m
2026-03-10 13:45:00+00:00,183.32000732421875,183.8699951171875,183.17999267578125,183.52999877929688,3198167,NVDA,5m
2026-03-10 13:50:00+00:00,183.5399932861328,183.7100067138672,182.97999572753906,182.99000549316406,2071378,NVDA,5m
2026-03-10 13:55:00+00:00,182.98500061035156,183.10000610351562,182.47999572753906,182.77000427246094,2296824,NVDA,5m
2026-03-10 14:00:00+00:00,182.77999877929688,182.8300018310547,182.20010375976562,182.75999450683594,2453273,NVDA,5m
2026-03-10 14:05:00+00:00,182.77000427246094,183.05999755859375,182.27999877929688,182.32000732421875,2019055,NVDA,5m
2026-03-10 14:10:00+00:00,182.3249969482422,183.22000122070312,182.2949981689453,183.12789916992188,2122241,NVDA,5m
2026-03-10 14:15:00+00:00,183.11000061035156,183.4499969482422,182.88999938964844,183.43499755859375,1972348,NVDA,5m
2026-03-10 14:20:00+00:00,183.4499969482422,183.8800048828125,183.3300018310547,183.83990478515625,2072075,NVDA,5m
2026-03-10 14:25:00+00:00,183.8300018310547,184.22500610351562,183.64999389648438,184.0449981689453,2814405,NVDA,5m
2026-03-10 14:30:00+00:00,184.0399932861328,184.49000549316406,184.00999450683594,184.43499755859375,2454154,NVDA,5m
2026-03-10 14:35:00+00:00,184.4199981689453,184.91000366210938,184.25999450683594,184.90499877929688,2753127,NVDA,5m
2026-03-10 14:40:00+00:00,184.91000366210938,184.99000549316406,184.55999755859375,184.86000061035156,2782881,NVDA,5m
2026-03-10 14:45:00+00:00,184.86000061035156,185.33999633789062,184.74000549316406,185.26499938964844,3700462,NVDA,5m
2026-03-10 14:50:00+00:00,185.2606964111328,185.3699951171875,185.1199951171875,185.36000061035156,2035862,NVDA,5m
2026-03-10 14:55:00+00:00,185.35260009765625,185.7100067138672,185.28500366210938,185.47000122070312,2598941,NVDA,5m
2026-03-10 15:00:00+00:00,185.47000122070312,185.75,185.30499267578125,185.6761016845703,2376859,NVDA,5m
2026-03-10 15:05:00+00:00,185.69000244140625,185.72999572753906,185.24000549316406,185.35000610351562,2181162,NVDA,5m
2026-03-10 15:10:00+00:00,185.35000610351562,185.91079711914062,185.28500366210938,185.7550048828125,2788789,NVDA,5m
2026-03-10 15:15:00+00:00,185.75999450683594,186.27000427246094,185.7550048828125,186.16000366210938,3137720,NVDA,5m
2026-03-10 15:20:00+00:00,186.15499877929688,186.44000244140625,185.85000610351562,186.0500030517578,2579148,NVDA,5m
2026-03-10 15:25:00+00:00,186.0449981689453,186.0800018310547,185.75,185.9499969482422,1894827,NVDA,5m
2026-03-10 15:30:00+00:00,185.97000122070312,186.1199951171875,185.4398956298828,185.52000427246094,2425792,NVDA,5m
2026-03-10 15:35:00+00:00,185.52499389648438,185.9799041748047,185.44349670410156,185.69500732421875,2456206,NVDA,5m
2026-03-10 15:40:00+00:00,185.69000244140625,186.0800018310547,185.5301055908203,185.66000366210938,2486156,NVDA,5m
2026-03-10 15:45:00+00:00,185.6699981689453,185.8300018310547,185.52000427246094,185.6260986328125,1366553,NVDA,5m
2026-03-10 15:50:00+00:00,185.6300048828125,185.82000732421875,185.55999755859375,185.64500427246094,1110144,NVDA,5m
2026-03-10 15:55:00+00:00,185.63999938964844,185.94500732421875,185.61000061035156,185.9250030517578,1253062,NVDA,5m
2026-03-10 16:00:00+00:00,185.92999267578125,185.93499755859375,185.27000427246094,185.32000732421875,1714078,NVDA,5m
2026-03-10 16:05:00+00:00,185.32000732421875,185.3800048828125,185.0500030517578,185.360107421875,1776602,NVDA,5m
2026-03-10 16:10:00+00:00,185.36500549316406,185.63999938964844,185.29010009765625,185.5196990966797,1440994,NVDA,5m
2026-03-10 16:15:00+00:00,185.50999450683594,185.56500244140625,185.24000549316406,185.3199005126953,1274954,NVDA,5m
2026-03-10 16:20:00+00:00,185.32000732421875,185.32620239257812,185.04969787597656,185.2050018310547,1188088,NVDA,5m
2026-03-10 16:25:00+00:00,185.1999969482422,185.6199951171875,185.14999389648438,185.3076934814453,1452752,NVDA,5m
2026-03-10 16:30:00+00:00,185.32000732421875,185.6179962158203,185.27499389648438,185.61500549316406,1248497,NVDA,5m
2026-03-10 16:35:00+00:00,185.61000061035156,185.72500610351562,185.47000122070312,185.67999267578125,951121,NVDA,5m
2026-03-10 16:40:00+00:00,185.67999267578125,185.8000030517578,185.4199981689453,185.77999877929688,1047329,NVDA,5m
2026-03-10 16:45:00+00:00,185.7949981689453,185.82000732421875,185.22999572753906,185.2675018310547,1326200,NVDA,5m
2026-03-10 16:50:00+00:00,185.28500366210938,185.63870239257812,185.24000549316406,185.61500549316406,1149014,NVDA,5m
2026-03-10 16:55:00+00:00,185.61500549316406,185.73989868164062,185.5500030517578,185.63499450683594,795663,NVDA,5m
2026-03-10 17:00:00+00:00,185.6199951171875,185.85499572753906,185.55499267578125,185.77499389648438,949986,NVDA,5m
2026-03-10 17:05:00+00:00,185.77000427246094,185.92999267578125,185.6999969482422,185.7550048828125,932028,NVDA,5m
2026-03-10 17:10:00+00:00,185.76499938964844,185.8699951171875,185.55279541015625,185.6300048828125,920036,NVDA,5m
2026-03-10 17:15:00+00:00,185.62240600585938,185.99000549316406,185.61000061035156,185.985107421875,1092080,NVDA,5m
2026-03-10 17:20:00+00:00,185.985107421875,186.11000061035156,185.86500549316406,186.0500030517578,1572260,NVDA,5m
2026-03-10 17:25:00+00:00,186.0449981689453,186.22500610351562,185.97000122070312,186.13499450683594,1138518,NVDA,5m
2026-03-10 17:30:00+00:00,186.1300048828125,186.1300048828125,185.48500061035156,185.50999450683594,1448096,NVDA,5m
2026-03-10 17:35:00+00:00,185.5399932861328,185.6490020751953,185.10499572753906,185.52000427246094,1918974,NVDA,5m
2026-03-10 17:40:00+00:00,185.50999450683594,185.78700256347656,185.35000610351562,185.39210510253906,1259446,NVDA,5m
2026-03-10 17:45:00+00:00,185.39990234375,185.72500610351562,185.26499938964844,185.4499969482422,1107459,NVDA,5m
2026-03-10 17:50:00+00:00,185.4521942138672,185.7899932861328,185.4499969482422,185.72000122070312,784220,NVDA,5m
2026-03-10 17:55:00+00:00,185.71499633789062,185.77000427246094,185.52999877929688,185.72000122070312,780780,NVDA,5m
2026-03-10 18:00:00+00:00,185.72000122070312,185.81500244140625,185.57080078125,185.7449951171875,845549,NVDA,5m
2026-03-10 18:05:00+00:00,185.75,185.77999877929688,185.3800048828125,185.4539031982422,868940,NVDA,5m
2026-03-10 18:10:00+00:00,185.4499969482422,185.75999450683594,184.60009765625,184.6300048828125,1815475,NVDA,5m
2026-03-10 18:15:00+00:00,184.63999938964844,185.10000610351562,184.1199951171875,184.32989501953125,2710967,NVDA,5m
2026-03-10 18:20:00+00:00,184.3300018310547,184.8563995361328,184.10000610351562,184.6199951171875,2452831,NVDA,5m
2026-03-10 18:25:00+00:00,184.63999938964844,185.2899932861328,184.57899475097656,184.889892578125,1948122,NVDA,5m
2026-03-10 18:30:00+00:00,184.88999938964844,185.27000427246094,184.73500061035156,185.08999633789062,1447089,NVDA,5m
2026-03-10 18:35:00+00:00,185.10499572753906,185.14999389648438,184.60000610351562,184.7100067138672,1529409,NVDA,5m
2026-03-10 18:40:00+00:00,184.7050018310547,184.72000122070312,184.36019897460938,184.36500549316406,1368112,NVDA,5m
2026-03-10 18:45:00+00:00,184.37989807128906,184.6199951171875,184.24009704589844,184.57000732421875,1154369,NVDA,5m
2026-03-10 18:50:00+00:00,184.5800018310547,184.9250030517578,184.52999877929688,184.80499267578125,1510130,NVDA,5m
2026-03-10 18:55:00+00:00,184.80999755859375,184.9600067138672,184.3699951171875,184.38999938964844,1209388,NVDA,5m
2026-03-10 19:00:00+00:00,184.38499450683594,184.4550018310547,184.02000427246094,184.32009887695312,1703635,NVDA,5m
2026-03-10 19:05:00+00:00,184.3000030517578,184.69000244140625,184.2100067138672,184.57009887695312,1349480,NVDA,5m
2026-03-10 19:10:00+00:00,184.57000732421875,184.8000030517578,184.33999633789062,184.73390197753906,1647003,NVDA,5m
2026-03-10 19:15:00+00:00,184.7301025390625,184.94000244140625,184.6300048828125,184.89010620117188,1395344,NVDA,5m
2026-03-10 19:20:00+00:00,184.89700317382812,185.02999877929688,184.5,184.9550018310547,1809060,NVDA,5m
2026-03-10 19:25:00+00:00,184.9499969482422,184.97000122070312,184.36000061035156,184.39999389648438,1356411,NVDA,5m
2026-03-10 19:30:00+00:00,184.39999389648438,184.44000244140625,184.11000061035156,184.16000366210938,1744709,NVDA,5m
2026-03-10 19:35:00+00:00,184.16000366210938,184.2949981689453,183.875,184.1999969482422,2369410,NVDA,5m
2026-03-10 19:40:00+00:00,184.19000244140625,184.4949951171875,183.67999267578125,183.7949981689453,2536296,NVDA,5m
2026-03-10 19:45:00+00:00,183.8000030517578,183.8300018310547,183.25,183.33990478515625,2733041,NVDA,5m
2026-03-10 19:50:00+00:00,183.3350067138672,184.24000549316406,183.32000732421875,184.13499450683594,4012998,NVDA,5m
2026-03-10 19:55:00+00:00,184.1300048828125,184.83999633789062,184.0500030517578,184.75999450683594,7095685,NVDA,5m
2026-03-11 13:30:00+00:00,185.9199981689453,186.8699951171875,184.9499969482422,184.95010375976562,7783369,NVDA,5m
2026-03-11 13:35:00+00:00,184.95010375976562,186.02999877929688,184.94000244140625,185.99000549316406,4378416,NVDA,5m
2026-03-11 13:40:00+00:00,185.98159790039062,186.96499633789062,185.82000732421875,186.07000732421875,4011545,NVDA,5m
2026-03-11 13:45:00+00:00,186.07000732421875,186.4600067138672,185.9300994873047,186.00999450683594,2820916,NVDA,5m
2026-03-11 13:50:00+00:00,186.02499389648438,186.5500030517578,185.6699981689453,186.375,2815274,NVDA,5m
2026-03-11 13:55:00+00:00,186.38499450683594,186.99000549316406,186.08009338378906,186.8975067138672,2839087,NVDA,5m
2026-03-11 14:00:00+00:00,186.88499450683594,187.6199951171875,186.44000244140625,187.2100067138672,4865895,NVDA,5m
2026-03-11 14:05:00+00:00,187.22000122070312,187.57000732421875,186.83230590820312,186.9550018310547,2436555,NVDA,5m
2026-03-11 14:10:00+00:00,186.97500610351562,187.4499969482422,186.86000061035156,187.4149932861328,1995333,NVDA,5m
2026-03-11 14:15:00+00:00,187.41000366210938,187.4550018310547,186.92999267578125,187.3699951171875,1764032,NVDA,5m
2026-03-11 14:20:00+00:00,187.36000061035156,187.54989624023438,186.6999969482422,186.88609313964844,2282958,NVDA,5m
2026-03-11 14:25:00+00:00,186.88999938964844,186.98500061035156,186.4001007080078,186.91000366210938,1801760,NVDA,5m
2026-03-11 14:30:00+00:00,186.89010620117188,186.94000244140625,185.87010192871094,185.92999267578125,2249308,NVDA,5m
2026-03-11 14:35:00+00:00,185.93499755859375,186.4949951171875,185.93499755859375,186.33999633789062,1623002,NVDA,5m
2026-03-11 14:40:00+00:00,186.22999572753906,186.4499969482422,185.88999938964844,186.23500061035156,2053525,NVDA,5m
2026-03-11 14:45:00+00:00,186.22999572753906,186.5,186.10000610351562,186.22500610351562,1133730,NVDA,5m
2026-03-11 14:50:00+00:00,186.22999572753906,186.4499969482422,186.125,186.2899932861328,1131304,NVDA,5m
2026-03-11 14:55:00+00:00,186.2895965576172,186.61000061035156,186.10000610351562,186.43499755859375,1465931,NVDA,5m
2026-03-11 15:00:00+00:00,186.44000244140625,186.77000427246094,186.11500549316406,186.60000610351562,2244614,NVDA,5m
2026-03-11 15:05:00+00:00,186.60609436035156,186.63009643554688,186.24000549316406,186.44509887695312,1078725,NVDA,5m
2026-03-11 15:10:00+00:00,186.44500732421875,186.58389282226562,185.4499969482422,186.13499450683594,2427446,NVDA,5m
2026-03-11 15:15:00+00:00,186.1300048828125,186.16990661621094,185.44500732421875,185.625,1929653,NVDA,5m
2026-03-11 15:20:00+00:00,185.6300048828125,185.92999267578125,185.44000244140625,185.9001007080078,1438165,NVDA,5m
2026-03-11 15:25:00+00:00,185.90499877929688,186.10899353027344,185.06080627441406,185.0749969482422,1586740,NVDA,5m
2026-03-11 15:30:00+00:00,185.0760955810547,185.57000732421875,184.83999633789062,185.4550018310547,2013410,NVDA,5m
2026-03-11 15:35:00+00:00,185.47000122070312,185.6699981689453,185.27999877929688,185.55499267578125,1565379,NVDA,5m
2026-03-11 15:40:00+00:00,185.55499267578125,185.80650329589844,185.4499969482422,185.48500061035156,1077439,NVDA,5m
2026-03-11 15:45:00+00:00,185.48280334472656,185.55999755859375,185.22000122070312,185.4300994873047,1317275,NVDA,5m
2026-03-11 15:50:00+00:00,185.4499969482422,185.78799438476562,185.43190002441406,185.71609497070312,1127715,NVDA,5m
2026-03-11 15:55:00+00:00,185.6999969482422,185.75,185.4600067138672,185.60499572753906,883194,NVDA,5m
2026-03-11 16:00:00+00:00,185.60499572753906,185.6699981689453,185.32919311523438,185.4416961669922,965355,NVDA,5m
2026-03-11 16:05:00+00:00,185.44500732421875,185.52999877929688,185.25999450683594,185.44000244140625,1201624,NVDA,5m
2026-03-11 16:10:00+00:00,185.4403076171875,185.72000122070312,185.3300018310547,185.68350219726562,1184367,NVDA,5m
2026-03-11 16:15:00+00:00,185.68499755859375,185.7397003173828,185.30999755859375,185.36000061035156,980891,NVDA,5m
2026-03-11 16:20:00+00:00,185.35000610351562,185.67999267578125,185.33999633789062,185.51390075683594,885763,NVDA,5m
2026-03-11 16:25:00+00:00,185.51499938964844,185.55999755859375,185.27000427246094,185.55499267578125,949001,NVDA,5m
2026-03-11 16:30:00+00:00,185.5500030517578,186.0699005126953,185.52999877929688,185.97500610351562,1498960,NVDA,5m
2026-03-11 16:35:00+00:00,185.97500610351562,185.97500610351562,185.5601043701172,185.63999938964844,841973,NVDA,5m
2026-03-11 16:40:00+00:00,185.63999938964844,185.7899932861328,185.55999755859375,185.66990661621094,815700,NVDA,5m
2026-03-11 16:45:00+00:00,185.6649932861328,185.8300018310547,185.5,185.5850067138672,856861,NVDA,5m
2026-03-11 16:50:00+00:00,185.5850067138672,185.70989990234375,185.5500030517578,185.6638946533203,562739,NVDA,5m
2026-03-11 16:55:00+00:00,185.67999267578125,185.82000732421875,185.66000366210938,185.71499633789062,687665,NVDA,5m
2026-03-11 17:00:00+00:00,185.7100067138672,185.8699951171875,185.60000610351562,185.610107421875,784986,NVDA,5m
2026-03-11 17:05:00+00:00,185.61500549316406,185.8699951171875,185.58999633789062,185.72500610351562,925941,NVDA,5m
2026-03-11 17:10:00+00:00,185.72999572753906,185.72999572753906,185.44500732421875,185.51499938964844,802604,NVDA,5m
2026-03-11 17:15:00+00:00,185.52499389648438,185.69500732421875,185.25,185.30499267578125,861413,NVDA,5m
2026-03-11 17:20:00+00:00,185.32000732421875,185.5399932861328,185.27200317382812,185.53990173339844,1077621,NVDA,5m
2026-03-11 17:25:00+00:00,185.5301055908203,185.67999267578125,185.4600067138672,185.61000061035156,639502,NVDA,5m
2026-03-11 17:30:00+00:00,185.6199951171875,185.6999969482422,185.41000366210938,185.4550018310547,750700,NVDA,5m
2026-03-11 17:35:00+00:00,185.44500732421875,185.60989379882812,184.45010375976562,184.852294921875,1941893,NVDA,5m
2026-03-11 17:40:00+00:00,184.83990478515625,185.19979858398438,184.68499755859375,185.1470947265625,1960621,NVDA,5m
2026-03-11 17:45:00+00:00,185.14500427246094,185.2299041748047,184.9499969482422,185.16000366210938,931991,NVDA,5m
2026-03-11 17:50:00+00:00,185.1605987548828,185.4199981689453,185.1605987548828,185.2050018310547,953262,NVDA,5m
2026-03-11 17:55:00+00:00,185.1699981689453,185.2595977783203,184.9438934326172,185.1300048828125,1097709,NVDA,5m
2026-03-11 18:00:00+00:00,185.1396026611328,185.22999572753906,185.03500366210938,185.07000732421875,751361,NVDA,5m
2026-03-11 18:05:00+00:00,185.07000732421875,185.2100067138672,184.94149780273438,185.02999877929688,823745,NVDA,5m
2026-03-11 18:10:00+00:00,185.02999877929688,185.0469970703125,184.71339416503906,184.9600067138672,1041607,NVDA,5m
2026-03-11 18:15:00+00:00,184.9600067138672,185.09500122070312,184.8300018310547,184.98989868164062,815890,NVDA,5m
2026-03-11 18:20:00+00:00,184.99000549316406,185.2100067138672,184.86000061035156,185.02780151367188,970703,NVDA,5m
2026-03-11 18:25:00+00:00,185.02000427246094,185.22999572753906,184.9698944091797,185.1540069580078,689106,NVDA,5m
2026-03-11 18:30:00+00:00,185.16000366210938,185.25,185.08070373535156,185.22000122070312,759410,NVDA,5m
2026-03-11 18:35:00+00:00,185.235107421875,185.42999267578125,185.10000610351562,185.19500732421875,1085526,NVDA,5m
2026-03-11 18:40:00+00:00,185.1999969482422,185.26499938964844,185.02000427246094,185.19500732421875,706513,NVDA,5m
2026-03-11 18:45:00+00:00,185.19000244140625,185.32000732421875,185.13999938964844,185.22500610351562,697840,NVDA,5m
2026-03-11 18:50:00+00:00,185.24000549316406,185.58999633789062,185.17999267578125,185.52999877929688,1084730,NVDA,5m
2026-03-11 18:55:00+00:00,185.52999877929688,185.74000549316406,185.47000122070312,185.60499572753906,1287855,NVDA,5m
2026-03-11 19:00:00+00:00,185.60499572753906,185.6699981689453,185.25,185.3350067138672,927573,NVDA,5m
2026-03-11 19:05:00+00:00,185.3249969482422,185.47000122070312,185.2449951171875,185.41000366210938,663674,NVDA,5m
2026-03-11 19:10:00+00:00,185.41000366210938,185.49000549316406,185.2449951171875,185.375,899982,NVDA,5m
2026-03-11 19:15:00+00:00,185.3699951171875,185.6999969482422,185.322998046875,185.63499450683594,1137211,NVDA,5m
2026-03-11 19:20:00+00:00,185.63499450683594,185.7061004638672,185.35000610351562,185.61000061035156,911066,NVDA,5m
2026-03-11 19:25:00+00:00,185.61000061035156,185.6999969482422,185.36000061035156,185.36000061035156,813053,NVDA,5m
2026-03-11 19:30:00+00:00,185.36990356445312,185.5749969482422,185.22999572753906,185.47999572753906,1100315,NVDA,5m
2026-03-11 19:35:00+00:00,185.49000549316406,185.55999755859375,185.36000061035156,185.51499938964844,854246,NVDA,5m
2026-03-11 19:40:00+00:00,185.51890563964844,185.6699981689453,185.42999267578125,185.5386962890625,1091368,NVDA,5m
2026-03-11 19:45:00+00:00,185.5399932861328,185.63499450683594,185.4199981689453,185.54989624023438,942568,NVDA,5m
2026-03-11 19:50:00+00:00,185.5500030517578,185.83999633789062,185.32000732421875,185.7989959716797,1912683,NVDA,5m
2026-03-11 19:55:00+00:00,185.8300018310547,186.0399932861328,185.7949981689453,186.00999450683594,4424014,NVDA,5m
2026-03-12 13:30:00+00:00,184.0500030517578,184.86000061035156,183.52000427246094,184.41000366210938,9334072,NVDA,5m
2026-03-12 13:35:00+00:00,184.38009643554688,184.77000427246094,184.2100067138672,184.3800048828125,2186514,NVDA,5m
2026-03-12 13:40:00+00:00,184.3800048828125,184.39999389648438,183.52000427246094,183.6501007080078,2869465,NVDA,5m
2026-03-12 13:45:00+00:00,183.63999938964844,183.67999267578125,182.92010498046875,183.42999267578125,3230057,NVDA,5m
2026-03-12 13:50:00+00:00,183.4199981689453,183.79989624023438,182.8300018310547,182.9199981689453,3218959,NVDA,5m
2026-03-12 13:55:00+00:00,182.8800048828125,183.10499572753906,182.0500030517578,182.3800048828125,3548908,NVDA,5m
2026-03-12 14:00:00+00:00,182.3800048828125,183.22999572753906,182.34500122070312,183.05999755859375,2982415,NVDA,5m
2026-03-12 14:05:00+00:00,183.05999755859375,183.0800018310547,182.3300018310547,182.55999755859375,2085272,NVDA,5m
2026-03-12 14:10:00+00:00,182.5800018310547,183.1699981689453,182.27999877929688,183.1199951171875,2344141,NVDA,5m
2026-03-12 14:15:00+00:00,183.1199951171875,183.22999572753906,182.59500122070312,182.76499938964844,1919513,NVDA,5m
2026-03-12 14:20:00+00:00,182.74000549316406,182.8300018310547,182.47000122070312,182.60000610351562,1407601,NVDA,5m
2026-03-12 14:25:00+00:00,182.60499572753906,182.8199005126953,182.0850067138672,182.0850067138672,1519664,NVDA,5m
2026-03-12 14:30:00+00:00,182.0850067138672,182.22999572753906,181.91000366210938,182.10000610351562,2183840,NVDA,5m
2026-03-12 14:35:00+00:00,182.08999633789062,182.41000366210938,181.77999877929688,182.06500244140625,2282543,NVDA,5m
2026-03-12 14:40:00+00:00,182.0500030517578,182.3300018310547,181.75,182.25999450683594,1998744,NVDA,5m
2026-03-12 14:45:00+00:00,182.25999450683594,182.92999267578125,181.85000610351562,181.96499633789062,2390467,NVDA,5m
2026-03-12 14:50:00+00:00,181.96499633789062,182.24000549316406,181.85000610351562,182.2050018310547,1399636,NVDA,5m
2026-03-12 14:55:00+00:00,182.2100067138672,182.6750030517578,182.19500732421875,182.38499450683594,1693358,NVDA,5m
2026-03-12 15:00:00+00:00,182.38499450683594,182.5,181.99000549316406,182.47000122070312,1601353,NVDA,5m
2026-03-12 15:05:00+00:00,182.47500610351562,182.6300048828125,181.9499969482422,182.0800018310547,1425091,NVDA,5m
2026-03-12 15:10:00+00:00,182.07000732421875,182.24000549316406,181.8000030517578,182.1717071533203,1507362,NVDA,5m
2026-03-12 15:15:00+00:00,182.17999267578125,182.5500030517578,182.1300048828125,182.47500610351562,1549507,NVDA,5m
2026-03-12 15:20:00+00:00,182.49000549316406,182.72999572753906,182.2899932861328,182.55999755859375,1366438,NVDA,5m
2026-03-12 15:25:00+00:00,182.5500030517578,182.9600067138672,182.50999450683594,182.8800048828125,1725530,NVDA,5m
2026-03-12 15:30:00+00:00,182.8699951171875,183.17999267578125,182.7700958251953,182.99000549316406,1721354,NVDA,5m
2026-03-12 15:35:00+00:00,182.9949951171875,183.9499969482422,182.8000030517578,183.9250030517578,2025229,NVDA,5m
2026-03-12 15:40:00+00:00,183.94000244140625,184.1750030517578,183.5,184.00999450683594,2541979,NVDA,5m
2026-03-12 15:45:00+00:00,184.00010681152344,184.0399932861328,183.4550018310547,183.85499572753906,1774404,NVDA,5m
2026-03-12 15:50:00+00:00,183.87010192871094,184.1199951171875,183.69500732421875,184.07989501953125,1311261,NVDA,5m
2026-03-12 15:55:00+00:00,184.0800018310547,184.3791046142578,183.77999877929688,184.32009887695312,1399744,NVDA,5m
2026-03-12 16:00:00+00:00,184.33999633789062,184.91000366210938,184.21499633789062,184.83999633789062,2341116,NVDA,5m
2026-03-12 16:05:00+00:00,184.8300018310547,184.94000244140625,184.0,184.10000610351562,2173349,NVDA,5m
2026-03-12 16:10:00+00:00,184.10740661621094,184.7550048828125,184.0399932861328,184.67030334472656,1815793,NVDA,5m
2026-03-12 16:15:00+00:00,184.672607421875,184.88999938964844,184.36000061035156,184.38499450683594,1596330,NVDA,5m
2026-03-12 16:20:00+00:00,184.40499877929688,184.88999938964844,184.3800048828125,184.4499053955078,1552128,NVDA,5m
2026-03-12 16:25:00+00:00,184.44000244140625,184.49989318847656,184.1699981689453,184.25999450683594,1368083,NVDA,5m
2026-03-12 16:30:00+00:00,184.25999450683594,184.64500427246094,184.2100067138672,184.36000061035156,1198645,NVDA,5m
2026-03-12 16:35:00+00:00,184.36000061035156,184.68499755859375,184.22509765625,184.60499572753906,1395685,NVDA,5m
2026-03-12 16:40:00+00:00,184.61000061035156,184.72000122070312,184.3800048828125,184.44009399414062,1119011,NVDA,5m
2026-03-12 16:45:00+00:00,184.44000244140625,184.5,183.9149932861328,184.09500122070312,1386497,NVDA,5m
2026-03-12 16:50:00+00:00,184.08999633789062,184.24000549316406,183.6999969482422,183.77999877929688,1289448,NVDA,5m
2026-03-12 16:55:00+00:00,183.77999877929688,184.0198974609375,183.77999877929688,183.9949951171875,1012649,NVDA,5m
2026-03-12 17:00:00+00:00,183.99000549316406,184.52720642089844,183.94009399414062,184.42999267578125,1249914,NVDA,5m
2026-03-12 17:05:00+00:00,184.4199981689453,184.5800018310547,183.97000122070312,184.0399932861328,1201644,NVDA,5m
2026-03-12 17:10:00+00:00,184.0399932861328,184.26499938964844,183.75999450683594,183.789306640625,1042158,NVDA,5m
2026-03-12 17:15:00+00:00,183.77499389648438,183.94000244140625,183.53500366210938,183.57000732421875,999204,NVDA,5m
2026-03-12 17:20:00+00:00,183.57000732421875,184.0399932861328,183.5500030517578,183.93499755859375,1118085,NVDA,5m
2026-03-12 17:25:00+00:00,183.93499755859375,184.0988006591797,183.72390747070312,183.75999450683594,916768,NVDA,5m
2026-03-12 17:30:00+00:00,183.77000427246094,184.05999755859375,183.6699981689453,183.97000122070312,895962,NVDA,5m
2026-03-12 17:35:00+00:00,183.97000122070312,184.19000244140625,183.8800048828125,183.9199981689453,934427,NVDA,5m
2026-03-12 17:40:00+00:00,183.93499755859375,184.05999755859375,183.7299041748047,183.76499938964844,919730,NVDA,5m
2026-03-12 17:45:00+00:00,183.75999450683594,183.75999450683594,183.4149932861328,183.60000610351562,1306329,NVDA,5m
2026-03-12 17:50:00+00:00,183.5850067138672,183.74000549316406,183.47999572753906,183.5399932861328,1042919,NVDA,5m
2026-03-12 17:55:00+00:00,183.5500030517578,183.5800018310547,183.1699981689453,183.5460968017578,1302880,NVDA,5m
2026-03-12 18:00:00+00:00,183.5500030517578,183.9250030517578,183.5500030517578,183.68499755859375,1218078,NVDA,5m
2026-03-12 18:05:00+00:00,183.69000244140625,184.0050048828125,183.52000427246094,183.8000030517578,1246463,NVDA,5m
2026-03-12 18:10:00+00:00,183.78610229492188,183.84010314941406,183.58999633789062,183.72999572753906,832175,NVDA,5m
2026-03-12 18:15:00+00:00,183.72999572753906,183.86000061035156,183.47999572753906,183.52999877929688,957379,NVDA,5m
2026-03-12 18:20:00+00:00,183.52999877929688,183.52999877929688,183.25,183.4149932861328,1302027,NVDA,5m
2026-03-12 18:25:00+00:00,183.4199981689453,183.56500244140625,183.3699951171875,183.55499267578125,754149,NVDA,5m
2026-03-12 18:30:00+00:00,183.5399932861328,183.6199951171875,183.3800048828125,183.4199981689453,913556,NVDA,5m
2026-03-12 18:35:00+00:00,183.4199981689453,183.4499969482422,183.1531982421875,183.34500122070312,923448,NVDA,5m
2026-03-12 18:40:00+00:00,183.34500122070312,183.39999389648438,183.1199951171875,183.14999389648438,913746,NVDA,5m
2026-03-12 18:45:00+00:00,183.15499877929688,183.22000122070312,182.92999267578125,182.9499969482422,938412,NVDA,5m
2026-03-12 18:50:00+00:00,182.9600067138672,183.3278045654297,182.9499969482422,183.17999267578125,1157996,NVDA,5m
2026-03-12 18:55:00+00:00,183.19000244140625,183.26499938964844,183.02999877929688,183.0800018310547,984647,NVDA,5m
2026-03-12 19:00:00+00:00,183.0749969482422,183.42999267578125,183.0,183.13999938964844,1225152,NVDA,5m
2026-03-12 19:05:00+00:00,183.13499450683594,183.38999938964844,183.0399932861328,183.19500732421875,1184743,NVDA,5m
2026-03-12 19:10:00+00:00,183.19009399414062,183.25,182.77999877929688,183.00999450683594,1607388,NVDA,5m
2026-03-12 19:15:00+00:00,183.01609802246094,183.1199951171875,182.88999938964844,182.9499969482422,1291963,NVDA,5m
2026-03-12 19:20:00+00:00,182.9550018310547,183.41000366210938,182.92999267578125,183.3000030517578,1328414,NVDA,5m
2026-03-12 19:25:00+00:00,183.35000610351562,183.60000610351562,183.27999877929688,183.44000244140625,1555895,NVDA,5m
2026-03-12 19:30:00+00:00,183.43499755859375,183.6699981689453,183.41250610351562,183.52000427246094,1190113,NVDA,5m
2026-03-12 19:35:00+00:00,183.52000427246094,183.55499267578125,183.16000366210938,183.1761016845703,1076636,NVDA,5m
2026-03-12 19:40:00+00:00,183.1750030517578,183.17999267578125,182.7200927734375,182.98500061035156,1767365,NVDA,5m
2026-03-12 19:45:00+00:00,183.0,183.11500549316406,182.7700958251953,183.091796875,1434158,NVDA,5m
2026-03-12 19:50:00+00:00,183.0800018310547,183.58999633789062,183.0,183.5697021484375,2555859,NVDA,5m
2026-03-12 19:55:00+00:00,183.5800018310547,183.6199951171875,183.00999450683594,183.00999450683594,4520312,NVDA,5m
2026-03-13 13:30:00+00:00,184.91000366210938,186.08999633789062,184.6999969482422,185.27999877929688,10794301,NVDA,5m
2026-03-13 13:35:00+00:00,185.2899932861328,185.44000244140625,184.4199981689453,184.89349365234375,3907704,NVDA,5m
2026-03-13 13:40:00+00:00,184.8927001953125,185.5800018310547,184.63999938964844,185.5738983154297,2619282,NVDA,5m
2026-03-13 13:45:00+00:00,185.5706024169922,185.906005859375,184.85000610351562,184.86500549316406,3211219,NVDA,5m
2026-03-13 13:50:00+00:00,184.8699951171875,185.75999450683594,184.66990661621094,185.64500427246094,2752368,NVDA,5m
2026-03-13 13:55:00+00:00,185.64999389648438,185.7100067138672,184.8000030517578,184.875,2070929,NVDA,5m
2026-03-13 14:00:00+00:00,184.8887939453125,185.10000610351562,184.01019287109375,184.09500122070312,2865090,NVDA,5m
2026-03-13 14:05:00+00:00,184.09500122070312,184.42990112304688,183.86000061035156,184.02000427246094,2535979,NVDA,5m
2026-03-13 14:10:00+00:00,184.00999450683594,184.16990661621094,183.75,183.9949951171875,1909296,NVDA,5m
2026-03-13 14:15:00+00:00,183.99609375,184.1199951171875,183.61000061035156,183.875,1981364,NVDA,5m
2026-03-13 14:20:00+00:00,183.8699951171875,184.3000030517578,183.83999633789062,184.02499389648438,2239662,NVDA,5m
2026-03-13 14:25:00+00:00,184.03770446777344,184.3300018310547,183.91000366210938,183.92210388183594,1828146,NVDA,5m
2026-03-13 14:30:00+00:00,183.9250030517578,184.25,183.66000366210938,183.74000549316406,2175710,NVDA,5m
2026-03-13 14:35:00+00:00,183.72500610351562,183.7550048828125,183.0399932861328,183.5426025390625,2694360,NVDA,5m
2026-03-13 14:40:00+00:00,183.5399932861328,183.55999755859375,182.8800048828125,182.89999389648438,2232724,NVDA,5m
2026-03-13 14:45:00+00:00,182.89999389648438,182.89999389648438,182.3677978515625,182.4801025390625,2404077,NVDA,5m
2026-03-13 14:50:00+00:00,182.48500061035156,182.75,182.27000427246094,182.52000427246094,2252113,NVDA,5m
2026-03-13 14:55:00+00:00,182.51109313964844,182.64500427246094,182.00999450683594,182.11019897460938,2404732,NVDA,5m
2026-03-13 15:00:00+00:00,182.10000610351562,182.3800048828125,181.66000366210938,182.3000030517578,3502497,NVDA,5m
2026-03-13 15:05:00+00:00,182.2834930419922,182.50999450683594,182.19000244140625,182.41000366210938,1715634,NVDA,5m
2026-03-13 15:10:00+00:00,182.40499877929688,182.84500122070312,182.2799072265625,182.75729370117188,1981053,NVDA,5m
2026-03-13 15:15:00+00:00,182.73500061035156,182.76499938964844,182.02999877929688,182.07009887695312,1995921,NVDA,5m
2026-03-13 15:20:00+00:00,182.0749969482422,182.32000732421875,181.8350067138672,181.85499572753906,2190934,NVDA,5m
2026-03-13 15:25:00+00:00,181.85499572753906,182.0,181.76150512695312,181.88340759277344,1839372,NVDA,5m
2026-03-13 15:30:00+00:00,181.88999938964844,182.25,181.8000030517578,182.0500030517578,1937764,NVDA,5m
2026-03-13 15:35:00+00:00,182.05999755859375,182.09500122070312,181.4199981689453,181.61839294433594,1905774,NVDA,5m
2026-03-13 15:40:00+00:00,181.61500549316406,181.67999267578125,180.92999267578125,181.14019775390625,2395479,NVDA,5m
2026-03-13 15:45:00+00:00,181.1302032470703,181.41000366210938,180.75,181.34500122070312,2953457,NVDA,5m
2026-03-13 15:50:00+00:00,181.35000610351562,181.5500030517578,181.0500030517578,181.3000030517578,1755856,NVDA,5m
2026-03-13 15:55:00+00:00,181.2899932861328,181.3699951171875,181.02000427246094,181.0601043701172,1219736,NVDA,5m
2026-03-13 16:00:00+00:00,181.0500030517578,181.47999572753906,181.01150512695312,181.1800994873047,1537535,NVDA,5m
2026-03-13 16:05:00+00:00,181.19000244140625,181.4949951171875,181.10000610351562,181.40499877929688,1347003,NVDA,5m
2026-03-13 16:10:00+00:00,181.41000366210938,181.5800018310547,180.8800048828125,181.15499877929688,1671000,NVDA,5m
2026-03-13 16:15:00+00:00,181.16000366210938,181.3350067138672,181.0500030517578,181.0850067138672,1318501,NVDA,5m
2026-03-13 16:20:00+00:00,181.0850067138672,181.52499389648438,181.0500030517578,181.125,1448084,NVDA,5m
2026-03-13 16:25:00+00:00,181.12989807128906,181.22000122070312,180.72000122070312,181.13999938964844,1661410,NVDA,5m
2026-03-13 16:30:00+00:00,181.13499450683594,181.46499633789062,181.08999633789062,181.27499389648438,1411446,NVDA,5m
2026-03-13 16:35:00+00:00,181.27499389648438,181.75999450683594,181.27499389648438,181.47000122070312,1801233,NVDA,5m
2026-03-13 16:40:00+00:00,181.4600067138672,181.64999389648438,181.25999450683594,181.30499267578125,1224078,NVDA,5m
2026-03-13 16:45:00+00:00,181.30020141601562,181.375,181.13070678710938,181.33999633789062,1542997,NVDA,5m
2026-03-13 16:50:00+00:00,181.33999633789062,181.7274932861328,181.3300018310547,181.7100067138672,1148897,NVDA,5m
2026-03-13 16:55:00+00:00,181.6999969482422,181.75,180.98500061035156,181.07969665527344,1604568,NVDA,5m
2026-03-13 17:00:00+00:00,181.07000732421875,181.1999969482422,180.94000244140625,181.02000427246094,976542,NVDA,5m
2026-03-13 17:05:00+00:00,181.02999877929688,181.38999938964844,180.92999267578125,181.31500244140625,908617,NVDA,5m
2026-03-13 17:10:00+00:00,181.31500244140625,181.5050048828125,181.01390075683594,181.5050048828125,953154,NVDA,5m
2026-03-13 17:15:00+00:00,181.50999450683594,181.66990661621094,181.3300018310547,181.51010131835938,1004609,NVDA,5m
2026-03-13 17:20:00+00:00,181.52000427246094,181.55499267578125,181.2100067138672,181.4300994873047,887242,NVDA,5m
2026-03-13 17:25:00+00:00,181.4149932861328,181.58999633789062,181.32550048828125,181.5399932861328,858565,NVDA,5m
2026-03-13 17:30:00+00:00,181.5399932861328,181.58920288085938,181.27999877929688,181.52499389648438,1029502,NVDA,5m
2026-03-13 17:35:00+00:00,181.5260009765625,181.57000732421875,181.3699951171875,181.375,826766,NVDA,5m
2026-03-13 17:40:00+00:00,181.3800048828125,181.4250030517578,181.0800018310547,181.22000122070312,1030943,NVDA,5m
2026-03-13 17:45:00+00:00,181.1999969482422,181.29989624023438,180.61000061035156,180.6699981689453,1344793,NVDA,5m
2026-03-13 17:50:00+00:00,180.6699981689453,180.84500122070312,180.5,180.6750030517578,1339098,NVDA,5m
2026-03-13 17:55:00+00:00,180.67999267578125,180.85000610351562,180.4499969482422,180.51499938964844,1034442,NVDA,5m
2026-03-13 18:00:00+00:00,180.51499938964844,180.5399932861328,180.2899932861328,180.44500732421875,1413539,NVDA,5m
2026-03-13 18:05:00+00:00,180.42999267578125,180.50999450683594,180.19000244140625,180.2899932861328,1454651,NVDA,5m
2026-03-13 18:10:00+00:00,180.3000030517578,180.4550018310547,180.25210571289062,180.36000061035156,968389,NVDA,5m
2026-03-13 18:15:00+00:00,180.35000610351562,180.6199951171875,180.22999572753906,180.34500122070312,1054942,NVDA,5m
2026-03-13 18:20:00+00:00,180.36000061035156,180.41000366210938,180.00999450683594,180.19000244140625,1408288,NVDA,5m
2026-03-13 18:25:00+00:00,180.19000244140625,180.55999755859375,180.1699981689453,180.5449981689453,1247782,NVDA,5m
2026-03-13 18:30:00+00:00,180.5399932861328,180.78990173339844,180.3800048828125,180.6699981689453,1234246,NVDA,5m
2026-03-13 18:35:00+00:00,180.6699981689453,180.85000610351562,180.58999633789062,180.6649932861328,1288631,NVDA,5m
2026-03-13 18:40:00+00:00,180.68649291992188,181.0449981689453,180.66000366210938,180.97999572753906,1186600,NVDA,5m
2026-03-13 18:45:00+00:00,180.97999572753906,181.08999633789062,180.86000061035156,181.01609802246094,895906,NVDA,5m
2026-03-13 18:50:00+00:00,181.00999450683594,181.13999938964844,180.8350067138672,180.90499877929688,1263511,NVDA,5m
2026-03-13 18:55:00+00:00,180.90499877929688,181.10989379882812,180.82009887695312,181.02000427246094,1215308,NVDA,5m
2026-03-13 19:00:00+00:00,181.01499938964844,181.03990173339844,180.6999969482422,180.75,1025092,NVDA,5m
2026-03-13 19:05:00+00:00,180.7449951171875,180.8699951171875,180.5850067138672,180.7572021484375,1234974,NVDA,5m
2026-03-13 19:10:00+00:00,180.75779724121094,180.92999267578125,180.7100067138672,180.8249969482422,907720,NVDA,5m
2026-03-13 19:15:00+00:00,180.8300018310547,180.97999572753906,180.75999450683594,180.87010192871094,1187037,NVDA,5m
2026-03-13 19:20:00+00:00,180.8699951171875,180.8699951171875,180.39999389648438,180.5,1442682,NVDA,5m
2026-03-13 19:25:00+00:00,180.49530029296875,180.74000549316406,180.27999877929688,180.6999969482422,1712201,NVDA,5m
2026-03-13 19:30:00+00:00,180.7100067138672,180.8249969482422,180.47999572753906,180.55999755859375,1754051,NVDA,5m
2026-03-13 19:35:00+00:00,180.5500030517578,180.66000366210938,180.32049560546875,180.33389282226562,1393301,NVDA,5m
2026-03-13 19:40:00+00:00,180.33689880371094,180.4600067138672,180.1750030517578,180.4250030517578,2079186,NVDA,5m
2026-03-13 19:45:00+00:00,180.44000244140625,180.61000061035156,180.3000030517578,180.43499755859375,1876168,NVDA,5m
2026-03-13 19:50:00+00:00,180.43499755859375,180.49000549316406,180.0800018310547,180.25,2382447,NVDA,5m
2026-03-13 19:55:00+00:00,180.25,180.39999389648438,179.94000244140625,180.26499938964844,6852149,NVDA,5m
2026-03-16 13:30:00+00:00,182.97000122070312,184.49000549316406,182.87440490722656,184.4499969482422,7801646,NVDA,5m
2026-03-16 13:35:00+00:00,184.4600067138672,185.0500030517578,184.1300048828125,184.48500061035156,3783519,NVDA,5m
2026-03-16 13:40:00+00:00,184.49000549316406,184.5050048828125,183.9499969482422,184.26010131835938,1804170,NVDA,5m
2026-03-16 13:45:00+00:00,184.25,184.71499633789062,184.00999450683594,184.33999633789062,1878703,NVDA,5m
2026-03-16 13:50:00+00:00,184.33999633789062,184.41000366210938,184.02000427246094,184.31500244140625,1229949,NVDA,5m
2026-03-16 13:55:00+00:00,184.31500244140625,184.61000061035156,184.14999389648438,184.52000427246094,1362906,NVDA,5m
2026-03-16 14:00:00+00:00,184.50999450683594,184.5489959716797,183.89999389648438,184.01010131835938,1485251,NVDA,5m
2026-03-16 14:05:00+00:00,184.02000427246094,184.1999969482422,183.875,183.94940185546875,1257763,NVDA,5m
2026-03-16 14:10:00+00:00,183.9550018310547,184.36500549316406,183.9001007080078,184.25,1546307,NVDA,5m
2026-03-16 14:15:00+00:00,184.2519989013672,184.4250030517578,184.1999969482422,184.2100067138672,1102176,NVDA,5m
2026-03-16 14:20:00+00:00,184.20010375976562,184.4499969482422,184.19149780273438,184.43499755859375,889383,NVDA,5m
2026-03-16 14:25:00+00:00,184.43499755859375,184.47999572753906,184.05999755859375,184.07000732421875,1018548,NVDA,5m
2026-03-16 14:30:00+00:00,184.07000732421875,184.23500061035156,183.75999450683594,183.8249969482422,1398877,NVDA,5m
2026-03-16 14:35:00+00:00,183.83799743652344,183.97000122070312,183.47000122070312,183.6114044189453,1420746,NVDA,5m
2026-03-16 14:40:00+00:00,183.63499450683594,183.77000427246094,183.5,183.5959930419922,14653804,NVDA,5m
2026-03-16 14:45:00+00:00,183.58999633789062,183.8800048828125,183.30499267578125,183.57000732421875,0,NVDA,5m
2026-03-16 14:50:00+00:00,183.57009887695312,183.8800048828125,183.35000610351562,183.77999877929688,1221880,NVDA,5m
2026-03-16 14:55:00+00:00,183.77999877929688,184.10000610351562,183.64999389648438,184.10000610351562,1206273,NVDA,5m
2026-03-16 15:00:00+00:00,184.10499572753906,184.1199951171875,183.8101043701172,183.8101043701172,1068066,NVDA,5m
2026-03-16 15:05:00+00:00,183.81500244140625,184.1300048828125,183.7050018310547,184.125,1156812,NVDA,5m
2026-03-16 15:10:00+00:00,184.125,184.72000122070312,183.97000122070312,184.67999267578125,1448163,NVDA,5m
2026-03-16 15:15:00+00:00,184.67010498046875,184.7299041748047,184.4199981689453,184.7299041748047,18256040,NVDA,5m
2026-03-16 15:20:00+00:00,184.72500610351562,184.9199981689453,184.61000061035156,184.85499572753906,0,NVDA,5m
2026-03-16 15:25:00+00:00,184.85499572753906,184.86500549316406,184.625,184.72779846191406,764308,NVDA,5m
2026-03-16 15:30:00+00:00,184.72000122070312,184.94000244140625,184.6199951171875,184.90159606933594,991264,NVDA,5m
2026-03-16 15:35:00+00:00,184.91000366210938,184.93499755859375,184.7050018310547,184.7050018310547,656084,NVDA,5m
2026-03-16 15:40:00+00:00,184.7050018310547,184.82000732421875,184.58999633789062,184.59500122070312,841558,NVDA,5m
2026-03-16 15:45:00+00:00,184.58999633789062,184.85000610351562,184.52000427246094,184.73789978027344,809973,NVDA,5m
2026-03-16 15:50:00+00:00,184.74000549316406,184.7449951171875,184.4499969482422,184.4550018310547,936426,NVDA,5m
2026-03-16 15:55:00+00:00,184.4499969482422,184.58999633789062,184.11000061035156,184.1114959716797,1060622,NVDA,5m
2026-03-16 16:00:00+00:00,184.11500549316406,184.27000427246094,184.0229034423828,184.02999877929688,849150,NVDA,5m
2026-03-16 16:05:00+00:00,184.02000427246094,184.40499877929688,184.00999450683594,184.0800018310547,926628,NVDA,5m
2026-03-16 16:10:00+00:00,184.0800018310547,184.16000366210938,183.9199981689453,183.99130249023438,947534,NVDA,5m
2026-03-16 16:15:00+00:00,183.99000549316406,184.10989379882812,183.85000610351562,183.91000366210938,862568,NVDA,5m
2026-03-16 16:20:00+00:00,183.91000366210938,183.92999267578125,183.6300048828125,183.72000122070312,780474,NVDA,5m
2026-03-16 16:25:00+00:00,183.72500610351562,183.99000549316406,183.63999938964844,183.89500427246094,909984,NVDA,5m
2026-03-16 16:30:00+00:00,183.90499877929688,184.22000122070312,183.78500366210938,184.0260009765625,1023216,NVDA,5m
2026-03-16 16:35:00+00:00,184.02499389648438,184.22999572753906,184.01939392089844,184.1674041748047,724978,NVDA,5m
2026-03-16 16:40:00+00:00,184.16000366210938,184.4550018310547,184.08999633789062,184.36500549316406,824536,NVDA,5m
2026-03-16 16:45:00+00:00,184.36500549316406,184.44000244140625,184.21499633789062,184.3300018310547,585079,NVDA,5m
2026-03-16 16:50:00+00:00,184.3300018310547,184.5500030517578,184.2899932861328,184.38999938964844,624334,NVDA,5m
2026-03-16 16:55:00+00:00,184.39999389648438,184.52000427246094,184.33999633789062,184.44000244140625,514955,NVDA,5m
2026-03-16 17:00:00+00:00,184.4600067138672,184.9499969482422,184.43499755859375,184.6699981689453,1237677,NVDA,5m
2026-03-16 17:05:00+00:00,184.69000244140625,184.86990356445312,184.6300048828125,184.73500061035156,713473,NVDA,5m
2026-03-16 17:10:00+00:00,184.73500061035156,185.02000427246094,184.7259979248047,184.8697052001953,1219855,NVDA,5m
2026-03-16 17:15:00+00:00,184.86160278320312,184.875,184.66000366210938,184.7899932861328,689981,NVDA,5m
2026-03-16 17:20:00+00:00,184.78500366210938,184.9600067138672,184.77999877929688,184.94400024414062,691512,NVDA,5m
2026-03-16 17:25:00+00:00,184.9499969482422,185.05999755859375,184.75,184.76010131835938,930975,NVDA,5m
2026-03-16 17:30:00+00:00,184.77000427246094,184.91000366210938,184.6699981689453,184.74000549316406,659485,NVDA,5m
2026-03-16 17:35:00+00:00,184.7550048828125,184.8000030517578,184.3300018310547,184.34500122070312,917985,NVDA,5m
2026-03-16 17:40:00+00:00,184.34500122070312,184.44000244140625,184.30999755859375,184.3249969482422,839476,NVDA,5m
2026-03-16 17:45:00+00:00,184.3350067138672,184.51499938964844,184.27000427246094,184.4499969482422,932716,NVDA,5m
2026-03-16 17:50:00+00:00,184.4499969482422,184.59500122070312,184.35000610351562,184.55499267578125,805045,NVDA,5m
2026-03-16 17:55:00+00:00,184.55499267578125,184.5800018310547,184.38900756835938,184.4864959716797,653214,NVDA,5m
2026-03-16 18:00:00+00:00,184.49000549316406,184.72000122070312,184.4600067138672,184.69500732421875,739897,NVDA,5m
2026-03-16 18:05:00+00:00,184.6927032470703,185.14999389648438,184.67349243164062,185.11599731445312,1464216,NVDA,5m
2026-03-16 18:10:00+00:00,185.11500549316406,185.3699951171875,185.10000610351562,185.22999572753906,1293383,NVDA,5m
2026-03-16 18:15:00+00:00,185.25,185.52999877929688,185.25,185.4250030517578,1592273,NVDA,5m
2026-03-16 18:20:00+00:00,185.42770385742188,185.47000122070312,185.1649932861328,185.27000427246094,1212430,NVDA,5m
2026-03-16 18:25:00+00:00,185.26019287109375,185.3300018310547,184.82000732421875,184.93499755859375,1270743,NVDA,5m
2026-03-16 18:30:00+00:00,184.9398956298828,185.0500030517578,184.55499267578125,184.5850067138672,1307324,NVDA,5m
2026-03-16 18:35:00+00:00,184.58999633789062,184.63999938964844,184.47500610351562,184.61000061035156,1144694,NVDA,5m
2026-03-16 18:40:00+00:00,184.6199951171875,184.69000244140625,184.33999633789062,184.4499969482422,1150036,NVDA,5m
2026-03-16 18:45:00+00:00,184.4550018310547,184.46499633789062,184.2899932861328,184.375,863292,NVDA,5m
2026-03-16 18:50:00+00:00,184.3699951171875,184.37820434570312,184.02999877929688,184.03599548339844,1432814,NVDA,5m
2026-03-16 18:55:00+00:00,184.02999877929688,184.18499755859375,183.77499389648438,183.83399963378906,1480234,NVDA,5m
2026-03-16 19:00:00+00:00,183.8350067138672,183.98500061035156,183.4600067138672,183.5850067138672,1483423,NVDA,5m
2026-03-16 19:05:00+00:00,183.58599853515625,187.8800048828125,183.41000366210938,187.5800018310547,5528960,NVDA,5m
2026-03-16 19:10:00+00:00,187.57000732421875,188.8699951171875,185.36000061035156,185.50999450683594,9918875,NVDA,5m
2026-03-16 19:15:00+00:00,185.50999450683594,185.97500610351562,184.10000610351562,184.25,5625218,NVDA,5m
2026-03-16 19:20:00+00:00,184.22999572753906,184.3000030517578,182.3699951171875,182.74000549316406,6409904,NVDA,5m
2026-03-16 19:25:00+00:00,182.74000549316406,182.8000030517578,181.67999267578125,181.83380126953125,4948593,NVDA,5m
2026-03-16 19:30:00+00:00,181.85000610351562,182.9499969482422,181.41000366210938,182.86749267578125,4983946,NVDA,5m
2026-03-16 19:35:00+00:00,182.83999633789062,183.42999267578125,182.83999633789062,183.36300659179688,3066229,NVDA,5m
2026-03-16 19:40:00+00:00,183.3699951171875,183.6199951171875,183.10000610351562,183.5449981689453,2183137,NVDA,5m
2026-03-16 19:45:00+00:00,183.5500030517578,183.55999755859375,183.1300048828125,183.4398956298828,1779579,NVDA,5m
2026-03-16 19:50:00+00:00,183.4199981689453,183.65499877929688,183.0,183.07000732421875,2921301,NVDA,5m
2026-03-16 19:55:00+00:00,183.07000732421875,183.3699951171875,182.8000030517578,183.1300048828125,3623920,NVDA,5m
2026-03-17 13:30:00+00:00,185.0500030517578,185.39999389648438,183.25999450683594,183.52999877929688,8891644,NVDA,5m
2026-03-17 13:35:00+00:00,183.5399932861328,184.37989807128906,183.36000061035156,184.00999450683594,3063024,NVDA,5m
2026-03-17 13:40:00+00:00,184.0,184.11000061035156,183.52999877929688,184.05499267578125,2318222,NVDA,5m
2026-03-17 13:45:00+00:00,184.0596923828125,184.27999877929688,183.41000366210938,183.88059997558594,2679965,NVDA,5m
2026-03-17 13:50:00+00:00,183.8800048828125,183.99000549316406,183.1199951171875,183.44000244140625,2145483,NVDA,5m
2026-03-17 13:55:00+00:00,183.44500732421875,183.5,182.9600067138672,183.08999633789062,2010076,NVDA,5m
2026-03-17 14:00:00+00:00,183.10000610351562,183.24000549316406,182.3699951171875,182.57000732421875,2594344,NVDA,5m
2026-03-17 14:05:00+00:00,182.5800018310547,182.74070739746094,181.91000366210938,181.93499755859375,2354664,NVDA,5m
2026-03-17 14:10:00+00:00,181.97999572753906,182.61000061035156,181.89999389648438,182.37869262695312,2703021,NVDA,5m
2026-03-17 14:15:00+00:00,182.3699951171875,183.02000427246094,182.22000122070312,183.00999450683594,1920760,NVDA,5m
2026-03-17 14:20:00+00:00,183.02000427246094,183.58999633789062,182.8300018310547,183.45849609375,3050899,NVDA,5m
2026-03-17 14:25:00+00:00,183.45010375976562,183.55999755859375,182.91000366210938,183.08999633789062,2106291,NVDA,5m
2026-03-17 14:30:00+00:00,183.0800018310547,183.27000427246094,182.63999938964844,183.0800018310547,1936842,NVDA,5m
2026-03-17 14:35:00+00:00,183.05999755859375,183.41000366210938,183.00999450683594,183.0800018310547,1298354,NVDA,5m
2026-03-17 14:40:00+00:00,183.11000061035156,183.39999389648438,182.9600067138672,183.15989685058594,17829574,NVDA,5m
2026-03-17 14:45:00+00:00,183.1540069580078,183.3300018310547,183.0399932861328,183.13510131835938,0,NVDA,5m
2026-03-17 14:50:00+00:00,183.13999938964844,183.19500732421875,182.75999450683594,183.0897979736328,1315459,NVDA,5m
2026-03-17 14:55:00+00:00,183.08999633789062,183.33999633789062,182.9199981689453,183.02000427246094,1090020,NVDA,5m
2026-03-17 15:00:00+00:00,183.00999450683594,183.2100067138672,182.84939575195312,182.88499450683594,20021937,NVDA,5m
2026-03-17 15:05:00+00:00,182.87229919433594,182.97000122070312,182.35000610351562,182.375,0,NVDA,5m
2026-03-17 15:10:00+00:00,182.375,182.7100067138672,182.24029541015625,182.61500549316406,21407900,NVDA,5m
2026-03-17 15:15:00+00:00,182.61500549316406,182.8800048828125,182.47999572753906,182.66009521484375,0,NVDA,5m
2026-03-17 15:20:00+00:00,182.66510009765625,182.79510498046875,182.39999389648438,182.52499389648438,2071141,NVDA,5m
2026-03-17 15:25:00+00:00,182.52499389648438,182.72999572753906,182.39999389648438,182.43499755859375,22098702,NVDA,5m
2026-03-17 15:30:00+00:00,182.43499755859375,182.5760040283203,182.1199951171875,182.16180419921875,0,NVDA,5m
2026-03-17 15:35:00+00:00,182.19000244140625,182.28500366210938,181.68040466308594,181.99009704589844,1933694,NVDA,5m
2026-03-17 15:40:00+00:00,181.9949951171875,182.3699951171875,181.9199981689453,182.33999633789062,1170632,NVDA,5m
2026-03-17 15:45:00+00:00,182.34500122070312,182.47999572753906,182.22000122070312,182.2864990234375,1141557,NVDA,5m
2026-03-17 15:50:00+00:00,182.28500366210938,182.5800018310547,182.28500366210938,182.38499450683594,884957,NVDA,5m
2026-03-17 15:55:00+00:00,182.38499450683594,182.4600067138672,182.16009521484375,182.1699981689453,736783,NVDA,5m
2026-03-17 16:00:00+00:00,182.1790008544922,182.18499755859375,181.93499755859375,181.95860290527344,820129,NVDA,5m
2026-03-17 16:05:00+00:00,181.9499969482422,182.11000061035156,181.74000549316406,181.94900512695312,1335567,NVDA,5m
2026-03-17 16:10:00+00:00,181.9499969482422,182.1199951171875,181.9199981689453,181.98989868164062,1154637,NVDA,5m
2026-03-17 16:15:00+00:00,181.97999572753906,183.10000610351562,181.9600067138672,182.8000030517578,2593492,NVDA,5m
2026-03-17 16:20:00+00:00,182.80499267578125,182.8300018310547,182.33999633789062,182.64999389648438,1718686,NVDA,5m
2026-03-17 16:25:00+00:00,182.63999938964844,182.77999877929688,182.55999755859375,182.69830322265625,915151,NVDA,5m
2026-03-17 16:30:00+00:00,182.6999969482422,182.9499969482422,182.30999755859375,182.42999267578125,1431310,NVDA,5m
2026-03-17 16:35:00+00:00,182.43499755859375,182.52999877929688,182.33999633789062,182.4499969482422,873564,NVDA,5m
2026-03-17 16:40:00+00:00,182.4573974609375,182.6479949951172,182.33399963378906,182.58999633789062,868535,NVDA,5m
2026-03-17 16:45:00+00:00,182.58009338378906,182.60000610351562,182.22999572753906,182.30999755859375,901584,NVDA,5m
2026-03-17 16:50:00+00:00,182.30999755859375,182.3699951171875,181.8699951171875,182.14010620117188,1058874,NVDA,5m
2026-03-17 16:55:00+00:00,182.13999938964844,182.35000610351562,181.9499969482422,182.05999755859375,971726,NVDA,5m
2026-03-17 17:00:00+00:00,182.05999755859375,182.6300048828125,182.05499267578125,182.52000427246094,32094927,NVDA,5m
2026-03-17 17:05:00+00:00,182.52000427246094,182.56500244140625,182.2100067138672,182.51019287109375,0,NVDA,5m
2026-03-17 17:10:00+00:00,182.5,182.50999450683594,182.2100067138672,182.4219970703125,623068,NVDA,5m
2026-03-17 17:15:00+00:00,182.4199981689453,182.7100067138672,182.34449768066406,182.6649932861328,907455,NVDA,5m
2026-03-17 17:20:00+00:00,182.66400146484375,182.6999969482422,182.50999450683594,182.5800018310547,32553155,NVDA,5m
2026-03-17 17:25:00+00:00,182.5800018310547,182.5800018310547,182.360107421875,182.41000366210938,783303,NVDA,5m
2026-03-17 17:30:00+00:00,182.41000366210938,182.7899932861328,182.39999389648438,182.7100067138672,0,NVDA,5m
2026-03-17 17:35:00+00:00,182.7100067138672,183.1999969482422,182.67999267578125,183.04989624023438,1349330,NVDA,5m
2026-03-17 17:40:00+00:00,183.0323944091797,183.08999633789062,182.82139587402344,182.83999633789062,699764,NVDA,5m
2026-03-17 17:45:00+00:00,182.8459930419922,182.9320068359375,182.6999969482422,182.8249969482422,677860,NVDA,5m
2026-03-17 17:50:00+00:00,182.82000732421875,183.18499755859375,182.74000549316406,183.18499755859375,870162,NVDA,5m
2026-03-17 17:55:00+00:00,183.1999969482422,183.22999572753906,182.91000366210938,182.97999572753906,813150,NVDA,5m
2026-03-17 18:00:00+00:00,183.0,183.33999633789062,182.9600067138672,183.2100067138672,1017056,NVDA,5m
2026-03-17 18:05:00+00:00,183.21719360351562,183.47000122070312,183.2100067138672,183.43499755859375,1269381,NVDA,5m
2026-03-17 18:10:00+00:00,183.43499755859375,183.4550018310547,183.21009826660156,183.25,881593,NVDA,5m
2026-03-17 18:15:00+00:00,183.25999450683594,183.33999633789062,183.1699981689453,183.17990112304688,817077,NVDA,5m
2026-03-17 18:20:00+00:00,183.1750030517578,183.24000549316406,183.02999877929688,183.1199951171875,1361938,NVDA,5m
2026-03-17 18:25:00+00:00,183.125,183.27999877929688,183.02000427246094,183.0399932861328,650321,NVDA,5m
2026-03-17 18:30:00+00:00,183.02999877929688,183.15989685058594,182.85000610351562,182.9149932861328,857661,NVDA,5m
2026-03-17 18:35:00+00:00,182.91000366210938,183.0800018310547,182.85000610351562,182.86500549316406,657840,NVDA,5m
2026-03-17 18:40:00+00:00,182.86500549316406,182.89999389648438,182.63999938964844,182.67999267578125,695988,NVDA,5m
2026-03-17 18:45:00+00:00,182.68499755859375,182.83920288085938,182.64300537109375,182.68499755859375,739709,NVDA,5m
2026-03-17 18:50:00+00:00,182.68499755859375,182.69000244140625,182.5500030517578,182.59500122070312,700486,NVDA,5m
2026-03-17 18:55:00+00:00,182.59500122070312,182.60499572753906,182.30999755859375,182.33999633789062,39365310,NVDA,5m
2026-03-17 19:00:00+00:00,182.3300018310547,182.49000549316406,182.22000122070312,182.28500366210938,0,NVDA,5m
2026-03-17 19:05:00+00:00,182.27999877929688,182.35000610351562,182.05999755859375,182.25,40211586,NVDA,5m
2026-03-17 19:10:00+00:00,182.2449951171875,182.3800048828125,182.1999969482422,182.27499389648438,0,NVDA,5m
2026-03-17 19:15:00+00:00,182.27029418945312,182.47999572753906,182.25,182.3699951171875,890636,NVDA,5m
2026-03-17 19:20:00+00:00,182.3699951171875,182.38999938964844,182.21009826660156,182.32789611816406,729860,NVDA,5m
2026-03-17 19:25:00+00:00,182.32510375976562,182.69000244140625,182.2100067138672,182.64010620117188,1504432,NVDA,5m
2026-03-17 19:30:00+00:00,182.63009643554688,182.92999267578125,182.4600067138672,182.57510375976562,1812183,NVDA,5m
2026-03-17 19:35:00+00:00,182.5749969482422,182.73599243164062,182.36000061035156,182.46499633789062,1031591,NVDA,5m
2026-03-17 19:40:00+00:00,182.47000122070312,182.63999938964844,182.27999877929688,182.375,1268072,NVDA,5m
2026-03-17 19:45:00+00:00,182.375,182.47000122070312,182.2899932861328,182.38999938964844,939058,NVDA,5m
2026-03-17 19:50:00+00:00,182.39999389648438,182.4499969482422,181.91000366210938,182.39999389648438,1919449,NVDA,5m
2026-03-17 19:55:00+00:00,182.38999938964844,182.39500427246094,181.80999755859375,181.9600067138672,3578800,NVDA,5m
2026-03-18 13:30:00+00:00,182.49000549316406,182.82000732421875,180.72999572753906,180.93499755859375,6870108,NVDA,5m
2026-03-18 13:35:00+00:00,180.89999389648438,181.67999267578125,180.8000030517578,181.58999633789062,2433337,NVDA,5m
2026-03-18 13:40:00+00:00,181.59120178222656,182.1999053955078,181.3000030517578,181.6428985595703,2562972,NVDA,5m
2026-03-18 13:45:00+00:00,181.64999389648438,182.1009979248047,181.625,181.9250030517578,1895749,NVDA,5m
2026-03-18 13:50:00+00:00,181.9600067138672,182.17999267578125,181.61000061035156,182.0449981689453,1880614,NVDA,5m
2026-03-18 13:55:00+00:00,182.0449981689453,182.60000610351562,182.02999877929688,182.46620178222656,1801123,NVDA,5m
2026-03-18 14:00:00+00:00,182.47000122070312,182.8300018310547,182.1999969482422,182.70010375976562,1893258,NVDA,5m
2026-03-18 14:05:00+00:00,182.7050018310547,183.3800048828125,182.66000366210938,183.1199951171875,13394713,NVDA,5m
2026-03-18 14:10:00+00:00,183.125,183.1999969482422,182.41000366210938,182.42990112304688,0,NVDA,5m
2026-03-18 14:15:00+00:00,182.4499969482422,182.94000244140625,182.4199981689453,182.74000549316406,13825395,NVDA,5m
2026-03-18 14:20:00+00:00,182.73060607910156,182.89500427246094,182.6199951171875,182.7899932861328,0,NVDA,5m
2026-03-18 14:25:00+00:00,182.77999877929688,182.8000030517578,182.1300048828125,182.2794952392578,1512038,NVDA,5m
2026-03-18 14:30:00+00:00,182.2805938720703,182.80999755859375,182.25950622558594,182.375,1429675,NVDA,5m
2026-03-18 14:35:00+00:00,182.375,182.6992950439453,182.23500061035156,182.4149932861328,1149697,NVDA,5m
2026-03-18 14:40:00+00:00,182.4149932861328,182.4250030517578,182.10000610351562,182.1096954345703,1392902,NVDA,5m
2026-03-18 14:45:00+00:00,182.10000610351562,182.27789306640625,181.86500549316406,181.8699951171875,1118189,NVDA,5m
2026-03-18 14:50:00+00:00,181.86500549316406,182.32000732421875,181.83999633789062,182.25999450683594,1206866,NVDA,5m
2026-03-18 14:55:00+00:00,182.25,182.77000427246094,182.22000122070312,182.75999450683594,1318821,NVDA,5m
2026-03-18 15:00:00+00:00,182.76499938964844,183.07989501953125,182.61000061035156,183.05999755859375,1740395,NVDA,5m
2026-03-18 15:05:00+00:00,183.05999755859375,183.23500061035156,182.9199981689453,183.01759338378906,1445775,NVDA,5m
2026-03-18 15:10:00+00:00,183.00999450683594,183.1199951171875,182.78500366210938,182.94500732421875,1400371,NVDA,5m
2026-03-18 15:15:00+00:00,182.9499969482422,182.98989868164062,182.41000366210938,182.4550018310547,1201615,NVDA,5m
2026-03-18 15:20:00+00:00,182.4573974609375,182.6300048828125,182.27000427246094,182.49209594726562,1337685,NVDA,5m
2026-03-18 15:25:00+00:00,182.49000549316406,182.6300048828125,182.4499969482422,182.5399932861328,838642,NVDA,5m
2026-03-18 15:30:00+00:00,182.5399932861328,182.5998992919922,182.41000366210938,182.47500610351562,741403,NVDA,5m
2026-03-18 15:35:00+00:00,182.4949951171875,182.66000366210938,182.32000732421875,182.61000061035156,994611,NVDA,5m
2026-03-18 15:40:00+00:00,182.61500549316406,182.7050018310547,182.3699951171875,182.49000549316406,22029885,NVDA,5m
2026-03-18 15:45:00+00:00,182.4949951171875,182.5500030517578,182.3249969482422,182.36000061035156,1030447,NVDA,5m
2026-03-18 15:50:00+00:00,182.36099243164062,182.66000366210938,182.33999633789062,182.64999389648438,0,NVDA,5m
2026-03-18 15:55:00+00:00,182.63999938964844,182.66990661621094,182.45010375976562,182.4600067138672,669234,NVDA,5m
2026-03-18 16:00:00+00:00,182.47000122070312,182.61000061035156,182.36000061035156,182.60499572753906,23222120,NVDA,5m
2026-03-18 16:05:00+00:00,182.60000610351562,182.72999572753906,182.4499969482422,182.47999572753906,0,NVDA,5m
2026-03-18 16:10:00+00:00,182.49000549316406,182.81500244140625,182.42999267578125,182.69000244140625,23897228,NVDA,5m
2026-03-18 16:15:00+00:00,182.69900512695312,182.70989990234375,182.36500549316406,182.6300048828125,0,NVDA,5m
2026-03-18 16:20:00+00:00,182.63999938964844,182.6649932861328,182.54200744628906,182.610107421875,533760,NVDA,5m
2026-03-18 16:25:00+00:00,182.6199951171875,182.85000610351562,182.5399932861328,182.74000549316406,906127,NVDA,5m
2026-03-18 16:30:00+00:00,182.74000549316406,182.7550048828125,182.27999877929688,182.32000732421875,911612,NVDA,5m
2026-03-18 16:35:00+00:00,182.30999755859375,182.39500427246094,182.10000610351562,182.2899932861328,1005229,NVDA,5m
2026-03-18 16:40:00+00:00,182.29559326171875,182.3699951171875,182.17999267578125,182.2801055908203,641611,NVDA,5m
2026-03-18 16:45:00+00:00,182.27200317382812,182.3800048828125,182.17010498046875,182.375,553705,NVDA,5m
2026-03-18 16:50:00+00:00,182.3699951171875,182.5800018310547,182.25999450683594,182.5399932861328,26588857,NVDA,5m
2026-03-18 16:55:00+00:00,182.53500366210938,182.6699981689453,182.39999389648438,182.4250030517578,0,NVDA,5m
2026-03-18 17:00:00+00:00,182.4250030517578,182.43719482421875,182.00010681152344,182.18499755859375,963334,NVDA,5m
2026-03-18 17:05:00+00:00,182.17799377441406,182.18499755859375,181.97000122070312,182.03500366210938,574794,NVDA,5m
2026-03-18 17:10:00+00:00,182.0399932861328,182.1300048828125,181.91000366210938,181.9550018310547,564148,NVDA,5m
2026-03-18 17:15:00+00:00,181.9499969482422,182.05999755859375,181.8300018310547,181.97500610351562,735993,NVDA,5m
2026-03-18 17:20:00+00:00,181.97000122070312,182.0850067138672,181.8800048828125,182.0399932861328,549854,NVDA,5m
2026-03-18 17:25:00+00:00,182.0449981689453,182.0749969482422,181.94000244140625,182.07000732421875,529572,NVDA,5m
2026-03-18 17:30:00+00:00,182.07000732421875,182.32000732421875,181.82000732421875,182.3199005126953,854927,NVDA,5m
2026-03-18 17:35:00+00:00,182.32000732421875,182.52000427246094,182.25999450683594,182.45350646972656,775626,NVDA,5m
2026-03-18 17:40:00+00:00,182.4499969482422,182.4600067138672,182.33999633789062,182.38499450683594,29554855,NVDA,5m
2026-03-18 17:45:00+00:00,182.38819885253906,182.72500610351562,182.3800048828125,182.4949951171875,0,NVDA,5m
2026-03-18 17:50:00+00:00,182.49000549316406,182.69850158691406,182.4499969482422,182.61000061035156,630867,NVDA,5m
2026-03-18 17:55:00+00:00,182.6199951171875,182.73500061035156,182.55999755859375,182.6300048828125,530502,NVDA,5m
2026-03-18 18:00:00+00:00,182.64500427246094,183.14999389648438,182.58999633789062,183.00999450683594,1535378,NVDA,5m
2026-03-18 18:05:00+00:00,183.0050048828125,183.02999877929688,182.7949981689453,182.8300018310547,822942,NVDA,5m
2026-03-18 18:10:00+00:00,182.8300018310547,182.85000610351562,182.55999755859375,182.69400024414062,796674,NVDA,5m
2026-03-18 18:15:00+00:00,182.69500732421875,182.72000122070312,182.35000610351562,182.47019958496094,879567,NVDA,5m
2026-03-18 18:20:00+00:00,182.47799682617188,182.5399932861328,182.02999877929688,182.16940307617188,900528,NVDA,5m
2026-03-18 18:25:00+00:00,182.17820739746094,182.3300018310547,182.10499572753906,182.31500244140625,712183,NVDA,5m
2026-03-18 18:30:00+00:00,182.30999755859375,182.39500427246094,181.66299438476562,181.6750030517578,1366221,NVDA,5m
2026-03-18 18:35:00+00:00,181.6699981689453,182.0800018310547,181.60000610351562,181.67990112304688,1309220,NVDA,5m
2026-03-18 18:40:00+00:00,181.67999267578125,182.1199951171875,181.6199951171875,181.89999389648438,1101214,NVDA,5m
2026-03-18 18:45:00+00:00,181.88999938964844,181.9499969482422,181.72000122070312,181.72999572753906,765071,NVDA,5m
2026-03-18 18:50:00+00:00,181.72999572753906,181.7449951171875,181.08999633789062,181.1750030517578,1277564,NVDA,5m
2026-03-18 18:55:00+00:00,181.17999267578125,181.42999267578125,181.13099670410156,181.22500610351562,1224014,NVDA,5m
2026-03-18 19:00:00+00:00,181.22000122070312,181.49000549316406,181.14999389648438,181.4499969482422,1086732,NVDA,5m
2026-03-18 19:05:00+00:00,181.4499969482422,181.67999267578125,181.3000030517578,181.4239959716797,1428438,NVDA,5m
2026-03-18 19:10:00+00:00,181.4199981689453,181.4199981689453,181.0749969482422,181.247802734375,1034772,NVDA,5m
2026-03-18 19:15:00+00:00,181.23500061035156,181.3350067138672,181.01499938964844,181.0500030517578,1021607,NVDA,5m
2026-03-18 19:20:00+00:00,181.04400634765625,181.2071990966797,180.8800048828125,180.98500061035156,1572596,NVDA,5m
2026-03-18 19:25:00+00:00,180.97999572753906,181.34500122070312,180.89010620117188,181.2449951171875,1252212,NVDA,5m
2026-03-18 19:30:00+00:00,181.22999572753906,181.38499450683594,181.01499938964844,181.1300048828125,1226199,NVDA,5m
2026-03-18 19:35:00+00:00,181.1300048828125,181.13980102539062,180.83999633789062,180.92999267578125,1033652,NVDA,5m
2026-03-18 19:40:00+00:00,180.93499755859375,181.00999450683594,180.6999969482422,180.8000030517578,1266892,NVDA,5m
2026-03-18 19:45:00+00:00,180.8000030517578,180.96499633789062,180.7100067138672,180.77000427246094,1154861,NVDA,5m
2026-03-18 19:50:00+00:00,180.76499938964844,180.89999389648438,180.5,180.72999572753906,43702634,NVDA,5m
2026-03-18 19:55:00+00:00,180.72500610351562,180.73500061035156,180.3300018310547,180.35000610351562,0,NVDA,5m
2026-03-19 13:30:00+00:00,178.00999450683594,178.02999877929688,176.27000427246094,176.6300048828125,8145108,NVDA,5m
2026-03-19 13:35:00+00:00,176.6199951171875,176.875,175.78500366210938,176.6199951171875,4294837,NVDA,5m
2026-03-19 13:40:00+00:00,176.6199951171875,176.8000030517578,176.0800018310547,176.34500122070312,3211870,NVDA,5m
2026-03-19 13:45:00+00:00,176.33999633789062,176.6999969482422,176.02999877929688,176.64999389648438,2590191,NVDA,5m
2026-03-19 13:50:00+00:00,176.65150451660156,177.6295928955078,176.4600067138672,177.47000122070312,2888987,NVDA,5m
2026-03-19 13:55:00+00:00,177.47000122070312,177.67999267578125,177.02999877929688,177.67300415039062,1960128,NVDA,5m
2026-03-19 14:00:00+00:00,177.66000366210938,177.95989990234375,177.33999633789062,177.47909545898438,15279001,NVDA,5m
2026-03-19 14:05:00+00:00,177.49000549316406,177.75,177.22000122070312,177.39999389648438,2474069,NVDA,5m
2026-03-19 14:10:00+00:00,177.39999389648438,178.17999267578125,177.30999755859375,178.0850067138672,0,NVDA,5m
2026-03-19 14:15:00+00:00,178.08999633789062,178.3699951171875,177.8699951171875,178.08999633789062,17050520,NVDA,5m
2026-03-19 14:20:00+00:00,178.10000610351562,178.39930725097656,177.6999969482422,177.8800048828125,0,NVDA,5m
2026-03-19 14:25:00+00:00,177.88499450683594,178.0800018310547,177.3800048828125,177.58999633789062,1419817,NVDA,5m
2026-03-19 14:30:00+00:00,177.58999633789062,178.47000122070312,177.55499267578125,178.39999389648438,1700934,NVDA,5m
2026-03-19 14:35:00+00:00,178.40280151367188,178.4600067138672,177.64999389648438,177.8800048828125,1495591,NVDA,5m
2026-03-19 14:40:00+00:00,177.875,178.10000610351562,177.66000366210938,177.80999755859375,1110438,NVDA,5m
2026-03-19 14:45:00+00:00,177.81500244140625,178.02999877929688,177.6300048828125,178.02000427246094,1009782,NVDA,5m
2026-03-19 14:50:00+00:00,178.02000427246094,178.39500427246094,177.9499969482422,178.16000366210938,20407658,NVDA,5m
2026-03-19 14:55:00+00:00,178.16000366210938,178.38510131835938,177.9324951171875,178.19500732421875,0,NVDA,5m
2026-03-19 15:00:00+00:00,178.19000244140625,178.57000732421875,178.02499389648438,178.4499969482422,1131496,NVDA,5m
2026-03-19 15:05:00+00:00,178.4600067138672,178.96600341796875,178.35000610351562,178.5800018310547,1703187,NVDA,5m
2026-03-19 15:10:00+00:00,178.58999633789062,179.0500030517578,178.5,178.875,22714597,NVDA,5m
2026-03-19 15:15:00+00:00,178.87240600585938,179.02000427246094,178.35499572753906,178.39500427246094,0,NVDA,5m
2026-03-19 15:20:00+00:00,178.38999938964844,178.51499938964844,178.1999969482422,178.2899932861328,1239404,NVDA,5m
2026-03-19 15:25:00+00:00,178.27999877929688,178.39999389648438,178.05999755859375,178.23219299316406,1139125,NVDA,5m
2026-03-19 15:30:00+00:00,178.24000549316406,178.24000549316406,177.8000030517578,177.8699951171875,1075238,NVDA,5m
2026-03-19 15:35:00+00:00,177.85899353027344,178.0399932861328,177.69000244140625,178.02000427246094,980356,NVDA,5m
2026-03-19 15:40:00+00:00,178.00999450683594,178.14999389648438,177.8000030517578,177.8249969482422,923968,NVDA,5m
2026-03-19 15:45:00+00:00,177.82000732421875,178.06500244140625,177.6649932861328,177.97500610351562,949664,NVDA,5m
2026-03-19 15:50:00+00:00,177.97000122070312,178.04989624023438,177.80999755859375,177.889892578125,670898,NVDA,5m
2026-03-19 15:55:00+00:00,177.88499450683594,178.36000061035156,177.82000732421875,178.30979919433594,26391733,NVDA,5m
2026-03-19 16:00:00+00:00,178.3000946044922,178.735107421875,178.16000366210938,178.55999755859375,0,NVDA,5m
2026-03-19 16:05:00+00:00,178.55499267578125,178.94000244140625,178.50999450683594,178.63499450683594,1182199,NVDA,5m
2026-03-19 16:10:00+00:00,178.63499450683594,178.73500061035156,178.33999633789062,178.61000061035156,1004747,NVDA,5m
2026-03-19 16:15:00+00:00,178.61000061035156,178.73800659179688,178.3300018310547,178.46180725097656,746743,NVDA,5m
2026-03-19 16:20:00+00:00,178.4720001220703,178.7899932861328,178.39500427246094,178.50999450683594,818615,NVDA,5m
2026-03-19 16:25:00+00:00,178.50999450683594,178.86990356445312,178.4199981689453,178.78500366210938,749146,NVDA,5m
2026-03-19 16:30:00+00:00,178.7899932861328,178.89999389648438,178.3800048828125,178.57899475097656,974648,NVDA,5m
2026-03-19 16:35:00+00:00,178.57000732421875,178.6649932861328,178.33999633789062,178.65499877929688,821318,NVDA,5m
2026-03-19 16:40:00+00:00,178.65499877929688,178.79989624023438,178.3300018310547,178.4149932861328,920010,NVDA,5m
2026-03-19 16:45:00+00:00,178.42349243164062,178.4600067138672,178.17999267578125,178.23989868164062,898172,NVDA,5m
2026-03-19 16:50:00+00:00,178.22999572753906,178.24740600585938,178.05999755859375,178.2100067138672,731175,NVDA,5m
2026-03-19 16:55:00+00:00,178.22000122070312,178.22979736328125,178.05999755859375,178.156005859375,611980,NVDA,5m
2026-03-19 17:00:00+00:00,178.16000366210938,178.1999969482422,177.91000366210938,177.9199981689453,691199,NVDA,5m
2026-03-19 17:05:00+00:00,177.9219970703125,177.9499053955078,177.57000732421875,177.5850067138672,979347,NVDA,5m
2026-03-19 17:10:00+00:00,177.5850067138672,177.86000061035156,177.55999755859375,177.68499755859375,746500,NVDA,5m
2026-03-19 17:15:00+00:00,177.68499755859375,178.1699981689453,177.6300048828125,178.12100219726562,1010399,NVDA,5m
2026-03-19 17:20:00+00:00,178.1199951171875,178.5399932861328,178.06500244140625,178.4362030029297,1123656,NVDA,5m
2026-03-19 17:25:00+00:00,178.42999267578125,178.75,178.3800048828125,178.5449981689453,32313063,NVDA,5m
2026-03-19 17:30:00+00:00,178.5399932861328,178.75,178.30999755859375,178.39500427246094,0,NVDA,5m
2026-03-19 17:35:00+00:00,178.38999938964844,178.41000366210938,178.22999572753906,178.25,556729,NVDA,5m
2026-03-19 17:40:00+00:00,178.24000549316406,178.27000427246094,178.05999755859375,178.15499877929688,610635,NVDA,5m
2026-03-19 17:45:00+00:00,178.14999389648438,178.17999267578125,177.97000122070312,178.15499877929688,624902,NVDA,5m
2026-03-19 17:50:00+00:00,178.15499877929688,178.52999877929688,178.13119506835938,178.4199981689453,741193,NVDA,5m
2026-03-19 17:55:00+00:00,178.4239959716797,178.4239959716797,178.17999267578125,178.2301025390625,438035,NVDA,5m
2026-03-19 18:00:00+00:00,178.21499633789062,178.25999450683594,178.0800018310547,178.11500549316406,474604,NVDA,5m
2026-03-19 18:05:00+00:00,178.11500549316406,178.48500061035156,178.0850067138672,178.4149932861328,584178,NVDA,5m
2026-03-19 18:10:00+00:00,178.4199981689453,178.92999267578125,178.4199981689453,178.8699951171875,915761,NVDA,5m
2026-03-19 18:15:00+00:00,178.86000061035156,178.93499755859375,178.7100067138672,178.93499755859375,639584,NVDA,5m
2026-03-19 18:20:00+00:00,178.92999267578125,179.24000549316406,178.9149932861328,178.96499633789062,1304167,NVDA,5m
2026-03-19 18:25:00+00:00,178.9600067138672,179.11990356445312,178.77999877929688,178.9698944091797,939681,NVDA,5m
2026-03-19 18:30:00+00:00,178.97999572753906,178.99000549316406,178.70120239257812,178.78509521484375,35785969,NVDA,5m
2026-03-19 18:35:00+00:00,178.78500366210938,178.8699951171875,178.50999450683594,178.6300048828125,1029338,NVDA,5m
2026-03-19 18:40:00+00:00,178.63499450683594,178.65499877929688,178.23500061035156,178.27499389648438,0,NVDA,5m
2026-03-19 18:45:00+00:00,178.2779998779297,178.39999389648438,178.2100067138672,178.28500366210938,592079,NVDA,5m
2026-03-19 18:50:00+00:00,178.27999877929688,178.27999877929688,178.08999633789062,178.2050018310547,651700,NVDA,5m
2026-03-19 18:55:00+00:00,178.1999969482422,178.72999572753906,178.10499572753906,178.64999389648438,1041101,NVDA,5m
2026-03-19 19:00:00+00:00,178.64999389648438,179.08999633789062,178.58999633789062,178.8249969482422,1403327,NVDA,5m
2026-03-19 19:05:00+00:00,178.8300018310547,179.7949981689453,178.7899932861328,179.58999633789062,2289215,NVDA,5m
2026-03-19 19:10:00+00:00,179.59500122070312,179.93499755859375,179.26010131835938,179.7050018310547,1764854,NVDA,5m
2026-03-19 19:15:00+00:00,179.7100067138672,179.97999572753906,179.63999938964844,179.82000732421875,1343827,NVDA,5m
2026-03-19 19:20:00+00:00,179.8300018310547,179.85499572753906,179.19000244140625,179.32000732421875,1332997,NVDA,5m
2026-03-19 19:25:00+00:00,179.30999755859375,179.33999633789062,178.8699951171875,179.13499450683594,1280789,NVDA,5m
2026-03-19 19:30:00+00:00,179.1300048828125,179.14990234375,178.56149291992188,178.57000732421875,1451762,NVDA,5m
2026-03-19 19:35:00+00:00,178.57000732421875,178.6750030517578,178.30239868164062,178.5749969482422,1212406,NVDA,5m
2026-03-19 19:40:00+00:00,178.5850067138672,178.67999267578125,178.22000122070312,178.38999938964844,1322223,NVDA,5m
2026-03-19 19:45:00+00:00,178.38999938964844,178.52000427246094,178.1699981689453,178.29400634765625,1356482,NVDA,5m
2026-03-19 19:50:00+00:00,178.2899932861328,178.64999389648438,177.91000366210938,178.36000061035156,2157746,NVDA,5m
2026-03-19 19:55:00+00:00,178.36000061035156,178.87899780273438,178.36000061035156,178.5,3410828,NVDA,5m
2026-03-20 13:30:00+00:00,178.0,178.25999450683594,176.75,177.15499877929688,22034635,NVDA,5m
2026-03-20 13:35:00+00:00,177.1300048828125,177.47000122070312,176.8800048828125,177.02000427246094,2832683,NVDA,5m
2026-03-20 13:40:00+00:00,177.02999877929688,178.03500366210938,177.0,177.7135009765625,3301750,NVDA,5m
2026-03-20 13:45:00+00:00,177.72500610351562,177.82980346679688,177.0800018310547,177.38999938964844,2936821,NVDA,5m
2026-03-20 13:50:00+00:00,177.38999938964844,177.50999450683594,176.63999938964844,176.8385009765625,2808481,NVDA,5m
2026-03-20 13:55:00+00:00,176.84849548339844,176.90499877929688,175.83999633789062,175.85000610351562,3442737,NVDA,5m
2026-03-20 14:00:00+00:00,175.83999633789062,176.18800354003906,175.61000061035156,176.02999877929688,4139485,NVDA,5m
2026-03-20 14:05:00+00:00,176.02000427246094,176.30999755859375,175.80999755859375,176.14999389648438,3564471,NVDA,5m
2026-03-20 14:10:00+00:00,176.14999389648438,176.3300018310547,175.42999267578125,175.5699005126953,2733521,NVDA,5m
2026-03-20 14:15:00+00:00,175.55499267578125,176.26499938964844,175.4600067138672,176.22250366210938,2583208,NVDA,5m
2026-03-20 14:20:00+00:00,176.22230529785156,176.25,175.6699981689453,175.84500122070312,2000305,NVDA,5m
2026-03-20 14:25:00+00:00,175.8300018310547,175.99000549316406,175.51499938964844,175.73500061035156,2340254,NVDA,5m
2026-03-20 14:30:00+00:00,175.75,175.98989868164062,175.6199951171875,175.94500732421875,2331803,NVDA,5m
2026-03-20 14:35:00+00:00,175.9499969482422,176.0998992919922,175.55999755859375,175.68499755859375,3054695,NVDA,5m
2026-03-20 14:40:00+00:00,175.67999267578125,175.7899932861328,175.52499389648438,175.67999267578125,1897207,NVDA,5m
2026-03-20 14:45:00+00:00,175.66000366210938,175.69500732421875,175.25,175.4949951171875,2785509,NVDA,5m
2026-03-20 14:50:00+00:00,175.4949951171875,175.64999389648438,175.0,175.0800018310547,3154308,NVDA,5m
2026-03-20 14:55:00+00:00,175.07000732421875,175.8800048828125,175.07000732421875,175.85000610351562,2650974,NVDA,5m
2026-03-20 15:00:00+00:00,175.84750366210938,176.25,175.5500030517578,175.61990356445312,2639199,NVDA,5m
2026-03-20 15:05:00+00:00,175.63510131835938,175.86000061035156,175.5500030517578,175.8300018310547,1285176,NVDA,5m
2026-03-20 15:10:00+00:00,175.8300018310547,176.13510131835938,175.8000030517578,176.10000610351562,1579970,NVDA,5m
2026-03-20 15:15:00+00:00,176.0850067138672,176.19500732421875,175.6300048828125,175.64300537109375,1855883,NVDA,5m
2026-03-20 15:20:00+00:00,175.64999389648438,176.10499572753906,175.60000610351562,175.66000366210938,1847288,NVDA,5m
2026-03-20 15:25:00+00:00,175.6699981689453,175.75889587402344,175.47500610351562,175.69500732421875,2192350,NVDA,5m
2026-03-20 15:30:00+00:00,175.6999969482422,175.85000610351562,175.55999755859375,175.82000732421875,1152897,NVDA,5m
2026-03-20 15:35:00+00:00,175.82069396972656,175.92010498046875,175.5749969482422,175.75509643554688,1153159,NVDA,5m
2026-03-20 15:40:00+00:00,175.76499938964844,175.9398956298828,175.61500549316406,175.84500122070312,1205848,NVDA,5m
2026-03-20 15:45:00+00:00,175.84010314941406,175.97999572753906,175.69000244140625,175.86500549316406,1805925,NVDA,5m
2026-03-20 15:50:00+00:00,175.88650512695312,176.00999450683594,175.72000122070312,176.0,1055695,NVDA,5m
2026-03-20 15:55:00+00:00,176.0,176.0399932861328,175.8350067138672,175.90499877929688,836577,NVDA,5m
2026-03-20 16:00:00+00:00,175.8249969482422,176.2100067138672,175.80999755859375,176.11000061035156,1288359,NVDA,5m
2026-03-20 16:05:00+00:00,176.10000610351562,176.13999938964844,175.88499450683594,176.05999755859375,1397134,NVDA,5m
2026-03-20 16:10:00+00:00,176.0399932861328,176.4199981689453,176.0,176.37229919433594,1169995,NVDA,5m
2026-03-20 16:15:00+00:00,176.3699951171875,176.4499969482422,176.07000732421875,176.4199981689453,1233683,NVDA,5m
2026-03-20 16:20:00+00:00,176.4250030517578,176.4499969482422,176.1199951171875,176.13999938964844,1002020,NVDA,5m
2026-03-20 16:25:00+00:00,176.14500427246094,176.17999267578125,175.8699951171875,175.98849487304688,1453005,NVDA,5m
2026-03-20 16:30:00+00:00,175.98500061035156,175.98500061035156,175.5399932861328,175.625,1323309,NVDA,5m
2026-03-20 16:35:00+00:00,175.6300048828125,175.82000732421875,175.55149841308594,175.6199951171875,894009,NVDA,5m
2026-03-20 16:40:00+00:00,175.6300048828125,175.83999633789062,175.6199951171875,175.71499633789062,727812,NVDA,5m
2026-03-20 16:45:00+00:00,175.7100067138672,175.7899932861328,175.43499755859375,175.52499389648438,904099,NVDA,5m
2026-03-20 16:50:00+00:00,175.53500366210938,175.66000366210938,175.39999389648438,175.6190948486328,819768,NVDA,5m
2026-03-20 16:55:00+00:00,175.6199951171875,175.90499877929688,175.52020263671875,175.60000610351562,1203854,NVDA,5m
2026-03-20 17:00:00+00:00,175.61000061035156,175.92999267578125,175.61000061035156,175.83009338378906,850807,NVDA,5m
2026-03-20 17:05:00+00:00,175.8350067138672,175.88999938964844,175.47999572753906,175.72999572753906,1300694,NVDA,5m
2026-03-20 17:10:00+00:00,175.72999572753906,175.77499389648438,175.35000610351562,175.39500427246094,832900,NVDA,5m
2026-03-20 17:15:00+00:00,175.38999938964844,175.4600067138672,175.25999450683594,175.36500549316406,964762,NVDA,5m
2026-03-20 17:20:00+00:00,175.3699951171875,175.5,175.34500122070312,175.38999938964844,934407,NVDA,5m
2026-03-20 17:25:00+00:00,175.38270568847656,175.39999389648438,175.02999877929688,175.07000732421875,1316928,NVDA,5m
2026-03-20 17:30:00+00:00,175.06500244140625,175.08999633789062,174.8000030517578,174.89999389648438,3620903,NVDA,5m
2026-03-20 17:35:00+00:00,174.89999389648438,174.9499969482422,174.52999877929688,174.79989624023438,1967020,NVDA,5m
2026-03-20 17:40:00+00:00,174.7949981689453,174.88999938964844,174.5500030517578,174.59500122070312,1333748,NVDA,5m
2026-03-20 17:45:00+00:00,174.60000610351562,174.75,174.50999450683594,174.68499755859375,1240781,NVDA,5m
2026-03-20 17:50:00+00:00,174.6699981689453,174.88999938964844,174.6199951171875,174.8350067138672,1261592,NVDA,5m
2026-03-20 17:55:00+00:00,174.84500122070312,175.0,174.83099365234375,174.92999267578125,1720644,NVDA,5m
2026-03-20 18:00:00+00:00,174.92999267578125,175.0050048828125,174.63999938964844,174.64999389648438,1224017,NVDA,5m
2026-03-20 18:05:00+00:00,174.65989685058594,174.77000427246094,174.55999755859375,174.71240234375,1175664,NVDA,5m
2026-03-20 18:10:00+00:00,174.72000122070312,174.80999755859375,174.55499267578125,174.625,958628,NVDA,5m
2026-03-20 18:15:00+00:00,174.6300048828125,174.68499755859375,174.5800018310547,174.6750030517578,852735,NVDA,5m
2026-03-20 18:20:00+00:00,174.66990661621094,174.77000427246094,173.9600067138672,174.06500244140625,3067294,NVDA,5m
2026-03-20 18:25:00+00:00,174.0500030517578,174.36000061035156,174.0500030517578,174.26010131835938,1653615,NVDA,5m
2026-03-20 18:30:00+00:00,174.26499938964844,174.33999633789062,173.83999633789062,173.99989318847656,1874589,NVDA,5m
2026-03-20 18:35:00+00:00,174.0,174.00999450683594,173.60499572753906,173.76499938964844,1679734,NVDA,5m
2026-03-20 18:40:00+00:00,173.76499938964844,173.9199981689453,173.61500549316406,173.639404296875,1439354,NVDA,5m
2026-03-20 18:45:00+00:00,173.63499450683594,173.77999877929688,173.42999267578125,173.51499938964844,1627672,NVDA,5m
2026-03-20 18:50:00+00:00,173.51499938964844,173.7100067138672,173.4600067138672,173.52999877929688,1590848,NVDA,5m
2026-03-20 18:55:00+00:00,173.52000427246094,173.61000061035156,173.27000427246094,173.4600067138672,1972588,NVDA,5m
2026-03-20 19:00:00+00:00,173.4600067138672,173.75999450683594,173.44000244140625,173.52000427246094,1815745,NVDA,5m
2026-03-20 19:05:00+00:00,173.52000427246094,173.57000732421875,172.97999572753906,173.34500122070312,2350645,NVDA,5m
2026-03-20 19:10:00+00:00,173.34500122070312,173.41000366210938,173.0,173.2100067138672,1750348,NVDA,5m
2026-03-20 19:15:00+00:00,173.2050018310547,173.35000610351562,173.0399932861328,173.22999572753906,1898342,NVDA,5m
2026-03-20 19:20:00+00:00,173.22000122070312,173.22000122070312,172.6699981689453,172.72000122070312,2544964,NVDA,5m
2026-03-20 19:25:00+00:00,172.7050018310547,172.85989379882812,172.37010192871094,172.42999267578125,2614728,NVDA,5m
2026-03-20 19:30:00+00:00,172.4250030517578,172.6699981689453,172.25999450683594,172.31500244140625,3160119,NVDA,5m
2026-03-20 19:35:00+00:00,172.31500244140625,172.3800048828125,171.72500610351562,172.0800018310547,3854190,NVDA,5m
2026-03-20 19:40:00+00:00,172.0749969482422,172.7899932861328,171.97000122070312,172.75,3381772,NVDA,5m
2026-03-20 19:45:00+00:00,172.7449951171875,173.0399932861328,172.6199951171875,172.69500732421875,3386910,NVDA,5m
2026-03-20 19:50:00+00:00,172.6999969482422,172.77999877929688,172.125,172.65989685058594,4044995,NVDA,5m
2026-03-20 19:55:00+00:00,172.66000366210938,173.00999450683594,172.4499969482422,173.0,6777664,NVDA,5m
2026-03-23 13:30:00+00:00,177.25,177.67999267578125,175.87010192871094,177.0,20213796,NVDA,5m
2026-03-23 13:35:00+00:00,177.00999450683594,177.57969665527344,176.7100067138672,177.31500244140625,4240860,NVDA,5m
2026-03-23 13:40:00+00:00,177.32940673828125,177.47000122070312,176.5399932861328,176.55999755859375,4179587,NVDA,5m
2026-03-23 13:45:00+00:00,176.57000732421875,177.4600067138672,176.4499969482422,177.4499969482422,3446551,NVDA,5m
2026-03-23 13:50:00+00:00,177.4499969482422,177.52999877929688,176.92999267578125,177.3300018310547,2845630,NVDA,5m
2026-03-23 13:55:00+00:00,177.32000732421875,177.91000366210938,177.2200927734375,177.8300018310547,3258168,NVDA,5m
2026-03-23 14:00:00+00:00,177.8300018310547,177.9600067138672,177.16000366210938,177.27000427246094,3276497,NVDA,5m
2026-03-23 14:05:00+00:00,177.27499389648438,177.28500366210938,176.68499755859375,176.9250030517578,3311231,NVDA,5m
2026-03-23 14:10:00+00:00,176.91000366210938,177.51499938964844,176.72999572753906,177.3280029296875,3008803,NVDA,5m
2026-03-23 14:15:00+00:00,177.3249969482422,177.69000244140625,177.25,177.5500030517578,2217295,NVDA,5m
2026-03-23 14:20:00+00:00,177.5399932861328,178.2279052734375,177.42999267578125,178.02499389648438,3411634,NVDA,5m
2026-03-23 14:25:00+00:00,178.02000427246094,178.0399932861328,177.66000366210938,177.875,2156885,NVDA,5m
2026-03-23 14:30:00+00:00,177.86500549316406,178.01499938964844,177.60000610351562,177.86500549316406,2237723,NVDA,5m
2026-03-23 14:35:00+00:00,177.8699951171875,178.0850067138672,177.64999389648438,177.75,2417225,NVDA,5m
2026-03-23 14:40:00+00:00,177.72999572753906,177.80850219726562,177.38999938964844,177.4600067138672,1979142,NVDA,5m
2026-03-23 14:45:00+00:00,177.4600067138672,177.7449951171875,177.22999572753906,177.6649932861328,1971071,NVDA,5m
2026-03-23 14:50:00+00:00,177.66000366210938,177.72500610351562,177.25999450683594,177.60000610351562,1898153,NVDA,5m
2026-03-23 14:55:00+00:00,177.60000610351562,177.77000427246094,177.38499450683594,177.6649932861328,1667835,NVDA,5m
2026-03-23 15:00:00+00:00,177.6649932861328,178.27000427246094,177.53990173339844,178.15499877929688,2655209,NVDA,5m
2026-03-23 15:05:00+00:00,178.14999389648438,178.30999755859375,178.0399932861328,178.2050018310547,1732053,NVDA,5m
2026-03-23 15:10:00+00:00,178.2050018310547,178.3699951171875,177.9600067138672,178.0,1682855,NVDA,5m
2026-03-23 15:15:00+00:00,177.9949951171875,178.0449981689453,177.69000244140625,177.7064971923828,1736776,NVDA,5m
2026-03-23 15:20:00+00:00,177.71009826660156,177.8350067138672,177.39999389648438,177.7698974609375,2070598,NVDA,5m
2026-03-23 15:25:00+00:00,177.75999450683594,177.82510375976562,177.41000366210938,177.5800018310547,1519071,NVDA,5m
2026-03-23 15:30:00+00:00,177.58999633789062,177.77000427246094,177.3249969482422,177.360107421875,1783023,NVDA,5m
2026-03-23 15:35:00+00:00,177.36000061035156,177.375,176.72030639648438,176.7899932861328,2383944,NVDA,5m
2026-03-23 15:40:00+00:00,176.77999877929688,176.9499969482422,176.52999877929688,176.6750030517578,2839015,NVDA,5m
2026-03-23 15:45:00+00:00,176.6750030517578,176.7100067138672,176.1699981689453,176.24000549316406,2238711,NVDA,5m
2026-03-23 15:50:00+00:00,176.24000549316406,176.3679962158203,175.5,175.60989379882812,2786387,NVDA,5m
2026-03-23 15:55:00+00:00,175.60000610351562,175.6999969482422,175.0399932861328,175.125,2513860,NVDA,5m
2026-03-23 16:00:00+00:00,175.1199951171875,175.55499267578125,175.10499572753906,175.125,2438459,NVDA,5m
2026-03-23 16:05:00+00:00,175.13499450683594,175.7550048828125,175.07000732421875,175.55999755859375,2046148,NVDA,5m
2026-03-23 16:10:00+00:00,175.5500030517578,175.74000549316406,175.41009521484375,175.6300048828125,1550540,NVDA,5m
2026-03-23 16:15:00+00:00,175.625,175.66000366210938,175.19000244140625,175.2050018310547,1597397,NVDA,5m
2026-03-23 16:20:00+00:00,175.20550537109375,175.3699951171875,175.02999877929688,175.3209991455078,1759861,NVDA,5m
2026-03-23 16:25:00+00:00,175.32000732421875,175.3350067138672,174.75999450683594,174.80999755859375,2220155,NVDA,5m
2026-03-23 16:30:00+00:00,174.81500244140625,175.39999389648438,174.80349731445312,175.39999389648438,1582265,NVDA,5m
2026-03-23 16:35:00+00:00,175.39990234375,175.6300048828125,175.35000610351562,175.4149932861328,1527660,NVDA,5m
2026-03-23 16:40:00+00:00,175.41000366210938,175.64999389648438,175.38999938964844,175.5800018310547,1270644,NVDA,5m
2026-03-23 16:45:00+00:00,175.58999633789062,175.8699951171875,175.5399932861328,175.7342987060547,1271907,NVDA,5m
2026-03-23 16:50:00+00:00,175.74000549316406,175.88999938964844,175.57009887695312,175.68099975585938,1228841,NVDA,5m
2026-03-23 16:55:00+00:00,175.69000244140625,175.77999877929688,175.4503936767578,175.52999877929688,1310519,NVDA,5m
2026-03-23 17:00:00+00:00,175.53500366210938,175.69000244140625,175.19000244140625,175.22500610351562,1301377,NVDA,5m
2026-03-23 17:05:00+00:00,175.22999572753906,175.60960388183594,175.16000366210938,175.55999755859375,1491294,NVDA,5m
2026-03-23 17:10:00+00:00,175.56500244140625,175.57000732421875,175.27000427246094,175.31500244140625,970658,NVDA,5m
2026-03-23 17:15:00+00:00,175.32000732421875,175.4600067138672,175.07000732421875,175.2949981689453,873812,NVDA,5m
2026-03-23 17:20:00+00:00,175.297607421875,175.3000030517578,174.97000122070312,175.17999267578125,1082474,NVDA,5m
2026-03-23 17:25:00+00:00,175.18499755859375,175.43499755859375,175.14999389648438,175.2949981689453,991347,NVDA,5m
2026-03-23 17:30:00+00:00,175.27999877929688,175.8249969482422,175.27999877929688,175.58999633789062,1393990,NVDA,5m
2026-03-23 17:35:00+00:00,175.5800018310547,176.0500030517578,175.56500244140625,175.97000122070312,1668019,NVDA,5m
2026-03-23 17:40:00+00:00,175.9499969482422,176.03799438476562,175.64500427246094,175.82000732421875,1268968,NVDA,5m
2026-03-23 17:45:00+00:00,175.8350067138672,175.89500427246094,175.64999389648438,175.82009887695312,956928,NVDA,5m
2026-03-23 17:50:00+00:00,175.82000732421875,176.02499389648438,175.75,175.9600067138672,1040450,NVDA,5m
2026-03-23 17:55:00+00:00,175.95010375976562,176.22000122070312,175.82989501953125,176.19000244140625,1076982,NVDA,5m
2026-03-23 18:00:00+00:00,176.19500732421875,176.38999938964844,176.0800018310547,176.3300018310547,946543,NVDA,5m
2026-03-23 18:05:00+00:00,176.3300018310547,176.36000061035156,175.83999633789062,176.1649932861328,1377734,NVDA,5m
2026-03-23 18:10:00+00:00,176.16000366210938,176.41000366210938,176.11500549316406,176.19500732421875,986192,NVDA,5m
2026-03-23 18:15:00+00:00,176.1999969482422,176.27999877929688,175.99000549316406,176.06500244140625,1020692,NVDA,5m
2026-03-23 18:20:00+00:00,176.05999755859375,176.24000549316406,176.02999877929688,176.18499755859375,765780,NVDA,5m
2026-03-23 18:25:00+00:00,176.18499755859375,176.3195037841797,176.0800018310547,176.10499572753906,971015,NVDA,5m
2026-03-23 18:30:00+00:00,176.10000610351562,176.64999389648438,176.08999633789062,176.62350463867188,1460245,NVDA,5m
2026-03-23 18:35:00+00:00,176.6300048828125,176.9600067138672,176.4199981689453,176.60989379882812,1844556,NVDA,5m
2026-03-23 18:40:00+00:00,176.61000061035156,176.69500732421875,176.3699951171875,176.5301055908203,1199557,NVDA,5m
2026-03-23 18:45:00+00:00,176.52999877929688,176.75990295410156,176.44000244140625,176.66009521484375,1239675,NVDA,5m
2026-03-23 18:50:00+00:00,176.66000366210938,176.7100067138672,176.49000549316406,176.55499267578125,1002422,NVDA,5m
2026-03-23 18:55:00+00:00,176.5749969482422,176.7100067138672,176.47999572753906,176.5850067138672,1061536,NVDA,5m
2026-03-23 19:00:00+00:00,176.5800018310547,176.64999389648438,176.27000427246094,176.41000366210938,1345584,NVDA,5m
2026-03-23 19:05:00+00:00,176.39999389648438,176.64500427246094,176.35000610351562,176.60960388183594,1142151,NVDA,5m
2026-03-23 19:10:00+00:00,176.58999633789062,176.6199951171875,176.375,176.44500732421875,1202258,NVDA,5m
2026-03-23 19:15:00+00:00,176.44500732421875,176.57000732421875,176.25,176.44500732421875,1352909,NVDA,5m
2026-03-23 19:20:00+00:00,176.44500732421875,176.5,176.2100067138672,176.3300018310547,1220041,NVDA,5m
2026-03-23 19:25:00+00:00,176.33999633789062,176.43499755859375,176.17999267578125,176.22999572753906,1269420,NVDA,5m
2026-03-23 19:30:00+00:00,176.22500610351562,176.50999450683594,176.1699981689453,176.47000122070312,1236508,NVDA,5m
2026-03-23 19:35:00+00:00,176.47000122070312,176.64999389648438,176.3699951171875,176.4698944091797,1587620,NVDA,5m
2026-03-23 19:40:00+00:00,176.4600067138672,176.61500549316406,176.41000366210938,176.5800018310547,1183165,NVDA,5m
2026-03-23 19:45:00+00:00,176.57000732421875,176.6999969482422,176.47999572753906,176.61000061035156,1844194,NVDA,5m
2026-03-23 19:50:00+00:00,176.61500549316406,176.6699981689453,175.82000732421875,175.88999938964844,3260789,NVDA,5m
2026-03-23 19:55:00+00:00,175.9199981689453,176.10000610351562,175.5,175.50999450683594,5763035,NVDA,5m
2026-03-24 13:30:00+00:00,174.76199340820312,175.89990234375,174.68179321289062,175.63499450683594,6462290,NVDA,5m
2026-03-24 13:35:00+00:00,175.63499450683594,175.67999267578125,175.05169677734375,175.14500427246094,2614662,NVDA,5m
2026-03-24 13:40:00+00:00,175.13999938964844,175.1750030517578,174.39999389648438,174.76010131835938,2634699,NVDA,5m
2026-03-24 13:45:00+00:00,174.77000427246094,175.30499267578125,174.67010498046875,174.69000244140625,2090227,NVDA,5m
2026-03-24 13:50:00+00:00,174.67999267578125,174.82009887695312,174.08999633789062,174.38720703125,2910327,NVDA,5m
2026-03-24 13:55:00+00:00,174.3800048828125,175.11000061035156,174.35499572753906,174.93499755859375,2573526,NVDA,5m
2026-03-24 14:00:00+00:00,174.94000244140625,175.3300018310547,174.6699981689453,174.7563934326172,2295334,NVDA,5m
2026-03-24 14:05:00+00:00,174.747802734375,174.9199981689453,174.52000427246094,174.8249969482422,1930810,NVDA,5m
2026-03-24 14:10:00+00:00,174.83990478515625,174.92999267578125,174.00999450683594,174.28990173339844,2250307,NVDA,5m
2026-03-24 14:15:00+00:00,174.2899932861328,174.74000549316406,174.19500732421875,174.67010498046875,1924277,NVDA,5m
2026-03-24 14:20:00+00:00,174.6699981689453,174.7100067138672,174.1199951171875,174.31500244140625,1980970,NVDA,5m
2026-03-24 14:25:00+00:00,174.3105926513672,174.58999633789062,173.97999572753906,174.25,2181666,NVDA,5m
2026-03-24 14:30:00+00:00,174.2550048828125,174.55999755859375,174.13499450683594,174.5399932861328,1782768,NVDA,5m
2026-03-24 14:35:00+00:00,174.5399932861328,174.75999450683594,174.20799255371094,174.3199005126953,1754552,NVDA,5m
2026-03-24 14:40:00+00:00,174.31500244140625,174.67999267578125,174.24000549316406,174.63499450683594,1626535,NVDA,5m
2026-03-24 14:45:00+00:00,174.63999938964844,174.8498992919922,174.19500732421875,174.44009399414062,2191748,NVDA,5m
2026-03-24 14:50:00+00:00,174.44500732421875,175.35000610351562,174.3000030517578,174.9550018310547,2905765,NVDA,5m
2026-03-24 14:55:00+00:00,174.97999572753906,175.375,174.22999572753906,174.77059936523438,2841997,NVDA,5m
2026-03-24 15:00:00+00:00,174.7899932861328,175.38999938964844,174.77999877929688,175.20010375976562,1970513,NVDA,5m
2026-03-24 15:05:00+00:00,175.19000244140625,175.3260040283203,175.13999938964844,175.18499755859375,1408000,NVDA,5m
2026-03-24 15:10:00+00:00,175.19000244140625,175.60000610351562,175.06930541992188,175.40499877929688,1877195,NVDA,5m
2026-03-24 15:15:00+00:00,175.40499877929688,175.88999938964844,175.38499450683594,175.81500244140625,2217933,NVDA,5m
2026-03-24 15:20:00+00:00,175.80999755859375,176.08999633789062,175.63999938964844,175.97500610351562,2496519,NVDA,5m
2026-03-24 15:25:00+00:00,175.97999572753906,176.16000366210938,175.55999755859375,175.61500549316406,2040751,NVDA,5m
2026-03-24 15:30:00+00:00,175.61000061035156,175.89939880371094,175.39999389648438,175.59500122070312,1669082,NVDA,5m
2026-03-24 15:35:00+00:00,175.5998992919922,175.8699951171875,175.55999755859375,175.72500610351562,1453322,NVDA,5m
2026-03-24 15:40:00+00:00,175.72000122070312,175.85000610351562,175.5850067138672,175.61990356445312,1130038,NVDA,5m
2026-03-24 15:45:00+00:00,175.6199951171875,175.73980712890625,175.5,175.7299041748047,1162851,NVDA,5m
2026-03-24 15:50:00+00:00,175.7299041748047,175.85000610351562,175.67999267578125,175.75999450683594,1013641,NVDA,5m
2026-03-24 15:55:00+00:00,175.75999450683594,175.75999450683594,175.2200927734375,175.3300018310547,1364993,NVDA,5m
2026-03-24 16:00:00+00:00,175.33999633789062,175.40989685058594,175.0449981689453,175.18499755859375,1260975,NVDA,5m
2026-03-24 16:05:00+00:00,175.19000244140625,175.3498992919922,174.9199981689453,175.3350067138672,1411881,NVDA,5m
2026-03-24 16:10:00+00:00,175.3397979736328,175.39999389648438,174.98500061035156,175.2050018310547,1197590,NVDA,5m
2026-03-24 16:15:00+00:00,175.2050018310547,175.5,175.2050018310547,175.4001007080078,996881,NVDA,5m
2026-03-24 16:20:00+00:00,175.40499877929688,175.71499633789062,175.35000610351562,175.5749969482422,1036023,NVDA,5m
2026-03-24 16:25:00+00:00,175.5800018310547,175.60000610351562,175.27000427246094,175.3249969482422,1171052,NVDA,5m
2026-03-24 16:30:00+00:00,175.3300018310547,175.47999572753906,175.1199951171875,175.1199951171875,1056052,NVDA,5m
2026-03-24 16:35:00+00:00,175.1199951171875,175.13499450683594,174.6699981689453,174.67999267578125,1356732,NVDA,5m
2026-03-24 16:40:00+00:00,174.69000244140625,175.1300048828125,174.68499755859375,175.1186065673828,1074518,NVDA,5m
2026-03-24 16:45:00+00:00,175.10499572753906,175.3896942138672,175.10000610351562,175.26010131835938,986685,NVDA,5m
2026-03-24 16:50:00+00:00,175.25999450683594,175.4199981689453,175.19140625,175.20750427246094,818289,NVDA,5m
2026-03-24 16:55:00+00:00,175.1999969482422,175.25,174.9499969482422,175.14500427246094,947848,NVDA,5m
2026-03-24 17:00:00+00:00,175.13999938964844,175.2899932861328,174.82000732421875,174.8300018310547,1016390,NVDA,5m
2026-03-24 17:05:00+00:00,174.8300018310547,174.93499755859375,174.52999877929688,174.6649932861328,1282304,NVDA,5m
2026-03-24 17:10:00+00:00,174.67999267578125,174.7799072265625,174.41000366210938,174.58999633789062,1111560,NVDA,5m
2026-03-24 17:15:00+00:00,174.5800018310547,174.66000366210938,174.38499450683594,174.48500061035156,872594,NVDA,5m
2026-03-24 17:20:00+00:00,174.46499633789062,174.72500610351562,174.45970153808594,174.56500244140625,799554,NVDA,5m
2026-03-24 17:25:00+00:00,174.57000732421875,174.75100708007812,174.50999450683594,174.70730590820312,741884,NVDA,5m
2026-03-24 17:30:00+00:00,174.6999969482422,174.9199981689453,174.5800018310547,174.64430236816406,770528,NVDA,5m
2026-03-24 17:35:00+00:00,174.64999389648438,174.875,174.5800018310547,174.77000427246094,652293,NVDA,5m
2026-03-24 17:40:00+00:00,174.77000427246094,174.84500122070312,174.41990661621094,174.5800018310547,768913,NVDA,5m
2026-03-24 17:45:00+00:00,174.5802001953125,174.75,174.49000549316406,174.6649932861328,793904,NVDA,5m
2026-03-24 17:50:00+00:00,174.66000366210938,175.0,174.58999633789062,174.9499969482422,934164,NVDA,5m
2026-03-24 17:55:00+00:00,174.94000244140625,175.3800048828125,174.8699951171875,175.36500549316406,1744300,NVDA,5m
2026-03-24 18:00:00+00:00,175.36500549316406,175.60000610351562,175.27000427246094,175.52499389648438,1179944,NVDA,5m
2026-03-24 18:05:00+00:00,175.52000427246094,175.56500244140625,175.1699981689453,175.28990173339844,951419,NVDA,5m
2026-03-24 18:10:00+00:00,175.28500366210938,175.4199981689453,175.1999969482422,175.27499389648438,883052,NVDA,5m
2026-03-24 18:15:00+00:00,175.27999877929688,175.3800048828125,175.05999755859375,175.3000030517578,1370872,NVDA,5m
2026-03-24 18:20:00+00:00,175.32000732421875,175.43930053710938,175.23500061035156,175.34500122070312,817101,NVDA,5m
2026-03-24 18:25:00+00:00,175.33999633789062,175.56500244140625,175.30999755859375,175.4250030517578,1006963,NVDA,5m
2026-03-24 18:30:00+00:00,175.42999267578125,175.85000610351562,175.31500244140625,175.73500061035156,1239968,NVDA,5m
2026-03-24 18:35:00+00:00,175.71189880371094,176.17999267578125,175.71009826660156,176.14999389648438,1428431,NVDA,5m
2026-03-24 18:40:00+00:00,176.14999389648438,176.22000122070312,175.72000122070312,175.78500366210938,1404401,NVDA,5m
2026-03-24 18:45:00+00:00,175.78990173339844,175.88499450683594,175.52499389648438,175.58999633789062,1201651,NVDA,5m
2026-03-24 18:50:00+00:00,175.59010314941406,175.77000427246094,175.52999877929688,175.67990112304688,1048998,NVDA,5m
2026-03-24 18:55:00+00:00,175.6699981689453,175.6699981689453,175.3000030517578,175.4949951171875,1142469,NVDA,5m
2026-03-24 19:00:00+00:00,175.49000549316406,175.74000549316406,175.48500061035156,175.58999633789062,1096352,NVDA,5m
2026-03-24 19:05:00+00:00,175.5800018310547,175.65499877929688,175.4600067138672,175.60000610351562,998544,NVDA,5m
2026-03-24 19:10:00+00:00,175.58999633789062,175.75,175.56500244140625,175.6790008544922,873023,NVDA,5m
2026-03-24 19:15:00+00:00,175.6699981689453,175.75,175.57000732421875,175.71499633789062,1023075,NVDA,5m
2026-03-24 19:20:00+00:00,175.72000122070312,175.7550048828125,175.4300994873047,175.60499572753906,1383069,NVDA,5m
2026-03-24 19:25:00+00:00,175.60000610351562,175.72000122070312,175.47999572753906,175.51499938964844,1143566,NVDA,5m
2026-03-24 19:30:00+00:00,175.51780700683594,175.6199951171875,175.24000549316406,175.35499572753906,1493524,NVDA,5m
2026-03-24 19:35:00+00:00,175.36000061035156,175.47500610351562,175.14999389648438,175.2550048828125,2144005,NVDA,5m
2026-03-24 19:40:00+00:00,175.25,175.36000061035156,175.11000061035156,175.1300048828125,1817788,NVDA,5m
2026-03-24 19:45:00+00:00,175.1300048828125,175.1300048828125,174.86000061035156,175.0749969482422,1656861,NVDA,5m
2026-03-24 19:50:00+00:00,175.0800018310547,175.30999755859375,175.05999755859375,175.11000061035156,1782007,NVDA,5m
2026-03-24 19:55:00+00:00,175.11500549316406,175.30999755859375,174.9600067138672,175.30999755859375,4367173,NVDA,5m
2026-03-25 13:30:00+00:00,177.10000610351562,178.81500244140625,176.86000061035156,178.75999450683594,10756546,NVDA,5m
2026-03-25 13:35:00+00:00,178.7550048828125,179.80999755859375,178.75,179.52499389648438,5442164,NVDA,5m
2026-03-25 13:40:00+00:00,179.52000427246094,179.83999633789062,179.10000610351562,179.2100067138672,3762913,NVDA,5m
2026-03-25 13:45:00+00:00,179.1999969482422,179.22999572753906,178.5,178.53500366210938,2853356,NVDA,5m
2026-03-25 13:50:00+00:00,178.5399932861328,178.7050018310547,178.15699768066406,178.51499938964844,2918169,NVDA,5m
2026-03-25 13:55:00+00:00,178.51499938964844,178.8300018310547,178.07000732421875,178.15499877929688,2985710,NVDA,5m
2026-03-25 14:00:00+00:00,178.1649932861328,178.97500610351562,177.88999938964844,178.77999877929688,3332253,NVDA,5m
2026-03-25 14:05:00+00:00,178.7899932861328,179.4499053955078,178.76499938964844,179.38999938964844,2739340,NVDA,5m
2026-03-25 14:10:00+00:00,179.39500427246094,179.5449981689453,179.14999389648438,179.3300018310547,2759746,NVDA,5m
2026-03-25 14:15:00+00:00,179.32000732421875,179.63900756835938,179.14999389648438,179.4398956298828,2616003,NVDA,5m
2026-03-25 14:20:00+00:00,179.42999267578125,180.2550048828125,179.4149932861328,179.86000061035156,4038300,NVDA,5m
2026-03-25 14:25:00+00:00,179.8800048828125,180.30999755859375,179.85499572753906,180.05999755859375,2883431,NVDA,5m
2026-03-25 14:30:00+00:00,180.0500030517578,180.32000732421875,179.8300018310547,180.09500122070312,2827743,NVDA,5m
2026-03-25 14:35:00+00:00,180.10000610351562,180.22999572753906,179.97999572753906,180.13499450683594,1610266,NVDA,5m
2026-03-25 14:40:00+00:00,180.14500427246094,180.6300048828125,180.02999877929688,180.5500030517578,3122471,NVDA,5m
2026-03-25 14:45:00+00:00,180.5500030517578,181.02999877929688,180.47999572753906,180.85499572753906,3267374,NVDA,5m
2026-03-25 14:50:00+00:00,180.85000610351562,181.21499633789062,180.74000549316406,181.02999877929688,3660708,NVDA,5m
2026-03-25 14:55:00+00:00,181.02999877929688,181.05999755859375,180.39999389648438,180.5,2485440,NVDA,5m
2026-03-25 15:00:00+00:00,180.50750732421875,180.53500366210938,180.19000244140625,180.28500366210938,2062855,NVDA,5m
2026-03-25 15:05:00+00:00,180.28500366210938,180.28500366210938,179.8300018310547,179.88999938964844,2443588,NVDA,5m
2026-03-25 15:10:00+00:00,179.88999938964844,180.0399932861328,179.72999572753906,179.85000610351562,1803941,NVDA,5m
2026-03-25 15:15:00+00:00,179.85499572753906,179.97999572753906,179.1999969482422,179.6999969482422,3209879,NVDA,5m
2026-03-25 15:20:00+00:00,179.6999969482422,180.27000427246094,179.64999389648438,180.11500549316406,2673808,NVDA,5m
2026-03-25 15:25:00+00:00,180.1199951171875,180.2100067138672,179.91000366210938,180.0,1943196,NVDA,5m
2026-03-25 15:30:00+00:00,179.9949951171875,180.05589294433594,179.69500732421875,179.94000244140625,1679875,NVDA,5m
2026-03-25 15:35:00+00:00,179.94000244140625,179.98500061035156,179.4600067138672,179.64010620117188,2038442,NVDA,5m
2026-03-25 15:40:00+00:00,179.63999938964844,179.7949981689453,179.25,179.5500030517578,1639097,NVDA,5m
2026-03-25 15:45:00+00:00,179.5500030517578,179.63999938964844,179.33999633789062,179.51499938964844,1515475,NVDA,5m
2026-03-25 15:50:00+00:00,179.51010131835938,179.68499755859375,179.17999267578125,179.2449951171875,1366288,NVDA,5m
2026-03-25 15:55:00+00:00,179.2449951171875,179.49000549316406,179.13999938964844,179.375,1238573,NVDA,5m
2026-03-25 16:00:00+00:00,179.3800048828125,179.44000244140625,178.9199981689453,178.92999267578125,1679215,NVDA,5m
2026-03-25 16:05:00+00:00,178.93499755859375,179.24000549316406,178.73500061035156,179.1649932861328,1450764,NVDA,5m
2026-03-25 16:10:00+00:00,179.16000366210938,179.1699981689453,178.94500732421875,179.1497039794922,1230831,NVDA,5m
2026-03-25 16:15:00+00:00,179.13499450683594,179.22000122070312,178.88009643554688,178.9550018310547,1068926,NVDA,5m
2026-03-25 16:20:00+00:00,178.9550018310547,179.25999450683594,178.85000610351562,179.25,1704726,NVDA,5m
2026-03-25 16:25:00+00:00,179.22000122070312,179.4398956298828,179.05999755859375,179.1199951171875,1548906,NVDA,5m
2026-03-25 16:30:00+00:00,179.11000061035156,179.33970642089844,178.9738006591797,179.22999572753906,1160202,NVDA,5m
2026-03-25 16:35:00+00:00,179.22999572753906,179.25999450683594,179.0,179.0850067138672,960502,NVDA,5m
2026-03-25 16:40:00+00:00,179.08999633789062,179.2299041748047,178.94000244140625,179.19500732421875,942685,NVDA,5m
2026-03-25 16:45:00+00:00,179.1999969482422,179.22500610351562,179.02999877929688,179.15499877929688,759611,NVDA,5m
2026-03-25 16:50:00+00:00,179.15499877929688,179.3000030517578,178.89999389648438,179.2449951171875,1131605,NVDA,5m
2026-03-25 16:55:00+00:00,179.24000549316406,179.2678985595703,178.8699951171875,178.92750549316406,939854,NVDA,5m
2026-03-25 17:00:00+00:00,178.92999267578125,179.11000061035156,178.6699981689453,178.69000244140625,1248150,NVDA,5m
2026-03-25 17:05:00+00:00,178.69000244140625,178.86000061035156,178.50999450683594,178.5749969482422,1357673,NVDA,5m
2026-03-25 17:10:00+00:00,178.5749969482422,178.9949951171875,178.52999877929688,178.93499755859375,1010616,NVDA,5m
2026-03-25 17:15:00+00:00,178.9250030517578,178.92999267578125,178.5449981689453,178.70509338378906,773333,NVDA,5m
2026-03-25 17:20:00+00:00,178.71200561523438,178.97000122070312,178.6699981689453,178.875,851661,NVDA,5m
2026-03-25 17:25:00+00:00,178.8699951171875,179.1300048828125,178.83999633789062,178.92999267578125,882473,NVDA,5m
2026-03-25 17:30:00+00:00,178.94000244140625,178.9499969482422,178.66000366210938,178.77999877929688,848957,NVDA,5m
2026-03-25 17:35:00+00:00,178.78500366210938,179.17999267578125,178.75999450683594,179.15939331054688,1225892,NVDA,5m
2026-03-25 17:40:00+00:00,179.15499877929688,179.57000732421875,179.08999633789062,179.36000061035156,1249988,NVDA,5m
2026-03-25 17:45:00+00:00,179.35000610351562,179.3699951171875,179.0749969482422,179.08999633789062,1916286,NVDA,5m
2026-03-25 17:50:00+00:00,179.0850067138672,179.25999450683594,178.8000030517578,178.83999633789062,1132794,NVDA,5m
2026-03-25 17:55:00+00:00,178.84500122070312,179.27000427246094,178.8300018310547,178.98500061035156,1192792,NVDA,5m
2026-03-25 18:00:00+00:00,178.97999572753906,179.0500030517578,178.8000030517578,179.02999877929688,1104001,NVDA,5m
2026-03-25 18:05:00+00:00,179.03500366210938,179.14500427246094,178.85000610351562,179.02000427246094,760336,NVDA,5m
2026-03-25 18:10:00+00:00,179.02000427246094,179.1649932861328,179.00010681152344,179.05499267578125,594645,NVDA,5m
2026-03-25 18:15:00+00:00,179.05499267578125,179.2899932861328,179.0500030517578,179.12249755859375,773273,NVDA,5m
2026-03-25 18:20:00+00:00,179.125,179.32000732421875,179.125,179.25,848618,NVDA,5m
2026-03-25 18:25:00+00:00,179.2550048828125,179.29989624023438,178.99000549316406,179.02000427246094,1039280,NVDA,5m
2026-03-25 18:30:00+00:00,179.02000427246094,179.14500427246094,178.8699951171875,179.06500244140625,1158854,NVDA,5m
2026-03-25 18:35:00+00:00,179.06500244140625,179.1999969482422,178.93499755859375,179.0449981689453,1167406,NVDA,5m
2026-03-25 18:40:00+00:00,179.0449981689453,179.0500030517578,178.7550048828125,178.80499267578125,1002564,NVDA,5m
2026-03-25 18:45:00+00:00,178.8000030517578,178.86500549316406,178.72999572753906,178.7899932861328,836125,NVDA,5m
2026-03-25 18:50:00+00:00,178.78250122070312,178.8300018310547,178.55999755859375,178.6750030517578,1459427,NVDA,5m
2026-03-25 18:55:00+00:00,178.68499755859375,178.6999053955078,178.07769775390625,178.31370544433594,1982245,NVDA,5m
2026-03-25 19:00:00+00:00,178.30499267578125,178.33999633789062,177.8300018310547,177.97999572753906,1927696,NVDA,5m
2026-03-25 19:05:00+00:00,177.972900390625,178.07000732421875,177.88999938964844,177.98500061035156,1055539,NVDA,5m
2026-03-25 19:10:00+00:00,177.98500061035156,178.47999572753906,177.9499969482422,178.4600067138672,1446373,NVDA,5m
2026-03-25 19:15:00+00:00,178.4600067138672,178.66000366210938,178.4499969482422,178.63499450683594,1370935,NVDA,5m
2026-03-25 19:20:00+00:00,178.63499450683594,178.8249969482422,178.60009765625,178.6699981689453,1191716,NVDA,5m
2026-03-25 19:25:00+00:00,178.64999389648438,178.75,178.47999572753906,178.60000610351562,1315517,NVDA,5m
2026-03-25 19:30:00+00:00,178.59500122070312,178.64999389648438,178.25,178.35000610351562,1275910,NVDA,5m
2026-03-25 19:35:00+00:00,178.35000610351562,178.6199951171875,178.3000030517578,178.56500244140625,1120592,NVDA,5m
2026-03-25 19:40:00+00:00,178.57000732421875,178.80999755859375,178.51499938964844,178.56500244140625,1295105,NVDA,5m
2026-03-25 19:45:00+00:00,178.56500244140625,178.7100067138672,178.48500061035156,178.68499755859375,1019672,NVDA,5m
2026-03-25 19:50:00+00:00,178.6699981689453,179.1199951171875,178.6699981689453,178.8249969482422,2445154,NVDA,5m
2026-03-25 19:55:00+00:00,178.8249969482422,178.89999389648438,178.52999877929688,178.6699981689453,3030582,NVDA,5m
2026-03-26 13:30:00+00:00,176.1699981689453,176.5,175.4600067138672,176.10499572753906,7466795,NVDA,5m
2026-03-26 13:35:00+00:00,176.09500122070312,176.15150451660156,175.3699951171875,175.40499877929688,3190881,NVDA,5m
2026-03-26 13:40:00+00:00,175.40240478515625,175.99000549316406,175.1699981689453,175.96499633789062,3324465,NVDA,5m
2026-03-26 13:45:00+00:00,175.98500061035156,176.0399932861328,175.39999389648438,175.52000427246094,3088604,NVDA,5m
2026-03-26 13:50:00+00:00,175.51980590820312,175.9600067138672,175.48500061035156,175.87989807128906,2601716,NVDA,5m
2026-03-26 13:55:00+00:00,175.8800048828125,175.91000366210938,175.1999969482422,175.68499755859375,2765868,NVDA,5m
2026-03-26 14:00:00+00:00,175.69000244140625,175.8699951171875,175.4095001220703,175.55999755859375,2359051,NVDA,5m
2026-03-26 14:05:00+00:00,175.5500030517578,175.80999755859375,175.1999969482422,175.21499633789062,2619879,NVDA,5m
2026-03-26 14:10:00+00:00,175.2100067138672,175.3800048828125,175.0,175.25,2964598,NVDA,5m
2026-03-26 14:15:00+00:00,175.2550048828125,175.44000244140625,175.1300048828125,175.1999969482422,1967367,NVDA,5m
2026-03-26 14:20:00+00:00,175.19000244140625,175.3800048828125,175.0500030517578,175.25,1637789,NVDA,5m
2026-03-26 14:25:00+00:00,175.25,175.30999755859375,174.80990600585938,174.82000732421875,2042340,NVDA,5m
2026-03-26 14:30:00+00:00,174.81500244140625,175.10000610351562,174.7100067138672,174.91990661621094,2413114,NVDA,5m
2026-03-26 14:35:00+00:00,174.9199981689453,175.0,174.58999633789062,174.77000427246094,2195823,NVDA,5m
2026-03-26 14:40:00+00:00,174.75999450683594,175.15989685058594,173.86000061035156,173.9550018310547,3727950,NVDA,5m
2026-03-26 14:45:00+00:00,173.94000244140625,174.1199951171875,173.5301055908203,173.77499389648438,3516383,NVDA,5m
2026-03-26 14:50:00+00:00,173.77000427246094,173.94000244140625,173.25999450683594,173.2799072265625,2989848,NVDA,5m
2026-03-26 14:55:00+00:00,173.27000427246094,173.74710083007812,173.0399932861328,173.6123046875,3256975,NVDA,5m
2026-03-26 15:00:00+00:00,173.6199951171875,174.03990173339844,173.60000610351562,173.86500549316406,2665349,NVDA,5m
2026-03-26 15:05:00+00:00,173.86000061035156,174.10000610351562,173.68499755859375,173.85000610351562,1997756,NVDA,5m
2026-03-26 15:10:00+00:00,173.85000610351562,174.13499450683594,173.83999633789062,173.96499633789062,1801131,NVDA,5m
2026-03-26 15:15:00+00:00,173.97000122070312,174.2100067138672,173.85000610351562,174.0399932861328,2019869,NVDA,5m
2026-03-26 15:20:00+00:00,174.03500366210938,174.27999877929688,173.92999267578125,174.10499572753906,1541555,NVDA,5m
2026-03-26 15:25:00+00:00,174.10189819335938,174.22999572753906,174.0,174.07009887695312,1411356,NVDA,5m
2026-03-26 15:30:00+00:00,174.06500244140625,174.07989501953125,173.7050018310547,173.82000732421875,1594643,NVDA,5m
2026-03-26 15:35:00+00:00,173.83999633789062,174.13999938964844,173.75999450683594,174.1300048828125,1597568,NVDA,5m
2026-03-26 15:40:00+00:00,174.1199951171875,174.48500061035156,174.07000732421875,174.44000244140625,1910572,NVDA,5m
2026-03-26 15:45:00+00:00,174.44000244140625,174.8300018310547,174.38999938964844,174.5500030517578,2188153,NVDA,5m
2026-03-26 15:50:00+00:00,174.54139709472656,174.76499938964844,174.47999572753906,174.6300048828125,1319041,NVDA,5m
2026-03-26 15:55:00+00:00,174.6300048828125,174.7100067138672,174.49000549316406,174.65989685058594,1038086,NVDA,5m
2026-03-26 16:00:00+00:00,174.65499877929688,174.73500061035156,174.41000366210938,174.5800018310547,1604505,NVDA,5m
2026-03-26 16:05:00+00:00,174.58009338378906,174.64990234375,174.5,174.5428924560547,1037132,NVDA,5m
2026-03-26 16:10:00+00:00,174.53500366210938,174.57919311523438,174.22000122070312,174.43499755859375,2067759,NVDA,5m
2026-03-26 16:15:00+00:00,174.4199981689453,174.42999267578125,173.89999389648438,174.36000061035156,1750776,NVDA,5m
2026-03-26 16:20:00+00:00,174.35499572753906,174.375,173.9499969482422,174.10000610351562,1095817,NVDA,5m
2026-03-26 16:25:00+00:00,174.11000061035156,174.13499450683594,173.77000427246094,173.77499389648438,1174114,NVDA,5m
2026-03-26 16:30:00+00:00,173.77499389648438,173.89999389648438,173.58999633789062,173.86500549316406,1340202,NVDA,5m
2026-03-26 16:35:00+00:00,173.8800048828125,173.97000122070312,173.75999450683594,173.77999877929688,1067424,NVDA,5m
2026-03-26 16:40:00+00:00,173.77999877929688,173.97000122070312,173.74009704589844,173.88499450683594,1260810,NVDA,5m
2026-03-26 16:45:00+00:00,173.88270568847656,173.9199981689453,173.47000122070312,173.6199951171875,1616598,NVDA,5m
2026-03-26 16:50:00+00:00,173.6199951171875,173.8594970703125,173.52499389648438,173.85000610351562,1151748,NVDA,5m
2026-03-26 16:55:00+00:00,173.85499572753906,173.91000366210938,173.72500610351562,173.8300018310547,1037478,NVDA,5m
2026-03-26 17:00:00+00:00,173.82000732421875,174.0,173.63999938964844,173.65499877929688,1149216,NVDA,5m
2026-03-26 17:05:00+00:00,173.65499877929688,173.75,173.57000732421875,173.72500610351562,811533,NVDA,5m
2026-03-26 17:10:00+00:00,173.72500610351562,173.88999938964844,173.57009887695312,173.80999755859375,752708,NVDA,5m
2026-03-26 17:15:00+00:00,173.80499267578125,173.96499633789062,173.69000244140625,173.77999877929688,1044136,NVDA,5m
2026-03-26 17:20:00+00:00,173.77999877929688,173.77999877929688,173.39999389648438,173.4499969482422,1148375,NVDA,5m
2026-03-26 17:25:00+00:00,173.4499969482422,173.5500030517578,173.33999633789062,173.54010009765625,856053,NVDA,5m
2026-03-26 17:30:00+00:00,173.5399932861328,173.7100067138672,173.41000366210938,173.63999938964844,929388,NVDA,5m
2026-03-26 17:35:00+00:00,173.64999389648438,173.6699981689453,173.36500549316406,173.38999938964844,977580,NVDA,5m
2026-03-26 17:40:00+00:00,173.38499450683594,173.41990661621094,172.97999572753906,172.98500061035156,2220578,NVDA,5m
2026-03-26 17:45:00+00:00,172.97999572753906,173.0500030517578,172.63999938964844,172.66009521484375,2098830,NVDA,5m
2026-03-26 17:50:00+00:00,172.6699981689453,172.67779541015625,172.26499938964844,172.26499938964844,2527144,NVDA,5m
2026-03-26 17:55:00+00:00,172.27000427246094,172.35000610351562,171.83999633789062,171.92999267578125,3275561,NVDA,5m
2026-03-26 18:00:00+00:00,171.9199981689453,172.5,171.9149932861328,172.16000366210938,2562328,NVDA,5m
2026-03-26 18:05:00+00:00,172.14999389648438,172.2899932861328,171.97149658203125,172.1649932861328,1866866,NVDA,5m
2026-03-26 18:10:00+00:00,172.1649932861328,172.42999267578125,172.0749969482422,172.39500427246094,1595845,NVDA,5m
2026-03-26 18:15:00+00:00,172.39999389648438,172.4075927734375,172.05999755859375,172.18499755859375,1426845,NVDA,5m
2026-03-26 18:20:00+00:00,172.18499755859375,172.375,172.15499877929688,172.34500122070312,1186556,NVDA,5m
2026-03-26 18:25:00+00:00,172.34500122070312,172.47000122070312,172.02000427246094,172.09500122070312,1486359,NVDA,5m
2026-03-26 18:30:00+00:00,172.09500122070312,172.31500244140625,172.05999755859375,172.23500061035156,1230972,NVDA,5m
2026-03-26 18:35:00+00:00,172.24000549316406,172.28500366210938,172.0500030517578,172.28500366210938,1832428,NVDA,5m
2026-03-26 18:40:00+00:00,172.27999877929688,172.3800048828125,172.02999877929688,172.14999389648438,1273015,NVDA,5m
2026-03-26 18:45:00+00:00,172.14999389648438,172.3699951171875,171.97500610351562,172.35000610351562,1563467,NVDA,5m
2026-03-26 18:50:00+00:00,172.33999633789062,172.5,172.27999877929688,172.46499633789062,1059328,NVDA,5m
2026-03-26 18:55:00+00:00,172.46499633789062,172.47000122070312,172.1199951171875,172.29229736328125,1283149,NVDA,5m
2026-03-26 19:00:00+00:00,172.2949981689453,172.35009765625,172.15499877929688,172.22000122070312,1154997,NVDA,5m
2026-03-26 19:05:00+00:00,172.22500610351562,172.28500366210938,171.6699981689453,171.90499877929688,2066363,NVDA,5m
2026-03-26 19:10:00+00:00,171.91000366210938,172.00999450683594,171.5500030517578,171.9550018310547,2380329,NVDA,5m
2026-03-26 19:15:00+00:00,171.9698944091797,172.38999938964844,171.96600341796875,172.27499389648438,1995424,NVDA,5m
2026-03-26 19:20:00+00:00,172.27999877929688,172.3000030517578,172.02000427246094,172.18499755859375,1381045,NVDA,5m
2026-03-26 19:25:00+00:00,172.17999267578125,172.24989318847656,171.97999572753906,172.125,1372886,NVDA,5m
2026-03-26 19:30:00+00:00,172.12319946289062,172.14999389648438,171.72000122070312,171.91990661621094,1526181,NVDA,5m
2026-03-26 19:35:00+00:00,171.92999267578125,172.0800018310547,171.84010314941406,172.02999877929688,1436027,NVDA,5m
2026-03-26 19:40:00+00:00,172.02999877929688,172.0800018310547,171.75999450683594,171.8249969482422,1743524,NVDA,5m
2026-03-26 19:45:00+00:00,171.8249969482422,171.8699951171875,171.5800018310547,171.84500122070312,2087600,NVDA,5m
2026-03-26 19:50:00+00:00,171.85000610351562,171.92999267578125,171.27999877929688,171.34500122070312,3710760,NVDA,5m
2026-03-26 19:55:00+00:00,171.3350067138672,171.697998046875,171.13999938964844,171.22999572753906,6698658,NVDA,5m
2026-03-27 13:30:00+00:00,169.99000549316406,170.6199951171875,169.47999572753906,169.69000244140625,15006007,NVDA,5m
2026-03-27 13:35:00+00:00,169.72000122070312,170.88999938964844,169.0800018310547,170.77499389648438,5263905,NVDA,5m
2026-03-27 13:40:00+00:00,170.77499389648438,170.97000122070312,169.74000549316406,170.1300048828125,4361474,NVDA,5m
2026-03-27 13:45:00+00:00,170.11000061035156,170.75999450683594,170.10000610351562,170.2100067138672,3199500,NVDA,5m
2026-03-27 13:50:00+00:00,170.1999969482422,170.35499572753906,168.8000030517578,168.80999755859375,4788442,NVDA,5m
2026-03-27 13:55:00+00:00,168.80999755859375,168.80999755859375,168.16000366210938,168.41290283203125,4069139,NVDA,5m
2026-03-27 14:00:00+00:00,168.38999938964844,168.88999938964844,168.14999389648438,168.77499389648438,3666272,NVDA,5m
2026-03-27 14:05:00+00:00,168.77999877929688,169.13999938964844,168.27999877929688,168.86000061035156,3535932,NVDA,5m
2026-03-27 14:10:00+00:00,168.8699951171875,169.38499450683594,168.5500030517578,168.8498992919922,3309350,NVDA,5m
2026-03-27 14:15:00+00:00,168.8551025390625,169.1300048828125,168.49000549316406,168.72000122070312,2801486,NVDA,5m
2026-03-27 14:20:00+00:00,168.72999572753906,168.99000549316406,168.0749969482422,168.4001007080078,2656887,NVDA,5m
2026-03-27 14:25:00+00:00,168.40499877929688,168.52999877929688,167.8000030517578,167.85000610351562,3507831,NVDA,5m
2026-03-27 14:30:00+00:00,167.8300018310547,168.19500732421875,167.8000030517578,168.13780212402344,2382923,NVDA,5m
2026-03-27 14:35:00+00:00,168.139892578125,168.27499389648438,167.57000732421875,167.61000061035156,2726331,NVDA,5m
2026-03-27 14:40:00+00:00,167.60009765625,168.08999633789062,167.5500030517578,168.0,2418283,NVDA,5m
2026-03-27 14:45:00+00:00,167.99000549316406,168.72000122070312,167.9499969482422,168.69009399414062,2843032,NVDA,5m
2026-03-27 14:50:00+00:00,168.67999267578125,168.9199981689453,168.32000732421875,168.4600067138672,2784534,NVDA,5m
2026-03-27 14:55:00+00:00,168.44000244140625,168.7550048828125,168.27999877929688,168.6699981689453,1860783,NVDA,5m
2026-03-27 15:00:00+00:00,168.6750030517578,169.125,168.55999755859375,168.94500732421875,2376970,NVDA,5m
2026-03-27 15:05:00+00:00,168.94500732421875,168.99000549316406,168.65499877929688,168.8350067138672,1827980,NVDA,5m
2026-03-27 15:10:00+00:00,168.8300018310547,168.94000244140625,168.60000610351562,168.6199951171875,1647934,NVDA,5m
2026-03-27 15:15:00+00:00,168.6199951171875,168.6199951171875,168.25,168.4550018310547,1884208,NVDA,5m
2026-03-27 15:20:00+00:00,168.47000122070312,169.30999755859375,168.2899932861328,168.97999572753906,2629964,NVDA,5m
2026-03-27 15:25:00+00:00,169.30499267578125,169.5699005126953,169.2899932861328,169.5699005126953,2220704,NVDA,5m
2026-03-27 15:30:00+00:00,169.55999755859375,169.94000244140625,169.4199981689453,169.77999877929688,2152026,NVDA,5m
2026-03-27 15:35:00+00:00,169.80999755859375,169.8800048828125,169.3800048828125,169.4600067138672,2292158,NVDA,5m
2026-03-27 15:40:00+00:00,169.4550018310547,169.5050048828125,169.17999267578125,169.3502960205078,1648399,NVDA,5m
2026-03-27 15:45:00+00:00,169.36000061035156,169.6768035888672,169.3300018310547,169.53500366210938,1315717,NVDA,5m
2026-03-27 15:50:00+00:00,169.52999877929688,169.72999572753906,169.4199981689453,169.5500030517578,1260840,NVDA,5m
2026-03-27 15:55:00+00:00,169.54510498046875,169.72500610351562,169.47000122070312,169.5500030517578,1282206,NVDA,5m
2026-03-27 16:00:00+00:00,169.55999755859375,169.63999938964844,169.1300048828125,169.52499389648438,1516013,NVDA,5m
2026-03-27 16:05:00+00:00,169.52499389648438,169.5496063232422,169.22999572753906,169.2949981689453,1035726,NVDA,5m
2026-03-27 16:10:00+00:00,169.3000030517578,169.33999633789062,169.16000366210938,169.33999633789062,1107409,NVDA,5m
2026-03-27 16:15:00+00:00,169.33999633789062,169.33999633789062,168.9199981689453,168.97999572753906,1496095,NVDA,5m
2026-03-27 16:20:00+00:00,168.97000122070312,169.10000610351562,168.92999267578125,168.96499633789062,1074955,NVDA,5m
2026-03-27 16:25:00+00:00,168.96499633789062,168.97999572753906,168.7100067138672,168.82000732421875,1339817,NVDA,5m
2026-03-27 16:30:00+00:00,168.80999755859375,168.889892578125,168.52999877929688,168.625,1283720,NVDA,5m
2026-03-27 16:35:00+00:00,168.63499450683594,168.6999053955078,168.43499755859375,168.4499969482422,1559461,NVDA,5m
2026-03-27 16:40:00+00:00,168.4550018310547,168.9499969482422,168.3699951171875,168.875,1368672,NVDA,5m
2026-03-27 16:45:00+00:00,168.87600708007812,169.16000366210938,168.85000610351562,169.13499450683594,1439479,NVDA,5m
2026-03-27 16:50:00+00:00,169.1300048828125,169.1999969482422,168.88999938964844,168.92999267578125,1502034,NVDA,5m
2026-03-27 16:55:00+00:00,168.93499755859375,168.9600067138672,168.8000030517578,168.86500549316406,773533,NVDA,5m
2026-03-27 17:00:00+00:00,168.86500549316406,168.9398956298828,168.5800018310547,168.72500610351562,937129,NVDA,5m
2026-03-27 17:05:00+00:00,168.72000122070312,169.27000427246094,168.5897979736328,168.9600067138672,1663111,NVDA,5m
2026-03-27 17:10:00+00:00,168.9550018310547,168.99009704589844,168.63999938964844,168.68499755859375,1199246,NVDA,5m
2026-03-27 17:15:00+00:00,168.67999267578125,168.74000549316406,168.35000610351562,168.46499633789062,1145999,NVDA,5m
2026-03-27 17:20:00+00:00,168.4600067138672,168.46499633789062,168.13999938964844,168.35499572753906,1603843,NVDA,5m
2026-03-27 17:25:00+00:00,168.35499572753906,168.3699951171875,167.8300018310547,167.83999633789062,2281924,NVDA,5m
2026-03-27 17:30:00+00:00,167.83999633789062,168.10000610351562,167.8350067138672,168.07000732421875,1116799,NVDA,5m
2026-03-27 17:35:00+00:00,168.0749969482422,168.2279052734375,168.0500030517578,168.10000610351562,970794,NVDA,5m
2026-03-27 17:40:00+00:00,168.08999633789062,168.14500427246094,167.8699951171875,167.91000366210938,1306424,NVDA,5m
2026-03-27 17:45:00+00:00,167.90719604492188,168.07000732421875,167.75999450683594,167.78700256347656,1416965,NVDA,5m
2026-03-27 17:50:00+00:00,167.78500366210938,167.9698944091797,167.74000549316406,167.81500244140625,1191264,NVDA,5m
2026-03-27 17:55:00+00:00,167.82000732421875,167.92999267578125,167.61000061035156,167.875,1393160,NVDA,5m
2026-03-27 18:00:00+00:00,167.8699951171875,167.9669952392578,167.80999755859375,167.95260620117188,1390177,NVDA,5m
2026-03-27 18:05:00+00:00,167.9550018310547,168.05999755859375,167.7899932861328,167.89999389648438,1358280,NVDA,5m
2026-03-27 18:10:00+00:00,167.90899658203125,168.02000427246094,167.77000427246094,168.01499938964844,1283475,NVDA,5m
2026-03-27 18:15:00+00:00,168.02000427246094,168.24000549316406,167.9199981689453,168.1800994873047,1421496,NVDA,5m
2026-03-27 18:20:00+00:00,168.18499755859375,168.22000122070312,167.91000366210938,167.99000549316406,1143762,NVDA,5m
2026-03-27 18:25:00+00:00,167.9949951171875,168.11000061035156,167.92999267578125,168.0,1069799,NVDA,5m
2026-03-27 18:30:00+00:00,168.0050048828125,168.0500030517578,167.8000030517578,167.9199981689453,975314,NVDA,5m
2026-03-27 18:35:00+00:00,167.92999267578125,167.9600067138672,167.7899932861328,167.94500732421875,1046698,NVDA,5m
2026-03-27 18:40:00+00:00,167.9499053955078,168.27000427246094,167.8000030517578,167.97999572753906,1444706,NVDA,5m
2026-03-27 18:45:00+00:00,167.99249267578125,168.0,167.60499572753906,167.71499633789062,1668958,NVDA,5m
2026-03-27 18:50:00+00:00,167.72000122070312,167.7550048828125,167.30999755859375,167.39500427246094,1835563,NVDA,5m
2026-03-27 18:55:00+00:00,167.39999389648438,167.60000610351562,167.38009643554688,167.46499633789062,1310599,NVDA,5m
2026-03-27 19:00:00+00:00,167.4600067138672,167.66000366210938,167.34500122070312,167.375,1380669,NVDA,5m
2026-03-27 19:05:00+00:00,167.3800048828125,167.58999633789062,167.27999877929688,167.38510131835938,1575795,NVDA,5m
2026-03-27 19:10:00+00:00,167.3800048828125,167.49000549316406,167.22000122070312,167.4499969482422,1742600,NVDA,5m
2026-03-27 19:15:00+00:00,167.44500732421875,167.72999572753906,167.3800048828125,167.7050018310547,1688265,NVDA,5m
2026-03-27 19:20:00+00:00,167.7050018310547,167.72000122070312,167.5399932861328,167.7050018310547,1360526,NVDA,5m
2026-03-27 19:25:00+00:00,167.7050018310547,167.70989990234375,167.32000732421875,167.42999267578125,1620673,NVDA,5m
2026-03-27 19:30:00+00:00,167.44000244140625,167.58999633789062,167.32000732421875,167.39500427246094,1646710,NVDA,5m
2026-03-27 19:35:00+00:00,167.39500427246094,167.55999755859375,167.27000427246094,167.3699951171875,2006767,NVDA,5m
2026-03-27 19:40:00+00:00,167.3800048828125,167.50999450683594,167.25,167.49009704589844,1965176,NVDA,5m
2026-03-27 19:45:00+00:00,167.4949951171875,167.52999877929688,167.08999633789062,167.4499969482422,2725402,NVDA,5m
2026-03-27 19:50:00+00:00,167.4499969482422,167.7198944091797,167.00999450683594,167.4499969482422,3663694,NVDA,5m
2026-03-27 19:55:00+00:00,167.4600067138672,167.92999267578125,167.39999389648438,167.4600067138672,6111569,NVDA,5m
2026-03-30 13:30:00+00:00,168.73500061035156,169.4499969482422,167.6999969482422,168.27999877929688,12817510,NVDA,5m
2026-03-30 13:35:00+00:00,168.3000030517578,168.4149932861328,167.3000030517578,167.78500366210938,3729634,NVDA,5m
2026-03-30 13:40:00+00:00,167.78500366210938,168.0399932861328,166.77099609375,167.88009643554688,3945620,NVDA,5m
2026-03-30 13:45:00+00:00,167.88009643554688,167.89500427246094,167.27999877929688,167.63499450683594,2672803,NVDA,5m
2026-03-30 13:50:00+00:00,167.63499450683594,167.7550048828125,167.0500030517578,167.06500244140625,2589853,NVDA,5m
2026-03-30 13:55:00+00:00,167.06500244140625,167.13999938964844,166.2100067138672,166.2899932861328,3549255,NVDA,5m
2026-03-30 14:00:00+00:00,166.27999877929688,166.82000732421875,166.27000427246094,166.76019287109375,3072089,NVDA,5m
2026-03-30 14:05:00+00:00,166.76019287109375,167.12989807128906,166.39999389648438,167.0800018310547,2274637,NVDA,5m
2026-03-30 14:10:00+00:00,167.0800018310547,168.06500244140625,166.91000366210938,167.91000366210938,3244654,NVDA,5m
2026-03-30 14:15:00+00:00,167.9199981689453,168.0800018310547,167.56260681152344,167.73500061035156,2263140,NVDA,5m
2026-03-30 14:20:00+00:00,167.72999572753906,167.97000122070312,167.35000610351562,167.4250030517578,1990747,NVDA,5m
2026-03-30 14:25:00+00:00,167.42999267578125,167.55999755859375,166.85499572753906,166.91000366210938,2178986,NVDA,5m
2026-03-30 14:30:00+00:00,166.90499877929688,167.1999969482422,166.60000610351562,167.0,2163617,NVDA,5m
2026-03-30 14:35:00+00:00,167.01499938964844,167.1300048828125,166.56069946289062,167.0623016357422,1971855,NVDA,5m
2026-03-30 14:40:00+00:00,167.07000732421875,167.32000732421875,166.27000427246094,166.60000610351562,2700911,NVDA,5m
2026-03-30 14:45:00+00:00,166.61500549316406,167.69000244140625,166.60800170898438,167.3699951171875,2786182,NVDA,5m
2026-03-30 14:50:00+00:00,167.36849975585938,167.62350463867188,167.2100067138672,167.5222930908203,1652123,NVDA,5m
2026-03-30 14:55:00+00:00,167.52999877929688,168.00999450683594,167.33999633789062,167.9499969482422,1963853,NVDA,5m
2026-03-30 15:00:00+00:00,167.9600067138672,168.17999267578125,167.88999938964844,168.0500030517578,2113896,NVDA,5m
2026-03-30 15:05:00+00:00,168.07000732421875,168.25,167.3249969482422,167.4199981689453,2314778,NVDA,5m
2026-03-30 15:10:00+00:00,167.4199981689453,167.5500030517578,166.98399353027344,167.0749969482422,1635384,NVDA,5m
2026-03-30 15:15:00+00:00,167.07789611816406,167.07789611816406,166.55499267578125,166.6750030517578,2504176,NVDA,5m
2026-03-30 15:20:00+00:00,166.6750030517578,167.0800018310547,166.5399932861328,167.05999755859375,1790593,NVDA,5m
2026-03-30 15:25:00+00:00,167.0596923828125,167.25999450683594,166.9250030517578,167.0050048828125,1508881,NVDA,5m
2026-03-30 15:30:00+00:00,167.0,167.52000427246094,166.85000610351562,167.4550018310547,1828198,NVDA,5m
2026-03-30 15:35:00+00:00,167.4600067138672,167.93499755859375,167.4499969482422,167.54989624023438,2175983,NVDA,5m
2026-03-30 15:40:00+00:00,167.52999877929688,167.99000549316406,167.42010498046875,167.90499877929688,1537601,NVDA,5m
2026-03-30 15:45:00+00:00,167.90499877929688,167.92999267578125,167.6300048828125,167.72000122070312,1297515,NVDA,5m
2026-03-30 15:50:00+00:00,167.72999572753906,168.02000427246094,167.63510131835938,167.65499877929688,1793302,NVDA,5m
2026-03-30 15:55:00+00:00,167.63999938964844,167.6750030517578,167.2899932861328,167.36000061035156,1491868,NVDA,5m
2026-03-30 16:00:00+00:00,167.35000610351562,167.41000366210938,166.94009399414062,167.01499938964844,2440325,NVDA,5m
2026-03-30 16:05:00+00:00,167.02000427246094,167.2449951171875,166.8300018310547,166.99000549316406,1649700,NVDA,5m
2026-03-30 16:10:00+00:00,166.98500061035156,167.14999389648438,166.91000366210938,167.05499267578125,1052881,NVDA,5m
2026-03-30 16:15:00+00:00,167.0500030517578,167.07009887695312,166.6649932861328,166.9600067138672,1603010,NVDA,5m
2026-03-30 16:20:00+00:00,166.95730590820312,167.11000061035156,166.6300048828125,166.7666015625,1627816,NVDA,5m
2026-03-30 16:25:00+00:00,166.7698974609375,166.8000030517578,166.35000610351562,166.47500610351562,1466317,NVDA,5m
2026-03-30 16:30:00+00:00,166.47999572753906,166.5800018310547,166.24000549316406,166.52499389648438,1695694,NVDA,5m
2026-03-30 16:35:00+00:00,166.52999877929688,166.78500366210938,166.44500732421875,166.72999572753906,1237273,NVDA,5m
2026-03-30 16:40:00+00:00,166.72500610351562,166.82000732421875,166.6199951171875,166.7550048828125,1117298,NVDA,5m
2026-03-30 16:45:00+00:00,166.75999450683594,166.9001007080078,166.64259338378906,166.77890014648438,1164884,NVDA,5m
2026-03-30 16:50:00+00:00,166.77999877929688,166.9199981689453,166.72999572753906,166.75999450683594,1025605,NVDA,5m
2026-03-30 16:55:00+00:00,166.7550048828125,166.76800537109375,166.41000366210938,166.5850067138672,1474084,NVDA,5m
2026-03-30 17:00:00+00:00,166.5850067138672,166.82000732421875,166.3800048828125,166.39500427246094,1226496,NVDA,5m
2026-03-30 17:05:00+00:00,166.39999389648438,166.6199951171875,166.39999389648438,166.59500122070312,962358,NVDA,5m
2026-03-30 17:10:00+00:00,166.61500549316406,166.63999938964844,166.03500366210938,166.17999267578125,1669352,NVDA,5m
2026-03-30 17:15:00+00:00,166.1699981689453,166.25,165.85000610351562,166.11500549316406,1891508,NVDA,5m
2026-03-30 17:20:00+00:00,166.10499572753906,166.23989868164062,166.0050048828125,166.2100067138672,1333693,NVDA,5m
2026-03-30 17:25:00+00:00,166.2100067138672,166.21009826660156,165.80999755859375,165.875,1570066,NVDA,5m
2026-03-30 17:30:00+00:00,165.8699951171875,165.93499755859375,165.58999633789062,165.66299438476562,1485213,NVDA,5m
2026-03-30 17:35:00+00:00,165.6649932861328,166.05999755859375,165.66000366210938,166.02000427246094,1614654,NVDA,5m
2026-03-30 17:40:00+00:00,166.02499389648438,166.22999572753906,165.9499969482422,166.19500732421875,1138139,NVDA,5m
2026-03-30 17:45:00+00:00,166.17999267578125,166.4499969482422,166.14999389648438,166.2200927734375,1328652,NVDA,5m
2026-03-30 17:50:00+00:00,166.2200927734375,166.38999938964844,166.11000061035156,166.17999267578125,1111267,NVDA,5m
2026-03-30 17:55:00+00:00,166.18499755859375,166.24000549316406,166.00999450683594,166.18499755859375,1050730,NVDA,5m
2026-03-30 18:00:00+00:00,166.17999267578125,166.22999572753906,165.96499633789062,166.06500244140625,1203814,NVDA,5m
2026-03-30 18:05:00+00:00,166.07000732421875,166.27000427246094,165.8000030517578,166.0709991455078,1319693,NVDA,5m
2026-03-30 18:10:00+00:00,166.06179809570312,166.19000244140625,165.99989318847656,166.14500427246094,866941,NVDA,5m
2026-03-30 18:15:00+00:00,166.14500427246094,166.19500732421875,165.85000610351562,166.16799926757812,975916,NVDA,5m
2026-03-30 18:20:00+00:00,166.1649932861328,166.25999450683594,165.94900512695312,166.03500366210938,899244,NVDA,5m
2026-03-30 18:25:00+00:00,166.02999877929688,166.0500030517578,165.63999938964844,165.69500732421875,1213734,NVDA,5m
2026-03-30 18:30:00+00:00,165.6999969482422,165.92999267578125,165.65499877929688,165.8249969482422,1345019,NVDA,5m
2026-03-30 18:35:00+00:00,165.8249969482422,166.07000732421875,165.72000122070312,165.7550048828125,1092597,NVDA,5m
2026-03-30 18:40:00+00:00,165.75,165.82000732421875,165.5399932861328,165.5500030517578,1195445,NVDA,5m
2026-03-30 18:45:00+00:00,165.55499267578125,165.6750030517578,165.39999389648438,165.51499938964844,1174098,NVDA,5m
2026-03-30 18:50:00+00:00,165.50999450683594,165.5198974609375,165.1999969482422,165.32040405273438,1561507,NVDA,5m
2026-03-30 18:55:00+00:00,165.3209991455078,165.44000244140625,165.17999267578125,165.28500366210938,1198649,NVDA,5m
2026-03-30 19:00:00+00:00,165.27999877929688,165.47000122070312,165.1501007080078,165.38009643554688,1458078,NVDA,5m
2026-03-30 19:05:00+00:00,165.38450622558594,165.38499450683594,164.7899932861328,164.82000732421875,3329403,NVDA,5m
2026-03-30 19:10:00+00:00,164.81500244140625,164.86500549316406,164.50999450683594,164.6750030517578,2175419,NVDA,5m
2026-03-30 19:15:00+00:00,164.6707000732422,164.79649353027344,164.5850067138672,164.69000244140625,1696233,NVDA,5m
2026-03-30 19:20:00+00:00,164.69500732421875,164.76499938964844,164.41009521484375,164.59500122070312,1562114,NVDA,5m
2026-03-30 19:25:00+00:00,164.59500122070312,164.69000244140625,164.2949981689453,164.46310424804688,1913810,NVDA,5m
2026-03-30 19:30:00+00:00,164.46499633789062,164.7449951171875,164.27000427246094,164.34500122070312,1822020,NVDA,5m
2026-03-30 19:35:00+00:00,164.35000610351562,164.86000061035156,164.35000610351562,164.6501007080078,1931230,NVDA,5m
2026-03-30 19:40:00+00:00,164.65499877929688,164.92999267578125,164.58999633789062,164.7100067138672,2168019,NVDA,5m
2026-03-30 19:45:00+00:00,164.7100067138672,164.92999267578125,164.52000427246094,164.88999938964844,2239491,NVDA,5m
2026-03-30 19:50:00+00:00,164.89999389648438,165.16000366210938,164.57000732421875,165.13299560546875,3272072,NVDA,5m
2026-03-30 19:55:00+00:00,165.11500549316406,165.5399932861328,165.02499389648438,165.05999755859375,6794898,NVDA,5m
2026-03-31 13:30:00+00:00,166.97000122070312,168.67999267578125,166.9600067138672,168.66000366210938,11049380,NVDA,5m
2026-03-31 13:35:00+00:00,168.66000366210938,168.72999572753906,167.97000122070312,168.49000549316406,3765642,NVDA,5m
2026-03-31 13:40:00+00:00,168.49000549316406,168.72999572753906,168.11000061035156,168.25999450683594,3127563,NVDA,5m
2026-03-31 13:45:00+00:00,168.27000427246094,169.10000610351562,168.27000427246094,169.03500366210938,3273461,NVDA,5m
2026-03-31 13:50:00+00:00,169.0200958251953,169.36000061035156,168.6649932861328,169.3300018310547,2693504,NVDA,5m
2026-03-31 13:55:00+00:00,169.32000732421875,170.16000366210938,169.0399932861328,170.10499572753906,4078626,NVDA,5m
2026-03-31 14:00:00+00:00,170.1199951171875,170.16000366210938,169.55999755859375,169.75999450683594,2863294,NVDA,5m
2026-03-31 14:05:00+00:00,169.77000427246094,169.83999633789062,169.27000427246094,169.36500549316406,2530377,NVDA,5m
2026-03-31 14:10:00+00:00,169.36500549316406,169.97500610351562,169.2100067138672,169.9199981689453,2526947,NVDA,5m
2026-03-31 14:15:00+00:00,169.9199981689453,170.8798065185547,169.86000061035156,170.60000610351562,3856853,NVDA,5m
2026-03-31 14:20:00+00:00,170.59249877929688,170.94500732421875,170.3300018310547,170.7550048828125,2637833,NVDA,5m
2026-03-31 14:25:00+00:00,170.75990295410156,171.0749969482422,170.52999877929688,170.97999572753906,2551335,NVDA,5m
2026-03-31 14:30:00+00:00,170.97999572753906,171.3800048828125,170.75999450683594,171.02000427246094,3072526,NVDA,5m
2026-03-31 14:35:00+00:00,171.02499389648438,171.10000610351562,170.47000122070312,170.6300048828125,2388412,NVDA,5m
2026-03-31 14:40:00+00:00,170.63499450683594,170.875,170.2899932861328,170.39010620117188,2457832,NVDA,5m
2026-03-31 14:45:00+00:00,170.40020751953125,170.63999938964844,170.1501007080078,170.19009399414062,2327831,NVDA,5m
2026-03-31 14:50:00+00:00,170.1999969482422,170.25999450683594,169.75,169.86500549316406,2392795,NVDA,5m
2026-03-31 14:55:00+00:00,169.85000610351562,170.07000732421875,169.55999755859375,170.0449981689453,2678193,NVDA,5m
2026-03-31 15:00:00+00:00,170.04510498046875,170.38999938964844,169.98500061035156,170.1802978515625,2123711,NVDA,5m
2026-03-31 15:05:00+00:00,170.1750030517578,170.58999633789062,170.00999450683594,170.05999755859375,2052837,NVDA,5m
2026-03-31 15:10:00+00:00,170.05499267578125,170.72000122070312,170.0200958251953,170.64500427246094,1737677,NVDA,5m
2026-03-31 15:15:00+00:00,170.66000366210938,170.74000549316406,170.3699951171875,170.39999389648438,1550660,NVDA,5m
2026-03-31 15:20:00+00:00,170.39999389648438,170.7100067138672,170.0800018310547,170.63009643554688,1821475,NVDA,5m
2026-03-31 15:25:00+00:00,170.6300048828125,170.69500732421875,170.30499267578125,170.30499267578125,1387693,NVDA,5m
2026-03-31 15:30:00+00:00,170.3000030517578,170.3300018310547,170.07000732421875,170.25999450683594,1250266,NVDA,5m
2026-03-31 15:35:00+00:00,170.25999450683594,170.61500549316406,170.25999450683594,170.32000732421875,1606025,NVDA,5m
2026-03-31 15:40:00+00:00,170.32000732421875,170.389892578125,169.9969940185547,170.10499572753906,1268191,NVDA,5m
2026-03-31 15:45:00+00:00,170.10000610351562,170.11000061035156,169.80499267578125,170.02499389648438,1334684,NVDA,5m
2026-03-31 15:50:00+00:00,170.02000427246094,170.4149932861328,169.86000061035156,170.35899353027344,1383904,NVDA,5m
2026-03-31 15:55:00+00:00,170.36000061035156,170.51499938964844,169.82029724121094,169.84500122070312,1589469,NVDA,5m
2026-03-31 16:00:00+00:00,169.83999633789062,170.3903045654297,169.7550048828125,170.16000366210938,1398071,NVDA,5m
2026-03-31 16:05:00+00:00,170.16000366210938,170.76499938964844,170.13999938964844,170.7449951171875,1568422,NVDA,5m
2026-03-31 16:10:00+00:00,170.74000549316406,170.77999877929688,170.3419952392578,170.64500427246094,1847281,NVDA,5m
2026-03-31 16:15:00+00:00,170.64259338378906,171.05889892578125,170.6300048828125,171.0229949951172,1954444,NVDA,5m
2026-03-31 16:20:00+00:00,171.02000427246094,171.22000122070312,170.77999877929688,171.22000122070312,1815029,NVDA,5m
2026-03-31 16:25:00+00:00,171.2100067138672,171.27999877929688,170.98699951171875,171.0500030517578,1515327,NVDA,5m
2026-03-31 16:30:00+00:00,171.0500030517578,171.05999755859375,170.7550048828125,170.94500732421875,1189372,NVDA,5m
2026-03-31 16:35:00+00:00,170.94000244140625,172.35000610351562,170.82000732421875,172.33999633789062,2934740,NVDA,5m
2026-03-31 16:40:00+00:00,172.3300018310547,173.72999572753906,172.30999755859375,173.2602996826172,6201628,NVDA,5m
2026-03-31 16:45:00+00:00,173.26499938964844,173.8800048828125,172.4199981689453,173.10499572753906,4458178,NVDA,5m
2026-03-31 16:50:00+00:00,173.10000610351562,173.6199951171875,172.70030212402344,173.2700958251953,3074229,NVDA,5m
2026-03-31 16:55:00+00:00,173.2698974609375,173.30499267578125,172.88499450683594,172.9149932861328,2109384,NVDA,5m
2026-03-31 17:00:00+00:00,172.9149932861328,173.75,172.75999450683594,173.5050048828125,2645087,NVDA,5m
2026-03-31 17:05:00+00:00,173.50999450683594,173.50999450683594,172.8800048828125,173.0,2482315,NVDA,5m
2026-03-31 17:10:00+00:00,173.0,173.39999389648438,172.93499755859375,173.3699951171875,1574090,NVDA,5m
2026-03-31 17:15:00+00:00,173.36000061035156,173.875,173.2899932861328,173.7700958251953,2394398,NVDA,5m
2026-03-31 17:20:00+00:00,173.77999877929688,173.8800048828125,173.57000732421875,173.66700744628906,1907948,NVDA,5m
2026-03-31 17:25:00+00:00,173.6649932861328,173.74000549316406,173.1300048828125,173.27499389648438,2227744,NVDA,5m
2026-03-31 17:30:00+00:00,173.27999877929688,173.72999572753906,173.14199829101562,173.63499450683594,2103614,NVDA,5m
2026-03-31 17:35:00+00:00,173.64999389648438,173.72000122070312,172.72500610351562,172.97999572753906,2525922,NVDA,5m
2026-03-31 17:40:00+00:00,173.0,173.33999633789062,172.6999969482422,172.9499969482422,1996880,NVDA,5m
2026-03-31 17:45:00+00:00,172.94000244140625,173.12989807128906,172.72000122070312,172.94000244140625,1323019,NVDA,5m
2026-03-31 17:50:00+00:00,172.95989990234375,173.10000610351562,172.7100067138672,172.8000030517578,1299848,NVDA,5m
2026-03-31 17:55:00+00:00,172.78500366210938,172.8000030517578,172.27999877929688,172.42999267578125,1759185,NVDA,5m
2026-03-31 18:00:00+00:00,172.42999267578125,173.05499267578125,172.42010498046875,173.010498046875,1719520,NVDA,5m
2026-03-31 18:05:00+00:00,173.01510620117188,173.13999938964844,172.85000610351562,173.05499267578125,1193138,NVDA,5m
2026-03-31 18:10:00+00:00,173.06500244140625,173.08999633789062,172.77499389648438,173.02980041503906,1119708,NVDA,5m
2026-03-31 18:15:00+00:00,173.0279998779297,173.36000061035156,173.0,173.0850067138672,1574078,NVDA,5m
2026-03-31 18:20:00+00:00,173.11000061035156,173.27000427246094,173.0,173.11270141601562,1366299,NVDA,5m
2026-03-31 18:25:00+00:00,173.11000061035156,173.4600067138672,173.0399932861328,173.26499938964844,1367063,NVDA,5m
2026-03-31 18:30:00+00:00,173.25999450683594,173.30499267578125,173.02000427246094,173.2050018310547,1469497,NVDA,5m
2026-03-31 18:35:00+00:00,173.1999969482422,173.73500061035156,173.08999633789062,173.58999633789062,1776722,NVDA,5m
2026-03-31 18:40:00+00:00,173.58999633789062,173.58999633789062,173.3249969482422,173.4199981689453,1475895,NVDA,5m
2026-03-31 18:45:00+00:00,173.4250030517578,173.75,173.4149932861328,173.5500030517578,1479415,NVDA,5m
2026-03-31 18:50:00+00:00,173.5500030517578,173.77000427246094,173.52499389648438,173.67010498046875,1361768,NVDA,5m
2026-03-31 18:55:00+00:00,173.6699981689453,174.00999450683594,173.65499877929688,173.71499633789062,2260280,NVDA,5m
2026-03-31 19:00:00+00:00,173.7100067138672,174.14999389648438,173.6649932861328,173.947998046875,2113156,NVDA,5m
2026-03-31 19:05:00+00:00,173.94000244140625,173.99000549316406,173.5850067138672,173.60989379882812,1664348,NVDA,5m
2026-03-31 19:10:00+00:00,173.60499572753906,174.22000122070312,173.58999633789062,173.91000366210938,1944007,NVDA,5m
2026-03-31 19:15:00+00:00,173.89999389648438,174.1199951171875,173.8699951171875,174.01010131835938,1710988,NVDA,5m
2026-03-31 19:20:00+00:00,174.0200958251953,174.27499389648438,173.8800048828125,174.19509887695312,2168512,NVDA,5m
2026-03-31 19:25:00+00:00,174.19500732421875,174.20509338378906,173.89500427246094,173.93499755859375,2258204,NVDA,5m
2026-03-31 19:30:00+00:00,173.92999267578125,174.19000244140625,173.85499572753906,174.02499389648438,2025540,NVDA,5m
2026-03-31 19:35:00+00:00,174.02499389648438,174.43960571289062,174.0,174.3350067138672,1959696,NVDA,5m
2026-03-31 19:40:00+00:00,174.31500244140625,174.55999755859375,174.14999389648438,174.2100067138672,2435737,NVDA,5m
2026-03-31 19:45:00+00:00,174.21499633789062,174.47999572753906,174.13999938964844,174.25999450683594,2088787,NVDA,5m
2026-03-31 19:50:00+00:00,174.27000427246094,174.6199951171875,174.0449981689453,174.21499633789062,4024361,NVDA,5m
2026-03-31 19:55:00+00:00,174.21499633789062,174.5399932861328,173.90499877929688,174.3800048828125,7773721,NVDA,5m
2026-04-01 13:30:00+00:00,176.0,176.32000732421875,174.75999450683594,176.27000427246094,15064274,NVDA,5m
2026-04-01 13:35:00+00:00,176.27999877929688,176.60000610351562,175.9503936767578,176.5449981689453,4152380,NVDA,5m
2026-04-01 13:40:00+00:00,176.5449981689453,176.58799743652344,175.14999389648438,175.610107421875,3945242,NVDA,5m
2026-04-01 13:45:00+00:00,175.58999633789062,175.97000122070312,175.5399932861328,175.67999267578125,3773777,NVDA,5m
2026-04-01 13:50:00+00:00,175.67999267578125,176.08999633789062,175.58999633789062,175.63499450683594,2988728,NVDA,5m
2026-04-01 13:55:00+00:00,175.6300048828125,176.1300048828125,175.4499969482422,175.8800048828125,2290041,NVDA,5m
2026-04-01 14:00:00+00:00,175.88999938964844,176.0399932861328,175.58999633789062,175.875,2417878,NVDA,5m
2026-04-01 14:05:00+00:00,175.89999389648438,176.08999633789062,175.5800018310547,175.80999755859375,2080489,NVDA,5m
2026-04-01 14:10:00+00:00,175.81500244140625,176.1750030517578,175.5399932861328,176.1750030517578,2491362,NVDA,5m
2026-04-01 14:15:00+00:00,176.1750030517578,176.4199981689453,175.85000610351562,176.02999877929688,2263275,NVDA,5m
2026-04-01 14:20:00+00:00,176.02000427246094,176.25,175.77000427246094,175.9550018310547,2825485,NVDA,5m
2026-04-01 14:25:00+00:00,175.9600067138672,176.27000427246094,175.9199981689453,176.1999969482422,1778312,NVDA,5m
2026-04-01 14:30:00+00:00,176.19000244140625,176.36000061035156,175.72999572753906,175.83999633789062,2002167,NVDA,5m
2026-04-01 14:35:00+00:00,175.83990478515625,176.3000030517578,175.5050048828125,176.13999938964844,2565417,NVDA,5m
2026-04-01 14:40:00+00:00,176.1300048828125,176.14999389648438,175.8300018310547,175.97000122070312,1636816,NVDA,5m
2026-04-01 14:45:00+00:00,175.96499633789062,176.40499877929688,175.8000030517578,176.3350067138672,1878782,NVDA,5m
2026-04-01 14:50:00+00:00,176.3350067138672,176.68499755859375,176.2449951171875,176.61500549316406,2253556,NVDA,5m
2026-04-01 14:55:00+00:00,176.61000061035156,176.7050018310547,176.3350067138672,176.68499755859375,1877733,NVDA,5m
2026-04-01 15:00:00+00:00,176.69000244140625,177.0399932861328,176.625,176.95010375976562,2519662,NVDA,5m
2026-04-01 15:05:00+00:00,176.9550018310547,177.11500549316406,176.80999755859375,176.96499633789062,1665595,NVDA,5m
2026-04-01 15:10:00+00:00,176.96499633789062,177.02000427246094,176.6999969482422,176.8350067138672,1965209,NVDA,5m
2026-04-01 15:15:00+00:00,176.83999633789062,176.9600067138672,176.64999389648438,176.8000030517578,1396045,NVDA,5m
2026-04-01 15:20:00+00:00,176.79510498046875,176.94000244140625,176.6300048828125,176.76100158691406,1545021,NVDA,5m
2026-04-01 15:25:00+00:00,176.76499938964844,176.8800048828125,176.47999572753906,176.48500061035156,1369085,NVDA,5m
2026-04-01 15:30:00+00:00,176.47999572753906,176.61000061035156,176.39999389648438,176.49000549316406,1322613,NVDA,5m
2026-04-01 15:35:00+00:00,176.4949951171875,176.875,176.49000549316406,176.875,1427394,NVDA,5m
2026-04-01 15:40:00+00:00,176.8699951171875,176.9199981689453,176.6300048828125,176.86000061035156,1189006,NVDA,5m
2026-04-01 15:45:00+00:00,176.85499572753906,177.01499938964844,176.7899932861328,176.83999633789062,1266625,NVDA,5m
2026-04-01 15:50:00+00:00,176.83999633789062,177.05999755859375,176.7550048828125,177.0,944926,NVDA,5m
2026-04-01 15:55:00+00:00,176.99000549316406,177.27000427246094,176.99000549316406,177.10499572753906,1703467,NVDA,5m
2026-04-01 16:00:00+00:00,177.11000061035156,177.14999389648438,176.89999389648438,177.0449981689453,1188004,NVDA,5m
2026-04-01 16:05:00+00:00,177.0500030517578,177.33889770507812,176.94000244140625,177.32989501953125,1233693,NVDA,5m
2026-04-01 16:10:00+00:00,177.3249969482422,177.3699951171875,176.94000244140625,177.1649932861328,1370997,NVDA,5m
2026-04-01 16:15:00+00:00,177.1699981689453,177.1699981689453,176.9001007080078,177.11000061035156,1367442,NVDA,5m
2026-04-01 16:20:00+00:00,177.10000610351562,177.33999633789062,177.02999877929688,177.23500061035156,1249388,NVDA,5m
2026-04-01 16:25:00+00:00,177.24000549316406,177.3699951171875,177.0800018310547,177.10000610351562,1056294,NVDA,5m
2026-04-01 16:30:00+00:00,177.10000610351562,177.1300048828125,176.9199981689453,177.0449981689453,1297920,NVDA,5m
2026-04-01 16:35:00+00:00,177.0500030517578,177.1649932861328,176.97000122070312,177.00010681152344,833170,NVDA,5m
2026-04-01 16:40:00+00:00,177.0,177.0449981689453,176.80999755859375,176.85069274902344,1163923,NVDA,5m
2026-04-01 16:45:00+00:00,176.85499572753906,176.88999938964844,176.625,176.63999938964844,1029711,NVDA,5m
2026-04-01 16:50:00+00:00,176.63999938964844,176.8300018310547,176.6300048828125,176.7100067138672,1005787,NVDA,5m
2026-04-01 16:55:00+00:00,176.71499633789062,176.77499389648438,176.61000061035156,176.65499877929688,783497,NVDA,5m
2026-04-01 17:00:00+00:00,176.64999389648438,176.94000244140625,176.625,176.8697967529297,1051690,NVDA,5m
2026-04-01 17:05:00+00:00,176.86000061035156,177.08999633789062,176.8000030517578,176.8300018310547,1327889,NVDA,5m
2026-04-01 17:10:00+00:00,176.8300018310547,176.9250030517578,176.82000732421875,176.8800048828125,650080,NVDA,5m
2026-04-01 17:15:00+00:00,176.88499450683594,176.9199981689453,176.73500061035156,176.86500549316406,807166,NVDA,5m
2026-04-01 17:20:00+00:00,176.86500549316406,176.9398956298828,176.7899932861328,176.84500122070312,635094,NVDA,5m
2026-04-01 17:25:00+00:00,176.84500122070312,176.8699951171875,176.6649932861328,176.6649932861328,605780,NVDA,5m
2026-04-01 17:30:00+00:00,176.6649932861328,176.72000122070312,176.43499755859375,176.49000549316406,1064206,NVDA,5m
2026-04-01 17:35:00+00:00,176.48500061035156,176.64999389648438,176.44500732421875,176.58999633789062,1114636,NVDA,5m
2026-04-01 17:40:00+00:00,176.5800018310547,176.60000610351562,176.38999938964844,176.42999267578125,825136,NVDA,5m
2026-04-01 17:45:00+00:00,176.43499755859375,176.5749969482422,176.35000610351562,176.38499450683594,950502,NVDA,5m
2026-04-01 17:50:00+00:00,176.38499450683594,176.41769409179688,176.13499450683594,176.2050018310547,1176121,NVDA,5m
2026-04-01 17:55:00+00:00,176.2050018310547,176.24000549316406,175.85009765625,175.9499969482422,1386375,NVDA,5m
2026-04-01 18:00:00+00:00,175.94000244140625,176.02999877929688,175.39999389648438,175.54010009765625,1692072,NVDA,5m
2026-04-01 18:05:00+00:00,175.5399932861328,175.72999572753906,175.39999389648438,175.5399932861328,1581507,NVDA,5m
2026-04-01 18:10:00+00:00,175.5449981689453,175.7449951171875,175.50999450683594,175.56500244140625,925924,NVDA,5m
2026-04-01 18:15:00+00:00,175.56500244140625,175.5850067138672,175.0500030517578,175.2449951171875,1723646,NVDA,5m
2026-04-01 18:20:00+00:00,175.24000549316406,175.33999633789062,174.97999572753906,175.02999877929688,2059238,NVDA,5m
2026-04-01 18:25:00+00:00,175.0399932861328,175.28990173339844,174.8699951171875,175.0800018310547,1720537,NVDA,5m
2026-04-01 18:30:00+00:00,175.0800018310547,175.22000122070312,174.91000366210938,175.01499938964844,1250496,NVDA,5m
2026-04-01 18:35:00+00:00,175.01499938964844,175.2899932861328,174.80499267578125,175.21499633789062,1554016,NVDA,5m
2026-04-01 18:40:00+00:00,175.21499633789062,175.6699981689453,175.21499633789062,175.4600067138672,1745369,NVDA,5m
2026-04-01 18:45:00+00:00,175.45989990234375,175.51510620117188,175.2100067138672,175.375,1112681,NVDA,5m
2026-04-01 18:50:00+00:00,175.3699951171875,175.5399932861328,175.2899932861328,175.49000549316406,727283,NVDA,5m
2026-04-01 18:55:00+00:00,175.49000549316406,175.6199951171875,175.3699951171875,175.46499633789062,1027254,NVDA,5m
2026-04-01 19:00:00+00:00,175.4499969482422,175.77999877929688,175.39999389648438,175.59010314941406,1053961,NVDA,5m
2026-04-01 19:05:00+00:00,175.59500122070312,175.86000061035156,175.59010314941406,175.77999877929688,1137819,NVDA,5m
2026-04-01 19:10:00+00:00,175.77499389648438,175.87989807128906,175.4949951171875,175.74989318847656,1317356,NVDA,5m
2026-04-01 19:15:00+00:00,175.7449951171875,175.99009704589844,175.65499877929688,175.94009399414062,1288603,NVDA,5m
2026-04-01 19:20:00+00:00,175.94500732421875,176.0500030517578,175.83999633789062,175.97000122070312,1188922,NVDA,5m
2026-04-01 19:25:00+00:00,175.97500610351562,176.32000732421875,175.97500610351562,176.00999450683594,3081878,NVDA,5m
2026-04-01 19:30:00+00:00,176.0050048828125,176.1999969482422,175.8300018310547,176.0749969482422,1487880,NVDA,5m
2026-04-01 19:35:00+00:00,176.0800018310547,176.10989379882812,175.75999450683594,176.01499938964844,1249882,NVDA,5m
2026-04-01 19:40:00+00:00,176.02000427246094,176.25999450683594,175.97999572753906,176.10009765625,1343314,NVDA,5m
2026-04-01 19:45:00+00:00,176.10499572753906,176.24000549316406,176.01499938964844,176.1300048828125,1499233,NVDA,5m
2026-04-01 19:50:00+00:00,176.14999389648438,176.1999969482422,175.61000061035156,175.80499267578125,2250726,NVDA,5m
2026-04-01 19:55:00+00:00,175.8000030517578,175.8800048828125,175.50010681152344,175.8000030517578,4007055,NVDA,5m
2026-04-02 13:30:00+00:00,172.17999267578125,173.75,171.9199981689453,173.47000122070312,12619807,NVDA,5m
2026-04-02 13:35:00+00:00,173.4600067138672,173.47999572753906,171.47999572753906,171.5399932861328,4912234,NVDA,5m
2026-04-02 13:40:00+00:00,171.5399932861328,172.07000732421875,171.3699951171875,172.0399932861328,3092947,NVDA,5m
2026-04-02 13:45:00+00:00,172.0500030517578,172.8300018310547,171.8300018310547,172.55499267578125,3498777,NVDA,5m
2026-04-02 13:50:00+00:00,172.55999755859375,173.5399932861328,172.47999572753906,173.35000610351562,3280742,NVDA,5m
2026-04-02 13:55:00+00:00,173.35000610351562,174.17999267578125,173.07699584960938,174.07000732421875,3054410,NVDA,5m
2026-04-02 14:00:00+00:00,174.0800018310547,174.2050018310547,173.6199951171875,173.85989379882812,2286878,NVDA,5m
2026-04-02 14:05:00+00:00,173.85499572753906,174.61000061035156,173.6800994873047,174.20989990234375,2654553,NVDA,5m
2026-04-02 14:10:00+00:00,174.17999267578125,174.57000732421875,173.9600067138672,174.25,1811968,NVDA,5m
2026-04-02 14:15:00+00:00,174.26499938964844,175.05990600585938,174.18569946289062,175.01499938964844,2344786,NVDA,5m
2026-04-02 14:20:00+00:00,175.01499938964844,175.10000610351562,174.58999633789062,174.83349609375,1905066,NVDA,5m
2026-04-02 14:25:00+00:00,174.80999755859375,174.85000610351562,174.0,174.0449981689453,3979382,NVDA,5m
2026-04-02 14:30:00+00:00,174.02999877929688,174.86000061035156,173.9199981689453,174.79989624023438,1776130,NVDA,5m
2026-04-02 14:35:00+00:00,174.7899932861328,176.69000244140625,174.75,176.4199981689453,4387086,NVDA,5m
2026-04-02 14:40:00+00:00,176.4199981689453,176.60499572753906,175.5601043701172,176.360107421875,2236108,NVDA,5m
2026-04-02 14:45:00+00:00,176.36000061035156,176.54989624023438,175.55999755859375,175.5850067138672,1930759,NVDA,5m
2026-04-02 14:50:00+00:00,175.58999633789062,176.05990600585938,175.1300048828125,175.9499969482422,2116729,NVDA,5m
2026-04-02 14:55:00+00:00,175.92999267578125,176.50999450683594,175.91749572753906,176.33009338378906,2031808,NVDA,5m
2026-04-02 15:00:00+00:00,176.35000610351562,176.4499969482422,175.76499938964844,176.42999267578125,1738183,NVDA,5m
2026-04-02 15:05:00+00:00,176.41000366210938,176.5399932861328,176.0500030517578,176.5200958251953,1330181,NVDA,5m
2026-04-02 15:10:00+00:00,176.52999877929688,177.14999389648438,176.47999572753906,176.75059509277344,2295069,NVDA,5m
2026-04-02 15:15:00+00:00,176.75999450683594,176.90980529785156,176.4405975341797,176.66000366210938,1421979,NVDA,5m
2026-04-02 15:20:00+00:00,176.67010498046875,176.69940185546875,176.2100067138672,176.61000061035156,1518689,NVDA,5m
2026-04-02 15:25:00+00:00,176.61000061035156,176.9696044921875,176.2899932861328,176.67999267578125,1599506,NVDA,5m
2026-04-02 15:30:00+00:00,176.6999969482422,176.77000427246094,176.24000549316406,176.5500030517578,1232347,NVDA,5m
2026-04-02 15:35:00+00:00,176.52149963378906,177.02000427246094,176.49000549316406,176.75,1517928,NVDA,5m
2026-04-02 15:40:00+00:00,176.75999450683594,177.02000427246094,176.55499267578125,176.9550018310547,1427136,NVDA,5m
2026-04-02 15:45:00+00:00,176.9550018310547,176.97000122070312,176.5500030517578,176.60000610351562,1194164,NVDA,5m
2026-04-02 15:50:00+00:00,176.59010314941406,176.6199951171875,176.0800018310547,176.58009338378906,1594517,NVDA,5m
2026-04-02 15:55:00+00:00,176.57029724121094,176.6300048828125,176.3000030517578,176.50999450683594,940598,NVDA,5m
2026-04-02 16:00:00+00:00,176.51010131835938,176.75999450683594,176.16000366210938,176.27000427246094,1069885,NVDA,5m
2026-04-02 16:05:00+00:00,176.25070190429688,176.35000610351562,175.89999389648438,176.1199951171875,1244246,NVDA,5m
2026-04-02 16:10:00+00:00,176.1199951171875,176.2801055908203,175.9199981689453,176.14010620117188,1021922,NVDA,5m
2026-04-02 16:15:00+00:00,176.1199951171875,176.32000732421875,175.77999877929688,175.80999755859375,961751,NVDA,5m
2026-04-02 16:20:00+00:00,175.81500244140625,176.0998992919922,175.72000122070312,175.8800048828125,872507,NVDA,5m
2026-04-02 16:25:00+00:00,175.8800048828125,176.33999633789062,175.83999633789062,176.125,1043300,NVDA,5m
2026-04-02 16:30:00+00:00,176.1199951171875,176.47999572753906,175.97000122070312,176.38999938964844,955002,NVDA,5m
2026-04-02 16:35:00+00:00,176.39999389648438,176.5,175.77000427246094,176.2050018310547,1288607,NVDA,5m
2026-04-02 16:40:00+00:00,176.19000244140625,176.8300018310547,176.16000366210938,176.4801025390625,1169344,NVDA,5m
2026-04-02 16:45:00+00:00,176.5,176.6300048828125,176.36000061035156,176.4600067138672,619606,NVDA,5m
2026-04-02 16:50:00+00:00,176.46009826660156,176.6300048828125,176.33999633789062,176.57000732421875,611231,NVDA,5m
2026-04-02 16:55:00+00:00,176.5749969482422,176.5800018310547,176.3800048828125,176.39999389648438,625640,NVDA,5m
2026-04-02 17:00:00+00:00,176.39999389648438,176.47000122070312,176.2100067138672,176.41000366210938,719011,NVDA,5m
2026-04-02 17:05:00+00:00,176.41000366210938,176.52000427246094,176.2899932861328,176.4499969482422,660732,NVDA,5m
2026-04-02 17:10:00+00:00,176.4499969482422,176.77999877929688,176.3300018310547,176.69500732421875,740956,NVDA,5m
2026-04-02 17:15:00+00:00,176.68499755859375,176.9199981689453,176.6199951171875,176.72500610351562,765716,NVDA,5m
2026-04-02 17:20:00+00:00,176.72000122070312,176.7899932861328,176.60000610351562,176.72500610351562,558681,NVDA,5m
2026-04-02 17:25:00+00:00,176.7299041748047,176.8300018310547,176.7100067138672,176.77499389648438,529134,NVDA,5m
2026-04-02 17:30:00+00:00,176.7899932861328,176.85000610351562,176.6721954345703,176.75999450683594,596958,NVDA,5m
2026-04-02 17:35:00+00:00,176.75999450683594,176.82000732421875,176.5500946044922,176.80999755859375,694143,NVDA,5m
2026-04-02 17:40:00+00:00,176.8000030517578,176.8800048828125,176.63499450683594,176.72999572753906,627810,NVDA,5m
2026-04-02 17:45:00+00:00,176.72500610351562,176.7949981689453,176.25,176.27000427246094,1061232,NVDA,5m
2026-04-02 17:50:00+00:00,176.2729949951172,176.4730987548828,176.110107421875,176.44000244140625,882870,NVDA,5m
2026-04-02 17:55:00+00:00,176.44009399414062,176.6199951171875,176.3000030517578,176.3800048828125,826344,NVDA,5m
2026-04-02 18:00:00+00:00,176.38499450683594,176.75,176.38499450683594,176.72979736328125,827195,NVDA,5m
2026-04-02 18:05:00+00:00,176.72999572753906,176.9398956298828,176.69000244140625,176.85000610351562,890290,NVDA,5m
2026-04-02 18:10:00+00:00,176.85000610351562,177.0500030517578,176.72000122070312,176.7801055908203,1195916,NVDA,5m
2026-04-02 18:15:00+00:00,176.78500366210938,176.88999938964844,176.60000610351562,176.75,680322,NVDA,5m
2026-04-02 18:20:00+00:00,176.75,176.85000610351562,176.7449951171875,176.75999450683594,664535,NVDA,5m
2026-04-02 18:25:00+00:00,176.75,176.7899932861328,176.50999450683594,176.5399932861328,788700,NVDA,5m
2026-04-02 18:30:00+00:00,176.5500030517578,176.82000732421875,176.52000427246094,176.7449951171875,731665,NVDA,5m
2026-04-02 18:35:00+00:00,176.7451934814453,176.8000030517578,176.64999389648438,176.72999572753906,683659,NVDA,5m
2026-04-02 18:40:00+00:00,176.72999572753906,177.13999938964844,176.7100067138672,177.0301055908203,1141051,NVDA,5m
2026-04-02 18:45:00+00:00,177.02499389648438,177.05999755859375,176.92999267578125,176.9499969482422,778786,NVDA,5m
2026-04-02 18:50:00+00:00,176.9499969482422,177.07000732421875,176.8800048828125,176.9149932861328,762564,NVDA,5m
2026-04-02 18:55:00+00:00,176.9199981689453,177.00999450683594,176.74000549316406,176.84500122070312,1137695,NVDA,5m
2026-04-02 19:00:00+00:00,176.83999633789062,177.04989624023438,176.83999633789062,176.9550018310547,934277,NVDA,5m
2026-04-02 19:05:00+00:00,176.94500732421875,177.1300048828125,176.89999389648438,177.09500122070312,1904251,NVDA,5m
2026-04-02 19:10:00+00:00,177.10000610351562,177.47000122070312,177.09500122070312,177.2949981689453,1464931,NVDA,5m
2026-04-02 19:15:00+00:00,177.2949981689453,177.3780059814453,177.04049682617188,177.14500427246094,992914,NVDA,5m
2026-04-02 19:20:00+00:00,177.14500427246094,177.23800659179688,176.97000122070312,177.11500549316406,1168433,NVDA,5m
2026-04-02 19:25:00+00:00,177.11000061035156,177.16000366210938,176.8800048828125,176.90499877929688,1073055,NVDA,5m
2026-04-02 19:30:00+00:00,176.89999389648438,177.06500244140625,176.86000061035156,177.02499389648438,929105,NVDA,5m
2026-04-02 19:35:00+00:00,177.02000427246094,177.17999267578125,176.91000366210938,177.125,963017,NVDA,5m
2026-04-02 19:40:00+00:00,177.1300048828125,177.1699981689453,176.9499969482422,176.9799041748047,1325136,NVDA,5m
2026-04-02 19:45:00+00:00,176.97999572753906,177.10499572753906,176.88999938964844,176.9862060546875,662394,NVDA,5m
2026-04-02 19:50:00+00:00,176.99000549316406,177.4499969482422,176.98899841308594,177.29989624023438,2191247,NVDA,5m
2026-04-02 19:55:00+00:00,177.2899932861328,177.47999572753906,177.17010498046875,177.39999389648438,4710389,NVDA,5m
2026-04-06 13:30:00+00:00,177.15499877929688,177.7899932861328,176.72999572753906,177.23989868164062,6967878,NVDA,5m
2026-04-06 13:35:00+00:00,177.22999572753906,177.24000549316406,175.75999450683594,176.61000061035156,3752528,NVDA,5m
2026-04-06 13:40:00+00:00,176.61500549316406,176.83999633789062,176.30999755859375,176.70950317382812,2449104,NVDA,5m
2026-04-06 13:45:00+00:00,176.7100067138672,177.4600067138672,176.6750030517578,177.1750030517578,2871309,NVDA,5m
2026-04-06 13:50:00+00:00,177.1699981689453,177.4499053955078,176.8699951171875,177.0399932861328,2331243,NVDA,5m
2026-04-06 13:55:00+00:00,177.0399932861328,177.2093048095703,176.7050018310547,177.0399932861328,1665556,NVDA,5m
2026-04-06 14:00:00+00:00,177.0399932861328,177.3300018310547,176.07000732421875,176.08009338378906,2602015,NVDA,5m
2026-04-06 14:05:00+00:00,176.0800018310547,176.33999633789062,175.99000549316406,176.3249969482422,2224912,NVDA,5m
2026-04-06 14:10:00+00:00,176.3300018310547,176.74000549316406,176.05999755859375,176.50999450683594,2360414,NVDA,5m
2026-04-06 14:15:00+00:00,176.50999450683594,177.07000732421875,176.47500610351562,176.95509338378906,1885026,NVDA,5m
2026-04-06 14:20:00+00:00,176.97000122070312,177.10000610351562,176.91000366210938,176.9949951171875,1216123,NVDA,5m
2026-04-06 14:25:00+00:00,177.00999450683594,177.02000427246094,176.6300048828125,176.77999877929688,1575998,NVDA,5m
2026-04-06 14:30:00+00:00,176.77999877929688,176.9499969482422,176.5601043701172,176.80999755859375,1363013,NVDA,5m
2026-04-06 14:35:00+00:00,176.81500244140625,176.9550018310547,176.28500366210938,176.46359252929688,1940039,NVDA,5m
2026-04-06 14:40:00+00:00,176.4499969482422,176.82000732421875,176.33999633789062,176.39999389648438,1535309,NVDA,5m
2026-04-06 14:45:00+00:00,176.38999938964844,176.58779907226562,176.18350219726562,176.2449951171875,1320435,NVDA,5m
2026-04-06 14:50:00+00:00,176.25,176.5749969482422,176.1999969482422,176.57000732421875,1408788,NVDA,5m
2026-04-06 14:55:00+00:00,176.57000732421875,176.8300018310547,176.44500732421875,176.58009338378906,1425750,NVDA,5m
2026-04-06 15:00:00+00:00,176.59500122070312,176.9550018310547,176.53500366210938,176.8406982421875,1080402,NVDA,5m
2026-04-06 15:05:00+00:00,176.83999633789062,176.9499969482422,176.55999755859375,176.89999389648438,919381,NVDA,5m
2026-04-06 15:10:00+00:00,176.89999389648438,176.89999389648438,176.52999877929688,176.6300048828125,874866,NVDA,5m
2026-04-06 15:15:00+00:00,176.64500427246094,176.9149932861328,176.5800018310547,176.7100067138672,728928,NVDA,5m
2026-04-06 15:20:00+00:00,176.72019958496094,176.86500549316406,176.61000061035156,176.610107421875,738248,NVDA,5m
2026-04-06 15:25:00+00:00,176.61000061035156,176.7449951171875,176.4149932861328,176.48609924316406,1088049,NVDA,5m
2026-04-06 15:30:00+00:00,176.49000549316406,176.74009704589844,176.4499969482422,176.74009704589844,876054,NVDA,5m
2026-04-06 15:35:00+00:00,176.74850463867188,177.05999755859375,176.65089416503906,176.94000244140625,1070061,NVDA,5m
2026-04-06 15:40:00+00:00,176.93499755859375,177.0850067138672,176.84039306640625,177.02499389648438,848551,NVDA,5m
2026-04-06 15:45:00+00:00,177.0200958251953,177.32000732421875,176.97000122070312,177.2301025390625,944427,NVDA,5m
2026-04-06 15:50:00+00:00,177.24000549316406,177.61000061035156,177.1855010986328,177.47999572753906,1460656,NVDA,5m
2026-04-06 15:55:00+00:00,177.4949951171875,177.5399932861328,177.3249969482422,177.44009399414062,886738,NVDA,5m
2026-04-06 16:00:00+00:00,177.4499969482422,177.48500061035156,177.13009643554688,177.15989685058594,1073758,NVDA,5m
2026-04-06 16:05:00+00:00,177.14999389648438,177.22000122070312,176.97999572753906,177.02499389648438,733573,NVDA,5m
2026-04-06 16:10:00+00:00,177.02499389648438,177.17999267578125,176.94000244140625,177.16000366210938,756019,NVDA,5m
2026-04-06 16:15:00+00:00,177.1699981689453,177.27000427246094,177.08999633789062,177.19500732421875,650388,NVDA,5m
2026-04-06 16:20:00+00:00,177.19009399414062,177.33999633789062,177.0399932861328,177.14999389648438,830604,NVDA,5m
2026-04-06 16:25:00+00:00,177.14500427246094,177.3000030517578,177.1199951171875,177.15499877929688,646140,NVDA,5m
2026-04-06 16:30:00+00:00,177.1501007080078,177.1898956298828,176.9969940185547,177.14010620117188,775499,NVDA,5m
2026-04-06 16:35:00+00:00,177.14999389648438,177.44000244140625,177.14999389648438,177.25999450683594,801226,NVDA,5m
2026-04-06 16:40:00+00:00,177.2550048828125,177.3300018310547,177.18499755859375,177.1999053955078,503925,NVDA,5m
2026-04-06 16:45:00+00:00,177.19500732421875,177.3000030517578,177.15499877929688,177.23500061035156,485347,NVDA,5m
2026-04-06 16:50:00+00:00,177.23500061035156,177.27000427246094,176.9199981689453,177.07769775390625,849176,NVDA,5m
2026-04-06 16:55:00+00:00,177.0706024169922,177.1199951171875,176.86500549316406,177.0,858471,NVDA,5m
2026-04-06 17:00:00+00:00,177.0,177.02999877929688,176.47999572753906,176.68850708007812,1262120,NVDA,5m
2026-04-06 17:05:00+00:00,176.68499755859375,176.9199981689453,176.63999938964844,176.76499938964844,896437,NVDA,5m
2026-04-06 17:10:00+00:00,176.76499938964844,176.8199005126953,176.10000610351562,176.27000427246094,1277357,NVDA,5m
2026-04-06 17:15:00+00:00,176.27000427246094,176.6300048828125,176.21499633789062,176.61500549316406,871518,NVDA,5m
2026-04-06 17:20:00+00:00,176.61500549316406,176.94509887695312,176.41000366210938,176.91000366210938,825541,NVDA,5m
2026-04-06 17:25:00+00:00,176.90049743652344,177.0399932861328,176.83999633789062,176.93499755859375,636887,NVDA,5m
2026-04-06 17:30:00+00:00,176.9320068359375,177.1300048828125,176.86000061035156,176.9980010986328,1781842,NVDA,5m
2026-04-06 17:35:00+00:00,176.99000549316406,177.0998992919922,176.80499267578125,176.86500549316406,664415,NVDA,5m
2026-04-06 17:40:00+00:00,176.86000061035156,176.8800048828125,176.6699981689453,176.73500061035156,642273,NVDA,5m
2026-04-06 17:45:00+00:00,176.73500061035156,176.77499389648438,176.58999633789062,176.71499633789062,657911,NVDA,5m
2026-04-06 17:50:00+00:00,176.72500610351562,176.75,176.5500030517578,176.65499877929688,636005,NVDA,5m
2026-04-06 17:55:00+00:00,176.66000366210938,176.71499633789062,176.57000732421875,176.59500122070312,569678,NVDA,5m
2026-04-06 18:00:00+00:00,176.60000610351562,176.6199951171875,176.44500732421875,176.47000122070312,717139,NVDA,5m
2026-04-06 18:05:00+00:00,176.4799041748047,176.77499389648438,176.4600067138672,176.75,697966,NVDA,5m
2026-04-06 18:10:00+00:00,176.75,177.02000427246094,176.7449951171875,176.85989379882812,1297993,NVDA,5m
2026-04-06 18:15:00+00:00,176.86000061035156,177.0500030517578,176.85499572753906,176.9949951171875,916051,NVDA,5m
2026-04-06 18:20:00+00:00,176.99000549316406,177.22500610351562,176.875,177.13499450683594,857095,NVDA,5m
2026-04-06 18:25:00+00:00,177.13999938964844,177.3000030517578,176.9499969482422,176.98500061035156,934040,NVDA,5m
2026-04-06 18:30:00+00:00,176.97500610351562,177.08999633789062,176.75,176.86000061035156,718907,NVDA,5m
2026-04-06 18:35:00+00:00,176.86000061035156,177.0800018310547,176.85499572753906,176.9929962158203,528767,NVDA,5m
2026-04-06 18:40:00+00:00,177.0,177.1199951171875,176.93499755859375,177.0850067138672,643821,NVDA,5m
2026-04-06 18:45:00+00:00,177.08999633789062,177.22500610351562,177.05999755859375,177.1750030517578,535807,NVDA,5m
2026-04-06 18:50:00+00:00,177.17990112304688,177.32000732421875,177.14999389648438,177.2519989013672,639329,NVDA,5m
2026-04-06 18:55:00+00:00,177.25,177.32000732421875,177.16000366210938,177.1699981689453,629497,NVDA,5m
2026-04-06 19:00:00+00:00,177.19000244140625,177.27630615234375,177.1199951171875,177.22999572753906,635123,NVDA,5m
2026-04-06 19:05:00+00:00,177.24000549316406,177.24000549316406,177.03500366210938,177.09970092773438,678077,NVDA,5m
2026-04-06 19:10:00+00:00,177.09500122070312,177.2790069580078,177.02999877929688,177.25999450683594,824213,NVDA,5m
2026-04-06 19:15:00+00:00,177.26499938964844,177.34500122070312,177.23500061035156,177.3350067138672,898381,NVDA,5m
2026-04-06 19:20:00+00:00,177.3350067138672,177.3800048828125,177.25999450683594,177.3509979248047,802803,NVDA,5m
2026-04-06 19:25:00+00:00,177.35000610351562,177.4199981689453,177.2100067138672,177.2200927734375,849666,NVDA,5m
2026-04-06 19:30:00+00:00,177.22000122070312,177.44000244140625,177.19000244140625,177.377197265625,1015312,NVDA,5m
2026-04-06 19:35:00+00:00,177.375,177.39990234375,177.22000122070312,177.2899932861328,706187,NVDA,5m
2026-04-06 19:40:00+00:00,177.2899932861328,177.31500244140625,177.14999389648438,177.25,877323,NVDA,5m
2026-04-06 19:45:00+00:00,177.25,177.3000030517578,177.0749969482422,177.29010009765625,932215,NVDA,5m
2026-04-06 19:50:00+00:00,177.3000030517578,177.5500030517578,177.11000061035156,177.11500549316406,1872815,NVDA,5m
2026-04-06 19:55:00+00:00,177.38999938964844,177.67999267578125,177.3800048828125,177.63999938964844,2927105,NVDA,5m
2026-04-07 13:30:00+00:00,175.75,176.27999877929688,175.25,176.0489044189453,7317123,NVDA,5m
2026-04-07 13:35:00+00:00,176.0399932861328,176.99000549316406,175.89999389648438,176.639892578125,2923673,NVDA,5m
2026-04-07 13:40:00+00:00,176.63999938964844,176.74000549316406,176.22999572753906,176.40499877929688,1813628,NVDA,5m
2026-04-07 13:45:00+00:00,176.40499877929688,176.5500030517578,175.80999755859375,175.9499969482422,2088254,NVDA,5m
2026-04-07 13:50:00+00:00,175.96499633789062,176.1300048828125,175.6999969482422,176.1094970703125,1931368,NVDA,5m
2026-04-07 13:55:00+00:00,176.10000610351562,176.1999053955078,175.30999755859375,175.33990478515625,2289087,NVDA,5m
2026-04-07 14:00:00+00:00,175.32000732421875,175.4499969482422,174.97000122070312,175.12229919433594,2581522,NVDA,5m
2026-04-07 14:05:00+00:00,175.1199951171875,175.1490020751953,174.44000244140625,174.8699951171875,2656543,NVDA,5m
2026-04-07 14:10:00+00:00,174.86000061035156,175.0800018310547,174.77999877929688,174.86990356445312,1990681,NVDA,5m
2026-04-07 14:15:00+00:00,174.875,175.22000122070312,174.8000030517578,175.04969787597656,1514075,NVDA,5m
2026-04-07 14:20:00+00:00,175.0500030517578,175.6300048828125,175.00999450683594,175.44500732421875,1773405,NVDA,5m
2026-04-07 14:25:00+00:00,175.4550018310547,175.4550018310547,174.91000366210938,175.0800018310547,2254145,NVDA,5m
2026-04-07 14:30:00+00:00,175.08999633789062,175.1699981689453,174.6699981689453,174.92010498046875,2101021,NVDA,5m
2026-04-07 14:35:00+00:00,174.92999267578125,175.04510498046875,174.6999969482422,174.76499938964844,1751182,NVDA,5m
2026-04-07 14:40:00+00:00,174.77999877929688,174.88499450683594,174.52999877929688,174.74029541015625,1415815,NVDA,5m
2026-04-07 14:45:00+00:00,174.75,175.00999450683594,174.64340209960938,174.75,1628996,NVDA,5m
2026-04-07 14:50:00+00:00,174.75,174.89999389648438,174.61000061035156,174.8302001953125,914309,NVDA,5m
2026-04-07 14:55:00+00:00,174.80999755859375,174.80999755859375,174.24000549316406,174.25999450683594,1384477,NVDA,5m
2026-04-07 15:00:00+00:00,174.24000549316406,174.2449951171875,173.85000610351562,173.9550018310547,2410682,NVDA,5m
2026-04-07 15:05:00+00:00,173.94000244140625,173.97999572753906,173.66000366210938,173.97999572753906,1492917,NVDA,5m
2026-04-07 15:10:00+00:00,173.98500061035156,174.5,173.97999572753906,174.43499755859375,1641337,NVDA,5m
2026-04-07 15:15:00+00:00,174.44000244140625,175.07000732421875,174.39500427246094,174.73500061035156,1889608,NVDA,5m
2026-04-07 15:20:00+00:00,174.73500061035156,174.8800048828125,174.68499755859375,174.7899932861328,944760,NVDA,5m
2026-04-07 15:25:00+00:00,174.7899932861328,175.0399932861328,174.77499389648438,175.01010131835938,1007711,NVDA,5m
2026-04-07 15:30:00+00:00,175.02000427246094,175.16000366210938,174.82000732421875,175.03500366210938,860605,NVDA,5m
2026-04-07 15:35:00+00:00,175.02999877929688,175.1649932861328,174.7050018310547,174.8249969482422,1316460,NVDA,5m
2026-04-07 15:40:00+00:00,174.8300018310547,174.96499633789062,174.69000244140625,174.8800048828125,1034150,NVDA,5m
2026-04-07 15:45:00+00:00,174.8800048828125,175.09939575195312,174.8249969482422,175.02499389648438,822216,NVDA,5m
2026-04-07 15:50:00+00:00,175.0399932861328,175.16000366210938,174.8800048828125,175.11000061035156,1123244,NVDA,5m
2026-04-07 15:55:00+00:00,175.11000061035156,175.47999572753906,175.0850067138672,175.22500610351562,1214186,NVDA,5m
2026-04-07 16:00:00+00:00,175.22999572753906,175.9499053955078,174.96499633789062,175.52999877929688,2224089,NVDA,5m
2026-04-07 16:05:00+00:00,175.52999877929688,175.59500122070312,175.19000244140625,175.19000244140625,1043181,NVDA,5m
2026-04-07 16:10:00+00:00,175.1999969482422,175.2899932861328,175.0500030517578,175.10499572753906,945357,NVDA,5m
2026-04-07 16:15:00+00:00,175.11000061035156,175.34500122070312,175.02499389648438,175.15499877929688,876964,NVDA,5m
2026-04-07 16:20:00+00:00,175.15499877929688,175.60000610351562,175.10000610351562,175.49000549316406,1265568,NVDA,5m
2026-04-07 16:25:00+00:00,175.47999572753906,175.64999389648438,175.33059692382812,175.41000366210938,1047211,NVDA,5m
2026-04-07 16:30:00+00:00,175.39999389648438,175.63999938964844,175.31500244140625,175.6300048828125,788286,NVDA,5m
2026-04-07 16:35:00+00:00,175.6300048828125,175.68499755859375,175.28500366210938,175.38999938964844,835484,NVDA,5m
2026-04-07 16:40:00+00:00,175.39840698242188,175.58999633789062,175.27999877929688,175.55499267578125,696158,NVDA,5m
2026-04-07 16:45:00+00:00,175.55999755859375,175.9199981689453,175.5399932861328,175.75999450683594,942734,NVDA,5m
2026-04-07 16:50:00+00:00,175.75999450683594,175.9470977783203,175.6999969482422,175.85989379882812,803667,NVDA,5m
2026-04-07 16:55:00+00:00,175.85000610351562,175.85780334472656,175.51010131835938,175.53500366210938,802518,NVDA,5m
2026-04-07 17:00:00+00:00,175.53990173339844,175.81500244140625,175.4199981689453,175.74000549316406,947532,NVDA,5m
2026-04-07 17:05:00+00:00,175.75,175.83999633789062,175.58999633789062,175.61000061035156,551268,NVDA,5m
2026-04-07 17:10:00+00:00,175.60000610351562,175.76499938964844,175.4600067138672,175.4600067138672,1153432,NVDA,5m
2026-04-07 17:15:00+00:00,175.4499969482422,175.5800018310547,175.31500244140625,175.4394989013672,700111,NVDA,5m
2026-04-07 17:20:00+00:00,175.44000244140625,175.50999450683594,175.35000610351562,175.4550018310547,578988,NVDA,5m
2026-04-07 17:25:00+00:00,175.47000122070312,175.60000610351562,175.3105010986328,175.38999938964844,682177,NVDA,5m
2026-04-07 17:30:00+00:00,175.38999938964844,175.8000030517578,175.34500122070312,175.75,680548,NVDA,5m
2026-04-07 17:35:00+00:00,175.75,176.17999267578125,175.75,175.86990356445312,1330706,NVDA,5m
2026-04-07 17:40:00+00:00,175.86500549316406,175.86500549316406,175.4600067138672,175.52999877929688,741796,NVDA,5m
2026-04-07 17:45:00+00:00,175.52999877929688,175.7550048828125,175.4600067138672,175.74000549316406,1675629,NVDA,5m
2026-04-07 17:50:00+00:00,175.73500061035156,176.05999755859375,175.7301025390625,175.97500610351562,879828,NVDA,5m
2026-04-07 17:55:00+00:00,175.97000122070312,175.99000549316406,175.72500610351562,175.77000427246094,717798,NVDA,5m
2026-04-07 18:00:00+00:00,175.7799072265625,176.02000427246094,175.76499938964844,175.85000610351562,782851,NVDA,5m
2026-04-07 18:05:00+00:00,175.84500122070312,175.89990234375,175.6999969482422,175.77000427246094,557866,NVDA,5m
2026-04-07 18:10:00+00:00,175.7696990966797,175.91000366210938,175.6199951171875,175.83999633789062,778639,NVDA,5m
2026-04-07 18:15:00+00:00,175.83990478515625,175.9600067138672,175.75999450683594,175.92010498046875,590860,NVDA,5m
2026-04-07 18:20:00+00:00,175.92999267578125,176.07000732421875,175.72999572753906,175.75,801419,NVDA,5m
2026-04-07 18:25:00+00:00,175.75999450683594,175.9499969482422,175.66000366210938,175.69960021972656,853870,NVDA,5m
2026-04-07 18:30:00+00:00,175.69500732421875,175.7899932861328,175.52999877929688,175.76499938964844,721928,NVDA,5m
2026-04-07 18:35:00+00:00,175.75999450683594,175.77999877929688,175.57000732421875,175.68499755859375,628664,NVDA,5m
2026-04-07 18:40:00+00:00,175.6811065673828,175.7050018310547,175.39999389648438,175.50990295410156,850852,NVDA,5m
2026-04-07 18:45:00+00:00,175.5050048828125,175.58009338378906,175.33999633789062,175.44970703125,824082,NVDA,5m
2026-04-07 18:50:00+00:00,175.44000244140625,175.52000427246094,175.14010620117188,175.2100067138672,1009933,NVDA,5m
2026-04-07 18:55:00+00:00,175.22500610351562,175.30999755859375,174.9801025390625,175.23500061035156,1214719,NVDA,5m
2026-04-07 19:00:00+00:00,175.24049377441406,175.49920654296875,175.11990356445312,175.4550018310547,827021,NVDA,5m
2026-04-07 19:05:00+00:00,175.4600067138672,175.72000122070312,175.25010681152344,175.50999450683594,1114516,NVDA,5m
2026-04-07 19:10:00+00:00,175.5,175.6999969482422,175.48500061035156,175.65499877929688,816471,NVDA,5m
2026-04-07 19:15:00+00:00,175.65499877929688,176.6750030517578,175.60000610351562,176.5800018310547,2481858,NVDA,5m
2026-04-07 19:20:00+00:00,176.5749969482422,176.8699951171875,176.0402069091797,176.37010192871094,2148134,NVDA,5m
2026-04-07 19:25:00+00:00,176.3699951171875,176.42999267578125,176.08999633789062,176.2899932861328,1171648,NVDA,5m
2026-04-07 19:30:00+00:00,176.27499389648438,176.35000610351562,176.19000244140625,176.26499938964844,920160,NVDA,5m
2026-04-07 19:35:00+00:00,176.25270080566406,176.36000061035156,176.0800018310547,176.3000946044922,1028870,NVDA,5m
2026-04-07 19:40:00+00:00,176.30999755859375,176.8249969482422,176.22999572753906,176.6699981689453,1589142,NVDA,5m
2026-04-07 19:45:00+00:00,176.66000366210938,177.44000244140625,176.52000427246094,176.9149932861328,3253755,NVDA,5m
2026-04-07 19:50:00+00:00,176.9199981689453,177.49000549316406,176.9199981689453,177.32000732421875,2560088,NVDA,5m
2026-04-07 19:55:00+00:00,177.32000732421875,178.2050018310547,177.32000732421875,178.09500122070312,5888329,NVDA,5m
2026-04-08 13:30:00+00:00,184.4499969482422,185.25,183.57000732421875,184.25999450683594,17876371,NVDA,5m
2026-04-08 13:35:00+00:00,184.25999450683594,184.72000122070312,183.1699981689453,183.2698974609375,5245920,NVDA,5m
2026-04-08 13:40:00+00:00,183.25,183.33999633789062,182.7100067138672,183.03500366210938,4116348,NVDA,5m
2026-04-08 13:45:00+00:00,183.02999877929688,183.97000122070312,183.02349853515625,183.89930725097656,4046963,NVDA,5m
2026-04-08 13:50:00+00:00,183.89999389648438,183.89999389648438,183.0500030517578,183.17999267578125,3030834,NVDA,5m
2026-04-08 13:55:00+00:00,183.1699981689453,183.32000732421875,182.5800018310547,182.6199951171875,2611343,NVDA,5m
2026-04-08 14:00:00+00:00,182.61000061035156,182.7989959716797,182.08999633789062,182.1750030517578,2836821,NVDA,5m
2026-04-08 14:05:00+00:00,182.1750030517578,182.27000427246094,181.33999633789062,181.5500030517578,3234936,NVDA,5m
2026-04-08 14:10:00+00:00,181.5449981689453,181.9199981689453,181.2550048828125,181.7899932861328,2950230,NVDA,5m
2026-04-08 14:15:00+00:00,181.78500366210938,181.80999755859375,181.39999389648438,181.5500030517578,1808244,NVDA,5m
2026-04-08 14:20:00+00:00,181.5500030517578,182.22999572753906,181.5,182.13499450683594,2015368,NVDA,5m
2026-04-08 14:25:00+00:00,182.13999938964844,182.25999450683594,181.77000427246094,181.8000030517578,1829558,NVDA,5m
2026-04-08 14:30:00+00:00,181.79510498046875,181.92970275878906,181.3699951171875,181.5,2128882,NVDA,5m
2026-04-08 14:35:00+00:00,181.49639892578125,181.55999755859375,181.0800018310547,181.34500122070312,1948608,NVDA,5m
2026-04-08 14:40:00+00:00,181.35000610351562,181.39999389648438,181.0399932861328,181.0500030517578,1772569,NVDA,5m
2026-04-08 14:45:00+00:00,181.04510498046875,181.14999389648438,180.65499877929688,181.02999877929688,2292721,NVDA,5m
2026-04-08 14:50:00+00:00,181.02999877929688,181.15960693359375,180.822998046875,181.13499450683594,1575368,NVDA,5m
2026-04-08 14:55:00+00:00,181.1300048828125,181.1699981689453,180.30999755859375,180.88499450683594,2303662,NVDA,5m
2026-04-08 15:00:00+00:00,180.88999938964844,181.53500366210938,180.8800048828125,181.4149932861328,1717277,NVDA,5m
2026-04-08 15:05:00+00:00,181.4149932861328,181.5198974609375,181.02000427246094,181.0299072265625,1519600,NVDA,5m
2026-04-08 15:10:00+00:00,181.02499389648438,181.3000030517578,180.99000549316406,181.2799072265625,1212449,NVDA,5m
2026-04-08 15:15:00+00:00,181.27000427246094,181.39990234375,180.9499969482422,181.38999938964844,1267363,NVDA,5m
2026-04-08 15:20:00+00:00,181.3699951171875,181.57000732421875,181.24000549316406,181.55999755859375,1716885,NVDA,5m
2026-04-08 15:25:00+00:00,181.5500030517578,181.69200134277344,181.25,181.3000030517578,1459729,NVDA,5m
2026-04-08 15:30:00+00:00,181.3000030517578,181.49940490722656,181.25,181.2949981689453,1101804,NVDA,5m
2026-04-08 15:35:00+00:00,181.32000732421875,181.5,181.1300048828125,181.38499450683594,1102331,NVDA,5m
2026-04-08 15:40:00+00:00,181.3820037841797,181.72999572753906,181.17999267578125,181.72979736328125,1075556,NVDA,5m
2026-04-08 15:45:00+00:00,181.72999572753906,181.88499450683594,181.7100067138672,181.80499267578125,995457,NVDA,5m
2026-04-08 15:50:00+00:00,181.80279541015625,181.8800048828125,181.6199951171875,181.79010009765625,968900,NVDA,5m
2026-04-08 15:55:00+00:00,181.8000030517578,181.9199981689453,181.58999633789062,181.64999389648438,1043645,NVDA,5m
2026-04-08 16:00:00+00:00,181.63999938964844,182.02999877929688,181.58999633789062,181.88009643554688,1117653,NVDA,5m
2026-04-08 16:05:00+00:00,181.88499450683594,181.99000549316406,181.82000732421875,181.8699951171875,693144,NVDA,5m
2026-04-08 16:10:00+00:00,181.86000061035156,181.9199981689453,181.7100067138672,181.72000122070312,628295,NVDA,5m
2026-04-08 16:15:00+00:00,181.72999572753906,181.7899932861328,181.34500122070312,181.43499755859375,1009336,NVDA,5m
2026-04-08 16:20:00+00:00,181.44000244140625,181.49000549316406,181.2899932861328,181.4001007080078,895898,NVDA,5m
2026-04-08 16:25:00+00:00,181.40499877929688,181.6898956298828,181.35000610351562,181.4499969482422,1261319,NVDA,5m
2026-04-08 16:30:00+00:00,181.4499969482422,181.57000732421875,181.38999938964844,181.56500244140625,604798,NVDA,5m
2026-04-08 16:35:00+00:00,181.57000732421875,181.63999938964844,181.4499969482422,181.5399932861328,647899,NVDA,5m
2026-04-08 16:40:00+00:00,181.5399932861328,181.72999572753906,181.44000244140625,181.59039306640625,843918,NVDA,5m
2026-04-08 16:45:00+00:00,181.58999633789062,181.72999572753906,181.49000549316406,181.7050018310547,942244,NVDA,5m
2026-04-08 16:50:00+00:00,181.70989990234375,181.78799438476562,181.5399932861328,181.7050018310547,879376,NVDA,5m
2026-04-08 16:55:00+00:00,181.7050018310547,181.75999450683594,181.55499267578125,181.5904998779297,641541,NVDA,5m
2026-04-08 17:00:00+00:00,181.59500122070312,181.7100067138672,181.52999877929688,181.55999755859375,735142,NVDA,5m
2026-04-08 17:05:00+00:00,181.56500244140625,181.80999755859375,181.44000244140625,181.7299041748047,1115733,NVDA,5m
2026-04-08 17:10:00+00:00,181.72500610351562,181.77000427246094,181.60000610351562,181.625,604266,NVDA,5m
2026-04-08 17:15:00+00:00,181.6199951171875,181.72000122070312,181.50999450683594,181.58999633789062,593844,NVDA,5m
2026-04-08 17:20:00+00:00,181.58999633789062,181.80999755859375,181.49000549316406,181.5500030517578,742311,NVDA,5m
2026-04-08 17:25:00+00:00,181.5500030517578,181.67990112304688,181.375,181.44500732421875,808853,NVDA,5m
2026-04-08 17:30:00+00:00,181.44500732421875,181.69500732421875,181.4199981689453,181.52000427246094,746082,NVDA,5m
2026-04-08 17:35:00+00:00,181.52499389648438,181.58999633789062,181.2949981689453,181.52499389648438,729130,NVDA,5m
2026-04-08 17:40:00+00:00,181.51499938964844,181.72999572753906,181.5050048828125,181.5850067138672,681592,NVDA,5m
2026-04-08 17:45:00+00:00,181.5800018310547,181.72000122070312,181.5,181.62010192871094,564063,NVDA,5m
2026-04-08 17:50:00+00:00,181.6199951171875,181.86500549316406,181.6199951171875,181.66000366210938,996115,NVDA,5m
2026-04-08 17:55:00+00:00,181.66050720214844,181.75,181.63999938964844,181.74000549316406,491785,NVDA,5m
2026-04-08 18:00:00+00:00,181.72999572753906,182.02999877929688,181.58999633789062,181.97500610351562,1096856,NVDA,5m
2026-04-08 18:05:00+00:00,181.9700927734375,182.05999755859375,181.88999938964844,182.0500030517578,780003,NVDA,5m
2026-04-08 18:10:00+00:00,182.0449981689453,182.17999267578125,182.00999450683594,182.0850067138672,920054,NVDA,5m
2026-04-08 18:15:00+00:00,182.08999633789062,182.17990112304688,181.4949951171875,181.74000549316406,1296390,NVDA,5m
2026-04-08 18:20:00+00:00,181.74000549316406,182.08990478515625,181.72000122070312,181.89500427246094,1147573,NVDA,5m
2026-04-08 18:25:00+00:00,181.88999938964844,181.97999572753906,181.67999267578125,181.70030212402344,1069352,NVDA,5m
2026-04-08 18:30:00+00:00,181.7075958251953,181.9600067138672,181.69000244140625,181.91009521484375,798864,NVDA,5m
2026-04-08 18:35:00+00:00,181.9199981689453,182.0500030517578,181.7707977294922,181.80499267578125,761430,NVDA,5m
2026-04-08 18:40:00+00:00,181.80999755859375,181.83999633789062,181.6199951171875,181.64500427246094,747275,NVDA,5m
2026-04-08 18:45:00+00:00,181.6300048828125,181.85499572753906,181.5800018310547,181.77000427246094,835063,NVDA,5m
2026-04-08 18:50:00+00:00,181.77980041503906,181.9199981689453,181.7100067138672,181.73500061035156,743642,NVDA,5m
2026-04-08 18:55:00+00:00,181.73500061035156,181.7449951171875,181.10000610351562,181.1800994873047,1258470,NVDA,5m
2026-04-08 19:00:00+00:00,181.16000366210938,181.52499389648438,181.10000610351562,181.47000122070312,1274603,NVDA,5m
2026-04-08 19:05:00+00:00,181.47500610351562,181.76109313964844,181.4600067138672,181.6750030517578,875598,NVDA,5m
2026-04-08 19:10:00+00:00,181.67999267578125,181.97000122070312,181.67999267578125,181.9001007080078,1018741,NVDA,5m
2026-04-08 19:15:00+00:00,181.90499877929688,181.92999267578125,181.63999938964844,181.7406005859375,888040,NVDA,5m
2026-04-08 19:20:00+00:00,181.7449951171875,181.82000732421875,181.61000061035156,181.80499267578125,1081517,NVDA,5m
2026-04-08 19:25:00+00:00,181.80990600585938,181.94000244140625,181.6199951171875,181.7050018310547,867895,NVDA,5m
2026-04-08 19:30:00+00:00,181.6999969482422,181.97999572753906,181.6699981689453,181.90499877929688,879953,NVDA,5m
2026-04-08 19:35:00+00:00,181.91000366210938,182.10000610351562,181.8249969482422,181.88999938964844,1356274,NVDA,5m
2026-04-08 19:40:00+00:00,181.8800048828125,181.89500427246094,181.6999969482422,181.8350067138672,1020228,NVDA,5m
2026-04-08 19:45:00+00:00,181.8300018310547,182.13999938964844,181.8300018310547,182.10000610351562,2604977,NVDA,5m
2026-04-08 19:50:00+00:00,182.08999633789062,182.3000030517578,181.77999877929688,181.8000030517578,2184978,NVDA,5m
2026-04-08 19:55:00+00:00,181.8000030517578,182.1699981689453,181.64999389648438,182.10000610351562,3246795,NVDA,5m
2026-04-09 13:30:00+00:00,181.83999633789062,182.25999450683594,180.62010192871094,180.82000732421875,7035443,NVDA,5m
2026-04-09 13:35:00+00:00,180.83999633789062,181.8699951171875,180.80999755859375,181.27000427246094,2785139,NVDA,5m
2026-04-09 13:40:00+00:00,181.25999450683594,181.9593048095703,180.94000244140625,181.8699951171875,2364046,NVDA,5m
2026-04-09 13:45:00+00:00,181.8699951171875,181.9550018310547,181.52999877929688,181.72999572753906,2131334,NVDA,5m
2026-04-09 13:50:00+00:00,181.72999572753906,181.92999267578125,181.4600067138672,181.53990173339844,1292945,NVDA,5m
2026-04-09 13:55:00+00:00,181.5500030517578,181.6199951171875,181.1300048828125,181.47500610351562,1910336,NVDA,5m
2026-04-09 14:00:00+00:00,181.49000549316406,181.99000549316406,181.32009887695312,181.94500732421875,1578023,NVDA,5m
2026-04-09 14:05:00+00:00,181.94000244140625,182.25,181.77999877929688,181.80990600585938,1926369,NVDA,5m
2026-04-09 14:10:00+00:00,181.8000030517578,182.10499572753906,181.60000610351562,181.8800048828125,1627093,NVDA,5m
2026-04-09 14:15:00+00:00,181.8699951171875,181.8800048828125,181.2899932861328,181.43499755859375,1424861,NVDA,5m
2026-04-09 14:20:00+00:00,181.43800354003906,181.85000610351562,181.3699951171875,181.7100067138672,1471041,NVDA,5m
2026-04-09 14:25:00+00:00,181.71200561523438,181.80999755859375,181.41600036621094,181.625,1215305,NVDA,5m
2026-04-09 14:30:00+00:00,181.61000061035156,181.7050018310547,181.38999938964844,181.627197265625,1349963,NVDA,5m
2026-04-09 14:35:00+00:00,181.64500427246094,181.85989379882812,181.5,181.8249969482422,1203827,NVDA,5m
2026-04-09 14:40:00+00:00,181.82000732421875,181.97999572753906,181.76260375976562,181.94500732421875,1043535,NVDA,5m
2026-04-09 14:45:00+00:00,181.94500732421875,182.5,181.91250610351562,182.38499450683594,2103709,NVDA,5m
2026-04-09 14:50:00+00:00,182.38980102539062,182.72000122070312,182.33999633789062,182.5850067138672,1792013,NVDA,5m
2026-04-09 14:55:00+00:00,182.5850067138672,182.75999450683594,182.33999633789062,182.53500366210938,1564605,NVDA,5m
2026-04-09 15:00:00+00:00,182.52499389648438,182.66000366210938,182.36000061035156,182.6300048828125,1490847,NVDA,5m
2026-04-09 15:05:00+00:00,182.63999938964844,182.77000427246094,182.50999450683594,182.68499755859375,1066672,NVDA,5m
2026-04-09 15:10:00+00:00,182.69000244140625,183.30999755859375,182.64999389648438,183.27999877929688,2126710,NVDA,5m
2026-04-09 15:15:00+00:00,183.27999877929688,183.52999877929688,183.25999450683594,183.44479370117188,1935234,NVDA,5m
2026-04-09 15:20:00+00:00,183.44000244140625,183.47500610351562,183.10000610351562,183.15060424804688,1321291,NVDA,5m
2026-04-09 15:25:00+00:00,183.14999389648438,183.14999389648438,182.76010131835938,182.8350067138672,1258659,NVDA,5m
2026-04-09 15:30:00+00:00,182.8300018310547,183.3699951171875,182.72000122070312,183.15499877929688,1649230,NVDA,5m
2026-04-09 15:35:00+00:00,183.16250610351562,183.23959350585938,182.8000030517578,182.9799041748047,1170336,NVDA,5m
2026-04-09 15:40:00+00:00,182.97000122070312,183.1750030517578,182.8000030517578,182.85499572753906,898775,NVDA,5m
2026-04-09 15:45:00+00:00,182.86500549316406,183.43499755859375,182.72999572753906,183.27000427246094,1349369,NVDA,5m
2026-04-09 15:50:00+00:00,183.27499389648438,183.4199981689453,183.19000244140625,183.41099548339844,870684,NVDA,5m
2026-04-09 15:55:00+00:00,183.4149932861328,183.57989501953125,183.3489990234375,183.4149932861328,1215277,NVDA,5m
2026-04-09 16:00:00+00:00,183.44000244140625,183.9600067138672,183.41000366210938,183.76499938964844,1842358,NVDA,5m
2026-04-09 16:05:00+00:00,183.75999450683594,183.76499938964844,183.47500610351562,183.52000427246094,1021958,NVDA,5m
2026-04-09 16:10:00+00:00,183.50999450683594,183.64990234375,183.3800048828125,183.3800048828125,999263,NVDA,5m
2026-04-09 16:15:00+00:00,183.3800048828125,183.49000549316406,183.30999755859375,183.4149932861328,945162,NVDA,5m
2026-04-09 16:20:00+00:00,183.4250030517578,183.42930603027344,183.1999969482422,183.25999450683594,779134,NVDA,5m
2026-04-09 16:25:00+00:00,183.2550048828125,183.61000061035156,183.210205078125,183.53500366210938,1243622,NVDA,5m
2026-04-09 16:30:00+00:00,183.52999877929688,183.56199645996094,183.35000610351562,183.47000122070312,767018,NVDA,5m
2026-04-09 16:35:00+00:00,183.47000122070312,183.55499267578125,183.30999755859375,183.4949951171875,826413,NVDA,5m
2026-04-09 16:40:00+00:00,183.49000549316406,183.5175018310547,183.24000549316406,183.44500732421875,720454,NVDA,5m
2026-04-09 16:45:00+00:00,183.44500732421875,183.4949951171875,183.10000610351562,183.2449951171875,779203,NVDA,5m
2026-04-09 16:50:00+00:00,183.25,183.6699981689453,183.24000549316406,183.60499572753906,1108318,NVDA,5m
2026-04-09 16:55:00+00:00,183.60499572753906,183.66510009765625,183.3800048828125,183.48500061035156,665011,NVDA,5m
2026-04-09 17:00:00+00:00,183.49000549316406,183.6199951171875,183.38999938964844,183.6082000732422,546861,NVDA,5m
2026-04-09 17:05:00+00:00,183.61000061035156,183.8199005126953,183.5399932861328,183.67990112304688,987050,NVDA,5m
2026-04-09 17:10:00+00:00,183.6750030517578,183.88999938964844,183.61000061035156,183.74000549316406,918333,NVDA,5m
2026-04-09 17:15:00+00:00,183.74000549316406,183.85989379882812,183.6699981689453,183.77999877929688,820517,NVDA,5m
2026-04-09 17:20:00+00:00,183.77029418945312,183.8000030517578,183.65020751953125,183.69500732421875,668980,NVDA,5m
2026-04-09 17:25:00+00:00,183.6999969482422,183.7100067138672,183.42999267578125,183.4600067138672,720389,NVDA,5m
2026-04-09 17:30:00+00:00,183.4550018310547,183.4600067138672,183.16000366210938,183.3000030517578,754007,NVDA,5m
2026-04-09 17:35:00+00:00,183.3000030517578,183.69000244140625,183.3000030517578,183.6649932861328,1547638,NVDA,5m
2026-04-09 17:40:00+00:00,183.6699981689453,183.73959350585938,183.57000732421875,183.60499572753906,659890,NVDA,5m
2026-04-09 17:45:00+00:00,183.60499572753906,183.69000244140625,183.52000427246094,183.61000061035156,593562,NVDA,5m
2026-04-09 17:50:00+00:00,183.61099243164062,183.61099243164062,183.4300994873047,183.4770050048828,573316,NVDA,5m
2026-04-09 17:55:00+00:00,183.47500610351562,183.5800018310547,183.39999389648438,183.5399932861328,684423,NVDA,5m
2026-04-09 18:00:00+00:00,183.5500030517578,183.69000244140625,183.0,183.13999938964844,1203905,NVDA,5m
2026-04-09 18:05:00+00:00,183.15719604492188,183.47000122070312,183.13999938964844,183.4149932861328,857206,NVDA,5m
2026-04-09 18:10:00+00:00,183.4199981689453,183.4774932861328,183.1999969482422,183.3350067138672,611445,NVDA,5m
2026-04-09 18:15:00+00:00,183.3350067138672,183.5,183.27000427246094,183.34950256347656,621294,NVDA,5m
2026-04-09 18:20:00+00:00,183.3498992919922,183.36990356445312,183.0749969482422,183.14500427246094,723891,NVDA,5m
2026-04-09 18:25:00+00:00,183.13999938964844,183.22000122070312,183.00999450683594,183.10000610351562,687988,NVDA,5m
2026-04-09 18:30:00+00:00,183.0800018310547,183.19000244140625,182.9199981689453,182.97500610351562,678930,NVDA,5m
2026-04-09 18:35:00+00:00,182.97500610351562,183.49000549316406,182.9600067138672,183.47500610351562,859549,NVDA,5m
2026-04-09 18:40:00+00:00,183.47500610351562,183.55999755859375,183.3300018310547,183.38999938964844,844214,NVDA,5m
2026-04-09 18:45:00+00:00,183.38499450683594,183.52999877929688,183.35000610351562,183.47349548339844,442336,NVDA,5m
2026-04-09 18:50:00+00:00,183.47500610351562,183.49000549316406,183.26499938964844,183.44000244140625,584699,NVDA,5m
2026-04-09 18:55:00+00:00,183.44009399414062,183.60000610351562,183.44009399414062,183.47000122070312,620676,NVDA,5m
2026-04-09 19:00:00+00:00,183.4700927734375,183.8300018310547,183.44000244140625,183.7707061767578,1014868,NVDA,5m
2026-04-09 19:05:00+00:00,183.77499389648438,183.82000732421875,183.66110229492188,183.75999450683594,622842,NVDA,5m
2026-04-09 19:10:00+00:00,183.76499938964844,183.82000732421875,183.69000244140625,183.7100067138672,980854,NVDA,5m
2026-04-09 19:15:00+00:00,183.71499633789062,183.8000030517578,183.47000122070312,183.63999938964844,913474,NVDA,5m
2026-04-09 19:20:00+00:00,183.64500427246094,183.68499755859375,183.5,183.5449981689453,715311,NVDA,5m
2026-04-09 19:25:00+00:00,183.5449981689453,183.75999450683594,183.5449981689453,183.64500427246094,898617,NVDA,5m
2026-04-09 19:30:00+00:00,183.64999389648438,183.85000610351562,183.60000610351562,183.78500366210938,953854,NVDA,5m
2026-04-09 19:35:00+00:00,183.77999877929688,183.84500122070312,183.7100067138672,183.75,844925,NVDA,5m
2026-04-09 19:40:00+00:00,183.7550048828125,183.8300018310547,183.60000610351562,183.73500061035156,1088635,NVDA,5m
2026-04-09 19:45:00+00:00,183.72000122070312,183.80999755859375,183.61000061035156,183.64999389648438,1182227,NVDA,5m
2026-04-09 19:50:00+00:00,183.64500427246094,184.0800018310547,183.6300048828125,183.9199981689453,3079128,NVDA,5m
2026-04-09 19:55:00+00:00,183.9600067138672,184.0399932861328,183.77000427246094,183.85000610351562,3825948,NVDA,5m
2026-04-10 13:30:00+00:00,184.4199981689453,186.5,184.3000030517578,185.67999267578125,9626281,NVDA,5m
2026-04-10 13:35:00+00:00,185.69000244140625,186.2949981689453,185.1300048828125,185.30999755859375,3774765,NVDA,5m
2026-04-10 13:40:00+00:00,185.3000030517578,186.07000732421875,185.1103973388672,185.8249969482422,2628840,NVDA,5m
2026-04-10 13:45:00+00:00,185.83999633789062,187.2100067138672,185.81500244140625,186.9250030517578,5360628,NVDA,5m
2026-04-10 13:50:00+00:00,186.9250030517578,187.9199981689453,186.72999572753906,187.86500549316406,3974233,NVDA,5m
2026-04-10 13:55:00+00:00,187.86000061035156,187.89999389648438,186.9720001220703,187.0605926513672,2842314,NVDA,5m
2026-04-10 14:00:00+00:00,187.0800018310547,187.10000610351562,186.3800048828125,186.48989868164062,2503195,NVDA,5m
2026-04-10 14:05:00+00:00,186.49000549316406,186.77499389648438,186.39999389648438,186.61099243164062,2108901,NVDA,5m
2026-04-10 14:10:00+00:00,186.625,187.34500122070312,186.30999755859375,187.2550048828125,2700329,NVDA,5m
2026-04-10 14:15:00+00:00,187.24000549316406,187.3800048828125,187.11500549316406,187.34500122070312,1950554,NVDA,5m
2026-04-10 14:20:00+00:00,187.34500122070312,187.61000061035156,187.3000030517578,187.57000732421875,1991533,NVDA,5m
2026-04-10 14:25:00+00:00,187.56500244140625,187.8300018310547,187.47000122070312,187.8249969482422,2380113,NVDA,5m
2026-04-10 14:30:00+00:00,187.8350067138672,188.4600067138672,187.72999572753906,188.30999755859375,4753309,NVDA,5m
2026-04-10 14:35:00+00:00,188.31500244140625,188.8300018310547,187.9499969482422,188.56100463867188,3345763,NVDA,5m
2026-04-10 14:40:00+00:00,188.57000732421875,188.6649932861328,188.02999877929688,188.08999633789062,2395136,NVDA,5m
2026-04-10 14:45:00+00:00,188.10000610351562,188.47999572753906,187.92999267578125,188.2100067138672,2149728,NVDA,5m
2026-04-10 14:50:00+00:00,188.22000122070312,188.7100067138672,188.20010375976562,188.40499877929688,1792551,NVDA,5m
2026-04-10 14:55:00+00:00,188.40499877929688,188.94500732421875,188.27000427246094,188.89500427246094,2173632,NVDA,5m
2026-04-10 15:00:00+00:00,188.89500427246094,189.0,188.64999389648438,188.67999267578125,2916489,NVDA,5m
2026-04-10 15:05:00+00:00,188.69500732421875,189.22000122070312,188.5800018310547,189.08990478515625,2436244,NVDA,5m
2026-04-10 15:10:00+00:00,189.0789031982422,189.1649932861328,188.69000244140625,189.0800018310547,1909225,NVDA,5m
2026-04-10 15:15:00+00:00,189.07000732421875,189.6291046142578,189.07000732421875,189.39979553222656,2727862,NVDA,5m
2026-04-10 15:20:00+00:00,189.39500427246094,190.0,189.3699951171875,189.89999389648438,3199477,NVDA,5m
2026-04-10 15:25:00+00:00,189.88999938964844,189.9600067138672,189.47000122070312,189.47999572753906,2520327,NVDA,5m
2026-04-10 15:30:00+00:00,189.48500061035156,189.5800018310547,189.10000610351562,189.13009643554688,2129584,NVDA,5m
2026-04-10 15:35:00+00:00,189.11000061035156,189.13999938964844,188.59030151367188,188.60499572753906,1957310,NVDA,5m
2026-04-10 15:40:00+00:00,188.60499572753906,188.93499755859375,188.47000122070312,188.85499572753906,2095686,NVDA,5m
2026-04-10 15:45:00+00:00,188.85499572753906,189.02999877929688,188.6699981689453,188.76499938964844,1588456,NVDA,5m
2026-04-10 15:50:00+00:00,188.76499938964844,188.8000030517578,188.39999389648438,188.44970703125,1647503,NVDA,5m
2026-04-10 15:55:00+00:00,188.44000244140625,188.52999877929688,188.15499877929688,188.43499755859375,1603987,NVDA,5m
2026-04-10 16:00:00+00:00,188.44000244140625,188.50979614257812,188.09500122070312,188.2550048828125,1500774,NVDA,5m
2026-04-10 16:05:00+00:00,188.2550048828125,188.55799865722656,188.17999267578125,188.3477020263672,1215948,NVDA,5m
2026-04-10 16:10:00+00:00,188.33999633789062,188.77999877929688,188.3300018310547,188.625,1467002,NVDA,5m
2026-04-10 16:15:00+00:00,188.6199951171875,188.6999969482422,188.42999267578125,188.5399932861328,841534,NVDA,5m
2026-04-10 16:20:00+00:00,188.5500030517578,188.75,188.25999450683594,188.7301025390625,1039325,NVDA,5m
2026-04-10 16:25:00+00:00,188.74000549316406,188.74000549316406,188.43499755859375,188.45469665527344,765647,NVDA,5m
2026-04-10 16:30:00+00:00,188.4499969482422,188.55499267578125,188.22999572753906,188.3300018310547,872714,NVDA,5m
2026-04-10 16:35:00+00:00,188.3350067138672,188.41000366210938,188.1699981689453,188.21499633789062,796246,NVDA,5m
2026-04-10 16:40:00+00:00,188.21499633789062,188.3000030517578,187.97999572753906,188.14500427246094,1189895,NVDA,5m
2026-04-10 16:45:00+00:00,188.14999389648438,188.4803009033203,188.13999938964844,188.47000122070312,991091,NVDA,5m
2026-04-10 16:50:00+00:00,188.46499633789062,188.5800018310547,187.92999267578125,188.47999572753906,1923484,NVDA,5m
2026-04-10 16:55:00+00:00,188.48989868164062,188.52000427246094,188.35000610351562,188.51499938964844,826412,NVDA,5m
2026-04-10 17:00:00+00:00,188.51499938964844,188.6199951171875,188.3800048828125,188.44500732421875,911225,NVDA,5m
2026-04-10 17:05:00+00:00,188.44000244140625,188.5800018310547,188.38999938964844,188.47999572753906,738598,NVDA,5m
2026-04-10 17:10:00+00:00,188.47999572753906,188.52000427246094,188.30999755859375,188.4550018310547,595366,NVDA,5m
2026-04-10 17:15:00+00:00,188.4499969482422,188.50999450683594,188.2899932861328,188.4149932861328,614607,NVDA,5m
2026-04-10 17:20:00+00:00,188.4149932861328,188.4199981689453,188.14999389648438,188.2449951171875,2277784,NVDA,5m
2026-04-10 17:25:00+00:00,188.2550048828125,188.44000244140625,188.10499572753906,188.1470947265625,850498,NVDA,5m
2026-04-10 17:30:00+00:00,188.13999938964844,188.27999877929688,187.9600067138672,188.27980041503906,899958,NVDA,5m
2026-04-10 17:35:00+00:00,188.27499389648438,188.35000610351562,188.0800018310547,188.1999969482422,725042,NVDA,5m
2026-04-10 17:40:00+00:00,188.1999969482422,188.52000427246094,188.1999969482422,188.5,780543,NVDA,5m
2026-04-10 17:45:00+00:00,188.5050048828125,188.56500244140625,188.4149932861328,188.47000122070312,562958,NVDA,5m
2026-04-10 17:50:00+00:00,188.47500610351562,188.7100067138672,188.47000122070312,188.7050018310547,879031,NVDA,5m
2026-04-10 17:55:00+00:00,188.7050018310547,188.7698974609375,188.55999755859375,188.6699981689453,678545,NVDA,5m
2026-04-10 18:00:00+00:00,188.6699981689453,188.7100067138672,188.3907928466797,188.4149932861328,599822,NVDA,5m
2026-04-10 18:05:00+00:00,188.40499877929688,188.4600067138672,188.3000030517578,188.44009399414062,692440,NVDA,5m
2026-04-10 18:10:00+00:00,188.44500732421875,188.6699981689453,188.38999938964844,188.59500122070312,1839421,NVDA,5m
2026-04-10 18:15:00+00:00,188.60000610351562,188.74000549316406,188.5399932861328,188.7100067138672,629651,NVDA,5m
2026-04-10 18:20:00+00:00,188.7100067138672,189.0,188.7050018310547,188.85000610351562,1522052,NVDA,5m
2026-04-10 18:25:00+00:00,188.83999633789062,188.84339904785156,188.52999877929688,188.5850067138672,887721,NVDA,5m
2026-04-10 18:30:00+00:00,188.5800018310547,188.60000610351562,188.38009643554688,188.49009704589844,729914,NVDA,5m
2026-04-10 18:35:00+00:00,188.4998016357422,188.6999969482422,188.4499969482422,188.66000366210938,715385,NVDA,5m
2026-04-10 18:40:00+00:00,188.6649932861328,188.72000122070312,188.5800018310547,188.63499450683594,908356,NVDA,5m
2026-04-10 18:45:00+00:00,188.6300048828125,188.80990600585938,188.61000061035156,188.77499389648438,689948,NVDA,5m
2026-04-10 18:50:00+00:00,188.77499389648438,188.93499755859375,188.75999450683594,188.81500244140625,748128,NVDA,5m
2026-04-10 18:55:00+00:00,188.80999755859375,188.9199981689453,188.77000427246094,188.7799072265625,898139,NVDA,5m
2026-04-10 19:00:00+00:00,188.77999877929688,189.14999389648438,188.75999450683594,189.13499450683594,1594519,NVDA,5m
2026-04-10 19:05:00+00:00,189.13499450683594,189.32000732421875,189.1199951171875,189.23500061035156,1702450,NVDA,5m
2026-04-10 19:10:00+00:00,189.24000549316406,189.56500244140625,189.2100067138672,189.42999267578125,1470055,NVDA,5m
2026-04-10 19:15:00+00:00,189.4398956298828,189.57000732421875,189.14999389648438,189.55799865722656,1378500,NVDA,5m
2026-04-10 19:20:00+00:00,189.55999755859375,189.69000244140625,189.4001007080078,189.47000122070312,1674856,NVDA,5m
2026-04-10 19:25:00+00:00,189.47000122070312,189.5,189.3249969482422,189.38999938964844,1191478,NVDA,5m
2026-04-10 19:30:00+00:00,189.38499450683594,189.38499450683594,189.08999633789062,189.125,1820063,NVDA,5m
2026-04-10 19:35:00+00:00,189.125,189.1999969482422,188.97999572753906,189.02000427246094,1519849,NVDA,5m
2026-04-10 19:40:00+00:00,189.02499389648438,189.02999877929688,188.6699981689453,188.9250030517578,1770297,NVDA,5m
2026-04-10 19:45:00+00:00,188.9199981689453,188.97000122070312,188.5850067138672,188.6199951171875,1501568,NVDA,5m
2026-04-10 19:50:00+00:00,188.6300048828125,188.64999389648438,188.30999755859375,188.3350067138672,2610453,NVDA,5m
2026-04-10 19:55:00+00:00,188.33999633789062,188.77999877929688,188.11000061035156,188.63999938964844,4940196,NVDA,5m
2026-04-13 13:30:00+00:00,186.02000427246094,186.4499969482422,185.74000549316406,186.4499969482422,9865438,NVDA,5m
2026-04-13 13:35:00+00:00,186.4499969482422,186.60000610351562,186.13999938964844,186.31500244140625,3273305,NVDA,5m
2026-04-13 13:40:00+00:00,186.32000732421875,186.97999572753906,186.16000366210938,186.23500061035156,3489225,NVDA,5m
2026-04-13 13:45:00+00:00,186.23500061035156,187.0500030517578,186.0,186.88009643554688,3045456,NVDA,5m
2026-04-13 13:50:00+00:00,186.88999938964844,187.6699981689453,186.7303924560547,187.66000366210938,2449631,NVDA,5m
2026-04-13 13:55:00+00:00,187.6649932861328,188.0500030517578,187.30999755859375,188.02499389648438,2350891,NVDA,5m
2026-04-13 14:00:00+00:00,188.0229949951172,188.25,187.89999389648438,188.1699981689453,2171998,NVDA,5m
2026-04-13 14:05:00+00:00,188.16000366210938,188.33999633789062,187.7050018310547,188.02000427246094,2578000,NVDA,5m
2026-04-13 14:10:00+00:00,188.01499938964844,188.11000061035156,187.7449951171875,187.88999938964844,1776853,NVDA,5m
2026-04-13 14:15:00+00:00,187.89999389648438,188.07000732421875,187.6199951171875,188.05499267578125,1716050,NVDA,5m
2026-04-13 14:20:00+00:00,188.05979919433594,188.3000030517578,187.80999755859375,188.22000122070312,1804355,NVDA,5m
2026-04-13 14:25:00+00:00,188.21009826660156,188.47999572753906,188.13999938964844,188.41990661621094,1422543,NVDA,5m
2026-04-13 14:30:00+00:00,188.41000366210938,188.5399932861328,188.13499450683594,188.50970458984375,1249879,NVDA,5m
2026-04-13 14:35:00+00:00,188.5,188.6300048828125,188.1999969482422,188.60000610351562,1449472,NVDA,5m
2026-04-13 14:40:00+00:00,188.5998992919922,188.89999389648438,188.33999633789062,188.89500427246094,1673917,NVDA,5m
2026-04-13 14:45:00+00:00,188.89500427246094,189.11000061035156,188.85000610351562,189.09219360351562,1890588,NVDA,5m
2026-04-13 14:50:00+00:00,189.10000610351562,189.35499572753906,188.97000122070312,189.27000427246094,1330705,NVDA,5m
2026-04-13 14:55:00+00:00,189.2550048828125,189.6300048828125,189.13499450683594,189.36000061035156,2098135,NVDA,5m
2026-04-13 15:00:00+00:00,189.375,189.375,188.89999389648438,189.01499938964844,1866649,NVDA,5m
2026-04-13 15:05:00+00:00,189.0,189.5050048828125,188.9499969482422,189.39500427246094,1499819,NVDA,5m
2026-04-13 15:10:00+00:00,189.39010620117188,189.64999389648438,189.27999877929688,189.47500610351562,2013476,NVDA,5m
2026-04-13 15:15:00+00:00,189.4799041748047,189.5800018310547,189.30999755859375,189.35499572753906,1060938,NVDA,5m
2026-04-13 15:20:00+00:00,189.35000610351562,189.58999633789062,189.16000366210938,189.18499755859375,1236406,NVDA,5m
2026-04-13 15:25:00+00:00,189.17999267578125,189.24000549316406,188.5800018310547,188.6107940673828,1552617,NVDA,5m
2026-04-13 15:30:00+00:00,188.6199951171875,188.65499877929688,188.41000366210938,188.5102996826172,1576330,NVDA,5m
2026-04-13 15:35:00+00:00,188.52000427246094,188.89990234375,188.35000610351562,188.72000122070312,1548462,NVDA,5m
2026-04-13 15:40:00+00:00,188.7100067138672,188.75,188.3101043701172,188.3350067138672,976968,NVDA,5m
2026-04-13 15:45:00+00:00,188.33999633789062,188.5449981689453,188.27000427246094,188.5050048828125,1152030,NVDA,5m
2026-04-13 15:50:00+00:00,188.5050048828125,188.58999633789062,188.1699981689453,188.2174072265625,1149156,NVDA,5m
2026-04-13 15:55:00+00:00,188.22000122070312,188.30990600585938,188.0,188.2570037841797,1197708,NVDA,5m
2026-04-13 16:00:00+00:00,188.26150512695312,188.35499572753906,187.9949951171875,188.08099365234375,1017972,NVDA,5m
2026-04-13 16:05:00+00:00,188.0850067138672,188.3699951171875,187.9199981689453,188.27499389648438,1524046,NVDA,5m
2026-04-13 16:10:00+00:00,188.27000427246094,188.38699340820312,188.08999633789062,188.14950561523438,871027,NVDA,5m
2026-04-13 16:15:00+00:00,188.14500427246094,188.30499267578125,187.9199981689453,188.19000244140625,962742,NVDA,5m
2026-04-13 16:20:00+00:00,188.19000244140625,188.4499969482422,188.10499572753906,188.39500427246094,888057,NVDA,5m
2026-04-13 16:25:00+00:00,188.38499450683594,188.6199951171875,188.2100067138672,188.44509887695312,1099187,NVDA,5m
2026-04-13 16:30:00+00:00,188.44000244140625,188.44000244140625,187.99000549316406,188.1999969482422,1018121,NVDA,5m
2026-04-13 16:35:00+00:00,188.1999969482422,188.44000244140625,188.16000366210938,188.2001953125,856966,NVDA,5m
2026-04-13 16:40:00+00:00,188.2100067138672,188.34500122070312,187.85000610351562,188.21499633789062,1329498,NVDA,5m
2026-04-13 16:45:00+00:00,188.1999969482422,188.44000244140625,188.10499572753906,188.19000244140625,1023390,NVDA,5m
2026-04-13 16:50:00+00:00,188.19000244140625,188.49000549316406,188.05499267578125,188.21499633789062,1172239,NVDA,5m
2026-04-13 16:55:00+00:00,188.21499633789062,188.39999389648438,188.11500549316406,188.34500122070312,832291,NVDA,5m
2026-04-13 17:00:00+00:00,188.34500122070312,188.64990234375,188.33999633789062,188.4600067138672,1128656,NVDA,5m
2026-04-13 17:05:00+00:00,188.4600067138672,188.5500030517578,188.1699981689453,188.22000122070312,969529,NVDA,5m
2026-04-13 17:10:00+00:00,188.22000122070312,188.32989501953125,188.1999969482422,188.27999877929688,814994,NVDA,5m
2026-04-13 17:15:00+00:00,188.27999877929688,188.46499633789062,188.21499633789062,188.42739868164062,674854,NVDA,5m
2026-04-13 17:20:00+00:00,188.42140197753906,188.4250030517578,188.22999572753906,188.25509643554688,679740,NVDA,5m
2026-04-13 17:25:00+00:00,188.25250244140625,188.34500122070312,188.1199951171875,188.2050018310547,681553,NVDA,5m
2026-04-13 17:30:00+00:00,188.2100067138672,188.3300018310547,188.0399932861328,188.07989501953125,712462,NVDA,5m
2026-04-13 17:35:00+00:00,188.0800018310547,188.23500061035156,188.02000427246094,188.17010498046875,802077,NVDA,5m
2026-04-13 17:40:00+00:00,188.16000366210938,188.4199981689453,188.16000366210938,188.19500732421875,902627,NVDA,5m
2026-04-13 17:45:00+00:00,188.19000244140625,188.25999450683594,188.0800018310547,188.16720581054688,628054,NVDA,5m
2026-04-13 17:50:00+00:00,188.1649932861328,188.23500061035156,187.97999572753906,188.17999267578125,924266,NVDA,5m
2026-04-13 17:55:00+00:00,188.1699981689453,188.30999755859375,188.0749969482422,188.09500122070312,741576,NVDA,5m
2026-04-13 18:00:00+00:00,188.09500122070312,188.25,188.09500122070312,188.19500732421875,936703,NVDA,5m
2026-04-13 18:05:00+00:00,188.19009399414062,188.22999572753906,188.125,188.2050018310547,501392,NVDA,5m
2026-04-13 18:10:00+00:00,188.20050048828125,188.22999572753906,188.0800018310547,188.08909606933594,832414,NVDA,5m
2026-04-13 18:15:00+00:00,188.0800018310547,188.14999389648438,188.0050048828125,188.11000061035156,699170,NVDA,5m
2026-04-13 18:20:00+00:00,188.10499572753906,188.13499450683594,188.0399932861328,188.0399932861328,580038,NVDA,5m
2026-04-13 18:25:00+00:00,188.02999877929688,188.14999389648438,187.97000122070312,188.0198974609375,860033,NVDA,5m
2026-04-13 18:30:00+00:00,188.00999450683594,188.12989807128906,187.99000549316406,188.11000061035156,750763,NVDA,5m
2026-04-13 18:35:00+00:00,188.10000610351562,188.2100067138672,188.0800018310547,188.20989990234375,618743,NVDA,5m
2026-04-13 18:40:00+00:00,188.2100067138672,188.26510620117188,188.10000610351562,188.21910095214844,669517,NVDA,5m
2026-04-13 18:45:00+00:00,188.21499633789062,188.42990112304688,188.2100067138672,188.3101043701172,921024,NVDA,5m
2026-04-13 18:50:00+00:00,188.32000732421875,188.58999633789062,188.22999572753906,188.5850067138672,1139781,NVDA,5m
2026-04-13 18:55:00+00:00,188.57009887695312,188.72999572753906,188.50999450683594,188.5449981689453,1204826,NVDA,5m
2026-04-13 19:00:00+00:00,188.5449981689453,188.6999969482422,188.50999450683594,188.6699981689453,796120,NVDA,5m
2026-04-13 19:05:00+00:00,188.67999267578125,188.69000244140625,188.57000732421875,188.6699981689453,785492,NVDA,5m
2026-04-13 19:10:00+00:00,188.67999267578125,188.67999267578125,188.47999572753906,188.61839294433594,968053,NVDA,5m
2026-04-13 19:15:00+00:00,188.6199951171875,188.88999938964844,188.55999755859375,188.8300018310547,1229805,NVDA,5m
2026-04-13 19:20:00+00:00,188.83009338378906,188.83749389648438,188.72000122070312,188.73989868164062,1087485,NVDA,5m
2026-04-13 19:25:00+00:00,188.73500061035156,188.7899932861328,188.63999938964844,188.7050018310547,805365,NVDA,5m
2026-04-13 19:30:00+00:00,188.6999969482422,189.0,188.61000061035156,188.8509979248047,1471668,NVDA,5m
2026-04-13 19:35:00+00:00,188.85000610351562,188.91000366210938,188.60000610351562,188.61000061035156,835540,NVDA,5m
2026-04-13 19:40:00+00:00,188.60000610351562,188.72000122070312,188.38999938964844,188.6898956298828,1297401,NVDA,5m
2026-04-13 19:45:00+00:00,188.69000244140625,188.82000732421875,188.6114959716797,188.82000732421875,1086481,NVDA,5m
2026-04-13 19:50:00+00:00,188.82000732421875,189.4550018310547,188.81500244140625,189.39999389648438,2913556,NVDA,5m
2026-04-13 19:55:00+00:00,189.375,189.4199981689453,189.13999938964844,189.2100067138672,4930159,NVDA,5m
2026-04-14 13:30:00+00:00,190.8300018310547,193.30999755859375,190.8000030517578,192.2050018310547,13867619,NVDA,5m
2026-04-14 13:35:00+00:00,192.1999969482422,192.3699951171875,190.80999755859375,190.86000061035156,3773111,NVDA,5m
2026-04-14 13:40:00+00:00,190.8699951171875,192.3249969482422,190.83999633789062,192.2801055908203,4215092,NVDA,5m
2026-04-14 13:45:00+00:00,192.27000427246094,192.82000732421875,192.2530059814453,192.8000030517578,4048140,NVDA,5m
2026-04-14 13:50:00+00:00,192.80499267578125,193.19000244140625,192.63999938964844,192.83009338378906,3113932,NVDA,5m
2026-04-14 13:55:00+00:00,192.82000732421875,192.86000061035156,192.1300048828125,192.24000549316406,2687685,NVDA,5m
2026-04-14 14:00:00+00:00,192.22999572753906,192.24000549316406,191.4600067138672,191.59950256347656,2666445,NVDA,5m
2026-04-14 14:05:00+00:00,191.5800018310547,191.99000549316406,191.5800018310547,191.97500610351562,1862475,NVDA,5m
2026-04-14 14:10:00+00:00,191.97500610351562,192.52999877929688,191.88999938964844,192.427001953125,2474691,NVDA,5m
2026-04-14 14:15:00+00:00,192.42010498046875,192.56910705566406,192.25999450683594,192.33770751953125,1383831,NVDA,5m
2026-04-14 14:20:00+00:00,192.3350067138672,192.72999572753906,192.30999755859375,192.7100067138672,1315804,NVDA,5m
2026-04-14 14:25:00+00:00,192.71499633789062,192.99000549316406,192.52999877929688,192.86000061035156,2111639,NVDA,5m
2026-04-14 14:30:00+00:00,192.8699951171875,192.89500427246094,192.66000366210938,192.8350067138672,1330531,NVDA,5m
2026-04-14 14:35:00+00:00,192.8350067138672,193.47500610351562,192.7949981689453,193.12989807128906,2977181,NVDA,5m
2026-04-14 14:40:00+00:00,193.1199951171875,193.25,192.92999267578125,193.10989379882812,1610318,NVDA,5m
2026-04-14 14:45:00+00:00,193.10499572753906,193.35000610351562,193.0399932861328,193.2949981689453,1389444,NVDA,5m
2026-04-14 14:50:00+00:00,193.2949981689453,193.4199981689453,193.0800018310547,193.35740661621094,1381493,NVDA,5m
2026-04-14 14:55:00+00:00,193.36000061035156,193.39979553222656,193.2100067138672,193.32000732421875,1053356,NVDA,5m
2026-04-14 15:00:00+00:00,193.3300018310547,193.3300018310547,192.9499969482422,192.99000549316406,1538312,NVDA,5m
2026-04-14 15:05:00+00:00,192.9949951171875,193.0,192.66000366210938,192.6999969482422,1457201,NVDA,5m
2026-04-14 15:10:00+00:00,192.6999969482422,193.22000122070312,192.6699981689453,193.1199951171875,1777724,NVDA,5m
2026-04-14 15:15:00+00:00,193.1199951171875,193.24000549316406,192.9499969482422,193.1649932861328,1038755,NVDA,5m
2026-04-14 15:20:00+00:00,193.1699981689453,193.61000061035156,193.125,193.55999755859375,2150366,NVDA,5m
2026-04-14 15:25:00+00:00,193.55999755859375,193.72999572753906,193.42999267578125,193.44500732421875,1601812,NVDA,5m
2026-04-14 15:30:00+00:00,193.44500732421875,193.50999450683594,193.3300018310547,193.36500549316406,2113039,NVDA,5m
2026-04-14 15:35:00+00:00,193.36000061035156,193.80999755859375,193.35000610351562,193.80499267578125,1555381,NVDA,5m
2026-04-14 15:40:00+00:00,193.8000030517578,194.10000610351562,193.7200927734375,193.875,2522583,NVDA,5m
2026-04-14 15:45:00+00:00,193.8800048828125,194.25,193.84800720214844,194.14999389648438,1810652,NVDA,5m
2026-04-14 15:50:00+00:00,194.13999938964844,194.389892578125,194.1300048828125,194.2949981689453,1450493,NVDA,5m
2026-04-14 15:55:00+00:00,194.2899932861328,194.3249969482422,193.99000549316406,194.02499389648438,1254478,NVDA,5m
2026-04-14 16:00:00+00:00,194.02000427246094,194.2761993408203,194.0,194.21499633789062,1275020,NVDA,5m
2026-04-14 16:05:00+00:00,194.22000122070312,194.58999633789062,194.13999938964844,194.57000732421875,1673753,NVDA,5m
2026-04-14 16:10:00+00:00,194.5749969482422,194.59829711914062,194.47500610351562,194.5449981689453,940675,NVDA,5m
2026-04-14 16:15:00+00:00,194.5449981689453,194.75,194.52000427246094,194.6999053955078,1278582,NVDA,5m
2026-04-14 16:20:00+00:00,194.6909942626953,194.88999938964844,194.6699981689453,194.8000946044922,1258520,NVDA,5m
2026-04-14 16:25:00+00:00,194.80099487304688,194.94000244140625,194.77000427246094,194.79989624023438,1479118,NVDA,5m
2026-04-14 16:30:00+00:00,194.80589294433594,194.8800048828125,194.52499389648438,194.5749969482422,1270114,NVDA,5m
2026-04-14 16:35:00+00:00,194.57760620117188,194.83990478515625,194.55999755859375,194.7949981689453,1169398,NVDA,5m
2026-04-14 16:40:00+00:00,194.7969970703125,194.8300018310547,194.6699981689453,194.6999969482422,1173695,NVDA,5m
2026-04-14 16:45:00+00:00,194.6999969482422,194.8249969482422,194.56500244140625,194.8072967529297,1330782,NVDA,5m
2026-04-14 16:50:00+00:00,194.80999755859375,194.82000732421875,194.58999633789062,194.6199951171875,886522,NVDA,5m
2026-04-14 16:55:00+00:00,194.6208953857422,194.64500427246094,194.4600067138672,194.56500244140625,1265842,NVDA,5m
2026-04-14 17:00:00+00:00,194.56500244140625,194.64999389648438,194.50999450683594,194.52499389648438,931858,NVDA,5m
2026-04-14 17:05:00+00:00,194.52000427246094,194.63999938964844,194.33999633789062,194.38009643554688,1061914,NVDA,5m
2026-04-14 17:10:00+00:00,194.38999938964844,194.63999938964844,194.38999938964844,194.625,1092634,NVDA,5m
2026-04-14 17:15:00+00:00,194.625,194.8000030517578,194.52499389648438,194.79989624023438,1013924,NVDA,5m
2026-04-14 17:20:00+00:00,194.7899932861328,194.99000549316406,194.74000549316406,194.91000366210938,1866795,NVDA,5m
2026-04-14 17:25:00+00:00,194.9149932861328,194.94000244140625,194.7100067138672,194.72500610351562,927219,NVDA,5m
2026-04-14 17:30:00+00:00,194.72999572753906,194.80999755859375,194.69000244140625,194.7449951171875,710796,NVDA,5m
2026-04-14 17:35:00+00:00,194.7449951171875,194.85000610351562,194.64999389648438,194.85000610351562,726438,NVDA,5m
2026-04-14 17:40:00+00:00,194.84500122070312,194.875,194.76499938964844,194.7899932861328,600124,NVDA,5m
2026-04-14 17:45:00+00:00,194.7899932861328,194.8249969482422,194.7100067138672,194.75,652610,NVDA,5m
2026-04-14 17:50:00+00:00,194.7550048828125,194.86000061035156,194.72000122070312,194.80990600585938,655420,NVDA,5m
2026-04-14 17:55:00+00:00,194.8000030517578,194.86000061035156,194.72999572753906,194.7801055908203,748311,NVDA,5m
2026-04-14 18:00:00+00:00,194.78500366210938,194.86990356445312,194.75,194.77499389648438,582852,NVDA,5m
2026-04-14 18:05:00+00:00,194.77000427246094,194.86000061035156,194.75,194.84500122070312,647328,NVDA,5m
2026-04-14 18:10:00+00:00,194.84500122070312,194.89999389648438,194.77999877929688,194.85499572753906,726618,NVDA,5m
2026-04-14 18:15:00+00:00,194.8592987060547,194.8699951171875,194.52499389648438,194.59500122070312,898343,NVDA,5m
2026-04-14 18:20:00+00:00,194.61000061035156,194.68499755859375,194.39999389648438,194.44700622558594,929873,NVDA,5m
2026-04-14 18:25:00+00:00,194.4600067138672,194.6999969482422,194.38999938964844,194.5800018310547,933155,NVDA,5m
2026-04-14 18:30:00+00:00,194.5749969482422,194.75,194.56500244140625,194.71499633789062,631258,NVDA,5m
2026-04-14 18:35:00+00:00,194.72000122070312,194.8699951171875,194.6999969482422,194.84500122070312,754681,NVDA,5m
2026-04-14 18:40:00+00:00,194.85000610351562,194.9499969482422,194.67999267578125,194.7100067138672,1234230,NVDA,5m
2026-04-14 18:45:00+00:00,194.7100067138672,194.77999877929688,194.6699981689453,194.74989318847656,753803,NVDA,5m
2026-04-14 18:50:00+00:00,194.74000549316406,194.83999633789062,194.72999572753906,194.78500366210938,950675,NVDA,5m
2026-04-14 18:55:00+00:00,194.78500366210938,194.94500732421875,194.77000427246094,194.93699645996094,728327,NVDA,5m
2026-04-14 19:00:00+00:00,194.93499755859375,195.5596923828125,194.89999389648438,195.5449981689453,4731618,NVDA,5m
2026-04-14 19:05:00+00:00,195.55999755859375,195.9149932861328,195.52000427246094,195.86000061035156,1991453,NVDA,5m
2026-04-14 19:10:00+00:00,195.860107421875,196.1699981689453,195.85000610351562,196.11000061035156,2717935,NVDA,5m
2026-04-14 19:15:00+00:00,196.1199951171875,196.33999633789062,196.0800018310547,196.14999389648438,1991202,NVDA,5m
2026-04-14 19:20:00+00:00,196.14999389648438,196.2899932861328,196.1199951171875,196.2100067138672,1395129,NVDA,5m
2026-04-14 19:25:00+00:00,196.2100067138672,196.30999755859375,196.1300048828125,196.20989990234375,1429688,NVDA,5m
2026-04-14 19:30:00+00:00,196.1999969482422,196.35000610351562,196.05999755859375,196.10000610351562,1630643,NVDA,5m
2026-04-14 19:35:00+00:00,196.08999633789062,196.2899932861328,195.92999267578125,196.26499938964844,1802729,NVDA,5m
2026-04-14 19:40:00+00:00,196.25999450683594,196.3000030517578,195.91000366210938,195.9398956298828,1771811,NVDA,5m
2026-04-14 19:45:00+00:00,195.93499755859375,196.01499938964844,195.7100067138672,195.94700622558594,1900782,NVDA,5m
2026-04-14 19:50:00+00:00,195.9499969482422,196.0,195.57000732421875,195.94500732421875,3359381,NVDA,5m
2026-04-14 19:55:00+00:00,195.9499969482422,196.5,195.9499969482422,196.49000549316406,6028983,NVDA,5m
2026-04-15 13:30:00+00:00,196.5500030517578,198.67999267578125,196.25999450683594,198.0299072265625,12108871,NVDA,5m
2026-04-15 13:35:00+00:00,198.02499389648438,198.60000610351562,197.33999633789062,197.84500122070312,4980261,NVDA,5m
2026-04-15 13:40:00+00:00,197.84500122070312,198.02000427246094,196.73060607910156,196.88999938964844,3747960,NVDA,5m
2026-04-15 13:45:00+00:00,196.88499450683594,198.11000061035156,196.81179809570312,198.06509399414062,2936815,NVDA,5m
2026-04-15 13:50:00+00:00,198.07000732421875,198.49000549316406,197.86000061035156,197.90499877929688,3325494,NVDA,5m
2026-04-15 13:55:00+00:00,197.90499877929688,198.66000366210938,197.66000366210938,198.52999877929688,3176053,NVDA,5m
2026-04-15 14:00:00+00:00,198.5399932861328,198.7949981689453,198.2200927734375,198.61500549316406,3500867,NVDA,5m
2026-04-15 14:05:00+00:00,198.61000061035156,198.77999877929688,198.27000427246094,198.70989990234375,2245558,NVDA,5m
2026-04-15 14:10:00+00:00,198.7100067138672,198.9199981689453,198.52000427246094,198.8800048828125,2558175,NVDA,5m
2026-04-15 14:15:00+00:00,198.8800048828125,199.08639526367188,198.54029846191406,198.57029724121094,3310627,NVDA,5m
2026-04-15 14:20:00+00:00,198.57000732421875,199.33999633789062,198.5500030517578,199.25,2465909,NVDA,5m
2026-04-15 14:25:00+00:00,199.24000549316406,199.5800018310547,199.1300048828125,199.24000549316406,2916185,NVDA,5m
2026-04-15 14:30:00+00:00,199.25990295410156,199.72000122070312,199.10000610351562,199.61990356445312,2860662,NVDA,5m
2026-04-15 14:35:00+00:00,199.61500549316406,199.8699951171875,199.14999389648438,199.2449951171875,2669829,NVDA,5m
2026-04-15 14:40:00+00:00,199.2480010986328,199.4600067138672,199.0800018310547,199.2205047607422,1793587,NVDA,5m
2026-04-15 14:45:00+00:00,199.22500610351562,199.41000366210938,199.02000427246094,199.3699951171875,1643085,NVDA,5m
2026-04-15 14:50:00+00:00,199.375,199.57000732421875,199.27000427246094,199.42010498046875,1522582,NVDA,5m
2026-04-15 14:55:00+00:00,199.42999267578125,199.63999938964844,199.3000030517578,199.36000061035156,1551055,NVDA,5m
2026-04-15 15:00:00+00:00,199.3699951171875,199.77999877929688,199.3300018310547,199.61000061035156,1887320,NVDA,5m
2026-04-15 15:05:00+00:00,199.60499572753906,199.6199951171875,199.3800048828125,199.47000122070312,1895148,NVDA,5m
2026-04-15 15:10:00+00:00,199.47999572753906,199.86000061035156,199.4427947998047,199.72000122070312,1815385,NVDA,5m
2026-04-15 15:15:00+00:00,199.72500610351562,199.7928924560547,199.5749969482422,199.68499755859375,2346538,NVDA,5m
2026-04-15 15:20:00+00:00,199.69000244140625,199.85499572753906,199.5800018310547,199.781005859375,1280887,NVDA,5m
2026-04-15 15:25:00+00:00,199.78500366210938,199.94000244140625,199.7100067138672,199.80999755859375,1822354,NVDA,5m
2026-04-15 15:30:00+00:00,199.7949981689453,199.82000732421875,199.44000244140625,199.55499267578125,1789979,NVDA,5m
2026-04-15 15:35:00+00:00,199.55499267578125,199.69009399414062,199.42999267578125,199.52000427246094,1322652,NVDA,5m
2026-04-15 15:40:00+00:00,199.53590393066406,199.97999572753906,199.52000427246094,199.86500549316406,1741308,NVDA,5m
2026-04-15 15:45:00+00:00,199.875,200.39999389648438,199.67999267578125,199.92999267578125,7536295,NVDA,5m
2026-04-15 15:50:00+00:00,199.94000244140625,199.9600067138672,199.56500244140625,199.7899932861328,2147096,NVDA,5m
2026-04-15 15:55:00+00:00,199.80999755859375,199.8699951171875,199.47999572753906,199.68499755859375,1394436,NVDA,5m
2026-04-15 16:00:00+00:00,199.67999267578125,199.69000244140625,199.35000610351562,199.39999389648438,1391160,NVDA,5m
2026-04-15 16:05:00+00:00,199.38999938964844,199.75,199.32009887695312,199.69000244140625,1162807,NVDA,5m
2026-04-15 16:10:00+00:00,199.69569396972656,199.72000122070312,199.5,199.51499938964844,878849,NVDA,5m
2026-04-15 16:15:00+00:00,199.51499938964844,199.5299072265625,199.1300048828125,199.49000549316406,1449751,NVDA,5m
2026-04-15 16:20:00+00:00,199.48049926757812,199.75999450683594,199.48049926757812,199.57989501953125,1201592,NVDA,5m
2026-04-15 16:25:00+00:00,199.5749969482422,199.57989501953125,199.08999633789062,199.125,1295480,NVDA,5m
2026-04-15 16:30:00+00:00,199.1201934814453,199.13999938964844,198.27999877929688,198.4499969482422,2493978,NVDA,5m
2026-04-15 16:35:00+00:00,198.4499969482422,198.69000244140625,198.21009826660156,198.21499633789062,1295444,NVDA,5m
2026-04-15 16:40:00+00:00,198.2100067138672,198.22999572753906,197.58999633789062,197.77999877929688,2404131,NVDA,5m
2026-04-15 16:45:00+00:00,197.77999877929688,197.80999755859375,197.19500732421875,197.49000549316406,2599989,NVDA,5m
2026-04-15 16:50:00+00:00,197.49110412597656,197.6699981689453,196.62989807128906,196.6699981689453,2600199,NVDA,5m
2026-04-15 16:55:00+00:00,196.67999267578125,197.1699981689453,196.13999938964844,197.07000732421875,2989979,NVDA,5m
2026-04-15 17:00:00+00:00,197.05499267578125,197.22999572753906,196.89999389648438,197.10000610351562,1857347,NVDA,5m
2026-04-15 17:05:00+00:00,197.11000061035156,197.5699005126953,197.0601043701172,197.3300018310547,1860179,NVDA,5m
2026-04-15 17:10:00+00:00,197.33999633789062,197.3699951171875,197.11000061035156,197.28500366210938,1156034,NVDA,5m
2026-04-15 17:15:00+00:00,197.28500366210938,197.47999572753906,197.1999969482422,197.22500610351562,1212289,NVDA,5m
2026-04-15 17:20:00+00:00,197.22500610351562,197.25999450683594,197.00999450683594,197.17999267578125,1111145,NVDA,5m
2026-04-15 17:25:00+00:00,197.18499755859375,197.2449951171875,196.92999267578125,196.97000122070312,1021084,NVDA,5m
2026-04-15 17:30:00+00:00,196.9550018310547,197.52000427246094,196.95010375976562,197.47999572753906,1115799,NVDA,5m
2026-04-15 17:35:00+00:00,197.47500610351562,197.7100067138672,197.3800048828125,197.4199981689453,1134760,NVDA,5m
2026-04-15 17:40:00+00:00,197.41000366210938,197.4188995361328,196.77999877929688,196.8000030517578,1313742,NVDA,5m
2026-04-15 17:45:00+00:00,196.8000030517578,196.99000549316406,196.78500366210938,196.91000366210938,1045405,NVDA,5m
2026-04-15 17:50:00+00:00,196.91009521484375,196.94900512695312,196.61000061035156,196.610107421875,949804,NVDA,5m
2026-04-15 17:55:00+00:00,196.61500549316406,196.6898956298828,196.1699981689453,196.24000549316406,1570240,NVDA,5m
2026-04-15 18:00:00+00:00,196.24000549316406,196.71969604492188,195.74000549316406,196.36000061035156,3119048,NVDA,5m
2026-04-15 18:05:00+00:00,196.33999633789062,196.64999389648438,196.13999938964844,196.52999877929688,1516678,NVDA,5m
2026-04-15 18:10:00+00:00,196.52999877929688,196.97999572753906,196.3800048828125,196.83009338378906,1443488,NVDA,5m
2026-04-15 18:15:00+00:00,196.8350067138672,197.0399932861328,196.5500030517578,196.7949981689453,1327297,NVDA,5m
2026-04-15 18:20:00+00:00,196.79989624023438,196.92999267578125,196.63009643554688,196.88999938964844,778613,NVDA,5m
2026-04-15 18:25:00+00:00,196.88999938964844,197.1300048828125,196.75999450683594,196.9698944091797,1098079,NVDA,5m
2026-04-15 18:30:00+00:00,196.9600067138672,197.33999633789062,196.95249938964844,197.31500244140625,1079504,NVDA,5m
2026-04-15 18:35:00+00:00,197.3280029296875,197.52000427246094,197.27999877929688,197.35499572753906,1396376,NVDA,5m
2026-04-15 18:40:00+00:00,197.35000610351562,197.375,197.17010498046875,197.30499267578125,937530,NVDA,5m
2026-04-15 18:45:00+00:00,197.3096923828125,197.38510131835938,197.20159912109375,197.375,789266,NVDA,5m
2026-04-15 18:50:00+00:00,197.375,197.5198974609375,197.22999572753906,197.39840698242188,1129476,NVDA,5m
2026-04-15 18:55:00+00:00,197.38999938964844,197.4698944091797,197.3000030517578,197.31500244140625,871910,NVDA,5m
2026-04-15 19:00:00+00:00,197.31500244140625,197.38999938964844,197.14999389648438,197.36019897460938,1081549,NVDA,5m
2026-04-15 19:05:00+00:00,197.36500549316406,197.7899932861328,197.36500549316406,197.625,1492655,NVDA,5m
2026-04-15 19:10:00+00:00,197.6300048828125,197.7899932861328,197.52000427246094,197.55999755859375,1242952,NVDA,5m
2026-04-15 19:15:00+00:00,197.55999755859375,197.92999267578125,197.52000427246094,197.85000610351562,1294008,NVDA,5m
2026-04-15 19:20:00+00:00,197.85499572753906,198.13999938964844,197.8000030517578,198.0050048828125,1449602,NVDA,5m
2026-04-15 19:25:00+00:00,198.0,198.27000427246094,198.0,198.23989868164062,1346886,NVDA,5m
2026-04-15 19:30:00+00:00,198.24000549316406,198.2899932861328,198.03250122070312,198.26510620117188,1449664,NVDA,5m
2026-04-15 19:35:00+00:00,198.26499938964844,198.5,198.25999450683594,198.4250030517578,1716874,NVDA,5m
2026-04-15 19:40:00+00:00,198.4250030517578,198.42999267578125,198.16000366210938,198.22999572753906,1734141,NVDA,5m
2026-04-15 19:45:00+00:00,198.22000122070312,198.44000244140625,198.02000427246094,198.22000122070312,1617818,NVDA,5m
2026-04-15 19:50:00+00:00,198.22999572753906,198.82000732421875,198.22999572753906,198.72999572753906,2983391,NVDA,5m
2026-04-15 19:55:00+00:00,198.72999572753906,199.1699981689453,198.69000244140625,198.8677978515625,7014211,NVDA,5m
2026-04-16 13:30:00+00:00,197.42999267578125,197.75750732421875,195.80999755859375,197.38999938964844,10706824,NVDA,5m
2026-04-16 13:35:00+00:00,197.38499450683594,197.589599609375,196.72999572753906,196.9250030517578,2813402,NVDA,5m
2026-04-16 13:40:00+00:00,196.92999267578125,197.5500030517578,196.3300018310547,197.1199951171875,2900264,NVDA,5m
2026-04-16 13:45:00+00:00,197.1300048828125,197.3800048828125,196.92999267578125,197.25999450683594,2214557,NVDA,5m
2026-04-16 13:50:00+00:00,197.25999450683594,197.25999450683594,196.0,196.07000732421875,3035612,NVDA,5m
2026-04-16 13:55:00+00:00,196.07989501953125,196.9199981689453,196.02000427246094,196.72979736328125,2392413,NVDA,5m
2026-04-16 14:00:00+00:00,196.72999572753906,197.4600067138672,196.41000366210938,197.3699951171875,2479848,NVDA,5m
2026-04-16 14:05:00+00:00,197.36500549316406,197.6699981689453,197.13099670410156,197.47999572753906,2022929,NVDA,5m
2026-04-16 14:10:00+00:00,197.47999572753906,197.74000549316406,197.22999572753906,197.3800048828125,2063368,NVDA,5m
2026-04-16 14:15:00+00:00,197.3896942138672,197.47000122070312,196.8699951171875,197.34500122070312,1568679,NVDA,5m
2026-04-16 14:20:00+00:00,197.3350067138672,197.5500030517578,197.02000427246094,197.3603057861328,1272375,NVDA,5m
2026-04-16 14:25:00+00:00,197.3699951171875,197.75999450683594,197.32000732421875,197.3699951171875,1396759,NVDA,5m
2026-04-16 14:30:00+00:00,197.3699951171875,197.75999450683594,197.30999755859375,197.70010375976562,1219616,NVDA,5m
2026-04-16 14:35:00+00:00,197.6999969482422,198.00999450683594,197.54010009765625,197.81500244140625,1668147,NVDA,5m
2026-04-16 14:40:00+00:00,197.81500244140625,197.8800048828125,197.47999572753906,197.84500122070312,1400803,NVDA,5m
2026-04-16 14:45:00+00:00,197.85000610351562,198.3699951171875,197.82000732421875,198.34010314941406,1865772,NVDA,5m
2026-04-16 14:50:00+00:00,198.35000610351562,198.5500030517578,198.08999633789062,198.52499389648438,1479596,NVDA,5m
2026-04-16 14:55:00+00:00,198.52000427246094,198.75,198.27000427246094,198.67999267578125,1537450,NVDA,5m
2026-04-16 15:00:00+00:00,198.6750030517578,199.35499572753906,198.64999389648438,199.2801055908203,2121731,NVDA,5m
2026-04-16 15:05:00+00:00,199.27999877929688,199.62989807128906,199.1199951171875,199.58999633789062,1919791,NVDA,5m
2026-04-16 15:10:00+00:00,199.5998992919922,199.85000610351562,199.25,199.3300018310547,2414073,NVDA,5m
2026-04-16 15:15:00+00:00,199.3300018310547,199.61000061035156,199.1699981689453,199.22000122070312,1472791,NVDA,5m
2026-04-16 15:20:00+00:00,199.22000122070312,199.6199951171875,199.22000122070312,199.57000732421875,1223359,NVDA,5m
2026-04-16 15:25:00+00:00,199.56210327148438,199.64999389648438,199.0,199.00999450683594,1371349,NVDA,5m
2026-04-16 15:30:00+00:00,199.02000427246094,199.27000427246094,198.9600067138672,199.22500610351562,1339736,NVDA,5m
2026-04-16 15:35:00+00:00,199.22999572753906,199.6300048828125,199.17999267578125,199.33999633789062,1475324,NVDA,5m
2026-04-16 15:40:00+00:00,199.34469604492188,199.3699951171875,198.85000610351562,199.1199951171875,1528790,NVDA,5m
2026-04-16 15:45:00+00:00,199.1199951171875,199.1300048828125,198.40029907226562,198.50999450683594,1393976,NVDA,5m
2026-04-16 15:50:00+00:00,198.50010681152344,198.889892578125,198.47500610351562,198.73500061035156,1209109,NVDA,5m
2026-04-16 15:55:00+00:00,198.74000549316406,199.05650329589844,198.72000122070312,198.95989990234375,1104956,NVDA,5m
2026-04-16 16:00:00+00:00,198.97999572753906,199.09500122070312,198.610107421875,198.75509643554688,1062902,NVDA,5m
2026-04-16 16:05:00+00:00,198.75,198.92999267578125,198.64500427246094,198.875,853655,NVDA,5m
2026-04-16 16:10:00+00:00,198.8800048828125,199.0500030517578,198.77999877929688,198.97300720214844,1525163,NVDA,5m
2026-04-16 16:15:00+00:00,198.97999572753906,199.22000122070312,198.97000122070312,199.1750030517578,968616,NVDA,5m
2026-04-16 16:20:00+00:00,199.1750030517578,199.18499755859375,198.69000244140625,198.80999755859375,921160,NVDA,5m
2026-04-16 16:25:00+00:00,198.80499267578125,198.9499969482422,198.58999633789062,198.6199951171875,800868,NVDA,5m
2026-04-16 16:30:00+00:00,198.61500549316406,198.64999389648438,197.75,198.13499450683594,1405801,NVDA,5m
2026-04-16 16:35:00+00:00,198.13009643554688,198.7100067138672,197.9499969482422,198.64500427246094,1336225,NVDA,5m
2026-04-16 16:40:00+00:00,198.63999938964844,198.75999450683594,198.3300018310547,198.5301055908203,842685,NVDA,5m
2026-04-16 16:45:00+00:00,198.53500366210938,198.85000610351562,198.53500366210938,198.65280151367188,775344,NVDA,5m
2026-04-16 16:50:00+00:00,198.66000366210938,198.7799072265625,198.39999389648438,198.44500732421875,678248,NVDA,5m
2026-04-16 16:55:00+00:00,198.44740295410156,198.58999633789062,198.3300018310547,198.35499572753906,633380,NVDA,5m
2026-04-16 17:00:00+00:00,198.36500549316406,198.4600067138672,198.25,198.31500244140625,1303106,NVDA,5m
2026-04-16 17:05:00+00:00,198.31500244140625,198.35890197753906,197.9199981689453,198.19500732421875,1023390,NVDA,5m
2026-04-16 17:10:00+00:00,198.1999969482422,198.35000610351562,197.80999755859375,197.9199981689453,959167,NVDA,5m
2026-04-16 17:15:00+00:00,197.89999389648438,198.1699981689453,197.8000030517578,198.1298065185547,749145,NVDA,5m
2026-04-16 17:20:00+00:00,198.1300048828125,198.4199981689453,198.02000427246094,198.41909790039062,1632529,NVDA,5m
2026-04-16 17:25:00+00:00,198.4199981689453,198.5500030517578,198.3699951171875,198.4149932861328,764045,NVDA,5m
2026-04-16 17:30:00+00:00,198.4174041748047,198.5449981689453,198.26499938964844,198.28500366210938,785169,NVDA,5m
2026-04-16 17:35:00+00:00,198.2949981689453,198.3699951171875,198.14199829101562,198.3350067138672,581621,NVDA,5m
2026-04-16 17:40:00+00:00,198.3350067138672,198.6999969482422,198.3350067138672,198.69500732421875,786506,NVDA,5m
2026-04-16 17:45:00+00:00,198.6999969482422,198.7299041748047,198.5500946044922,198.70010375976562,814581,NVDA,5m
2026-04-16 17:50:00+00:00,198.6999969482422,198.6999969482422,198.4600067138672,198.49940490722656,686793,NVDA,5m
2026-04-16 17:55:00+00:00,198.49000549316406,198.49000549316406,197.92999267578125,198.20989990234375,1226658,NVDA,5m
2026-04-16 18:00:00+00:00,198.1999969482422,198.39999389648438,198.0800018310547,198.08999633789062,1019727,NVDA,5m
2026-04-16 18:05:00+00:00,198.08999633789062,198.1999969482422,197.47999572753906,197.63499450683594,1215082,NVDA,5m
2026-04-16 18:10:00+00:00,197.63499450683594,198.02999877929688,197.52499389648438,197.9499969482422,1162127,NVDA,5m
2026-04-16 18:15:00+00:00,197.94500732421875,198.0399932861328,197.8000030517578,197.96499633789062,779845,NVDA,5m
2026-04-16 18:20:00+00:00,197.96499633789062,198.0500030517578,197.5850067138672,197.68499755859375,930554,NVDA,5m
2026-04-16 18:25:00+00:00,197.69000244140625,197.77999877929688,197.3000030517578,197.4949951171875,1234616,NVDA,5m
2026-04-16 18:30:00+00:00,197.49000549316406,197.91990661621094,197.48500061035156,197.81500244140625,1205890,NVDA,5m
2026-04-16 18:35:00+00:00,197.80499267578125,198.2100067138672,197.8000030517578,198.0850067138672,1011813,NVDA,5m
2026-04-16 18:40:00+00:00,198.0800018310547,198.25999450683594,198.07000732421875,198.22999572753906,894426,NVDA,5m
2026-04-16 18:45:00+00:00,198.22999572753906,198.38999938964844,198.16000366210938,198.2050018310547,874916,NVDA,5m
2026-04-16 18:50:00+00:00,198.1999969482422,198.38999938964844,198.05499267578125,198.26499938964844,818191,NVDA,5m
2026-04-16 18:55:00+00:00,198.26499938964844,198.2899932861328,197.97000122070312,198.11500549316406,899917,NVDA,5m
2026-04-16 19:00:00+00:00,198.11500549316406,198.35499572753906,198.10000610351562,198.3101043701172,1077035,NVDA,5m
2026-04-16 19:05:00+00:00,198.3199005126953,198.35000610351562,198.0749969482422,198.10000610351562,1466695,NVDA,5m
2026-04-16 19:10:00+00:00,198.10000610351562,198.25,198.02999877929688,198.22999572753906,1290870,NVDA,5m
2026-04-16 19:15:00+00:00,198.24000549316406,198.33999633789062,198.17999267578125,198.27000427246094,1777700,NVDA,5m
2026-04-16 19:20:00+00:00,198.2696990966797,198.35000610351562,198.05999755859375,198.1750030517578,923437,NVDA,5m
2026-04-16 19:25:00+00:00,198.1750030517578,198.30999755859375,198.10000610351562,198.1199951171875,1256378,NVDA,5m
2026-04-16 19:30:00+00:00,198.1199951171875,198.4499969482422,198.09500122070312,198.3000030517578,1180544,NVDA,5m
2026-04-16 19:35:00+00:00,198.3000030517578,198.60000610351562,198.27000427246094,198.4949951171875,1108793,NVDA,5m
2026-04-16 19:40:00+00:00,198.49070739746094,198.57000732421875,198.27000427246094,198.2899932861328,1091371,NVDA,5m
2026-04-16 19:45:00+00:00,198.27999877929688,198.4550018310547,198.1699981689453,198.38499450683594,1190748,NVDA,5m
2026-04-16 19:50:00+00:00,198.38999938964844,198.77000427246094,198.11000061035156,198.22979736328125,2166963,NVDA,5m
2026-04-16 19:55:00+00:00,198.22999572753906,198.49000549316406,198.1199951171875,198.24000549316406,4436125,NVDA,5m
2026-04-17 13:30:00+00:00,199.8800048828125,200.88999938964844,199.27000427246094,199.83009338378906,20641856,NVDA,5m
2026-04-17 13:35:00+00:00,199.83999633789062,200.69000244140625,199.47000122070312,200.60499572753906,3904688,NVDA,5m
2026-04-17 13:40:00+00:00,200.60040283203125,200.68499755859375,200.05999755859375,200.4698944091797,3906788,NVDA,5m
2026-04-17 13:45:00+00:00,200.47000122070312,201.08999633789062,200.10499572753906,201.03509521484375,4493519,NVDA,5m
2026-04-17 13:50:00+00:00,201.0449981689453,201.39999389648438,200.91000366210938,201.19000244140625,3194950,NVDA,5m
2026-04-17 13:55:00+00:00,201.19000244140625,201.22999572753906,200.44000244140625,201.14999389648438,2567509,NVDA,5m
2026-04-17 14:00:00+00:00,201.15499877929688,201.39999389648438,201.07000732421875,201.25999450683594,2328249,NVDA,5m
2026-04-17 14:05:00+00:00,201.27499389648438,201.42999267578125,201.01010131835938,201.0301055908203,3149933,NVDA,5m
2026-04-17 14:10:00+00:00,201.03030395507812,201.67999267578125,200.8800048828125,201.49000549316406,3120107,NVDA,5m
2026-04-17 14:15:00+00:00,201.47000122070312,201.47000122070312,200.89999389648438,201.06640625,2009894,NVDA,5m
2026-04-17 14:20:00+00:00,201.0679931640625,201.0679931640625,200.00999450683594,200.20509338378906,2613888,NVDA,5m
2026-04-17 14:25:00+00:00,200.2100067138672,200.44000244140625,199.7957000732422,200.375,3191779,NVDA,5m
2026-04-17 14:30:00+00:00,200.375,200.72999572753906,200.35000610351562,200.6300048828125,2344438,NVDA,5m
2026-04-17 14:35:00+00:00,200.6300048828125,200.72999572753906,200.24000549316406,200.71499633789062,1669324,NVDA,5m
2026-04-17 14:40:00+00:00,200.72000122070312,200.91000366210938,200.5399932861328,200.625,1720402,NVDA,5m
2026-04-17 14:45:00+00:00,200.63999938964844,200.8551025390625,200.52999877929688,200.7899932861328,1148116,NVDA,5m
2026-04-17 14:50:00+00:00,200.78500366210938,200.8699951171875,200.2899932861328,200.36000061035156,1347876,NVDA,5m
2026-04-17 14:55:00+00:00,200.35000610351562,200.6750030517578,200.02000427246094,200.27999877929688,1840635,NVDA,5m
2026-04-17 15:00:00+00:00,200.3199005126953,200.6199951171875,200.1199951171875,200.52000427246094,1463513,NVDA,5m
2026-04-17 15:05:00+00:00,200.5399932861328,200.9199981689453,200.4801025390625,200.87010192871094,1356296,NVDA,5m
2026-04-17 15:10:00+00:00,200.8699951171875,200.99000549316406,200.5850067138672,200.72999572753906,1402319,NVDA,5m
2026-04-17 15:15:00+00:00,200.72999572753906,200.8800048828125,200.3300018310547,200.5301055908203,1115898,NVDA,5m
2026-04-17 15:20:00+00:00,200.5301055908203,200.7899932861328,200.3800048828125,200.6699981689453,1007115,NVDA,5m
2026-04-17 15:25:00+00:00,200.67120361328125,200.85000610351562,200.5749969482422,200.63999938964844,930349,NVDA,5m
2026-04-17 15:30:00+00:00,200.63499450683594,200.89999389648438,200.6199951171875,200.8699951171875,928993,NVDA,5m
2026-04-17 15:35:00+00:00,200.875,201.2100067138672,200.8000030517578,201.2050018310547,1829763,NVDA,5m
2026-04-17 15:40:00+00:00,201.2100067138672,201.3000030517578,200.88999938964844,200.91000366210938,1497450,NVDA,5m
2026-04-17 15:45:00+00:00,200.93499755859375,201.35000610351562,200.9149932861328,201.23500061035156,1263563,NVDA,5m
2026-04-17 15:50:00+00:00,201.24000549316406,201.39999389648438,200.97019958496094,201.02999877929688,1331770,NVDA,5m
2026-04-17 15:55:00+00:00,201.02000427246094,201.05499267578125,200.36000061035156,200.40499877929688,1210036,NVDA,5m
2026-04-17 16:00:00+00:00,200.41000366210938,200.73989868164062,200.22999572753906,200.6300048828125,2294604,NVDA,5m
2026-04-17 16:05:00+00:00,200.6300048828125,200.9600067138672,200.61000061035156,200.88999938964844,1103603,NVDA,5m
2026-04-17 16:10:00+00:00,200.8800048828125,201.08999633789062,200.85000610351562,200.9001007080078,1264982,NVDA,5m
2026-04-17 16:15:00+00:00,200.89999389648438,201.07000732421875,200.55999755859375,200.5850067138672,1200477,NVDA,5m
2026-04-17 16:20:00+00:00,200.58990478515625,200.75,200.5800018310547,200.69500732421875,938620,NVDA,5m
2026-04-17 16:25:00+00:00,200.69500732421875,200.82000732421875,200.6199951171875,200.69000244140625,3682589,NVDA,5m
2026-04-17 16:30:00+00:00,200.6999969482422,200.75999450683594,200.38999938964844,200.47999572753906,1238472,NVDA,5m
2026-04-17 16:35:00+00:00,200.47999572753906,200.72000122070312,200.43499755859375,200.625,979255,NVDA,5m
2026-04-17 16:40:00+00:00,200.64500427246094,200.66000366210938,200.47999572753906,200.58999633789062,725652,NVDA,5m
2026-04-17 16:45:00+00:00,200.5800018310547,200.8699951171875,200.5449981689453,200.74000549316406,953037,NVDA,5m
2026-04-17 16:50:00+00:00,200.73500061035156,200.77999877929688,200.64999389648438,200.7050018310547,666852,NVDA,5m
2026-04-17 16:55:00+00:00,200.7050018310547,200.8000030517578,200.63499450683594,200.73500061035156,860247,NVDA,5m
2026-04-17 17:00:00+00:00,200.74000549316406,200.85000610351562,200.5800018310547,200.67979431152344,960197,NVDA,5m
2026-04-17 17:05:00+00:00,200.67999267578125,200.69500732421875,200.16299438476562,200.3800048828125,1110362,NVDA,5m
2026-04-17 17:10:00+00:00,200.39999389648438,200.4250030517578,200.1199951171875,200.32009887695312,1755578,NVDA,5m
2026-04-17 17:15:00+00:00,200.32009887695312,200.49000549316406,200.1300048828125,200.16000366210938,756420,NVDA,5m
2026-04-17 17:20:00+00:00,200.16000366210938,200.25,199.47000122070312,199.6999969482422,1875760,NVDA,5m
2026-04-17 17:25:00+00:00,199.70010375976562,199.92999267578125,199.58250427246094,199.8800048828125,1139989,NVDA,5m
2026-04-17 17:30:00+00:00,199.8699951171875,200.1199951171875,199.84010314941406,200.00999450683594,911250,NVDA,5m
2026-04-17 17:35:00+00:00,200.00669860839844,200.27000427246094,199.91000366210938,200.1699981689453,838724,NVDA,5m
2026-04-17 17:40:00+00:00,200.1750030517578,200.35000610351562,200.1699981689453,200.32000732421875,759962,NVDA,5m
2026-04-17 17:45:00+00:00,200.32000732421875,200.6199951171875,200.3101043701172,200.44000244140625,1446504,NVDA,5m
2026-04-17 17:50:00+00:00,200.44000244140625,200.53500366210938,200.35000610351562,200.38499450683594,809556,NVDA,5m
2026-04-17 17:55:00+00:00,200.38999938964844,200.5500030517578,200.3000030517578,200.31019592285156,630037,NVDA,5m
2026-04-17 18:00:00+00:00,200.31500244140625,200.55999755859375,200.31500244140625,200.4199981689453,1182748,NVDA,5m
2026-04-17 18:05:00+00:00,200.4199981689453,200.52999877929688,200.30999755859375,200.3800048828125,630742,NVDA,5m
2026-04-17 18:10:00+00:00,200.39500427246094,200.5500030517578,200.36000061035156,200.44009399414062,660031,NVDA,5m
2026-04-17 18:15:00+00:00,200.46009826660156,200.7899932861328,200.39999389648438,200.6699981689453,983404,NVDA,5m
2026-04-17 18:20:00+00:00,200.66000366210938,200.75,200.3800048828125,200.69000244140625,967978,NVDA,5m
2026-04-17 18:25:00+00:00,200.66000366210938,200.88510131835938,200.5399932861328,200.64999389648438,1141191,NVDA,5m
2026-04-17 18:30:00+00:00,200.66000366210938,200.80999755859375,200.59010314941406,200.7899932861328,683585,NVDA,5m
2026-04-17 18:35:00+00:00,200.7949981689453,200.94000244140625,200.72999572753906,200.85989379882812,762061,NVDA,5m
2026-04-17 18:40:00+00:00,200.83999633789062,200.9597930908203,200.77000427246094,200.9499969482422,697450,NVDA,5m
2026-04-17 18:45:00+00:00,200.94000244140625,200.99000549316406,200.8000030517578,200.8300018310547,712022,NVDA,5m
2026-04-17 18:50:00+00:00,200.82899475097656,200.8350067138672,200.5500030517578,200.72000122070312,1207927,NVDA,5m
2026-04-17 18:55:00+00:00,200.72500610351562,200.99000549316406,200.6999969482422,200.86000061035156,1048685,NVDA,5m
2026-04-17 19:00:00+00:00,200.8699951171875,200.9600067138672,200.8300018310547,200.92999267578125,671213,NVDA,5m
2026-04-17 19:05:00+00:00,200.92010498046875,200.92999267578125,200.72999572753906,200.86500549316406,818027,NVDA,5m
2026-04-17 19:10:00+00:00,200.86659240722656,200.9600067138672,200.74000549316406,200.89999389648438,865647,NVDA,5m
2026-04-17 19:15:00+00:00,200.88999938964844,201.37989807128906,200.8800048828125,201.28509521484375,2004283,NVDA,5m
2026-04-17 19:20:00+00:00,201.2899932861328,201.4499969482422,201.27000427246094,201.36000061035156,1195926,NVDA,5m
2026-04-17 19:25:00+00:00,201.35499572753906,201.47999572753906,201.25999450683594,201.25999450683594,1274940,NVDA,5m
2026-04-17 19:30:00+00:00,201.27999877929688,201.39999389648438,201.22000122070312,201.2899932861328,983517,NVDA,5m
2026-04-17 19:35:00+00:00,201.27999877929688,201.35000610351562,201.1199951171875,201.32000732421875,1155375,NVDA,5m
2026-04-17 19:40:00+00:00,201.33999633789062,201.4600067138672,201.2100067138672,201.3800048828125,1458953,NVDA,5m
2026-04-17 19:45:00+00:00,201.3800048828125,201.47000122070312,201.25999450683594,201.4550018310547,1206272,NVDA,5m
2026-04-17 19:50:00+00:00,201.47000122070312,201.60499572753906,201.32000732421875,201.47999572753906,2606804,NVDA,5m
2026-04-17 19:55:00+00:00,201.49000549316406,201.6999969482422,201.4199981689453,201.64999389648438,4559560,NVDA,5m
2026-04-20 13:30:00+00:00,199.97999572753906,200.52000427246094,198.4199981689453,200.34500122070312,10548676,NVDA,5m
2026-04-20 13:35:00+00:00,200.34010314941406,200.4499969482422,199.3699951171875,199.5800018310547,3099206,NVDA,5m
2026-04-20 13:40:00+00:00,199.5800018310547,199.89999389648438,199.38400268554688,199.8607940673828,2199991,NVDA,5m
2026-04-20 13:45:00+00:00,199.86000061035156,200.0,199.4499969482422,199.59500122070312,1807347,NVDA,5m
2026-04-20 13:50:00+00:00,199.59500122070312,200.30999755859375,199.35000610351562,199.96499633789062,2091658,NVDA,5m
2026-04-20 13:55:00+00:00,199.9600067138672,200.42999267578125,199.85000610351562,200.25,1979914,NVDA,5m
2026-04-20 14:00:00+00:00,200.2449951171875,200.33999633789062,199.5800018310547,199.6999969482422,1679646,NVDA,5m
2026-04-20 14:05:00+00:00,199.6999969482422,199.99000549316406,199.60000610351562,199.8350067138672,1417018,NVDA,5m
2026-04-20 14:10:00+00:00,199.8332977294922,200.02000427246094,199.38999938964844,199.5850067138672,1939426,NVDA,5m
2026-04-20 14:15:00+00:00,199.5850067138672,199.58999633789062,198.88999938964844,199.06500244140625,1916148,NVDA,5m
2026-04-20 14:20:00+00:00,199.0800018310547,199.42999267578125,198.97000122070312,199.42999267578125,1927152,NVDA,5m
2026-04-20 14:25:00+00:00,199.39999389648438,199.57000732421875,199.11000061035156,199.1300048828125,1282232,NVDA,5m
2026-04-20 14:30:00+00:00,199.11500549316406,199.22999572753906,198.8300018310547,199.10499572753906,1586011,NVDA,5m
2026-04-20 14:35:00+00:00,199.10000610351562,199.41000366210938,199.0399932861328,199.3206024169922,1189494,NVDA,5m
2026-04-20 14:40:00+00:00,199.32000732421875,199.3699951171875,198.8699951171875,199.06500244140625,1254366,NVDA,5m
2026-04-20 14:45:00+00:00,199.07000732421875,199.41929626464844,198.9499969482422,199.35499572753906,1188833,NVDA,5m
2026-04-20 14:50:00+00:00,199.35879516601562,199.3800048828125,198.50999450683594,198.98500061035156,2203267,NVDA,5m
2026-04-20 14:55:00+00:00,198.97500610351562,199.00999450683594,198.3699951171875,198.5399932861328,1368964,NVDA,5m
2026-04-20 15:00:00+00:00,198.5500030517578,198.85499572753906,198.25999450683594,198.36000061035156,1602462,NVDA,5m
2026-04-20 15:05:00+00:00,198.35940551757812,198.47999572753906,197.83970642089844,198.375,2289699,NVDA,5m
2026-04-20 15:10:00+00:00,198.38999938964844,198.74000549316406,198.3000030517578,198.42999267578125,1430463,NVDA,5m
2026-04-20 15:15:00+00:00,198.42999267578125,198.66990661621094,198.3300018310547,198.59500122070312,1146075,NVDA,5m
2026-04-20 15:20:00+00:00,198.60000610351562,199.0800018310547,198.5399932861328,198.99000549316406,1429819,NVDA,5m
2026-04-20 15:25:00+00:00,199.0,199.33999633789062,198.88009643554688,199.27000427246094,1971280,NVDA,5m
2026-04-20 15:30:00+00:00,199.25999450683594,199.3000030517578,198.79010009765625,198.89500427246094,2041046,NVDA,5m
2026-04-20 15:35:00+00:00,198.89500427246094,199.1300048828125,198.85499572753906,199.1300048828125,919181,NVDA,5m
2026-04-20 15:40:00+00:00,199.125,199.30990600585938,198.7449951171875,198.78500366210938,1144675,NVDA,5m
2026-04-20 15:45:00+00:00,198.78500366210938,198.89500427246094,198.5500030517578,198.55499267578125,837534,NVDA,5m
2026-04-20 15:50:00+00:00,198.5500030517578,198.6699981689453,198.4199981689453,198.6199951171875,941640,NVDA,5m
2026-04-20 15:55:00+00:00,198.62060546875,198.75,198.6009979248047,198.64500427246094,1158310,NVDA,5m
2026-04-20 16:00:00+00:00,198.65750122070312,198.8300018310547,198.57009887695312,198.7100067138672,805244,NVDA,5m
2026-04-20 16:05:00+00:00,198.6999969482422,199.12969970703125,198.6999969482422,199.01499938964844,922979,NVDA,5m
2026-04-20 16:10:00+00:00,199.02499389648438,199.25,199.02000427246094,199.1199951171875,1663586,NVDA,5m
2026-04-20 16:15:00+00:00,199.1300048828125,199.31500244140625,198.88999938964844,199.21499633789062,762224,NVDA,5m
2026-04-20 16:20:00+00:00,199.2100067138672,199.45989990234375,199.1750030517578,199.39990234375,988165,NVDA,5m
2026-04-20 16:25:00+00:00,199.39500427246094,199.42999267578125,199.1199951171875,199.18499755859375,709016,NVDA,5m
2026-04-20 16:30:00+00:00,199.1999969482422,199.57000732421875,199.14500427246094,199.4700927734375,792890,NVDA,5m
2026-04-20 16:35:00+00:00,199.47999572753906,199.47999572753906,199.27999877929688,199.3300018310547,429286,NVDA,5m
2026-04-20 16:40:00+00:00,199.3300018310547,199.5800018310547,199.3000030517578,199.42990112304688,608856,NVDA,5m
2026-04-20 16:45:00+00:00,199.4250030517578,199.5198974609375,199.33999633789062,199.40499877929688,505246,NVDA,5m
2026-04-20 16:50:00+00:00,199.41000366210938,199.42930603027344,199.24200439453125,199.4149932861328,514529,NVDA,5m
2026-04-20 16:55:00+00:00,199.41000366210938,199.4149932861328,199.22500610351562,199.2899932861328,470219,NVDA,5m
2026-04-20 17:00:00+00:00,199.27999877929688,199.4600067138672,199.13999938964844,199.3300018310547,728960,NVDA,5m
2026-04-20 17:05:00+00:00,199.3249969482422,199.56500244140625,199.27000427246094,199.50999450683594,538295,NVDA,5m
2026-04-20 17:10:00+00:00,199.5050048828125,199.6999969482422,199.4304962158203,199.5850067138672,689573,NVDA,5m
2026-04-20 17:15:00+00:00,199.5800018310547,199.7200927734375,199.52000427246094,199.69500732421875,492804,NVDA,5m
2026-04-20 17:20:00+00:00,199.69500732421875,199.8000030517578,199.6300048828125,199.7100067138672,641567,NVDA,5m
2026-04-20 17:25:00+00:00,199.7050018310547,199.72999572753906,199.50999450683594,199.5299072265625,584950,NVDA,5m
2026-04-20 17:30:00+00:00,199.52999877929688,199.60000610351562,199.4499969482422,199.55999755859375,572987,NVDA,5m
2026-04-20 17:35:00+00:00,199.55999755859375,199.74989318847656,199.5399932861328,199.7050018310547,2174063,NVDA,5m
2026-04-20 17:40:00+00:00,199.69500732421875,199.9499969482422,199.6649932861328,199.94500732421875,739376,NVDA,5m
2026-04-20 17:45:00+00:00,199.94000244140625,200.13999938964844,199.9199981689453,200.07000732421875,2048687,NVDA,5m
2026-04-20 17:50:00+00:00,200.06500244140625,200.08999633789062,199.9600067138672,200.07000732421875,698409,NVDA,5m
2026-04-20 17:55:00+00:00,200.0749969482422,200.07980346679688,199.89999389648438,199.9499969482422,721847,NVDA,5m
2026-04-20 18:00:00+00:00,199.9600067138672,200.27999877929688,199.9501953125,200.1750030517578,974820,NVDA,5m
2026-04-20 18:05:00+00:00,200.1699981689453,200.36500549316406,200.14999389648438,200.3350067138672,1490789,NVDA,5m
2026-04-20 18:10:00+00:00,200.33990478515625,200.37989807128906,200.13999938964844,200.30499267578125,954038,NVDA,5m
2026-04-20 18:15:00+00:00,200.30499267578125,200.44000244140625,200.22999572753906,200.38999938964844,815408,NVDA,5m
2026-04-20 18:20:00+00:00,200.39010620117188,200.5,200.2899932861328,200.49000549316406,778958,NVDA,5m
2026-04-20 18:25:00+00:00,200.4857940673828,200.72999572753906,200.38999938964844,200.58999633789062,1389274,NVDA,5m
2026-04-20 18:30:00+00:00,200.60000610351562,200.6999969482422,200.5,200.6649932861328,870977,NVDA,5m
2026-04-20 18:35:00+00:00,200.6699981689453,200.72000122070312,200.3800048828125,200.4600067138672,1048820,NVDA,5m
2026-04-20 18:40:00+00:00,200.45989990234375,200.94000244140625,200.4207000732422,200.89990234375,1196321,NVDA,5m
2026-04-20 18:45:00+00:00,200.88999938964844,200.94000244140625,200.72999572753906,200.7489013671875,806767,NVDA,5m
2026-04-20 18:50:00+00:00,200.7449951171875,200.92999267578125,200.74000549316406,200.89999389648438,726836,NVDA,5m
2026-04-20 18:55:00+00:00,200.9001007080078,200.9499969482422,200.72000122070312,200.78500366210938,720763,NVDA,5m
2026-04-20 19:00:00+00:00,200.7899932861328,201.02999877929688,200.74000549316406,200.7801055908203,1350894,NVDA,5m
2026-04-20 19:05:00+00:00,200.77499389648438,200.9149932861328,200.7449951171875,200.86000061035156,618494,NVDA,5m
2026-04-20 19:10:00+00:00,200.86990356445312,201.13999938964844,200.7550048828125,201.10499572753906,821819,NVDA,5m
2026-04-20 19:15:00+00:00,201.10499572753906,201.1999969482422,201.02000427246094,201.19009399414062,938191,NVDA,5m
2026-04-20 19:20:00+00:00,201.19500732421875,201.24000549316406,201.07000732421875,201.09010314941406,638447,NVDA,5m
2026-04-20 19:25:00+00:00,201.09500122070312,201.2198944091797,201.02999877929688,201.1300048828125,745723,NVDA,5m
2026-04-20 19:30:00+00:00,201.1300048828125,201.27999877929688,201.08999633789062,201.13999938964844,862528,NVDA,5m
2026-04-20 19:35:00+00:00,201.13499450683594,201.56739807128906,201.1300048828125,201.55499267578125,1245680,NVDA,5m
2026-04-20 19:40:00+00:00,201.55499267578125,201.80999755859375,201.47999572753906,201.60499572753906,1716320,NVDA,5m
2026-04-20 19:45:00+00:00,201.60499572753906,201.72999572753906,201.5,201.68499755859375,1242160,NVDA,5m
2026-04-20 19:50:00+00:00,201.69000244140625,202.0850067138672,201.5500030517578,202.03160095214844,3025489,NVDA,5m
2026-04-20 19:55:00+00:00,202.03500366210938,202.16000366210938,201.60000610351562,202.11000061035156,4482705,NVDA,5m
2026-04-21 13:30:00+00:00,202.1300048828125,202.75,201.64999389648438,202.13999938964844,7445571,NVDA,5m
2026-04-21 13:35:00+00:00,202.14999389648438,202.1999969482422,201.41000366210938,201.5802001953125,2600434,NVDA,5m
2026-04-21 13:40:00+00:00,201.58999633789062,201.6199951171875,200.83999633789062,201.18499755859375,2610424,NVDA,5m
2026-04-21 13:45:00+00:00,201.18800354003906,201.60000610351562,200.89999389648438,201.50999450683594,1863814,NVDA,5m
2026-04-21 13:50:00+00:00,201.5,201.80999755859375,201.3300018310547,201.56509399414062,1700102,NVDA,5m
2026-04-21 13:55:00+00:00,201.55999755859375,201.77999877929688,201.2301025390625,201.4199981689453,1396829,NVDA,5m
2026-04-21 14:00:00+00:00,201.42999267578125,201.71730041503906,201.25999450683594,201.67999267578125,1356220,NVDA,5m
2026-04-21 14:05:00+00:00,201.6717987060547,202.1699981689453,201.6300048828125,202.09500122070312,2033132,NVDA,5m
2026-04-21 14:10:00+00:00,202.08999633789062,202.49000549316406,201.91000366210938,202.1649932861328,1952577,NVDA,5m
2026-04-21 14:15:00+00:00,202.19000244140625,202.38999938964844,201.8000030517578,201.94500732421875,1411434,NVDA,5m
2026-04-21 14:20:00+00:00,201.9499969482422,202.04989624023438,201.47000122070312,201.64999389648438,1436633,NVDA,5m
2026-04-21 14:25:00+00:00,201.64999389648438,202.0500030517578,201.6199951171875,201.88999938964844,1124471,NVDA,5m
2026-04-21 14:30:00+00:00,201.88999938964844,201.9600067138672,201.52000427246094,201.75999450683594,1055865,NVDA,5m
2026-04-21 14:35:00+00:00,201.77499389648438,201.97000122070312,201.57000732421875,201.69009399414062,833866,NVDA,5m
2026-04-21 14:40:00+00:00,201.7100067138672,202.0500030517578,201.61000061035156,201.82000732421875,1225251,NVDA,5m
2026-04-21 14:45:00+00:00,201.82000732421875,201.86199951171875,201.5,201.72000122070312,1098234,NVDA,5m
2026-04-21 14:50:00+00:00,201.72999572753906,201.8699951171875,201.63999938964844,201.72000122070312,814334,NVDA,5m
2026-04-21 14:55:00+00:00,201.72500610351562,201.75999450683594,201.0500030517578,201.12010192871094,1244545,NVDA,5m
2026-04-21 15:00:00+00:00,201.14999389648438,201.32000732421875,200.6699981689453,200.85020446777344,1577540,NVDA,5m
2026-04-21 15:05:00+00:00,200.85009765625,201.25999450683594,200.57090759277344,201.17959594726562,1369565,NVDA,5m
2026-04-21 15:10:00+00:00,201.17990112304688,201.5,201.16000366210938,201.40499877929688,949090,NVDA,5m
2026-04-21 15:15:00+00:00,201.40499877929688,201.6291961669922,201.27000427246094,201.5850067138672,1078695,NVDA,5m
2026-04-21 15:20:00+00:00,201.57000732421875,201.6800994873047,201.27999877929688,201.35499572753906,955629,NVDA,5m
2026-04-21 15:25:00+00:00,201.36000061035156,201.36000061035156,200.8699951171875,201.0500030517578,1084488,NVDA,5m
2026-04-21 15:30:00+00:00,201.05999755859375,201.3000030517578,201.02000427246094,201.22039794921875,830779,NVDA,5m
2026-04-21 15:35:00+00:00,201.22000122070312,201.25999450683594,200.86000061035156,201.25,898919,NVDA,5m
2026-04-21 15:40:00+00:00,201.25,201.3800048828125,201.0200958251953,201.23779296875,599491,NVDA,5m
2026-04-21 15:45:00+00:00,201.22999572753906,201.3699951171875,201.06039428710938,201.13999938964844,680506,NVDA,5m
2026-04-21 15:50:00+00:00,201.13499450683594,201.13999938964844,200.84500122070312,200.86000061035156,908753,NVDA,5m
2026-04-21 15:55:00+00:00,200.8509979248047,201.05999755859375,200.6699981689453,200.72000122070312,921981,NVDA,5m
2026-04-21 16:00:00+00:00,200.72999572753906,200.88999938964844,200.30999755859375,200.5,1556287,NVDA,5m
2026-04-21 16:05:00+00:00,200.50999450683594,200.66000366210938,200.35009765625,200.6199951171875,834294,NVDA,5m
2026-04-21 16:10:00+00:00,200.6300048828125,200.64950561523438,200.22999572753906,200.38510131835938,797845,NVDA,5m
2026-04-21 16:15:00+00:00,200.38499450683594,200.55999755859375,200.3300018310547,200.39999389648438,796422,NVDA,5m
2026-04-21 16:20:00+00:00,200.39999389648438,200.39999389648438,200.04200744628906,200.10000610351562,1011824,NVDA,5m
2026-04-21 16:25:00+00:00,200.10499572753906,200.1750030517578,199.8699951171875,199.89500427246094,1309710,NVDA,5m
2026-04-21 16:30:00+00:00,199.88999938964844,200.14999389648438,199.8800048828125,200.05999755859375,966431,NVDA,5m
2026-04-21 16:35:00+00:00,200.05999755859375,200.2198944091797,199.99000549316406,200.1199951171875,923531,NVDA,5m
2026-04-21 16:40:00+00:00,200.1300048828125,200.2100067138672,199.72000122070312,199.85000610351562,918149,NVDA,5m
2026-04-21 16:45:00+00:00,199.85000610351562,200.31910705566406,199.85000610351562,200.16000366210938,831321,NVDA,5m
2026-04-21 16:50:00+00:00,200.14999389648438,200.2198944091797,199.9199981689453,200.0198974609375,524358,NVDA,5m
2026-04-21 16:55:00+00:00,200.02000427246094,200.17999267578125,199.9199981689453,199.9550018310547,585503,NVDA,5m
2026-04-21 17:00:00+00:00,199.92999267578125,200.1898956298828,199.92999267578125,200.02499389648438,608598,NVDA,5m
2026-04-21 17:05:00+00:00,200.00999450683594,200.02000427246094,199.45509338378906,199.7100067138672,1266145,NVDA,5m
2026-04-21 17:10:00+00:00,199.67999267578125,199.6999969482422,199.02969360351562,199.4770965576172,1187809,NVDA,5m
2026-04-21 17:15:00+00:00,199.47999572753906,199.57000732421875,199.00999450683594,199.0800018310547,970987,NVDA,5m
2026-04-21 17:20:00+00:00,199.08999633789062,199.389892578125,199.0,199.25999450683594,907499,NVDA,5m
2026-04-21 17:25:00+00:00,199.2967071533203,199.52499389648438,199.13009643554688,199.32000732421875,789668,NVDA,5m
2026-04-21 17:30:00+00:00,199.34010314941406,199.76499938964844,199.25999450683594,199.67010498046875,965742,NVDA,5m
2026-04-21 17:35:00+00:00,199.67999267578125,200.22999572753906,199.58999633789062,200.0500946044922,1006043,NVDA,5m
2026-04-21 17:40:00+00:00,200.05999755859375,200.3800048828125,199.94000244140625,200.0800018310547,1130455,NVDA,5m
2026-04-21 17:45:00+00:00,200.0800018310547,200.1199951171875,199.61000061035156,199.735107421875,853103,NVDA,5m
2026-04-21 17:50:00+00:00,199.7100067138672,199.8249969482422,199.4600067138672,199.53500366210938,825868,NVDA,5m
2026-04-21 17:55:00+00:00,199.52999877929688,199.6199951171875,199.2899932861328,199.58999633789062,789105,NVDA,5m
2026-04-21 18:00:00+00:00,199.61000061035156,199.83999633789062,199.55999755859375,199.60000610351562,877307,NVDA,5m
2026-04-21 18:05:00+00:00,199.60009765625,199.89010620117188,199.4720001220703,199.8000030517578,699822,NVDA,5m
2026-04-21 18:10:00+00:00,199.80499267578125,200.0998992919922,199.72000122070312,200.0850067138672,685521,NVDA,5m
2026-04-21 18:15:00+00:00,200.0850067138672,200.16000366210938,199.5699005126953,199.8350067138672,1061273,NVDA,5m
2026-04-21 18:20:00+00:00,199.8300018310547,199.94000244140625,199.66000366210938,199.7050018310547,588584,NVDA,5m
2026-04-21 18:25:00+00:00,199.69000244140625,199.9595947265625,199.64999389648438,199.93099975585938,535626,NVDA,5m
2026-04-21 18:30:00+00:00,199.9499969482422,200.2050018310547,199.9499969482422,200.15499877929688,824798,NVDA,5m
2026-04-21 18:35:00+00:00,200.1501007080078,200.33990478515625,200.04119873046875,200.3249969482422,628429,NVDA,5m
2026-04-21 18:40:00+00:00,200.3300018310547,200.53990173339844,200.30999755859375,200.38499450683594,766912,NVDA,5m
2026-04-21 18:45:00+00:00,200.38499450683594,200.57000732421875,200.3300018310547,200.36000061035156,700438,NVDA,5m
2026-04-21 18:50:00+00:00,200.36000061035156,200.85000610351562,200.1649932861328,200.72999572753906,977052,NVDA,5m
2026-04-21 18:55:00+00:00,200.7100067138672,200.8699951171875,200.3699951171875,200.63999938964844,985586,NVDA,5m
2026-04-21 19:00:00+00:00,200.66000366210938,200.82000732421875,200.55999755859375,200.72000122070312,963991,NVDA,5m
2026-04-21 19:05:00+00:00,200.72509765625,200.8199005126953,200.60000610351562,200.66000366210938,650936,NVDA,5m
2026-04-21 19:10:00+00:00,200.66000366210938,200.82000732421875,200.35000610351562,200.4429931640625,968165,NVDA,5m
2026-04-21 19:15:00+00:00,200.47999572753906,200.66000366210938,200.35000610351562,200.55999755859375,937587,NVDA,5m
2026-04-21 19:20:00+00:00,200.55999755859375,200.75,200.4949951171875,200.64999389648438,751157,NVDA,5m
2026-04-21 19:25:00+00:00,200.63999938964844,200.97000122070312,200.63999938964844,200.95700073242188,804557,NVDA,5m
2026-04-21 19:30:00+00:00,200.9600067138672,201.16000366210938,200.86990356445312,201.02000427246094,1313621,NVDA,5m
2026-04-21 19:35:00+00:00,201.00999450683594,201.00999450683594,200.38999938964844,200.58999633789062,1042596,NVDA,5m
2026-04-21 19:40:00+00:00,200.60499572753906,200.64990234375,199.17999267578125,199.3699951171875,1914145,NVDA,5m
2026-04-21 19:45:00+00:00,199.3800048828125,199.92999267578125,199.3300018310547,199.77999877929688,1498418,NVDA,5m
2026-04-21 19:50:00+00:00,199.7899932861328,200.10000610351562,199.4499969482422,199.50999450683594,1743327,NVDA,5m
2026-04-21 19:55:00+00:00,199.49000549316406,199.99000549316406,199.28500366210938,199.91000366210938,4163342,NVDA,5m
2026-04-22 13:30:00+00:00,201.0,201.10000610351562,200.11000061035156,200.44000244140625,6135383,NVDA,5m
2026-04-22 13:35:00+00:00,200.4199981689453,200.67999267578125,199.9949951171875,199.9949951171875,2055092,NVDA,5m
2026-04-22 13:40:00+00:00,200.0,200.55999755859375,199.97999572753906,200.4199981689453,1845092,NVDA,5m
2026-04-22 13:45:00+00:00,200.4199981689453,200.61000061035156,199.6999969482422,199.88009643554688,2117889,NVDA,5m
2026-04-22 13:50:00+00:00,199.89999389648438,200.11000061035156,199.55999755859375,200.02499389648438,1978162,NVDA,5m
2026-04-22 13:55:00+00:00,200.02999877929688,200.09910583496094,199.5,199.8699951171875,2092117,NVDA,5m
2026-04-22 14:00:00+00:00,199.8699951171875,200.05999755859375,199.3699951171875,199.72000122070312,1769933,NVDA,5m
2026-04-22 14:05:00+00:00,199.7100067138672,199.8300018310547,199.32000732421875,199.67010498046875,1331547,NVDA,5m
2026-04-22 14:10:00+00:00,199.6750030517578,200.1300048828125,199.6649932861328,200.1199951171875,1224464,NVDA,5m
2026-04-22 14:15:00+00:00,200.125,200.3000030517578,199.86000061035156,200.02569580078125,1922233,NVDA,5m
2026-04-22 14:20:00+00:00,200.03750610351562,200.4199981689453,199.35000610351562,200.25,1779357,NVDA,5m
2026-04-22 14:25:00+00:00,200.2449951171875,200.5,200.1699981689453,200.36000061035156,1450948,NVDA,5m
2026-04-22 14:30:00+00:00,200.35009765625,200.77000427246094,200.2899932861328,200.60989379882812,2124972,NVDA,5m
2026-04-22 14:35:00+00:00,200.58009338378906,201.00999450683594,200.45700073242188,200.90499877929688,1862796,NVDA,5m
2026-04-22 14:40:00+00:00,200.9001007080078,200.9199981689453,200.72999572753906,200.88009643554688,1334824,NVDA,5m
2026-04-22 14:45:00+00:00,200.88499450683594,201.50999450683594,200.8699951171875,201.30999755859375,2027541,NVDA,5m
2026-04-22 14:50:00+00:00,201.31629943847656,201.44400024414062,201.11500549316406,201.41000366210938,1027562,NVDA,5m
2026-04-22 14:55:00+00:00,201.39999389648438,201.5,201.1699981689453,201.2100067138672,1130541,NVDA,5m
2026-04-22 15:00:00+00:00,201.21499633789062,201.2899932861328,200.9499969482422,201.15499877929688,1089616,NVDA,5m
2026-04-22 15:05:00+00:00,201.16000366210938,201.47500610351562,201.1501007080078,201.3300018310547,920269,NVDA,5m
2026-04-22 15:10:00+00:00,201.32000732421875,201.47000122070312,201.3000030517578,201.3715057373047,760547,NVDA,5m
2026-04-22 15:15:00+00:00,201.3800048828125,201.71499633789062,201.22999572753906,201.5200958251953,1567859,NVDA,5m
2026-04-22 15:20:00+00:00,201.51499938964844,201.64999389648438,201.39999389648438,201.625,1127807,NVDA,5m
2026-04-22 15:25:00+00:00,201.62010192871094,201.8699951171875,201.58689880371094,201.6009063720703,1128335,NVDA,5m
2026-04-22 15:30:00+00:00,201.60000610351562,201.6999969482422,201.3000030517578,201.47500610351562,1046114,NVDA,5m
2026-04-22 15:35:00+00:00,201.47999572753906,201.52999877929688,201.32000732421875,201.44500732421875,979574,NVDA,5m
2026-04-22 15:40:00+00:00,201.44500732421875,201.47560119628906,201.02000427246094,201.0305938720703,991779,NVDA,5m
2026-04-22 15:45:00+00:00,201.02499389648438,201.3000946044922,200.93130493164062,201.27499389648438,1019687,NVDA,5m
2026-04-22 15:50:00+00:00,201.27499389648438,201.43499755859375,201.1300048828125,201.41000366210938,710425,NVDA,5m
2026-04-22 15:55:00+00:00,201.41029357910156,201.55999755859375,201.1999969482422,201.22999572753906,689259,NVDA,5m
2026-04-22 16:00:00+00:00,201.22500610351562,201.35499572753906,201.1009979248047,201.35000610351562,618195,NVDA,5m
2026-04-22 16:05:00+00:00,201.35000610351562,201.41000366210938,201.18040466308594,201.28089904785156,447282,NVDA,5m
2026-04-22 16:10:00+00:00,201.28509521484375,201.30499267578125,201.14999389648438,201.17999267578125,553481,NVDA,5m
2026-04-22 16:15:00+00:00,201.19500732421875,201.25,200.92999267578125,200.93930053710938,725140,NVDA,5m
2026-04-22 16:20:00+00:00,200.92999267578125,201.31910705566406,200.92999267578125,201.23280334472656,674748,NVDA,5m
2026-04-22 16:25:00+00:00,201.22999572753906,201.27999877929688,201.0800018310547,201.09500122070312,524751,NVDA,5m
2026-04-22 16:30:00+00:00,201.08999633789062,201.2550048828125,200.9600067138672,201.1501007080078,560468,NVDA,5m
2026-04-22 16:35:00+00:00,201.1501007080078,201.21499633789062,200.99000549316406,201.08999633789062,518790,NVDA,5m
2026-04-22 16:40:00+00:00,201.0850067138672,201.1999969482422,200.9499969482422,201.1002960205078,648253,NVDA,5m
2026-04-22 16:45:00+00:00,201.08999633789062,201.1750030517578,201.0399932861328,201.16000366210938,420242,NVDA,5m
2026-04-22 16:50:00+00:00,201.15989685058594,201.27999877929688,201.11000061035156,201.22000122070312,475297,NVDA,5m
2026-04-22 16:55:00+00:00,201.22500610351562,201.22999572753906,201.02000427246094,201.1300048828125,440598,NVDA,5m
2026-04-22 17:00:00+00:00,201.1300048828125,201.55999755859375,201.125,201.5399932861328,2021212,NVDA,5m
2026-04-22 17:05:00+00:00,201.5500030517578,201.6300048828125,201.4149932861328,201.59500122070312,693072,NVDA,5m
2026-04-22 17:10:00+00:00,201.59019470214844,201.88999938964844,201.59019470214844,201.69500732421875,1055491,NVDA,5m
2026-04-22 17:15:00+00:00,201.6999969482422,201.82000732421875,201.61000061035156,201.6800994873047,528180,NVDA,5m
2026-04-22 17:20:00+00:00,201.68499755859375,201.97999572753906,201.68499755859375,201.88999938964844,808600,NVDA,5m
2026-04-22 17:25:00+00:00,201.8800048828125,201.97000122070312,201.72999572753906,201.7449951171875,617380,NVDA,5m
2026-04-22 17:30:00+00:00,201.75999450683594,201.89990234375,201.74000549316406,201.7550048828125,547368,NVDA,5m
2026-04-22 17:35:00+00:00,201.75,202.0399932861328,201.7200927734375,201.98129272460938,1194231,NVDA,5m
2026-04-22 17:40:00+00:00,201.98500061035156,202.19000244140625,201.96499633789062,202.02000427246094,1040384,NVDA,5m
2026-04-22 17:45:00+00:00,202.02000427246094,202.0500030517578,201.8000030517578,201.9949951171875,743707,NVDA,5m
2026-04-22 17:50:00+00:00,201.99000549316406,202.2899932861328,201.9499969482422,202.2449951171875,935150,NVDA,5m
2026-04-22 17:55:00+00:00,202.24000549316406,202.4199981689453,202.24000549316406,202.2899932861328,1048354,NVDA,5m
2026-04-22 18:00:00+00:00,202.27999877929688,202.4875030517578,202.23500061035156,202.34500122070312,911311,NVDA,5m
2026-04-22 18:05:00+00:00,202.34500122070312,202.47999572753906,202.11000061035156,202.1199951171875,963646,NVDA,5m
2026-04-22 18:10:00+00:00,202.11000061035156,202.24000549316406,202.0800018310547,202.16009521484375,681438,NVDA,5m
2026-04-22 18:15:00+00:00,202.1649932861328,202.1699981689453,201.83999633789062,201.8699951171875,1404632,NVDA,5m
2026-04-22 18:20:00+00:00,201.86500549316406,201.88999938964844,201.6199951171875,201.87010192871094,1019582,NVDA,5m
2026-04-22 18:25:00+00:00,201.8800048828125,201.88999938964844,201.66000366210938,201.6649932861328,645609,NVDA,5m
2026-04-22 18:30:00+00:00,201.6649932861328,201.74000549316406,201.52000427246094,201.64999389648438,796911,NVDA,5m
2026-04-22 18:35:00+00:00,201.65499877929688,201.92999267578125,201.63999938964844,201.88999938964844,800052,NVDA,5m
2026-04-22 18:40:00+00:00,201.88800048828125,201.99000549316406,201.77999877929688,201.8249969482422,640192,NVDA,5m
2026-04-22 18:45:00+00:00,201.8300018310547,201.88999938964844,201.77000427246094,201.82000732421875,439720,NVDA,5m
2026-04-22 18:50:00+00:00,201.81500244140625,202.02000427246094,201.81300354003906,201.8699951171875,657039,NVDA,5m
2026-04-22 18:55:00+00:00,201.8800048828125,201.90989685058594,201.5800018310547,201.59500122070312,738507,NVDA,5m
2026-04-22 19:00:00+00:00,201.60000610351562,201.61000061035156,201.22999572753906,201.389892578125,1098086,NVDA,5m
2026-04-22 19:05:00+00:00,201.39500427246094,201.8000030517578,201.3300018310547,201.6649932861328,878176,NVDA,5m
2026-04-22 19:10:00+00:00,201.6699981689453,201.75999450683594,201.58999633789062,201.74029541015625,653837,NVDA,5m
2026-04-22 19:15:00+00:00,201.75,201.96910095214844,201.7449951171875,201.93499755859375,807885,NVDA,5m
2026-04-22 19:20:00+00:00,201.94000244140625,201.99000549316406,201.77499389648438,201.85499572753906,887456,NVDA,5m
2026-04-22 19:25:00+00:00,201.85009765625,201.9600067138672,201.6199951171875,201.6750030517578,1266885,NVDA,5m
2026-04-22 19:30:00+00:00,201.66990661621094,201.85000610351562,201.59950256347656,201.84500122070312,959159,NVDA,5m
2026-04-22 19:35:00+00:00,201.83999633789062,201.88499450683594,201.72000122070312,201.72500610351562,776150,NVDA,5m
2026-04-22 19:40:00+00:00,201.72999572753906,201.82000732421875,201.64999389648438,201.66000366210938,1785249,NVDA,5m
2026-04-22 19:45:00+00:00,201.6699981689453,201.76499938964844,201.59500122070312,201.74009704589844,805408,NVDA,5m
2026-04-22 19:50:00+00:00,201.75,202.3000030517578,201.67999267578125,202.1699981689453,2310669,NVDA,5m
2026-04-22 19:55:00+00:00,202.16000366210938,202.5,202.13999938964844,202.4199981689453,4752663,NVDA,5m
2026-04-23 13:30:00+00:00,202.39999389648438,202.8800048828125,201.10499572753906,201.31500244140625,6542437,NVDA,5m
2026-04-23 13:35:00+00:00,201.30999755859375,201.94000244140625,201.2899932861328,201.9250030517578,1807608,NVDA,5m
2026-04-23 13:40:00+00:00,201.92010498046875,203.13999938964844,201.82000732421875,202.66099548339844,3122480,NVDA,5m
2026-04-23 13:45:00+00:00,202.66000366210938,203.82899475097656,202.6300048828125,203.7899932861328,3086298,NVDA,5m
2026-04-23 13:50:00+00:00,203.7834930419922,203.8000030517578,203.1501007080078,203.5850067138672,2192112,NVDA,5m
2026-04-23 13:55:00+00:00,203.5800018310547,203.60000610351562,202.89999389648438,203.0614013671875,1626853,NVDA,5m
2026-04-23 14:00:00+00:00,203.07000732421875,203.08999633789062,202.22000122070312,202.97500610351562,2061417,NVDA,5m
2026-04-23 14:05:00+00:00,202.97500610351562,203.2100067138672,202.7200927734375,202.82000732421875,1444304,NVDA,5m
2026-04-23 14:10:00+00:00,202.8350067138672,202.85000610351562,202.00999450683594,202.22999572753906,1249788,NVDA,5m
2026-04-23 14:15:00+00:00,202.2200927734375,202.8800048828125,202.12010192871094,202.16549682617188,1491038,NVDA,5m
2026-04-23 14:20:00+00:00,202.1602020263672,202.27999877929688,201.8800048828125,202.00999450683594,1446977,NVDA,5m
2026-04-23 14:25:00+00:00,202.0050048828125,202.2100067138672,201.6199951171875,201.76010131835938,1330745,NVDA,5m
2026-04-23 14:30:00+00:00,201.78880310058594,202.3300018310547,201.76010131835938,202.0399932861328,1520493,NVDA,5m
2026-04-23 14:35:00+00:00,202.0312042236328,202.47999572753906,201.77999877929688,202.0050048828125,1318963,NVDA,5m
2026-04-23 14:40:00+00:00,202.0,202.11990356445312,201.77999877929688,202.00999450683594,831865,NVDA,5m
2026-04-23 14:45:00+00:00,202.02999877929688,202.3800048828125,202.0,202.02000427246094,1092297,NVDA,5m
2026-04-23 14:50:00+00:00,202.02000427246094,202.3000030517578,201.77999877929688,202.22900390625,1649604,NVDA,5m
2026-04-23 14:55:00+00:00,202.25,202.7550048828125,202.25,202.55999755859375,1248967,NVDA,5m
2026-04-23 15:00:00+00:00,202.55999755859375,203.0500030517578,202.55999755859375,202.9250030517578,1347749,NVDA,5m
2026-04-23 15:05:00+00:00,202.92999267578125,203.02000427246094,202.6999969482422,202.97000122070312,797035,NVDA,5m
2026-04-23 15:10:00+00:00,202.9781951904297,203.0850067138672,202.8800048828125,202.92999267578125,740496,NVDA,5m
2026-04-23 15:15:00+00:00,202.92999267578125,203.02999877929688,202.8000946044922,202.97999572753906,727945,NVDA,5m
2026-04-23 15:20:00+00:00,202.99000549316406,203.11000061035156,202.8699951171875,203.00999450683594,653849,NVDA,5m
2026-04-23 15:25:00+00:00,203.00999450683594,203.0117950439453,202.47999572753906,202.5084991455078,1004235,NVDA,5m
2026-04-23 15:30:00+00:00,202.5050048828125,202.72000122070312,202.25999450683594,202.53500366210938,949730,NVDA,5m
2026-04-23 15:35:00+00:00,202.52999877929688,202.5500030517578,202.24000549316406,202.3498992919922,823512,NVDA,5m
2026-04-23 15:40:00+00:00,202.3300018310547,202.44000244140625,202.08999633789062,202.10499572753906,890707,NVDA,5m
2026-04-23 15:45:00+00:00,202.10009765625,202.1300048828125,201.49000549316406,201.53990173339844,1642023,NVDA,5m
2026-04-23 15:50:00+00:00,201.5500030517578,201.61000061035156,201.1800994873047,201.20010375976562,1403639,NVDA,5m
2026-04-23 15:55:00+00:00,201.20509338378906,201.57000732421875,201.17999267578125,201.48500061035156,1022204,NVDA,5m
2026-04-23 16:00:00+00:00,201.49000549316406,201.66000366210938,201.11099243164062,201.125,1208156,NVDA,5m
2026-04-23 16:05:00+00:00,201.12989807128906,201.32000732421875,200.97000122070312,201.11000061035156,1115806,NVDA,5m
2026-04-23 16:10:00+00:00,201.11000061035156,201.36000061035156,200.97000122070312,201.2971954345703,956537,NVDA,5m
2026-04-23 16:15:00+00:00,201.2899932861328,201.5,201.110107421875,201.19500732421875,796271,NVDA,5m
2026-04-23 16:20:00+00:00,201.2050018310547,201.22999572753906,200.9600067138672,201.14999389648438,750042,NVDA,5m
2026-04-23 16:25:00+00:00,201.15499877929688,201.33999633789062,200.98500061035156,201.10629272460938,748616,NVDA,5m
2026-04-23 16:30:00+00:00,201.10499572753906,201.64999389648438,201.07000732421875,201.60499572753906,670335,NVDA,5m
2026-04-23 16:35:00+00:00,201.60000610351562,201.72999572753906,201.5,201.60009765625,770322,NVDA,5m
2026-04-23 16:40:00+00:00,201.60499572753906,201.7050018310547,201.58999633789062,201.65499877929688,529586,NVDA,5m
2026-04-23 16:45:00+00:00,201.65989685058594,201.77000427246094,201.47000122070312,201.60499572753906,649033,NVDA,5m
2026-04-23 16:50:00+00:00,201.60000610351562,201.91000366210938,201.52999877929688,201.6999969482422,637008,NVDA,5m
2026-04-23 16:55:00+00:00,201.69009399414062,201.75,201.39059448242188,201.5,553779,NVDA,5m
2026-04-23 17:00:00+00:00,201.52000427246094,201.6300048828125,200.75999450683594,200.8699951171875,1196474,NVDA,5m
2026-04-23 17:05:00+00:00,200.86000061035156,200.87989807128906,200.19000244140625,200.24600219726562,1162584,NVDA,5m
2026-04-23 17:10:00+00:00,200.2100067138672,200.30999755859375,199.88999938964844,200.17799377441406,1602984,NVDA,5m
2026-04-23 17:15:00+00:00,200.16000366210938,200.16000366210938,199.2100067138672,199.3800048828125,1567014,NVDA,5m
2026-04-23 17:20:00+00:00,199.36000061035156,199.85000610351562,199.25,199.5279998779297,1312746,NVDA,5m
2026-04-23 17:25:00+00:00,199.5500030517578,199.97669982910156,199.36000061035156,199.43499755859375,1110754,NVDA,5m
2026-04-23 17:30:00+00:00,199.4499969482422,199.96929931640625,199.04029846191406,199.9600067138672,1434625,NVDA,5m
2026-04-23 17:35:00+00:00,199.94000244140625,200.13999938964844,199.17999267578125,199.32000732421875,1210213,NVDA,5m
2026-04-23 17:40:00+00:00,199.36500549316406,199.36500549316406,197.9499969482422,198.11000061035156,2489999,NVDA,5m
2026-04-23 17:45:00+00:00,198.11500549316406,198.16000366210938,197.22059631347656,197.97999572753906,2519454,NVDA,5m
2026-04-23 17:50:00+00:00,197.97999572753906,198.77999877929688,197.44189453125,198.35499572753906,2319693,NVDA,5m
2026-04-23 17:55:00+00:00,198.30999755859375,198.97979736328125,198.22999572753906,198.889892578125,1338121,NVDA,5m
2026-04-23 18:00:00+00:00,198.8800048828125,199.4199981689453,198.66009521484375,199.00880432128906,1236164,NVDA,5m
2026-04-23 18:05:00+00:00,198.97000122070312,199.32000732421875,198.83999633789062,199.13999938964844,872796,NVDA,5m
2026-04-23 18:10:00+00:00,199.16000366210938,199.4499969482422,199.02999877929688,199.1501007080078,926029,NVDA,5m
2026-04-23 18:15:00+00:00,199.17999267578125,199.33999633789062,199.0399932861328,199.0749969482422,787277,NVDA,5m
2026-04-23 18:20:00+00:00,199.0749969482422,199.2100067138672,198.7949981689453,199.05999755859375,895841,NVDA,5m
2026-04-23 18:25:00+00:00,199.07989501953125,199.17990112304688,198.92999267578125,199.13999938964844,630191,NVDA,5m
2026-04-23 18:30:00+00:00,199.13999938964844,199.4499053955078,199.1300048828125,199.37770080566406,707451,NVDA,5m
2026-04-23 18:35:00+00:00,199.375,199.64999389648438,199.36000061035156,199.41000366210938,777132,NVDA,5m
2026-04-23 18:40:00+00:00,199.41299438476562,199.44000244140625,199.10000610351562,199.35000610351562,541150,NVDA,5m
2026-04-23 18:45:00+00:00,199.35000610351562,199.4199981689453,198.97999572753906,198.9801025390625,542720,NVDA,5m
2026-04-23 18:50:00+00:00,198.97999572753906,198.99000549316406,198.60000610351562,198.83990478515625,806825,NVDA,5m
2026-04-23 18:55:00+00:00,198.82000732421875,198.88250732421875,198.25,198.3699951171875,715041,NVDA,5m
2026-04-23 19:00:00+00:00,198.3699951171875,198.5500030517578,198.185302734375,198.41000366210938,748154,NVDA,5m
2026-04-23 19:05:00+00:00,198.4199981689453,198.9199981689453,198.4199981689453,198.82000732421875,790584,NVDA,5m
2026-04-23 19:10:00+00:00,198.81759643554688,198.88499450683594,198.64999389648438,198.8300018310547,586997,NVDA,5m
2026-04-23 19:15:00+00:00,198.83999633789062,199.1199951171875,198.80999755859375,199.0,764687,NVDA,5m
2026-04-23 19:20:00+00:00,199.0050048828125,199.25999450683594,198.91000366210938,199.17010498046875,672006,NVDA,5m
2026-04-23 19:25:00+00:00,199.17999267578125,199.2899932861328,199.08009338378906,199.11000061035156,695212,NVDA,5m
2026-04-23 19:30:00+00:00,199.1199951171875,199.47999572753906,199.0399932861328,199.05999755859375,863781,NVDA,5m
2026-04-23 19:35:00+00:00,199.0500030517578,199.0500030517578,198.6999969482422,198.9499969482422,986922,NVDA,5m
2026-04-23 19:40:00+00:00,198.97000122070312,199.19000244140625,198.97000122070312,199.02999877929688,812479,NVDA,5m
2026-04-23 19:45:00+00:00,199.02499389648438,199.4600067138672,199.00010681152344,199.4600067138672,795364,NVDA,5m
2026-04-23 19:50:00+00:00,199.4600067138672,199.47000122070312,198.7100067138672,199.42999267578125,1676946,NVDA,5m
2026-04-23 19:55:00+00:00,199.41000366210938,199.7100067138672,199.32000732421875,199.7100067138672,3003753,NVDA,5m
2026-04-24 13:30:00+00:00,199.9600067138672,203.17999267578125,199.80999755859375,203.10000610351562,12798515,NVDA,5m
2026-04-24 13:35:00+00:00,203.09710693359375,203.22000122070312,201.66000366210938,202.91510009765625,4194528,NVDA,5m
2026-04-24 13:40:00+00:00,202.91000366210938,203.13999938964844,201.6199951171875,201.7301025390625,3061643,NVDA,5m
2026-04-24 13:45:00+00:00,201.75,202.7100067138672,201.72999572753906,202.7050018310547,2221345,NVDA,5m
2026-04-24 13:50:00+00:00,202.7100067138672,203.00999450683594,201.85000610351562,202.0,2085734,NVDA,5m
2026-04-24 13:55:00+00:00,202.0,202.25,201.13999938964844,202.00999450683594,2323823,NVDA,5m
2026-04-24 14:00:00+00:00,202.0,202.6300048828125,201.9199981689453,202.3000030517578,1847081,NVDA,5m
2026-04-24 14:05:00+00:00,202.32000732421875,202.8800048828125,202.02000427246094,202.75999450683594,1804467,NVDA,5m
2026-04-24 14:10:00+00:00,202.75999450683594,203.1199951171875,202.33999633789062,202.4221954345703,2115728,NVDA,5m
2026-04-24 14:15:00+00:00,202.43499755859375,202.97999572753906,202.30999755859375,202.61500549316406,1562320,NVDA,5m
2026-04-24 14:20:00+00:00,202.61000061035156,202.86000061035156,202.27499389648438,202.77999877929688,1374588,NVDA,5m
2026-04-24 14:25:00+00:00,202.79989624023438,202.91000366210938,202.39999389648438,202.60499572753906,1431034,NVDA,5m
2026-04-24 14:30:00+00:00,202.60499572753906,203.5500030517578,202.47999572753906,203.39349365234375,2746373,NVDA,5m
2026-04-24 14:35:00+00:00,203.41900634765625,204.75999450683594,203.26499938964844,204.75,4157987,NVDA,5m
2026-04-24 14:40:00+00:00,204.75,206.25,204.66000366210938,206.24000549316406,6499569,NVDA,5m
2026-04-24 14:45:00+00:00,206.22999572753906,207.1300048828125,206.1199951171875,206.9700927734375,6102718,NVDA,5m
2026-04-24 14:50:00+00:00,206.97999572753906,207.38999938964844,206.67999267578125,206.94500732421875,4338968,NVDA,5m
2026-04-24 14:55:00+00:00,206.94500732421875,208.8800048828125,206.94000244140625,208.69000244140625,5688761,NVDA,5m
2026-04-24 15:00:00+00:00,208.6999969482422,208.9499969482422,208.24200439453125,208.5399932861328,4300497,NVDA,5m
2026-04-24 15:05:00+00:00,208.55999755859375,209.39999389648438,208.42999267578125,209.22999572753906,4405710,NVDA,5m
2026-04-24 15:10:00+00:00,209.22000122070312,209.72999572753906,209.13999938964844,209.58999633789062,4544628,NVDA,5m
2026-04-24 15:15:00+00:00,209.58999633789062,209.74000549316406,208.52000427246094,208.64500427246094,4157827,NVDA,5m
2026-04-24 15:20:00+00:00,208.66000366210938,208.66000366210938,208.22000122070312,208.47999572753906,3027135,NVDA,5m
2026-04-24 15:25:00+00:00,208.50999450683594,208.9178009033203,207.8800048828125,208.9158935546875,3336494,NVDA,5m
2026-04-24 15:30:00+00:00,208.91969299316406,209.92999267578125,208.7830047607422,209.73500061035156,4993562,NVDA,5m
2026-04-24 15:35:00+00:00,209.72000122070312,209.9199981689453,209.0200958251953,209.20350646972656,2966660,NVDA,5m
2026-04-24 15:40:00+00:00,209.1999969482422,209.74000549316406,208.9801025390625,209.6999969482422,2790127,NVDA,5m
2026-04-24 15:45:00+00:00,209.6999969482422,209.8000030517578,208.75,209.1708984375,2273941,NVDA,5m
2026-04-24 15:50:00+00:00,209.17999267578125,209.64999389648438,209.0500946044922,209.1199951171875,2523928,NVDA,5m
2026-04-24 15:55:00+00:00,209.13999938964844,209.3000030517578,208.8699951171875,209.1300048828125,1515405,NVDA,5m
2026-04-24 16:00:00+00:00,209.1199951171875,209.44000244140625,209.0906982421875,209.1699981689453,1745024,NVDA,5m
2026-04-24 16:05:00+00:00,209.1750030517578,209.41000366210938,208.3300018310547,208.5449981689453,2369448,NVDA,5m
2026-04-24 16:10:00+00:00,208.5399932861328,209.0,208.47999572753906,208.66000366210938,1484302,NVDA,5m
2026-04-24 16:15:00+00:00,208.6699981689453,209.1699981689453,208.36000061035156,209.14199829101562,1713806,NVDA,5m
2026-04-24 16:20:00+00:00,209.14500427246094,209.8800048828125,209.13999938964844,209.86000061035156,2409589,NVDA,5m
2026-04-24 16:25:00+00:00,209.85009765625,210.0,209.47999572753906,209.5749969482422,4381476,NVDA,5m
2026-04-24 16:30:00+00:00,209.5749969482422,210.32000732421875,209.55499267578125,210.26109313964844,2881833,NVDA,5m
2026-04-24 16:35:00+00:00,210.2696990966797,210.9499969482422,210.26010131835938,210.83999633789062,3916756,NVDA,5m
2026-04-24 16:40:00+00:00,210.8350067138672,210.85000610351562,210.0,210.08999633789062,2353524,NVDA,5m
2026-04-24 16:45:00+00:00,210.07000732421875,210.54930114746094,210.07000732421875,210.1501007080078,1777923,NVDA,5m
2026-04-24 16:50:00+00:00,210.15499877929688,210.4499969482422,209.8699951171875,209.89999389648438,2203566,NVDA,5m
2026-04-24 16:55:00+00:00,209.89500427246094,210.02999877929688,209.53500366210938,209.67999267578125,1724601,NVDA,5m
2026-04-24 17:00:00+00:00,209.69000244140625,209.80999755859375,209.24000549316406,209.60000610351562,1742313,NVDA,5m
2026-04-24 17:05:00+00:00,209.61000061035156,209.8000030517578,209.57000732421875,209.74009704589844,1112630,NVDA,5m
2026-04-24 17:10:00+00:00,209.74000549316406,210.02999877929688,209.60000610351562,210.0050048828125,1353890,NVDA,5m
2026-04-24 17:15:00+00:00,210.0050048828125,210.02999877929688,209.6199951171875,209.7200927734375,1030307,NVDA,5m
2026-04-24 17:20:00+00:00,209.72999572753906,209.80999755859375,209.02999877929688,209.50059509277344,2052947,NVDA,5m
2026-04-24 17:25:00+00:00,209.5,209.61500549316406,209.3199005126953,209.3300018310547,896970,NVDA,5m
2026-04-24 17:30:00+00:00,209.30999755859375,209.5,209.02000427246094,209.38499450683594,1174734,NVDA,5m
2026-04-24 17:35:00+00:00,209.3800048828125,209.64999389648438,209.27000427246094,209.35000610351562,1002040,NVDA,5m
2026-04-24 17:40:00+00:00,209.36000061035156,209.69000244140625,209.25100708007812,209.59010314941406,1114303,NVDA,5m
2026-04-24 17:45:00+00:00,209.60000610351562,209.72000122070312,209.14999389648438,209.2449951171875,1097639,NVDA,5m
2026-04-24 17:50:00+00:00,209.25,209.6999969482422,209.07000732421875,209.41969299316406,1054883,NVDA,5m
2026-04-24 17:55:00+00:00,209.41000366210938,209.5279998779297,209.2200927734375,209.31500244140625,700913,NVDA,5m
2026-04-24 18:00:00+00:00,209.33999633789062,209.4199981689453,209.08999633789062,209.11500549316406,905549,NVDA,5m
2026-04-24 18:05:00+00:00,209.11000061035156,209.27999877929688,208.68499755859375,209.2550048828125,1656897,NVDA,5m
2026-04-24 18:10:00+00:00,209.27000427246094,209.30999755859375,208.95010375976562,209.02999877929688,911228,NVDA,5m
2026-04-24 18:15:00+00:00,209.02999877929688,209.0469970703125,208.58999633789062,208.75,947146,NVDA,5m
2026-04-24 18:20:00+00:00,208.7550048828125,208.7550048828125,208.2899932861328,208.4949951171875,1740317,NVDA,5m
2026-04-24 18:25:00+00:00,208.49000549316406,208.72000122070312,208.14999389648438,208.1927032470703,1702184,NVDA,5m
2026-04-24 18:30:00+00:00,208.18499755859375,208.55999755859375,208.10000610351562,208.52999877929688,1360320,NVDA,5m
2026-04-24 18:35:00+00:00,208.51010131835938,208.58999633789062,208.2899932861328,208.4600067138672,871645,NVDA,5m
2026-04-24 18:40:00+00:00,208.45010375976562,208.60989379882812,208.0500030517578,208.0800018310547,1055454,NVDA,5m
2026-04-24 18:45:00+00:00,208.0800018310547,208.11000061035156,207.7449951171875,207.89500427246094,1494307,NVDA,5m
2026-04-24 18:50:00+00:00,207.88999938964844,208.0850067138672,207.76010131835938,207.8800048828125,1931611,NVDA,5m
2026-04-24 18:55:00+00:00,207.875,208.25,207.68499755859375,208.22999572753906,1400557,NVDA,5m
2026-04-24 19:00:00+00:00,208.22999572753906,208.3300018310547,208.1199951171875,208.19119262695312,1122652,NVDA,5m
2026-04-24 19:05:00+00:00,208.1905059814453,208.89999389648438,208.1300048828125,208.80999755859375,2727188,NVDA,5m
2026-04-24 19:10:00+00:00,208.82000732421875,209.16969299316406,208.7449951171875,209.1199951171875,1510602,NVDA,5m
2026-04-24 19:15:00+00:00,209.1199951171875,209.2790069580078,209.02999877929688,209.11000061035156,1716564,NVDA,5m
2026-04-24 19:20:00+00:00,209.11000061035156,209.1107940673828,208.7100067138672,208.78500366210938,1496513,NVDA,5m
2026-04-24 19:25:00+00:00,208.77999877929688,208.8699951171875,208.47999572753906,208.51800537109375,1419629,NVDA,5m
2026-04-24 19:30:00+00:00,208.50999450683594,208.55999755859375,208.0,208.39500427246094,1823570,NVDA,5m
2026-04-24 19:35:00+00:00,208.38999938964844,208.61000061035156,208.32000732421875,208.39999389648438,1368157,NVDA,5m
2026-04-24 19:40:00+00:00,208.39999389648438,208.52999877929688,208.19000244140625,208.19000244140625,1300613,NVDA,5m
2026-04-24 19:45:00+00:00,208.17999267578125,208.27000427246094,207.8300018310547,207.97500610351562,1879747,NVDA,5m
2026-04-24 19:50:00+00:00,207.97999572753906,208.22900390625,207.5500030517578,208.05999755859375,3119795,NVDA,5m
2026-04-24 19:55:00+00:00,208.0500030517578,208.47000122070312,207.97000122070312,208.19000244140625,6581200,NVDA,5m
2026-04-27 13:30:00+00:00,209.64500427246094,210.94000244140625,209.0,210.84869384765625,15376407,NVDA,5m
2026-04-27 13:35:00+00:00,210.83999633789062,211.9499969482422,210.5,210.60499572753906,5249400,NVDA,5m
2026-04-27 13:40:00+00:00,210.61990356445312,211.10000610351562,209.45779418945312,209.7899932861328,3738131,NVDA,5m
2026-04-27 13:45:00+00:00,209.78990173339844,210.58999633789062,209.07000732421875,210.0,3700310,NVDA,5m
2026-04-27 13:50:00+00:00,210.0050048828125,210.02000427246094,208.39999389648438,209.92999267578125,4261412,NVDA,5m
2026-04-27 13:55:00+00:00,209.92080688476562,210.42999267578125,209.1699981689453,210.36000061035156,2365962,NVDA,5m
2026-04-27 14:00:00+00:00,210.34019470214844,210.66000366210938,210.00999450683594,210.22999572753906,2326954,NVDA,5m
2026-04-27 14:05:00+00:00,210.27000427246094,210.72999572753906,209.9600067138672,210.1750030517578,1762870,NVDA,5m
2026-04-27 14:10:00+00:00,210.16000366210938,210.5050048828125,209.60009765625,210.39999389648438,1776544,NVDA,5m
2026-04-27 14:15:00+00:00,210.35479736328125,210.39999389648438,208.91000366210938,209.22000122070312,2442482,NVDA,5m
2026-04-27 14:20:00+00:00,209.22999572753906,209.39999389648438,208.88999938964844,209.11279296875,1684491,NVDA,5m
2026-04-27 14:25:00+00:00,209.125,209.1999969482422,208.50999450683594,208.69500732421875,2013511,NVDA,5m
2026-04-27 14:30:00+00:00,208.6999969482422,208.8000030517578,207.3800048828125,208.41000366210938,3697677,NVDA,5m
2026-04-27 14:35:00+00:00,208.42010498046875,209.22000122070312,208.3300018310547,209.10499572753906,2356183,NVDA,5m
2026-04-27 14:40:00+00:00,209.10499572753906,209.44000244140625,208.89999389648438,209.24440002441406,1365820,NVDA,5m
2026-04-27 14:45:00+00:00,209.25999450683594,209.41000366210938,208.80999755859375,209.33999633789062,1382383,NVDA,5m
2026-04-27 14:50:00+00:00,209.3300018310547,209.8699951171875,209.1999969482422,209.3699951171875,1727764,NVDA,5m
2026-04-27 14:55:00+00:00,209.39999389648438,209.66000366210938,209.1699981689453,209.38999938964844,1154115,NVDA,5m
2026-04-27 15:00:00+00:00,209.39999389648438,209.6999969482422,209.1699981689453,209.27000427246094,968674,NVDA,5m
2026-04-27 15:05:00+00:00,209.25999450683594,209.72000122070312,209.02999877929688,209.5919952392578,1272836,NVDA,5m
2026-04-27 15:10:00+00:00,209.58009338378906,209.92999267578125,209.4600067138672,209.47500610351562,1178885,NVDA,5m
2026-04-27 15:15:00+00:00,209.4600067138672,209.84500122070312,209.30999755859375,209.7100067138672,950610,NVDA,5m
2026-04-27 15:20:00+00:00,209.7100067138672,209.86099243164062,209.3800048828125,209.47000122070312,936227,NVDA,5m
2026-04-27 15:25:00+00:00,209.47000122070312,209.89999389648438,209.25,209.8800048828125,1130180,NVDA,5m
2026-04-27 15:30:00+00:00,209.88999938964844,210.3000030517578,209.77000427246094,210.20590209960938,1930090,NVDA,5m
2026-04-27 15:35:00+00:00,210.20199584960938,210.5500030517578,210.13999938964844,210.52000427246094,1325517,NVDA,5m
2026-04-27 15:40:00+00:00,210.52000427246094,210.63499450683594,210.3000030517578,210.3699951171875,1304296,NVDA,5m
2026-04-27 15:45:00+00:00,210.37989807128906,210.8300018310547,210.11000061035156,210.61500549316406,1333177,NVDA,5m
2026-04-27 15:50:00+00:00,210.61500549316406,210.85000610351562,210.38999938964844,210.5800018310547,1127768,NVDA,5m
2026-04-27 15:55:00+00:00,210.5778045654297,210.6999969482422,210.38999938964844,210.66000366210938,932054,NVDA,5m
2026-04-27 16:00:00+00:00,210.64999389648438,211.02999877929688,210.58999633789062,210.82000732421875,1493507,NVDA,5m
2026-04-27 16:05:00+00:00,210.8300018310547,211.36500549316406,210.77000427246094,211.27000427246094,1790904,NVDA,5m
2026-04-27 16:10:00+00:00,211.2899932861328,211.4199981689453,210.922607421875,211.07000732421875,1537890,NVDA,5m
2026-04-27 16:15:00+00:00,211.0399932861328,211.58999633789062,210.99000549316406,211.5500030517578,1459026,NVDA,5m
2026-04-27 16:20:00+00:00,211.55929565429688,211.63999938964844,211.1300048828125,211.2449951171875,1204960,NVDA,5m
2026-04-27 16:25:00+00:00,211.25999450683594,211.63999938964844,211.2100067138672,211.4550018310547,1102227,NVDA,5m
2026-04-27 16:30:00+00:00,211.4600067138672,212.64999389648438,211.40499877929688,212.54989624023438,3446357,NVDA,5m
2026-04-27 16:35:00+00:00,212.55999755859375,213.6300048828125,212.52000427246094,213.42999267578125,4650681,NVDA,5m
2026-04-27 16:40:00+00:00,213.42999267578125,213.47000122070312,212.9600067138672,213.02369689941406,2208994,NVDA,5m
2026-04-27 16:45:00+00:00,213.02000427246094,213.3000030517578,212.74000549316406,213.1199951171875,1798181,NVDA,5m
2026-04-27 16:50:00+00:00,213.13499450683594,213.25,212.46539306640625,212.69000244140625,1641534,NVDA,5m
2026-04-27 16:55:00+00:00,212.69000244140625,212.7899932861328,212.50999450683594,212.75,1142070,NVDA,5m
2026-04-27 17:00:00+00:00,212.75,213.19000244140625,212.75,213.10009765625,1697785,NVDA,5m
2026-04-27 17:05:00+00:00,213.10499572753906,213.47999572753906,213.0500030517578,213.4700927734375,1417960,NVDA,5m
2026-04-27 17:10:00+00:00,213.47900390625,214.0399932861328,213.3300018310547,214.01499938964844,2446882,NVDA,5m
2026-04-27 17:15:00+00:00,214.01010131835938,214.1300048828125,213.3000030517578,213.5050048828125,1979418,NVDA,5m
2026-04-27 17:20:00+00:00,213.50509643554688,214.0399932861328,213.2899932861328,213.92999267578125,1610088,NVDA,5m
2026-04-27 17:25:00+00:00,213.9199981689453,214.25999450683594,213.61000061035156,213.61000061035156,1871283,NVDA,5m
2026-04-27 17:30:00+00:00,213.6199951171875,214.30999755859375,213.5800018310547,214.2899932861328,1419833,NVDA,5m
2026-04-27 17:35:00+00:00,214.2899932861328,214.5399932861328,214.08009338378906,214.3300018310547,1817559,NVDA,5m
2026-04-27 17:40:00+00:00,214.322998046875,214.4499969482422,214.1999969482422,214.31500244140625,1055998,NVDA,5m
2026-04-27 17:45:00+00:00,214.32000732421875,215.14999389648438,214.32000732421875,215.04010009765625,4113859,NVDA,5m
2026-04-27 17:50:00+00:00,215.05999755859375,215.3800048828125,214.75999450683594,215.00999450683594,2092191,NVDA,5m
2026-04-27 17:55:00+00:00,215.02000427246094,215.19000244140625,214.92999267578125,215.13499450683594,1401299,NVDA,5m
2026-04-27 18:00:00+00:00,215.13999938964844,215.44000244140625,214.93499755859375,215.42010498046875,1850806,NVDA,5m
2026-04-27 18:05:00+00:00,215.4250030517578,215.69000244140625,215.2100067138672,215.50999450683594,2220541,NVDA,5m
2026-04-27 18:10:00+00:00,215.50509643554688,215.5500030517578,215.10000610351562,215.2899932861328,1500930,NVDA,5m
2026-04-27 18:15:00+00:00,215.2899932861328,216.2100067138672,215.2899932861328,216.2050018310547,2499516,NVDA,5m
2026-04-27 18:20:00+00:00,216.1999969482422,216.25999450683594,215.9499969482422,216.07000732421875,2336588,NVDA,5m
2026-04-27 18:25:00+00:00,216.05999755859375,216.13999938964844,215.5399932861328,215.6999969482422,2100800,NVDA,5m
2026-04-27 18:30:00+00:00,215.6649932861328,216.3800048828125,215.6199951171875,216.0500030517578,2238193,NVDA,5m
2026-04-27 18:35:00+00:00,216.0399932861328,216.16000366210938,215.39999389648438,215.4550018310547,1843129,NVDA,5m
2026-04-27 18:40:00+00:00,215.4550018310547,215.63999938964844,215.25,215.47999572753906,1825877,NVDA,5m
2026-04-27 18:45:00+00:00,215.47999572753906,215.5,214.9199981689453,215.15499877929688,1758904,NVDA,5m
2026-04-27 18:50:00+00:00,215.13999938964844,215.25999450683594,214.82000732421875,214.91000366210938,1363482,NVDA,5m
2026-04-27 18:55:00+00:00,214.91000366210938,215.27499389648438,214.89999389648438,215.08999633789062,1713648,NVDA,5m
2026-04-27 19:00:00+00:00,215.10000610351562,215.6699981689453,215.0500030517578,215.6649932861328,1701809,NVDA,5m
2026-04-27 19:05:00+00:00,215.66009521484375,215.82000732421875,215.4528045654297,215.73500061035156,1597819,NVDA,5m
2026-04-27 19:10:00+00:00,215.73500061035156,215.88999938964844,215.61000061035156,215.875,1640990,NVDA,5m
2026-04-27 19:15:00+00:00,215.8800048828125,216.10000610351562,215.83999633789062,215.97279357910156,1808776,NVDA,5m
2026-04-27 19:20:00+00:00,215.97000122070312,216.0,215.44000244140625,215.70989990234375,1744297,NVDA,5m
2026-04-27 19:25:00+00:00,215.6999969482422,215.77999877929688,215.4499969482422,215.49000549316406,1275456,NVDA,5m
2026-04-27 19:30:00+00:00,215.48500061035156,215.90989685058594,215.3000030517578,215.75999450683594,1882171,NVDA,5m
2026-04-27 19:35:00+00:00,215.77000427246094,215.8800048828125,215.5399932861328,215.7550048828125,1411691,NVDA,5m
2026-04-27 19:40:00+00:00,215.75999450683594,215.91900634765625,215.60000610351562,215.7550048828125,1344171,NVDA,5m
2026-04-27 19:45:00+00:00,215.75999450683594,216.5500030517578,215.75,216.44009399414062,3169886,NVDA,5m
2026-04-27 19:50:00+00:00,216.4600067138672,216.60000610351562,216.10000610351562,216.31500244140625,3230620,NVDA,5m
2026-04-27 19:55:00+00:00,216.32000732421875,216.82000732421875,216.1999969482422,216.6300048828125,4842810,NVDA,5m
2026-04-28 13:30:00+00:00,209.5050048828125,210.99000549316406,208.1999969482422,210.27000427246094,23766254,NVDA,5m
2026-04-28 13:35:00+00:00,210.25,211.48989868164062,210.11000061035156,211.39999389648438,4737413,NVDA,5m
2026-04-28 13:40:00+00:00,211.3699951171875,212.64999389648438,211.0,211.77999877929688,4764031,NVDA,5m
2026-04-28 13:45:00+00:00,211.8000030517578,212.27999877929688,211.19000244140625,212.02000427246094,3540153,NVDA,5m
2026-04-28 13:50:00+00:00,212.0,212.22999572753906,211.4600067138672,211.6199951171875,2596985,NVDA,5m
2026-04-28 13:55:00+00:00,211.61000061035156,212.27999877929688,210.65199279785156,212.2100067138672,3077615,NVDA,5m
2026-04-28 14:00:00+00:00,212.17999267578125,212.82000732421875,211.75,212.41000366210938,3108436,NVDA,5m
2026-04-28 14:05:00+00:00,212.4149932861328,213.44000244140625,212.25,213.2100067138672,2957735,NVDA,5m
2026-04-28 14:10:00+00:00,213.2100067138672,213.6699981689453,212.72000122070312,213.14500427246094,2771130,NVDA,5m
2026-04-28 14:15:00+00:00,213.1300048828125,213.3000030517578,212.52000427246094,212.6300048828125,2420520,NVDA,5m
2026-04-28 14:20:00+00:00,212.6300048828125,212.8300018310547,212.17999267578125,212.1800994873047,1968513,NVDA,5m
2026-04-28 14:25:00+00:00,212.17999267578125,212.54989624023438,211.8000030517578,212.375,2136668,NVDA,5m
2026-04-28 14:30:00+00:00,212.3699951171875,212.74000549316406,212.11000061035156,212.22999572753906,1681973,NVDA,5m
2026-04-28 14:35:00+00:00,212.2209930419922,212.24000549316406,210.1300048828125,210.6199951171875,3429434,NVDA,5m
2026-04-28 14:40:00+00:00,210.625,210.67999267578125,209.8000030517578,210.4499053955078,2825500,NVDA,5m
2026-04-28 14:45:00+00:00,210.4499053955078,210.64999389648438,209.8000030517578,209.81500244140625,2336726,NVDA,5m
2026-04-28 14:50:00+00:00,209.8000030517578,209.85000610351562,208.35000610351562,208.6300048828125,4031948,NVDA,5m
2026-04-28 14:55:00+00:00,208.6300048828125,209.8070068359375,208.45010375976562,209.7655029296875,2990754,NVDA,5m
2026-04-28 15:00:00+00:00,209.75,210.2100067138672,209.57000732421875,209.66600036621094,2396581,NVDA,5m
2026-04-28 15:05:00+00:00,209.6649932861328,209.8300018310547,208.99000549316406,209.25999450683594,1963410,NVDA,5m
2026-04-28 15:10:00+00:00,209.25,210.00999450683594,209.0500030517578,209.85000610351562,2291733,NVDA,5m
2026-04-28 15:15:00+00:00,209.85499572753906,209.99989318847656,209.3699951171875,209.91000366210938,1473975,NVDA,5m
2026-04-28 15:20:00+00:00,209.94000244140625,209.9600067138672,209.1300048828125,209.2100067138672,1692391,NVDA,5m
2026-04-28 15:25:00+00:00,209.1999969482422,209.27999877929688,208.75010681152344,209.10000610351562,1746819,NVDA,5m
2026-04-28 15:30:00+00:00,209.10989379882812,209.10989379882812,208.58999633789062,209.02000427246094,1453227,NVDA,5m
2026-04-28 15:35:00+00:00,209.03500366210938,209.3800048828125,208.85000610351562,209.17999267578125,1369921,NVDA,5m
2026-04-28 15:40:00+00:00,209.1750030517578,209.5,209.0749969482422,209.48989868164062,1736425,NVDA,5m
2026-04-28 15:45:00+00:00,209.48500061035156,209.50999450683594,208.8699951171875,209.02999877929688,1390574,NVDA,5m
2026-04-28 15:50:00+00:00,209.02999877929688,209.72999572753906,209.0,209.5800018310547,1257214,NVDA,5m
2026-04-28 15:55:00+00:00,209.5800018310547,209.77589416503906,209.5,209.75050354003906,1067632,NVDA,5m
2026-04-28 16:00:00+00:00,209.75999450683594,209.89999389648438,209.63009643554688,209.80499267578125,1138304,NVDA,5m
2026-04-28 16:05:00+00:00,209.80499267578125,210.05999755859375,209.73500061035156,209.8699951171875,1453878,NVDA,5m
2026-04-28 16:10:00+00:00,209.88999938964844,210.0399932861328,209.55999755859375,209.9949951171875,1168232,NVDA,5m
2026-04-28 16:15:00+00:00,209.99000549316406,210.10000610351562,209.8000030517578,210.01010131835938,1326258,NVDA,5m
2026-04-28 16:20:00+00:00,210.02000427246094,210.65499877929688,210.0,210.42999267578125,1480786,NVDA,5m
2026-04-28 16:25:00+00:00,210.4199981689453,210.52000427246094,210.0500030517578,210.11000061035156,1026889,NVDA,5m
2026-04-28 16:30:00+00:00,210.10000610351562,210.25990295410156,210.0399932861328,210.0500030517578,907750,NVDA,5m
2026-04-28 16:35:00+00:00,210.0399932861328,210.10000610351562,209.30999755859375,209.51499938964844,1411005,NVDA,5m
2026-04-28 16:40:00+00:00,209.50999450683594,209.97000122070312,209.47000122070312,209.96499633789062,986741,NVDA,5m
2026-04-28 16:45:00+00:00,209.9698944091797,210.27000427246094,209.85000610351562,210.24549865722656,996492,NVDA,5m
2026-04-28 16:50:00+00:00,210.24949645996094,210.8800048828125,210.11000061035156,210.7718048095703,1634516,NVDA,5m
2026-04-28 16:55:00+00:00,210.7799072265625,210.88999938964844,210.4499969482422,210.69090270996094,1154260,NVDA,5m
2026-04-28 17:00:00+00:00,210.7100067138672,210.8000030517578,210.25,210.3350067138672,1097510,NVDA,5m
2026-04-28 17:05:00+00:00,210.32009887695312,210.61000061035156,210.16000366210938,210.59500122070312,926431,NVDA,5m
2026-04-28 17:10:00+00:00,210.59500122070312,210.66000366210938,210.27000427246094,210.56500244140625,892203,NVDA,5m
2026-04-28 17:15:00+00:00,210.56979370117188,210.8000030517578,210.16000366210938,210.27000427246094,1063034,NVDA,5m
2026-04-28 17:20:00+00:00,210.27000427246094,210.5500030517578,210.2191925048828,210.52999877929688,860454,NVDA,5m
2026-04-28 17:25:00+00:00,210.531494140625,210.9550018310547,210.4700927734375,210.7899932861328,757560,NVDA,5m
2026-04-28 17:30:00+00:00,210.7899932861328,211.10499572753906,210.78500366210938,211.02999877929688,1192037,NVDA,5m
2026-04-28 17:35:00+00:00,211.0500030517578,211.25999450683594,211.00010681152344,211.2299041748047,1036775,NVDA,5m
2026-04-28 17:40:00+00:00,211.22999572753906,211.43499755859375,211.14999389648438,211.29010009765625,1091865,NVDA,5m
2026-04-28 17:45:00+00:00,211.3000030517578,211.52999877929688,211.17999267578125,211.27999877929688,1073668,NVDA,5m
2026-04-28 17:50:00+00:00,211.27999877929688,211.4499969482422,211.0399932861328,211.3101043701172,927596,NVDA,5m
2026-04-28 17:55:00+00:00,211.32000732421875,211.79800415039062,211.27999877929688,211.76499938964844,910962,NVDA,5m
2026-04-28 18:00:00+00:00,211.75999450683594,211.91990661621094,211.63009643554688,211.75,987072,NVDA,5m
2026-04-28 18:05:00+00:00,211.7449951171875,212.0050048828125,211.6699981689453,211.97999572753906,1053545,NVDA,5m
2026-04-28 18:10:00+00:00,211.99949645996094,212.2100067138672,211.87010192871094,212.1967010498047,1388770,NVDA,5m
2026-04-28 18:15:00+00:00,212.19900512695312,212.49000549316406,212.1300048828125,212.4199981689453,1325818,NVDA,5m
2026-04-28 18:20:00+00:00,212.42999267578125,212.939697265625,212.41009521484375,212.9250030517578,1525529,NVDA,5m
2026-04-28 18:25:00+00:00,212.9250030517578,213.0,212.80999755859375,212.84500122070312,1066054,NVDA,5m
2026-04-28 18:30:00+00:00,212.8498992919922,212.98500061035156,212.47000122070312,212.7801055908203,1381670,NVDA,5m
2026-04-28 18:35:00+00:00,212.78500366210938,213.4199981689453,212.6699981689453,213.3800048828125,1693217,NVDA,5m
2026-04-28 18:40:00+00:00,213.39999389648438,213.92999267578125,213.35000610351562,213.89990234375,1952856,NVDA,5m
2026-04-28 18:45:00+00:00,213.88999938964844,214.0,213.50999450683594,213.61000061035156,1516986,NVDA,5m
2026-04-28 18:50:00+00:00,213.61000061035156,213.88999938964844,213.5399932861328,213.83999633789062,1124627,NVDA,5m
2026-04-28 18:55:00+00:00,213.83999633789062,214.0800018310547,213.61000061035156,214.06500244140625,1564856,NVDA,5m
2026-04-28 19:00:00+00:00,214.0800018310547,214.25999450683594,213.88999938964844,214.19000244140625,1559882,NVDA,5m
2026-04-28 19:05:00+00:00,214.17999267578125,214.6199951171875,214.17010498046875,214.60499572753906,1967116,NVDA,5m
2026-04-28 19:10:00+00:00,214.60989379882812,214.72999572753906,214.1300048828125,214.1699981689453,1876809,NVDA,5m
2026-04-28 19:15:00+00:00,214.1699981689453,214.2100067138672,213.63099670410156,213.66000366210938,2037298,NVDA,5m
2026-04-28 19:20:00+00:00,213.66000366210938,214.10000610351562,213.47000122070312,214.02999877929688,1795397,NVDA,5m
2026-04-28 19:25:00+00:00,214.0279998779297,214.2899932861328,213.77000427246094,214.06500244140625,1705467,NVDA,5m
2026-04-28 19:30:00+00:00,214.05999755859375,214.42999267578125,214.0200958251953,214.22000122070312,1409546,NVDA,5m
2026-04-28 19:35:00+00:00,214.21029663085938,214.22000122070312,213.8300018310547,213.90989685058594,1450543,NVDA,5m
2026-04-28 19:40:00+00:00,213.9199981689453,213.9499969482422,213.55999755859375,213.67999267578125,1249529,NVDA,5m
2026-04-28 19:45:00+00:00,213.67999267578125,213.6999053955078,213.27000427246094,213.4355010986328,1433562,NVDA,5m
2026-04-28 19:50:00+00:00,213.4250030517578,213.6999969482422,213.08999633789062,213.52999877929688,2549037,NVDA,5m
2026-04-28 19:55:00+00:00,213.47000122070312,213.52999877929688,213.0,213.14999389648438,4182365,NVDA,5m
2026-04-29 13:30:00+00:00,212.71499633789062,212.71499633789062,210.39999389648438,211.02999877929688,8197139,NVDA,5m
2026-04-29 13:35:00+00:00,211.01499938964844,211.80999755859375,210.44009399414062,211.7050018310547,2664037,NVDA,5m
2026-04-29 13:40:00+00:00,211.7008056640625,212.0,210.76499938964844,211.00100708007812,2248339,NVDA,5m
2026-04-29 13:45:00+00:00,211.0,211.00010681152344,210.3000030517578,210.51499938964844,2261793,NVDA,5m
2026-04-29 13:50:00+00:00,210.51499938964844,211.45970153808594,210.42999267578125,211.3800048828125,1900128,NVDA,5m
2026-04-29 13:55:00+00:00,211.36000061035156,211.5970001220703,210.7899932861328,210.85009765625,1479737,NVDA,5m
2026-04-29 14:00:00+00:00,210.80999755859375,210.85940551757812,209.75,210.41110229492188,3032671,NVDA,5m
2026-04-29 14:05:00+00:00,210.43499755859375,210.74000549316406,210.02000427246094,210.32989501953125,1580720,NVDA,5m
2026-04-29 14:10:00+00:00,210.31500244140625,211.2100067138672,210.0500030517578,211.2100067138672,1813212,NVDA,5m
2026-04-29 14:15:00+00:00,211.22000122070312,211.22999572753906,210.75999450683594,210.97000122070312,1305088,NVDA,5m
2026-04-29 14:20:00+00:00,210.96009826660156,211.0,210.39999389648438,210.68499755859375,1341183,NVDA,5m
2026-04-29 14:25:00+00:00,210.68499755859375,211.2100067138672,210.5500946044922,211.11000061035156,1418126,NVDA,5m
2026-04-29 14:30:00+00:00,211.11000061035156,211.41000366210938,210.6699981689453,211.33999633789062,1615170,NVDA,5m
2026-04-29 14:35:00+00:00,211.33999633789062,211.72000122070312,211.19000244140625,211.53500366210938,1690241,NVDA,5m
2026-04-29 14:40:00+00:00,211.5399932861328,211.60000610351562,211.23049926757812,211.5800018310547,1184541,NVDA,5m
2026-04-29 14:45:00+00:00,211.58999633789062,211.9499969482422,211.02000427246094,211.0399932861328,1435822,NVDA,5m
2026-04-29 14:50:00+00:00,211.0399932861328,211.1132049560547,210.60000610351562,210.73500061035156,1430704,NVDA,5m
2026-04-29 14:55:00+00:00,210.74000549316406,211.3990020751953,210.5800018310547,211.3000030517578,1234913,NVDA,5m
2026-04-29 15:00:00+00:00,211.30999755859375,211.3800048828125,210.8000030517578,210.85000610351562,1042440,NVDA,5m
2026-04-29 15:05:00+00:00,210.83009338378906,211.14999389648438,210.60000610351562,210.69000244140625,887576,NVDA,5m
2026-04-29 15:10:00+00:00,210.67999267578125,210.90960693359375,210.375,210.38999938964844,1321993,NVDA,5m
2026-04-29 15:15:00+00:00,210.39999389648438,210.88999938964844,210.24000549316406,210.88499450683594,1189973,NVDA,5m
2026-04-29 15:20:00+00:00,210.88499450683594,211.08999633789062,210.7899932861328,210.8350067138672,888989,NVDA,5m
2026-04-29 15:25:00+00:00,210.8350067138672,211.07150268554688,210.6199951171875,210.8000030517578,885981,NVDA,5m
2026-04-29 15:30:00+00:00,210.80999755859375,211.36000061035156,210.5500030517578,211.3350067138672,1254531,NVDA,5m
2026-04-29 15:35:00+00:00,211.35000610351562,211.39999389648438,210.97000122070312,211.17999267578125,1097028,NVDA,5m
2026-04-29 15:40:00+00:00,211.17999267578125,211.2050018310547,210.75999450683594,211.0,887386,NVDA,5m
2026-04-29 15:45:00+00:00,210.9949951171875,211.3800048828125,210.9300994873047,211.03309631347656,692514,NVDA,5m
2026-04-29 15:50:00+00:00,211.0399932861328,211.1999969482422,210.25,210.3699951171875,1171181,NVDA,5m
2026-04-29 15:55:00+00:00,210.3699951171875,210.74000549316406,210.1800994873047,210.66000366210938,1089408,NVDA,5m
2026-04-29 16:00:00+00:00,210.66099548339844,210.85000610351562,210.5,210.84500122070312,682116,NVDA,5m
2026-04-29 16:05:00+00:00,210.83999633789062,211.22000122070312,210.75999450683594,211.05499267578125,844743,NVDA,5m
2026-04-29 16:10:00+00:00,211.05499267578125,211.13999938964844,210.48370361328125,210.5050048828125,813617,NVDA,5m
2026-04-29 16:15:00+00:00,210.5050048828125,210.57989501953125,209.83999633789062,209.93499755859375,1508177,NVDA,5m
2026-04-29 16:20:00+00:00,209.92999267578125,210.41000366210938,209.89999389648438,210.33999633789062,1211957,NVDA,5m
2026-04-29 16:25:00+00:00,210.35000610351562,210.42999267578125,209.66000366210938,209.6699981689453,1172819,NVDA,5m
2026-04-29 16:30:00+00:00,209.66000366210938,209.6699981689453,208.92889404296875,209.28500366210938,1897461,NVDA,5m
2026-04-29 16:35:00+00:00,209.2899932861328,209.66909790039062,209.27020263671875,209.60699462890625,1132400,NVDA,5m
2026-04-29 16:40:00+00:00,209.60499572753906,209.86000061035156,209.55999755859375,209.58999633789062,856357,NVDA,5m
2026-04-29 16:45:00+00:00,209.58999633789062,209.61929321289062,209.28140258789062,209.5800018310547,924121,NVDA,5m
2026-04-29 16:50:00+00:00,209.57000732421875,209.67999267578125,209.1199951171875,209.19000244140625,837989,NVDA,5m
2026-04-29 16:55:00+00:00,209.17010498046875,209.25990295410156,208.55999755859375,208.89999389648438,1671192,NVDA,5m
2026-04-29 17:00:00+00:00,208.89999389648438,209.2100067138672,208.65020751953125,209.13999938964844,1166887,NVDA,5m
2026-04-29 17:05:00+00:00,209.16000366210938,209.61000061035156,209.0850067138672,209.55999755859375,1003526,NVDA,5m
2026-04-29 17:10:00+00:00,209.57000732421875,209.77000427246094,209.46009826660156,209.5,795382,NVDA,5m
2026-04-29 17:15:00+00:00,209.5,209.53990173339844,209.2200927734375,209.32989501953125,792115,NVDA,5m
2026-04-29 17:20:00+00:00,209.3000030517578,209.58999633789062,209.27999877929688,209.2899932861328,627380,NVDA,5m
2026-04-29 17:25:00+00:00,209.3000030517578,209.5,209.16000366210938,209.43699645996094,642832,NVDA,5m
2026-04-29 17:30:00+00:00,209.4499969482422,209.55999755859375,209.29010009765625,209.3300018310547,553185,NVDA,5m
2026-04-29 17:35:00+00:00,209.31500244140625,209.35989379882812,209.07000732421875,209.22999572753906,589830,NVDA,5m
2026-04-29 17:40:00+00:00,209.23500061035156,209.32000732421875,209.0800018310547,209.2949981689453,541914,NVDA,5m
2026-04-29 17:45:00+00:00,209.3000030517578,209.60000610351562,209.3000030517578,209.4600067138672,553254,NVDA,5m
2026-04-29 17:50:00+00:00,209.4550018310547,209.69000244140625,209.07000732421875,209.09869384765625,838974,NVDA,5m
2026-04-29 17:55:00+00:00,209.09500122070312,209.33999633789062,208.92999267578125,209.1300048828125,768661,NVDA,5m
2026-04-29 18:00:00+00:00,209.1510009765625,209.21499633789062,208.32000732421875,208.4250030517578,1227063,NVDA,5m
2026-04-29 18:05:00+00:00,208.44000244140625,208.72999572753906,207.75,207.8300018310547,1871799,NVDA,5m
2026-04-29 18:10:00+00:00,207.8300018310547,208.16000366210938,207.5941925048828,207.92999267578125,1781349,NVDA,5m
2026-04-29 18:15:00+00:00,207.92999267578125,208.75,207.89999389648438,208.47500610351562,1224421,NVDA,5m
2026-04-29 18:20:00+00:00,208.47000122070312,208.5399932861328,208.1300048828125,208.38999938964844,964126,NVDA,5m
2026-04-29 18:25:00+00:00,208.38999938964844,208.38999938964844,208.02999877929688,208.0449981689453,601948,NVDA,5m
2026-04-29 18:30:00+00:00,208.0500030517578,208.0998992919922,207.5758056640625,207.9199981689453,1082362,NVDA,5m
2026-04-29 18:35:00+00:00,207.91690063476562,208.72999572753906,207.91009521484375,208.2100067138672,1438267,NVDA,5m
2026-04-29 18:40:00+00:00,208.2100067138672,208.39990234375,207.9499969482422,208.03500366210938,911776,NVDA,5m
2026-04-29 18:45:00+00:00,208.02499389648438,208.64999389648438,207.83999633789062,208.54989624023438,983610,NVDA,5m
2026-04-29 18:50:00+00:00,208.5399932861328,208.74000549316406,208.33999633789062,208.43179321289062,1228507,NVDA,5m
2026-04-29 18:55:00+00:00,208.42999267578125,209.04989624023438,208.39010620117188,208.96009826660156,1315832,NVDA,5m
2026-04-29 19:00:00+00:00,208.9600067138672,209.0800018310547,208.66000366210938,208.89999389648438,860231,NVDA,5m
2026-04-29 19:05:00+00:00,208.89500427246094,208.97000122070312,208.5399932861328,208.80999755859375,788724,NVDA,5m
2026-04-29 19:10:00+00:00,208.80499267578125,209.2100067138672,208.75,209.17999267578125,926967,NVDA,5m
2026-04-29 19:15:00+00:00,209.19000244140625,209.5,209.17999267578125,209.36000061035156,1207268,NVDA,5m
2026-04-29 19:20:00+00:00,209.3679962158203,209.38999938964844,209.0,209.25,940646,NVDA,5m
2026-04-29 19:25:00+00:00,209.27000427246094,209.44000244140625,209.1699981689453,209.3249969482422,850143,NVDA,5m
2026-04-29 19:30:00+00:00,209.30999755859375,209.44000244140625,208.97000122070312,209.06680297851562,1199242,NVDA,5m
2026-04-29 19:35:00+00:00,209.07000732421875,209.27999877929688,208.80999755859375,209.19000244140625,1030689,NVDA,5m
2026-04-29 19:40:00+00:00,209.19500732421875,209.27000427246094,208.91009521484375,208.9700927734375,787357,NVDA,5m
2026-04-29 19:45:00+00:00,208.97999572753906,209.12100219726562,208.8800048828125,209.0200958251953,874502,NVDA,5m
2026-04-29 19:50:00+00:00,209.02499389648438,209.139892578125,208.67999267578125,209.07000732421875,2186337,NVDA,5m
2026-04-29 19:55:00+00:00,209.0500030517578,209.33999633789062,208.60000610351562,209.31500244140625,4809626,NVDA,5m
2026-04-30 13:30:00+00:00,209.93899536132812,210.3000030517578,208.45010375976562,208.73500061035156,9042687,NVDA,5m
2026-04-30 13:35:00+00:00,208.72999572753906,208.78500366210938,207.61000061035156,207.6300048828125,3108502,NVDA,5m
2026-04-30 13:40:00+00:00,207.647705078125,207.7100067138672,205.5,206.75,4592538,NVDA,5m
2026-04-30 13:45:00+00:00,206.73500061035156,206.93809509277344,205.11000061035156,206.38999938964844,3477690,NVDA,5m
2026-04-30 13:50:00+00:00,206.3607940673828,206.50950622558594,203.8300018310547,203.97500610351562,4320651,NVDA,5m
2026-04-30 13:55:00+00:00,203.97149658203125,204.10789489746094,202.6999969482422,203.91839599609375,5085139,NVDA,5m
2026-04-30 14:00:00+00:00,203.92999267578125,203.97999572753906,202.35699462890625,202.8592987060547,4108258,NVDA,5m
2026-04-30 14:05:00+00:00,202.8699951171875,203.3800048828125,201.5800018310547,202.0,4606787,NVDA,5m
2026-04-30 14:10:00+00:00,202.0,202.6938018798828,201.42999267578125,201.9199981689453,3861888,NVDA,5m
2026-04-30 14:15:00+00:00,201.9250030517578,201.94020080566406,199.44000244140625,201.00320434570312,8886165,NVDA,5m
2026-04-30 14:20:00+00:00,201.0050048828125,201.86990356445312,200.97000122070312,201.27999877929688,3944261,NVDA,5m
2026-04-30 14:25:00+00:00,201.25,201.60000610351562,199.5,200.61500549316406,4601300,NVDA,5m
2026-04-30 14:30:00+00:00,200.61000061035156,201.11000061035156,199.4499969482422,200.02999877929688,4593047,NVDA,5m
2026-04-30 14:35:00+00:00,200.08999633789062,200.25,198.6999969482422,198.8699951171875,4851508,NVDA,5m
2026-04-30 14:40:00+00:00,198.88999938964844,200.92999267578125,198.83999633789062,200.64999389648438,4400864,NVDA,5m
2026-04-30 14:45:00+00:00,200.64370727539062,201.52999877929688,200.5800018310547,201.24000549316406,3400864,NVDA,5m
2026-04-30 14:50:00+00:00,201.24989318847656,201.88999938964844,200.97999572753906,201.63499450683594,2908703,NVDA,5m
2026-04-30 14:55:00+00:00,201.6199951171875,202.2969970703125,201.60000610351562,201.77999877929688,2661821,NVDA,5m
2026-04-30 15:00:00+00:00,201.77499389648438,202.44000244140625,201.47999572753906,201.75,2691681,NVDA,5m
2026-04-30 15:05:00+00:00,201.72999572753906,202.40499877929688,201.1999969482422,202.36929321289062,2608848,NVDA,5m
2026-04-30 15:10:00+00:00,202.3699951171875,202.4600067138672,201.3300018310547,201.88999938964844,2106365,NVDA,5m
2026-04-30 15:15:00+00:00,201.89999389648438,202.14999389648438,201.6999969482422,201.88999938964844,1512152,NVDA,5m
2026-04-30 15:20:00+00:00,201.89999389648438,202.0449981689453,201.1699981689453,201.22999572753906,1908422,NVDA,5m
2026-04-30 15:25:00+00:00,201.22000122070312,201.5,201.00999450683594,201.3209991455078,1898203,NVDA,5m
2026-04-30 15:30:00+00:00,201.3000030517578,201.82000732421875,201.0399932861328,201.10000610351562,1697361,NVDA,5m
2026-04-30 15:35:00+00:00,201.10000610351562,201.10000610351562,200.3159942626953,200.63999938964844,1965552,NVDA,5m
2026-04-30 15:40:00+00:00,200.62100219726562,200.79930114746094,200.16000366210938,200.55999755859375,1387503,NVDA,5m
2026-04-30 15:45:00+00:00,200.5500030517578,200.8498992919922,200.3000030517578,200.8498992919922,1109208,NVDA,5m
2026-04-30 15:50:00+00:00,200.8300018310547,201.35499572753906,200.72999572753906,201.27999877929688,1483682,NVDA,5m
2026-04-30 15:55:00+00:00,201.2899932861328,201.3699951171875,200.5802001953125,200.6649932861328,1398145,NVDA,5m
2026-04-30 16:00:00+00:00,200.6699981689453,200.69090270996094,199.8000030517578,200.25999450683594,2245569,NVDA,5m
2026-04-30 16:05:00+00:00,200.26499938964844,200.72000122070312,200.22000122070312,200.39500427246094,1321213,NVDA,5m
2026-04-30 16:10:00+00:00,200.40269470214844,200.8300018310547,200.2899932861328,200.7100067138672,1099774,NVDA,5m
2026-04-30 16:15:00+00:00,200.7100067138672,200.82000732421875,200.35000610351562,200.67999267578125,2849215,NVDA,5m
2026-04-30 16:20:00+00:00,200.69500732421875,200.8000030517578,200.10000610351562,200.10830688476562,1216456,NVDA,5m
2026-04-30 16:25:00+00:00,200.10499572753906,200.20989990234375,199.4199981689453,200.13999938964844,2564263,NVDA,5m
2026-04-30 16:30:00+00:00,200.14500427246094,200.25,199.8000030517578,200.00999450683594,1202071,NVDA,5m
2026-04-30 16:35:00+00:00,200.02000427246094,200.3300018310547,199.66000366210938,200.2949981689453,1690476,NVDA,5m
2026-04-30 16:40:00+00:00,200.2949981689453,200.3300018310547,199.5500030517578,199.55499267578125,1148690,NVDA,5m
2026-04-30 16:45:00+00:00,199.5399932861328,199.64999389648438,199.32000732421875,199.60000610351562,1773667,NVDA,5m
2026-04-30 16:50:00+00:00,199.60000610351562,200.06500244140625,199.5800018310547,200.00999450683594,1124666,NVDA,5m
2026-04-30 16:55:00+00:00,199.97999572753906,200.0800018310547,199.52000427246094,199.8300018310547,1543358,NVDA,5m
2026-04-30 17:00:00+00:00,199.82000732421875,200.77000427246094,199.81500244140625,200.72999572753906,1448275,NVDA,5m
2026-04-30 17:05:00+00:00,200.72000122070312,200.84500122070312,200.33999633789062,200.74000549316406,1266356,NVDA,5m
2026-04-30 17:10:00+00:00,200.73500061035156,201.0500030517578,200.32000732421875,200.38009643554688,1554623,NVDA,5m
2026-04-30 17:15:00+00:00,200.3800048828125,200.55999755859375,200.0800018310547,200.4199981689453,1157431,NVDA,5m
2026-04-30 17:20:00+00:00,200.41000366210938,200.66000366210938,200.08999633789062,200.40499877929688,1272516,NVDA,5m
2026-04-30 17:25:00+00:00,200.39999389648438,200.50999450683594,200.27000427246094,200.47999572753906,829409,NVDA,5m
2026-04-30 17:30:00+00:00,200.47999572753906,200.889892578125,200.41000366210938,200.81500244140625,1478961,NVDA,5m
2026-04-30 17:35:00+00:00,200.80999755859375,201.1999969482422,200.60000610351562,201.1199951171875,1179427,NVDA,5m
2026-04-30 17:40:00+00:00,201.11000061035156,201.1199951171875,200.44000244140625,200.50990295410156,1454072,NVDA,5m
2026-04-30 17:45:00+00:00,200.50999450683594,200.94659423828125,200.481201171875,200.625,1013972,NVDA,5m
2026-04-30 17:50:00+00:00,200.625,200.9792938232422,200.58999633789062,200.85499572753906,1109105,NVDA,5m
2026-04-30 17:55:00+00:00,200.85000610351562,201.27999877929688,200.71009826660156,201.25750732421875,1236299,NVDA,5m
2026-04-30 18:00:00+00:00,201.2550048828125,201.72999572753906,201.22999572753906,201.46499633789062,1771904,NVDA,5m
2026-04-30 18:05:00+00:00,201.4600067138672,201.4600067138672,200.4499969482422,200.6199951171875,1719943,NVDA,5m
2026-04-30 18:10:00+00:00,200.63999938964844,200.74000549316406,200.25999450683594,200.68069458007812,1239535,NVDA,5m
2026-04-30 18:15:00+00:00,200.67999267578125,201.0500030517578,200.61000061035156,200.7100067138672,1421358,NVDA,5m
2026-04-30 18:20:00+00:00,200.6999969482422,200.75,200.3300018310547,200.64999389648438,1204462,NVDA,5m
2026-04-30 18:25:00+00:00,200.625,200.8090057373047,200.39999389648438,200.77499389648438,1006760,NVDA,5m
2026-04-30 18:30:00+00:00,200.77000427246094,201.1999969482422,200.74000549316406,201.02000427246094,1295069,NVDA,5m
2026-04-30 18:35:00+00:00,201.00999450683594,201.2899932861328,200.8300018310547,201.05499267578125,1421793,NVDA,5m
2026-04-30 18:40:00+00:00,201.05999755859375,201.50999450683594,201.02999877929688,201.47000122070312,1332195,NVDA,5m
2026-04-30 18:45:00+00:00,201.47000122070312,202.0,201.4499969482422,201.72000122070312,1855717,NVDA,5m
2026-04-30 18:50:00+00:00,201.7100067138672,201.87989807128906,201.57000732421875,201.6699981689453,961232,NVDA,5m
2026-04-30 18:55:00+00:00,201.66000366210938,201.90989685058594,201.57000732421875,201.82550048828125,2375182,NVDA,5m
2026-04-30 19:00:00+00:00,201.8249969482422,201.9499969482422,201.1800994873047,201.25,1519488,NVDA,5m
2026-04-30 19:05:00+00:00,201.2301025390625,201.44500732421875,201.10000610351562,201.38499450683594,1183135,NVDA,5m
2026-04-30 19:10:00+00:00,201.38510131835938,201.72000122070312,201.1300048828125,201.4600067138672,1538067,NVDA,5m
2026-04-30 19:15:00+00:00,201.4499969482422,201.50999450683594,200.88999938964844,201.03500366210938,1513595,NVDA,5m
2026-04-30 19:20:00+00:00,201.0,201.1300048828125,200.92999267578125,201.05999755859375,1123909,NVDA,5m
2026-04-30 19:25:00+00:00,201.06500244140625,201.19000244140625,200.8000030517578,200.82000732421875,1293245,NVDA,5m
2026-04-30 19:30:00+00:00,200.80999755859375,200.97999572753906,200.47300720214844,200.74000549316406,1694252,NVDA,5m
2026-04-30 19:35:00+00:00,200.74000549316406,201.0,200.6199951171875,200.71009826660156,1671351,NVDA,5m
2026-04-30 19:40:00+00:00,200.7100067138672,201.0084991455078,200.58990478515625,200.76499938964844,1674310,NVDA,5m
2026-04-30 19:45:00+00:00,200.77000427246094,200.8800048828125,200.39999389648438,200.57000732421875,1875641,NVDA,5m
2026-04-30 19:50:00+00:00,200.5800018310547,200.92999267578125,200.1699981689453,200.5850067138672,4006820,NVDA,5m
2026-04-30 19:55:00+00:00,200.5850067138672,200.61000061035156,199.5,199.52999877929688,8974087,NVDA,5m
2026-05-01 13:30:00+00:00,201.27999877929688,203.0,200.19000244140625,201.6300048828125,9085126,NVDA,5m
2026-05-01 13:35:00+00:00,201.6199951171875,201.88999938964844,200.94000244140625,201.59500122070312,2577260,NVDA,5m
2026-05-01 13:40:00+00:00,201.5959930419922,202.55999755859375,201.4600067138672,201.93350219726562,3047324,NVDA,5m
2026-05-01 13:45:00+00:00,201.9600067138672,202.02000427246094,200.1300048828125,200.2899932861328,2930718,NVDA,5m
2026-05-01 13:50:00+00:00,200.25,200.5050048828125,199.17999267578125,199.19000244140625,3755459,NVDA,5m
2026-05-01 13:55:00+00:00,199.17999267578125,200.47999572753906,199.13999938964844,200.4600067138672,2724524,NVDA,5m
2026-05-01 14:00:00+00:00,200.47999572753906,200.61990356445312,199.5500030517578,199.69000244140625,2678780,NVDA,5m
2026-05-01 14:05:00+00:00,199.6999969482422,200.48989868164062,199.33999633789062,200.16990661621094,1876454,NVDA,5m
2026-05-01 14:10:00+00:00,200.14500427246094,200.3800048828125,199.8300018310547,199.9788055419922,1279808,NVDA,5m
2026-05-01 14:15:00+00:00,199.9600067138672,200.0399932861328,199.5,200.0260009765625,1778508,NVDA,5m
2026-05-01 14:20:00+00:00,200.02000427246094,200.0500030517578,199.63999938964844,199.75,1158416,NVDA,5m
2026-05-01 14:25:00+00:00,199.77000427246094,199.77000427246094,199.1999969482422,199.3000030517578,1886246,NVDA,5m
2026-05-01 14:30:00+00:00,199.30499267578125,199.32000732421875,197.3699951171875,197.56500244140625,5036829,NVDA,5m
2026-05-01 14:35:00+00:00,197.57989501953125,198.88999938964844,197.1199951171875,198.69009399414062,3302640,NVDA,5m
2026-05-01 14:40:00+00:00,198.6999969482422,199.4199981689453,198.4600067138672,199.27999877929688,2025587,NVDA,5m
2026-05-01 14:45:00+00:00,199.27499389648438,200.0500030517578,199.2200927734375,199.82000732421875,2339785,NVDA,5m
2026-05-01 14:50:00+00:00,199.80999755859375,200.0,199.33999633789062,199.6999969482422,1637042,NVDA,5m
2026-05-01 14:55:00+00:00,199.67010498046875,199.86000061035156,199.36000061035156,199.52870178222656,1540119,NVDA,5m
2026-05-01 15:00:00+00:00,199.52999877929688,199.72509765625,198.9499969482422,199.62010192871094,1295995,NVDA,5m
2026-05-01 15:05:00+00:00,199.64500427246094,199.82989501953125,199.3300018310547,199.40499877929688,868303,NVDA,5m
2026-05-01 15:10:00+00:00,199.39999389648438,199.6199951171875,199.25,199.47000122070312,881115,NVDA,5m
2026-05-01 15:15:00+00:00,199.47999572753906,199.74000549316406,199.4199981689453,199.55499267578125,1315776,NVDA,5m
2026-05-01 15:20:00+00:00,199.5399932861328,199.77999877929688,199.11000061035156,199.14999389648438,889776,NVDA,5m
2026-05-01 15:25:00+00:00,199.14500427246094,199.35000610351562,198.74000549316406,198.92999267578125,1957150,NVDA,5m
2026-05-01 15:30:00+00:00,198.92999267578125,199.1999053955078,198.75999450683594,198.82000732421875,1474932,NVDA,5m
2026-05-01 15:35:00+00:00,198.80999755859375,199.4199981689453,198.6999969482422,199.19000244140625,964163,NVDA,5m
2026-05-01 15:40:00+00:00,199.18899536132812,199.75,199.14999389648438,199.55999755859375,886193,NVDA,5m
2026-05-01 15:45:00+00:00,199.53500366210938,199.85000610351562,199.4405975341797,199.63999938964844,877112,NVDA,5m
2026-05-01 15:50:00+00:00,199.63999938964844,199.67999267578125,198.94000244140625,199.22999572753906,1372781,NVDA,5m
2026-05-01 15:55:00+00:00,199.25,199.38999938964844,198.88999938964844,199.1300048828125,806427,NVDA,5m
2026-05-01 16:00:00+00:00,199.1199951171875,199.24000549316406,198.9499969482422,199.03500366210938,644256,NVDA,5m
2026-05-01 16:05:00+00:00,199.0500030517578,199.16000366210938,198.52999877929688,198.59500122070312,855191,NVDA,5m
2026-05-01 16:10:00+00:00,198.58999633789062,199.0500030517578,198.47999572753906,198.9250030517578,993866,NVDA,5m
2026-05-01 16:15:00+00:00,198.9199981689453,199.0574951171875,198.86000061035156,199.0050048828125,683151,NVDA,5m
2026-05-01 16:20:00+00:00,199.0050048828125,199.39999389648438,198.86000061035156,199.1699981689453,1477924,NVDA,5m
2026-05-01 16:25:00+00:00,199.16000366210938,199.25,198.57000732421875,198.65499877929688,1173880,NVDA,5m
2026-05-01 16:30:00+00:00,198.64239501953125,198.86000061035156,198.60000610351562,198.82000732421875,669669,NVDA,5m
2026-05-01 16:35:00+00:00,198.82009887695312,198.9949951171875,198.6199951171875,198.9600067138672,550616,NVDA,5m
2026-05-01 16:40:00+00:00,198.94000244140625,198.99000549316406,198.61000061035156,198.6490020751953,595238,NVDA,5m
2026-05-01 16:45:00+00:00,198.64590454101562,198.92999267578125,198.55999755859375,198.91000366210938,623252,NVDA,5m
2026-05-01 16:50:00+00:00,198.9199981689453,199.3000030517578,198.85000610351562,199.27000427246094,735645,NVDA,5m
2026-05-01 16:55:00+00:00,199.27000427246094,199.33999633789062,199.1199951171875,199.1649932861328,595045,NVDA,5m
2026-05-01 17:00:00+00:00,199.14500427246094,199.35989379882812,199.14010620117188,199.35000610351562,438347,NVDA,5m
2026-05-01 17:05:00+00:00,199.35000610351562,199.63499450683594,199.3000030517578,199.6199951171875,681357,NVDA,5m
2026-05-01 17:10:00+00:00,199.61500549316406,199.9250030517578,199.61000061035156,199.83999633789062,974158,NVDA,5m
2026-05-01 17:15:00+00:00,199.8300018310547,200.1999969482422,199.75999450683594,200.1195068359375,1442425,NVDA,5m
2026-05-01 17:20:00+00:00,200.10000610351562,200.19000244140625,199.85000610351562,199.88999938964844,941764,NVDA,5m
2026-05-01 17:25:00+00:00,199.89999389648438,199.9149932861328,199.5399932861328,199.85000610351562,1010133,NVDA,5m
2026-05-01 17:30:00+00:00,199.85000610351562,200.05999755859375,199.7313995361328,199.96499633789062,670521,NVDA,5m
2026-05-01 17:35:00+00:00,199.9600067138672,200.1300048828125,199.8800048828125,200.0850067138672,631043,NVDA,5m
2026-05-01 17:40:00+00:00,200.0850067138672,200.2899932861328,199.91000366210938,200.07000732421875,782355,NVDA,5m
2026-05-01 17:45:00+00:00,200.0800018310547,200.10989379882812,199.7801055908203,199.93499755859375,595910,NVDA,5m
2026-05-01 17:50:00+00:00,199.94000244140625,200.07000732421875,199.80999755859375,199.9398956298828,525319,NVDA,5m
2026-05-01 17:55:00+00:00,199.9250030517578,200.0399932861328,199.5500030517578,199.64999389648438,642932,NVDA,5m
2026-05-01 18:00:00+00:00,199.65499877929688,199.75,199.1699981689453,199.28500366210938,914500,NVDA,5m
2026-05-01 18:05:00+00:00,199.27999877929688,199.52000427246094,199.10000610351562,199.5050048828125,679928,NVDA,5m
2026-05-01 18:10:00+00:00,199.50999450683594,199.63999938964844,199.14999389648438,199.1999969482422,914365,NVDA,5m
2026-05-01 18:15:00+00:00,199.1999969482422,199.26199340820312,199.00999450683594,199.13999938964844,692911,NVDA,5m
2026-05-01 18:20:00+00:00,199.1300048828125,199.36500549316406,199.00999450683594,199.2899932861328,647373,NVDA,5m
2026-05-01 18:25:00+00:00,199.29049682617188,199.3000030517578,198.92999267578125,199.13009643554688,827439,NVDA,5m
2026-05-01 18:30:00+00:00,199.1300048828125,199.2100067138672,198.9499969482422,198.9698944091797,810249,NVDA,5m
2026-05-01 18:35:00+00:00,198.97000122070312,198.99000549316406,198.6300048828125,198.8249969482422,1037087,NVDA,5m
2026-05-01 18:40:00+00:00,198.8249969482422,198.85000610351562,198.4600067138672,198.625,914635,NVDA,5m
2026-05-01 18:45:00+00:00,198.6300048828125,198.6750030517578,198.22000122070312,198.43499755859375,962587,NVDA,5m
2026-05-01 18:50:00+00:00,198.4499969482422,198.6699981689453,198.3000030517578,198.41990661621094,929924,NVDA,5m
2026-05-01 18:55:00+00:00,198.4199981689453,198.72000122070312,198.30999755859375,198.35499572753906,844665,NVDA,5m
2026-05-01 19:00:00+00:00,198.3699951171875,198.64999389648438,198.17999267578125,198.45010375976562,862852,NVDA,5m
2026-05-01 19:05:00+00:00,198.4600067138672,198.6699981689453,198.36000061035156,198.64500427246094,603345,NVDA,5m
2026-05-01 19:10:00+00:00,198.64010620117188,199.05999755859375,198.4600067138672,199.02499389648438,1322796,NVDA,5m
2026-05-01 19:15:00+00:00,199.02000427246094,199.5198974609375,198.97000122070312,199.4001007080078,1483348,NVDA,5m
2026-05-01 19:20:00+00:00,199.39999389648438,199.7449951171875,199.32000732421875,199.66000366210938,1181878,NVDA,5m
2026-05-01 19:25:00+00:00,199.66000366210938,199.8300018310547,199.61000061035156,199.71499633789062,1219800,NVDA,5m
2026-05-01 19:30:00+00:00,199.72000122070312,199.9199981689453,199.49000549316406,199.85000610351562,1445195,NVDA,5m
2026-05-01 19:35:00+00:00,199.85000610351562,199.8699951171875,199.60000610351562,199.6999969482422,1015973,NVDA,5m
2026-05-01 19:40:00+00:00,199.6999969482422,199.85000610351562,199.5,199.60499572753906,1196850,NVDA,5m
2026-05-01 19:45:00+00:00,199.61000061035156,199.6199951171875,199.05990600585938,199.1649932861328,1141622,NVDA,5m
2026-05-01 19:50:00+00:00,199.1649932861328,199.35000610351562,198.77200317382812,199.0449981689453,2380106,NVDA,5m
2026-05-01 19:55:00+00:00,199.0500030517578,199.0500030517578,198.22000122070312,198.4199981689453,4054011,NVDA,5m
2026-05-04 13:30:00+00:00,199.5399932861328,200.75,197.89999389648438,200.02520751953125,10022032,NVDA,5m
2026-05-04 13:35:00+00:00,199.99009704589844,201.64990234375,199.95010375976562,200.36000061035156,3421677,NVDA,5m
2026-05-04 13:40:00+00:00,200.35800170898438,201.72999572753906,200.2449951171875,200.44500732421875,2597263,NVDA,5m
2026-05-04 13:45:00+00:00,200.4149932861328,200.4600067138672,199.22000122070312,199.3000030517578,2233338,NVDA,5m
2026-05-04 13:50:00+00:00,199.27999877929688,199.63999938964844,198.48500061035156,198.5850067138672,2189386,NVDA,5m
2026-05-04 13:55:00+00:00,198.58999633789062,198.85989379882812,197.6300048828125,198.60740661621094,3249401,NVDA,5m
2026-05-04 14:00:00+00:00,198.64999389648438,198.97999572753906,198.0500030517578,198.39500427246094,1848994,NVDA,5m
2026-05-04 14:05:00+00:00,198.4199981689453,198.72000122070312,197.8000030517578,197.93499755859375,1985245,NVDA,5m
2026-05-04 14:10:00+00:00,197.947998046875,199.04989624023438,197.92999267578125,198.76499938964844,1786855,NVDA,5m
2026-05-04 14:15:00+00:00,198.77000427246094,198.88999938964844,198.00999450683594,198.11000061035156,1435090,NVDA,5m
2026-05-04 14:20:00+00:00,198.1199951171875,198.3000030517578,197.80499267578125,198.0399932861328,1706602,NVDA,5m
2026-05-04 14:25:00+00:00,198.00999450683594,198.0998992919922,197.33999633789062,197.375,1788353,NVDA,5m
2026-05-04 14:30:00+00:00,197.3800048828125,198.05999755859375,197.3000030517578,197.77999877929688,1488193,NVDA,5m
2026-05-04 14:35:00+00:00,197.77000427246094,197.89999389648438,197.4199981689453,197.76499938964844,1249376,NVDA,5m
2026-05-04 14:40:00+00:00,197.75010681152344,198.08999633789062,197.7100067138672,197.93499755859375,1335803,NVDA,5m
2026-05-04 14:45:00+00:00,197.93499755859375,198.39999389648438,197.92010498046875,197.98300170898438,1231922,NVDA,5m
2026-05-04 14:50:00+00:00,197.99000549316406,198.24000549316406,197.82000732421875,198.13250732421875,886107,NVDA,5m
2026-05-04 14:55:00+00:00,198.1300048828125,198.27000427246094,197.19000244140625,197.22999572753906,1677782,NVDA,5m
2026-05-04 15:00:00+00:00,197.22999572753906,198.02000427246094,196.9199981689453,197.8699951171875,1938646,NVDA,5m
2026-05-04 15:05:00+00:00,197.86000061035156,197.92990112304688,197.50999450683594,197.6649932861328,953863,NVDA,5m
2026-05-04 15:10:00+00:00,197.6699981689453,197.8699951171875,196.8101043701172,196.96499633789062,1660075,NVDA,5m
2026-05-04 15:15:00+00:00,196.9600067138672,197.10000610351562,195.8000030517578,195.89999389648438,2678213,NVDA,5m
2026-05-04 15:20:00+00:00,195.875,196.02000427246094,194.74000549316406,194.9499969482422,4241850,NVDA,5m
2026-05-04 15:25:00+00:00,194.9499969482422,195.9499053955078,194.90750122070312,195.75599670410156,1932117,NVDA,5m
2026-05-04 15:30:00+00:00,195.8000030517578,196.0399932861328,195.25,195.86500549316406,1640886,NVDA,5m
2026-05-04 15:35:00+00:00,195.8699951171875,196.19500732421875,195.3800048828125,195.87660217285156,1419663,NVDA,5m
2026-05-04 15:40:00+00:00,195.9199981689453,196.50999450683594,195.55999755859375,196.39999389648438,1415675,NVDA,5m
2026-05-04 15:45:00+00:00,196.40499877929688,196.5399932861328,196.10000610351562,196.1300048828125,966927,NVDA,5m
2026-05-04 15:50:00+00:00,196.1300048828125,196.4149932861328,195.72999572753906,196.14999389648438,2236041,NVDA,5m
2026-05-04 15:55:00+00:00,196.14999389648438,196.27999877929688,195.5800018310547,195.69000244140625,1131011,NVDA,5m
2026-05-04 16:00:00+00:00,195.69000244140625,195.90879821777344,195.32000732421875,195.89999389648438,1165010,NVDA,5m
2026-05-04 16:05:00+00:00,195.90499877929688,195.9600067138672,194.86000061035156,195.47000122070312,1775413,NVDA,5m
2026-05-04 16:10:00+00:00,195.47000122070312,195.6999053955078,194.99000549316406,195.5,1179455,NVDA,5m
2026-05-04 16:15:00+00:00,195.50650024414062,196.5894012451172,195.11000061035156,196.3249969482422,1459055,NVDA,5m
2026-05-04 16:20:00+00:00,196.35000610351562,196.5699005126953,196.21270751953125,196.3000030517578,885439,NVDA,5m
2026-05-04 16:25:00+00:00,196.27999877929688,196.5749969482422,196.0301055908203,196.22000122070312,1190415,NVDA,5m
2026-05-04 16:30:00+00:00,196.22979736328125,196.58999633789062,196.11000061035156,196.5,717148,NVDA,5m
2026-05-04 16:35:00+00:00,196.49009704589844,196.58900451660156,196.14999389648438,196.1649932861328,996346,NVDA,5m
2026-05-04 16:40:00+00:00,196.16000366210938,196.8885955810547,196.14999389648438,196.76300048828125,994796,NVDA,5m
2026-05-04 16:45:00+00:00,196.75990295410156,196.86000061035156,196.57000732421875,196.83999633789062,712152,NVDA,5m
2026-05-04 16:50:00+00:00,196.8300018310547,196.85569763183594,196.47999572753906,196.6999969482422,663698,NVDA,5m
2026-05-04 16:55:00+00:00,196.72000122070312,196.83999633789062,196.63999938964844,196.7100067138672,533015,NVDA,5m
2026-05-04 17:00:00+00:00,196.7100067138672,197.1699981689453,196.7100067138672,197.02499389648438,964949,NVDA,5m
2026-05-04 17:05:00+00:00,197.03990173339844,197.18499755859375,196.89999389648438,197.1699981689453,779804,NVDA,5m
2026-05-04 17:10:00+00:00,197.1501007080078,197.3000030517578,197.0,197.25010681152344,799033,NVDA,5m
2026-05-04 17:15:00+00:00,197.25,197.75,197.16000366210938,197.72999572753906,1055009,NVDA,5m
2026-05-04 17:20:00+00:00,197.74000549316406,197.82000732421875,197.52000427246094,197.65499877929688,964254,NVDA,5m
2026-05-04 17:25:00+00:00,197.66000366210938,197.6999053955078,197.22999572753906,197.3000030517578,683926,NVDA,5m
2026-05-04 17:30:00+00:00,197.2899932861328,197.32000732421875,197.0500030517578,197.07000732421875,762656,NVDA,5m
2026-05-04 17:35:00+00:00,197.06500244140625,197.43499755859375,196.91000366210938,197.402099609375,848274,NVDA,5m
2026-05-04 17:40:00+00:00,197.42999267578125,197.8000030517578,197.3249969482422,197.6699981689453,786393,NVDA,5m
2026-05-04 17:45:00+00:00,197.67999267578125,197.74000549316406,197.42010498046875,197.72000122070312,664509,NVDA,5m
2026-05-04 17:50:00+00:00,197.6999969482422,198.0684051513672,197.67999267578125,197.8925018310547,1070206,NVDA,5m
2026-05-04 17:55:00+00:00,197.89500427246094,198.42990112304688,197.88250732421875,198.30999755859375,1204515,NVDA,5m
2026-05-04 18:00:00+00:00,198.30999755859375,199.07989501953125,198.30999755859375,198.99000549316406,1524562,NVDA,5m
2026-05-04 18:05:00+00:00,198.98500061035156,199.139892578125,198.89999389648438,198.99000549316406,1258770,NVDA,5m
2026-05-04 18:10:00+00:00,198.99000549316406,199.1999969482422,198.61000061035156,198.6649932861328,1262463,NVDA,5m
2026-05-04 18:15:00+00:00,198.6649932861328,198.72999572753906,198.47999572753906,198.52499389648438,740664,NVDA,5m
2026-05-04 18:20:00+00:00,198.52000427246094,198.57000732421875,198.16830444335938,198.25999450683594,832687,NVDA,5m
2026-05-04 18:25:00+00:00,198.25,198.2725067138672,197.8699951171875,198.22999572753906,1101660,NVDA,5m
2026-05-04 18:30:00+00:00,198.24000549316406,198.2799072265625,197.88999938964844,198.00999450683594,727595,NVDA,5m
2026-05-04 18:35:00+00:00,198.00999450683594,198.02999877929688,197.74000549316406,197.85000610351562,660565,NVDA,5m
2026-05-04 18:40:00+00:00,197.84500122070312,197.85000610351562,197.35000610351562,197.47500610351562,666628,NVDA,5m
2026-05-04 18:45:00+00:00,197.47999572753906,197.6699981689453,197.4199981689453,197.6501007080078,765081,NVDA,5m
2026-05-04 18:50:00+00:00,197.6540985107422,197.8000030517578,197.52000427246094,197.7100067138672,1780085,NVDA,5m
2026-05-04 18:55:00+00:00,197.7100067138672,198.3300018310547,197.69500732421875,198.22000122070312,1211910,NVDA,5m
2026-05-04 19:00:00+00:00,198.24000549316406,198.2899932861328,197.75,197.97000122070312,824527,NVDA,5m
2026-05-04 19:05:00+00:00,197.99000549316406,198.3699951171875,197.86000061035156,198.27499389648438,868057,NVDA,5m
2026-05-04 19:10:00+00:00,198.25999450683594,198.4499969482422,198.17999267578125,198.36500549316406,859163,NVDA,5m
2026-05-04 19:15:00+00:00,198.36500549316406,198.5,198.13499450683594,198.19009399414062,670347,NVDA,5m
2026-05-04 19:20:00+00:00,198.19000244140625,198.4199981689453,198.07000732421875,198.375,749972,NVDA,5m
2026-05-04 19:25:00+00:00,198.38999938964844,198.72999572753906,198.1300048828125,198.63999938964844,893838,NVDA,5m
2026-05-04 19:30:00+00:00,198.6300048828125,199.1199951171875,198.52999877929688,198.99000549316406,1521625,NVDA,5m
2026-05-04 19:35:00+00:00,198.99000549316406,199.17999267578125,198.7801055908203,198.80999755859375,1048511,NVDA,5m
2026-05-04 19:40:00+00:00,198.82989501953125,198.86000061035156,198.5399932861328,198.72500610351562,903020,NVDA,5m
2026-05-04 19:45:00+00:00,198.72000122070312,198.86990356445312,198.60000610351562,198.8300018310547,906520,NVDA,5m
2026-05-04 19:50:00+00:00,198.8300018310547,198.8300018310547,198.3300018310547,198.41000366210938,1311063,NVDA,5m
2026-05-04 19:55:00+00:00,198.4080047607422,198.58999633789062,198.0,198.55999755859375,3520033,NVDA,5m
2026-05-05 13:30:00+00:00,199.3000030517578,199.9600067138672,198.11000061035156,199.1999969482422,7954733,NVDA,5m
2026-05-05 13:35:00+00:00,199.19500732421875,199.72000122070312,198.66000366210938,199.13999938964844,2056858,NVDA,5m
2026-05-05 13:40:00+00:00,199.1300048828125,199.9429931640625,199.07029724121094,199.55999755859375,2506883,NVDA,5m
2026-05-05 13:45:00+00:00,199.5395050048828,200.24000549316406,199.3000030517578,199.77789306640625,2563687,NVDA,5m
2026-05-05 13:50:00+00:00,199.75999450683594,200.1699981689453,199.47999572753906,199.49000549316406,2073049,NVDA,5m
2026-05-05 13:55:00+00:00,199.4801025390625,199.77000427246094,198.27000427246094,198.47999572753906,2077847,NVDA,5m
2026-05-05 14:00:00+00:00,198.47500610351562,198.99000549316406,197.89999389648438,198.83999633789062,2395890,NVDA,5m
2026-05-05 14:05:00+00:00,198.85989379882812,198.9257049560547,198.41000366210938,198.8300018310547,1651109,NVDA,5m
2026-05-05 14:10:00+00:00,198.8300018310547,198.85000610351562,197.63009643554688,197.91510009765625,1970413,NVDA,5m
2026-05-05 14:15:00+00:00,197.8798065185547,198.3300018310547,197.5,197.6699981689453,1971654,NVDA,5m
2026-05-05 14:20:00+00:00,197.6699981689453,198.9550018310547,197.6501007080078,198.8300018310547,1715965,NVDA,5m
2026-05-05 14:25:00+00:00,198.77999877929688,199.02999877929688,198.4499969482422,198.52499389648438,1606592,NVDA,5m
2026-05-05 14:30:00+00:00,198.5200958251953,198.6999969482422,198.13999938964844,198.30990600585938,1005156,NVDA,5m
2026-05-05 14:35:00+00:00,198.3300018310547,198.5,197.3800048828125,197.46499633789062,2153051,NVDA,5m
2026-05-05 14:40:00+00:00,197.4600067138672,197.6699981689453,197.0200958251953,197.0699005126953,2050378,NVDA,5m
2026-05-05 14:45:00+00:00,197.0399932861328,197.58999633789062,197.02999877929688,197.5509033203125,1330442,NVDA,5m
2026-05-05 14:50:00+00:00,197.5399932861328,197.5399932861328,196.92999267578125,197.1300048828125,1448520,NVDA,5m
2026-05-05 14:55:00+00:00,197.14999389648438,197.30999755859375,196.75999450683594,197.13999938964844,1530007,NVDA,5m
2026-05-05 15:00:00+00:00,197.110107421875,197.3800048828125,196.85000610351562,197.36500549316406,1215655,NVDA,5m
2026-05-05 15:05:00+00:00,197.3699951171875,197.49000549316406,197.05999755859375,197.10000610351562,1024310,NVDA,5m
2026-05-05 15:10:00+00:00,197.09500122070312,197.9199981689453,197.00999450683594,197.74000549316406,1352050,NVDA,5m
2026-05-05 15:15:00+00:00,197.72000122070312,197.8800048828125,197.0399932861328,197.15499877929688,931294,NVDA,5m
2026-05-05 15:20:00+00:00,197.14999389648438,197.55499267578125,196.8800048828125,197.07000732421875,1243120,NVDA,5m
2026-05-05 15:25:00+00:00,197.07000732421875,197.3300018310547,196.66000366210938,197.0301971435547,1233027,NVDA,5m
2026-05-05 15:30:00+00:00,197.03500366210938,197.11000061035156,196.83009338378906,196.99000549316406,1020868,NVDA,5m
2026-05-05 15:35:00+00:00,196.99000549316406,197.3800048828125,196.89999389648438,197.11500549316406,1023500,NVDA,5m
2026-05-05 15:40:00+00:00,197.11500549316406,197.4199981689453,197.01499938964844,197.35499572753906,922204,NVDA,5m
2026-05-05 15:45:00+00:00,197.36500549316406,197.4799041748047,197.1199951171875,197.3000030517578,803903,NVDA,5m
2026-05-05 15:50:00+00:00,197.3000030517578,197.4499969482422,197.16000366210938,197.31500244140625,653385,NVDA,5m
2026-05-05 15:55:00+00:00,197.32000732421875,197.44000244140625,197.13999938964844,197.4199981689453,646454,NVDA,5m
2026-05-05 16:00:00+00:00,197.4199981689453,197.67999267578125,197.4199981689453,197.47000122070312,1078938,NVDA,5m
2026-05-05 16:05:00+00:00,197.46499633789062,197.64999389648438,197.26510620117188,197.50999450683594,932739,NVDA,5m
2026-05-05 16:10:00+00:00,197.52000427246094,197.82000732421875,197.35499572753906,197.75100708007812,751131,NVDA,5m
2026-05-05 16:15:00+00:00,197.75999450683594,197.97000122070312,197.6300048828125,197.93499755859375,861153,NVDA,5m
2026-05-05 16:20:00+00:00,197.94500732421875,198.30999755859375,197.91000366210938,198.2100067138672,1162888,NVDA,5m
2026-05-05 16:25:00+00:00,198.2100067138672,198.5,197.6300048828125,197.97500610351562,1251744,NVDA,5m
2026-05-05 16:30:00+00:00,197.9698944091797,198.0500030517578,197.6699981689453,198.03990173339844,676505,NVDA,5m
2026-05-05 16:35:00+00:00,198.03500366210938,198.10000610351562,197.72999572753906,197.75,736747,NVDA,5m
2026-05-05 16:40:00+00:00,197.75,197.77999877929688,197.3699951171875,197.60000610351562,742023,NVDA,5m
2026-05-05 16:45:00+00:00,197.60000610351562,197.8800048828125,197.5,197.69500732421875,572909,NVDA,5m
2026-05-05 16:50:00+00:00,197.67999267578125,197.8249969482422,197.5301055908203,197.5399932861328,464363,NVDA,5m
2026-05-05 16:55:00+00:00,197.53500366210938,197.7100067138672,197.44000244140625,197.61000061035156,514510,NVDA,5m
2026-05-05 17:00:00+00:00,197.6199951171875,197.7899932861328,197.5,197.72999572753906,597707,NVDA,5m
2026-05-05 17:05:00+00:00,197.72999572753906,197.7899932861328,197.44000244140625,197.47999572753906,449535,NVDA,5m
2026-05-05 17:10:00+00:00,197.47999572753906,197.60000610351562,197.32000732421875,197.55999755859375,558116,NVDA,5m
2026-05-05 17:15:00+00:00,197.5500946044922,197.63999938964844,197.29200744628906,197.3249969482422,609016,NVDA,5m
2026-05-05 17:20:00+00:00,197.33999633789062,197.52000427246094,197.14999389648438,197.33999633789062,695160,NVDA,5m
2026-05-05 17:25:00+00:00,197.32000732421875,197.83999633789062,197.3000030517578,197.78500366210938,770220,NVDA,5m
2026-05-05 17:30:00+00:00,197.78500366210938,197.97999572753906,197.42999267578125,197.6051025390625,733726,NVDA,5m
2026-05-05 17:35:00+00:00,197.60499572753906,197.60989379882812,197.35000610351562,197.38949584960938,400573,NVDA,5m
2026-05-05 17:40:00+00:00,197.38999938964844,197.50999450683594,197.30999755859375,197.39999389648438,486761,NVDA,5m
2026-05-05 17:45:00+00:00,197.4149932861328,197.4698944091797,197.1300048828125,197.1988067626953,578741,NVDA,5m
2026-05-05 17:50:00+00:00,197.19000244140625,197.5050048828125,197.17010498046875,197.36700439453125,742171,NVDA,5m
2026-05-05 17:55:00+00:00,197.36500549316406,197.42999267578125,197.2100067138672,197.2100067138672,470364,NVDA,5m
2026-05-05 18:00:00+00:00,197.2100067138672,197.30999755859375,196.99000549316406,197.2530059814453,914366,NVDA,5m
2026-05-05 18:05:00+00:00,197.24009704589844,197.25,197.02000427246094,197.13949584960938,743442,NVDA,5m
2026-05-05 18:10:00+00:00,197.1300048828125,197.42999267578125,197.08999633789062,197.4199981689453,706897,NVDA,5m
2026-05-05 18:15:00+00:00,197.4149932861328,197.47999572753906,197.1699981689453,197.36500549316406,735896,NVDA,5m
2026-05-05 18:20:00+00:00,197.36500549316406,197.60499572753906,197.36000061035156,197.4499969482422,740079,NVDA,5m
2026-05-05 18:25:00+00:00,197.4550018310547,197.8000030517578,197.42999267578125,197.5,849027,NVDA,5m
2026-05-05 18:30:00+00:00,197.5,197.63999938964844,197.3300018310547,197.33009338378906,590356,NVDA,5m
2026-05-05 18:35:00+00:00,197.3350067138672,197.60000610351562,197.3300018310547,197.47000122070312,563867,NVDA,5m
2026-05-05 18:40:00+00:00,197.47000122070312,197.55999755859375,197.4199981689453,197.49000549316406,464539,NVDA,5m
2026-05-05 18:45:00+00:00,197.5,197.64999389648438,197.16009521484375,197.2050018310547,671262,NVDA,5m
2026-05-05 18:50:00+00:00,197.19000244140625,197.22000122070312,196.36000061035156,196.52850341796875,2229754,NVDA,5m
2026-05-05 18:55:00+00:00,196.5,196.80999755859375,196.5,196.72000122070312,849900,NVDA,5m
2026-05-05 19:00:00+00:00,196.72500610351562,196.84500122070312,196.33340454101562,196.46499633789062,1164499,NVDA,5m
2026-05-05 19:05:00+00:00,196.4600067138672,196.72000122070312,196.39999389648438,196.64999389648438,855872,NVDA,5m
2026-05-05 19:10:00+00:00,196.63999938964844,196.88999938964844,196.55999755859375,196.55999755859375,871327,NVDA,5m
2026-05-05 19:15:00+00:00,196.55499267578125,196.57000732421875,196.30999755859375,196.47999572753906,1055556,NVDA,5m
2026-05-05 19:20:00+00:00,196.47999572753906,196.75,196.39999389648438,196.60989379882812,1118292,NVDA,5m
2026-05-05 19:25:00+00:00,196.60499572753906,196.74000549316406,196.24000549316406,196.30999755859375,1117923,NVDA,5m
2026-05-05 19:30:00+00:00,196.30499267578125,196.3800048828125,196.07000732421875,196.07000732421875,1096038,NVDA,5m
2026-05-05 19:35:00+00:00,196.0749969482422,196.52499389648438,196.02999877929688,196.4499969482422,1234998,NVDA,5m
2026-05-05 19:40:00+00:00,196.44000244140625,196.60000610351562,196.22000122070312,196.38150024414062,1052755,NVDA,5m
2026-05-05 19:45:00+00:00,196.38499450683594,196.57000732421875,196.3300018310547,196.51950073242188,919863,NVDA,5m
2026-05-05 19:50:00+00:00,196.50999450683594,196.50999450683594,196.14500427246094,196.28500366210938,1969314,NVDA,5m
2026-05-05 19:55:00+00:00,196.3000030517578,196.52000427246094,196.14999389648438,196.5,3368551,NVDA,5m
2026-05-06 13:30:00+00:00,199.80999755859375,201.60000610351562,198.61000061035156,201.24009704589844,16462783,NVDA,5m
2026-05-06 13:35:00+00:00,201.24000549316406,201.35000610351562,199.52000427246094,200.5399932861328,2917024,NVDA,5m
2026-05-06 13:40:00+00:00,200.5395050048828,201.49000549316406,200.1300048828125,201.27000427246094,2918726,NVDA,5m
2026-05-06 13:45:00+00:00,201.27000427246094,202.58990478515625,201.27000427246094,201.86000061035156,4805611,NVDA,5m
2026-05-06 13:50:00+00:00,201.85499572753906,203.74000549316406,201.0800018310547,203.72000122070312,4892204,NVDA,5m
2026-05-06 13:55:00+00:00,203.71499633789062,204.60000610351562,203.52999877929688,204.44500732421875,5032249,NVDA,5m
2026-05-06 14:00:00+00:00,204.4600067138672,204.66000366210938,202.9409942626953,203.0904998779297,3754164,NVDA,5m
2026-05-06 14:05:00+00:00,203.02000427246094,204.75,202.985107421875,204.72500610351562,3139031,NVDA,5m
2026-05-06 14:10:00+00:00,204.72000122070312,205.8300018310547,204.50010681152344,205.4311981201172,4387224,NVDA,5m
2026-05-06 14:15:00+00:00,205.4199981689453,205.4499053955078,203.25,203.33999633789062,3348937,NVDA,5m
2026-05-06 14:20:00+00:00,203.36000061035156,203.8125,202.9199981689453,203.75999450683594,2966780,NVDA,5m
2026-05-06 14:25:00+00:00,203.77059936523438,205.17999267578125,203.74000549316406,203.9499969482422,2972011,NVDA,5m
2026-05-06 14:30:00+00:00,203.9694061279297,205.02000427246094,203.95179748535156,204.99000549316406,2204412,NVDA,5m
2026-05-06 14:35:00+00:00,204.9949951171875,205.1999969482422,204.55999755859375,204.7949981689453,2066914,NVDA,5m
2026-05-06 14:40:00+00:00,204.79510498046875,205.3800048828125,204.57009887695312,204.9199981689453,2158227,NVDA,5m
2026-05-06 14:45:00+00:00,204.93499755859375,205.0800018310547,204.33999633789062,204.9300994873047,1966604,NVDA,5m
2026-05-06 14:50:00+00:00,204.94000244140625,205.3699951171875,204.8300018310547,205.16000366210938,1476592,NVDA,5m
2026-05-06 14:55:00+00:00,205.16000366210938,205.4550018310547,204.61000061035156,204.75990295410156,1497125,NVDA,5m
2026-05-06 15:00:00+00:00,204.72000122070312,204.99000549316406,204.30999755859375,204.52999877929688,1290621,NVDA,5m
2026-05-06 15:05:00+00:00,204.55499267578125,205.1999969482422,204.33999633789062,204.56100463867188,1447627,NVDA,5m
2026-05-06 15:10:00+00:00,204.5749969482422,204.7899932861328,203.50999450683594,204.00999450683594,1923529,NVDA,5m
2026-05-06 15:15:00+00:00,203.9824981689453,204.9398956298828,203.71499633789062,204.80999755859375,1440463,NVDA,5m
2026-05-06 15:20:00+00:00,204.83999633789062,206.33999633789062,204.83009338378906,206.2899932861328,2894120,NVDA,5m
2026-05-06 15:25:00+00:00,206.27980041503906,206.79989624023438,206.1905975341797,206.35000610351562,2592569,NVDA,5m
2026-05-06 15:30:00+00:00,206.3800048828125,207.1096954345703,206.3699951171875,207.0050048828125,2246106,NVDA,5m
2026-05-06 15:35:00+00:00,207.0050048828125,207.17999267578125,205.8800048828125,205.89999389648438,1984214,NVDA,5m
2026-05-06 15:40:00+00:00,205.88999938964844,206.10000610351562,205.17999267578125,205.47999572753906,1527653,NVDA,5m
2026-05-06 15:45:00+00:00,205.4965057373047,205.69000244140625,204.75120544433594,204.85499572753906,1543103,NVDA,5m
2026-05-06 15:50:00+00:00,204.85940551757812,205.0399932861328,204.60000610351562,204.94439697265625,1281617,NVDA,5m
2026-05-06 15:55:00+00:00,204.9499053955078,205.17999267578125,204.6300048828125,204.8300018310547,1235859,NVDA,5m
2026-05-06 16:00:00+00:00,204.77000427246094,205.44000244140625,204.72999572753906,205.28500366210938,1127503,NVDA,5m
2026-05-06 16:05:00+00:00,205.28500366210938,205.4698944091797,204.96009826660156,205.125,986460,NVDA,5m
2026-05-06 16:10:00+00:00,205.14010620117188,205.72000122070312,205.13499450683594,205.64990234375,1219278,NVDA,5m
2026-05-06 16:15:00+00:00,205.6300048828125,205.79989624023438,205.13999938964844,205.15499877929688,1106872,NVDA,5m
2026-05-06 16:20:00+00:00,205.14999389648438,205.39999389648438,204.94009399414062,205.0850067138672,882457,NVDA,5m
2026-05-06 16:25:00+00:00,205.0850067138672,205.57989501953125,205.0850067138672,205.2698974609375,930961,NVDA,5m
2026-05-06 16:30:00+00:00,205.25999450683594,205.41990661621094,204.9604949951172,205.09010314941406,855433,NVDA,5m
2026-05-06 16:35:00+00:00,205.12939453125,205.24000549316406,204.66000366210938,204.8000030517578,933439,NVDA,5m
2026-05-06 16:40:00+00:00,204.81500244140625,205.1699981689453,204.50999450683594,204.84010314941406,927716,NVDA,5m
2026-05-06 16:45:00+00:00,204.8699951171875,204.89999389648438,204.36000061035156,204.58749389648438,957756,NVDA,5m
2026-05-06 16:50:00+00:00,204.58999633789062,204.67999267578125,204.0399932861328,204.15130615234375,863287,NVDA,5m
2026-05-06 16:55:00+00:00,204.1699981689453,204.8800048828125,203.9499969482422,204.82000732421875,1324554,NVDA,5m
2026-05-06 17:00:00+00:00,204.8199005126953,204.94000244140625,204.5,204.83709716796875,955082,NVDA,5m
2026-05-06 17:05:00+00:00,204.8300018310547,204.99000549316406,204.52000427246094,204.52999877929688,892729,NVDA,5m
2026-05-06 17:10:00+00:00,204.51690673828125,204.8300018310547,204.4499969482422,204.77999877929688,773200,NVDA,5m
2026-05-06 17:15:00+00:00,204.77000427246094,205.11000061035156,204.52999877929688,205.0500030517578,851897,NVDA,5m
2026-05-06 17:20:00+00:00,205.04519653320312,205.52000427246094,205.0449981689453,205.32000732421875,1054854,NVDA,5m
2026-05-06 17:25:00+00:00,205.32000732421875,205.32919311523438,205.02999877929688,205.0699005126953,683955,NVDA,5m
2026-05-06 17:30:00+00:00,205.07000732421875,205.3800048828125,204.96009826660156,205.25950622558594,633521,NVDA,5m
2026-05-06 17:35:00+00:00,205.27000427246094,205.8800048828125,205.22000122070312,205.47000122070312,1035730,NVDA,5m
2026-05-06 17:40:00+00:00,205.4600067138672,205.92999267578125,205.3800048828125,205.87939453125,931296,NVDA,5m
2026-05-06 17:45:00+00:00,205.88999938964844,205.97000122070312,205.30999755859375,205.36000061035156,876053,NVDA,5m
2026-05-06 17:50:00+00:00,205.32000732421875,205.64999389648438,205.23500061035156,205.61300659179688,557664,NVDA,5m
2026-05-06 17:55:00+00:00,205.6199951171875,205.8000030517578,205.3300018310547,205.45260620117188,779234,NVDA,5m
2026-05-06 18:00:00+00:00,205.45010375976562,205.77999877929688,205.39999389648438,205.75,691935,NVDA,5m
2026-05-06 18:05:00+00:00,205.74000549316406,206.4199981689453,205.74000549316406,206.04989624023438,1681117,NVDA,5m
2026-05-06 18:10:00+00:00,206.0500030517578,206.10989379882812,205.72000122070312,205.88499450683594,1088454,NVDA,5m
2026-05-06 18:15:00+00:00,205.8699951171875,206.8800048828125,205.85000610351562,206.7191925048828,1374727,NVDA,5m
2026-05-06 18:20:00+00:00,206.7100067138672,206.8800048828125,206.58999633789062,206.7949981689453,990866,NVDA,5m
2026-05-06 18:25:00+00:00,206.80990600585938,207.2100067138672,206.8000030517578,207.02000427246094,1659561,NVDA,5m
2026-05-06 18:30:00+00:00,207.03880310058594,207.25,206.77999877929688,207.2301025390625,1158992,NVDA,5m
2026-05-06 18:35:00+00:00,207.24000549316406,207.6999053955078,207.2100067138672,207.67999267578125,1496363,NVDA,5m
2026-05-06 18:40:00+00:00,207.6750030517578,208.0500030517578,207.64999389648438,207.68499755859375,1942155,NVDA,5m
2026-05-06 18:45:00+00:00,207.664306640625,207.9149932861328,207.1024932861328,207.164306640625,1748092,NVDA,5m
2026-05-06 18:50:00+00:00,207.1300048828125,207.33999633789062,206.9199981689453,207.32699584960938,1250406,NVDA,5m
2026-05-06 18:55:00+00:00,207.32009887695312,207.37989807128906,206.6699981689453,206.69900512695312,1095808,NVDA,5m
2026-05-06 19:00:00+00:00,206.69500732421875,207.35499572753906,206.51300048828125,207.34030151367188,1520347,NVDA,5m
2026-05-06 19:05:00+00:00,207.34500122070312,207.52999877929688,207.08999633789062,207.3000030517578,1349110,NVDA,5m
2026-05-06 19:10:00+00:00,207.3000030517578,207.49000549316406,207.10000610351562,207.19700622558594,1192193,NVDA,5m
2026-05-06 19:15:00+00:00,207.15499877929688,207.38999938964844,206.8699951171875,207.0,1148538,NVDA,5m
2026-05-06 19:20:00+00:00,207.00999450683594,207.2899932861328,207.0,207.17999267578125,1282230,NVDA,5m
2026-05-06 19:25:00+00:00,207.18499755859375,207.77000427246094,207.18460083007812,207.6199951171875,1669400,NVDA,5m
2026-05-06 19:30:00+00:00,207.61000061035156,207.63999938964844,207.0500030517578,207.2899932861328,3154915,NVDA,5m
2026-05-06 19:35:00+00:00,207.2899932861328,207.5399932861328,207.02000427246094,207.44000244140625,1335935,NVDA,5m
2026-05-06 19:40:00+00:00,207.4300994873047,207.5399932861328,207.00999450683594,207.08999633789062,1364531,NVDA,5m
2026-05-06 19:45:00+00:00,207.08999633789062,207.39999389648438,207.05999755859375,207.39010620117188,1508823,NVDA,5m
2026-05-06 19:50:00+00:00,207.38999938964844,207.5449981689453,206.88999938964844,207.41000366210938,2720740,NVDA,5m
2026-05-06 19:55:00+00:00,207.4010009765625,208.26499938964844,207.4010009765625,207.6649932861328,7058195,NVDA,5m
2026-05-07 13:30:00+00:00,208.31500244140625,208.4199981689453,206.5,207.3199005126953,13420771,NVDA,5m
2026-05-07 13:35:00+00:00,207.32000732421875,208.74000549316406,206.9199981689453,208.125,3216289,NVDA,5m
2026-05-07 13:40:00+00:00,208.13619995117188,208.63999938964844,207.0,207.41000366210938,2761025,NVDA,5m
2026-05-07 13:45:00+00:00,207.47000122070312,208.35989379882812,207.15499877929688,208.07730102539062,2336612,NVDA,5m
2026-05-07 13:50:00+00:00,208.0749969482422,209.85000610351562,208.0399932861328,209.77999877929688,3465465,NVDA,5m
2026-05-07 13:55:00+00:00,209.7949981689453,210.5,208.7100067138672,208.86000061035156,4271478,NVDA,5m
2026-05-07 14:00:00+00:00,208.89999389648438,210.6999969482422,208.7899932861328,210.63999938964844,3045166,NVDA,5m
2026-05-07 14:05:00+00:00,210.6300048828125,212.49000549316406,210.25999450683594,212.05499267578125,4828217,NVDA,5m
2026-05-07 14:10:00+00:00,212.05499267578125,213.4199981689453,211.61000061035156,212.69000244140625,4959026,NVDA,5m
2026-05-07 14:15:00+00:00,212.69000244140625,213.17999267578125,212.02999877929688,212.52499389648438,3270756,NVDA,5m
2026-05-07 14:20:00+00:00,212.5399932861328,213.72999572753906,212.44000244140625,213.0399932861328,3171470,NVDA,5m
2026-05-07 14:25:00+00:00,213.0399932861328,214.02999877929688,213.02999877929688,213.1300048828125,3115237,NVDA,5m
2026-05-07 14:30:00+00:00,213.1300048828125,213.4199981689453,212.3730010986328,212.58079528808594,2844935,NVDA,5m
2026-05-07 14:35:00+00:00,212.57000732421875,214.0,212.52000427246094,213.9600067138672,2684388,NVDA,5m
2026-05-07 14:40:00+00:00,213.9600067138672,214.1999969482422,212.85000610351562,213.10000610351562,2714918,NVDA,5m
2026-05-07 14:45:00+00:00,213.08999633789062,213.6300048828125,212.42999267578125,212.67990112304688,2046889,NVDA,5m
2026-05-07 14:50:00+00:00,212.66600036621094,213.2899932861328,212.3699951171875,213.09010314941406,1703874,NVDA,5m
2026-05-07 14:55:00+00:00,213.1199951171875,213.42999267578125,212.6999969482422,212.72999572753906,1497089,NVDA,5m
2026-05-07 15:00:00+00:00,212.7238006591797,213.1199951171875,212.35009765625,212.4550018310547,1716894,NVDA,5m
2026-05-07 15:05:00+00:00,212.47999572753906,212.5,211.63999938964844,212.25,2147892,NVDA,5m
2026-05-07 15:10:00+00:00,212.2550048828125,212.32000732421875,210.72999572753906,210.7550048828125,2547653,NVDA,5m
2026-05-07 15:15:00+00:00,210.72999572753906,211.9398956298828,210.72999572753906,211.61000061035156,2123756,NVDA,5m
2026-05-07 15:20:00+00:00,211.61000061035156,212.13999938964844,211.52999877929688,211.96080017089844,1892349,NVDA,5m
2026-05-07 15:25:00+00:00,211.97959899902344,212.3300018310547,211.50999450683594,211.95599365234375,1412090,NVDA,5m
2026-05-07 15:30:00+00:00,211.98500061035156,212.74000549316406,211.89999389648438,212.35000610351562,1345242,NVDA,5m
2026-05-07 15:35:00+00:00,212.35000610351562,213.2198944091797,212.1699981689453,213.11500549316406,1521858,NVDA,5m
2026-05-07 15:40:00+00:00,213.13999938964844,213.67999267578125,212.8699951171875,213.38999938964844,1511942,NVDA,5m
2026-05-07 15:45:00+00:00,213.38999938964844,213.60000610351562,212.75,212.85000610351562,1713506,NVDA,5m
2026-05-07 15:50:00+00:00,212.89010620117188,213.35000610351562,212.6300048828125,213.3249969482422,1470060,NVDA,5m
2026-05-07 15:55:00+00:00,213.3249969482422,213.38999938964844,212.5500030517578,212.69000244140625,1542162,NVDA,5m
2026-05-07 16:00:00+00:00,212.72999572753906,212.97000122070312,212.17999267578125,212.1999969482422,1574473,NVDA,5m
2026-05-07 16:05:00+00:00,212.17999267578125,212.1999969482422,211.51559448242188,212.14999389648438,1836795,NVDA,5m
2026-05-07 16:10:00+00:00,212.15480041503906,212.19000244140625,211.26499938964844,211.5800018310547,1743033,NVDA,5m
2026-05-07 16:15:00+00:00,211.5601043701172,211.92999267578125,210.6199951171875,211.2949981689453,2647388,NVDA,5m
2026-05-07 16:20:00+00:00,211.3000030517578,212.58999633789062,211.08999633789062,212.55499267578125,1663904,NVDA,5m
2026-05-07 16:25:00+00:00,212.55499267578125,213.86000061035156,212.52999877929688,213.5749969482422,2307917,NVDA,5m
2026-05-07 16:30:00+00:00,213.57000732421875,214.14999389648438,213.1999969482422,213.7093963623047,2085472,NVDA,5m
2026-05-07 16:35:00+00:00,213.74850463867188,213.75,212.6199951171875,212.77999877929688,1482174,NVDA,5m
2026-05-07 16:40:00+00:00,212.77999877929688,213.47000122070312,212.61659240722656,212.89999389648438,1109209,NVDA,5m
2026-05-07 16:45:00+00:00,212.88499450683594,213.07000732421875,212.610107421875,212.9499969482422,873078,NVDA,5m
2026-05-07 16:50:00+00:00,212.93499755859375,212.9824981689453,212.33999633789062,212.66749572753906,942676,NVDA,5m
2026-05-07 16:55:00+00:00,212.6699981689453,212.75990295410156,212.0,212.36000061035156,1058879,NVDA,5m
2026-05-07 17:00:00+00:00,212.36000061035156,212.58999633789062,212.0,212.01499938964844,1027405,NVDA,5m
2026-05-07 17:05:00+00:00,212.02499389648438,212.5,211.8699951171875,212.1199951171875,1065952,NVDA,5m
2026-05-07 17:10:00+00:00,212.11990356445312,212.19000244140625,211.71009826660156,212.01499938964844,1033775,NVDA,5m
2026-05-07 17:15:00+00:00,212.0,212.0124969482422,211.02000427246094,211.22999572753906,1424041,NVDA,5m
2026-05-07 17:20:00+00:00,211.24000549316406,212.32000732421875,211.11000061035156,212.30999755859375,1236361,NVDA,5m
2026-05-07 17:25:00+00:00,212.30999755859375,212.55999755859375,210.9499969482422,212.0,1820145,NVDA,5m
2026-05-07 17:30:00+00:00,211.9499969482422,212.47999572753906,211.6999969482422,212.1750030517578,1078476,NVDA,5m
2026-05-07 17:35:00+00:00,212.24000549316406,212.74000549316406,212.04640197753906,212.61000061035156,1031853,NVDA,5m
2026-05-07 17:40:00+00:00,212.60899353027344,212.9499969482422,212.24000549316406,212.3300018310547,872562,NVDA,5m
2026-05-07 17:45:00+00:00,212.3300018310547,212.38999938964844,211.9293975830078,212.0050048828125,1429817,NVDA,5m
2026-05-07 17:50:00+00:00,211.99000549316406,212.22000122070312,211.7100067138672,211.82330322265625,1050724,NVDA,5m
2026-05-07 17:55:00+00:00,211.8699951171875,212.47000122070312,211.44000244140625,212.375,1129439,NVDA,5m
2026-05-07 18:00:00+00:00,212.39999389648438,212.7899932861328,212.29119873046875,212.639892578125,1084472,NVDA,5m
2026-05-07 18:05:00+00:00,212.6199951171875,213.1300048828125,212.25999450683594,212.3300018310547,1255422,NVDA,5m
2026-05-07 18:10:00+00:00,212.30999755859375,212.77999877929688,212.1300048828125,212.72000122070312,1019233,NVDA,5m
2026-05-07 18:15:00+00:00,212.72999572753906,213.25,212.64010620117188,212.8800048828125,1142520,NVDA,5m
2026-05-07 18:20:00+00:00,212.8800048828125,213.1988067626953,212.72999572753906,212.80990600585938,793366,NVDA,5m
2026-05-07 18:25:00+00:00,212.8000030517578,213.12989807128906,212.5800018310547,212.7884979248047,1128705,NVDA,5m
2026-05-07 18:30:00+00:00,212.77000427246094,213.25999450683594,212.75,212.95449829101562,867743,NVDA,5m
2026-05-07 18:35:00+00:00,212.9698944091797,213.13499450683594,212.52000427246094,213.0742950439453,883779,NVDA,5m
2026-05-07 18:40:00+00:00,213.0800018310547,213.08999633789062,212.17999267578125,212.2899932861328,1200851,NVDA,5m
2026-05-07 18:45:00+00:00,212.29200744628906,212.66000366210938,211.9499969482422,212.25999450683594,907349,NVDA,5m
2026-05-07 18:50:00+00:00,212.2449951171875,212.2799072265625,211.9600067138672,212.10499572753906,859534,NVDA,5m
2026-05-07 18:55:00+00:00,212.0800018310547,212.52000427246094,211.8300018310547,212.33999633789062,912088,NVDA,5m
2026-05-07 19:00:00+00:00,212.3699951171875,212.50999450683594,212.1699981689453,212.35400390625,632910,NVDA,5m
2026-05-07 19:05:00+00:00,212.36000061035156,212.6199951171875,212.30999755859375,212.4499969482422,764967,NVDA,5m
2026-05-07 19:10:00+00:00,212.44979858398438,212.8699951171875,212.36000061035156,212.75999450683594,801274,NVDA,5m
2026-05-07 19:15:00+00:00,212.75999450683594,212.91000366210938,212.11000061035156,212.2899932861328,1248557,NVDA,5m
2026-05-07 19:20:00+00:00,212.25999450683594,212.25999450683594,211.6300048828125,211.6699981689453,1198793,NVDA,5m
2026-05-07 19:25:00+00:00,211.6699981689453,212.16000366210938,211.4199981689453,212.02999877929688,1641434,NVDA,5m
2026-05-07 19:30:00+00:00,212.03070068359375,212.49000549316406,211.89999389648438,211.96499633789062,1332436,NVDA,5m
2026-05-07 19:35:00+00:00,211.97999572753906,212.1898956298828,211.83999633789062,211.94000244140625,973489,NVDA,5m
2026-05-07 19:40:00+00:00,211.9600067138672,212.19000244140625,211.9250030517578,212.10000610351562,801024,NVDA,5m
2026-05-07 19:45:00+00:00,212.10000610351562,212.1999969482422,211.9344940185547,212.0399932861328,1115985,NVDA,5m
2026-05-07 19:50:00+00:00,212.0500030517578,212.5800018310547,211.75,211.9799041748047,2332616,NVDA,5m
2026-05-07 19:55:00+00:00,211.9499969482422,212.0,211.22999572753906,211.50999450683594,3762717,NVDA,5m
2026-05-08 13:30:00+00:00,213.02999877929688,215.45989990234375,212.88999938964844,215.11959838867188,11020190,NVDA,5m
2026-05-08 13:35:00+00:00,215.08999633789062,215.8000030517578,214.3699951171875,215.75999450683594,3761610,NVDA,5m
2026-05-08 13:40:00+00:00,215.79949951171875,216.77999877929688,215.0500030517578,216.77000427246094,4197226,NVDA,5m
2026-05-08 13:45:00+00:00,216.77999877929688,217.75999450683594,216.42010498046875,217.42999267578125,4242212,NVDA,5m
2026-05-08 13:50:00+00:00,217.44920349121094,217.6199951171875,216.57000732421875,217.60000610351562,3635371,NVDA,5m
2026-05-08 13:55:00+00:00,217.60000610351562,217.66000366210938,216.6699981689453,217.61000061035156,2720982,NVDA,5m
2026-05-08 14:00:00+00:00,217.61000061035156,217.8000030517578,216.39999389648438,216.5449981689453,3126207,NVDA,5m
2026-05-08 14:05:00+00:00,216.5449981689453,216.64999389648438,215.97999572753906,216.25999450683594,2209584,NVDA,5m
2026-05-08 14:10:00+00:00,216.25,216.49000549316406,215.67999267578125,216.05560302734375,2374773,NVDA,5m
2026-05-08 14:15:00+00:00,216.02999877929688,216.20579528808594,215.1300048828125,215.875,2243792,NVDA,5m
2026-05-08 14:20:00+00:00,215.89990234375,216.35000610351562,215.64999389648438,215.83999633789062,2060385,NVDA,5m
2026-05-08 14:25:00+00:00,215.83999633789062,216.3000030517578,215.1999969482422,215.2899932861328,1730567,NVDA,5m
2026-05-08 14:30:00+00:00,215.3112030029297,215.86000061035156,214.89999389648438,215.02999877929688,2003975,NVDA,5m
2026-05-08 14:35:00+00:00,215.00999450683594,215.0800018310547,214.30999755859375,214.9600067138672,1866672,NVDA,5m
2026-05-08 14:40:00+00:00,214.9499969482422,215.42999267578125,214.48500061035156,215.2801055908203,1837847,NVDA,5m
2026-05-08 14:45:00+00:00,215.28500366210938,215.75,215.05999755859375,215.7198944091797,1324079,NVDA,5m
2026-05-08 14:50:00+00:00,215.6999969482422,215.91000366210938,215.47000122070312,215.77000427246094,1159280,NVDA,5m
2026-05-08 14:55:00+00:00,215.77000427246094,216.2050018310547,215.61000061035156,215.94000244140625,1579044,NVDA,5m
2026-05-08 15:00:00+00:00,215.89320373535156,216.3509979248047,215.6199951171875,215.9600067138672,1373404,NVDA,5m
2026-05-08 15:05:00+00:00,215.9799041748047,216.4600067138672,215.9600067138672,216.17999267578125,1467200,NVDA,5m
2026-05-08 15:10:00+00:00,216.19000244140625,216.8000030517578,216.081298828125,216.34860229492188,1724309,NVDA,5m
2026-05-08 15:15:00+00:00,216.36000061035156,216.3699951171875,215.3800048828125,215.73989868164062,1557462,NVDA,5m
2026-05-08 15:20:00+00:00,215.74569702148438,216.23500061035156,215.7100067138672,215.9949951171875,1116613,NVDA,5m
2026-05-08 15:25:00+00:00,215.99989318847656,216.35000610351562,215.89999389648438,216.25999450683594,1062775,NVDA,5m
2026-05-08 15:30:00+00:00,216.27999877929688,216.85000610351562,215.89999389648438,216.83399963378906,1510062,NVDA,5m
2026-05-08 15:35:00+00:00,216.85000610351562,217.1999969482422,216.8350067138672,216.88839721679688,2029496,NVDA,5m
2026-05-08 15:40:00+00:00,216.8800048828125,216.9600067138672,216.1999969482422,216.35000610351562,1094194,NVDA,5m
2026-05-08 15:45:00+00:00,216.36000061035156,216.5489959716797,216.0,216.28990173339844,1139668,NVDA,5m
2026-05-08 15:50:00+00:00,216.27999877929688,216.49000549316406,216.00999450683594,216.07000732421875,837069,NVDA,5m
2026-05-08 15:55:00+00:00,216.05999755859375,216.10000610351562,215.49000549316406,215.50999450683594,954083,NVDA,5m
2026-05-08 16:00:00+00:00,215.49000549316406,215.9199981689453,215.4700927734375,215.57000732421875,808869,NVDA,5m
2026-05-08 16:05:00+00:00,215.57000732421875,215.66000366210938,215.25,215.375,1022629,NVDA,5m
2026-05-08 16:10:00+00:00,215.375,215.63999938964844,215.16000366210938,215.47999572753906,1072797,NVDA,5m
2026-05-08 16:15:00+00:00,215.4700927734375,215.6699981689453,215.33009338378906,215.33999633789062,696166,NVDA,5m
2026-05-08 16:20:00+00:00,215.35000610351562,215.7899932861328,215.27999877929688,215.7899932861328,926689,NVDA,5m
2026-05-08 16:25:00+00:00,215.7989044189453,216.17999267578125,215.7899932861328,215.88999938964844,1216390,NVDA,5m
2026-05-08 16:30:00+00:00,215.89999389648438,215.97979736328125,215.5211944580078,215.77000427246094,899004,NVDA,5m
2026-05-08 16:35:00+00:00,215.78500366210938,215.8300018310547,215.4185028076172,215.78399658203125,670443,NVDA,5m
2026-05-08 16:40:00+00:00,215.7899932861328,216.0998992919922,215.6300048828125,215.67999267578125,804899,NVDA,5m
2026-05-08 16:45:00+00:00,215.68499755859375,215.85000610351562,215.52999877929688,215.6488037109375,582632,NVDA,5m
2026-05-08 16:50:00+00:00,215.66000366210938,215.7100067138672,215.0500030517578,215.1999969482422,947454,NVDA,5m
2026-05-08 16:55:00+00:00,215.19500732421875,215.3699951171875,215.00999450683594,215.25999450683594,694133,NVDA,5m
2026-05-08 17:00:00+00:00,215.25,215.6699981689453,215.125,215.60009765625,792902,NVDA,5m
2026-05-08 17:05:00+00:00,215.60000610351562,215.60000610351562,215.08999633789062,215.39999389648438,644190,NVDA,5m
2026-05-08 17:10:00+00:00,215.40919494628906,215.5500030517578,215.2899932861328,215.49000549316406,606633,NVDA,5m
2026-05-08 17:15:00+00:00,215.49000549316406,215.8000030517578,215.42160034179688,215.75999450683594,616178,NVDA,5m
2026-05-08 17:20:00+00:00,215.72999572753906,216.07000732421875,215.63999938964844,215.8000030517578,849678,NVDA,5m
2026-05-08 17:25:00+00:00,215.80999755859375,215.8433074951172,215.42999267578125,215.6750030517578,671463,NVDA,5m
2026-05-08 17:30:00+00:00,215.68499755859375,215.80499267578125,215.50999450683594,215.6300048828125,582000,NVDA,5m
2026-05-08 17:35:00+00:00,215.63999938964844,215.66000366210938,215.3000030517578,215.33999633789062,659612,NVDA,5m
2026-05-08 17:40:00+00:00,215.33999633789062,215.66000366210938,215.18319702148438,215.26499938964844,622734,NVDA,5m
2026-05-08 17:45:00+00:00,215.25999450683594,215.44000244140625,215.1199951171875,215.1887969970703,607272,NVDA,5m
2026-05-08 17:50:00+00:00,215.17010498046875,215.17999267578125,214.85000610351562,215.11000061035156,1060251,NVDA,5m
2026-05-08 17:55:00+00:00,215.09500122070312,215.27000427246094,214.92999267578125,214.9499969482422,1574566,NVDA,5m
2026-05-08 18:00:00+00:00,214.9499969482422,215.5299072265625,214.92999267578125,215.4499969482422,851810,NVDA,5m
2026-05-08 18:05:00+00:00,215.4600067138672,215.8000030517578,215.27999877929688,215.33999633789062,807789,NVDA,5m
2026-05-08 18:10:00+00:00,215.33999633789062,215.44070434570312,215.05999755859375,215.3000030517578,691322,NVDA,5m
2026-05-08 18:15:00+00:00,215.30999755859375,215.40989685058594,215.1699981689453,215.34100341796875,482674,NVDA,5m
2026-05-08 18:20:00+00:00,215.33999633789062,215.61000061035156,215.33009338378906,215.55999755859375,559835,NVDA,5m
2026-05-08 18:25:00+00:00,215.57000732421875,215.57000732421875,215.3000030517578,215.36300659179688,472139,NVDA,5m
2026-05-08 18:30:00+00:00,215.3699951171875,215.47000122070312,215.24000549316406,215.2899932861328,466431,NVDA,5m
2026-05-08 18:35:00+00:00,215.30999755859375,215.4199981689453,215.24000549316406,215.35989379882812,477767,NVDA,5m
2026-05-08 18:40:00+00:00,215.3385009765625,215.35000610351562,215.11000061035156,215.1199951171875,522382,NVDA,5m
2026-05-08 18:45:00+00:00,215.11000061035156,215.22999572753906,215.02000427246094,215.1199951171875,632861,NVDA,5m
2026-05-08 18:50:00+00:00,215.11000061035156,215.30999755859375,215.05999755859375,215.1999969482422,652158,NVDA,5m
2026-05-08 18:55:00+00:00,215.2100067138672,215.50100708007812,214.9600067138672,215.07000732421875,1091707,NVDA,5m
2026-05-08 19:00:00+00:00,215.06460571289062,215.4250030517578,215.06460571289062,215.4199981689453,990640,NVDA,5m
2026-05-08 19:05:00+00:00,215.41299438476562,215.82000732421875,215.3000030517578,215.6699981689453,1090586,NVDA,5m
2026-05-08 19:10:00+00:00,215.64999389648438,215.6999969482422,215.5,215.51499938964844,689706,NVDA,5m
2026-05-08 19:15:00+00:00,215.50999450683594,215.60000610351562,215.25999450683594,215.29010009765625,802803,NVDA,5m
2026-05-08 19:20:00+00:00,215.2899932861328,215.39999389648438,215.0,215.08999633789062,1086802,NVDA,5m
2026-05-08 19:25:00+00:00,215.08999633789062,215.13999938964844,214.8249969482422,214.85000610351562,1137457,NVDA,5m
2026-05-08 19:30:00+00:00,214.85000610351562,215.02999877929688,214.67999267578125,214.8300018310547,1213214,NVDA,5m
2026-05-08 19:35:00+00:00,214.82000732421875,215.1199951171875,214.7100067138672,215.09010314941406,852240,NVDA,5m
2026-05-08 19:40:00+00:00,215.09500122070312,215.39999389648438,215.07000732421875,215.27000427246094,1150449,NVDA,5m
2026-05-08 19:45:00+00:00,215.26499938964844,215.3000030517578,214.96449279785156,214.96449279785156,1125260,NVDA,5m
2026-05-08 19:50:00+00:00,214.9600067138672,215.35000610351562,214.89999389648438,215.21890258789062,1889129,NVDA,5m
2026-05-08 19:55:00+00:00,215.1999969482422,215.47000122070312,215.02000427246094,215.2100067138672,5285987,NVDA,5m
2026-05-11 13:30:00+00:00,213.92999267578125,215.9199981689453,213.92999267578125,215.44000244140625,10183770,NVDA,5m
2026-05-11 13:35:00+00:00,215.42820739746094,217.6300048828125,215.0,217.58450317382812,4501323,NVDA,5m
2026-05-11 13:40:00+00:00,217.58999633789062,219.08999633789062,217.22999572753906,218.8800048828125,5246509,NVDA,5m
2026-05-11 13:45:00+00:00,218.88600158691406,220.89999389648438,218.60000610351562,219.47500610351562,7448277,NVDA,5m
2026-05-11 13:50:00+00:00,219.47999572753906,220.52999877929688,217.83009338378906,217.85000610351562,3714095,NVDA,5m
2026-05-11 13:55:00+00:00,217.8699951171875,217.94000244140625,216.52999877929688,217.02000427246094,3456055,NVDA,5m
2026-05-11 14:00:00+00:00,216.9550018310547,218.27499389648438,216.91810607910156,217.9250030517578,3012027,NVDA,5m
2026-05-11 14:05:00+00:00,217.92999267578125,218.4600067138672,217.6999969482422,218.1649932861328,2100703,NVDA,5m
2026-05-11 14:10:00+00:00,218.13999938964844,219.55999755859375,218.08999633789062,219.3800048828125,2604209,NVDA,5m
2026-05-11 14:15:00+00:00,219.3820037841797,219.5800018310547,218.91009521484375,219.14999389648438,2175513,NVDA,5m
2026-05-11 14:20:00+00:00,219.1446075439453,219.6999969482422,218.94000244140625,219.18499755859375,1880056,NVDA,5m
2026-05-11 14:25:00+00:00,219.1999969482422,219.35000610351562,217.9600067138672,217.97000122070312,1881466,NVDA,5m
2026-05-11 14:30:00+00:00,217.98500061035156,218.3699951171875,217.3699951171875,218.24000549316406,2025693,NVDA,5m
2026-05-11 14:35:00+00:00,218.25999450683594,218.75,217.4199981689453,218.7156982421875,2757968,NVDA,5m
2026-05-11 14:40:00+00:00,218.7050018310547,219.38999938964844,218.66000366210938,219.2899932861328,2184235,NVDA,5m
2026-05-11 14:45:00+00:00,219.27999877929688,220.28909301757812,219.16000366210938,220.2700958251953,2924414,NVDA,5m
2026-05-11 14:50:00+00:00,220.27999877929688,222.16000366210938,220.17999267578125,222.05050659179688,5692357,NVDA,5m
2026-05-11 14:55:00+00:00,222.06500244140625,222.17999267578125,220.94000244140625,221.61000061035156,2627836,NVDA,5m
2026-05-11 15:00:00+00:00,221.58999633789062,221.72999572753906,220.91000366210938,221.16000366210938,1852603,NVDA,5m
2026-05-11 15:05:00+00:00,221.17930603027344,222.2899932861328,220.79600524902344,222.25,2609484,NVDA,5m
2026-05-11 15:10:00+00:00,222.25990295410156,222.27000427246094,220.71029663085938,220.75999450683594,2114405,NVDA,5m
2026-05-11 15:15:00+00:00,220.80990600585938,221.39999389648438,220.60000610351562,221.33700561523438,1722468,NVDA,5m
2026-05-11 15:20:00+00:00,221.3300018310547,221.4600067138672,221.0,221.2550048828125,1058509,NVDA,5m
2026-05-11 15:25:00+00:00,221.24000549316406,222.0399932861328,220.8800048828125,221.98500061035156,1657328,NVDA,5m
2026-05-11 15:30:00+00:00,221.98500061035156,222.11990356445312,221.22000122070312,221.49000549316406,1365551,NVDA,5m
2026-05-11 15:35:00+00:00,221.49009704589844,221.52999877929688,221.07000732421875,221.2270965576172,1278676,NVDA,5m
2026-05-11 15:40:00+00:00,221.24000549316406,221.4199981689453,220.97000122070312,221.1300048828125,1207836,NVDA,5m
2026-05-11 15:45:00+00:00,221.1300048828125,221.47999572753906,221.0,221.43499755859375,895572,NVDA,5m
2026-05-11 15:50:00+00:00,221.4600067138672,222.0500030517578,221.22300720214844,221.95989990234375,1403656,NVDA,5m
2026-05-11 15:55:00+00:00,221.94009399414062,222.07000732421875,221.6501007080078,221.9600067138672,1329915,NVDA,5m
2026-05-11 16:00:00+00:00,221.97000122070312,222.07000732421875,221.52999877929688,221.83009338378906,1273674,NVDA,5m
2026-05-11 16:05:00+00:00,221.86000061035156,221.9199981689453,221.42999267578125,221.71499633789062,1049586,NVDA,5m
2026-05-11 16:10:00+00:00,221.72999572753906,222.3000030517578,221.6501007080078,221.8300018310547,1573324,NVDA,5m
2026-05-11 16:15:00+00:00,221.83279418945312,222.22000122070312,221.60000610351562,221.75999450683594,1343226,NVDA,5m
2026-05-11 16:20:00+00:00,221.77999877929688,221.86000061035156,221.4499969482422,221.5850067138672,1124078,NVDA,5m
2026-05-11 16:25:00+00:00,221.5749969482422,222.0,221.5749969482422,221.98880004882812,950771,NVDA,5m
2026-05-11 16:30:00+00:00,221.98109436035156,222.08999633789062,221.72000122070312,221.92999267578125,918545,NVDA,5m
2026-05-11 16:35:00+00:00,221.92999267578125,221.94000244140625,221.3509979248047,221.36500549316406,945483,NVDA,5m
2026-05-11 16:40:00+00:00,221.35000610351562,221.35000610351562,220.3800048828125,220.7823944091797,1589210,NVDA,5m
2026-05-11 16:45:00+00:00,220.7949981689453,221.14999389648438,220.65499877929688,220.79440307617188,951550,NVDA,5m
2026-05-11 16:50:00+00:00,220.77999877929688,220.91000366210938,220.4149932861328,220.63499450683594,857843,NVDA,5m
2026-05-11 16:55:00+00:00,220.6199951171875,220.85000610351562,220.39999389648438,220.6300048828125,798139,NVDA,5m
2026-05-11 17:00:00+00:00,220.6300048828125,221.0,220.52999877929688,220.85499572753906,785698,NVDA,5m
2026-05-11 17:05:00+00:00,220.83909606933594,220.91000366210938,220.3000030517578,220.44859313964844,644529,NVDA,5m
2026-05-11 17:10:00+00:00,220.4199981689453,220.43499755859375,219.9199981689453,219.99000549316406,1076052,NVDA,5m
2026-05-11 17:15:00+00:00,219.97999572753906,220.27000427246094,219.8800048828125,220.02499389648438,923040,NVDA,5m
2026-05-11 17:20:00+00:00,220.00999450683594,220.52999877929688,219.9600067138672,220.4499969482422,980698,NVDA,5m
2026-05-11 17:25:00+00:00,220.44500732421875,220.85000610351562,220.3699951171875,220.76499938964844,729861,NVDA,5m
2026-05-11 17:30:00+00:00,220.72000122070312,220.94000244140625,220.6699981689453,220.8350067138672,648565,NVDA,5m
2026-05-11 17:35:00+00:00,220.8300018310547,221.10000610351562,220.77999877929688,220.89999389648438,742244,NVDA,5m
2026-05-11 17:40:00+00:00,220.88999938964844,221.08999633789062,220.8300018310547,221.02999877929688,518386,NVDA,5m
2026-05-11 17:45:00+00:00,221.02999877929688,221.27000427246094,220.86000061035156,220.88999938964844,638394,NVDA,5m
2026-05-11 17:50:00+00:00,220.89999389648438,220.92999267578125,220.6199951171875,220.64129638671875,576898,NVDA,5m
2026-05-11 17:55:00+00:00,220.63999938964844,220.7899932861328,220.41000366210938,220.44000244140625,656184,NVDA,5m
2026-05-11 18:00:00+00:00,220.4499969482422,220.66000366210938,220.3699951171875,220.3800048828125,657289,NVDA,5m
2026-05-11 18:05:00+00:00,220.3800048828125,220.83999633789062,220.3699951171875,220.8300018310547,713905,NVDA,5m
2026-05-11 18:10:00+00:00,220.8249969482422,220.94000244140625,220.63009643554688,220.7949981689453,693675,NVDA,5m
2026-05-11 18:15:00+00:00,220.7949981689453,220.94700622558594,220.67999267578125,220.8300018310547,636558,NVDA,5m
2026-05-11 18:20:00+00:00,220.83009338378906,220.86000061035156,220.55999755859375,220.83999633789062,822924,NVDA,5m
2026-05-11 18:25:00+00:00,220.8249969482422,221.44000244140625,220.8101043701172,221.42889404296875,1258083,NVDA,5m
2026-05-11 18:30:00+00:00,221.41000366210938,221.56500244140625,221.13999938964844,221.1649932861328,1190213,NVDA,5m
2026-05-11 18:35:00+00:00,221.1649932861328,221.50999450683594,221.16009521484375,221.3800048828125,815791,NVDA,5m
2026-05-11 18:40:00+00:00,221.3800048828125,221.46499633789062,221.0800018310547,221.1199951171875,771020,NVDA,5m
2026-05-11 18:45:00+00:00,221.11000061035156,221.19000244140625,220.75,220.8800048828125,730392,NVDA,5m
2026-05-11 18:50:00+00:00,220.8800048828125,221.0,220.75,220.86000061035156,693276,NVDA,5m
2026-05-11 18:55:00+00:00,220.8699951171875,221.0,219.97000122070312,220.07000732421875,1335268,NVDA,5m
2026-05-11 19:00:00+00:00,220.0800018310547,220.39999389648438,219.89999389648438,220.09500122070312,1124035,NVDA,5m
2026-05-11 19:05:00+00:00,220.11000061035156,220.5800018310547,220.07069396972656,220.4199981689453,1045774,NVDA,5m
2026-05-11 19:10:00+00:00,220.4199981689453,220.43499755859375,220.02000427246094,220.0850067138672,747894,NVDA,5m
2026-05-11 19:15:00+00:00,220.08889770507812,220.139892578125,219.5500030517578,219.88999938964844,1349090,NVDA,5m
2026-05-11 19:20:00+00:00,219.8800048828125,219.96499633789062,219.24000549316406,219.27000427246094,1179810,NVDA,5m
2026-05-11 19:25:00+00:00,219.26499938964844,219.52999877929688,218.94000244140625,219.13999938964844,1490351,NVDA,5m
2026-05-11 19:30:00+00:00,219.14500427246094,219.4499969482422,219.0,219.14999389648438,1322360,NVDA,5m
2026-05-11 19:35:00+00:00,219.16000366210938,219.4799041748047,219.09500122070312,219.4149932861328,1156376,NVDA,5m
2026-05-11 19:40:00+00:00,219.4134063720703,219.57000732421875,219.10000610351562,219.13999938964844,1029413,NVDA,5m
2026-05-11 19:45:00+00:00,219.1199951171875,219.4971923828125,218.9199981689453,219.3699951171875,1555012,NVDA,5m
2026-05-11 19:50:00+00:00,219.36000061035156,219.58999633789062,218.9499969482422,219.1999969482422,2231832,NVDA,5m
2026-05-11 19:55:00+00:00,219.22999572753906,219.47999572753906,219.10000610351562,219.47999572753906,3214457,NVDA,5m
2026-05-12 13:30:00+00:00,218.5449981689453,221.60000610351562,217.00999450683594,221.22900390625,10837057,NVDA,5m
2026-05-12 13:35:00+00:00,221.2100067138672,222.0,220.1916961669922,221.98939514160156,4699338,NVDA,5m
2026-05-12 13:40:00+00:00,221.98500061035156,223.75,221.0800018310547,223.72500610351562,5490119,NVDA,5m
2026-05-12 13:45:00+00:00,223.74000549316406,223.74000549316406,222.13999938964844,222.42999267578125,3928482,NVDA,5m
2026-05-12 13:50:00+00:00,222.41000366210938,223.60000610351562,221.88999938964844,223.30999755859375,3646536,NVDA,5m
2026-05-12 13:55:00+00:00,223.30999755859375,223.30999755859375,220.18380737304688,220.30999755859375,3499337,NVDA,5m
2026-05-12 14:00:00+00:00,220.32000732421875,221.77999877929688,220.00999450683594,221.19000244140625,3581751,NVDA,5m
2026-05-12 14:05:00+00:00,221.14999389648438,221.6199951171875,220.2700958251953,220.61000061035156,2112646,NVDA,5m
2026-05-12 14:10:00+00:00,220.61000061035156,220.97000122070312,220.14999389648438,220.44000244140625,1856948,NVDA,5m
2026-05-12 14:15:00+00:00,220.44000244140625,220.63999938964844,219.75999450683594,220.46449279785156,2027890,NVDA,5m
2026-05-12 14:20:00+00:00,220.44000244140625,220.63999938964844,219.89999389648438,220.0500030517578,1372182,NVDA,5m
2026-05-12 14:25:00+00:00,220.13999938964844,220.30999755859375,218.64500427246094,218.9199981689453,2202593,NVDA,5m
2026-05-12 14:30:00+00:00,218.89500427246094,218.97000122070312,217.64999389648438,218.3350067138672,2627008,NVDA,5m
2026-05-12 14:35:00+00:00,218.32000732421875,219.10000610351562,217.67999267578125,218.6699981689453,2283619,NVDA,5m
2026-05-12 14:40:00+00:00,218.67999267578125,219.10000610351562,218.19000244140625,218.25999450683594,1395496,NVDA,5m
2026-05-12 14:45:00+00:00,218.25999450683594,218.48989868164062,217.60000610351562,217.6300048828125,1431880,NVDA,5m
2026-05-12 14:50:00+00:00,217.6300048828125,218.89999389648438,217.35000610351562,218.6300048828125,1870133,NVDA,5m
2026-05-12 14:55:00+00:00,218.60000610351562,218.89999389648438,217.24000549316406,217.3699951171875,2028924,NVDA,5m
2026-05-12 15:00:00+00:00,217.38999938964844,217.82000732421875,217.0800018310547,217.3699951171875,2124953,NVDA,5m
2026-05-12 15:05:00+00:00,217.3802032470703,217.99000549316406,217.05999755859375,217.73500061035156,1629712,NVDA,5m
2026-05-12 15:10:00+00:00,217.73089599609375,217.83990478515625,217.22999572753906,217.35000610351562,1710529,NVDA,5m
2026-05-12 15:15:00+00:00,217.3300018310547,217.3699951171875,216.3101043701172,217.1199951171875,3455645,NVDA,5m
2026-05-12 15:20:00+00:00,217.11000061035156,217.2899932861328,215.19000244140625,215.47999572753906,3841488,NVDA,5m
2026-05-12 15:25:00+00:00,215.50999450683594,216.0299072265625,214.9199981689453,215.4600067138672,2661764,NVDA,5m
2026-05-12 15:30:00+00:00,215.4199981689453,216.80999755859375,215.13999938964844,216.64649963378906,1783218,NVDA,5m
2026-05-12 15:35:00+00:00,216.6300048828125,217.6179962158203,216.0399932861328,217.24000549316406,1862815,NVDA,5m
2026-05-12 15:40:00+00:00,217.24000549316406,217.5399932861328,217.02999877929688,217.27999877929688,1526214,NVDA,5m
2026-05-12 15:45:00+00:00,217.27999877929688,217.5500030517578,217.0,217.24000549316406,1314166,NVDA,5m
2026-05-12 15:50:00+00:00,217.23500061035156,217.6199951171875,216.75,217.30499267578125,1206199,NVDA,5m
2026-05-12 15:55:00+00:00,217.30999755859375,217.4199981689453,216.7100067138672,216.860107421875,1366586,NVDA,5m
2026-05-12 16:00:00+00:00,216.91000366210938,217.98800659179688,216.47999572753906,217.88999938964844,1342943,NVDA,5m
2026-05-12 16:05:00+00:00,217.88999938964844,218.08999633789062,217.42999267578125,217.60000610351562,1094162,NVDA,5m
2026-05-12 16:10:00+00:00,217.60000610351562,218.25999450683594,217.3800048828125,218.1649932861328,1094813,NVDA,5m
2026-05-12 16:15:00+00:00,218.1699981689453,218.17999267578125,217.40499877929688,217.4199981689453,1034002,NVDA,5m
2026-05-12 16:20:00+00:00,217.44000244140625,217.64999389648438,217.11000061035156,217.3699951171875,1059491,NVDA,5m
2026-05-12 16:25:00+00:00,217.3699951171875,217.75999450683594,217.22999572753906,217.5050048828125,884118,NVDA,5m
2026-05-12 16:30:00+00:00,217.5198974609375,217.6302032470703,217.03359985351562,217.39500427246094,908959,NVDA,5m
2026-05-12 16:35:00+00:00,217.39999389648438,217.6761932373047,217.33009338378906,217.43499755859375,790149,NVDA,5m
2026-05-12 16:40:00+00:00,217.44000244140625,217.84779357910156,216.8000030517578,217.28500366210938,1255707,NVDA,5m
2026-05-12 16:45:00+00:00,217.27040100097656,217.52000427246094,216.84039306640625,217.2449951171875,832935,NVDA,5m
2026-05-12 16:50:00+00:00,217.2449951171875,217.25999450683594,216.16000366210938,216.49130249023438,965665,NVDA,5m
2026-05-12 16:55:00+00:00,216.4600067138672,216.5500030517578,215.67999267578125,215.9001007080078,1256209,NVDA,5m
2026-05-12 17:00:00+00:00,215.9199981689453,216.25990295410156,215.52999877929688,215.8300018310547,1357433,NVDA,5m
2026-05-12 17:05:00+00:00,215.82000732421875,216.52999877929688,215.80999755859375,216.16160583496094,1234823,NVDA,5m
2026-05-12 17:10:00+00:00,216.1999969482422,216.5800018310547,216.10000610351562,216.47000122070312,3447165,NVDA,5m
2026-05-12 17:15:00+00:00,216.47000122070312,217.38999938964844,216.4600067138672,217.2899932861328,1138350,NVDA,5m
2026-05-12 17:20:00+00:00,217.2899932861328,218.08999633789062,217.27000427246094,217.86000061035156,1369887,NVDA,5m
2026-05-12 17:25:00+00:00,217.86000061035156,217.94000244140625,217.2100067138672,217.72000122070312,1120560,NVDA,5m
2026-05-12 17:30:00+00:00,217.72000122070312,218.71949768066406,217.6699981689453,218.58120727539062,1549235,NVDA,5m
2026-05-12 17:35:00+00:00,218.57000732421875,218.6699981689453,218.02999877929688,218.3300018310547,1043535,NVDA,5m
2026-05-12 17:40:00+00:00,218.3699951171875,218.66000366210938,218.2899932861328,218.4503936767578,779866,NVDA,5m
2026-05-12 17:45:00+00:00,218.4600067138672,218.66000366210938,218.2100067138672,218.5377960205078,636472,NVDA,5m
2026-05-12 17:50:00+00:00,218.5500030517578,218.67999267578125,218.1999969482422,218.6649932861328,616726,NVDA,5m
2026-05-12 17:55:00+00:00,218.67999267578125,218.85000610351562,218.360107421875,218.60499572753906,658080,NVDA,5m
2026-05-12 18:00:00+00:00,218.58999633789062,218.72000122070312,218.1300048828125,218.2949981689453,814433,NVDA,5m
2026-05-12 18:05:00+00:00,218.27999877929688,218.3699951171875,217.85009765625,217.91000366210938,739391,NVDA,5m
2026-05-12 18:10:00+00:00,217.90020751953125,218.47999572753906,217.77000427246094,218.4199981689453,610524,NVDA,5m
2026-05-12 18:15:00+00:00,218.3699951171875,218.55999755859375,217.82000732421875,218.1199951171875,677274,NVDA,5m
2026-05-12 18:20:00+00:00,218.11000061035156,218.3699951171875,218.02200317382812,218.22000122070312,478220,NVDA,5m
2026-05-12 18:25:00+00:00,218.25,219.1999969482422,218.24000549316406,218.9600067138672,1289843,NVDA,5m
2026-05-12 18:30:00+00:00,218.9499969482422,219.7097930908203,218.89169311523438,219.44500732421875,1378716,NVDA,5m
2026-05-12 18:35:00+00:00,219.44009399414062,219.86000061035156,219.24000549316406,219.6300048828125,1312996,NVDA,5m
2026-05-12 18:40:00+00:00,219.67990112304688,220.0,219.5294952392578,219.6649932861328,998008,NVDA,5m
2026-05-12 18:45:00+00:00,219.6649932861328,219.6649932861328,219.0,219.52000427246094,1087811,NVDA,5m
2026-05-12 18:50:00+00:00,219.51499938964844,219.99000549316406,219.36000061035156,219.85499572753906,830680,NVDA,5m
2026-05-12 18:55:00+00:00,219.85000610351562,220.33999633789062,219.25,219.5279998779297,1662829,NVDA,5m
2026-05-12 19:00:00+00:00,219.52499389648438,220.10000610351562,219.52499389648438,219.97999572753906,857985,NVDA,5m
2026-05-12 19:05:00+00:00,219.97000122070312,220.61000061035156,219.66000366210938,220.3800048828125,1442731,NVDA,5m
2026-05-12 19:10:00+00:00,220.3800048828125,220.67990112304688,220.1300048828125,220.58999633789062,1020078,NVDA,5m
2026-05-12 19:15:00+00:00,220.58999633789062,221.05999755859375,220.58999633789062,221.02999877929688,1674138,NVDA,5m
2026-05-12 19:20:00+00:00,221.02999877929688,221.13999938964844,220.25999450683594,220.4875030517578,1409089,NVDA,5m
2026-05-12 19:25:00+00:00,220.49000549316406,220.8800048828125,220.37060546875,220.72999572753906,963468,NVDA,5m
2026-05-12 19:30:00+00:00,220.74000549316406,221.42999267578125,220.71499633789062,221.3300018310547,1500426,NVDA,5m
2026-05-12 19:35:00+00:00,221.35499572753906,221.60000610351562,221.2100067138672,221.5780029296875,1234214,NVDA,5m
2026-05-12 19:40:00+00:00,221.57000732421875,221.73989868164062,221.25999450683594,221.27999877929688,1377743,NVDA,5m
2026-05-12 19:45:00+00:00,221.27999877929688,221.2899932861328,220.4499969482422,220.6999969482422,1722995,NVDA,5m
2026-05-12 19:50:00+00:00,220.7100067138672,221.27999877929688,220.32000732421875,220.3300018310547,2358982,NVDA,5m
2026-05-12 19:55:00+00:00,220.3300018310547,221.02999877929688,220.14999389648438,220.8699951171875,4709636,NVDA,5m
2026-05-13 13:30:00+00:00,224.92999267578125,226.8800048828125,224.1199951171875,226.7899932861328,16711694,NVDA,5m
2026-05-13 13:35:00+00:00,226.7949981689453,227.16000366210938,225.1999969482422,225.82000732421875,5151306,NVDA,5m
2026-05-13 13:40:00+00:00,225.8000030517578,225.80999755859375,224.39999389648438,224.57000732421875,3264583,NVDA,5m
2026-05-13 13:45:00+00:00,224.5800018310547,224.8000030517578,221.83999633789062,222.55499267578125,4346027,NVDA,5m
2026-05-13 13:50:00+00:00,222.52999877929688,224.14999389648438,221.5653076171875,224.01010131835938,4086502,NVDA,5m
2026-05-13 13:55:00+00:00,224.02999877929688,224.60000610351562,223.30999755859375,224.10000610351562,2581348,NVDA,5m
2026-05-13 14:00:00+00:00,224.10000610351562,224.23939514160156,223.17999267578125,223.58999633789062,1766904,NVDA,5m
2026-05-13 14:05:00+00:00,223.5800018310547,223.9600067138672,223.05999755859375,223.32000732421875,1949042,NVDA,5m
2026-05-13 14:10:00+00:00,223.28500366210938,224.27999877929688,223.1300048828125,224.0301055908203,1560446,NVDA,5m
2026-05-13 14:15:00+00:00,224.02000427246094,224.8699951171875,223.60009765625,224.02499389648438,1948065,NVDA,5m
2026-05-13 14:20:00+00:00,224.0500030517578,225.1699981689453,223.85000610351562,224.67010498046875,2007106,NVDA,5m
2026-05-13 14:25:00+00:00,224.6800994873047,225.0500030517578,224.3300018310547,224.44000244140625,1491040,NVDA,5m
2026-05-13 14:30:00+00:00,224.4600067138672,224.8300018310547,223.6999969482422,224.60000610351562,1874580,NVDA,5m
2026-05-13 14:35:00+00:00,224.58999633789062,225.08999633789062,224.17999267578125,224.3800048828125,1506389,NVDA,5m
2026-05-13 14:40:00+00:00,224.38499450683594,225.42860412597656,224.30999755859375,225.25,1699851,NVDA,5m
2026-05-13 14:45:00+00:00,225.25,225.4600067138672,224.47000122070312,225.17999267578125,1820731,NVDA,5m
2026-05-13 14:50:00+00:00,225.16000366210938,225.99000549316406,224.99000549316406,225.8249969482422,1774920,NVDA,5m
2026-05-13 14:55:00+00:00,225.8249969482422,226.4600067138672,225.72000122070312,226.4149932861328,2127409,NVDA,5m
2026-05-13 15:00:00+00:00,226.4149932861328,226.99000549316406,226.25,226.75999450683594,2398405,NVDA,5m
2026-05-13 15:05:00+00:00,226.75010681152344,227.55999755859375,226.4199981689453,227.53860473632812,3729525,NVDA,5m
2026-05-13 15:10:00+00:00,227.5301055908203,227.57000732421875,226.22909545898438,226.67959594726562,2799945,NVDA,5m
2026-05-13 15:15:00+00:00,226.69000244140625,227.24270629882812,226.6199951171875,226.99000549316406,1708969,NVDA,5m
2026-05-13 15:20:00+00:00,226.98500061035156,226.99000549316406,225.9199981689453,226.09500122070312,1524858,NVDA,5m
2026-05-13 15:25:00+00:00,226.08999633789062,226.3498992919922,225.73959350585938,226.2100067138672,1308610,NVDA,5m
2026-05-13 15:30:00+00:00,226.22000122070312,226.25,225.7100067138672,226.24000549316406,1064492,NVDA,5m
2026-05-13 15:35:00+00:00,226.24000549316406,226.5500030517578,226.14999389648438,226.3000030517578,1191863,NVDA,5m
2026-05-13 15:40:00+00:00,226.35000610351562,227.24000549316406,226.30999755859375,227.14500427246094,1336812,NVDA,5m
2026-05-13 15:45:00+00:00,227.13009643554688,227.16990661621094,226.8000946044922,227.02000427246094,1096809,NVDA,5m
2026-05-13 15:50:00+00:00,227.00999450683594,227.35000610351562,226.52000427246094,227.25,1430560,NVDA,5m
2026-05-13 15:55:00+00:00,227.22999572753906,227.27999877929688,226.5500030517578,226.5500030517578,1210397,NVDA,5m
2026-05-13 16:00:00+00:00,226.55999755859375,227.30999755859375,226.3831024169922,227.13499450683594,1349498,NVDA,5m
2026-05-13 16:05:00+00:00,227.14999389648438,227.1999969482422,226.75,227.14999389648438,1145811,NVDA,5m
2026-05-13 16:10:00+00:00,227.16000366210938,227.72000122070312,227.0500030517578,227.66009521484375,1522668,NVDA,5m
2026-05-13 16:15:00+00:00,227.6699981689453,227.83999633789062,226.89999389648438,227.1020965576172,1706293,NVDA,5m
2026-05-13 16:20:00+00:00,227.09500122070312,227.67999267578125,226.86000061035156,227.55999755859375,1275355,NVDA,5m
2026-05-13 16:25:00+00:00,227.5500030517578,227.67990112304688,227.2100067138672,227.3300018310547,957904,NVDA,5m
2026-05-13 16:30:00+00:00,227.3000030517578,227.44000244140625,227.0399932861328,227.3300018310547,906397,NVDA,5m
2026-05-13 16:35:00+00:00,227.33999633789062,227.64999389648438,227.1300048828125,227.16000366210938,938961,NVDA,5m
2026-05-13 16:40:00+00:00,227.16000366210938,227.3437957763672,226.91000366210938,227.0,1180703,NVDA,5m
2026-05-13 16:45:00+00:00,226.99000549316406,227.08999633789062,226.66000366210938,226.86419677734375,1329582,NVDA,5m
2026-05-13 16:50:00+00:00,226.8699951171875,227.0,226.6999969482422,226.9698944091797,727176,NVDA,5m
2026-05-13 16:55:00+00:00,226.9600067138672,227.1649932861328,226.74000549316406,226.8000030517578,786137,NVDA,5m
2026-05-13 17:00:00+00:00,226.8300018310547,227.16000366210938,226.6999969482422,226.9550018310547,760559,NVDA,5m
2026-05-13 17:05:00+00:00,226.94000244140625,227.22000122070312,226.8699951171875,226.9199981689453,829391,NVDA,5m
2026-05-13 17:10:00+00:00,226.91000366210938,227.1199951171875,226.9029998779297,227.0399932861328,852555,NVDA,5m
2026-05-13 17:15:00+00:00,227.02999877929688,227.2899932861328,227.00999450683594,227.17999267578125,656589,NVDA,5m
2026-05-13 17:20:00+00:00,227.1999969482422,227.33999633789062,226.82000732421875,226.8350067138672,879462,NVDA,5m
2026-05-13 17:25:00+00:00,226.85000610351562,227.0399932861328,226.75,226.9499969482422,709153,NVDA,5m
2026-05-13 17:30:00+00:00,226.9300994873047,227.02499389648438,226.36000061035156,226.47000122070312,1035108,NVDA,5m
2026-05-13 17:35:00+00:00,226.47000122070312,226.50999450683594,226.0500030517578,226.07000732421875,890966,NVDA,5m
2026-05-13 17:40:00+00:00,226.07000732421875,226.3699951171875,226.05499267578125,226.32000732421875,806739,NVDA,5m
2026-05-13 17:45:00+00:00,226.30499267578125,226.4199981689453,225.96009826660156,226.0,988284,NVDA,5m
2026-05-13 17:50:00+00:00,226.01499938964844,226.24000549316406,225.86000061035156,225.875,848073,NVDA,5m
2026-05-13 17:55:00+00:00,225.86000061035156,226.14999389648438,225.41000366210938,225.47000122070312,1244342,NVDA,5m
2026-05-13 18:00:00+00:00,225.47999572753906,226.3000030517578,225.42999267578125,226.11329650878906,1377814,NVDA,5m
2026-05-13 18:05:00+00:00,226.11500549316406,226.72000122070312,226.02999877929688,226.63160705566406,1147931,NVDA,5m
2026-05-13 18:10:00+00:00,226.6199951171875,227.02999877929688,226.5399932861328,227.01010131835938,1080295,NVDA,5m
2026-05-13 18:15:00+00:00,227.01010131835938,227.30999755859375,226.97999572753906,227.27000427246094,1156684,NVDA,5m
2026-05-13 18:20:00+00:00,227.26010131835938,227.42999267578125,227.11000061035156,227.18499755859375,895832,NVDA,5m
2026-05-13 18:25:00+00:00,227.2100067138672,227.35000610351562,226.92999267578125,226.9600067138672,857629,NVDA,5m
2026-05-13 18:30:00+00:00,226.9600067138672,227.16000366210938,226.86000061035156,227.15499877929688,688518,NVDA,5m
2026-05-13 18:35:00+00:00,227.16000366210938,227.16000366210938,226.83999633789062,227.05499267578125,615531,NVDA,5m
2026-05-13 18:40:00+00:00,227.0800018310547,227.1999969482422,226.8000030517578,226.8300018310547,600839,NVDA,5m
2026-05-13 18:45:00+00:00,226.82009887695312,227.01499938964844,226.6199951171875,226.8489990234375,812512,NVDA,5m
2026-05-13 18:50:00+00:00,226.86000061035156,227.08999633789062,226.72999572753906,227.0800018310547,643800,NVDA,5m
2026-05-13 18:55:00+00:00,227.08999633789062,227.1699981689453,226.35000610351562,226.4600067138672,856231,NVDA,5m
2026-05-13 19:00:00+00:00,226.4499969482422,226.75,226.32000732421875,226.35000610351562,770387,NVDA,5m
2026-05-13 19:05:00+00:00,226.36000061035156,226.92999267578125,226.3000030517578,226.91000366210938,893262,NVDA,5m
2026-05-13 19:10:00+00:00,226.88999938964844,227.16000366210938,226.72000122070312,227.0399932861328,1049931,NVDA,5m
2026-05-13 19:15:00+00:00,227.0399932861328,227.13999938964844,226.89999389648438,227.02999877929688,775704,NVDA,5m
2026-05-13 19:20:00+00:00,227.0399932861328,227.0500030517578,226.30999755859375,226.3800048828125,938055,NVDA,5m
2026-05-13 19:25:00+00:00,226.36000061035156,226.8000030517578,226.30999755859375,226.7801055908203,1004503,NVDA,5m
2026-05-13 19:30:00+00:00,226.78509521484375,226.80999755859375,226.36000061035156,226.47999572753906,806042,NVDA,5m
2026-05-13 19:35:00+00:00,226.47000122070312,226.57000732421875,226.23080444335938,226.33999633789062,862181,NVDA,5m
2026-05-13 19:40:00+00:00,226.35000610351562,226.4499969482422,226.1999969482422,226.22999572753906,797458,NVDA,5m
2026-05-13 19:45:00+00:00,226.22000122070312,226.2899932861328,226.02999877929688,226.1300048828125,1060468,NVDA,5m
2026-05-13 19:50:00+00:00,226.1199951171875,226.1199951171875,225.0800018310547,225.42999267578125,3172874,NVDA,5m
2026-05-13 19:55:00+00:00,225.44000244140625,226.0,225.3300018310547,225.8699951171875,4360936,NVDA,5m
2026-05-14 13:30:00+00:00,229.72999572753906,232.17999267578125,229.35000610351562,230.87989807128906,20732730,NVDA,5m
2026-05-14 13:35:00+00:00,230.8699951171875,231.9199981689453,230.4199981689453,230.5800018310547,4459280,NVDA,5m
2026-05-14 13:40:00+00:00,230.57220458984375,233.27000427246094,230.3300018310547,232.32969665527344,5813206,NVDA,5m
2026-05-14 13:45:00+00:00,232.2899932861328,233.1999969482422,231.67999267578125,231.7100067138672,4173176,NVDA,5m
2026-05-14 13:50:00+00:00,231.72999572753906,232.24000549316406,231.02000427246094,231.33619689941406,3356948,NVDA,5m
2026-05-14 13:55:00+00:00,231.3000030517578,232.13999938964844,230.67999267578125,230.73989868164062,3098949,NVDA,5m
2026-05-14 14:00:00+00:00,230.67999267578125,232.40989685058594,230.6199951171875,231.9199981689453,2478028,NVDA,5m
2026-05-14 14:05:00+00:00,231.89999389648438,232.0500030517578,230.8800048828125,230.88999938964844,1975366,NVDA,5m
2026-05-14 14:10:00+00:00,230.88999938964844,231.8800048828125,230.69000244140625,231.72999572753906,2309133,NVDA,5m
2026-05-14 14:15:00+00:00,231.72500610351562,233.3300018310547,231.61000061035156,233.10000610351562,2983820,NVDA,5m
2026-05-14 14:20:00+00:00,233.08999633789062,234.14999389648438,232.8699951171875,233.6031951904297,3990196,NVDA,5m
2026-05-14 14:25:00+00:00,233.60000610351562,233.89999389648438,232.7111053466797,233.02999877929688,2907848,NVDA,5m
2026-05-14 14:30:00+00:00,233.03500366210938,234.0699005126953,232.85000610351562,234.03500366210938,2323097,NVDA,5m
2026-05-14 14:35:00+00:00,234.02999877929688,235.24000549316406,233.8699951171875,234.85000610351562,4484791,NVDA,5m
2026-05-14 14:40:00+00:00,234.86000061035156,235.67999267578125,234.63009643554688,235.62989807128906,3455447,NVDA,5m
2026-05-14 14:45:00+00:00,235.61500549316406,236.0500030517578,235.1300048828125,235.4600067138672,3376798,NVDA,5m
2026-05-14 14:50:00+00:00,235.4199981689453,235.94000244140625,234.610107421875,234.98500061035156,2746108,NVDA,5m
2026-05-14 14:55:00+00:00,234.98500061035156,235.1199951171875,234.125,234.58990478515625,2348901,NVDA,5m
2026-05-14 15:00:00+00:00,234.5500030517578,235.36000061035156,234.1999969482422,234.20680236816406,2241554,NVDA,5m
2026-05-14 15:05:00+00:00,234.19000244140625,234.75,234.0500030517578,234.72999572753906,1739893,NVDA,5m
2026-05-14 15:10:00+00:00,234.7100067138672,234.99000549316406,234.57000732421875,234.82989501953125,1203820,NVDA,5m
2026-05-14 15:15:00+00:00,234.83990478515625,235.1699981689453,234.5207061767578,235.12989807128906,1461889,NVDA,5m
2026-05-14 15:20:00+00:00,235.1199951171875,235.53970336914062,234.9530029296875,235.35499572753906,1641096,NVDA,5m
2026-05-14 15:25:00+00:00,235.35989379882812,235.57000732421875,234.82000732421875,235.0399932861328,1666439,NVDA,5m
2026-05-14 15:30:00+00:00,235.07000732421875,236.0,234.9499969482422,235.72900390625,1931348,NVDA,5m
2026-05-14 15:35:00+00:00,235.72999572753906,236.11000061035156,235.36000061035156,235.52999877929688,2402405,NVDA,5m
2026-05-14 15:40:00+00:00,235.52999877929688,236.47000122070312,235.52999877929688,236.09010314941406,2570838,NVDA,5m
2026-05-14 15:45:00+00:00,236.1300048828125,236.25,235.25999450683594,235.47999572753906,1737094,NVDA,5m
2026-05-14 15:50:00+00:00,235.50570678710938,235.63999938964844,234.91000366210938,235.1699981689453,2171597,NVDA,5m
2026-05-14 15:55:00+00:00,235.1750030517578,235.6300048828125,234.85499572753906,234.8800048828125,1250788,NVDA,5m
2026-05-14 16:00:00+00:00,234.88999938964844,235.389892578125,234.7100067138672,235.11000061035156,1412027,NVDA,5m
2026-05-14 16:05:00+00:00,235.11000061035156,235.3800048828125,234.75,235.31500244140625,1279492,NVDA,5m
2026-05-14 16:10:00+00:00,235.32000732421875,236.0,235.27999877929688,235.5,1686330,NVDA,5m
2026-05-14 16:15:00+00:00,235.49989318847656,235.83999633789062,235.02999877929688,235.2624969482422,898494,NVDA,5m
2026-05-14 16:20:00+00:00,235.25,235.74000549316406,235.19000244140625,235.35000610351562,824615,NVDA,5m
2026-05-14 16:25:00+00:00,235.32200622558594,235.41000366210938,234.57000732421875,234.74009704589844,1368719,NVDA,5m
2026-05-14 16:30:00+00:00,234.75,234.92979431152344,234.47000122070312,234.747802734375,1110050,NVDA,5m
2026-05-14 16:35:00+00:00,234.75,235.13999938964844,234.72999572753906,235.0800018310547,1004832,NVDA,5m
2026-05-14 16:40:00+00:00,235.05999755859375,235.33999633789062,234.77999877929688,234.94000244140625,975220,NVDA,5m
2026-05-14 16:45:00+00:00,234.9199981689453,235.27999877929688,234.75,235.22000122070312,836113,NVDA,5m
2026-05-14 16:50:00+00:00,235.24130249023438,235.768798828125,234.97000122070312,235.74000549316406,1301974,NVDA,5m
2026-05-14 16:55:00+00:00,235.7449951171875,235.8000030517578,235.11740112304688,235.5,829680,NVDA,5m
2026-05-14 17:00:00+00:00,235.5050048828125,235.91189575195312,235.5050048828125,235.5500030517578,1238310,NVDA,5m
2026-05-14 17:05:00+00:00,235.57000732421875,235.60499572753906,234.55999755859375,234.57000732421875,1564439,NVDA,5m
2026-05-14 17:10:00+00:00,234.57000732421875,234.91000366210938,233.57000732421875,233.69000244140625,2269591,NVDA,5m
2026-05-14 17:15:00+00:00,233.67999267578125,233.91000366210938,232.67999267578125,233.02999877929688,2333429,NVDA,5m
2026-05-14 17:20:00+00:00,233.02999877929688,234.02999877929688,232.99000549316406,233.66009521484375,1706351,NVDA,5m
2026-05-14 17:25:00+00:00,233.6501007080078,234.16000366210938,233.25,234.125,1226709,NVDA,5m
2026-05-14 17:30:00+00:00,234.11000061035156,234.25,233.80999755859375,233.8800048828125,967383,NVDA,5m
2026-05-14 17:35:00+00:00,233.86000061035156,234.33639526367188,233.8000030517578,234.00999450683594,924416,NVDA,5m
2026-05-14 17:40:00+00:00,234.0229949951172,234.2899932861328,233.75,233.97650146484375,721876,NVDA,5m
2026-05-14 17:45:00+00:00,233.99000549316406,234.53990173339844,233.92999267578125,234.40499877929688,1029997,NVDA,5m
2026-05-14 17:50:00+00:00,234.40679931640625,234.68499755859375,234.2100067138672,234.6479949951172,843622,NVDA,5m
2026-05-14 17:55:00+00:00,234.66000366210938,234.97999572753906,234.6300048828125,234.77090454101562,1422549,NVDA,5m
2026-05-14 18:00:00+00:00,234.75999450683594,234.81500244140625,233.8800048828125,234.10499572753906,1174892,NVDA,5m
2026-05-14 18:05:00+00:00,234.13999938964844,234.35989379882812,233.82000732421875,234.29989624023438,947732,NVDA,5m
2026-05-14 18:10:00+00:00,234.3000030517578,234.86000061035156,234.22000122070312,234.83999633789062,810511,NVDA,5m
2026-05-14 18:15:00+00:00,234.85989379882812,235.22000122070312,234.77000427246094,235.1699981689453,1212765,NVDA,5m
2026-05-14 18:20:00+00:00,235.1699981689453,235.23500061035156,234.9600067138672,235.0399932861328,761513,NVDA,5m
2026-05-14 18:25:00+00:00,235.0399932861328,235.55999755859375,234.97999572753906,235.50070190429688,1030919,NVDA,5m
2026-05-14 18:30:00+00:00,235.51499938964844,235.86000061035156,235.38999938964844,235.42999267578125,1495016,NVDA,5m
2026-05-14 18:35:00+00:00,235.4199981689453,235.69000244140625,235.14999389648438,235.5019989013672,889151,NVDA,5m
2026-05-14 18:40:00+00:00,235.51620483398438,235.55999755859375,235.10499572753906,235.3699951171875,743949,NVDA,5m
2026-05-14 18:45:00+00:00,235.33999633789062,235.83999633789062,235.1199951171875,235.75999450683594,982791,NVDA,5m
2026-05-14 18:50:00+00:00,235.77000427246094,236.22000122070312,235.76600646972656,236.19000244140625,1723604,NVDA,5m
2026-05-14 18:55:00+00:00,236.1999053955078,236.42999267578125,235.9199981689453,236.05999755859375,1527504,NVDA,5m
2026-05-14 19:00:00+00:00,236.0699005126953,236.5399932861328,236.0699005126953,236.27000427246094,1606486,NVDA,5m
2026-05-14 19:05:00+00:00,236.2449951171875,236.38999938964844,235.9600067138672,236.3800048828125,1112413,NVDA,5m
2026-05-14 19:10:00+00:00,236.36599731445312,236.47999572753906,235.67999267578125,235.89010620117188,1268431,NVDA,5m
2026-05-14 19:15:00+00:00,235.89700317382812,236.02999877929688,235.6699981689453,235.7100067138672,1124363,NVDA,5m
2026-05-14 19:20:00+00:00,235.6999969482422,236.0,235.52000427246094,235.63099670410156,1342012,NVDA,5m
2026-05-14 19:25:00+00:00,235.64999389648438,235.88999938964844,235.4199981689453,235.6300048828125,1096177,NVDA,5m
2026-05-14 19:30:00+00:00,235.61000061035156,235.74000549316406,235.360107421875,235.38999938964844,998796,NVDA,5m
2026-05-14 19:35:00+00:00,235.38999938964844,235.44000244140625,235.16000366210938,235.17379760742188,1331335,NVDA,5m
2026-05-14 19:40:00+00:00,235.1750030517578,235.64999389648438,235.16000366210938,235.44549560546875,1310953,NVDA,5m
2026-05-14 19:45:00+00:00,235.44000244140625,235.8699951171875,235.13999938964844,235.66000366210938,1624537,NVDA,5m
2026-05-14 19:50:00+00:00,235.63999938964844,235.92999267578125,235.22999572753906,235.8000030517578,2420280,NVDA,5m
2026-05-14 19:55:00+00:00,235.82000732421875,236.02749633789062,235.49000549316406,235.7449951171875,4518360,NVDA,5m
2026-05-15 13:30:00+00:00,229.75,230.0500030517578,226.39999389648438,227.51499938964844,24136589,NVDA,5m
2026-05-15 13:35:00+00:00,227.5,227.72500610351562,225.75999450683594,226.02499389648438,4994962,NVDA,5m
2026-05-15 13:40:00+00:00,226.02000427246094,226.6999969482422,225.0509033203125,226.16659545898438,4542097,NVDA,5m
2026-05-15 13:45:00+00:00,226.17250061035156,227.07000732421875,224.25,227.05499267578125,5930127,NVDA,5m
2026-05-15 13:50:00+00:00,227.06500244140625,227.25,226.25,226.7581024169922,2704771,NVDA,5m
2026-05-15 13:55:00+00:00,226.7799072265625,227.35000610351562,225.10000610351562,225.22000122070312,2835296,NVDA,5m
2026-05-15 14:00:00+00:00,225.22000122070312,226.14999389648438,224.94000244140625,225.95989990234375,2983246,NVDA,5m
2026-05-15 14:05:00+00:00,225.92999267578125,226.77999877929688,225.3000030517578,226.5399932861328,2089101,NVDA,5m
2026-05-15 14:10:00+00:00,226.5449981689453,227.8800048828125,226.14500427246094,227.82009887695312,2888971,NVDA,5m
2026-05-15 14:15:00+00:00,227.87930297851562,228.4969940185547,227.30999755859375,228.25999450683594,2882452,NVDA,5m
2026-05-15 14:20:00+00:00,228.26010131835938,228.69000244140625,227.99000549316406,228.0500030517578,2191469,NVDA,5m
2026-05-15 14:25:00+00:00,228.02999877929688,228.21499633789062,226.48500061035156,226.60499572753906,2143810,NVDA,5m
2026-05-15 14:30:00+00:00,226.66000366210938,227.52999877929688,226.60000610351562,227.52999877929688,1718661,NVDA,5m
2026-05-15 14:35:00+00:00,227.5399932861328,227.6199951171875,226.75,227.07000732421875,1441111,NVDA,5m
2026-05-15 14:40:00+00:00,227.11500549316406,227.8300018310547,227.11500549316406,227.6699981689453,1164858,NVDA,5m
2026-05-15 14:45:00+00:00,227.64010620117188,227.6999969482422,226.6300048828125,226.75,1217240,NVDA,5m
2026-05-15 14:50:00+00:00,226.75999450683594,226.77999877929688,225.89999389648438,226.32000732421875,1882450,NVDA,5m
2026-05-15 14:55:00+00:00,226.35000610351562,226.8300018310547,225.91000366210938,226.08999633789062,1360343,NVDA,5m
2026-05-15 15:00:00+00:00,226.0950927734375,226.6300048828125,225.8800048828125,226.24000549316406,1207551,NVDA,5m
2026-05-15 15:05:00+00:00,226.23500061035156,226.7949981689453,225.67999267578125,226.7801055908203,1360720,NVDA,5m
2026-05-15 15:10:00+00:00,226.77999877929688,226.8907012939453,226.2241973876953,226.4600067138672,1269557,NVDA,5m
2026-05-15 15:15:00+00:00,226.42999267578125,227.38999938964844,226.41000366210938,227.24989318847656,1406972,NVDA,5m
2026-05-15 15:20:00+00:00,227.25,227.91990661621094,227.1999969482422,227.4250030517578,1310467,NVDA,5m
2026-05-15 15:25:00+00:00,227.47999572753906,227.83990478515625,227.23500061035156,227.76499938964844,922181,NVDA,5m
2026-05-15 15:30:00+00:00,227.7899932861328,228.30999755859375,227.72999572753906,228.17999267578125,1946631,NVDA,5m
2026-05-15 15:35:00+00:00,228.19000244140625,229.17999267578125,228.0399932861328,228.42999267578125,2286211,NVDA,5m
2026-05-15 15:40:00+00:00,228.4600067138672,228.7899932861328,228.02999877929688,228.19009399414062,1345667,NVDA,5m
2026-05-15 15:45:00+00:00,228.22999572753906,228.52999877929688,227.72999572753906,227.94500732421875,1216280,NVDA,5m
2026-05-15 15:50:00+00:00,227.94500732421875,228.0800018310547,227.6300048828125,227.8300018310547,1017416,NVDA,5m
2026-05-15 15:55:00+00:00,227.85000610351562,228.17999267578125,227.44000244140625,228.11000061035156,964743,NVDA,5m
2026-05-15 16:00:00+00:00,228.1199951171875,228.49000549316406,227.8699951171875,228.00999450683594,1112247,NVDA,5m
2026-05-15 16:05:00+00:00,227.9550018310547,228.16000366210938,227.6300048828125,228.07000732421875,807975,NVDA,5m
2026-05-15 16:10:00+00:00,228.0699005126953,228.08999633789062,227.2100067138672,227.67999267578125,934868,NVDA,5m
2026-05-15 16:15:00+00:00,227.67999267578125,227.7100067138672,227.05999755859375,227.42999267578125,714106,NVDA,5m
2026-05-15 16:20:00+00:00,227.43499755859375,228.06500244140625,227.3800048828125,227.9149932861328,684983,NVDA,5m
2026-05-15 16:25:00+00:00,227.89999389648438,228.3800048828125,227.89999389648438,228.3000030517578,896689,NVDA,5m
2026-05-15 16:30:00+00:00,228.3199005126953,228.5299072265625,227.9199981689453,227.9199981689453,829407,NVDA,5m
2026-05-15 16:35:00+00:00,227.92999267578125,228.33999633789062,227.6699981689453,228.25,747885,NVDA,5m
2026-05-15 16:40:00+00:00,228.25999450683594,228.49940490722656,228.10000610351562,228.47500610351562,746379,NVDA,5m
2026-05-15 16:45:00+00:00,228.47999572753906,228.61000061035156,228.2519989013672,228.4199981689453,682803,NVDA,5m
2026-05-15 16:50:00+00:00,228.4600067138672,228.5399932861328,227.6300048828125,227.7239990234375,853147,NVDA,5m
2026-05-15 16:55:00+00:00,227.7100067138672,228.07989501953125,227.69000244140625,227.90499877929688,766872,NVDA,5m
2026-05-15 17:00:00+00:00,227.88999938964844,228.11000061035156,227.72999572753906,227.9199981689453,1077994,NVDA,5m
2026-05-15 17:05:00+00:00,227.91000366210938,228.14999389648438,227.86000061035156,228.0998992919922,948596,NVDA,5m
2026-05-15 17:10:00+00:00,228.10000610351562,228.52999877929688,228.05999755859375,228.47000122070312,764625,NVDA,5m
2026-05-15 17:15:00+00:00,228.47000122070312,228.5500030517578,228.1999969482422,228.5399932861328,501590,NVDA,5m
2026-05-15 17:20:00+00:00,228.5399932861328,229.07000732421875,228.44000244140625,228.89999389648438,924187,NVDA,5m
2026-05-15 17:25:00+00:00,228.88999938964844,229.3000030517578,228.86000061035156,229.16009521484375,2085893,NVDA,5m
2026-05-15 17:30:00+00:00,229.16000366210938,229.72999572753906,229.12010192871094,229.70399475097656,1092785,NVDA,5m
2026-05-15 17:35:00+00:00,229.69000244140625,230.2899932861328,229.60009765625,230.26499938964844,1654007,NVDA,5m
2026-05-15 17:40:00+00:00,230.26499938964844,230.33999633789062,229.64999389648438,230.125,1205939,NVDA,5m
2026-05-15 17:45:00+00:00,230.13499450683594,230.39999389648438,230.01010131835938,230.1199951171875,1018363,NVDA,5m
2026-05-15 17:50:00+00:00,230.1199951171875,230.39889526367188,229.86000061035156,230.26919555664062,911215,NVDA,5m
2026-05-15 17:55:00+00:00,230.27000427246094,230.91000366210938,230.1699981689453,230.8249969482422,1180227,NVDA,5m
2026-05-15 18:00:00+00:00,230.83999633789062,231.0,230.63999938964844,230.94000244140625,1357099,NVDA,5m
2026-05-15 18:05:00+00:00,230.94000244140625,231.5,230.8800048828125,231.05999755859375,1850210,NVDA,5m
2026-05-15 18:10:00+00:00,231.0399932861328,231.4499969482422,230.87100219726562,231.05499267578125,1083878,NVDA,5m
2026-05-15 18:15:00+00:00,231.0424041748047,231.10000610351562,229.85009765625,229.98989868164062,1237145,NVDA,5m
2026-05-15 18:20:00+00:00,229.9600067138672,230.72999572753906,229.83999633789062,230.4199981689453,1060278,NVDA,5m
2026-05-15 18:25:00+00:00,230.41000366210938,230.52000427246094,229.62109375,229.84979248046875,1017069,NVDA,5m
2026-05-15 18:30:00+00:00,229.85000610351562,229.85000610351562,229.00999450683594,229.07000732421875,1283344,NVDA,5m
2026-05-15 18:35:00+00:00,229.0800018310547,229.52999877929688,228.97000122070312,229.4149932861328,1096363,NVDA,5m
2026-05-15 18:40:00+00:00,229.42999267578125,229.49000549316406,228.6300048828125,228.67999267578125,1358207,NVDA,5m
2026-05-15 18:45:00+00:00,228.69000244140625,228.7100067138672,228.14999389648438,228.50999450683594,1158307,NVDA,5m
2026-05-15 18:50:00+00:00,228.50999450683594,228.97999572753906,228.3101043701172,228.9080047607422,1036562,NVDA,5m
2026-05-15 18:55:00+00:00,228.89999389648438,229.1199951171875,228.66000366210938,228.98500061035156,970768,NVDA,5m
2026-05-15 19:00:00+00:00,229.0,229.10000610351562,228.36000061035156,228.4600067138672,845732,NVDA,5m
2026-05-15 19:05:00+00:00,228.44000244140625,228.67999267578125,227.6199951171875,227.74000549316406,1166573,NVDA,5m
2026-05-15 19:10:00+00:00,227.74000549316406,228.02999877929688,227.40199279785156,227.97500610351562,1149731,NVDA,5m
2026-05-15 19:15:00+00:00,227.97999572753906,228.11990356445312,227.0800018310547,227.52000427246094,1478068,NVDA,5m
2026-05-15 19:20:00+00:00,227.48500061035156,227.52000427246094,226.77999877929688,226.7899932861328,1713298,NVDA,5m
2026-05-15 19:25:00+00:00,226.7899932861328,227.1999969482422,226.7100067138672,227.0449981689453,1309722,NVDA,5m
2026-05-15 19:30:00+00:00,227.0500030517578,227.3800048828125,226.91000366210938,227.181396484375,1204669,NVDA,5m
2026-05-15 19:35:00+00:00,227.2050018310547,227.4499969482422,227.0500030517578,227.41000366210938,1154039,NVDA,5m
2026-05-15 19:40:00+00:00,227.41000366210938,227.5500030517578,227.11000061035156,227.14999389648438,1105187,NVDA,5m
2026-05-15 19:45:00+00:00,227.1199951171875,227.19000244140625,226.39500427246094,226.69000244140625,1816217,NVDA,5m
2026-05-15 19:50:00+00:00,226.69000244140625,226.74000549316406,225.1699981689453,225.25,3591159,NVDA,5m
2026-05-15 19:55:00+00:00,225.25100708007812,225.6199951171875,224.88999938964844,225.22999572753906,8331616,NVDA,5m
2026-05-18 13:30:00+00:00,229.82000732421875,230.0,227.13999938964844,227.60000610351562,13897347,NVDA,5m
2026-05-18 13:35:00+00:00,227.58999633789062,227.64999389648438,225.8800048828125,226.32009887695312,4330753,NVDA,5m
2026-05-18 13:40:00+00:00,226.32000732421875,226.3800048828125,224.2899932861328,224.3300018310547,4455022,NVDA,5m
2026-05-18 13:45:00+00:00,224.31500244140625,225.14999389648438,223.57000732421875,224.14500427246094,4237700,NVDA,5m
2026-05-18 13:50:00+00:00,224.12249755859375,225.92999267578125,224.04010009765625,225.86000061035156,3004501,NVDA,5m
2026-05-18 13:55:00+00:00,225.89999389648438,226.48959350585938,225.02999877929688,225.49000549316406,2570883,NVDA,5m
2026-05-18 14:00:00+00:00,225.50999450683594,225.55999755859375,224.1999969482422,225.2899932861328,2218596,NVDA,5m
2026-05-18 14:05:00+00:00,225.31500244140625,226.25999450683594,224.69000244140625,225.66000366210938,2237578,NVDA,5m
2026-05-18 14:10:00+00:00,225.66000366210938,225.69000244140625,224.24000549316406,224.7949981689453,1996686,NVDA,5m
2026-05-18 14:15:00+00:00,224.8300018310547,225.38999938964844,224.3800048828125,225.0749969482422,1536906,NVDA,5m
2026-05-18 14:20:00+00:00,225.10000610351562,225.35000610351562,224.0,224.0,1673598,NVDA,5m
2026-05-18 14:25:00+00:00,223.9945068359375,224.27999877929688,222.4199981689453,222.8249969482422,2918893,NVDA,5m
2026-05-18 14:30:00+00:00,222.80999755859375,223.22999572753906,221.2100067138672,221.26499938964844,3001394,NVDA,5m
2026-05-18 14:35:00+00:00,221.32000732421875,222.10000610351562,220.82000732421875,221.55999755859375,2991564,NVDA,5m
2026-05-18 14:40:00+00:00,221.57000732421875,222.5500030517578,220.66000366210938,222.11050415039062,2334520,NVDA,5m
2026-05-18 14:45:00+00:00,222.1199951171875,222.2899932861328,220.41000366210938,220.7550048828125,2155648,NVDA,5m
2026-05-18 14:50:00+00:00,220.72000122070312,222.25999450683594,220.57000732421875,221.55499267578125,2036953,NVDA,5m
2026-05-18 14:55:00+00:00,221.55499267578125,222.51499938964844,221.3300018310547,222.16000366210938,1454634,NVDA,5m
2026-05-18 15:00:00+00:00,222.15499877929688,223.2100067138672,221.9600067138672,223.11000061035156,1971684,NVDA,5m
2026-05-18 15:05:00+00:00,223.11000061035156,223.3000030517578,222.38499450683594,222.56500244140625,1348376,NVDA,5m
2026-05-18 15:10:00+00:00,222.58999633789062,223.42999267578125,222.22000122070312,223.18499755859375,1278542,NVDA,5m
2026-05-18 15:15:00+00:00,223.1824951171875,223.1824951171875,222.16099548339844,222.26499938964844,1169911,NVDA,5m
2026-05-18 15:20:00+00:00,222.26499938964844,222.6199951171875,221.84010314941406,222.1999969482422,1129144,NVDA,5m
2026-05-18 15:25:00+00:00,222.14999389648438,223.0399932861328,221.6699981689453,221.67999267578125,1198969,NVDA,5m
2026-05-18 15:30:00+00:00,221.69500732421875,222.5211944580078,221.5399932861328,222.4691925048828,1027041,NVDA,5m
2026-05-18 15:35:00+00:00,222.4600067138672,223.3498992919922,222.3800048828125,223.01730346679688,1105757,NVDA,5m
2026-05-18 15:40:00+00:00,223.02000427246094,223.27000427246094,222.27000427246094,222.27999877929688,896229,NVDA,5m
2026-05-18 15:45:00+00:00,222.29949951171875,222.82000732421875,222.19000244140625,222.47279357910156,812366,NVDA,5m
2026-05-18 15:50:00+00:00,222.4600067138672,222.94000244140625,221.8800048828125,222.82000732421875,992316,NVDA,5m
2026-05-18 15:55:00+00:00,222.8000946044922,223.02999877929688,222.36000061035156,222.5,748562,NVDA,5m
2026-05-18 16:00:00+00:00,222.55999755859375,222.7100067138672,221.55999755859375,221.66000366210938,931419,NVDA,5m
2026-05-18 16:05:00+00:00,221.69000244140625,222.14990234375,221.5,222.02999877929688,836099,NVDA,5m
2026-05-18 16:10:00+00:00,222.04989624023438,222.61000061035156,221.9600067138672,222.43499755859375,763364,NVDA,5m
2026-05-18 16:15:00+00:00,222.4149932861328,222.7100067138672,222.3000030517578,222.5399932861328,831925,NVDA,5m
2026-05-18 16:20:00+00:00,222.5399932861328,223.16000366210938,222.0500030517578,222.11500549316406,1014387,NVDA,5m
2026-05-18 16:25:00+00:00,222.1300048828125,222.26499938964844,220.25999450683594,220.41000366210938,1974321,NVDA,5m
2026-05-18 16:30:00+00:00,220.4199981689453,220.44000244140625,219.75999450683594,219.82000732421875,2718913,NVDA,5m
2026-05-18 16:35:00+00:00,219.78799438476562,221.24000549316406,219.64019775390625,221.03819274902344,1309584,NVDA,5m
2026-05-18 16:40:00+00:00,221.06500244140625,221.17999267578125,220.85009765625,220.92990112304688,836543,NVDA,5m
2026-05-18 16:45:00+00:00,220.97000122070312,221.2899932861328,220.3699951171875,220.7050018310547,923175,NVDA,5m
2026-05-18 16:50:00+00:00,220.7135009765625,222.12989807128906,220.53500366210938,222.11500549316406,1085341,NVDA,5m
2026-05-18 16:55:00+00:00,222.11500549316406,222.44000244140625,221.85000610351562,222.13499450683594,1046625,NVDA,5m
2026-05-18 17:00:00+00:00,222.13499450683594,222.42999267578125,221.9001007080078,222.22999572753906,900415,NVDA,5m
2026-05-18 17:05:00+00:00,222.24000549316406,222.5399932861328,221.75,221.80999755859375,933938,NVDA,5m
2026-05-18 17:10:00+00:00,221.8300018310547,222.08999633789062,221.25999450683594,221.27000427246094,1009925,NVDA,5m
2026-05-18 17:15:00+00:00,221.25999450683594,221.52999877929688,221.0500030517578,221.2899932861328,775238,NVDA,5m
2026-05-18 17:20:00+00:00,221.27999877929688,221.39990234375,220.72000122070312,220.8800048828125,722967,NVDA,5m
2026-05-18 17:25:00+00:00,220.89999389648438,221.49989318847656,220.75,221.47999572753906,852445,NVDA,5m
2026-05-18 17:30:00+00:00,221.47000122070312,221.6699981689453,221.05999755859375,221.2899932861328,690680,NVDA,5m
2026-05-18 17:35:00+00:00,221.32000732421875,221.33999633789062,221.02000427246094,221.22000122070312,516599,NVDA,5m
2026-05-18 17:40:00+00:00,221.22999572753906,221.85000610351562,221.1300048828125,221.67999267578125,703694,NVDA,5m
2026-05-18 17:45:00+00:00,221.65499877929688,221.72999572753906,220.91000366210938,220.9199981689453,592331,NVDA,5m
2026-05-18 17:50:00+00:00,220.92999267578125,221.35000610351562,220.86529541015625,221.3000030517578,566790,NVDA,5m
2026-05-18 17:55:00+00:00,221.29010009765625,221.65499877929688,221.0500030517578,221.49009704589844,747549,NVDA,5m
2026-05-18 18:00:00+00:00,221.5,221.50999450683594,220.4600067138672,220.64999389648438,871539,NVDA,5m
2026-05-18 18:05:00+00:00,220.64999389648438,220.75999450683594,220.17010498046875,220.2100067138672,964553,NVDA,5m
2026-05-18 18:10:00+00:00,220.2100067138672,220.4600067138672,220.00999450683594,220.06500244140625,900588,NVDA,5m
2026-05-18 18:15:00+00:00,220.0500030517578,220.1300048828125,219.4600067138672,219.7718963623047,1600197,NVDA,5m
2026-05-18 18:20:00+00:00,219.7899932861328,219.94000244140625,219.5500030517578,219.7698974609375,1101179,NVDA,5m
2026-05-18 18:25:00+00:00,219.75929260253906,220.0,219.22000122070312,219.9199981689453,1556022,NVDA,5m
2026-05-18 18:30:00+00:00,219.92999267578125,220.46560668945312,219.7301025390625,220.1699981689453,1277547,NVDA,5m
2026-05-18 18:35:00+00:00,220.1750030517578,220.27999877929688,219.41000366210938,219.4199981689453,1207628,NVDA,5m
2026-05-18 18:40:00+00:00,219.42050170898438,219.57989501953125,219.10000610351562,219.52000427246094,1304658,NVDA,5m
2026-05-18 18:45:00+00:00,219.48500061035156,219.55999755859375,218.77000427246094,218.85989379882812,1476915,NVDA,5m
2026-05-18 18:50:00+00:00,218.85000610351562,219.2100067138672,218.3699951171875,219.13499450683594,1794986,NVDA,5m
2026-05-18 18:55:00+00:00,219.1300048828125,219.7899932861328,219.02499389648438,219.61000061035156,1452429,NVDA,5m
2026-05-18 19:00:00+00:00,219.6199951171875,221.64999389648438,219.55999755859375,220.85000610351562,2254373,NVDA,5m
2026-05-18 19:05:00+00:00,220.8699951171875,221.14990234375,219.8800048828125,220.50999450683594,1436653,NVDA,5m
2026-05-18 19:10:00+00:00,220.52999877929688,220.85000610351562,220.25999450683594,220.36000061035156,1142320,NVDA,5m
2026-05-18 19:15:00+00:00,220.34500122070312,220.67999267578125,220.07000732421875,220.36000061035156,956941,NVDA,5m
2026-05-18 19:20:00+00:00,220.375,220.6199951171875,220.0399932861328,220.17999267578125,919030,NVDA,5m
2026-05-18 19:25:00+00:00,220.1649932861328,220.25,219.77000427246094,220.18499755859375,1102122,NVDA,5m
2026-05-18 19:30:00+00:00,220.19009399414062,220.9799041748047,220.1199951171875,220.75999450683594,1619981,NVDA,5m
2026-05-18 19:35:00+00:00,220.75999450683594,221.5800018310547,220.72740173339844,221.5399932861328,1478629,NVDA,5m
2026-05-18 19:40:00+00:00,221.55999755859375,221.77999877929688,221.32000732421875,221.739501953125,1425576,NVDA,5m
2026-05-18 19:45:00+00:00,221.6999969482422,221.94000244140625,221.50999450683594,221.8699951171875,1385879,NVDA,5m
2026-05-18 19:50:00+00:00,221.88999938964844,222.2899932861328,221.6999969482422,222.22000122070312,1960847,NVDA,5m
2026-05-18 19:55:00+00:00,222.20799255371094,222.35000610351562,221.8300018310547,222.35000610351562,3418831,NVDA,5m
2026-05-19 13:30:00+00:00,219.69500732421875,222.38999938964844,219.52000427246094,221.14999389648438,9013220,NVDA,5m
2026-05-19 13:35:00+00:00,221.1750030517578,223.3300018310547,220.35000610351562,221.89999389648438,3643753,NVDA,5m
2026-05-19 13:40:00+00:00,221.89979553222656,222.14990234375,220.64999389648438,221.66000366210938,2345824,NVDA,5m
2026-05-19 13:45:00+00:00,221.64999389648438,222.02999877929688,220.14999389648438,221.07000732421875,2570391,NVDA,5m
2026-05-19 13:50:00+00:00,221.06500244140625,222.49000549316406,220.60000610351562,222.3699951171875,2966523,NVDA,5m
2026-05-19 13:55:00+00:00,222.33999633789062,222.8000030517578,220.6750030517578,220.8300018310547,2300772,NVDA,5m
2026-05-19 14:00:00+00:00,220.86819458007812,220.88999938964844,219.75,220.3000946044922,2146283,NVDA,5m
2026-05-19 14:05:00+00:00,220.3800048828125,220.50999450683594,218.5399932861328,219.05999755859375,2503013,NVDA,5m
2026-05-19 14:10:00+00:00,219.02000427246094,219.74000549316406,218.5,218.6300048828125,1902484,NVDA,5m
2026-05-19 14:15:00+00:00,218.65499877929688,219.0800018310547,217.91000366210938,218.5800018310547,2900032,NVDA,5m
2026-05-19 14:20:00+00:00,218.61500549316406,218.97999572753906,218.07000732421875,218.85000610351562,2102322,NVDA,5m
2026-05-19 14:25:00+00:00,218.88999938964844,219.25,218.3000946044922,218.5749969482422,1500355,NVDA,5m
2026-05-19 14:30:00+00:00,218.60000610351562,219.3300018310547,218.14999389648438,218.4550018310547,1453353,NVDA,5m
2026-05-19 14:35:00+00:00,218.39999389648438,219.92999267578125,218.17999267578125,219.77999877929688,1621524,NVDA,5m
2026-05-19 14:40:00+00:00,219.77999877929688,220.13999938964844,218.9600067138672,219.10000610351562,1561990,NVDA,5m
2026-05-19 14:45:00+00:00,219.10000610351562,219.5,218.7100067138672,219.38999938964844,2053318,NVDA,5m
2026-05-19 14:50:00+00:00,219.4199981689453,220.55740356445312,219.25999450683594,219.79539489746094,1466415,NVDA,5m
2026-05-19 14:55:00+00:00,219.77000427246094,221.02999877929688,219.63999938964844,220.92999267578125,1345575,NVDA,5m
2026-05-19 15:00:00+00:00,220.92999267578125,221.5,220.80999755859375,220.97500610351562,1451553,NVDA,5m
2026-05-19 15:05:00+00:00,220.9700927734375,221.02999877929688,220.02999877929688,220.49989318847656,1145403,NVDA,5m
2026-05-19 15:10:00+00:00,220.50999450683594,221.28990173339844,220.47000122070312,221.0395965576172,1116891,NVDA,5m
2026-05-19 15:15:00+00:00,221.02999877929688,221.60000610351562,220.6999969482422,220.70010375976562,1562030,NVDA,5m
2026-05-19 15:20:00+00:00,220.7050018310547,221.2198944091797,220.2115020751953,220.24009704589844,929709,NVDA,5m
2026-05-19 15:25:00+00:00,220.24000549316406,221.0,220.02279663085938,220.51499938964844,1003012,NVDA,5m
2026-05-19 15:30:00+00:00,220.49000549316406,221.3000030517578,220.3300018310547,220.75999450683594,1936086,NVDA,5m
2026-05-19 15:35:00+00:00,220.6699981689453,221.60000610351562,220.5,221.38999938964844,1143305,NVDA,5m
2026-05-19 15:40:00+00:00,221.38499450683594,221.99000549316406,221.25,221.6999969482422,1099580,NVDA,5m
2026-05-19 15:45:00+00:00,221.72000122070312,221.80499267578125,220.73500061035156,221.00999450683594,961031,NVDA,5m
2026-05-19 15:50:00+00:00,221.00999450683594,221.17979431152344,220.39999389648438,220.71499633789062,1044230,NVDA,5m
2026-05-19 15:55:00+00:00,220.6999969482422,220.75990295410156,220.1999969482422,220.66000366210938,813861,NVDA,5m
2026-05-19 16:00:00+00:00,220.67999267578125,221.3000030517578,220.63999938964844,221.13999938964844,876729,NVDA,5m
2026-05-19 16:05:00+00:00,221.1699981689453,221.22999572753906,220.55999755859375,220.60989379882812,781545,NVDA,5m
2026-05-19 16:10:00+00:00,220.5800018310547,220.8498992919922,220.29010009765625,220.43499755859375,759650,NVDA,5m
2026-05-19 16:15:00+00:00,220.4499969482422,220.94000244140625,220.31500244140625,220.83999633789062,963739,NVDA,5m
2026-05-19 16:20:00+00:00,220.83999633789062,221.14999389648438,220.6999969482422,221.1300048828125,711258,NVDA,5m
2026-05-19 16:25:00+00:00,221.139892578125,222.00999450683594,221.11000061035156,221.90499877929688,1094508,NVDA,5m
2026-05-19 16:30:00+00:00,221.86000061035156,222.77999877929688,221.75010681152344,222.68499755859375,1284397,NVDA,5m
2026-05-19 16:35:00+00:00,222.69000244140625,222.97999572753906,222.3699951171875,222.86500549316406,1164276,NVDA,5m
2026-05-19 16:40:00+00:00,222.86500549316406,223.1300048828125,222.6999969482422,223.125,1114482,NVDA,5m
2026-05-19 16:45:00+00:00,223.13999938964844,223.36000061035156,222.4600067138672,222.69500732421875,1244326,NVDA,5m
2026-05-19 16:50:00+00:00,222.69500732421875,223.1199951171875,222.4600067138672,223.11000061035156,1052425,NVDA,5m
2026-05-19 16:55:00+00:00,223.1199951171875,223.39999389648438,222.80999755859375,223.10000610351562,1043344,NVDA,5m
2026-05-19 17:00:00+00:00,223.10000610351562,223.5500030517578,223.00050354003906,223.3800048828125,1003520,NVDA,5m
2026-05-19 17:05:00+00:00,223.3800048828125,223.52999877929688,223.0050048828125,223.52000427246094,883934,NVDA,5m
2026-05-19 17:10:00+00:00,223.52999877929688,223.89990234375,223.51010131835938,223.8300018310547,926268,NVDA,5m
2026-05-19 17:15:00+00:00,223.83999633789062,224.25,223.8000030517578,224.11019897460938,1169456,NVDA,5m
2026-05-19 17:20:00+00:00,224.11000061035156,224.47999572753906,223.86000061035156,224.14999389648438,1286869,NVDA,5m
2026-05-19 17:25:00+00:00,224.15499877929688,224.19000244140625,223.11000061035156,223.34500122070312,1128275,NVDA,5m
2026-05-19 17:30:00+00:00,223.3101043701172,224.07000732421875,223.3101043701172,223.6300048828125,856360,NVDA,5m
2026-05-19 17:35:00+00:00,223.60000610351562,223.99000549316406,223.5500030517578,223.81500244140625,708637,NVDA,5m
2026-05-19 17:40:00+00:00,223.8249969482422,224.1300048828125,223.6199951171875,223.74659729003906,675776,NVDA,5m
2026-05-19 17:45:00+00:00,223.77000427246094,223.8350067138672,222.94070434570312,223.0399932861328,915108,NVDA,5m
2026-05-19 17:50:00+00:00,223.0500030517578,223.06500244140625,222.07000732421875,222.4550018310547,1180277,NVDA,5m
2026-05-19 17:55:00+00:00,222.4600067138672,223.1699981689453,222.4600067138672,223.10000610351562,916102,NVDA,5m
2026-05-19 18:00:00+00:00,223.11500549316406,223.30999755859375,222.95010375976562,223.29010009765625,795034,NVDA,5m
2026-05-19 18:05:00+00:00,223.30999755859375,223.65989685058594,223.25999450683594,223.576904296875,650790,NVDA,5m
2026-05-19 18:10:00+00:00,223.57049560546875,223.6699981689453,223.2899932861328,223.32000732421875,558836,NVDA,5m
2026-05-19 18:15:00+00:00,223.31500244140625,223.4600067138672,222.84010314941406,222.9250030517578,2091410,NVDA,5m
2026-05-19 18:20:00+00:00,222.91000366210938,222.94000244140625,222.3000030517578,222.7200927734375,832472,NVDA,5m
2026-05-19 18:25:00+00:00,222.72000122070312,223.16009521484375,222.4801025390625,222.64999389648438,820024,NVDA,5m
2026-05-19 18:30:00+00:00,222.63999938964844,223.00999450683594,222.5,222.92990112304688,753081,NVDA,5m
2026-05-19 18:35:00+00:00,222.9199981689453,223.0800018310547,222.50010681152344,222.5449981689453,670324,NVDA,5m
2026-05-19 18:40:00+00:00,222.5489044189453,222.77000427246094,222.32000732421875,222.65499877929688,716933,NVDA,5m
2026-05-19 18:45:00+00:00,222.65499877929688,222.97000122070312,222.3800048828125,222.96499633789062,754465,NVDA,5m
2026-05-19 18:50:00+00:00,222.9600067138672,223.1300048828125,222.6300048828125,222.67999267578125,627780,NVDA,5m
2026-05-19 18:55:00+00:00,222.66000366210938,222.6697998046875,222.17999267578125,222.5,1161220,NVDA,5m
2026-05-19 19:00:00+00:00,222.47999572753906,222.6999969482422,222.1699981689453,222.34010314941406,831743,NVDA,5m
2026-05-19 19:05:00+00:00,222.36000061035156,222.4499969482422,221.8699951171875,222.3699951171875,1144378,NVDA,5m
2026-05-19 19:10:00+00:00,222.3699951171875,222.77999877929688,222.32000732421875,222.5998992919922,982068,NVDA,5m
2026-05-19 19:15:00+00:00,222.60000610351562,222.66000366210938,221.86000061035156,221.86000061035156,957916,NVDA,5m
2026-05-19 19:20:00+00:00,221.85400390625,222.10000610351562,221.33999633789062,221.35499572753906,1272188,NVDA,5m
2026-05-19 19:25:00+00:00,221.36000061035156,221.9600067138672,221.19000244140625,221.89599609375,1210407,NVDA,5m
2026-05-19 19:30:00+00:00,221.9199981689453,222.47999572753906,221.875,221.9199981689453,1010555,NVDA,5m
2026-05-19 19:35:00+00:00,221.92999267578125,222.0800018310547,221.4600067138672,221.6649932861328,1130975,NVDA,5m
2026-05-19 19:40:00+00:00,221.6649932861328,221.7299041748047,221.36000061035156,221.44009399414062,1172857,NVDA,5m
2026-05-19 19:45:00+00:00,221.46499633789062,221.58999633789062,220.9199981689453,220.9499969482422,1612714,NVDA,5m
2026-05-19 19:50:00+00:00,220.9250030517578,221.2449951171875,219.5301055908203,219.6649932861328,2990154,NVDA,5m
2026-05-19 19:55:00+00:00,219.66000366210938,220.75,219.0,220.6300048828125,6808274,NVDA,5m
