timestamp,open,high,low,close,volume,ticker,interval
2026-05-06 13:30:00+00:00,687.8099975585938,687.8200073242188,686.47998046875,686.739990234375,3381247,QQQ,1m
2026-05-06 13:31:00+00:00,686.77001953125,687.7799072265625,686.7000122070312,687.6599731445312,357409,QQQ,1m
2026-05-06 13:32:00+00:00,687.6500244140625,688.510009765625,686.75,688.47998046875,204411,QQQ,1m
2026-05-06 13:33:00+00:00,688.47998046875,688.6359252929688,688.2100219726562,688.280029296875,150892,QQQ,1m
2026-05-06 13:34:00+00:00,688.2899780273438,689.1599731445312,688.0549926757812,689.0999755859375,225501,QQQ,1m
2026-05-06 13:35:00+00:00,689.0999755859375,689.4099731445312,688.6500854492188,688.7401123046875,258092,QQQ,1m
2026-05-06 13:36:00+00:00,688.75,689.2000122070312,688.739990234375,688.969970703125,135421,QQQ,1m
2026-05-06 13:37:00+00:00,688.9099731445312,689.2169799804688,688.219970703125,688.260009765625,274283,QQQ,1m
2026-05-06 13:38:00+00:00,688.2100219726562,688.5698852539062,687.9099731445312,688.4400024414062,167847,QQQ,1m
2026-05-06 13:39:00+00:00,688.489990234375,688.8300170898438,688.1599731445312,688.7000122070312,98266,QQQ,1m
2026-05-06 13:40:00+00:00,688.72998046875,689.177490234375,688.5499877929688,688.9500122070312,126836,QQQ,1m
2026-05-06 13:41:00+00:00,688.9713745117188,689.4000244140625,688.969970703125,689.2000122070312,138174,QQQ,1m
2026-05-06 13:42:00+00:00,689.2000122070312,689.3800048828125,688.8300170898438,688.969970703125,107327,QQQ,1m
2026-05-06 13:43:00+00:00,688.8800048828125,689.8300170898438,688.7999877929688,689.7890014648438,173639,QQQ,1m
2026-05-06 13:44:00+00:00,689.780029296875,689.969970703125,689.4450073242188,689.969970703125,104275,QQQ,1m
2026-05-06 13:45:00+00:00,689.9600219726562,690.4199829101562,689.6599731445312,689.8289794921875,194963,QQQ,1m
2026-05-06 13:46:00+00:00,689.855224609375,690.0,689.5150146484375,689.590087890625,142577,QQQ,1m
2026-05-06 13:47:00+00:00,689.5999755859375,689.7949829101562,689.3300170898438,689.7675170898438,113973,QQQ,1m
2026-05-06 13:48:00+00:00,689.77001953125,690.27001953125,689.4099731445312,689.5900268554688,268883,QQQ,1m
2026-05-06 13:49:00+00:00,689.5599975585938,689.7949829101562,689.3699951171875,689.6599731445312,141628,QQQ,1m
2026-05-06 13:50:00+00:00,689.6400146484375,689.6599731445312,688.6400146484375,688.6400146484375,230902,QQQ,1m
2026-05-06 13:51:00+00:00,688.6300048828125,689.4000244140625,688.4600219726562,689.3699951171875,104718,QQQ,1m
2026-05-06 13:52:00+00:00,689.3800048828125,689.8704833984375,689.3800048828125,689.780029296875,107843,QQQ,1m
2026-05-06 13:53:00+00:00,689.77001953125,689.8200073242188,689.3699951171875,689.6599731445312,121411,QQQ,1m
2026-05-06 13:54:00+00:00,689.6900024414062,690.489990234375,689.6599731445312,690.280029296875,120599,QQQ,1m
2026-05-06 13:55:00+00:00,690.2899780273438,690.52001953125,690.1799926757812,690.239990234375,140143,QQQ,1m
2026-05-06 13:56:00+00:00,690.239990234375,690.25,689.5750122070312,689.780029296875,106696,QQQ,1m
2026-05-06 13:57:00+00:00,689.77001953125,690.0499877929688,689.6500244140625,689.885009765625,327208,QQQ,1m
2026-05-06 13:58:00+00:00,689.9199829101562,690.0698852539062,689.77001953125,689.8150024414062,49472,QQQ,1m
2026-05-06 13:59:00+00:00,689.7999877929688,690.0599975585938,689.5499877929688,689.6199951171875,88900,QQQ,1m
2026-05-06 14:00:00+00:00,689.6300048828125,689.9699096679688,689.5698852539062,689.6400146484375,97358,QQQ,1m
2026-05-06 14:01:00+00:00,689.5599975585938,689.7999877929688,689.2722778320312,689.4400024414062,134021,QQQ,1m
2026-05-06 14:02:00+00:00,689.3900146484375,689.3900146484375,688.8272094726562,688.8699951171875,154833,QQQ,1m
2026-05-06 14:03:00+00:00,688.8400268554688,689.0399780273438,688.739990234375,688.8400268554688,161237,QQQ,1m
2026-05-06 14:04:00+00:00,688.8300170898438,688.9349975585938,688.280029296875,688.39990234375,149255,QQQ,1m
2026-05-06 14:05:00+00:00,688.3800048828125,688.8200073242188,688.2899780273438,688.7100219726562,118712,QQQ,1m
2026-05-06 14:06:00+00:00,688.7000122070312,688.9500122070312,687.6599731445312,687.784912109375,154251,QQQ,1m
2026-05-06 14:07:00+00:00,687.7899780273438,688.8200073242188,687.6199951171875,688.8101196289062,148977,QQQ,1m
2026-05-06 14:08:00+00:00,688.8400268554688,689.2139282226562,688.5999755859375,689.1400146484375,162016,QQQ,1m
2026-05-06 14:09:00+00:00,689.219970703125,689.9000244140625,689.1300048828125,689.8350219726562,114142,QQQ,1m
2026-05-06 14:10:00+00:00,689.8800048828125,690.1400146484375,689.672607421875,689.9600219726562,129300,QQQ,1m
2026-05-06 14:11:00+00:00,689.9500122070312,690.1400146484375,689.6500244140625,690.1400146484375,86286,QQQ,1m
2026-05-06 14:12:00+00:00,690.1500244140625,690.3699951171875,689.780029296875,689.8300170898438,125680,QQQ,1m
2026-05-06 14:13:00+00:00,689.780029296875,689.8900146484375,689.541015625,689.7000122070312,85299,QQQ,1m
2026-05-06 14:14:00+00:00,689.6699829101562,690.0,689.52001953125,689.739990234375,62547,QQQ,1m
2026-05-06 14:15:00+00:00,689.739990234375,689.9199829101562,689.6298828125,689.6799926757812,69963,QQQ,1m
2026-05-06 14:16:00+00:00,689.6300048828125,690.0800170898438,689.530029296875,689.60498046875,59342,QQQ,1m
2026-05-06 14:17:00+00:00,689.594970703125,689.7000122070312,688.4600219726562,688.7899780273438,230490,QQQ,1m
2026-05-06 14:18:00+00:00,688.7899780273438,689.02001953125,688.3099975585938,688.4598999023438,96006,QQQ,1m
2026-05-06 14:19:00+00:00,688.4000244140625,688.8150024414062,688.0800170898438,688.2000122070312,116717,QQQ,1m
2026-05-06 14:20:00+00:00,688.2525024414062,688.614990234375,688.1599731445312,688.4550170898438,220367,QQQ,1m
2026-05-06 14:21:00+00:00,688.47998046875,689.0,688.3499755859375,688.77001953125,145704,QQQ,1m
2026-05-06 14:22:00+00:00,688.780029296875,688.9400024414062,688.3800048828125,688.4299926757812,69202,QQQ,1m
2026-05-06 14:23:00+00:00,688.4199829101562,688.75,688.1599731445312,688.6699829101562,69192,QQQ,1m
2026-05-06 14:24:00+00:00,688.739990234375,688.8499755859375,688.25,688.8250122070312,69654,QQQ,1m
2026-05-06 14:25:00+00:00,688.8099975585938,689.2999877929688,688.75,689.27001953125,118571,QQQ,1m
2026-05-06 14:26:00+00:00,689.219970703125,689.5349731445312,688.8699951171875,689.0599975585938,66190,QQQ,1m
2026-05-06 14:27:00+00:00,688.989990234375,689.4299926757812,688.989990234375,689.27001953125,58434,QQQ,1m
2026-05-06 14:28:00+00:00,689.3099975585938,689.5999755859375,689.219970703125,689.5499877929688,47376,QQQ,1m
2026-05-06 14:29:00+00:00,689.4926147460938,689.6199951171875,688.3099975585938,688.4199829101562,114469,QQQ,1m
2026-05-06 14:30:00+00:00,688.4400024414062,688.8499755859375,688.4400024414062,688.8099975585938,106817,QQQ,1m
2026-05-06 14:31:00+00:00,688.7999877929688,688.8800048828125,688.510009765625,688.8300170898438,62728,QQQ,1m
2026-05-06 14:32:00+00:00,688.8200073242188,689.489990234375,688.8200073242188,689.407470703125,45939,QQQ,1m
2026-05-06 14:33:00+00:00,689.3800048828125,689.739990234375,689.3800048828125,689.5902099609375,73859,QQQ,1m
2026-05-06 14:34:00+00:00,689.6099853515625,690.0999755859375,689.5800170898438,690.030029296875,188393,QQQ,1m
2026-05-06 14:35:00+00:00,690.0599975585938,690.25,689.9500122070312,690.2000122070312,99442,QQQ,1m
2026-05-06 14:36:00+00:00,690.1699829101562,690.280029296875,690.0,690.1300048828125,95391,QQQ,1m
2026-05-06 14:37:00+00:00,690.1300048828125,690.1799926757812,689.8900146484375,690.0,60216,QQQ,1m
2026-05-06 14:38:00+00:00,690.0,690.2470092773438,689.8099975585938,690.239990234375,55020,QQQ,1m
2026-05-06 14:39:00+00:00,690.1799926757812,690.4500122070312,690.1199951171875,690.3800048828125,61639,QQQ,1m
2026-05-06 14:40:00+00:00,690.4400024414062,690.8599853515625,690.360107421875,690.8499755859375,114414,QQQ,1m
2026-05-06 14:41:00+00:00,690.8397827148438,690.9199829101562,690.5,690.6699829101562,165729,QQQ,1m
2026-05-06 14:42:00+00:00,690.6500244140625,690.9299926757812,690.4500122070312,690.8200073242188,132029,QQQ,1m
2026-05-06 14:43:00+00:00,690.7849731445312,691.02001953125,690.530029296875,690.72998046875,116713,QQQ,1m
2026-05-06 14:44:00+00:00,690.760009765625,690.9600219726562,690.5399780273438,690.9299926757812,68195,QQQ,1m
2026-05-06 14:45:00+00:00,690.8900146484375,691.375,690.8900146484375,691.0999755859375,249079,QQQ,1m
2026-05-06 14:46:00+00:00,691.0850219726562,691.0999755859375,690.8400268554688,690.9500122070312,132735,QQQ,1m
2026-05-06 14:47:00+00:00,690.969970703125,691.260009765625,690.8699951171875,691.1589965820312,87867,QQQ,1m
2026-05-06 14:48:00+00:00,691.1400146484375,691.2000122070312,690.9299926757812,691.0499877929688,99534,QQQ,1m
2026-05-06 14:49:00+00:00,691.010009765625,691.2901000976562,691.0,691.25,69378,QQQ,1m
2026-05-06 14:50:00+00:00,691.260009765625,691.3295288085938,691.0499877929688,691.1300048828125,76604,QQQ,1m
2026-05-06 14:51:00+00:00,691.1300048828125,691.3150024414062,691.0700073242188,691.239990234375,72609,QQQ,1m
2026-05-06 14:52:00+00:00,691.22998046875,691.3599853515625,691.010009765625,691.1900024414062,63352,QQQ,1m
2026-05-06 14:53:00+00:00,691.25,691.510009765625,691.22998046875,691.4149780273438,166323,QQQ,1m
2026-05-06 14:54:00+00:00,691.4099731445312,691.489990234375,691.260009765625,691.3599853515625,49582,QQQ,1m
2026-05-06 14:55:00+00:00,691.344970703125,691.52001953125,691.33251953125,691.5,48737,QQQ,1m
2026-05-06 14:56:00+00:00,691.52001953125,691.5900268554688,691.1751098632812,691.3300170898438,101460,QQQ,1m
2026-05-06 14:57:00+00:00,691.3300170898438,691.3800048828125,691.1400146484375,691.27001953125,53896,QQQ,1m
2026-05-06 14:58:00+00:00,691.2526245117188,691.3200073242188,691.0399780273438,691.0632934570312,57641,QQQ,1m
2026-05-06 14:59:00+00:00,691.0599975585938,691.3099975585938,690.989990234375,691.280029296875,56999,QQQ,1m
2026-05-06 15:00:00+00:00,691.2750244140625,691.4650268554688,691.2100219726562,691.385009765625,84760,QQQ,1m
2026-05-06 15:01:00+00:00,691.3400268554688,691.6425170898438,691.3099975585938,691.5850219726562,96013,QQQ,1m
2026-05-06 15:02:00+00:00,691.5750122070312,691.5750122070312,691.2600708007812,691.3001098632812,44337,QQQ,1m
2026-05-06 15:03:00+00:00,691.3300170898438,691.4600219726562,691.1500244140625,691.3699951171875,59258,QQQ,1m
2026-05-06 15:04:00+00:00,691.3400268554688,691.594970703125,691.3200073242188,691.594970703125,72156,QQQ,1m
2026-05-06 15:05:00+00:00,691.6099853515625,691.6699829101562,691.4450073242188,691.5499877929688,68140,QQQ,1m
2026-05-06 15:06:00+00:00,691.552490234375,691.75,691.530029296875,691.6950073242188,65783,QQQ,1m
2026-05-06 15:07:00+00:00,691.6950073242188,691.8099975585938,691.5700073242188,691.6699829101562,99849,QQQ,1m
2026-05-06 15:08:00+00:00,691.6699829101562,691.72998046875,691.344970703125,691.4400024414062,65761,QQQ,1m
2026-05-06 15:09:00+00:00,691.4349975585938,691.4650268554688,691.2999877929688,691.3200073242188,43452,QQQ,1m
2026-05-06 15:10:00+00:00,691.3201293945312,691.5900268554688,691.3104858398438,691.5499877929688,67597,QQQ,1m
2026-05-06 15:11:00+00:00,691.532470703125,691.6799926757812,691.489990234375,691.5850219726562,52407,QQQ,1m
2026-05-06 15:12:00+00:00,691.5999755859375,691.6199951171875,691.1699829101562,691.219970703125,70274,QQQ,1m
2026-05-06 15:13:00+00:00,691.22998046875,691.3099975585938,690.8300170898438,691.0700073242188,53704,QQQ,1m
2026-05-06 15:14:00+00:00,691.0250244140625,691.3150024414062,690.97998046875,691.2650146484375,39149,QQQ,1m
2026-05-06 15:15:00+00:00,691.280029296875,691.5800170898438,691.1900024414062,691.406005859375,43847,QQQ,1m
2026-05-06 15:16:00+00:00,691.4500122070312,691.760009765625,691.3400268554688,691.7100219726562,33709,QQQ,1m
2026-05-06 15:17:00+00:00,691.760009765625,692.030029296875,691.7100219726562,692.0,75804,QQQ,1m
2026-05-06 15:18:00+00:00,692.030029296875,692.1400146484375,691.9400024414062,692.0700073242188,186727,QQQ,1m
2026-05-06 15:19:00+00:00,692.0399780273438,692.25,692.02001953125,692.1699829101562,72163,QQQ,1m
2026-05-06 15:20:00+00:00,692.2000122070312,692.239990234375,692.0399780273438,692.1099853515625,67690,QQQ,1m
2026-05-06 15:21:00+00:00,692.1300048828125,692.3099975585938,692.0900268554688,692.219970703125,136447,QQQ,1m
2026-05-06 15:22:00+00:00,692.2100219726562,692.25,692.0900268554688,692.1099853515625,87531,QQQ,1m
2026-05-06 15:23:00+00:00,692.1099853515625,692.2033081054688,691.9749755859375,692.1699829101562,40719,QQQ,1m
2026-05-06 15:24:00+00:00,692.14697265625,692.3200073242188,692.0999755859375,692.1699829101562,47485,QQQ,1m
2026-05-06 15:25:00+00:00,692.1799926757812,692.4000244140625,692.1500244140625,692.3699951171875,73188,QQQ,1m
2026-05-06 15:26:00+00:00,692.3699951171875,692.3800048828125,692.25,692.3499755859375,69594,QQQ,1m
2026-05-06 15:27:00+00:00,692.3400268554688,692.3800048828125,692.1749877929688,692.3200073242188,69099,QQQ,1m
2026-05-06 15:28:00+00:00,692.3327026367188,692.39501953125,692.239990234375,692.39501953125,71843,QQQ,1m
2026-05-06 15:29:00+00:00,692.3900146484375,692.3900146484375,692.25,692.2899780273438,79945,QQQ,1m
2026-05-06 15:30:00+00:00,692.2899780273438,692.4425048828125,692.1900024414062,692.2750244140625,54387,QQQ,1m
2026-05-06 15:31:00+00:00,692.22021484375,692.4099731445312,692.22021484375,692.309814453125,40016,QQQ,1m
2026-05-06 15:32:00+00:00,692.2899780273438,692.4600219726562,692.27001953125,692.3400268554688,54275,QQQ,1m
2026-05-06 15:33:00+00:00,692.3099975585938,692.3499755859375,692.1124877929688,692.1798706054688,57726,QQQ,1m
2026-05-06 15:34:00+00:00,692.282470703125,692.3400268554688,692.1599731445312,692.25,52159,QQQ,1m
2026-05-06 15:35:00+00:00,692.3300170898438,692.3300170898438,692.0985107421875,692.1599731445312,28157,QQQ,1m
2026-05-06 15:36:00+00:00,692.1599731445312,692.2005004882812,692.0499877929688,692.0900268554688,32200,QQQ,1m
2026-05-06 15:37:00+00:00,692.0800170898438,692.0900268554688,691.7550048828125,691.7849731445312,89879,QQQ,1m
2026-05-06 15:38:00+00:00,691.780029296875,692.0499877929688,691.6199951171875,691.6900024414062,73390,QQQ,1m
2026-05-06 15:39:00+00:00,691.6699829101562,691.7692260742188,691.5800170898438,691.739990234375,69609,QQQ,1m
2026-05-06 15:40:00+00:00,691.719970703125,692.0,691.719970703125,691.8433227539062,37861,QQQ,1m
2026-05-06 15:41:00+00:00,691.9149780273438,691.9149780273438,691.6699829101562,691.6799926757812,56084,QQQ,1m
2026-05-06 15:42:00+00:00,691.6799926757812,691.780029296875,691.5599975585938,691.77001953125,67101,QQQ,1m
2026-05-06 15:43:00+00:00,691.760009765625,691.760009765625,691.1900024414062,691.1900024414062,132967,QQQ,1m
2026-05-06 15:44:00+00:00,691.1900024414062,692.2000122070312,691.1500244140625,691.780029296875,235251,QQQ,1m
2026-05-06 15:45:00+00:00,691.7899780273438,692.0599975585938,691.6099853515625,691.9500122070312,87841,QQQ,1m
2026-05-06 15:46:00+00:00,691.969970703125,692.2188720703125,691.9400024414062,692.0399780273438,36299,QQQ,1m
2026-05-06 15:47:00+00:00,692.0449829101562,692.1690063476562,691.8800048828125,691.989990234375,51012,QQQ,1m
2026-05-06 15:48:00+00:00,691.989990234375,692.1099853515625,691.8400268554688,691.875,35066,QQQ,1m
2026-05-06 15:49:00+00:00,691.8599853515625,691.9600219726562,691.760009765625,691.8400268554688,20246,QQQ,1m
2026-05-06 15:50:00+00:00,691.8200073242188,691.97998046875,691.67578125,691.8099975585938,36683,QQQ,1m
2026-05-06 15:51:00+00:00,691.7999877929688,691.8200073242188,691.6199951171875,691.6599731445312,28075,QQQ,1m
2026-05-06 15:52:00+00:00,691.6519775390625,691.7899780273438,691.5900268554688,691.7680053710938,37385,QQQ,1m
2026-05-06 15:53:00+00:00,691.7550048828125,692.1099853515625,691.75,691.969970703125,41666,QQQ,1m
2026-05-06 15:54:00+00:00,691.9749755859375,692.1699829101562,691.9749755859375,692.0900268554688,28596,QQQ,1m
2026-05-06 15:55:00+00:00,692.093017578125,692.219970703125,692.0598754882812,692.0599975585938,41341,QQQ,1m
2026-05-06 15:56:00+00:00,692.0499877929688,692.1400146484375,691.9605712890625,692.0599975585938,38436,QQQ,1m
2026-05-06 15:57:00+00:00,692.0900268554688,692.219970703125,691.9199829101562,691.969970703125,42961,QQQ,1m
2026-05-06 15:58:00+00:00,691.9500122070312,691.9500732421875,691.7000122070312,691.9500732421875,38403,QQQ,1m
2026-05-06 15:59:00+00:00,691.9149780273438,691.989990234375,691.8400268554688,691.89501953125,12729,QQQ,1m
2026-05-06 16:00:00+00:00,691.8800048828125,691.8900146484375,691.72998046875,691.7999877929688,49306,QQQ,1m
2026-05-06 16:01:00+00:00,691.7811279296875,692.1099853515625,691.7811279296875,692.0499877929688,48506,QQQ,1m
2026-05-06 16:02:00+00:00,692.0800170898438,692.2100219726562,692.0599975585938,692.1900024414062,31325,QQQ,1m
2026-05-06 16:03:00+00:00,692.2274780273438,692.2899780273438,692.1599731445312,692.260009765625,37284,QQQ,1m
2026-05-06 16:04:00+00:00,692.260009765625,692.3350219726562,692.1699829101562,692.1898193359375,45878,QQQ,1m
2026-05-06 16:05:00+00:00,692.1699829101562,692.3300170898438,692.1699829101562,692.3049926757812,47685,QQQ,1m
2026-05-06 16:06:00+00:00,692.2901000976562,692.2901000976562,692.0900268554688,692.1727294921875,39905,QQQ,1m
2026-05-06 16:07:00+00:00,692.1600952148438,692.3350219726562,692.1600952148438,692.3250122070312,37380,QQQ,1m
2026-05-06 16:08:00+00:00,692.3300170898438,692.3599853515625,692.1400146484375,692.1400146484375,26199,QQQ,1m
2026-05-06 16:09:00+00:00,692.135009765625,692.22998046875,692.0800170898438,692.22998046875,42306,QQQ,1m
2026-05-06 16:10:00+00:00,692.2299194335938,692.6099853515625,692.2000122070312,692.530029296875,63302,QQQ,1m
2026-05-06 16:11:00+00:00,692.5399780273438,692.7191162109375,692.530029296875,692.6257934570312,40477,QQQ,1m
2026-05-06 16:12:00+00:00,692.6298828125,692.6900024414062,692.5599975585938,692.6099853515625,24649,QQQ,1m
2026-05-06 16:13:00+00:00,692.6099853515625,692.8300170898438,692.5999755859375,692.8300170898438,40330,QQQ,1m
2026-05-06 16:14:00+00:00,692.8250122070312,692.8499755859375,692.719970703125,692.739990234375,33507,QQQ,1m
2026-05-06 16:15:00+00:00,692.72998046875,692.75,692.5999755859375,692.719970703125,43045,QQQ,1m
2026-05-06 16:16:00+00:00,692.719970703125,692.7598876953125,692.40087890625,692.4299926757812,263052,QQQ,1m
2026-05-06 16:17:00+00:00,692.415283203125,692.4998779296875,692.3099975585938,692.4400024414062,110286,QQQ,1m
2026-05-06 16:18:00+00:00,692.4130859375,692.5401000976562,692.2000122070312,692.4199829101562,99846,QQQ,1m
2026-05-06 16:19:00+00:00,692.4199829101562,692.4625244140625,692.0999145507812,692.1298828125,41292,QQQ,1m
2026-05-06 16:20:00+00:00,692.0999755859375,692.2999877929688,692.010009765625,692.1174926757812,27167,QQQ,1m
2026-05-06 16:21:00+00:00,692.1099853515625,692.2199096679688,692.0599975585938,692.1929931640625,41547,QQQ,1m
2026-05-06 16:22:00+00:00,692.22998046875,692.340087890625,692.2200927734375,692.2999877929688,32294,QQQ,1m
2026-05-06 16:23:00+00:00,692.3099975585938,692.3250122070312,692.2000122070312,692.2100219726562,84199,QQQ,1m
2026-05-06 16:24:00+00:00,692.219970703125,692.2999877929688,692.1400146484375,692.2498779296875,51881,QQQ,1m
2026-05-06 16:25:00+00:00,692.3099975585938,692.489990234375,692.219970703125,692.4400024414062,26370,QQQ,1m
2026-05-06 16:26:00+00:00,692.4500122070312,692.48291015625,692.3400268554688,692.3800048828125,30366,QQQ,1m
2026-05-06 16:27:00+00:00,692.35009765625,692.3800048828125,692.2509765625,692.3001098632812,18787,QQQ,1m
2026-05-06 16:28:00+00:00,692.3599853515625,692.3800048828125,692.1400146484375,692.1622924804688,11356,QQQ,1m
2026-05-06 16:29:00+00:00,692.1799926757812,692.219970703125,692.1300048828125,692.1900024414062,36613,QQQ,1m
2026-05-06 16:30:00+00:00,692.2249755859375,692.3099975585938,692.1500244140625,692.2050170898438,32626,QQQ,1m
2026-05-06 16:31:00+00:00,692.1799926757812,692.3200073242188,692.1599731445312,692.22998046875,25401,QQQ,1m
2026-05-06 16:32:00+00:00,692.2639770507812,692.3150024414062,692.2100219726562,692.2598876953125,36307,QQQ,1m
2026-05-06 16:33:00+00:00,692.27001953125,692.27001953125,692.110107421875,692.1699829101562,21394,QQQ,1m
2026-05-06 16:34:00+00:00,692.1699829101562,692.260009765625,692.0800170898438,692.1300048828125,30206,QQQ,1m
2026-05-06 16:35:00+00:00,692.0999755859375,692.14990234375,691.8300170898438,691.8300170898438,33367,QQQ,1m
2026-05-06 16:36:00+00:00,691.8400268554688,691.9299926757812,691.7100219726562,691.91162109375,43431,QQQ,1m
2026-05-06 16:37:00+00:00,691.9000244140625,692.0549926757812,691.875,691.9500122070312,24272,QQQ,1m
2026-05-06 16:38:00+00:00,691.9199829101562,692.0700073242188,691.8800048828125,692.0599975585938,27721,QQQ,1m
2026-05-06 16:39:00+00:00,692.0599975585938,692.260009765625,692.0599975585938,692.1907958984375,232493,QQQ,1m
2026-05-06 16:40:00+00:00,692.1900024414062,692.2689819335938,692.0617065429688,692.1300048828125,20393,QQQ,1m
2026-05-06 16:41:00+00:00,692.1199951171875,692.280517578125,692.1099853515625,692.27001953125,16261,QQQ,1m
2026-05-06 16:42:00+00:00,692.2100830078125,692.3200073242188,692.1799926757812,692.2949829101562,102094,QQQ,1m
2026-05-06 16:43:00+00:00,692.349609375,692.469970703125,692.2100219726562,692.2100219726562,45523,QQQ,1m
2026-05-06 16:44:00+00:00,692.219970703125,692.25,692.0549926757812,692.0700073242188,25148,QQQ,1m
2026-05-06 16:45:00+00:00,692.0401000976562,692.1298828125,691.9000244140625,691.9201049804688,33553,QQQ,1m
2026-05-06 16:46:00+00:00,691.9249877929688,691.9249877929688,691.6300048828125,691.6300048828125,40722,QQQ,1m
2026-05-06 16:47:00+00:00,691.6300048828125,691.6400146484375,691.260009765625,691.3685302734375,59621,QQQ,1m
2026-05-06 16:48:00+00:00,691.384521484375,691.5999755859375,691.3209838867188,691.5700073242188,105543,QQQ,1m
2026-05-06 16:49:00+00:00,691.5750122070312,691.6300048828125,691.52001953125,691.593994140625,27432,QQQ,1m
2026-05-06 16:50:00+00:00,691.5700073242188,691.780029296875,691.5499877929688,691.6900024414062,29167,QQQ,1m
2026-05-06 16:51:00+00:00,691.6799926757812,691.719970703125,691.4199829101562,691.4224853515625,24583,QQQ,1m
2026-05-06 16:52:00+00:00,691.4199829101562,691.4199829101562,691.0599975585938,691.3099975585938,53760,QQQ,1m
2026-05-06 16:53:00+00:00,691.3200073242188,691.4099731445312,691.239990234375,691.4099731445312,22310,QQQ,1m
2026-05-06 16:54:00+00:00,691.4400024414062,691.4400024414062,691.0700073242188,691.0800170898438,34255,QQQ,1m
2026-05-06 16:55:00+00:00,691.0700073242188,691.2999877929688,690.9760131835938,691.25,52507,QQQ,1m
2026-05-06 16:56:00+00:00,691.2819213867188,691.510009765625,691.2819213867188,691.5,33378,QQQ,1m
2026-05-06 16:57:00+00:00,691.52001953125,691.5700073242188,691.0,691.1799926757812,83112,QQQ,1m
2026-05-06 16:58:00+00:00,691.1599731445312,691.2700805664062,690.7435302734375,691.2700805664062,55603,QQQ,1m
2026-05-06 16:59:00+00:00,691.3150024414062,691.4299926757812,691.2130737304688,691.3300170898438,62228,QQQ,1m
2026-05-06 17:00:00+00:00,691.3900146484375,691.4299926757812,691.1099853515625,691.1500244140625,49639,QQQ,1m
2026-05-06 17:01:00+00:00,691.1749877929688,691.3900146484375,691.1749877929688,691.3400268554688,43243,QQQ,1m
2026-05-06 17:02:00+00:00,691.3200073242188,691.5499877929688,691.2899780273438,691.489990234375,32374,QQQ,1m
2026-05-06 17:03:00+00:00,691.52001953125,691.8699951171875,691.5050048828125,691.8530883789062,52746,QQQ,1m
2026-05-06 17:04:00+00:00,691.8200073242188,691.8599853515625,691.739990234375,691.8253784179688,131454,QQQ,1m
2026-05-06 17:05:00+00:00,691.8106079101562,691.9299926757812,691.77001953125,691.9299926757812,21490,QQQ,1m
2026-05-06 17:06:00+00:00,691.9400024414062,691.9600219726562,691.7999877929688,691.8400268554688,20365,QQQ,1m
2026-05-06 17:07:00+00:00,691.8049926757812,691.989990234375,691.8049926757812,691.969970703125,29576,QQQ,1m
2026-05-06 17:08:00+00:00,691.9899291992188,692.0800170898438,691.9199829101562,691.9199829101562,30531,QQQ,1m
2026-05-06 17:09:00+00:00,691.9149780273438,692.02001953125,691.8499755859375,691.9299926757812,22686,QQQ,1m
2026-05-06 17:10:00+00:00,691.9500122070312,692.375,691.9500122070312,692.3699951171875,72311,QQQ,1m
2026-05-06 17:11:00+00:00,692.3800048828125,692.4400024414062,692.219970703125,692.22998046875,54260,QQQ,1m
2026-05-06 17:12:00+00:00,692.2100219726562,692.405029296875,692.1799926757812,692.3499755859375,31683,QQQ,1m
2026-05-06 17:13:00+00:00,692.3049926757812,692.3469848632812,692.219970703125,692.2999877929688,27186,QQQ,1m
2026-05-06 17:14:00+00:00,692.2999877929688,692.4400024414062,692.2999877929688,692.3300170898438,24742,QQQ,1m
2026-05-06 17:15:00+00:00,692.3350219726562,692.4249877929688,692.27001953125,692.2899780273438,24621,QQQ,1m
2026-05-06 17:16:00+00:00,692.3099975585938,692.364990234375,692.1099853515625,692.1400146484375,17398,QQQ,1m
2026-05-06 17:17:00+00:00,692.139892578125,692.2498779296875,692.0499877929688,692.2050170898438,14300,QQQ,1m
2026-05-06 17:18:00+00:00,692.2100219726562,692.4000244140625,692.2000122070312,692.364990234375,33899,QQQ,1m
2026-05-06 17:19:00+00:00,692.3699951171875,692.4500122070312,692.3499755859375,692.3900146484375,15923,QQQ,1m
2026-05-06 17:20:00+00:00,692.35009765625,692.4799194335938,692.35009765625,692.4393920898438,54898,QQQ,1m
2026-05-06 17:21:00+00:00,692.4400024414062,692.6099853515625,692.3900146484375,692.5827026367188,51086,QQQ,1m
2026-05-06 17:22:00+00:00,692.601318359375,692.6282958984375,692.510009765625,692.5650024414062,25517,QQQ,1m
2026-05-06 17:23:00+00:00,692.5650024414062,692.6068725585938,692.5300903320312,692.5499877929688,13955,QQQ,1m
2026-05-06 17:24:00+00:00,692.5598754882812,692.5800170898438,692.3101196289062,692.385009765625,22596,QQQ,1m
2026-05-06 17:25:00+00:00,692.375,692.4545288085938,692.3099975585938,692.4000244140625,11943,QQQ,1m
2026-05-06 17:26:00+00:00,692.4000244140625,692.4000244140625,692.25,692.27001953125,14730,QQQ,1m
2026-05-06 17:27:00+00:00,692.2650146484375,692.4498901367188,692.239990234375,692.4400024414062,23614,QQQ,1m
2026-05-06 17:28:00+00:00,692.4299926757812,692.5598754882812,692.4299926757812,692.4299926757812,45293,QQQ,1m
2026-05-06 17:29:00+00:00,692.4299926757812,692.4788208007812,692.375,692.4199829101562,32512,QQQ,1m
2026-05-06 17:30:00+00:00,692.4099731445312,692.5650024414062,692.3699951171875,692.510009765625,76338,QQQ,1m
2026-05-06 17:31:00+00:00,692.5399780273438,692.6500244140625,692.52001953125,692.530029296875,48696,QQQ,1m
2026-05-06 17:32:00+00:00,692.5399780273438,692.6799926757812,692.5,692.635009765625,36670,QQQ,1m
2026-05-06 17:33:00+00:00,692.6300048828125,692.7000122070312,692.5700073242188,692.6599731445312,26431,QQQ,1m
2026-05-06 17:34:00+00:00,692.6599731445312,692.669921875,692.5599975585938,692.5599975585938,36534,QQQ,1m
2026-05-06 17:35:00+00:00,692.5499877929688,692.780029296875,692.4561767578125,692.739990234375,36770,QQQ,1m
2026-05-06 17:36:00+00:00,692.739990234375,692.9600219726562,692.728515625,692.905029296875,82763,QQQ,1m
2026-05-06 17:37:00+00:00,692.9099731445312,693.030029296875,692.8912963867188,692.9000244140625,51745,QQQ,1m
2026-05-06 17:38:00+00:00,692.898193359375,692.9299926757812,692.8026123046875,692.8399047851562,49263,QQQ,1m
2026-05-06 17:39:00+00:00,692.8419189453125,692.8599853515625,692.6300048828125,692.6300048828125,20713,QQQ,1m
2026-05-06 17:40:00+00:00,692.6099853515625,692.635009765625,692.4705200195312,692.5999755859375,24803,QQQ,1m
2026-05-06 17:41:00+00:00,692.5999755859375,692.6900024414062,692.5800170898438,692.6900024414062,24678,QQQ,1m
2026-05-06 17:42:00+00:00,692.6799926757812,692.9099731445312,692.6799926757812,692.8400268554688,61410,QQQ,1m
2026-05-06 17:43:00+00:00,692.8400268554688,692.9749755859375,692.8400268554688,692.9600219726562,37611,QQQ,1m
2026-05-06 17:44:00+00:00,692.9600219726562,693.010009765625,692.9199829101562,692.9699096679688,48552,QQQ,1m
2026-05-06 17:45:00+00:00,693.0050048828125,693.0499877929688,692.9000244140625,692.9000244140625,43778,QQQ,1m
2026-05-06 17:46:00+00:00,692.9000244140625,692.9500122070312,692.7000732421875,692.7650146484375,37394,QQQ,1m
2026-05-06 17:47:00+00:00,692.739990234375,692.7803955078125,692.5800170898438,692.6199951171875,35558,QQQ,1m
2026-05-06 17:48:00+00:00,692.5999755859375,692.7899780273438,692.5700073242188,692.7149047851562,23315,QQQ,1m
2026-05-06 17:49:00+00:00,692.7000122070312,692.719970703125,692.6300048828125,692.6334838867188,49629,QQQ,1m
2026-05-06 17:50:00+00:00,692.6199951171875,692.6300048828125,692.510009765625,692.530029296875,25418,QQQ,1m
2026-05-06 17:51:00+00:00,692.5499877929688,692.7349853515625,692.5369873046875,692.719970703125,28453,QQQ,1m
2026-05-06 17:52:00+00:00,692.739990234375,692.8300170898438,692.6599731445312,692.8099975585938,28477,QQQ,1m
2026-05-06 17:53:00+00:00,692.8099975585938,692.85498046875,692.719970703125,692.75,23242,QQQ,1m
2026-05-06 17:54:00+00:00,692.75,692.7999877929688,692.7100219726562,692.7109985351562,44485,QQQ,1m
2026-05-06 17:55:00+00:00,692.72998046875,692.72998046875,692.5999755859375,692.6300048828125,213156,QQQ,1m
2026-05-06 17:56:00+00:00,692.6467895507812,692.7899780273438,692.6467895507812,692.77001953125,19609,QQQ,1m
2026-05-06 17:57:00+00:00,692.780029296875,692.89501953125,692.77001953125,692.8300170898438,18997,QQQ,1m
2026-05-06 17:58:00+00:00,692.8399047851562,692.8599853515625,692.75,692.760009765625,11381,QQQ,1m
2026-05-06 17:59:00+00:00,692.77001953125,692.8499755859375,692.7550048828125,692.8099975585938,24852,QQQ,1m
2026-05-06 18:00:00+00:00,692.8049926757812,692.893310546875,692.7899780273438,692.8099975585938,50450,QQQ,1m
2026-05-06 18:01:00+00:00,692.8250122070312,692.9600219726562,692.8200073242188,692.9149780273438,31380,QQQ,1m
2026-05-06 18:02:00+00:00,692.90869140625,692.90869140625,692.6300048828125,692.6900024414062,44099,QQQ,1m
2026-05-06 18:03:00+00:00,692.6901245117188,692.7899780273438,692.6799926757812,692.7100830078125,15415,QQQ,1m
2026-05-06 18:04:00+00:00,692.72998046875,692.7899780273438,692.7109985351562,692.719970703125,34024,QQQ,1m
2026-05-06 18:05:00+00:00,692.75,692.9600219726562,692.739990234375,692.9000244140625,27998,QQQ,1m
2026-05-06 18:06:00+00:00,692.9099731445312,693.1699829101562,692.9099731445312,693.080078125,126312,QQQ,1m
2026-05-06 18:07:00+00:00,693.0701293945312,693.1300048828125,693.0,693.080078125,80436,QQQ,1m
2026-05-06 18:08:00+00:00,693.0800170898438,693.1849975585938,693.0701293945312,693.1799926757812,113906,QQQ,1m
2026-05-06 18:09:00+00:00,693.1649780273438,693.239990234375,693.1649780273438,693.2100219726562,37717,QQQ,1m
2026-05-06 18:10:00+00:00,693.2249755859375,693.3099975585938,693.10009765625,693.27001953125,90613,QQQ,1m
2026-05-06 18:11:00+00:00,693.280029296875,693.3599853515625,693.2401123046875,693.2750244140625,32198,QQQ,1m
2026-05-06 18:12:00+00:00,693.239990234375,693.27001953125,693.1099853515625,693.155029296875,36104,QQQ,1m
2026-05-06 18:13:00+00:00,693.1099853515625,693.27001953125,693.039306640625,693.260009765625,22213,QQQ,1m
2026-05-06 18:14:00+00:00,693.27001953125,693.3828735351562,693.219970703125,693.3049926757812,46039,QQQ,1m
2026-05-06 18:15:00+00:00,693.2899780273438,693.47998046875,693.2899780273438,693.4625244140625,38779,QQQ,1m
2026-05-06 18:16:00+00:00,693.4299926757812,693.625,693.4000854492188,693.5999145507812,51374,QQQ,1m
2026-05-06 18:17:00+00:00,693.5999755859375,693.760009765625,693.510009765625,693.6212158203125,66403,QQQ,1m
2026-05-06 18:18:00+00:00,693.6199951171875,693.6900024414062,693.5499877929688,693.5999755859375,66214,QQQ,1m
2026-05-06 18:19:00+00:00,693.5850219726562,693.625,693.4699096679688,693.489990234375,29844,QQQ,1m
2026-05-06 18:20:00+00:00,693.4700927734375,693.6099853515625,693.4450073242188,693.4450073242188,29226,QQQ,1m
2026-05-06 18:21:00+00:00,693.4400024414062,693.6400146484375,693.4099731445312,693.60498046875,45695,QQQ,1m
2026-05-06 18:22:00+00:00,693.5900268554688,693.6290283203125,693.5568237304688,693.5999755859375,39960,QQQ,1m
2026-05-06 18:23:00+00:00,693.5999755859375,693.7000122070312,693.530029296875,693.6099853515625,47105,QQQ,1m
2026-05-06 18:24:00+00:00,693.5999755859375,693.6500244140625,693.5,693.5,40004,QQQ,1m
2026-05-06 18:25:00+00:00,693.489990234375,693.5900268554688,693.4000244140625,693.5900268554688,70304,QQQ,1m
2026-05-06 18:26:00+00:00,693.5800170898438,693.5900268554688,693.4000244140625,693.47998046875,43431,QQQ,1m
2026-05-06 18:27:00+00:00,693.469970703125,693.5850219726562,693.4500122070312,693.5399169921875,43974,QQQ,1m
2026-05-06 18:28:00+00:00,693.5399780273438,693.72998046875,693.5399780273438,693.6799926757812,45126,QQQ,1m
2026-05-06 18:29:00+00:00,693.6799926757812,693.7150268554688,693.614990234375,693.6400146484375,39072,QQQ,1m
2026-05-06 18:30:00+00:00,693.6337890625,693.780029296875,693.582275390625,693.739990234375,50038,QQQ,1m
2026-05-06 18:31:00+00:00,693.739990234375,693.739990234375,693.5800170898438,693.594970703125,38754,QQQ,1m
2026-05-06 18:32:00+00:00,693.5999755859375,693.6199951171875,693.4400024414062,693.469970703125,23294,QQQ,1m
2026-05-06 18:33:00+00:00,693.469970703125,693.7026977539062,693.4199829101562,693.7000122070312,35473,QQQ,1m
2026-05-06 18:34:00+00:00,693.6900024414062,693.969970703125,693.6900024414062,693.9500122070312,128000,QQQ,1m
2026-05-06 18:35:00+00:00,693.9550170898438,694.3499755859375,693.9400024414062,694.2999877929688,84842,QQQ,1m
2026-05-06 18:36:00+00:00,694.3099975585938,694.3499755859375,694.219970703125,694.2899780273438,45343,QQQ,1m
2026-05-06 18:37:00+00:00,694.260009765625,694.3900146484375,694.1400146484375,694.375,118491,QQQ,1m
2026-05-06 18:38:00+00:00,694.3699951171875,694.3800048828125,694.1199951171875,694.1500244140625,40258,QQQ,1m
2026-05-06 18:39:00+00:00,694.1500244140625,694.1699829101562,694.030029296875,694.1500244140625,52965,QQQ,1m
2026-05-06 18:40:00+00:00,694.1799926757812,694.1799926757812,694.0599975585938,694.090087890625,28851,QQQ,1m
2026-05-06 18:41:00+00:00,694.1099853515625,694.119873046875,694.0300903320312,694.0501098632812,31169,QQQ,1m
2026-05-06 18:42:00+00:00,694.010009765625,694.1099853515625,694.010009765625,694.0601196289062,28544,QQQ,1m
2026-05-06 18:43:00+00:00,694.0900268554688,694.197998046875,694.0,694.1900024414062,35771,QQQ,1m
2026-05-06 18:44:00+00:00,694.2100219726562,694.2780151367188,693.969970703125,693.97998046875,63893,QQQ,1m
2026-05-06 18:45:00+00:00,693.969970703125,694.1699829101562,693.9299926757812,694.0499877929688,46060,QQQ,1m
2026-05-06 18:46:00+00:00,694.0700073242188,694.1367797851562,693.9776000976562,693.9776000976562,30604,QQQ,1m
2026-05-06 18:47:00+00:00,693.97998046875,694.030029296875,693.8200073242188,693.8200073242188,102676,QQQ,1m
2026-05-06 18:48:00+00:00,693.7999877929688,693.8699951171875,693.6901245117188,693.719970703125,65458,QQQ,1m
2026-05-06 18:49:00+00:00,693.7100219726562,693.8599853515625,693.6699829101562,693.72998046875,67249,QQQ,1m
2026-05-06 18:50:00+00:00,693.739990234375,693.7899780273438,693.6199951171875,693.669921875,45054,QQQ,1m
2026-05-06 18:51:00+00:00,693.6599731445312,693.75,693.60498046875,693.7092895507812,36658,QQQ,1m
2026-05-06 18:52:00+00:00,693.72998046875,693.8054809570312,693.6599731445312,693.7899780273438,25229,QQQ,1m
2026-05-06 18:53:00+00:00,693.8099975585938,693.9893798828125,693.8099975585938,693.9400024414062,51967,QQQ,1m
2026-05-06 18:54:00+00:00,693.9401245117188,694.0599975585938,693.9099731445312,693.930908203125,35780,QQQ,1m
2026-05-06 18:55:00+00:00,693.9498901367188,694.02001953125,693.8499755859375,693.8900146484375,41863,QQQ,1m
2026-05-06 18:56:00+00:00,693.8499755859375,694.030029296875,693.8300170898438,693.9912109375,31943,QQQ,1m
2026-05-06 18:57:00+00:00,694.010009765625,694.010009765625,693.8900146484375,693.89501953125,80974,QQQ,1m
2026-05-06 18:58:00+00:00,693.9033203125,693.97998046875,693.8599853515625,693.9349975585938,65554,QQQ,1m
2026-05-06 18:59:00+00:00,693.9299926757812,694.02001953125,693.75,693.760009765625,29872,QQQ,1m
2026-05-06 19:00:00+00:00,693.7429809570312,693.9099731445312,693.7000122070312,693.8699951171875,102595,QQQ,1m
2026-05-06 19:01:00+00:00,693.8699951171875,693.9598999023438,693.7849731445312,693.9299926757812,43283,QQQ,1m
2026-05-06 19:02:00+00:00,693.9500122070312,693.978515625,693.8300170898438,693.8900146484375,34460,QQQ,1m
2026-05-06 19:03:00+00:00,693.8800048828125,694.0800170898438,693.8800048828125,694.0,57000,QQQ,1m
2026-05-06 19:04:00+00:00,693.989990234375,694.1099853515625,693.9199829101562,693.9400024414062,56929,QQQ,1m
2026-05-06 19:05:00+00:00,693.9099731445312,693.9500122070312,693.8200073242188,693.9400024414062,42429,QQQ,1m
2026-05-06 19:06:00+00:00,693.9450073242188,694.1649780273438,693.85498046875,694.1599731445312,50706,QQQ,1m
2026-05-06 19:07:00+00:00,694.1300048828125,694.280029296875,694.030029296875,694.2100219726562,97502,QQQ,1m
2026-05-06 19:08:00+00:00,694.2100219726562,694.280029296875,694.1400146484375,694.280029296875,81563,QQQ,1m
2026-05-06 19:09:00+00:00,694.2899780273438,694.4600219726562,694.239990234375,694.3400268554688,91268,QQQ,1m
2026-05-06 19:10:00+00:00,694.3400268554688,694.4400024414062,694.3400268554688,694.4022827148438,87206,QQQ,1m
2026-05-06 19:11:00+00:00,694.405029296875,694.467529296875,694.3499755859375,694.3699951171875,66384,QQQ,1m
2026-05-06 19:12:00+00:00,694.3599853515625,694.5499877929688,694.3400268554688,694.4849853515625,89626,QQQ,1m
2026-05-06 19:13:00+00:00,694.52001953125,694.6699829101562,694.5050048828125,694.6298828125,110323,QQQ,1m
2026-05-06 19:14:00+00:00,694.6400146484375,694.739990234375,694.6099853515625,694.6500244140625,208400,QQQ,1m
2026-05-06 19:15:00+00:00,694.6599731445312,694.6998901367188,694.5599975585938,694.5800170898438,91076,QQQ,1m
2026-05-06 19:16:00+00:00,694.5599975585938,694.8499755859375,694.5499877929688,694.8400268554688,69132,QQQ,1m
2026-05-06 19:17:00+00:00,694.8300170898438,694.8300170898438,694.75,694.780029296875,83644,QQQ,1m
2026-05-06 19:18:00+00:00,694.7899780273438,694.8300170898438,694.6500244140625,694.72998046875,71107,QQQ,1m
2026-05-06 19:19:00+00:00,694.72998046875,694.780029296875,694.6500244140625,694.6900024414062,55342,QQQ,1m
2026-05-06 19:20:00+00:00,694.7100219726562,694.8800048828125,694.6400146484375,694.7899780273438,105573,QQQ,1m
2026-05-06 19:21:00+00:00,694.7899780273438,695.0599975585938,694.7899780273438,695.010009765625,112948,QQQ,1m
2026-05-06 19:22:00+00:00,694.9901733398438,695.0900268554688,694.969970703125,694.969970703125,76956,QQQ,1m
2026-05-06 19:23:00+00:00,694.9600219726562,694.969970703125,694.8499755859375,694.8897705078125,42709,QQQ,1m
2026-05-06 19:24:00+00:00,694.9000244140625,694.97998046875,694.8400268554688,694.85498046875,44578,QQQ,1m
2026-05-06 19:25:00+00:00,694.8499755859375,694.989990234375,694.8400268554688,694.8900146484375,33372,QQQ,1m
2026-05-06 19:26:00+00:00,694.8599853515625,694.9400024414062,694.780029296875,694.8099975585938,74826,QQQ,1m
2026-05-06 19:27:00+00:00,694.8198852539062,695.0700073242188,694.7999877929688,695.0549926757812,46210,QQQ,1m
2026-05-06 19:28:00+00:00,695.0700073242188,695.1500244140625,695.0499877929688,695.0599975585938,70127,QQQ,1m
2026-05-06 19:29:00+00:00,695.0499877929688,695.2122802734375,695.0,695.0501098632812,111610,QQQ,1m
2026-05-06 19:30:00+00:00,695.0499877929688,695.0499877929688,694.780029296875,694.8599853515625,92158,QQQ,1m
2026-05-06 19:31:00+00:00,694.8699951171875,694.8900146484375,694.77001953125,694.859375,156319,QQQ,1m
2026-05-06 19:32:00+00:00,694.8599853515625,694.9299926757812,694.610107421875,694.6113891601562,165810,QQQ,1m
2026-05-06 19:33:00+00:00,694.6400146484375,694.6697998046875,694.4199829101562,694.5900268554688,176129,QQQ,1m
2026-05-06 19:34:00+00:00,694.594970703125,694.6500244140625,694.5264282226562,694.531494140625,36184,QQQ,1m
2026-05-06 19:35:00+00:00,694.530029296875,694.6298828125,694.4901123046875,694.606689453125,42269,QQQ,1m
2026-05-06 19:36:00+00:00,694.5900268554688,694.6005859375,694.52001953125,694.5349731445312,62040,QQQ,1m
2026-05-06 19:37:00+00:00,694.5349731445312,694.7100219726562,694.5001220703125,694.7050170898438,54004,QQQ,1m
2026-05-06 19:38:00+00:00,694.7050170898438,694.875,694.7000122070312,694.8499145507812,163294,QQQ,1m
2026-05-06 19:39:00+00:00,694.85498046875,694.969970703125,694.75,694.92041015625,43914,QQQ,1m
2026-05-06 19:40:00+00:00,694.923095703125,695.0166015625,694.77001953125,694.8300170898438,90151,QQQ,1m
2026-05-06 19:41:00+00:00,694.8350219726562,694.8400268554688,694.6799926757812,694.719970703125,76121,QQQ,1m
2026-05-06 19:42:00+00:00,694.72998046875,694.7849731445312,694.6500244140625,694.6599731445312,59089,QQQ,1m
2026-05-06 19:43:00+00:00,694.6599731445312,694.6799926757812,694.5800170898438,694.590087890625,66176,QQQ,1m
2026-05-06 19:44:00+00:00,694.594970703125,694.6900024414062,694.489990234375,694.496826171875,59076,QQQ,1m
2026-05-06 19:45:00+00:00,694.5,694.780029296875,694.4500122070312,694.760009765625,126098,QQQ,1m
2026-05-06 19:46:00+00:00,694.7650146484375,694.793701171875,694.6500244140625,694.6500244140625,71914,QQQ,1m
2026-05-06 19:47:00+00:00,694.6500244140625,694.77001953125,694.6500244140625,694.719970703125,176932,QQQ,1m
2026-05-06 19:48:00+00:00,694.739990234375,694.780029296875,694.510009765625,694.5549926757812,147659,QQQ,1m
2026-05-06 19:49:00+00:00,694.5399780273438,694.5399780273438,694.4500122070312,694.489990234375,118889,QQQ,1m
2026-05-06 19:50:00+00:00,694.5,695.1400146484375,694.4400024414062,694.989990234375,302502,QQQ,1m
2026-05-06 19:51:00+00:00,694.9949951171875,695.0377807617188,694.8099975585938,694.8300170898438,139074,QQQ,1m
2026-05-06 19:52:00+00:00,694.8300170898438,694.9000244140625,694.6099853515625,694.64990234375,140774,QQQ,1m
2026-05-06 19:53:00+00:00,694.6500244140625,695.1799926757812,694.5900268554688,695.1199951171875,229252,QQQ,1m
2026-05-06 19:54:00+00:00,695.1400146484375,695.3099975585938,695.0999755859375,695.1799926757812,278756,QQQ,1m
2026-05-06 19:55:00+00:00,695.1699829101562,695.4400024414062,695.1699829101562,695.4199829101562,368071,QQQ,1m
2026-05-06 19:56:00+00:00,695.4299926757812,695.5198974609375,695.39501953125,695.4299926757812,341539,QQQ,1m
2026-05-06 19:57:00+00:00,695.4299926757812,695.6199951171875,695.3300170898438,695.47998046875,384143,QQQ,1m
2026-05-06 19:58:00+00:00,695.47998046875,695.760009765625,695.4600219726562,695.635009765625,704298,QQQ,1m
2026-05-06 19:59:00+00:00,695.6400146484375,695.9299926757812,695.5610961914062,695.5900268554688,1395593,QQQ,1m
2026-05-07 13:30:00+00:00,696.5900268554688,696.9000244140625,696.0507202148438,696.22998046875,1762819,QQQ,1m
2026-05-07 13:31:00+00:00,696.1785888671875,696.6500244140625,695.9199829101562,696.3015747070312,193954,QQQ,1m
2026-05-07 13:32:00+00:00,696.3250122070312,696.6400146484375,696.030029296875,696.4099731445312,264716,QQQ,1m
2026-05-07 13:33:00+00:00,696.4500122070312,697.030029296875,696.260009765625,696.7999877929688,143082,QQQ,1m
2026-05-07 13:34:00+00:00,696.760009765625,696.989990234375,696.630615234375,696.7999877929688,93927,QQQ,1m
2026-05-07 13:35:00+00:00,696.8400268554688,697.0499877929688,696.7100830078125,696.8699951171875,168653,QQQ,1m
2026-05-07 13:36:00+00:00,696.8599853515625,696.969970703125,696.3900146484375,696.6699829101562,145309,QQQ,1m
2026-05-07 13:37:00+00:00,696.6799926757812,696.9000244140625,696.4400024414062,696.6300048828125,94635,QQQ,1m
2026-05-07 13:38:00+00:00,696.6099853515625,697.2000122070312,696.6099853515625,697.0900268554688,104503,QQQ,1m
2026-05-07 13:39:00+00:00,697.0800170898438,697.1699829101562,696.8099975585938,697.1390991210938,82002,QQQ,1m
2026-05-07 13:40:00+00:00,697.1400146484375,697.3400268554688,697.0,697.0599975585938,141566,QQQ,1m
2026-05-07 13:41:00+00:00,697.0838012695312,697.3099975585938,696.6864013671875,696.780029296875,134306,QQQ,1m
2026-05-07 13:42:00+00:00,696.75,696.9000244140625,696.5399780273438,696.5549926757812,140558,QQQ,1m
2026-05-07 13:43:00+00:00,696.5700073242188,696.9000244140625,696.5449829101562,696.6099853515625,94316,QQQ,1m
2026-05-07 13:44:00+00:00,696.6199951171875,696.8150024414062,696.155029296875,696.3200073242188,114496,QQQ,1m
2026-05-07 13:45:00+00:00,696.3499755859375,696.47998046875,695.5999755859375,695.6199951171875,186746,QQQ,1m
2026-05-07 13:46:00+00:00,695.5999755859375,696.22998046875,695.5549926757812,696.010009765625,220442,QQQ,1m
2026-05-07 13:47:00+00:00,695.989990234375,696.3154296875,695.5399780273438,695.6300048828125,120238,QQQ,1m
2026-05-07 13:48:00+00:00,695.6649780273438,696.0499877929688,695.5700073242188,696.02001953125,101948,QQQ,1m
2026-05-07 13:49:00+00:00,696.030029296875,696.4500122070312,695.8599853515625,696.0700073242188,169502,QQQ,1m
2026-05-07 13:50:00+00:00,696.0850219726562,696.5595703125,696.0800170898438,696.52001953125,78564,QQQ,1m
2026-05-07 13:51:00+00:00,696.5399780273438,696.5449829101562,695.9600219726562,695.969970703125,83340,QQQ,1m
2026-05-07 13:52:00+00:00,695.9849853515625,696.6300048828125,695.9500122070312,696.6300048828125,65972,QQQ,1m
2026-05-07 13:53:00+00:00,696.6500244140625,697.1099853515625,696.5800170898438,696.8099975585938,147241,QQQ,1m
2026-05-07 13:54:00+00:00,696.8099975585938,697.4600219726562,696.780029296875,697.4199829101562,117398,QQQ,1m
2026-05-07 13:55:00+00:00,697.4598999023438,697.780029296875,697.4100952148438,697.4749755859375,135056,QQQ,1m
2026-05-07 13:56:00+00:00,697.47998046875,697.7999877929688,697.4443969726562,697.6099853515625,57515,QQQ,1m
2026-05-07 13:57:00+00:00,697.6599731445312,697.8099975585938,697.47998046875,697.5800170898438,100678,QQQ,1m
2026-05-07 13:58:00+00:00,697.530029296875,697.5700073242188,697.1400146484375,697.25,95500,QQQ,1m
2026-05-07 13:59:00+00:00,697.27001953125,697.4500122070312,697.0599975585938,697.27001953125,97830,QQQ,1m
2026-05-07 14:00:00+00:00,697.27001953125,697.5900268554688,697.25,697.5599975585938,142674,QQQ,1m
2026-05-07 14:01:00+00:00,697.5700073242188,697.6948852539062,697.4299926757812,697.6199951171875,134457,QQQ,1m
2026-05-07 14:02:00+00:00,697.6199951171875,697.6699829101562,697.3900146484375,697.530029296875,149857,QQQ,1m
2026-05-07 14:03:00+00:00,697.489990234375,697.719970703125,697.4000244140625,697.6599731445312,68253,QQQ,1m
2026-05-07 14:04:00+00:00,697.6699829101562,697.97998046875,697.5499877929688,697.9400024414062,145617,QQQ,1m
2026-05-07 14:05:00+00:00,697.969970703125,698.2100219726562,697.6699829101562,698.1799926757812,177688,QQQ,1m
2026-05-07 14:06:00+00:00,698.1699829101562,698.469970703125,698.1400146484375,698.3499755859375,141523,QQQ,1m
2026-05-07 14:07:00+00:00,698.3150024414062,698.6607055664062,698.27001953125,698.6607055664062,109062,QQQ,1m
2026-05-07 14:08:00+00:00,698.6599731445312,698.669921875,698.380126953125,698.5700073242188,107894,QQQ,1m
2026-05-07 14:09:00+00:00,698.5449829101562,698.6699829101562,698.3800048828125,698.52001953125,147179,QQQ,1m
2026-05-07 14:10:00+00:00,698.489990234375,698.75,698.3699951171875,698.739990234375,167216,QQQ,1m
2026-05-07 14:11:00+00:00,698.75,698.9000244140625,698.4600219726562,698.5850219726562,105254,QQQ,1m
2026-05-07 14:12:00+00:00,698.5850219726562,698.8912963867188,698.5599975585938,698.6699829101562,88047,QQQ,1m
2026-05-07 14:13:00+00:00,698.6699829101562,698.7653198242188,698.4600219726562,698.510009765625,106707,QQQ,1m
2026-05-07 14:14:00+00:00,698.52001953125,698.719970703125,698.5109252929688,698.6799926757812,44687,QQQ,1m
2026-05-07 14:15:00+00:00,698.6599731445312,699.1599731445312,698.3599853515625,698.4600219726562,238994,QQQ,1m
2026-05-07 14:16:00+00:00,698.4600219726562,699.0900268554688,698.3200073242188,698.9400024414062,259368,QQQ,1m
2026-05-07 14:17:00+00:00,698.9000244140625,698.97998046875,698.5399780273438,698.8400268554688,103440,QQQ,1m
2026-05-07 14:18:00+00:00,698.8798217773438,698.9500122070312,698.6199951171875,698.8099975585938,50143,QQQ,1m
2026-05-07 14:19:00+00:00,698.7899780273438,698.8699951171875,698.6699829101562,698.8300170898438,127586,QQQ,1m
2026-05-07 14:20:00+00:00,698.840087890625,699.1500244140625,698.8400268554688,699.1224975585938,142155,QQQ,1m
2026-05-07 14:21:00+00:00,699.1300048828125,699.530029296875,699.1099853515625,699.5,144066,QQQ,1m
2026-05-07 14:22:00+00:00,699.4199829101562,700.0800170898438,699.4172973632812,699.8150024414062,285691,QQQ,1m
2026-05-07 14:23:00+00:00,699.8150024414062,699.8150024414062,699.219970703125,699.4099731445312,161871,QQQ,1m
2026-05-07 14:24:00+00:00,699.4099731445312,699.469970703125,699.1201171875,699.27001953125,119216,QQQ,1m
2026-05-07 14:25:00+00:00,699.3099975585938,699.7899780273438,699.27001953125,699.739990234375,80846,QQQ,1m
2026-05-07 14:26:00+00:00,699.75,699.7949829101562,699.5,699.739990234375,71542,QQQ,1m
2026-05-07 14:27:00+00:00,699.7249755859375,699.7899780273438,699.60498046875,699.6799926757812,63337,QQQ,1m
2026-05-07 14:28:00+00:00,699.6699829101562,699.8900146484375,699.6699829101562,699.8764038085938,82333,QQQ,1m
2026-05-07 14:29:00+00:00,699.8599853515625,700.0399780273438,699.5,699.52001953125,92577,QQQ,1m
2026-05-07 14:30:00+00:00,699.5399780273438,699.6500244140625,699.3099975585938,699.3699951171875,104982,QQQ,1m
2026-05-07 14:31:00+00:00,699.364990234375,699.5700073242188,699.219970703125,699.5399780273438,105821,QQQ,1m
2026-05-07 14:32:00+00:00,699.52001953125,699.5296020507812,699.3699951171875,699.469970703125,47382,QQQ,1m
2026-05-07 14:33:00+00:00,699.4500122070312,699.6699829101562,699.4500122070312,699.6699829101562,96632,QQQ,1m
2026-05-07 14:34:00+00:00,699.6392211914062,699.6392211914062,699.3300170898438,699.4099731445312,49472,QQQ,1m
2026-05-07 14:35:00+00:00,699.4000244140625,699.7799072265625,699.3599853515625,699.3699951171875,47334,QQQ,1m
2026-05-07 14:36:00+00:00,699.3800048828125,699.60498046875,699.3699951171875,699.5,40099,QQQ,1m
2026-05-07 14:37:00+00:00,699.47998046875,699.7999877929688,699.47998046875,699.7000122070312,33968,QQQ,1m
2026-05-07 14:38:00+00:00,699.7000122070312,699.8599853515625,699.6801147460938,699.8599853515625,56404,QQQ,1m
2026-05-07 14:39:00+00:00,699.8300170898438,700.2999877929688,699.8300170898438,700.2698974609375,186761,QQQ,1m
2026-05-07 14:40:00+00:00,700.2650146484375,700.510009765625,700.22998046875,700.3599853515625,133607,QQQ,1m
2026-05-07 14:41:00+00:00,700.3983764648438,700.4000244140625,699.9099731445312,700.0050048828125,93164,QQQ,1m
2026-05-07 14:42:00+00:00,700.0,700.169921875,699.9600219726562,700.1099853515625,73245,QQQ,1m
2026-05-07 14:43:00+00:00,700.1199951171875,700.1599731445312,699.9400024414062,699.9650268554688,69729,QQQ,1m
2026-05-07 14:44:00+00:00,699.97998046875,700.1599731445312,699.9400024414062,700.1500244140625,28989,QQQ,1m
2026-05-07 14:45:00+00:00,700.1300048828125,700.5599975585938,700.1300048828125,700.47998046875,95415,QQQ,1m
2026-05-07 14:46:00+00:00,700.4600219726562,700.5999755859375,700.3300170898438,700.469970703125,94647,QQQ,1m
2026-05-07 14:47:00+00:00,700.469970703125,700.5,700.1099853515625,700.239990234375,78164,QQQ,1m
2026-05-07 14:48:00+00:00,700.2050170898438,700.219970703125,699.4299926757812,699.8200073242188,95262,QQQ,1m
2026-05-07 14:49:00+00:00,699.8200073242188,699.8499755859375,699.5700073242188,699.719970703125,65295,QQQ,1m
2026-05-07 14:50:00+00:00,699.7100219726562,699.919921875,699.6599731445312,699.7999877929688,37989,QQQ,1m
2026-05-07 14:51:00+00:00,699.780029296875,700.2899780273438,699.6799926757812,700.22998046875,58472,QQQ,1m
2026-05-07 14:52:00+00:00,700.239990234375,700.3699951171875,700.2000122070312,700.2401123046875,50352,QQQ,1m
2026-05-07 14:53:00+00:00,700.260009765625,700.489990234375,700.239990234375,700.489990234375,51519,QQQ,1m
2026-05-07 14:54:00+00:00,700.469970703125,700.719970703125,700.4000244140625,700.6799926757812,82478,QQQ,1m
2026-05-07 14:55:00+00:00,700.7005004882812,701.22998046875,700.7000122070312,701.1699829101562,148096,QQQ,1m
2026-05-07 14:56:00+00:00,701.1300048828125,701.1900024414062,700.9099731445312,700.9199829101562,108395,QQQ,1m
2026-05-07 14:57:00+00:00,700.9199829101562,700.9400024414062,700.75,700.7999877929688,56110,QQQ,1m
2026-05-07 14:58:00+00:00,700.7756958007812,700.8300170898438,700.5999755859375,700.700927734375,62683,QQQ,1m
2026-05-07 14:59:00+00:00,700.7000122070312,700.9000244140625,700.6849975585938,700.8300170898438,38977,QQQ,1m
2026-05-07 15:00:00+00:00,700.8250122070312,700.864990234375,700.4500122070312,700.529296875,72921,QQQ,1m
2026-05-07 15:01:00+00:00,700.510009765625,700.510009765625,700.010009765625,700.1199951171875,73261,QQQ,1m
2026-05-07 15:02:00+00:00,700.1599731445312,700.344970703125,700.1599731445312,700.260009765625,40852,QQQ,1m
2026-05-07 15:03:00+00:00,700.260009765625,700.4299926757812,700.1900024414062,700.2100830078125,125736,QQQ,1m
2026-05-07 15:04:00+00:00,700.2100219726562,700.27001953125,700.0599975585938,700.114990234375,74546,QQQ,1m
2026-05-07 15:05:00+00:00,700.0936279296875,700.1300048828125,699.3900146484375,699.3900146484375,124439,QQQ,1m
2026-05-07 15:06:00+00:00,699.364990234375,699.5900268554688,698.8900146484375,699.05126953125,181113,QQQ,1m
2026-05-07 15:07:00+00:00,699.0521240234375,699.4249877929688,699.0399780273438,699.375,129781,QQQ,1m
2026-05-07 15:08:00+00:00,699.3099975585938,699.6400146484375,699.280029296875,699.5700073242188,50242,QQQ,1m
2026-05-07 15:09:00+00:00,699.594970703125,699.8049926757812,699.5800170898438,699.760009765625,38299,QQQ,1m
2026-05-07 15:10:00+00:00,699.7899780273438,699.9199829101562,699.6201171875,699.6799926757812,41361,QQQ,1m
2026-05-07 15:11:00+00:00,699.64501953125,699.7799072265625,699.4600219726562,699.4600219726562,62073,QQQ,1m
2026-05-07 15:12:00+00:00,699.47998046875,699.52001953125,699.1801147460938,699.4298706054688,113637,QQQ,1m
2026-05-07 15:13:00+00:00,699.4299926757812,699.510009765625,699.1099853515625,699.1599731445312,53669,QQQ,1m
2026-05-07 15:14:00+00:00,699.1799926757812,699.4395751953125,699.1242065429688,699.260009765625,54424,QQQ,1m
2026-05-07 15:15:00+00:00,699.2249755859375,699.52001953125,699.2249755859375,699.4299926757812,53288,QQQ,1m
2026-05-07 15:16:00+00:00,699.4649047851562,699.630126953125,699.3699951171875,699.6199951171875,46957,QQQ,1m
2026-05-07 15:17:00+00:00,699.6130981445312,699.77001953125,699.5599975585938,699.60498046875,76276,QQQ,1m
2026-05-07 15:18:00+00:00,699.5999755859375,699.6270141601562,699.3499755859375,699.4293823242188,26073,QQQ,1m
2026-05-07 15:19:00+00:00,699.405029296875,699.489990234375,699.2849731445312,699.4199829101562,32863,QQQ,1m
2026-05-07 15:20:00+00:00,699.4500122070312,699.5999755859375,699.3200073242188,699.3400268554688,26556,QQQ,1m
2026-05-07 15:21:00+00:00,699.3099975585938,699.3099975585938,698.9400024414062,699.0300903320312,44649,QQQ,1m
2026-05-07 15:22:00+00:00,699.0050048828125,699.2750244140625,698.97998046875,699.27001953125,43766,QQQ,1m
2026-05-07 15:23:00+00:00,699.3300170898438,699.6400146484375,699.010009765625,699.60498046875,102701,QQQ,1m
2026-05-07 15:24:00+00:00,699.5900268554688,699.6599731445312,699.0,699.1799926757812,62523,QQQ,1m
2026-05-07 15:25:00+00:00,699.1300048828125,699.5499267578125,699.1300048828125,699.4299926757812,39425,QQQ,1m
2026-05-07 15:26:00+00:00,699.4400024414062,699.5,698.3499755859375,698.77001953125,105225,QQQ,1m
2026-05-07 15:27:00+00:00,698.77001953125,699.1300048828125,698.7050170898438,698.9249877929688,75243,QQQ,1m
2026-05-07 15:28:00+00:00,698.9249877929688,698.9600219726562,698.5900268554688,698.8400268554688,57932,QQQ,1m
2026-05-07 15:29:00+00:00,698.8800048828125,699.0700073242188,698.6400146484375,699.0499877929688,51255,QQQ,1m
2026-05-07 15:30:00+00:00,699.157470703125,699.5900268554688,698.989990234375,699.47998046875,82491,QQQ,1m
2026-05-07 15:31:00+00:00,699.469970703125,699.6300048828125,699.3099975585938,699.6099853515625,93638,QQQ,1m
2026-05-07 15:32:00+00:00,699.60498046875,699.85498046875,699.5999755859375,699.7899780273438,71230,QQQ,1m
2026-05-07 15:33:00+00:00,699.8049926757812,699.9299926757812,699.7698974609375,699.77001953125,37208,QQQ,1m
2026-05-07 15:34:00+00:00,699.780029296875,699.9500122070312,699.7000122070312,699.8800048828125,62707,QQQ,1m
2026-05-07 15:35:00+00:00,699.8599853515625,699.9298706054688,699.6600952148438,699.7000122070312,38016,QQQ,1m
2026-05-07 15:36:00+00:00,699.6900024414062,699.8800048828125,699.5900268554688,699.8250122070312,47765,QQQ,1m
2026-05-07 15:37:00+00:00,699.8139038085938,700.0900268554688,699.72998046875,699.9600830078125,41423,QQQ,1m
2026-05-07 15:38:00+00:00,700.0098876953125,700.0999755859375,699.8200073242188,699.8200073242188,45637,QQQ,1m
2026-05-07 15:39:00+00:00,699.8300170898438,699.9099731445312,699.7042846679688,699.7042846679688,31396,QQQ,1m
2026-05-07 15:40:00+00:00,699.7999877929688,699.8300170898438,699.5,699.5399780273438,43959,QQQ,1m
2026-05-07 15:41:00+00:00,699.5449829101562,699.6900024414062,699.3400268554688,699.469970703125,89014,QQQ,1m
2026-05-07 15:42:00+00:00,699.5800170898438,699.8800048828125,699.5399780273438,699.875,25333,QQQ,1m
2026-05-07 15:43:00+00:00,699.85498046875,699.98876953125,699.6900024414062,699.7000122070312,125959,QQQ,1m
2026-05-07 15:44:00+00:00,699.6950073242188,699.85498046875,699.6900024414062,699.7000122070312,19542,QQQ,1m
2026-05-07 15:45:00+00:00,699.7000122070312,699.872314453125,699.6900024414062,699.7899780273438,22739,QQQ,1m
2026-05-07 15:46:00+00:00,699.8198852539062,699.8198852539062,699.280029296875,699.3250122070312,52755,QQQ,1m
2026-05-07 15:47:00+00:00,699.3250122070312,699.5499877929688,699.219970703125,699.219970703125,28076,QQQ,1m
2026-05-07 15:48:00+00:00,699.22998046875,699.3800048828125,699.010009765625,699.0399169921875,34398,QQQ,1m
2026-05-07 15:49:00+00:00,699.0399780273438,699.1400146484375,698.9000244140625,698.9600219726562,40916,QQQ,1m
2026-05-07 15:50:00+00:00,698.9299926757812,698.9450073242188,698.52001953125,698.7598876953125,75308,QQQ,1m
2026-05-07 15:51:00+00:00,698.7794189453125,698.8900146484375,698.52001953125,698.6799926757812,51739,QQQ,1m
2026-05-07 15:52:00+00:00,698.6500244140625,698.6500244140625,698.2017211914062,698.3200073242188,84456,QQQ,1m
2026-05-07 15:53:00+00:00,698.3200073242188,698.5800170898438,698.2349853515625,698.47998046875,42117,QQQ,1m
2026-05-07 15:54:00+00:00,698.4199829101562,698.7849731445312,698.4199829101562,698.6199951171875,48771,QQQ,1m
2026-05-07 15:55:00+00:00,698.6500244140625,698.6937866210938,697.9588012695312,698.1900024414062,77181,QQQ,1m
2026-05-07 15:56:00+00:00,698.2100219726562,698.2999877929688,697.8800048828125,697.9199829101562,64226,QQQ,1m
2026-05-07 15:57:00+00:00,697.9400024414062,698.0900268554688,697.5900268554688,697.6099853515625,148714,QQQ,1m
2026-05-07 15:58:00+00:00,697.5800170898438,697.6199951171875,697.1799926757812,697.4299926757812,167215,QQQ,1m
2026-05-07 15:59:00+00:00,697.4099731445312,697.510009765625,697.114990234375,697.364990234375,131972,QQQ,1m
2026-05-07 16:00:00+00:00,697.3599853515625,697.4500122070312,696.6500244140625,697.0599975585938,146394,QQQ,1m
2026-05-07 16:01:00+00:00,697.0349731445312,697.3200073242188,696.6599731445312,696.7000732421875,69077,QQQ,1m
2026-05-07 16:02:00+00:00,696.7100219726562,697.1199951171875,696.5599975585938,697.0996704101562,74463,QQQ,1m
2026-05-07 16:03:00+00:00,697.0599975585938,697.3699951171875,696.9600219726562,697.1950073242188,69249,QQQ,1m
2026-05-07 16:04:00+00:00,697.1799926757812,697.2899780273438,696.72998046875,696.739990234375,89139,QQQ,1m
2026-05-07 16:05:00+00:00,696.719970703125,696.719970703125,696.3099975585938,696.5399780273438,104900,QQQ,1m
2026-05-07 16:06:00+00:00,696.5499877929688,696.5499877929688,696.0,696.0399780273438,161672,QQQ,1m
2026-05-07 16:07:00+00:00,696.0499877929688,696.4299926757812,695.8400268554688,695.8599853515625,241480,QQQ,1m
2026-05-07 16:08:00+00:00,695.843017578125,696.2999877929688,695.7899780273438,695.969970703125,117194,QQQ,1m
2026-05-07 16:09:00+00:00,695.9299926757812,696.469970703125,695.9299926757812,696.4299926757812,108079,QQQ,1m
2026-05-07 16:10:00+00:00,696.4500122070312,696.4500122070312,696.0650024414062,696.0900268554688,65635,QQQ,1m
2026-05-07 16:11:00+00:00,696.0999755859375,696.1900024414062,695.6699829101562,695.6699829101562,104277,QQQ,1m
2026-05-07 16:12:00+00:00,695.6500244140625,695.77001953125,695.1199951171875,695.1300048828125,139017,QQQ,1m
2026-05-07 16:13:00+00:00,695.1500244140625,695.5899047851562,695.1290283203125,695.4299926757812,93102,QQQ,1m
2026-05-07 16:14:00+00:00,695.4600219726562,695.6300048828125,695.27001953125,695.3112182617188,86408,QQQ,1m
2026-05-07 16:15:00+00:00,695.2899780273438,695.2899780273438,693.7899780273438,694.239990234375,283477,QQQ,1m
2026-05-07 16:16:00+00:00,694.2449951171875,694.6599731445312,693.9500122070312,694.4749755859375,308950,QQQ,1m
2026-05-07 16:17:00+00:00,694.4299926757812,695.0999755859375,694.2100219726562,695.0700073242188,168662,QQQ,1m
2026-05-07 16:18:00+00:00,695.0999755859375,695.1799926757812,694.5499877929688,694.5599975585938,101619,QQQ,1m
2026-05-07 16:19:00+00:00,694.5599975585938,694.6199951171875,694.27001953125,694.3200073242188,70680,QQQ,1m
2026-05-07 16:20:00+00:00,694.27001953125,694.739990234375,694.0499877929688,694.489990234375,125781,QQQ,1m
2026-05-07 16:21:00+00:00,694.47998046875,694.739990234375,694.1400146484375,694.3300170898438,100062,QQQ,1m
2026-05-07 16:22:00+00:00,694.3400268554688,694.9000244140625,694.3300170898438,694.77001953125,94179,QQQ,1m
2026-05-07 16:23:00+00:00,694.7999877929688,695.4000244140625,694.780029296875,695.3800048828125,94351,QQQ,1m
2026-05-07 16:24:00+00:00,695.39990234375,695.6699829101562,695.0700073242188,695.5999755859375,129857,QQQ,1m
2026-05-07 16:25:00+00:00,695.594970703125,696.0349731445312,695.5900268554688,696.0,128384,QQQ,1m
2026-05-07 16:26:00+00:00,696.0549926757812,696.1500244140625,695.8516845703125,695.9700927734375,51008,QQQ,1m
2026-05-07 16:27:00+00:00,696.0,696.27001953125,695.8900146484375,696.27001953125,58347,QQQ,1m
2026-05-07 16:28:00+00:00,696.25,696.47998046875,696.1900024414062,696.47998046875,79292,QQQ,1m
2026-05-07 16:29:00+00:00,696.4500122070312,696.4500122070312,696.1199951171875,696.3150024414062,108882,QQQ,1m
2026-05-07 16:30:00+00:00,696.3099975585938,696.3699951171875,696.095703125,696.1300048828125,88706,QQQ,1m
2026-05-07 16:31:00+00:00,696.1300048828125,696.389892578125,696.1300048828125,696.35498046875,57691,QQQ,1m
2026-05-07 16:32:00+00:00,696.3201293945312,696.7999877929688,696.3200073242188,696.7899780273438,96616,QQQ,1m
2026-05-07 16:33:00+00:00,696.8099975585938,697.1099853515625,696.7849731445312,696.9299926757812,111223,QQQ,1m
2026-05-07 16:34:00+00:00,696.9600219726562,697.1599731445312,696.7899780273438,696.8900146484375,93009,QQQ,1m
2026-05-07 16:35:00+00:00,696.85498046875,696.8699951171875,696.5700073242188,696.8389892578125,107268,QQQ,1m
2026-05-07 16:36:00+00:00,696.8200073242188,696.8350219726562,696.47998046875,696.5700073242188,75275,QQQ,1m
2026-05-07 16:37:00+00:00,696.5900268554688,696.75,696.4299926757812,696.5599975585938,71389,QQQ,1m
2026-05-07 16:38:00+00:00,696.5999755859375,696.6599731445312,695.9199829101562,696.0800170898438,71530,QQQ,1m
2026-05-07 16:39:00+00:00,696.0499877929688,696.0700073242188,695.6099853515625,695.6801147460938,84447,QQQ,1m
2026-05-07 16:40:00+00:00,695.686279296875,696.030029296875,695.530029296875,695.97998046875,115615,QQQ,1m
2026-05-07 16:41:00+00:00,695.9600219726562,696.3800048828125,695.8499755859375,696.2849731445312,59214,QQQ,1m
2026-05-07 16:42:00+00:00,696.27001953125,696.3300170898438,695.9600219726562,695.9873046875,38301,QQQ,1m
2026-05-07 16:43:00+00:00,696.0073852539062,696.2150268554688,695.469970703125,695.5100708007812,39323,QQQ,1m
2026-05-07 16:44:00+00:00,695.510009765625,695.9630126953125,695.4600219726562,695.9099731445312,49443,QQQ,1m
2026-05-07 16:45:00+00:00,695.9099731445312,696.0700073242188,695.6799926757812,696.010009765625,65720,QQQ,1m
2026-05-07 16:46:00+00:00,696.0700073242188,696.1300048828125,695.63037109375,695.7000122070312,35884,QQQ,1m
2026-05-07 16:47:00+00:00,695.6400146484375,695.8900146484375,695.5999755859375,695.72998046875,53430,QQQ,1m
2026-05-07 16:48:00+00:00,695.7100830078125,695.8599853515625,695.6400146484375,695.6533813476562,29626,QQQ,1m
2026-05-07 16:49:00+00:00,695.5700073242188,695.760009765625,695.4400024414062,695.630126953125,43236,QQQ,1m
2026-05-07 16:50:00+00:00,695.6599731445312,695.6699829101562,695.2999877929688,695.4500122070312,44608,QQQ,1m
2026-05-07 16:51:00+00:00,695.4788208007812,695.4788208007812,694.9199829101562,695.030029296875,58803,QQQ,1m
2026-05-07 16:52:00+00:00,695.02001953125,695.3499755859375,694.969970703125,695.2999267578125,52415,QQQ,1m
2026-05-07 16:53:00+00:00,695.27978515625,695.6259155273438,695.1599731445312,695.5549926757812,198104,QQQ,1m
2026-05-07 16:54:00+00:00,695.5700073242188,695.7899780273438,695.469970703125,695.6099853515625,38013,QQQ,1m
2026-05-07 16:55:00+00:00,695.6300048828125,695.8200073242188,695.4400024414062,695.4600219726562,39960,QQQ,1m
2026-05-07 16:56:00+00:00,695.4301147460938,695.47998046875,695.0401000976562,695.0900268554688,186713,QQQ,1m
2026-05-07 16:57:00+00:00,695.0499877929688,695.1749877929688,694.4000244140625,694.5651245117188,135469,QQQ,1m
2026-05-07 16:58:00+00:00,694.5050048828125,695.02001953125,694.5050048828125,695.02001953125,112699,QQQ,1m
2026-05-07 16:59:00+00:00,695.030029296875,695.2899780273438,694.9600219726562,695.2100830078125,67975,QQQ,1m
2026-05-07 17:00:00+00:00,695.2899780273438,695.4500122070312,695.1099853515625,695.4000244140625,73176,QQQ,1m
2026-05-07 17:01:00+00:00,695.3800048828125,695.4000244140625,694.8800048828125,695.0599975585938,105658,QQQ,1m
2026-05-07 17:02:00+00:00,695.030029296875,695.52001953125,694.8099975585938,695.3699951171875,79739,QQQ,1m
2026-05-07 17:03:00+00:00,695.3800048828125,695.3980102539062,695.1699829101562,695.3800048828125,38499,QQQ,1m
2026-05-07 17:04:00+00:00,695.3931884765625,695.4500122070312,695.0,695.059814453125,39063,QQQ,1m
2026-05-07 17:05:00+00:00,695.0499877929688,695.3300170898438,694.7899780273438,694.9949951171875,39381,QQQ,1m
2026-05-07 17:06:00+00:00,695.0098876953125,695.3800048828125,694.9801025390625,695.2999877929688,73301,QQQ,1m
2026-05-07 17:07:00+00:00,695.3099975585938,695.52001953125,695.2899780273438,695.3099975585938,48015,QQQ,1m
2026-05-07 17:08:00+00:00,695.27001953125,695.6099853515625,695.2000122070312,695.47998046875,43974,QQQ,1m
2026-05-07 17:09:00+00:00,695.52001953125,695.530029296875,694.6900024414062,694.9000244140625,89355,QQQ,1m
2026-05-07 17:10:00+00:00,694.9099731445312,695.0059814453125,694.5499877929688,694.5700073242188,55997,QQQ,1m
2026-05-07 17:11:00+00:00,694.530029296875,694.5900268554688,694.27001953125,694.4899291992188,94994,QQQ,1m
2026-05-07 17:12:00+00:00,694.4801025390625,694.6300048828125,694.1500244140625,694.27001953125,97559,QQQ,1m
2026-05-07 17:13:00+00:00,694.2598876953125,694.6699829101562,694.2000122070312,694.5800170898438,46734,QQQ,1m
2026-05-07 17:14:00+00:00,694.5700073242188,694.719970703125,694.4600219726562,694.5700073242188,24489,QQQ,1m
2026-05-07 17:15:00+00:00,694.47998046875,694.47998046875,694.0399780273438,694.2249755859375,53599,QQQ,1m
2026-05-07 17:16:00+00:00,694.1900024414062,694.3300170898438,693.9099731445312,694.3135986328125,69821,QQQ,1m
2026-05-07 17:17:00+00:00,694.2999877929688,694.3200073242188,693.8699951171875,693.9400024414062,85888,QQQ,1m
2026-05-07 17:18:00+00:00,693.9600219726562,694.030029296875,693.489990234375,693.5399780273438,201799,QQQ,1m
2026-05-07 17:19:00+00:00,693.4600219726562,693.75,693.3049926757812,693.530029296875,234893,QQQ,1m
2026-05-07 17:20:00+00:00,693.469970703125,693.5599975585938,693.1701049804688,693.27001953125,103667,QQQ,1m
2026-05-07 17:21:00+00:00,693.280029296875,693.6400146484375,693.2401123046875,693.6300048828125,86157,QQQ,1m
2026-05-07 17:22:00+00:00,693.6500244140625,694.3800048828125,693.6500244140625,694.3599853515625,135525,QQQ,1m
2026-05-07 17:23:00+00:00,694.375,694.9000244140625,694.301025390625,694.4199829101562,131211,QQQ,1m
2026-05-07 17:24:00+00:00,694.4099731445312,694.8200073242188,694.3699951171875,694.7020263671875,65339,QQQ,1m
2026-05-07 17:25:00+00:00,694.780029296875,695.27001953125,693.5999755859375,693.7000122070312,272160,QQQ,1m
2026-05-07 17:26:00+00:00,693.7000122070312,693.7000122070312,692.239990234375,692.5,188352,QQQ,1m
2026-05-07 17:27:00+00:00,692.489990234375,692.697998046875,691.780029296875,692.4149780273438,188455,QQQ,1m
2026-05-07 17:28:00+00:00,692.4299926757812,693.4837036132812,692.1500244140625,693.3250122070312,167675,QQQ,1m
2026-05-07 17:29:00+00:00,693.35009765625,693.7999877929688,692.9199829101562,693.0750122070312,90357,QQQ,1m
2026-05-07 17:30:00+00:00,693.0900268554688,693.3400268554688,692.6489868164062,693.3099975585938,100890,QQQ,1m
2026-05-07 17:31:00+00:00,693.260009765625,693.530029296875,692.8900146484375,693.3699951171875,81933,QQQ,1m
2026-05-07 17:32:00+00:00,693.3599853515625,693.97998046875,693.1500244140625,693.7752075195312,82582,QQQ,1m
2026-05-07 17:33:00+00:00,693.7100219726562,693.7999877929688,692.8699951171875,693.0800170898438,72288,QQQ,1m
2026-05-07 17:34:00+00:00,693.0700073242188,693.889892578125,693.031005859375,693.7200927734375,111219,QQQ,1m
2026-05-07 17:35:00+00:00,693.739990234375,693.97998046875,693.4299926757812,693.8942260742188,102102,QQQ,1m
2026-05-07 17:36:00+00:00,693.8900146484375,694.3599853515625,693.7750244140625,694.2100219726562,100272,QQQ,1m
2026-05-07 17:37:00+00:00,694.260009765625,694.719970703125,694.030029296875,694.52001953125,78675,QQQ,1m
2026-05-07 17:38:00+00:00,694.5800170898438,694.75,694.2022705078125,694.4099731445312,60616,QQQ,1m
2026-05-07 17:39:00+00:00,694.4151000976562,694.6099853515625,694.280029296875,694.5750122070312,58724,QQQ,1m
2026-05-07 17:40:00+00:00,694.5401000976562,695.0599975585938,694.4099731445312,694.656005859375,78818,QQQ,1m
2026-05-07 17:41:00+00:00,694.6599731445312,694.77001953125,694.60009765625,694.6699829101562,44341,QQQ,1m
2026-05-07 17:42:00+00:00,694.6599731445312,694.6699829101562,694.239990234375,694.260009765625,170711,QQQ,1m
2026-05-07 17:43:00+00:00,694.25,694.2999877929688,693.969970703125,694.2664794921875,104081,QQQ,1m
2026-05-07 17:44:00+00:00,694.27001953125,694.27001953125,693.7999877929688,693.97998046875,50452,QQQ,1m
2026-05-07 17:45:00+00:00,693.9450073242188,694.1699829101562,693.6599731445312,693.8300170898438,38143,QQQ,1m
2026-05-07 17:46:00+00:00,693.8099975585938,693.9710083007812,693.6099853515625,693.6300048828125,46839,QQQ,1m
2026-05-07 17:47:00+00:00,693.594970703125,694.0700073242188,693.5800170898438,693.889892578125,57008,QQQ,1m
2026-05-07 17:48:00+00:00,693.8400268554688,693.9199829101562,693.52001953125,693.6300048828125,47508,QQQ,1m
2026-05-07 17:49:00+00:00,693.6199951171875,693.6500244140625,693.3099975585938,693.5399780273438,40649,QQQ,1m
2026-05-07 17:50:00+00:00,693.5499877929688,693.6599731445312,693.0900268554688,693.6599731445312,82993,QQQ,1m
2026-05-07 17:51:00+00:00,693.6749877929688,693.8400268554688,693.4299926757812,693.5700073242188,44011,QQQ,1m
2026-05-07 17:52:00+00:00,693.5399780273438,693.5399780273438,693.0800170898438,693.2100219726562,51532,QQQ,1m
2026-05-07 17:53:00+00:00,693.2000122070312,693.3300170898438,693.1400146484375,693.280029296875,50237,QQQ,1m
2026-05-07 17:54:00+00:00,693.27001953125,693.6300048828125,693.260009765625,693.52001953125,56282,QQQ,1m
2026-05-07 17:55:00+00:00,693.5800170898438,693.97998046875,693.5800170898438,693.8599853515625,46796,QQQ,1m
2026-05-07 17:56:00+00:00,693.8900146484375,694.72998046875,693.510009765625,694.35498046875,217183,QQQ,1m
2026-05-07 17:57:00+00:00,694.35498046875,694.75,694.3099975585938,694.6099853515625,151061,QQQ,1m
2026-05-07 17:58:00+00:00,694.610107421875,694.780029296875,694.4600219726562,694.719970703125,56745,QQQ,1m
2026-05-07 17:59:00+00:00,694.780029296875,695.4000244140625,694.780029296875,695.2349853515625,179329,QQQ,1m
2026-05-07 18:00:00+00:00,695.2999877929688,695.3800048828125,695.0399780273438,695.25,155639,QQQ,1m
2026-05-07 18:01:00+00:00,695.1599731445312,695.3099975585938,694.909912109375,695.0651245117188,59116,QQQ,1m
2026-05-07 18:02:00+00:00,695.0599975585938,695.25,694.6699829101562,695.239990234375,379126,QQQ,1m
2026-05-07 18:03:00+00:00,695.2100219726562,695.280029296875,694.8900146484375,695.0,44581,QQQ,1m
2026-05-07 18:04:00+00:00,694.97998046875,695.27001953125,694.8300170898438,694.989990234375,63355,QQQ,1m
2026-05-07 18:05:00+00:00,695.02001953125,695.35009765625,695.02001953125,695.3400268554688,23824,QQQ,1m
2026-05-07 18:06:00+00:00,695.3101196289062,695.510009765625,695.3099975585938,695.4600219726562,76649,QQQ,1m
2026-05-07 18:07:00+00:00,695.4500122070312,695.780029296875,695.3800048828125,695.5999755859375,88619,QQQ,1m
2026-05-07 18:08:00+00:00,695.580078125,695.6500244140625,695.239990234375,695.3099975585938,67507,QQQ,1m
2026-05-07 18:09:00+00:00,695.2899780273438,695.4000244140625,694.3400268554688,694.5499877929688,206562,QQQ,1m
2026-05-07 18:10:00+00:00,694.5499877929688,694.8400268554688,694.1799926757812,694.8300170898438,81778,QQQ,1m
2026-05-07 18:11:00+00:00,694.8400268554688,695.0599975585938,694.6699829101562,694.8400268554688,84413,QQQ,1m
2026-05-07 18:12:00+00:00,694.8800048828125,694.9650268554688,694.5894165039062,694.9299926757812,83808,QQQ,1m
2026-05-07 18:13:00+00:00,694.9099731445312,694.97998046875,694.5900268554688,694.8900146484375,68337,QQQ,1m
2026-05-07 18:14:00+00:00,694.8900146484375,694.9849853515625,694.5499877929688,694.719970703125,47850,QQQ,1m
2026-05-07 18:15:00+00:00,694.781982421875,694.9000244140625,694.6699829101562,694.8350219726562,33794,QQQ,1m
2026-05-07 18:16:00+00:00,694.864990234375,694.9299926757812,694.6300048828125,694.6900024414062,58126,QQQ,1m
2026-05-07 18:17:00+00:00,694.6799926757812,695.1300048828125,694.6699829101562,695.0999755859375,90101,QQQ,1m
2026-05-07 18:18:00+00:00,695.10009765625,695.451171875,695.0932006835938,695.3699951171875,67061,QQQ,1m
2026-05-07 18:19:00+00:00,695.4299926757812,695.4600219726562,694.9400024414062,694.97998046875,98809,QQQ,1m
2026-05-07 18:20:00+00:00,695.010009765625,695.1699829101562,694.780029296875,694.905029296875,91059,QQQ,1m
2026-05-07 18:21:00+00:00,694.8909912109375,694.9998779296875,694.7999877929688,694.8200073242188,51759,QQQ,1m
2026-05-07 18:22:00+00:00,694.7999877929688,695.1300048828125,694.760009765625,694.8800048828125,30238,QQQ,1m
2026-05-07 18:23:00+00:00,694.9000244140625,694.9891967773438,694.6699829101562,694.6849975585938,33781,QQQ,1m
2026-05-07 18:24:00+00:00,694.655029296875,694.7750244140625,694.3400268554688,694.4299926757812,36365,QQQ,1m
2026-05-07 18:25:00+00:00,694.3699951171875,694.385009765625,694.1300048828125,694.1699829101562,41605,QQQ,1m
2026-05-07 18:26:00+00:00,694.1699829101562,694.47998046875,694.110107421875,694.3400268554688,69044,QQQ,1m
2026-05-07 18:27:00+00:00,694.3400268554688,694.4398803710938,694.1199951171875,694.3419799804688,46983,QQQ,1m
2026-05-07 18:28:00+00:00,694.3400268554688,694.530029296875,694.2000122070312,694.2999877929688,36538,QQQ,1m
2026-05-07 18:29:00+00:00,694.2750244140625,694.3599853515625,693.91650390625,694.2000122070312,39631,QQQ,1m
2026-05-07 18:30:00+00:00,694.2000122070312,694.6799926757812,694.1286010742188,694.5900268554688,155280,QQQ,1m
2026-05-07 18:31:00+00:00,694.5999755859375,694.8099975585938,694.5,694.7479858398438,31222,QQQ,1m
2026-05-07 18:32:00+00:00,694.8049926757812,694.9298095703125,694.655029296875,694.9298095703125,36324,QQQ,1m
2026-05-07 18:33:00+00:00,694.9299926757812,695.030029296875,694.8599853515625,694.959228515625,32048,QQQ,1m
2026-05-07 18:34:00+00:00,694.9400024414062,694.9400024414062,694.7999877929688,694.89501953125,24419,QQQ,1m
2026-05-07 18:35:00+00:00,694.9099731445312,695.0800170898438,694.6199951171875,694.7100219726562,38935,QQQ,1m
2026-05-07 18:36:00+00:00,694.7100219726562,694.72998046875,694.5499877929688,694.5499877929688,40120,QQQ,1m
2026-05-07 18:37:00+00:00,694.530029296875,694.530029296875,694.0999755859375,694.1699829101562,43255,QQQ,1m
2026-05-07 18:38:00+00:00,694.1300048828125,694.4000244140625,694.0,694.2650146484375,62644,QQQ,1m
2026-05-07 18:39:00+00:00,694.2698974609375,694.6900024414062,694.0900268554688,694.5299072265625,68300,QQQ,1m
2026-05-07 18:40:00+00:00,694.5399780273438,694.5784912109375,694.2899780273438,694.3300170898438,44481,QQQ,1m
2026-05-07 18:41:00+00:00,694.2999877929688,694.3499755859375,694.0150146484375,694.1099853515625,38135,QQQ,1m
2026-05-07 18:42:00+00:00,694.0899047851562,694.519775390625,694.0650024414062,694.47998046875,35199,QQQ,1m
2026-05-07 18:43:00+00:00,694.4525146484375,694.52001953125,693.77001953125,694.260009765625,110410,QQQ,1m
2026-05-07 18:44:00+00:00,694.2202758789062,694.22998046875,692.77001953125,693.1400146484375,168623,QQQ,1m
2026-05-07 18:45:00+00:00,693.1900024414062,693.4299926757812,692.52001953125,693.39990234375,156894,QQQ,1m
2026-05-07 18:46:00+00:00,693.4000244140625,693.6199951171875,693.1900024414062,693.5700073242188,49587,QQQ,1m
2026-05-07 18:47:00+00:00,693.5599975585938,693.5700073242188,692.969970703125,693.1599731445312,98164,QQQ,1m
2026-05-07 18:48:00+00:00,693.1400146484375,693.5,692.989990234375,693.0,247650,QQQ,1m
2026-05-07 18:49:00+00:00,693.0,693.0549926757812,692.8400268554688,692.8800048828125,76232,QQQ,1m
2026-05-07 18:50:00+00:00,692.885009765625,692.885009765625,692.4849853515625,692.8300170898438,145762,QQQ,1m
2026-05-07 18:51:00+00:00,692.8400268554688,693.1900024414062,692.6300048828125,693.1900024414062,87848,QQQ,1m
2026-05-07 18:52:00+00:00,693.1799926757812,693.3499755859375,692.989990234375,693.1300048828125,112072,QQQ,1m
2026-05-07 18:53:00+00:00,693.1500244140625,693.219970703125,692.8599853515625,693.0447998046875,104864,QQQ,1m
2026-05-07 18:54:00+00:00,693.0599975585938,693.2498779296875,692.969970703125,693.1099853515625,51611,QQQ,1m
2026-05-07 18:55:00+00:00,693.010009765625,693.75,692.739990234375,693.6300048828125,163821,QQQ,1m
2026-05-07 18:56:00+00:00,693.6300048828125,693.9400024414062,693.4099731445312,693.75,96541,QQQ,1m
2026-05-07 18:57:00+00:00,693.77001953125,693.8800048828125,693.6749877929688,693.780029296875,169551,QQQ,1m
2026-05-07 18:58:00+00:00,693.78271484375,693.9949951171875,693.60009765625,693.7100830078125,42060,QQQ,1m
2026-05-07 18:59:00+00:00,693.719970703125,694.0599975585938,693.7000122070312,693.9400024414062,59032,QQQ,1m
2026-05-07 19:00:00+00:00,693.989990234375,694.1400146484375,693.760009765625,693.780029296875,78089,QQQ,1m
2026-05-07 19:01:00+00:00,693.7899780273438,693.9249877929688,693.6599731445312,693.760009765625,42400,QQQ,1m
2026-05-07 19:02:00+00:00,693.77001953125,693.77001953125,693.4299926757812,693.4299926757812,48221,QQQ,1m
2026-05-07 19:03:00+00:00,693.419921875,693.719970703125,693.3699951171875,693.530029296875,30448,QQQ,1m
2026-05-07 19:04:00+00:00,693.5390014648438,693.6799926757812,693.4600219726562,693.6199951171875,32694,QQQ,1m
2026-05-07 19:05:00+00:00,693.6099853515625,693.8300170898438,693.5999755859375,693.8300170898438,23434,QQQ,1m
2026-05-07 19:06:00+00:00,693.8300170898438,693.9000244140625,693.6599731445312,693.6799926757812,44854,QQQ,1m
2026-05-07 19:07:00+00:00,693.7098999023438,693.7999877929688,693.280029296875,693.6500244140625,65945,QQQ,1m
2026-05-07 19:08:00+00:00,693.6599731445312,693.6900024414062,693.3602294921875,693.4349975585938,38135,QQQ,1m
2026-05-07 19:09:00+00:00,693.3800048828125,693.5499877929688,693.2999877929688,693.4650268554688,46600,QQQ,1m
2026-05-07 19:10:00+00:00,693.4500122070312,693.7100219726562,693.3200073242188,693.4099731445312,82938,QQQ,1m
2026-05-07 19:11:00+00:00,693.4924926757812,693.8300170898438,693.489990234375,693.8300170898438,45226,QQQ,1m
2026-05-07 19:12:00+00:00,693.8250122070312,694.0599975585938,693.760009765625,694.02001953125,116427,QQQ,1m
2026-05-07 19:13:00+00:00,694.0599975585938,694.4000244140625,694.0399780273438,694.280029296875,109341,QQQ,1m
2026-05-07 19:14:00+00:00,694.2999877929688,694.3400268554688,694.1400146484375,694.1500244140625,28592,QQQ,1m
2026-05-07 19:15:00+00:00,694.1599731445312,694.2100219726562,693.9500122070312,694.1199951171875,51156,QQQ,1m
2026-05-07 19:16:00+00:00,694.1199951171875,694.239990234375,694.0499877929688,694.1500244140625,28985,QQQ,1m
2026-05-07 19:17:00+00:00,694.159912109375,694.1599731445312,693.2000122070312,693.2999877929688,204172,QQQ,1m
2026-05-07 19:18:00+00:00,693.2000122070312,693.5900268554688,693.0700073242188,693.27001953125,105305,QQQ,1m
2026-05-07 19:19:00+00:00,693.27001953125,693.3800048828125,692.989990234375,693.3099975585938,115605,QQQ,1m
2026-05-07 19:20:00+00:00,693.2899780273438,693.2999877929688,692.9600219726562,693.239990234375,44437,QQQ,1m
2026-05-07 19:21:00+00:00,693.239990234375,693.2999877929688,693.0499877929688,693.2100219726562,68055,QQQ,1m
2026-05-07 19:22:00+00:00,693.280029296875,693.4500122070312,693.1199951171875,693.155029296875,262477,QQQ,1m
2026-05-07 19:23:00+00:00,693.1599731445312,693.260009765625,692.97998046875,693.0750122070312,65697,QQQ,1m
2026-05-07 19:24:00+00:00,693.0700073242188,693.119873046875,692.75,692.8264770507812,105878,QQQ,1m
2026-05-07 19:25:00+00:00,692.8800048828125,692.9600219726562,692.5800170898438,692.7000122070312,115211,QQQ,1m
2026-05-07 19:26:00+00:00,692.6799926757812,693.1749877929688,692.5900268554688,693.1300048828125,74228,QQQ,1m
2026-05-07 19:27:00+00:00,693.1099853515625,693.489990234375,693.030029296875,693.3699951171875,198928,QQQ,1m
2026-05-07 19:28:00+00:00,693.3800048828125,693.4998779296875,692.989990234375,692.989990234375,36752,QQQ,1m
2026-05-07 19:29:00+00:00,692.9998779296875,693.219970703125,692.9500122070312,693.1500244140625,41029,QQQ,1m
2026-05-07 19:30:00+00:00,693.1900024414062,693.52001953125,693.0800170898438,693.4749755859375,68860,QQQ,1m
2026-05-07 19:31:00+00:00,693.5,693.8798828125,693.47998046875,693.6799926757812,72044,QQQ,1m
2026-05-07 19:32:00+00:00,693.7100219726562,693.77001953125,693.5800170898438,693.739990234375,334100,QQQ,1m
2026-05-07 19:33:00+00:00,693.72998046875,693.9400024414062,693.5999755859375,693.9149780273438,36298,QQQ,1m
2026-05-07 19:34:00+00:00,693.9099731445312,694.010009765625,693.8695068359375,693.9099731445312,50148,QQQ,1m
2026-05-07 19:35:00+00:00,693.9199829101562,694.0599975585938,693.830078125,693.9000244140625,396829,QQQ,1m
2026-05-07 19:36:00+00:00,693.8900146484375,694.4099731445312,693.860107421875,694.280029296875,71757,QQQ,1m
2026-05-07 19:37:00+00:00,694.2899780273438,694.7000122070312,694.2899780273438,694.530029296875,67715,QQQ,1m
2026-05-07 19:38:00+00:00,694.530029296875,694.739990234375,694.4299926757812,694.6950073242188,58342,QQQ,1m
2026-05-07 19:39:00+00:00,694.6801147460938,694.739990234375,694.5599975585938,694.6799926757812,109413,QQQ,1m
2026-05-07 19:40:00+00:00,694.6599731445312,694.9400024414062,694.6599731445312,694.7000122070312,78313,QQQ,1m
2026-05-07 19:41:00+00:00,694.7100219726562,694.7454223632812,694.52001953125,694.5499877929688,58277,QQQ,1m
2026-05-07 19:42:00+00:00,694.5449829101562,694.5999755859375,694.4299926757812,694.4600219726562,83687,QQQ,1m
2026-05-07 19:43:00+00:00,694.4498901367188,694.7449951171875,694.4299926757812,694.614990234375,63199,QQQ,1m
2026-05-07 19:44:00+00:00,694.6199951171875,694.8400268554688,694.5300903320312,694.780029296875,77316,QQQ,1m
2026-05-07 19:45:00+00:00,694.8099975585938,695.0,694.75,694.8699951171875,220974,QQQ,1m
2026-05-07 19:46:00+00:00,694.860107421875,694.8800048828125,694.6199951171875,694.6199951171875,69759,QQQ,1m
2026-05-07 19:47:00+00:00,694.6300048828125,694.719970703125,694.47998046875,694.5399780273438,276084,QQQ,1m
2026-05-07 19:48:00+00:00,694.5399780273438,694.6300048828125,694.3900146484375,694.5700073242188,69882,QQQ,1m
2026-05-07 19:49:00+00:00,694.5800170898438,694.8900146484375,694.47998046875,694.6599731445312,132377,QQQ,1m
2026-05-07 19:50:00+00:00,694.6900024414062,695.3499755859375,694.6699829101562,695.1699829101562,211867,QQQ,1m
2026-05-07 19:51:00+00:00,695.1799926757812,695.5499877929688,695.0999755859375,695.3250122070312,150498,QQQ,1m
2026-05-07 19:52:00+00:00,695.3300170898438,695.3997802734375,694.0599975585938,694.739990234375,496767,QQQ,1m
2026-05-07 19:53:00+00:00,694.760009765625,694.8599853515625,694.3400268554688,694.489990234375,330417,QQQ,1m
2026-05-07 19:54:00+00:00,694.510009765625,694.6699829101562,694.2100219726562,694.3699951171875,220283,QQQ,1m
2026-05-07 19:55:00+00:00,694.3400268554688,694.719970703125,694.1599731445312,694.5700073242188,252425,QQQ,1m
2026-05-07 19:56:00+00:00,694.5599975585938,694.75,694.3599853515625,694.510009765625,193047,QQQ,1m
2026-05-07 19:57:00+00:00,694.469970703125,695.0399780273438,694.4400024414062,694.72998046875,400555,QQQ,1m
2026-05-07 19:58:00+00:00,694.72998046875,694.8699951171875,694.4000244140625,694.8699951171875,866991,QQQ,1m
2026-05-07 19:59:00+00:00,694.8900146484375,695.0599975585938,694.6400146484375,694.9199829101562,538089,QQQ,1m
2026-05-08 13:30:00+00:00,699.9199829101562,700.4099731445312,699.530029296875,700.1099853515625,2299085,QQQ,1m
2026-05-08 13:31:00+00:00,700.1500244140625,701.1099853515625,699.9000244140625,701.0285034179688,190710,QQQ,1m
2026-05-08 13:32:00+00:00,701.0399780273438,701.469970703125,700.9400024414062,701.22998046875,170376,QQQ,1m
2026-05-08 13:33:00+00:00,701.3001098632812,701.739990234375,701.1799926757812,701.7050170898438,155356,QQQ,1m
2026-05-08 13:34:00+00:00,701.760009765625,702.1099243164062,701.5999755859375,701.89501953125,121154,QQQ,1m
2026-05-08 13:35:00+00:00,701.9299926757812,702.0800170898438,701.6900024414062,702.010009765625,111419,QQQ,1m
2026-05-08 13:36:00+00:00,701.9400024414062,702.4000244140625,701.8499755859375,702.3699951171875,142550,QQQ,1m
2026-05-08 13:37:00+00:00,702.3800048828125,702.3900146484375,701.864990234375,701.864990234375,116184,QQQ,1m
2026-05-08 13:38:00+00:00,701.8200073242188,702.0800170898438,701.6201171875,702.030029296875,115571,QQQ,1m
2026-05-08 13:39:00+00:00,702.030029296875,702.1599731445312,701.780029296875,701.97998046875,129438,QQQ,1m
2026-05-08 13:40:00+00:00,701.989990234375,702.0900268554688,701.4299926757812,701.6500244140625,124364,QQQ,1m
2026-05-08 13:41:00+00:00,701.5700073242188,701.9500122070312,701.5499877929688,701.8599853515625,72733,QQQ,1m
2026-05-08 13:42:00+00:00,701.8200073242188,702.6500244140625,701.8096923828125,702.5900268554688,144543,QQQ,1m
2026-05-08 13:43:00+00:00,702.5700073242188,702.72998046875,702.3400268554688,702.530029296875,125389,QQQ,1m
2026-05-08 13:44:00+00:00,702.5,702.760009765625,702.469970703125,702.72998046875,147718,QQQ,1m
2026-05-08 13:45:00+00:00,702.739990234375,703.989990234375,702.739990234375,703.8099975585938,293790,QQQ,1m
2026-05-08 13:46:00+00:00,703.760009765625,704.1900024414062,703.7000732421875,704.1895751953125,230554,QQQ,1m
2026-05-08 13:47:00+00:00,704.1300048828125,704.3298950195312,703.9249877929688,704.2650146484375,149216,QQQ,1m
2026-05-08 13:48:00+00:00,704.27001953125,704.52001953125,704.010009765625,704.29052734375,295463,QQQ,1m
2026-05-08 13:49:00+00:00,704.25,704.5700073242188,704.0999755859375,704.4000244140625,167115,QQQ,1m
2026-05-08 13:50:00+00:00,704.4000854492188,704.489501953125,703.9752197265625,704.114990234375,143018,QQQ,1m
2026-05-08 13:51:00+00:00,704.1099853515625,704.1400146484375,703.7899780273438,703.9299926757812,142615,QQQ,1m
2026-05-08 13:52:00+00:00,703.8800048828125,704.75,703.8400268554688,704.6162719726562,128220,QQQ,1m
2026-05-08 13:53:00+00:00,704.625,704.8447875976562,704.1900024414062,704.2000122070312,100123,QQQ,1m
2026-05-08 13:54:00+00:00,704.2000122070312,704.260009765625,704.02001953125,704.260009765625,161089,QQQ,1m
2026-05-08 13:55:00+00:00,704.25,704.6599731445312,704.1500244140625,704.4099731445312,115705,QQQ,1m
2026-05-08 13:56:00+00:00,704.4000244140625,704.4199829101562,704.030029296875,704.1099853515625,110552,QQQ,1m
2026-05-08 13:57:00+00:00,704.0999755859375,704.25,703.8900146484375,704.1199951171875,101148,QQQ,1m
2026-05-08 13:58:00+00:00,704.1300048828125,704.4500122070312,704.0700073242188,704.4500122070312,60514,QQQ,1m
2026-05-08 13:59:00+00:00,704.4598999023438,705.4400024414062,704.4099731445312,705.3300170898438,167489,QQQ,1m
2026-05-08 14:00:00+00:00,705.3200073242188,705.8400268554688,704.7570190429688,705.3099975585938,361918,QQQ,1m
2026-05-08 14:01:00+00:00,705.27001953125,705.4600219726562,705.14501953125,705.2899780273438,223181,QQQ,1m
2026-05-08 14:02:00+00:00,705.280029296875,705.8300170898438,705.219970703125,705.739990234375,156894,QQQ,1m
2026-05-08 14:03:00+00:00,705.719970703125,705.8099975585938,705.5,705.5800170898438,86313,QQQ,1m
2026-05-08 14:04:00+00:00,705.5850219726562,705.60498046875,705.2907104492188,705.5599975585938,94074,QQQ,1m
2026-05-08 14:05:00+00:00,705.5399780273438,705.739990234375,705.2999877929688,705.6699829101562,83795,QQQ,1m
2026-05-08 14:06:00+00:00,705.6699829101562,705.719970703125,704.969970703125,705.3900146484375,132578,QQQ,1m
2026-05-08 14:07:00+00:00,705.405029296875,705.405029296875,705.0401000976562,705.1199951171875,170968,QQQ,1m
2026-05-08 14:08:00+00:00,705.0999755859375,705.3200073242188,705.0,705.3200073242188,74160,QQQ,1m
2026-05-08 14:09:00+00:00,705.2999877929688,705.486083984375,705.2000122070312,705.4000244140625,86877,QQQ,1m
2026-05-08 14:10:00+00:00,705.4000244140625,705.4199829101562,704.9000244140625,704.989990234375,111864,QQQ,1m
2026-05-08 14:11:00+00:00,705.0050048828125,705.0599975585938,704.6300048828125,705.0,124600,QQQ,1m
2026-05-08 14:12:00+00:00,705.0499877929688,705.1500244140625,704.8848266601562,705.0800170898438,40859,QQQ,1m
2026-05-08 14:13:00+00:00,705.0800170898438,705.47998046875,705.0599975585938,705.4400024414062,67298,QQQ,1m
2026-05-08 14:14:00+00:00,705.4450073242188,705.4699096679688,705.0599975585938,705.2003784179688,52020,QQQ,1m
2026-05-08 14:15:00+00:00,705.1699829101562,705.3900146484375,705.02001953125,705.3607177734375,53020,QQQ,1m
2026-05-08 14:16:00+00:00,705.3699951171875,705.5900268554688,705.3099975585938,705.3699951171875,118852,QQQ,1m
2026-05-08 14:17:00+00:00,705.3499755859375,705.3499755859375,704.9000244140625,705.0900268554688,66944,QQQ,1m
2026-05-08 14:18:00+00:00,705.02001953125,705.47998046875,705.02001953125,705.469970703125,73053,QQQ,1m
2026-05-08 14:19:00+00:00,705.460693359375,705.6300048828125,705.2999877929688,705.5499267578125,111088,QQQ,1m
2026-05-08 14:20:00+00:00,705.5399780273438,705.739990234375,705.4299926757812,705.6300048828125,47898,QQQ,1m
2026-05-08 14:21:00+00:00,705.6500244140625,705.9000244140625,705.5399780273438,705.9000244140625,62108,QQQ,1m
2026-05-08 14:22:00+00:00,705.9000244140625,706.6500244140625,705.8900146484375,706.0900268554688,233374,QQQ,1m
2026-05-08 14:23:00+00:00,706.0399169921875,706.1599731445312,705.97998046875,705.97998046875,290580,QQQ,1m
2026-05-08 14:24:00+00:00,705.97998046875,706.3800048828125,705.9400024414062,706.3800048828125,114264,QQQ,1m
2026-05-08 14:25:00+00:00,706.3699951171875,706.7791137695312,706.260009765625,706.7100219726562,142973,QQQ,1m
2026-05-08 14:26:00+00:00,706.719970703125,706.739990234375,706.4450073242188,706.5900268554688,70222,QQQ,1m
2026-05-08 14:27:00+00:00,706.5399780273438,706.5750122070312,706.1047973632812,706.1300048828125,92155,QQQ,1m
2026-05-08 14:28:00+00:00,706.135009765625,706.2000122070312,705.77001953125,705.969970703125,88730,QQQ,1m
2026-05-08 14:29:00+00:00,705.9625244140625,706.0499877929688,705.281005859375,705.469970703125,99457,QQQ,1m
2026-05-08 14:30:00+00:00,705.47998046875,705.52001953125,704.6900024414062,704.7899780273438,130450,QQQ,1m
2026-05-08 14:31:00+00:00,704.7598876953125,705.4500122070312,704.6599731445312,705.39501953125,111179,QQQ,1m
2026-05-08 14:32:00+00:00,705.4400024414062,705.6900024414062,705.3300170898438,705.4400024414062,76120,QQQ,1m
2026-05-08 14:33:00+00:00,705.4000244140625,705.4598999023438,705.219970703125,705.2999877929688,77677,QQQ,1m
2026-05-08 14:34:00+00:00,705.2999877929688,705.7088012695312,705.260009765625,705.6300048828125,77875,QQQ,1m
2026-05-08 14:35:00+00:00,705.64990234375,705.6799926757812,704.8099975585938,704.8400268554688,217843,QQQ,1m
2026-05-08 14:36:00+00:00,704.8350219726562,705.02001953125,704.5700073242188,704.760009765625,206813,QQQ,1m
2026-05-08 14:37:00+00:00,704.75,705.1300048828125,704.6900024414062,705.0401000976562,81003,QQQ,1m
2026-05-08 14:38:00+00:00,705.0599975585938,705.4400024414062,705.030029296875,705.4199829101562,84615,QQQ,1m
2026-05-08 14:39:00+00:00,705.4199829101562,705.5900268554688,705.3200073242188,705.5900268554688,63986,QQQ,1m
2026-05-08 14:40:00+00:00,705.5800170898438,705.697998046875,705.4000244140625,705.489990234375,173195,QQQ,1m
2026-05-08 14:41:00+00:00,705.469970703125,705.469970703125,705.114990234375,705.1900024414062,296480,QQQ,1m
2026-05-08 14:42:00+00:00,705.1699829101562,705.6900024414062,705.1599731445312,705.5599975585938,104530,QQQ,1m
2026-05-08 14:43:00+00:00,705.5700073242188,705.9400024414062,705.556396484375,705.9199829101562,77800,QQQ,1m
2026-05-08 14:44:00+00:00,705.9265747070312,706.0999145507812,705.8900146484375,706.0900268554688,93911,QQQ,1m
2026-05-08 14:45:00+00:00,706.0999755859375,706.0999755859375,705.7899780273438,705.9099731445312,91905,QQQ,1m
2026-05-08 14:46:00+00:00,705.9298706054688,706.2899780273438,705.8900146484375,706.289794921875,43722,QQQ,1m
2026-05-08 14:47:00+00:00,706.280029296875,706.530029296875,706.2308959960938,706.2308959960938,136345,QQQ,1m
2026-05-08 14:48:00+00:00,706.22998046875,706.27001953125,706.110107421875,706.1649780273438,79471,QQQ,1m
2026-05-08 14:49:00+00:00,706.1649780273438,706.2899780273438,706.0599975585938,706.2899780273438,94384,QQQ,1m
2026-05-08 14:50:00+00:00,706.3198852539062,706.405029296875,706.1599731445312,706.280029296875,49568,QQQ,1m
2026-05-08 14:51:00+00:00,706.2899780273438,706.37158203125,706.1799926757812,706.2349853515625,52119,QQQ,1m
2026-05-08 14:52:00+00:00,706.2000122070312,706.2999877929688,706.0050048828125,706.1699829101562,44736,QQQ,1m
2026-05-08 14:53:00+00:00,706.1500244140625,706.4000244140625,706.1400146484375,706.3200073242188,32491,QQQ,1m
2026-05-08 14:54:00+00:00,706.2949829101562,706.5900268554688,706.260009765625,706.5698852539062,96428,QQQ,1m
2026-05-08 14:55:00+00:00,706.5599975585938,706.760009765625,706.5150146484375,706.6900024414062,84382,QQQ,1m
2026-05-08 14:56:00+00:00,706.7050170898438,706.7999877929688,706.469970703125,706.5999755859375,86298,QQQ,1m
2026-05-08 14:57:00+00:00,706.590087890625,706.719970703125,706.469970703125,706.6599731445312,77511,QQQ,1m
2026-05-08 14:58:00+00:00,706.6400146484375,706.9500122070312,706.6400146484375,706.9149780273438,98814,QQQ,1m
2026-05-08 14:59:00+00:00,706.9000244140625,706.9099731445312,706.6900024414062,706.7000122070312,76342,QQQ,1m
2026-05-08 15:00:00+00:00,706.6500244140625,706.9375,706.6099853515625,706.8599853515625,92160,QQQ,1m
2026-05-08 15:01:00+00:00,706.8599853515625,706.9600219726562,706.739990234375,706.9349975585938,72222,QQQ,1m
2026-05-08 15:02:00+00:00,706.9400024414062,707.0698852539062,706.6610107421875,706.8701171875,107211,QQQ,1m
2026-05-08 15:03:00+00:00,706.8499755859375,707.0650024414062,706.8400268554688,707.0499877929688,55546,QQQ,1m
2026-05-08 15:04:00+00:00,707.0349731445312,707.1500244140625,706.8400268554688,706.8499755859375,77866,QQQ,1m
2026-05-08 15:05:00+00:00,706.8400268554688,707.0399780273438,706.8400268554688,706.9600219726562,51946,QQQ,1m
2026-05-08 15:06:00+00:00,706.9500732421875,707.27001953125,706.8599853515625,707.0399780273438,93646,QQQ,1m
2026-05-08 15:07:00+00:00,707.0800170898438,707.202392578125,706.9600219726562,707.02001953125,58775,QQQ,1m
2026-05-08 15:08:00+00:00,707.0399780273438,707.0800170898438,706.8704833984375,706.9713134765625,72463,QQQ,1m
2026-05-08 15:09:00+00:00,706.9650268554688,707.02001953125,706.6400146484375,706.6860961914062,75858,QQQ,1m
2026-05-08 15:10:00+00:00,706.6699829101562,706.7857055664062,706.469970703125,706.6199951171875,89466,QQQ,1m
2026-05-08 15:11:00+00:00,706.72998046875,707.0800170898438,706.719970703125,706.9299926757812,55058,QQQ,1m
2026-05-08 15:12:00+00:00,706.9199829101562,706.9199829101562,706.5750122070312,706.739990234375,167636,QQQ,1m
2026-05-08 15:13:00+00:00,706.7249755859375,706.77001953125,706.4000244140625,706.4500122070312,62671,QQQ,1m
2026-05-08 15:14:00+00:00,706.4000244140625,706.6099853515625,706.3300170898438,706.5449829101562,65874,QQQ,1m
2026-05-08 15:15:00+00:00,706.530029296875,706.5899047851562,706.3558959960938,706.4702758789062,207444,QQQ,1m
2026-05-08 15:16:00+00:00,706.5087890625,706.5087890625,706.1699829101562,706.3800048828125,148907,QQQ,1m
2026-05-08 15:17:00+00:00,706.4000244140625,706.4000244140625,706.0999755859375,706.1799926757812,48161,QQQ,1m
2026-05-08 15:18:00+00:00,706.1500244140625,706.260009765625,705.8099975585938,706.02197265625,187313,QQQ,1m
2026-05-08 15:19:00+00:00,706.0499877929688,706.3900146484375,706.0499877929688,706.280029296875,97501,QQQ,1m
2026-05-08 15:20:00+00:00,706.3400268554688,706.6900024414062,706.219970703125,706.625,88395,QQQ,1m
2026-05-08 15:21:00+00:00,706.6400146484375,707.2000122070312,706.6300048828125,707.2000122070312,150681,QQQ,1m
2026-05-08 15:22:00+00:00,707.2100219726562,707.2100219726562,707.0200805664062,707.080078125,46703,QQQ,1m
2026-05-08 15:23:00+00:00,707.0900268554688,707.1599731445312,706.989990234375,707.0,55433,QQQ,1m
2026-05-08 15:24:00+00:00,707.030029296875,707.1400146484375,706.760009765625,706.780029296875,209258,QQQ,1m
2026-05-08 15:25:00+00:00,706.7401123046875,707.0,706.7401123046875,706.905029296875,42165,QQQ,1m
2026-05-08 15:26:00+00:00,706.9100952148438,707.1199951171875,706.72998046875,706.75,70502,QQQ,1m
2026-05-08 15:27:00+00:00,706.7550048828125,707.0650024414062,706.75,706.97998046875,28153,QQQ,1m
2026-05-08 15:28:00+00:00,707.0499877929688,707.0599975585938,706.8900146484375,707.0250244140625,25412,QQQ,1m
2026-05-08 15:29:00+00:00,707.010009765625,707.22998046875,706.9299926757812,707.1901245117188,39427,QQQ,1m
2026-05-08 15:30:00+00:00,707.22998046875,707.2899780273438,706.510009765625,706.7399291992188,71536,QQQ,1m
2026-05-08 15:31:00+00:00,706.6900024414062,707.1599731445312,706.510009765625,707.1099853515625,156648,QQQ,1m
2026-05-08 15:32:00+00:00,707.0897216796875,707.3400268554688,707.0399780273438,707.2100219726562,52646,QQQ,1m
2026-05-08 15:33:00+00:00,707.2100219726562,707.2100219726562,707.02001953125,707.0599975585938,44075,QQQ,1m
2026-05-08 15:34:00+00:00,707.0650024414062,707.2899780273438,707.0349731445312,707.2899780273438,72091,QQQ,1m
2026-05-08 15:35:00+00:00,707.2999877929688,707.5599975585938,707.239990234375,707.4299926757812,105293,QQQ,1m
2026-05-08 15:36:00+00:00,707.4298095703125,708.0,707.3800048828125,707.9600219726562,148017,QQQ,1m
2026-05-08 15:37:00+00:00,707.9400024414062,707.989990234375,707.719970703125,707.760009765625,1768882,QQQ,1m
2026-05-08 15:38:00+00:00,707.7449951171875,707.8800048828125,707.6500244140625,707.6762084960938,39303,QQQ,1m
2026-05-08 15:39:00+00:00,707.6799926757812,707.7999877929688,707.6799926757812,707.71240234375,42766,QQQ,1m
2026-05-08 15:40:00+00:00,707.719970703125,707.8250122070312,707.614990234375,707.8099975585938,61065,QQQ,1m
2026-05-08 15:41:00+00:00,707.77001953125,707.7999877929688,707.5200805664062,707.5399780273438,53039,QQQ,1m
2026-05-08 15:42:00+00:00,707.5399780273438,707.5692749023438,707.1900024414062,707.3099975585938,90971,QQQ,1m
2026-05-08 15:43:00+00:00,707.3300170898438,707.4000244140625,706.8499755859375,707.0900268554688,93590,QQQ,1m
2026-05-08 15:44:00+00:00,707.1099853515625,707.4099731445312,707.0601196289062,707.219970703125,111058,QQQ,1m
2026-05-08 15:45:00+00:00,707.260009765625,707.3900146484375,707.0650024414062,707.3300170898438,63385,QQQ,1m
2026-05-08 15:46:00+00:00,707.3300170898438,707.6510009765625,707.3200073242188,707.5900268554688,44277,QQQ,1m
2026-05-08 15:47:00+00:00,707.5800170898438,708.0299072265625,707.5650024414062,708.02001953125,88352,QQQ,1m
2026-05-08 15:48:00+00:00,708.0050048828125,708.030029296875,707.7949829101562,707.8200073242188,100250,QQQ,1m
2026-05-08 15:49:00+00:00,707.8391723632812,707.8499755859375,707.6799926757812,707.72998046875,61528,QQQ,1m
2026-05-08 15:50:00+00:00,707.719970703125,707.8098754882812,707.6199951171875,707.6599731445312,134224,QQQ,1m
2026-05-08 15:51:00+00:00,707.6199951171875,707.6862182617188,707.4301147460938,707.510009765625,65706,QQQ,1m
2026-05-08 15:52:00+00:00,707.5250244140625,707.72998046875,707.260009765625,707.3300170898438,66780,QQQ,1m
2026-05-08 15:53:00+00:00,707.3200073242188,707.6300048828125,707.3200073242188,707.6077270507812,41677,QQQ,1m
2026-05-08 15:54:00+00:00,707.6099853515625,707.7999877929688,707.6099853515625,707.739990234375,34999,QQQ,1m
2026-05-08 15:55:00+00:00,707.719970703125,707.760009765625,707.3200073242188,707.4400024414062,62431,QQQ,1m
2026-05-08 15:56:00+00:00,707.4299926757812,707.8499755859375,707.4299926757812,707.8099975585938,51916,QQQ,1m
2026-05-08 15:57:00+00:00,707.8099975585938,707.8699951171875,707.6500244140625,707.6500244140625,60465,QQQ,1m
2026-05-08 15:58:00+00:00,707.6849975585938,707.760009765625,707.3300170898438,707.3300170898438,40552,QQQ,1m
2026-05-08 15:59:00+00:00,707.3200073242188,707.4600219726562,707.280029296875,707.4000244140625,39299,QQQ,1m
2026-05-08 16:00:00+00:00,707.4400024414062,707.719970703125,707.405029296875,707.6300048828125,90889,QQQ,1m
2026-05-08 16:01:00+00:00,707.6849975585938,707.8300170898438,707.5999755859375,707.8300170898438,31742,QQQ,1m
2026-05-08 16:02:00+00:00,707.8599243164062,707.8599243164062,707.5587768554688,707.5587768554688,23709,QQQ,1m
2026-05-08 16:03:00+00:00,707.5700073242188,707.6199951171875,707.5,707.530029296875,28320,QQQ,1m
2026-05-08 16:04:00+00:00,707.5399780273438,707.7000122070312,707.4500122070312,707.6036987304688,37564,QQQ,1m
2026-05-08 16:05:00+00:00,707.5700073242188,707.9000244140625,707.5,707.64990234375,35466,QQQ,1m
2026-05-08 16:06:00+00:00,707.6699829101562,707.72998046875,707.47998046875,707.72998046875,28020,QQQ,1m
2026-05-08 16:07:00+00:00,707.739990234375,707.8099975585938,707.5202026367188,707.5399780273438,14919,QQQ,1m
2026-05-08 16:08:00+00:00,707.5399780273438,707.6300048828125,707.4099731445312,707.4600219726562,144262,QQQ,1m
2026-05-08 16:09:00+00:00,707.4400024414062,707.6199951171875,707.4199829101562,707.613525390625,32526,QQQ,1m
2026-05-08 16:10:00+00:00,707.6199951171875,707.8499145507812,707.5700073242188,707.6199951171875,28489,QQQ,1m
2026-05-08 16:11:00+00:00,707.5399780273438,707.739990234375,707.489990234375,707.6950073242188,22613,QQQ,1m
2026-05-08 16:12:00+00:00,707.6950073242188,707.8400268554688,707.6699829101562,707.77001953125,25988,QQQ,1m
2026-05-08 16:13:00+00:00,707.7999877929688,707.919921875,707.7896118164062,707.919921875,47866,QQQ,1m
2026-05-08 16:14:00+00:00,707.9266967773438,708.239990234375,707.8900756835938,708.0599975585938,76136,QQQ,1m
2026-05-08 16:15:00+00:00,708.0599975585938,708.1699829101562,707.97998046875,708.010009765625,227114,QQQ,1m
2026-05-08 16:16:00+00:00,707.9949951171875,708.1099853515625,707.8699951171875,707.969970703125,23209,QQQ,1m
2026-05-08 16:17:00+00:00,707.969970703125,708.0499877929688,707.9099731445312,707.9199829101562,43351,QQQ,1m
2026-05-08 16:18:00+00:00,707.89501953125,708.0399780273438,707.8900146484375,708.0399780273438,43358,QQQ,1m
2026-05-08 16:19:00+00:00,708.030029296875,708.0999755859375,707.8599853515625,707.875,41202,QQQ,1m
2026-05-08 16:20:00+00:00,707.8800048828125,708.0800170898438,707.8699951171875,707.9099731445312,22728,QQQ,1m
2026-05-08 16:21:00+00:00,707.9099731445312,708.1199951171875,707.8699951171875,708.1199951171875,35300,QQQ,1m
2026-05-08 16:22:00+00:00,708.1199951171875,708.1900024414062,708.0850219726562,708.1400146484375,47435,QQQ,1m
2026-05-08 16:23:00+00:00,708.1500244140625,708.219970703125,708.1201171875,708.2100219726562,25394,QQQ,1m
2026-05-08 16:24:00+00:00,708.1900024414062,708.27001953125,708.1699829101562,708.2100219726562,84705,QQQ,1m
2026-05-08 16:25:00+00:00,708.219970703125,708.4199829101562,708.1500244140625,708.2000122070312,88744,QQQ,1m
2026-05-08 16:26:00+00:00,708.20068359375,708.6400146484375,708.1901245117188,708.5700073242188,124913,QQQ,1m
2026-05-08 16:27:00+00:00,708.5800170898438,708.6500244140625,708.489990234375,708.6318969726562,51962,QQQ,1m
2026-05-08 16:28:00+00:00,708.6599731445312,708.6799926757812,708.489990234375,708.5599975585938,49020,QQQ,1m
2026-05-08 16:29:00+00:00,708.5499877929688,708.6599731445312,708.52001953125,708.614990234375,73109,QQQ,1m
2026-05-08 16:30:00+00:00,708.614990234375,708.6599731445312,708.3804931640625,708.4000244140625,77642,QQQ,1m
2026-05-08 16:31:00+00:00,708.4000244140625,708.5800170898438,708.4000244140625,708.5800170898438,44579,QQQ,1m
2026-05-08 16:32:00+00:00,708.5499877929688,708.5900268554688,708.4099731445312,708.5,46547,QQQ,1m
2026-05-08 16:33:00+00:00,708.47998046875,708.6199951171875,708.47998046875,708.6199951171875,125648,QQQ,1m
2026-05-08 16:34:00+00:00,708.6300048828125,708.6500244140625,708.4500122070312,708.469970703125,29973,QQQ,1m
2026-05-08 16:35:00+00:00,708.4550170898438,708.4550170898438,708.010009765625,708.010009765625,99083,QQQ,1m
2026-05-08 16:36:00+00:00,708.0299072265625,708.3900146484375,707.9400024414062,708.3900146484375,70862,QQQ,1m
2026-05-08 16:37:00+00:00,708.4000244140625,708.5,708.380126953125,708.4450073242188,36575,QQQ,1m
2026-05-08 16:38:00+00:00,708.4299926757812,708.4600219726562,708.2301025390625,708.2999267578125,45372,QQQ,1m
2026-05-08 16:39:00+00:00,708.27001953125,708.489990234375,708.22998046875,708.469970703125,25885,QQQ,1m
2026-05-08 16:40:00+00:00,708.469970703125,708.489990234375,708.219970703125,708.239990234375,752004,QQQ,1m
2026-05-08 16:41:00+00:00,708.2000122070312,708.2100219726562,707.760009765625,707.8400268554688,56373,QQQ,1m
2026-05-08 16:42:00+00:00,707.8400268554688,707.9600219726562,707.760009765625,707.7899780273438,48784,QQQ,1m
2026-05-08 16:43:00+00:00,707.7999877929688,707.8599243164062,707.5499877929688,707.5499877929688,155899,QQQ,1m
2026-05-08 16:44:00+00:00,707.510009765625,707.6298828125,707.510009765625,707.530029296875,57048,QQQ,1m
2026-05-08 16:45:00+00:00,707.5399780273438,707.9299926757812,707.530029296875,707.9199829101562,38451,QQQ,1m
2026-05-08 16:46:00+00:00,707.9000244140625,707.9400024414062,707.7899780273438,707.8400268554688,47692,QQQ,1m
2026-05-08 16:47:00+00:00,707.8400268554688,707.9199829101562,707.6599731445312,707.6900024414062,37672,QQQ,1m
2026-05-08 16:48:00+00:00,707.6699829101562,708.3300170898438,707.6599731445312,708.1400756835938,93081,QQQ,1m
2026-05-08 16:49:00+00:00,708.1300048828125,708.5599975585938,708.0,708.5599975585938,45944,QQQ,1m
2026-05-08 16:50:00+00:00,708.5700073242188,708.5700073242188,708.260009765625,708.2999877929688,177138,QQQ,1m
2026-05-08 16:51:00+00:00,708.2999877929688,708.5499877929688,708.1699829101562,708.47998046875,39497,QQQ,1m
2026-05-08 16:52:00+00:00,708.469970703125,708.5800170898438,708.4600219726562,708.5499267578125,69359,QQQ,1m
2026-05-08 16:53:00+00:00,708.5499877929688,708.72998046875,708.5401000976562,708.643310546875,150168,QQQ,1m
2026-05-08 16:54:00+00:00,708.6599731445312,708.7849731445312,708.3900146484375,708.5098876953125,66892,QQQ,1m
2026-05-08 16:55:00+00:00,708.530029296875,708.6500244140625,708.469970703125,708.635009765625,54927,QQQ,1m
2026-05-08 16:56:00+00:00,708.6300048828125,708.719970703125,708.52001953125,708.677490234375,62165,QQQ,1m
2026-05-08 16:57:00+00:00,708.6699829101562,708.780029296875,708.5800170898438,708.6400146484375,56687,QQQ,1m
2026-05-08 16:58:00+00:00,708.6199951171875,708.75,708.5599975585938,708.6500244140625,22178,QQQ,1m
2026-05-08 16:59:00+00:00,708.6500244140625,708.77001953125,708.5999755859375,708.6199951171875,49739,QQQ,1m
2026-05-08 17:00:00+00:00,708.6400146484375,708.8300170898438,708.489990234375,708.760009765625,73942,QQQ,1m
2026-05-08 17:01:00+00:00,708.77001953125,709.219970703125,708.760009765625,709.219970703125,100920,QQQ,1m
2026-05-08 17:02:00+00:00,709.2100219726562,709.6799926757812,709.2100219726562,709.6199951171875,76918,QQQ,1m
2026-05-08 17:03:00+00:00,709.6099853515625,709.6599731445312,709.4500122070312,709.5999755859375,62530,QQQ,1m
2026-05-08 17:04:00+00:00,709.5700073242188,709.8099975585938,709.489990234375,709.739990234375,106673,QQQ,1m
2026-05-08 17:05:00+00:00,709.760009765625,709.9500122070312,709.6699829101562,709.8250122070312,84775,QQQ,1m
2026-05-08 17:06:00+00:00,709.7999877929688,709.8099975585938,709.47998046875,709.6400146484375,64337,QQQ,1m
2026-05-08 17:07:00+00:00,709.6199951171875,709.6199951171875,709.4749755859375,709.4849853515625,20972,QQQ,1m
2026-05-08 17:08:00+00:00,709.469970703125,709.510009765625,709.1900024414062,709.3499145507812,52647,QQQ,1m
2026-05-08 17:09:00+00:00,709.2756958007812,709.9400024414062,709.2756958007812,709.89501953125,55385,QQQ,1m
2026-05-08 17:10:00+00:00,709.9000244140625,709.9600219726562,709.719970703125,709.72998046875,46453,QQQ,1m
2026-05-08 17:11:00+00:00,709.760009765625,709.77001953125,709.6199951171875,709.6729736328125,36659,QQQ,1m
2026-05-08 17:12:00+00:00,709.7100830078125,709.77001953125,709.5900268554688,709.6199951171875,62360,QQQ,1m
2026-05-08 17:13:00+00:00,709.6199951171875,709.719970703125,709.5800170898438,709.6611938476562,35454,QQQ,1m
2026-05-08 17:14:00+00:00,709.6900024414062,709.739990234375,709.5599975585938,709.6500854492188,113338,QQQ,1m
2026-05-08 17:15:00+00:00,709.6699829101562,709.7899780273438,709.64501953125,709.655029296875,51331,QQQ,1m
2026-05-08 17:16:00+00:00,709.655029296875,709.8599853515625,709.655029296875,709.8099975585938,39865,QQQ,1m
2026-05-08 17:17:00+00:00,709.7999877929688,709.8900146484375,709.6500244140625,709.6768188476562,46689,QQQ,1m
2026-05-08 17:18:00+00:00,709.6649780273438,709.905029296875,709.6300048828125,709.8900146484375,49874,QQQ,1m
2026-05-08 17:19:00+00:00,709.9199829101562,709.969970703125,709.75,709.8200073242188,39948,QQQ,1m
2026-05-08 17:20:00+00:00,709.8200073242188,709.8399047851562,709.6928100585938,709.6928100585938,70799,QQQ,1m
2026-05-08 17:21:00+00:00,709.7000122070312,710.0650024414062,709.7000122070312,710.02001953125,84566,QQQ,1m
2026-05-08 17:22:00+00:00,710.0399780273438,710.219970703125,710.010009765625,710.0700073242188,102393,QQQ,1m
2026-05-08 17:23:00+00:00,710.0698852539062,710.1900024414062,710.0501098632812,710.1701049804688,181882,QQQ,1m
2026-05-08 17:24:00+00:00,710.1799926757812,710.326171875,710.1599731445312,710.1920166015625,86666,QQQ,1m
2026-05-08 17:25:00+00:00,710.2000122070312,710.4500122070312,710.1900024414062,710.4199829101562,68480,QQQ,1m
2026-05-08 17:26:00+00:00,710.4099731445312,710.4600219726562,709.989990234375,710.0399780273438,100129,QQQ,1m
2026-05-08 17:27:00+00:00,710.030029296875,710.239990234375,709.9849853515625,710.0900268554688,122397,QQQ,1m
2026-05-08 17:28:00+00:00,710.1199951171875,710.3400268554688,710.0701293945312,710.2750244140625,58589,QQQ,1m
2026-05-08 17:29:00+00:00,710.27001953125,710.3590087890625,710.2000122070312,710.2000122070312,49959,QQQ,1m
2026-05-08 17:30:00+00:00,710.2100219726562,710.3599853515625,710.1699829101562,710.3049926757812,42295,QQQ,1m
2026-05-08 17:31:00+00:00,710.2999877929688,710.3499755859375,710.239990234375,710.239990234375,16786,QQQ,1m
2026-05-08 17:32:00+00:00,710.260009765625,710.260009765625,710.010009765625,710.0399780273438,36065,QQQ,1m
2026-05-08 17:33:00+00:00,710.0189819335938,710.1099853515625,709.9401245117188,709.969970703125,39860,QQQ,1m
2026-05-08 17:34:00+00:00,709.989990234375,710.27001953125,709.989990234375,710.22998046875,24482,QQQ,1m
2026-05-08 17:35:00+00:00,710.22998046875,710.3699951171875,710.2000122070312,710.3400268554688,28995,QQQ,1m
2026-05-08 17:36:00+00:00,710.3599853515625,710.4998779296875,710.2100219726562,710.25,60624,QQQ,1m
2026-05-08 17:37:00+00:00,710.280029296875,710.344970703125,710.1599731445312,710.2150268554688,54750,QQQ,1m
2026-05-08 17:38:00+00:00,710.260009765625,710.3200073242188,710.0701293945312,710.1599731445312,34627,QQQ,1m
2026-05-08 17:39:00+00:00,710.1599731445312,710.1599731445312,709.9000244140625,709.9400024414062,47437,QQQ,1m
2026-05-08 17:40:00+00:00,709.9100952148438,710.0399780273438,709.8200073242188,709.9299926757812,48442,QQQ,1m
2026-05-08 17:41:00+00:00,709.9199829101562,709.9400024414062,709.6799926757812,709.780029296875,41378,QQQ,1m
2026-05-08 17:42:00+00:00,709.77001953125,709.969970703125,709.760009765625,709.8599853515625,120660,QQQ,1m
2026-05-08 17:43:00+00:00,709.8499755859375,709.8800048828125,709.5499877929688,709.5501098632812,93825,QQQ,1m
2026-05-08 17:44:00+00:00,709.5599975585938,709.6900024414062,709.47998046875,709.5700073242188,65592,QQQ,1m
2026-05-08 17:45:00+00:00,709.5399780273438,709.7899780273438,709.5399780273438,709.7550048828125,53708,QQQ,1m
2026-05-08 17:46:00+00:00,709.739990234375,710.02001953125,709.72998046875,709.9400024414062,37826,QQQ,1m
2026-05-08 17:47:00+00:00,709.9099731445312,709.9099731445312,709.3599853515625,709.3699951171875,84564,QQQ,1m
2026-05-08 17:48:00+00:00,709.3699951171875,709.5999145507812,709.2999877929688,709.5701293945312,58792,QQQ,1m
2026-05-08 17:49:00+00:00,709.5999755859375,709.6199951171875,709.4199829101562,709.4598999023438,95676,QQQ,1m
2026-05-08 17:50:00+00:00,709.3599853515625,709.4199829101562,709.1871948242188,709.3200073242188,54218,QQQ,1m
2026-05-08 17:51:00+00:00,709.3099975585938,709.3298950195312,709.0499877929688,709.0700073242188,196252,QQQ,1m
2026-05-08 17:52:00+00:00,709.0499877929688,709.27001953125,708.97998046875,709.1699829101562,265596,QQQ,1m
2026-05-08 17:53:00+00:00,709.2000122070312,709.3900146484375,709.1799926757812,709.3800048828125,27393,QQQ,1m
2026-05-08 17:54:00+00:00,709.4000244140625,709.530029296875,709.364990234375,709.510009765625,47945,QQQ,1m
2026-05-08 17:55:00+00:00,709.510009765625,709.639892578125,709.5,709.5499877929688,253322,QQQ,1m
2026-05-08 17:56:00+00:00,709.5549926757812,709.7362060546875,709.5501098632812,709.7362060546875,237470,QQQ,1m
2026-05-08 17:57:00+00:00,709.72998046875,709.77001953125,709.4909057617188,709.510009765625,35661,QQQ,1m
2026-05-08 17:58:00+00:00,709.510009765625,709.5150146484375,709.3699951171875,709.3800048828125,23602,QQQ,1m
2026-05-08 17:59:00+00:00,709.380126953125,709.380126953125,709.1599731445312,709.1950073242188,29570,QQQ,1m
2026-05-08 18:00:00+00:00,709.1998901367188,710.1500244140625,709.1201171875,709.5549926757812,296102,QQQ,1m
2026-05-08 18:01:00+00:00,709.625,709.9199829101562,709.6199951171875,709.7977294921875,47832,QQQ,1m
2026-05-08 18:02:00+00:00,709.780029296875,709.9400024414062,709.6110229492188,709.75,58125,QQQ,1m
2026-05-08 18:03:00+00:00,709.75,709.8099975585938,709.5455932617188,709.5455932617188,21683,QQQ,1m
2026-05-08 18:04:00+00:00,709.5399780273438,709.739990234375,709.5200805664062,709.6500244140625,35004,QQQ,1m
2026-05-08 18:05:00+00:00,709.6400146484375,709.7750244140625,709.6209716796875,709.75,18828,QQQ,1m
2026-05-08 18:06:00+00:00,709.760009765625,709.9500122070312,709.7598876953125,709.8800048828125,95031,QQQ,1m
2026-05-08 18:07:00+00:00,709.8699951171875,709.8800048828125,709.6201171875,709.639892578125,19721,QQQ,1m
2026-05-08 18:08:00+00:00,709.6500244140625,709.739990234375,709.6199951171875,709.6199951171875,18478,QQQ,1m
2026-05-08 18:09:00+00:00,709.6099853515625,709.6099853515625,709.3599853515625,709.4400024414062,36906,QQQ,1m
2026-05-08 18:10:00+00:00,709.4600219726562,709.510009765625,709.22998046875,709.3400268554688,59274,QQQ,1m
2026-05-08 18:11:00+00:00,709.3400268554688,709.4600219726562,709.3200073242188,709.3505859375,15363,QQQ,1m
2026-05-08 18:12:00+00:00,709.3200073242188,709.719970703125,709.2999877929688,709.6810302734375,57439,QQQ,1m
2026-05-08 18:13:00+00:00,709.7100219726562,709.8699951171875,709.6439819335938,709.7498779296875,47188,QQQ,1m
2026-05-08 18:14:00+00:00,709.72998046875,709.8200073242188,709.7249755859375,709.8099975585938,34590,QQQ,1m
2026-05-08 18:15:00+00:00,709.8300170898438,709.9498901367188,709.4400024414062,709.5001220703125,56677,QQQ,1m
2026-05-08 18:16:00+00:00,709.5,709.5499877929688,709.4401245117188,709.5181274414062,36299,QQQ,1m
2026-05-08 18:17:00+00:00,709.5050048828125,709.6199951171875,709.5050048828125,709.5499877929688,34512,QQQ,1m
2026-05-08 18:18:00+00:00,709.5700073242188,709.5899047851562,709.4400024414062,709.47998046875,16594,QQQ,1m
2026-05-08 18:19:00+00:00,709.4949951171875,709.5599975585938,709.3699951171875,709.3900146484375,28827,QQQ,1m
2026-05-08 18:20:00+00:00,709.3800048828125,709.739990234375,709.3599853515625,709.72998046875,77127,QQQ,1m
2026-05-08 18:21:00+00:00,709.7100219726562,709.75,709.6099853515625,709.6099853515625,25197,QQQ,1m
2026-05-08 18:22:00+00:00,709.5800170898438,709.6900024414062,709.5700073242188,709.6600952148438,229604,QQQ,1m
2026-05-08 18:23:00+00:00,709.6500244140625,709.7000122070312,709.5999755859375,709.7000122070312,14334,QQQ,1m
2026-05-08 18:24:00+00:00,709.7100219726562,709.7899780273438,709.7000732421875,709.7899780273438,12940,QQQ,1m
2026-05-08 18:25:00+00:00,709.7899780273438,709.8367919921875,709.6900024414062,709.6900024414062,16355,QQQ,1m
2026-05-08 18:26:00+00:00,709.739990234375,709.8200073242188,709.6900024414062,709.7050170898438,101734,QQQ,1m
2026-05-08 18:27:00+00:00,709.739990234375,709.8400268554688,709.705322265625,709.77001953125,24329,QQQ,1m
2026-05-08 18:28:00+00:00,709.8099975585938,709.8200073242188,709.6641845703125,709.6799926757812,23470,QQQ,1m
2026-05-08 18:29:00+00:00,709.6599731445312,709.8574829101562,709.6500244140625,709.7476196289062,23093,QQQ,1m
2026-05-08 18:30:00+00:00,709.72998046875,709.8800048828125,709.7100219726562,709.780029296875,25342,QQQ,1m
2026-05-08 18:31:00+00:00,709.7999877929688,709.8198852539062,709.6801147460938,709.739990234375,48033,QQQ,1m
2026-05-08 18:32:00+00:00,709.7100219726562,709.7899169921875,709.6849975585938,709.7449951171875,12615,QQQ,1m
2026-05-08 18:33:00+00:00,709.72998046875,709.8699951171875,709.630126953125,709.7000122070312,32522,QQQ,1m
2026-05-08 18:34:00+00:00,709.7100219726562,709.72998046875,709.6500244140625,709.72998046875,18021,QQQ,1m
2026-05-08 18:35:00+00:00,709.72998046875,709.8099975585938,709.719970703125,709.77001953125,28192,QQQ,1m
2026-05-08 18:36:00+00:00,709.7799072265625,709.7899780273438,709.5999755859375,709.6300048828125,522763,QQQ,1m
2026-05-08 18:37:00+00:00,709.6500244140625,709.6599731445312,709.5999755859375,709.5999755859375,280078,QQQ,1m
2026-05-08 18:38:00+00:00,709.5999755859375,709.6900024414062,709.5700073242188,709.6300048828125,23558,QQQ,1m
2026-05-08 18:39:00+00:00,709.6300048828125,709.630126953125,709.5,709.5399780273438,27776,QQQ,1m
2026-05-08 18:40:00+00:00,709.530029296875,709.5599975585938,709.3099975585938,709.4749755859375,34312,QQQ,1m
2026-05-08 18:41:00+00:00,709.469970703125,709.6199951171875,709.3599853515625,709.3599853515625,52601,QQQ,1m
2026-05-08 18:42:00+00:00,709.4000244140625,709.7598266601562,709.4000244140625,709.7100219726562,55232,QQQ,1m
2026-05-08 18:43:00+00:00,709.6923828125,709.7899780273438,709.6599731445312,709.7000122070312,43587,QQQ,1m
2026-05-08 18:44:00+00:00,709.719970703125,709.739990234375,709.4299926757812,709.4299926757812,110573,QQQ,1m
2026-05-08 18:45:00+00:00,709.4249877929688,709.4249877929688,709.22998046875,709.2999877929688,62842,QQQ,1m
2026-05-08 18:46:00+00:00,709.3200073242188,709.4249877929688,709.25,709.4000244140625,139556,QQQ,1m
2026-05-08 18:47:00+00:00,709.4000244140625,709.4299926757812,709.2203979492188,709.2949829101562,18060,QQQ,1m
2026-05-08 18:48:00+00:00,709.3049926757812,709.3173828125,709.0999755859375,709.27001953125,48694,QQQ,1m
2026-05-08 18:49:00+00:00,709.280029296875,709.280029296875,709.2100219726562,709.2750244140625,28970,QQQ,1m
2026-05-08 18:50:00+00:00,709.2999877929688,709.3800048828125,709.2000122070312,709.219970703125,34770,QQQ,1m
2026-05-08 18:51:00+00:00,709.239990234375,709.5599975585938,709.1699829101562,709.4199829101562,42368,QQQ,1m
2026-05-08 18:52:00+00:00,709.4299926757812,709.510009765625,709.3300170898438,709.4600219726562,39659,QQQ,1m
2026-05-08 18:53:00+00:00,709.4600219726562,709.5299072265625,709.4199829101562,709.4749755859375,36513,QQQ,1m
2026-05-08 18:54:00+00:00,709.4600219726562,709.6099853515625,709.010009765625,709.1599731445312,75673,QQQ,1m
2026-05-08 18:55:00+00:00,709.2000122070312,709.219970703125,708.5499877929688,708.639892578125,155711,QQQ,1m
2026-05-08 18:56:00+00:00,708.6199951171875,709.0599975585938,708.6199951171875,709.0399780273438,92617,QQQ,1m
2026-05-08 18:57:00+00:00,709.010009765625,709.1699829101562,708.9199829101562,709.1099853515625,48296,QQQ,1m
2026-05-08 18:58:00+00:00,709.1400146484375,709.2000122070312,709.0599975585938,709.0599975585938,36080,QQQ,1m
2026-05-08 18:59:00+00:00,709.0599975585938,709.0700073242188,708.5460205078125,708.5900268554688,110385,QQQ,1m
2026-05-08 19:00:00+00:00,708.5850219726562,709.010009765625,708.5499877929688,708.989990234375,103768,QQQ,1m
2026-05-08 19:01:00+00:00,708.97998046875,709.1300048828125,708.8900146484375,709.0999755859375,34524,QQQ,1m
2026-05-08 19:02:00+00:00,709.0750122070312,709.1998901367188,709.0,709.1724853515625,74333,QQQ,1m
2026-05-08 19:03:00+00:00,709.1799926757812,709.3098754882812,709.0499877929688,709.0999755859375,43332,QQQ,1m
2026-05-08 19:04:00+00:00,709.094970703125,709.22998046875,709.0499877929688,709.2050170898438,87336,QQQ,1m
2026-05-08 19:05:00+00:00,709.219970703125,709.3399047851562,709.0999755859375,709.1900024414062,50005,QQQ,1m
2026-05-08 19:06:00+00:00,709.1749877929688,709.8599853515625,709.1749877929688,709.8400268554688,118077,QQQ,1m
2026-05-08 19:07:00+00:00,709.8200073242188,709.8200073242188,709.6599731445312,709.7899780273438,133389,QQQ,1m
2026-05-08 19:08:00+00:00,709.780029296875,710.0999755859375,709.780029296875,710.0150146484375,113935,QQQ,1m
2026-05-08 19:09:00+00:00,710.010009765625,710.0399780273438,709.9099731445312,709.9400024414062,64988,QQQ,1m
2026-05-08 19:10:00+00:00,709.9349975585938,709.969970703125,709.8400268554688,709.969970703125,28655,QQQ,1m
2026-05-08 19:11:00+00:00,709.97998046875,710.0650024414062,709.9299926757812,709.9500122070312,61704,QQQ,1m
2026-05-08 19:12:00+00:00,709.989990234375,710.0499877929688,709.9600219726562,710.02001953125,72935,QQQ,1m
2026-05-08 19:13:00+00:00,710.02001953125,710.1423950195312,709.9000244140625,709.9199829101562,51838,QQQ,1m
2026-05-08 19:14:00+00:00,709.9400024414062,710.018798828125,709.844970703125,709.9100952148438,75968,QQQ,1m
2026-05-08 19:15:00+00:00,709.9099731445312,710.1199951171875,709.8599853515625,710.1004028320312,38443,QQQ,1m
2026-05-08 19:16:00+00:00,710.0999755859375,710.1799926757812,710.0800170898438,710.14990234375,56235,QQQ,1m
2026-05-08 19:17:00+00:00,710.14501953125,710.1900024414062,710.0599975585938,710.1032104492188,45209,QQQ,1m
2026-05-08 19:18:00+00:00,710.10498046875,710.1500244140625,710.0501098632812,710.1099243164062,20930,QQQ,1m
2026-05-08 19:19:00+00:00,710.1300048828125,710.1900024414062,710.0599975585938,710.1099853515625,53355,QQQ,1m
2026-05-08 19:20:00+00:00,710.125,710.1699829101562,709.9299926757812,709.9500122070312,44721,QQQ,1m
2026-05-08 19:21:00+00:00,709.9400024414062,709.9600219726562,709.7418212890625,709.85009765625,50239,QQQ,1m
2026-05-08 19:22:00+00:00,709.8800048828125,709.9498901367188,709.8200073242188,709.8400268554688,34240,QQQ,1m
2026-05-08 19:23:00+00:00,709.8300170898438,710.1900024414062,709.8200073242188,709.90771484375,200563,QQQ,1m
2026-05-08 19:24:00+00:00,709.9099731445312,709.9099731445312,709.6220092773438,709.72998046875,45263,QQQ,1m
2026-05-08 19:25:00+00:00,709.7100219726562,709.7999877929688,709.6099853515625,709.7799072265625,56513,QQQ,1m
2026-05-08 19:26:00+00:00,709.7899780273438,709.8599243164062,709.6799926757812,709.739990234375,31355,QQQ,1m
2026-05-08 19:27:00+00:00,709.7000122070312,709.719970703125,709.5667114257812,709.6799926757812,77095,QQQ,1m
2026-05-08 19:28:00+00:00,709.6500244140625,709.6500244140625,709.27001953125,709.3499145507812,50486,QQQ,1m
2026-05-08 19:29:00+00:00,709.3400268554688,709.3599853515625,709.1099853515625,709.125,100814,QQQ,1m
2026-05-08 19:30:00+00:00,709.1400146484375,709.4400024414062,708.989990234375,709.4400024414062,74366,QQQ,1m
2026-05-08 19:31:00+00:00,709.4400024414062,709.6500244140625,709.39501953125,709.4099731445312,65712,QQQ,1m
2026-05-08 19:32:00+00:00,709.4099731445312,709.5,709.3101196289062,709.4099731445312,60146,QQQ,1m
2026-05-08 19:33:00+00:00,709.4299926757812,709.5150146484375,709.3399047851562,709.3599853515625,42133,QQQ,1m
2026-05-08 19:34:00+00:00,709.3599853515625,709.5800170898438,709.2999877929688,709.52001953125,47131,QQQ,1m
2026-05-08 19:35:00+00:00,709.52001953125,709.6300048828125,709.4000244140625,709.4450073242188,171386,QQQ,1m
2026-05-08 19:36:00+00:00,709.4400024414062,709.5999755859375,709.3300170898438,709.5999755859375,53110,QQQ,1m
2026-05-08 19:37:00+00:00,709.619873046875,709.780029296875,709.619873046875,709.6799926757812,145568,QQQ,1m
2026-05-08 19:38:00+00:00,709.6900024414062,709.869873046875,709.6900024414062,709.8599853515625,59198,QQQ,1m
2026-05-08 19:39:00+00:00,709.8400268554688,709.8931884765625,709.7498779296875,709.840087890625,63984,QQQ,1m
2026-05-08 19:40:00+00:00,709.8300170898438,710.0700073242188,709.8300170898438,709.9249877929688,118733,QQQ,1m
2026-05-08 19:41:00+00:00,709.9299926757812,710.0800170898438,709.8800048828125,709.9000244140625,90033,QQQ,1m
2026-05-08 19:42:00+00:00,709.9099731445312,709.989990234375,709.8400268554688,709.989990234375,76271,QQQ,1m
2026-05-08 19:43:00+00:00,709.9949951171875,710.0900268554688,709.9902954101562,710.0599975585938,61791,QQQ,1m
2026-05-08 19:44:00+00:00,710.0399780273438,710.1900024414062,710.0399780273438,710.1300048828125,73303,QQQ,1m
2026-05-08 19:45:00+00:00,710.1099853515625,710.239990234375,710.0499877929688,710.1109008789062,119458,QQQ,1m
2026-05-08 19:46:00+00:00,710.135009765625,710.219970703125,710.010009765625,710.2000122070312,106207,QQQ,1m
2026-05-08 19:47:00+00:00,710.2150268554688,710.25,710.1400146484375,710.219970703125,84899,QQQ,1m
2026-05-08 19:48:00+00:00,710.219970703125,710.280029296875,710.1699829101562,710.2598876953125,68448,QQQ,1m
2026-05-08 19:49:00+00:00,710.2650146484375,710.4400024414062,710.219970703125,710.2349853515625,101064,QQQ,1m
2026-05-08 19:50:00+00:00,710.219970703125,710.6199951171875,710.0999755859375,710.2949829101562,340607,QQQ,1m
2026-05-08 19:51:00+00:00,710.3099975585938,710.3300170898438,710.0900268554688,710.22998046875,315016,QQQ,1m
2026-05-08 19:52:00+00:00,710.2100219726562,710.4099731445312,710.0999755859375,710.3300170898438,130668,QQQ,1m
2026-05-08 19:53:00+00:00,710.3300170898438,710.489990234375,710.2000122070312,710.3150024414062,159175,QQQ,1m
2026-05-08 19:54:00+00:00,710.3099975585938,710.8800048828125,710.2849731445312,710.8099975585938,298490,QQQ,1m
2026-05-08 19:55:00+00:00,710.7999877929688,710.9199829101562,710.5150146484375,710.5449829101562,612093,QQQ,1m
2026-05-08 19:56:00+00:00,710.5499877929688,710.8400268554688,710.5499877929688,710.8300170898438,261383,QQQ,1m
2026-05-08 19:57:00+00:00,710.8400268554688,710.9199829101562,710.719970703125,710.875,965919,QQQ,1m
2026-05-08 19:58:00+00:00,710.8800048828125,711.0399780273438,710.8599853515625,710.9500122070312,1111509,QQQ,1m
2026-05-08 19:59:00+00:00,710.9400024414062,711.1300048828125,710.8150024414062,711.1099853515625,1547788,QQQ,1m
2026-05-11 13:30:00+00:00,710.3599853515625,711.3099975585938,709.7999877929688,711.239990234375,1907304,QQQ,1m
2026-05-11 13:31:00+00:00,711.260009765625,712.2999877929688,711.25,712.1900024414062,216691,QQQ,1m
2026-05-11 13:32:00+00:00,712.2000122070312,713.27001953125,712.1900024414062,713.1799926757812,229174,QQQ,1m
2026-05-11 13:33:00+00:00,713.219970703125,713.3900146484375,712.7800903320312,713.3800048828125,231732,QQQ,1m
2026-05-11 13:34:00+00:00,713.4299926757812,713.5,713.0599975585938,713.2899780273438,148192,QQQ,1m
2026-05-11 13:35:00+00:00,713.27001953125,713.280029296875,711.969970703125,712.0,285393,QQQ,1m
2026-05-11 13:36:00+00:00,711.9650268554688,712.1300048828125,711.1799926757812,711.489990234375,297284,QQQ,1m
2026-05-11 13:37:00+00:00,711.47998046875,712.1300048828125,711.260009765625,711.4000244140625,215225,QQQ,1m
2026-05-11 13:38:00+00:00,711.3900146484375,711.9099731445312,711.0,711.8399047851562,182261,QQQ,1m
2026-05-11 13:39:00+00:00,711.7999877929688,712.0399780273438,711.77001953125,711.9700927734375,122714,QQQ,1m
2026-05-11 13:40:00+00:00,711.97998046875,712.2550048828125,711.52001953125,711.9299926757812,192715,QQQ,1m
2026-05-11 13:41:00+00:00,712.0300903320312,712.0300903320312,711.489990234375,711.6199951171875,149366,QQQ,1m
2026-05-11 13:42:00+00:00,711.6649780273438,712.0128784179688,711.5800170898438,711.719970703125,97259,QQQ,1m
2026-05-11 13:43:00+00:00,711.760009765625,712.3798828125,711.6300048828125,712.2899780273438,266764,QQQ,1m
2026-05-11 13:44:00+00:00,712.2999877929688,712.719482421875,712.1400146484375,712.6300048828125,115069,QQQ,1m
2026-05-11 13:45:00+00:00,712.6400146484375,712.9199829101562,712.4000244140625,712.6400146484375,128249,QQQ,1m
2026-05-11 13:46:00+00:00,712.6599731445312,712.8499755859375,712.4500122070312,712.4600219726562,87365,QQQ,1m
2026-05-11 13:47:00+00:00,712.4400024414062,712.7999877929688,712.22998046875,712.7922973632812,282291,QQQ,1m
2026-05-11 13:48:00+00:00,712.7650146484375,712.9500122070312,712.4600219726562,712.9500122070312,128473,QQQ,1m
2026-05-11 13:49:00+00:00,712.9301147460938,712.9301147460938,711.72998046875,711.77001953125,190100,QQQ,1m
2026-05-11 13:50:00+00:00,711.8099975585938,712.2100219726562,711.5499877929688,711.5599975585938,129910,QQQ,1m
2026-05-11 13:51:00+00:00,711.5700073242188,711.760009765625,711.27001953125,711.4199829101562,129438,QQQ,1m
2026-05-11 13:52:00+00:00,711.3699951171875,711.8623046875,711.3499755859375,711.6099853515625,105724,QQQ,1m
2026-05-11 13:53:00+00:00,711.5900268554688,711.739990234375,711.02001953125,711.094970703125,111402,QQQ,1m
2026-05-11 13:54:00+00:00,711.094970703125,711.1400146484375,710.72998046875,710.9299926757812,139883,QQQ,1m
2026-05-11 13:55:00+00:00,710.9299926757812,710.9849853515625,710.6099853515625,710.830078125,137919,QQQ,1m
2026-05-11 13:56:00+00:00,710.8400268554688,711.1300048828125,710.489990234375,710.6500244140625,151159,QQQ,1m
2026-05-11 13:57:00+00:00,710.7000122070312,710.9500122070312,710.5800170898438,710.8200073242188,113810,QQQ,1m
2026-05-11 13:58:00+00:00,710.8300170898438,711.219970703125,710.75,710.9149780273438,161418,QQQ,1m
2026-05-11 13:59:00+00:00,710.9002075195312,710.9002075195312,710.219970703125,710.47998046875,189298,QQQ,1m
2026-05-11 14:00:00+00:00,710.4400024414062,711.1998901367188,710.4400024414062,710.72998046875,111599,QQQ,1m
2026-05-11 14:01:00+00:00,710.760009765625,711.6599731445312,710.760009765625,711.6298828125,224509,QQQ,1m
2026-05-11 14:02:00+00:00,711.6300048828125,711.6900024414062,711.0999755859375,711.27001953125,177849,QQQ,1m
2026-05-11 14:03:00+00:00,711.2550048828125,711.7000122070312,711.2000122070312,711.530029296875,98121,QQQ,1m
2026-05-11 14:04:00+00:00,711.5700073242188,711.739990234375,711.280029296875,711.3300170898438,115513,QQQ,1m
2026-05-11 14:05:00+00:00,711.3099975585938,711.9199829101562,711.3099975585938,711.9000244140625,115480,QQQ,1m
2026-05-11 14:06:00+00:00,711.9000244140625,712.010009765625,711.760009765625,711.9400024414062,83597,QQQ,1m
2026-05-11 14:07:00+00:00,711.9299926757812,712.3400268554688,711.9299926757812,712.2100219726562,113155,QQQ,1m
2026-05-11 14:08:00+00:00,712.2249755859375,712.25,711.9299926757812,711.969970703125,71723,QQQ,1m
2026-05-11 14:09:00+00:00,712.0,712.0798950195312,711.8101196289062,711.989990234375,49756,QQQ,1m
2026-05-11 14:10:00+00:00,711.998291015625,712.2650146484375,711.75,712.2449951171875,73572,QQQ,1m
2026-05-11 14:11:00+00:00,712.2628173828125,712.2628173828125,711.4500122070312,711.9450073242188,103991,QQQ,1m
2026-05-11 14:12:00+00:00,711.9550170898438,712.25,711.9299926757812,712.25,97548,QQQ,1m
2026-05-11 14:13:00+00:00,712.25,712.6649780273438,712.1300048828125,712.5800170898438,96390,QQQ,1m
2026-05-11 14:14:00+00:00,712.5900268554688,712.7100219726562,712.4600219726562,712.6005859375,58575,QQQ,1m
2026-05-11 14:15:00+00:00,712.60498046875,712.659912109375,712.219970703125,712.5999755859375,62774,QQQ,1m
2026-05-11 14:16:00+00:00,712.5900268554688,712.8986206054688,712.5499877929688,712.8986206054688,51096,QQQ,1m
2026-05-11 14:17:00+00:00,712.9299926757812,713.0399780273438,712.5700073242188,712.7150268554688,65619,QQQ,1m
2026-05-11 14:18:00+00:00,712.72998046875,712.8699951171875,712.5599975585938,712.823974609375,69012,QQQ,1m
2026-05-11 14:19:00+00:00,712.8250122070312,712.9299926757812,712.6900024414062,712.7999877929688,55245,QQQ,1m
2026-05-11 14:20:00+00:00,712.7899780273438,712.802490234375,712.489990234375,712.5700073242188,78747,QQQ,1m
2026-05-11 14:21:00+00:00,712.64501953125,712.8400268554688,712.489990234375,712.8300170898438,148522,QQQ,1m
2026-05-11 14:22:00+00:00,712.7750244140625,712.780029296875,712.4949951171875,712.7150268554688,40673,QQQ,1m
2026-05-11 14:23:00+00:00,712.7338256835938,712.7899780273438,712.5750122070312,712.635009765625,43164,QQQ,1m
2026-05-11 14:24:00+00:00,712.5900268554688,712.780029296875,712.22998046875,712.2999877929688,47935,QQQ,1m
2026-05-11 14:25:00+00:00,712.3298950195312,712.4699096679688,711.989990234375,711.9912109375,202810,QQQ,1m
2026-05-11 14:26:00+00:00,711.9949951171875,712.0750122070312,711.4600219726562,711.4998779296875,111522,QQQ,1m
2026-05-11 14:27:00+00:00,711.4099731445312,711.4400024414062,710.7000122070312,710.7720947265625,66848,QQQ,1m
2026-05-11 14:28:00+00:00,710.77001953125,710.8699951171875,710.2600708007812,710.2901000976562,105778,QQQ,1m
2026-05-11 14:29:00+00:00,710.2899780273438,710.510009765625,709.6099853515625,709.8300170898438,153352,QQQ,1m
2026-05-11 14:30:00+00:00,709.8599853515625,710.4530029296875,709.6400146484375,710.0800170898438,113135,QQQ,1m
2026-05-11 14:31:00+00:00,710.0800170898438,710.3099975585938,708.9099731445312,709.280029296875,217101,QQQ,1m
2026-05-11 14:32:00+00:00,709.25,709.8800048828125,708.9500122070312,709.7640991210938,94993,QQQ,1m
2026-05-11 14:33:00+00:00,709.77001953125,710.4000244140625,709.530029296875,710.239990234375,467113,QQQ,1m
2026-05-11 14:34:00+00:00,710.2249755859375,710.6500244140625,710.110107421875,710.5700073242188,72301,QQQ,1m
2026-05-11 14:35:00+00:00,710.5599975585938,710.9000244140625,710.27001953125,710.9000244140625,79356,QQQ,1m
2026-05-11 14:36:00+00:00,710.9199829101562,711.1488037109375,710.3800048828125,710.8499755859375,123820,QQQ,1m
2026-05-11 14:37:00+00:00,710.8499755859375,711.3599853515625,710.8200073242188,711.2999877929688,70671,QQQ,1m
2026-05-11 14:38:00+00:00,711.2999877929688,711.33251953125,710.9600219726562,711.1500244140625,94177,QQQ,1m
2026-05-11 14:39:00+00:00,711.1641845703125,711.6599731445312,711.1400146484375,711.5499877929688,87562,QQQ,1m
2026-05-11 14:40:00+00:00,711.5800170898438,711.72998046875,711.2999877929688,711.3599853515625,145650,QQQ,1m
2026-05-11 14:41:00+00:00,711.3856811523438,711.8709716796875,711.3200073242188,711.8599853515625,88779,QQQ,1m
2026-05-11 14:42:00+00:00,711.9099731445312,711.97998046875,711.5599975585938,711.6199951171875,97071,QQQ,1m
2026-05-11 14:43:00+00:00,711.5900268554688,711.8792114257812,711.510009765625,711.7098999023438,45585,QQQ,1m
2026-05-11 14:44:00+00:00,711.6900024414062,711.9500122070312,711.6849975585938,711.7999877929688,37558,QQQ,1m
2026-05-11 14:45:00+00:00,711.7849731445312,712.1400146484375,711.739990234375,711.780029296875,184260,QQQ,1m
2026-05-11 14:46:00+00:00,711.75,711.9199829101562,711.6199951171875,711.8900146484375,71217,QQQ,1m
2026-05-11 14:47:00+00:00,711.8900146484375,712.0399780273438,711.6599731445312,712.0399780273438,113339,QQQ,1m
2026-05-11 14:48:00+00:00,712.0499877929688,712.1300048828125,711.8300170898438,712.0700073242188,85705,QQQ,1m
2026-05-11 14:49:00+00:00,712.0399780273438,712.1699829101562,711.5700073242188,712.169921875,71306,QQQ,1m
2026-05-11 14:50:00+00:00,712.1300048828125,712.22998046875,711.8699951171875,712.0800170898438,100918,QQQ,1m
2026-05-11 14:51:00+00:00,712.0750122070312,712.3574829101562,711.880126953125,712.260009765625,84600,QQQ,1m
2026-05-11 14:52:00+00:00,712.27001953125,712.369873046875,712.1500244140625,712.280029296875,124139,QQQ,1m
2026-05-11 14:53:00+00:00,712.280029296875,712.7000122070312,712.239990234375,712.6400146484375,95646,QQQ,1m
2026-05-11 14:54:00+00:00,712.6539916992188,712.8699951171875,712.5,712.8499755859375,66644,QQQ,1m
2026-05-11 14:55:00+00:00,712.8200073242188,712.905029296875,712.6599731445312,712.719970703125,67860,QQQ,1m
2026-05-11 14:56:00+00:00,712.760009765625,712.760009765625,712.3499755859375,712.5399780273438,45008,QQQ,1m
2026-05-11 14:57:00+00:00,712.530029296875,712.614990234375,712.1799926757812,712.6099853515625,62825,QQQ,1m
2026-05-11 14:58:00+00:00,712.6199951171875,712.6431274414062,712.489990234375,712.5599975585938,34246,QQQ,1m
2026-05-11 14:59:00+00:00,712.5650024414062,712.594970703125,712.3400268554688,712.3800048828125,45861,QQQ,1m
2026-05-11 15:00:00+00:00,712.3800048828125,712.5900268554688,712.1799926757812,712.1799926757812,77836,QQQ,1m
2026-05-11 15:01:00+00:00,712.1699829101562,712.2949829101562,712.0200805664062,712.219970703125,73990,QQQ,1m
2026-05-11 15:02:00+00:00,712.1799926757812,712.3699951171875,712.1602172851562,712.3300170898438,63672,QQQ,1m
2026-05-11 15:03:00+00:00,712.3236083984375,712.469970703125,712.27001953125,712.4199829101562,43033,QQQ,1m
2026-05-11 15:04:00+00:00,712.4000244140625,712.6500244140625,712.3800048828125,712.52001953125,32700,QQQ,1m
2026-05-11 15:05:00+00:00,712.5,712.625,712.2919921875,712.5599975585938,30511,QQQ,1m
2026-05-11 15:06:00+00:00,712.5900268554688,712.60498046875,712.1599731445312,712.3300170898438,55404,QQQ,1m
2026-05-11 15:07:00+00:00,712.3150024414062,712.5800170898438,712.3150024414062,712.5250244140625,20045,QQQ,1m
2026-05-11 15:08:00+00:00,712.52001953125,712.6099853515625,712.375,712.5999145507812,29806,QQQ,1m
2026-05-11 15:09:00+00:00,712.5800170898438,712.8099975585938,712.5800170898438,712.7999877929688,58168,QQQ,1m
2026-05-11 15:10:00+00:00,712.8099975585938,712.8099975585938,712.5599975585938,712.6199951171875,29769,QQQ,1m
2026-05-11 15:11:00+00:00,712.6500244140625,712.75,712.52001953125,712.52001953125,31007,QQQ,1m
2026-05-11 15:12:00+00:00,712.5,712.5900268554688,712.2200927734375,712.27001953125,77101,QQQ,1m
2026-05-11 15:13:00+00:00,712.1799926757812,712.3192749023438,712.1099853515625,712.22998046875,30801,QQQ,1m
2026-05-11 15:14:00+00:00,712.22998046875,712.3300170898438,711.719970703125,711.8400268554688,107610,QQQ,1m
2026-05-11 15:15:00+00:00,711.8203735351562,712.0797729492188,711.6400146484375,712.0650024414062,177993,QQQ,1m
2026-05-11 15:16:00+00:00,712.0650024414062,712.239990234375,711.9650268554688,712.1900024414062,81251,QQQ,1m
2026-05-11 15:17:00+00:00,712.1801147460938,712.469970703125,712.1500244140625,712.4000244140625,36704,QQQ,1m
2026-05-11 15:18:00+00:00,712.4149780273438,712.4600219726562,712.1300048828125,712.4099731445312,29914,QQQ,1m
2026-05-11 15:19:00+00:00,712.4000244140625,712.419921875,712.1699829101562,712.1699829101562,25840,QQQ,1m
2026-05-11 15:20:00+00:00,712.1400146484375,712.1749877929688,711.9299926757812,712.1500244140625,46937,QQQ,1m
2026-05-11 15:21:00+00:00,712.1400146484375,712.4400024414062,712.1400146484375,712.39501953125,63524,QQQ,1m
2026-05-11 15:22:00+00:00,712.4000244140625,712.489990234375,712.3049926757812,712.4600830078125,28613,QQQ,1m
2026-05-11 15:23:00+00:00,712.47998046875,712.5599975585938,712.2899780273438,712.5501098632812,66506,QQQ,1m
2026-05-11 15:24:00+00:00,712.5499877929688,712.780029296875,712.4600219726562,712.7100830078125,73516,QQQ,1m
2026-05-11 15:25:00+00:00,712.75,712.8800048828125,712.7000122070312,712.780029296875,107316,QQQ,1m
2026-05-11 15:26:00+00:00,712.8499755859375,712.9099731445312,712.7000122070312,712.7000122070312,77128,QQQ,1m
2026-05-11 15:27:00+00:00,712.719970703125,713.0599975585938,712.7000122070312,713.037109375,127504,QQQ,1m
2026-05-11 15:28:00+00:00,713.0401000976562,713.1693115234375,712.9400024414062,713.1322021484375,45184,QQQ,1m
2026-05-11 15:29:00+00:00,713.1199951171875,713.3099975585938,713.0349731445312,713.27001953125,446849,QQQ,1m
2026-05-11 15:30:00+00:00,713.280029296875,713.5999755859375,713.2100219726562,713.3499755859375,103037,QQQ,1m
2026-05-11 15:31:00+00:00,713.3599853515625,713.3699951171875,713.0800170898438,713.10498046875,92964,QQQ,1m
2026-05-11 15:32:00+00:00,713.125,713.125,712.85498046875,713.0299072265625,82780,QQQ,1m
2026-05-11 15:33:00+00:00,713.0150146484375,713.0999755859375,712.9000244140625,712.9600219726562,68104,QQQ,1m
2026-05-11 15:34:00+00:00,712.989990234375,713.1599731445312,712.9400024414062,713.0900268554688,44849,QQQ,1m
2026-05-11 15:35:00+00:00,713.1199951171875,713.1699829101562,712.8599853515625,712.8599853515625,57654,QQQ,1m
2026-05-11 15:36:00+00:00,712.8599853515625,713.030029296875,712.7750244140625,712.97998046875,35947,QQQ,1m
2026-05-11 15:37:00+00:00,712.9901123046875,713.2100219726562,712.9600219726562,713.0999755859375,44439,QQQ,1m
2026-05-11 15:38:00+00:00,713.1199951171875,713.219970703125,713.030029296875,713.2001953125,37768,QQQ,1m
2026-05-11 15:39:00+00:00,713.219970703125,713.25,713.0999755859375,713.2000122070312,36718,QQQ,1m
2026-05-11 15:40:00+00:00,713.260009765625,713.4199829101562,713.1492919921875,713.219970703125,32975,QQQ,1m
2026-05-11 15:41:00+00:00,713.219970703125,713.39990234375,713.0800170898438,713.3400268554688,38946,QQQ,1m
2026-05-11 15:42:00+00:00,713.364990234375,713.52001953125,713.239990234375,713.4299926757812,56365,QQQ,1m
2026-05-11 15:43:00+00:00,713.469970703125,713.5800170898438,713.4400024414062,713.5499877929688,36099,QQQ,1m
2026-05-11 15:44:00+00:00,713.530029296875,713.5900268554688,712.8699951171875,713.119873046875,101972,QQQ,1m
2026-05-11 15:45:00+00:00,713.0800170898438,713.4099731445312,713.0,713.3399047851562,64620,QQQ,1m
2026-05-11 15:46:00+00:00,713.3200073242188,713.5399780273438,713.280029296875,713.47998046875,42976,QQQ,1m
2026-05-11 15:47:00+00:00,713.5,713.5499877929688,713.4099731445312,713.4544067382812,44972,QQQ,1m
2026-05-11 15:48:00+00:00,713.4299926757812,713.5900268554688,713.3699951171875,713.5599975585938,220528,QQQ,1m
2026-05-11 15:49:00+00:00,713.5399780273438,713.6599731445312,713.4500732421875,713.6199951171875,32998,QQQ,1m
2026-05-11 15:50:00+00:00,713.5800170898438,713.760009765625,713.3499755859375,713.4099731445312,66840,QQQ,1m
2026-05-11 15:51:00+00:00,713.3800048828125,713.6400146484375,713.344970703125,713.614990234375,20868,QQQ,1m
2026-05-11 15:52:00+00:00,713.5800170898438,713.8099975585938,713.485595703125,713.625,29018,QQQ,1m
2026-05-11 15:53:00+00:00,713.6199951171875,714.0,713.6099853515625,713.9299926757812,71477,QQQ,1m
2026-05-11 15:54:00+00:00,713.9400024414062,714.1699829101562,713.8900146484375,714.1400146484375,71385,QQQ,1m
2026-05-11 15:55:00+00:00,714.1300048828125,714.4000244140625,714.0700073242188,714.3049926757812,129617,QQQ,1m
2026-05-11 15:56:00+00:00,714.3099975585938,714.3200073242188,714.1500244140625,714.1799926757812,93300,QQQ,1m
2026-05-11 15:57:00+00:00,714.1799926757812,714.2999877929688,714.0700073242188,714.0850219726562,52328,QQQ,1m
2026-05-11 15:58:00+00:00,714.030029296875,714.0650024414062,713.9099731445312,713.9600219726562,40018,QQQ,1m
2026-05-11 15:59:00+00:00,713.9299926757812,714.2100219726562,713.8900146484375,714.1799926757812,60688,QQQ,1m
2026-05-11 16:00:00+00:00,714.1900024414062,714.3300170898438,714.0,714.2750244140625,76366,QQQ,1m
2026-05-11 16:01:00+00:00,714.27001953125,714.489990234375,714.25,714.3900146484375,70091,QQQ,1m
2026-05-11 16:02:00+00:00,714.3800048828125,714.47998046875,714.35498046875,714.364990234375,80416,QQQ,1m
2026-05-11 16:03:00+00:00,714.364990234375,714.4199829101562,714.22998046875,714.22998046875,45348,QQQ,1m
2026-05-11 16:04:00+00:00,714.2249755859375,714.4299926757812,714.2249755859375,714.4000244140625,28365,QQQ,1m
2026-05-11 16:05:00+00:00,714.4099731445312,714.5050048828125,714.2999877929688,714.489990234375,62627,QQQ,1m
2026-05-11 16:06:00+00:00,714.47998046875,714.5250244140625,714.3400268554688,714.4099731445312,55958,QQQ,1m
2026-05-11 16:07:00+00:00,714.4299926757812,714.5399780273438,714.3599853515625,714.3800048828125,56101,QQQ,1m
2026-05-11 16:08:00+00:00,714.3499755859375,714.4395141601562,714.2537841796875,714.4299926757812,37893,QQQ,1m
2026-05-11 16:09:00+00:00,714.4400024414062,714.5399780273438,714.4400024414062,714.4949951171875,31784,QQQ,1m
2026-05-11 16:10:00+00:00,714.5,714.5900268554688,714.4199829101562,714.4199829101562,89362,QQQ,1m
2026-05-11 16:11:00+00:00,714.4199829101562,714.5200805664062,714.3400268554688,714.35498046875,31476,QQQ,1m
2026-05-11 16:12:00+00:00,714.3400268554688,714.5,714.3350219726562,714.4500122070312,34037,QQQ,1m
2026-05-11 16:13:00+00:00,714.4500122070312,714.530029296875,714.380126953125,714.510009765625,36494,QQQ,1m
2026-05-11 16:14:00+00:00,714.5150146484375,714.52001953125,714.4299926757812,714.52001953125,50420,QQQ,1m
2026-05-11 16:15:00+00:00,714.52001953125,714.5399780273438,714.3300170898438,714.3900146484375,61693,QQQ,1m
2026-05-11 16:16:00+00:00,714.3900146484375,714.4299926757812,714.1500244140625,714.2200927734375,33706,QQQ,1m
2026-05-11 16:17:00+00:00,714.22998046875,714.35009765625,714.219970703125,714.27001953125,24236,QQQ,1m
2026-05-11 16:18:00+00:00,714.2600708007812,714.3099975585938,714.0399780273438,714.0700073242188,34640,QQQ,1m
2026-05-11 16:19:00+00:00,714.0601196289062,714.0734252929688,713.8699951171875,713.9600219726562,32213,QQQ,1m
2026-05-11 16:20:00+00:00,713.97998046875,714.0399780273438,713.75,713.885009765625,80030,QQQ,1m
2026-05-11 16:21:00+00:00,713.885009765625,714.010009765625,713.760009765625,713.8900146484375,22267,QQQ,1m
2026-05-11 16:22:00+00:00,713.8499755859375,714.010009765625,713.8499755859375,714.010009765625,13989,QQQ,1m
2026-05-11 16:23:00+00:00,714.0900268554688,714.1317138671875,714.02001953125,714.0900268554688,46381,QQQ,1m
2026-05-11 16:24:00+00:00,714.0999755859375,714.1400146484375,713.9199829101562,714.0150146484375,46557,QQQ,1m
2026-05-11 16:25:00+00:00,714.0399780273438,714.25,714.0399780273438,714.1900024414062,48253,QQQ,1m
2026-05-11 16:26:00+00:00,714.22998046875,714.27001953125,714.0999755859375,714.1699829101562,85706,QQQ,1m
2026-05-11 16:27:00+00:00,714.1400146484375,714.260009765625,714.1300048828125,714.25,17601,QQQ,1m
2026-05-11 16:28:00+00:00,714.2698974609375,714.2999877929688,714.1400146484375,714.1699829101562,16145,QQQ,1m
2026-05-11 16:29:00+00:00,714.130126953125,714.2000122070312,714.0809936523438,714.1900024414062,13219,QQQ,1m
2026-05-11 16:30:00+00:00,714.1900024414062,714.448486328125,714.1849975585938,714.4299926757812,34192,QQQ,1m
2026-05-11 16:31:00+00:00,714.4400024414062,714.489990234375,714.3699951171875,714.47998046875,35026,QQQ,1m
2026-05-11 16:32:00+00:00,714.469970703125,714.5,714.3759765625,714.4000244140625,31901,QQQ,1m
2026-05-11 16:33:00+00:00,714.3900146484375,714.4249877929688,714.1204833984375,714.1300048828125,32196,QQQ,1m
2026-05-11 16:34:00+00:00,714.1500244140625,714.2698974609375,714.1500244140625,714.2000122070312,27201,QQQ,1m
2026-05-11 16:35:00+00:00,714.22998046875,714.27001953125,714.0800170898438,714.14501953125,19277,QQQ,1m
2026-05-11 16:36:00+00:00,714.1400146484375,714.2299194335938,713.989990234375,714.0050048828125,26788,QQQ,1m
2026-05-11 16:37:00+00:00,714.0,714.0999755859375,713.97998046875,713.97998046875,25920,QQQ,1m
2026-05-11 16:38:00+00:00,714.010009765625,714.0700073242188,713.77001953125,713.8300170898438,27652,QQQ,1m
2026-05-11 16:39:00+00:00,713.8300170898438,713.8499145507812,713.5,713.5479736328125,58975,QQQ,1m
2026-05-11 16:40:00+00:00,713.510009765625,713.5700073242188,713.3109741210938,713.5,36896,QQQ,1m
2026-05-11 16:41:00+00:00,713.52001953125,713.5698852539062,713.0650024414062,713.0651245117188,71099,QQQ,1m
2026-05-11 16:42:00+00:00,713.0999755859375,713.1099853515625,711.9110107421875,712.2799072265625,293607,QQQ,1m
2026-05-11 16:43:00+00:00,712.260009765625,712.8200073242188,712.1099243164062,712.7000122070312,78463,QQQ,1m
2026-05-11 16:44:00+00:00,712.7100830078125,713.0,712.6699829101562,712.97998046875,88798,QQQ,1m
2026-05-11 16:45:00+00:00,712.9400024414062,713.22998046875,712.844970703125,713.2045288085938,71007,QQQ,1m
2026-05-11 16:46:00+00:00,713.2100219726562,713.2899780273438,712.7999877929688,712.859375,107478,QQQ,1m
2026-05-11 16:47:00+00:00,712.8599853515625,713.3800048828125,712.8400268554688,713.3599853515625,82221,QQQ,1m
2026-05-11 16:48:00+00:00,713.3499755859375,713.3499755859375,713.0671997070312,713.0999755859375,38668,QQQ,1m
2026-05-11 16:49:00+00:00,713.1099853515625,713.169921875,712.8800048828125,712.8950805664062,28828,QQQ,1m
2026-05-11 16:50:00+00:00,712.9099731445312,713.1998901367188,712.905029296875,713.1693115234375,52013,QQQ,1m
2026-05-11 16:51:00+00:00,713.1500244140625,713.1900024414062,712.9786987304688,713.1419067382812,34294,QQQ,1m
2026-05-11 16:52:00+00:00,713.1204223632812,713.1204223632812,712.7999877929688,712.8049926757812,94336,QQQ,1m
2026-05-11 16:53:00+00:00,712.7999877929688,712.97998046875,712.6099853515625,712.8201293945312,57711,QQQ,1m
2026-05-11 16:54:00+00:00,712.8400268554688,712.9199829101562,712.739990234375,712.8699951171875,38305,QQQ,1m
2026-05-11 16:55:00+00:00,712.844970703125,712.8900146484375,712.6900024414062,712.739990234375,41208,QQQ,1m
2026-05-11 16:56:00+00:00,712.7327270507812,712.7899780273438,712.5499877929688,712.6799926757812,49588,QQQ,1m
2026-05-11 16:57:00+00:00,712.72998046875,712.8800048828125,712.6199951171875,712.6900024414062,40104,QQQ,1m
2026-05-11 16:58:00+00:00,712.6599731445312,713.02001953125,712.6099853515625,712.9099731445312,54490,QQQ,1m
2026-05-11 16:59:00+00:00,712.9099731445312,712.9199829101562,712.7122802734375,712.7575073242188,16974,QQQ,1m
2026-05-11 17:00:00+00:00,712.7501220703125,713.2100219726562,712.7501220703125,713.1799926757812,54758,QQQ,1m
2026-05-11 17:01:00+00:00,713.2286987304688,713.3198852539062,713.1400146484375,713.2949829101562,47002,QQQ,1m
2026-05-11 17:02:00+00:00,713.2999877929688,713.3099975585938,712.9199829101562,712.97998046875,46271,QQQ,1m
2026-05-11 17:03:00+00:00,712.9600219726562,713.2100219726562,712.9500122070312,712.97998046875,22039,QQQ,1m
2026-05-11 17:04:00+00:00,713.010009765625,713.3090209960938,713.010009765625,713.260009765625,24836,QQQ,1m
2026-05-11 17:05:00+00:00,713.25,713.4199829101562,713.22998046875,713.260009765625,31221,QQQ,1m
2026-05-11 17:06:00+00:00,713.260009765625,713.3499145507812,712.8001098632812,712.9589233398438,47157,QQQ,1m
2026-05-11 17:07:00+00:00,712.969970703125,713.030029296875,712.8499755859375,712.9600219726562,106655,QQQ,1m
2026-05-11 17:08:00+00:00,712.9199829101562,713.1599731445312,712.9199829101562,713.0700073242188,15525,QQQ,1m
2026-05-11 17:09:00+00:00,713.083984375,713.1400146484375,713.0,713.0999755859375,17496,QQQ,1m
2026-05-11 17:10:00+00:00,713.0999755859375,713.0999755859375,712.719970703125,712.8800048828125,29078,QQQ,1m
2026-05-11 17:11:00+00:00,712.8699951171875,712.9500122070312,712.6500244140625,712.75,25466,QQQ,1m
2026-05-11 17:12:00+00:00,712.7000122070312,712.7000122070312,712.22998046875,712.2901000976562,84986,QQQ,1m
2026-05-11 17:13:00+00:00,712.2800903320312,712.4500122070312,712.260009765625,712.4299926757812,37876,QQQ,1m
2026-05-11 17:14:00+00:00,712.4099731445312,712.5999755859375,712.25,712.4146728515625,246459,QQQ,1m
2026-05-11 17:15:00+00:00,712.4099731445312,712.619873046875,712.3499755859375,712.5689697265625,53235,QQQ,1m
2026-05-11 17:16:00+00:00,712.5900268554688,712.64990234375,712.1500244140625,712.219970703125,146231,QQQ,1m
2026-05-11 17:17:00+00:00,712.22998046875,712.3699951171875,712.0900268554688,712.2550048828125,26495,QQQ,1m
2026-05-11 17:18:00+00:00,712.2100219726562,712.3599853515625,712.2000122070312,712.2401123046875,23632,QQQ,1m
2026-05-11 17:19:00+00:00,712.2849731445312,712.4000244140625,712.1951293945312,712.3300170898438,18835,QQQ,1m
2026-05-11 17:20:00+00:00,712.3699951171875,712.5700073242188,712.2899780273438,712.5499877929688,27446,QQQ,1m
2026-05-11 17:21:00+00:00,712.5999755859375,712.7849731445312,712.5999755859375,712.739990234375,22645,QQQ,1m
2026-05-11 17:22:00+00:00,712.7598876953125,712.844970703125,712.6699829101562,712.8350219726562,21061,QQQ,1m
2026-05-11 17:23:00+00:00,712.8499755859375,713.0900268554688,712.8400268554688,712.97998046875,46012,QQQ,1m
2026-05-11 17:24:00+00:00,712.9949951171875,713.2000122070312,712.9365234375,713.1599731445312,33612,QQQ,1m
2026-05-11 17:25:00+00:00,713.14501953125,713.4000244140625,713.0499877929688,713.3400268554688,36180,QQQ,1m
2026-05-11 17:26:00+00:00,713.3400268554688,713.5800170898438,713.3400268554688,713.5750122070312,64950,QQQ,1m
2026-05-11 17:27:00+00:00,713.5700073242188,713.6298828125,713.4000244140625,713.4099731445312,31541,QQQ,1m
2026-05-11 17:28:00+00:00,713.4349975585938,713.489990234375,713.3800048828125,713.4227905273438,18300,QQQ,1m
2026-05-11 17:29:00+00:00,713.4199829101562,713.6099853515625,713.4099731445312,713.5499877929688,25604,QQQ,1m
2026-05-11 17:30:00+00:00,713.510009765625,713.9099731445312,713.510009765625,713.8200073242188,73022,QQQ,1m
2026-05-11 17:31:00+00:00,713.8599853515625,713.9299926757812,713.6599731445312,713.6646728515625,29033,QQQ,1m
2026-05-11 17:32:00+00:00,713.71728515625,713.7999877929688,713.5399780273438,713.6301879882812,26554,QQQ,1m
2026-05-11 17:33:00+00:00,713.6699829101562,713.8098754882812,713.5900268554688,713.7650756835938,74840,QQQ,1m
2026-05-11 17:34:00+00:00,713.7650146484375,713.8289794921875,713.7449951171875,713.7899780273438,21158,QQQ,1m
2026-05-11 17:35:00+00:00,713.780029296875,713.989990234375,713.719970703125,713.9400024414062,44705,QQQ,1m
2026-05-11 17:36:00+00:00,713.969970703125,714.1900024414062,713.9312133789062,714.1723022460938,47441,QQQ,1m
2026-05-11 17:37:00+00:00,714.1699829101562,714.25,714.139892578125,714.239990234375,33136,QQQ,1m
2026-05-11 17:38:00+00:00,714.2449951171875,714.3699951171875,714.1901245117188,714.240478515625,28638,QQQ,1m
2026-05-11 17:39:00+00:00,714.239990234375,714.2501220703125,714.0499877929688,714.0900268554688,36519,QQQ,1m
2026-05-11 17:40:00+00:00,714.0900268554688,714.1500244140625,713.989990234375,714.1500244140625,138726,QQQ,1m
2026-05-11 17:41:00+00:00,714.1599731445312,714.25,714.0700073242188,714.219970703125,24432,QQQ,1m
2026-05-11 17:42:00+00:00,714.219970703125,714.27001953125,714.1199951171875,714.2000122070312,28406,QQQ,1m
2026-05-11 17:43:00+00:00,714.219970703125,714.3250122070312,714.1900024414062,714.239990234375,25465,QQQ,1m
2026-05-11 17:44:00+00:00,714.280029296875,714.3499755859375,714.219970703125,714.260009765625,24941,QQQ,1m
2026-05-11 17:45:00+00:00,714.2650146484375,714.4400024414062,714.260009765625,714.27001953125,59923,QQQ,1m
2026-05-11 17:46:00+00:00,714.3049926757812,714.4600219726562,714.280029296875,714.3900146484375,35583,QQQ,1m
2026-05-11 17:47:00+00:00,714.3900146484375,714.4299926757812,714.280029296875,714.3507080078125,38980,QQQ,1m
2026-05-11 17:48:00+00:00,714.3499755859375,714.4099731445312,714.3499755859375,714.3800048828125,26193,QQQ,1m
2026-05-11 17:49:00+00:00,714.375,714.375,714.0250244140625,714.0449829101562,101708,QQQ,1m
2026-05-11 17:50:00+00:00,714.0399780273438,714.135009765625,713.9600219726562,714.135009765625,60219,QQQ,1m
2026-05-11 17:51:00+00:00,714.135009765625,714.1900024414062,714.0499877929688,714.0549926757812,154647,QQQ,1m
2026-05-11 17:52:00+00:00,714.0549926757812,714.14990234375,714.0549926757812,714.0999755859375,34632,QQQ,1m
2026-05-11 17:53:00+00:00,714.1099853515625,714.27001953125,714.030029296875,714.1950073242188,57219,QQQ,1m
2026-05-11 17:54:00+00:00,714.2000122070312,714.2000122070312,713.9130249023438,713.9598999023438,29475,QQQ,1m
2026-05-11 17:55:00+00:00,713.9299926757812,714.1400146484375,713.8900146484375,713.9000244140625,38009,QQQ,1m
2026-05-11 17:56:00+00:00,713.9299926757812,713.97998046875,713.8400268554688,713.8699951171875,34353,QQQ,1m
2026-05-11 17:57:00+00:00,713.8599853515625,714.1400146484375,713.8599853515625,714.0700073242188,26208,QQQ,1m
2026-05-11 17:58:00+00:00,714.0800170898438,714.1082153320312,713.9000244140625,713.9349975585938,19912,QQQ,1m
2026-05-11 17:59:00+00:00,713.9299926757812,713.9299926757812,713.5750122070312,713.6187744140625,44274,QQQ,1m
2026-05-11 18:00:00+00:00,713.6201171875,713.9299926757812,713.6113891601562,713.72998046875,64851,QQQ,1m
2026-05-11 18:01:00+00:00,713.72998046875,713.9099731445312,713.72998046875,713.8524780273438,37559,QQQ,1m
2026-05-11 18:02:00+00:00,713.85498046875,713.8699951171875,713.7318725585938,713.780029296875,27151,QQQ,1m
2026-05-11 18:03:00+00:00,713.7999877929688,714.0399780273438,713.7999877929688,714.0399780273438,33890,QQQ,1m
2026-05-11 18:04:00+00:00,714.010009765625,714.1599731445312,713.9801025390625,714.0300903320312,38052,QQQ,1m
2026-05-11 18:05:00+00:00,714.0416870117188,714.2100219726562,713.989990234375,714.1500244140625,36600,QQQ,1m
2026-05-11 18:06:00+00:00,714.1701049804688,714.2899780273438,714.1701049804688,714.2750244140625,57196,QQQ,1m
2026-05-11 18:07:00+00:00,714.280029296875,714.3300170898438,714.22021484375,714.2999877929688,34344,QQQ,1m
2026-05-11 18:08:00+00:00,714.280029296875,714.3099975585938,714.1900024414062,714.2899780273438,44621,QQQ,1m
2026-05-11 18:09:00+00:00,714.2899780273438,714.4199829101562,714.280029296875,714.4199829101562,33111,QQQ,1m
2026-05-11 18:10:00+00:00,714.4099731445312,714.4299926757812,714.1400146484375,714.2401123046875,41714,QQQ,1m
2026-05-11 18:11:00+00:00,714.239990234375,714.3400268554688,714.14990234375,714.280029296875,31458,QQQ,1m
2026-05-11 18:12:00+00:00,714.2899169921875,714.3900146484375,714.1500854492188,714.342529296875,69579,QQQ,1m
2026-05-11 18:13:00+00:00,714.3499755859375,714.4099731445312,714.2100219726562,714.2399291992188,43397,QQQ,1m
2026-05-11 18:14:00+00:00,714.25,714.25,714.1199951171875,714.1699829101562,36362,QQQ,1m
2026-05-11 18:15:00+00:00,714.1699829101562,714.239990234375,714.1300048828125,714.1400146484375,54586,QQQ,1m
2026-05-11 18:16:00+00:00,714.1400146484375,714.280029296875,714.1400146484375,714.2000122070312,53205,QQQ,1m
2026-05-11 18:17:00+00:00,714.2000122070312,714.2899780273438,714.1199951171875,714.135009765625,29386,QQQ,1m
2026-05-11 18:18:00+00:00,714.1400146484375,714.1798706054688,714.010009765625,714.1099853515625,31794,QQQ,1m
2026-05-11 18:19:00+00:00,714.1199951171875,714.219970703125,714.1099853515625,714.1300048828125,42872,QQQ,1m
2026-05-11 18:20:00+00:00,714.1699829101562,714.260009765625,713.7899780273438,714.0700073242188,140073,QQQ,1m
2026-05-11 18:21:00+00:00,714.0499877929688,714.2000122070312,714.0,714.1799926757812,23622,QQQ,1m
2026-05-11 18:22:00+00:00,714.2000122070312,714.2999877929688,714.14501953125,714.2000122070312,38814,QQQ,1m
2026-05-11 18:23:00+00:00,714.1799926757812,714.2999877929688,714.114990234375,714.1500244140625,42236,QQQ,1m
2026-05-11 18:24:00+00:00,714.1500244140625,714.22998046875,714.0499877929688,714.2000122070312,41029,QQQ,1m
2026-05-11 18:25:00+00:00,714.1900024414062,714.3499755859375,714.1500244140625,714.2406005859375,214383,QQQ,1m
2026-05-11 18:26:00+00:00,714.239990234375,714.3900146484375,714.22998046875,714.3900146484375,83176,QQQ,1m
2026-05-11 18:27:00+00:00,714.3800048828125,714.3900146484375,714.280029296875,714.3200073242188,59455,QQQ,1m
2026-05-11 18:28:00+00:00,714.3400268554688,714.4199829101562,714.3200073242188,714.3699951171875,55027,QQQ,1m
2026-05-11 18:29:00+00:00,714.3499755859375,714.3839721679688,714.3099975585938,714.3690795898438,44377,QQQ,1m
2026-05-11 18:30:00+00:00,714.35009765625,714.35009765625,714.0549926757812,714.0850219726562,85738,QQQ,1m
2026-05-11 18:31:00+00:00,714.0800170898438,714.2501220703125,714.0700073242188,714.22998046875,66187,QQQ,1m
2026-05-11 18:32:00+00:00,714.22998046875,714.22998046875,713.9500732421875,714.0999755859375,60351,QQQ,1m
2026-05-11 18:33:00+00:00,714.0999755859375,714.2100219726562,713.989990234375,714.0499877929688,105180,QQQ,1m
2026-05-11 18:34:00+00:00,714.0499877929688,714.0800170898438,713.9749755859375,714.0,56906,QQQ,1m
2026-05-11 18:35:00+00:00,714.0,714.3200073242188,714.0,714.280029296875,52493,QQQ,1m
2026-05-11 18:36:00+00:00,714.2899780273438,714.3300170898438,714.010009765625,714.1099853515625,42983,QQQ,1m
2026-05-11 18:37:00+00:00,714.1199951171875,714.239990234375,714.0800170898438,714.239990234375,26421,QQQ,1m
2026-05-11 18:38:00+00:00,714.2498779296875,714.3499755859375,714.22998046875,714.3300170898438,32219,QQQ,1m
2026-05-11 18:39:00+00:00,714.3101196289062,714.3150024414062,713.780029296875,713.8099975585938,140206,QQQ,1m
2026-05-11 18:40:00+00:00,713.8099975585938,713.9000244140625,713.6799926757812,713.7999877929688,54532,QQQ,1m
2026-05-11 18:41:00+00:00,713.8098754882812,713.8300170898438,713.5,713.6900024414062,47259,QQQ,1m
2026-05-11 18:42:00+00:00,713.6900024414062,713.8472290039062,713.6699829101562,713.8300170898438,26449,QQQ,1m
2026-05-11 18:43:00+00:00,713.8200073242188,713.9041748046875,713.75,713.8007202148438,34527,QQQ,1m
2026-05-11 18:44:00+00:00,713.7999877929688,713.8300170898438,713.739990234375,713.75,42009,QQQ,1m
2026-05-11 18:45:00+00:00,713.75,713.7999877929688,713.4099731445312,713.5850219726562,48576,QQQ,1m
2026-05-11 18:46:00+00:00,713.5999755859375,713.77001953125,713.5700073242188,713.75341796875,55132,QQQ,1m
2026-05-11 18:47:00+00:00,713.780029296875,713.8499755859375,713.5999755859375,713.7747192382812,43771,QQQ,1m
2026-05-11 18:48:00+00:00,713.780029296875,713.7849731445312,713.655029296875,713.7000122070312,30614,QQQ,1m
2026-05-11 18:49:00+00:00,713.6900024414062,713.719970703125,713.5360107421875,713.5994262695312,59260,QQQ,1m
2026-05-11 18:50:00+00:00,713.5800170898438,713.6400146484375,713.5,713.6099853515625,54467,QQQ,1m
2026-05-11 18:51:00+00:00,713.5800170898438,713.6799926757812,713.3599853515625,713.62939453125,47117,QQQ,1m
2026-05-11 18:52:00+00:00,713.6300048828125,713.8200073242188,713.6201171875,713.7901000976562,41646,QQQ,1m
2026-05-11 18:53:00+00:00,713.7901000976562,713.853271484375,713.6500244140625,713.6500244140625,39922,QQQ,1m
2026-05-11 18:54:00+00:00,713.6300048828125,713.6300048828125,713.3900146484375,713.5,64524,QQQ,1m
2026-05-11 18:55:00+00:00,713.5,713.625,713.2899780273438,713.5499877929688,131287,QQQ,1m
2026-05-11 18:56:00+00:00,713.530029296875,713.6798706054688,713.52001953125,713.6300048828125,58614,QQQ,1m
2026-05-11 18:57:00+00:00,713.6500244140625,713.6599731445312,713.0499877929688,713.219970703125,93765,QQQ,1m
2026-05-11 18:58:00+00:00,713.2100219726562,713.25,712.72998046875,712.8101196289062,96410,QQQ,1m
2026-05-11 18:59:00+00:00,712.8400268554688,712.8400268554688,712.2899780273438,712.3090209960938,145203,QQQ,1m
2026-05-11 19:00:00+00:00,712.3499755859375,712.4901123046875,712.219970703125,712.2899780273438,77312,QQQ,1m
2026-05-11 19:01:00+00:00,712.2949829101562,712.7000122070312,712.2949829101562,712.6500244140625,166617,QQQ,1m
2026-05-11 19:02:00+00:00,712.6199951171875,712.6300048828125,712.280029296875,712.5700073242188,58160,QQQ,1m
2026-05-11 19:03:00+00:00,712.5599975585938,712.56982421875,712.375,712.47998046875,33004,QQQ,1m
2026-05-11 19:04:00+00:00,712.4600219726562,712.4600219726562,712.0599975585938,712.1199951171875,80521,QQQ,1m
2026-05-11 19:05:00+00:00,712.0900268554688,712.7000122070312,712.02001953125,712.6900024414062,48710,QQQ,1m
2026-05-11 19:06:00+00:00,712.7269897460938,713.1900024414062,712.6699829101562,713.1300048828125,99314,QQQ,1m
2026-05-11 19:07:00+00:00,713.1500244140625,713.1599731445312,712.9400024414062,713.0999145507812,123748,QQQ,1m
2026-05-11 19:08:00+00:00,713.0800170898438,713.22998046875,712.9171752929688,712.969970703125,70009,QQQ,1m
2026-05-11 19:09:00+00:00,712.97998046875,713.27001953125,712.8900146484375,713.2249755859375,56708,QQQ,1m
2026-05-11 19:10:00+00:00,713.22998046875,713.4199829101562,713.1300048828125,713.3499755859375,89842,QQQ,1m
2026-05-11 19:11:00+00:00,713.3699951171875,713.3900146484375,713.22998046875,713.3049926757812,52678,QQQ,1m
2026-05-11 19:12:00+00:00,713.3200073242188,713.4511108398438,713.1799926757812,713.2000732421875,42668,QQQ,1m
2026-05-11 19:13:00+00:00,713.2000122070312,713.385009765625,712.9400024414062,713.0599975585938,117395,QQQ,1m
2026-05-11 19:14:00+00:00,713.0599975585938,713.0900268554688,712.9600830078125,713.010009765625,45662,QQQ,1m
2026-05-11 19:15:00+00:00,713.02001953125,713.0999755859375,712.7000122070312,712.7249755859375,91216,QQQ,1m
2026-05-11 19:16:00+00:00,712.7000732421875,712.8499755859375,712.469970703125,712.5501098632812,66119,QQQ,1m
2026-05-11 19:17:00+00:00,712.5599975585938,712.919921875,712.5200805664062,712.919921875,269329,QQQ,1m
2026-05-11 19:18:00+00:00,712.91748046875,712.9498901367188,712.735107421875,712.75,90463,QQQ,1m
2026-05-11 19:19:00+00:00,712.739990234375,712.8400268554688,712.7000122070312,712.8300170898438,28067,QQQ,1m
2026-05-11 19:20:00+00:00,712.8200073242188,712.9221801757812,712.5700073242188,712.5700073242188,43981,QQQ,1m
2026-05-11 19:21:00+00:00,712.5499877929688,712.780029296875,712.3800048828125,712.5349731445312,61167,QQQ,1m
2026-05-11 19:22:00+00:00,712.530029296875,712.5700073242188,712.2899780273438,712.4199829101562,41357,QQQ,1m
2026-05-11 19:23:00+00:00,712.4600219726562,712.5850219726562,712.4500122070312,712.5800170898438,50883,QQQ,1m
2026-05-11 19:24:00+00:00,712.5599975585938,712.719970703125,712.219970703125,712.2750244140625,72973,QQQ,1m
2026-05-11 19:25:00+00:00,712.280029296875,712.385009765625,712.114990234375,712.22998046875,88196,QQQ,1m
2026-05-11 19:26:00+00:00,712.219970703125,712.2379760742188,711.9600219726562,711.969970703125,82077,QQQ,1m
2026-05-11 19:27:00+00:00,711.9743041992188,712.3499755859375,711.9299926757812,712.27001953125,76171,QQQ,1m
2026-05-11 19:28:00+00:00,712.3099975585938,712.4299926757812,712.1900024414062,712.3200073242188,66654,QQQ,1m
2026-05-11 19:29:00+00:00,712.2999877929688,712.2999877929688,711.9450073242188,712.1630859375,125764,QQQ,1m
2026-05-11 19:30:00+00:00,712.1400146484375,712.4000244140625,712.010009765625,712.3900146484375,75885,QQQ,1m
2026-05-11 19:31:00+00:00,712.4000854492188,712.4400024414062,712.1290283203125,712.389892578125,69404,QQQ,1m
2026-05-11 19:32:00+00:00,712.3800048828125,712.780029296875,712.3800048828125,712.6500244140625,87238,QQQ,1m
2026-05-11 19:33:00+00:00,712.6599731445312,712.780029296875,712.4699096679688,712.5399780273438,50238,QQQ,1m
2026-05-11 19:34:00+00:00,712.5198974609375,712.5800170898438,712.260009765625,712.2650146484375,168113,QQQ,1m
2026-05-11 19:35:00+00:00,712.280029296875,712.4249877929688,712.0700073242188,712.1400146484375,57027,QQQ,1m
2026-05-11 19:36:00+00:00,712.1599731445312,712.219970703125,711.9600219726562,712.030029296875,123782,QQQ,1m
2026-05-11 19:37:00+00:00,712.02001953125,712.1300048828125,711.9500122070312,712.0,57044,QQQ,1m
2026-05-11 19:38:00+00:00,711.9974975585938,712.2750244140625,711.8699951171875,712.2750244140625,129871,QQQ,1m
2026-05-11 19:39:00+00:00,712.239990234375,712.42626953125,712.1699829101562,712.3499755859375,84774,QQQ,1m
2026-05-11 19:40:00+00:00,712.344970703125,712.530029296875,712.3099975585938,712.4949951171875,56989,QQQ,1m
2026-05-11 19:41:00+00:00,712.510009765625,712.5399780273438,712.1199951171875,712.1400146484375,59447,QQQ,1m
2026-05-11 19:42:00+00:00,712.1199951171875,712.4500122070312,711.9619750976562,712.4349975585938,36130,QQQ,1m
2026-05-11 19:43:00+00:00,712.4498901367188,712.489990234375,712.3499755859375,712.3900146484375,33898,QQQ,1m
2026-05-11 19:44:00+00:00,712.39501953125,712.4099731445312,712.1300048828125,712.1900024414062,50204,QQQ,1m
2026-05-11 19:45:00+00:00,712.1400146484375,712.3400268554688,712.0399780273438,712.27001953125,62045,QQQ,1m
2026-05-11 19:46:00+00:00,712.2401123046875,712.4299926757812,712.1099853515625,712.385009765625,65408,QQQ,1m
2026-05-11 19:47:00+00:00,712.4000244140625,712.6099853515625,712.3499755859375,712.3499755859375,163150,QQQ,1m
2026-05-11 19:48:00+00:00,712.3699951171875,712.510009765625,712.3049926757812,712.510009765625,60580,QQQ,1m
2026-05-11 19:49:00+00:00,712.52001953125,712.69873046875,712.489990234375,712.6400146484375,71642,QQQ,1m
2026-05-11 19:50:00+00:00,712.6199951171875,713.0999755859375,712.4600219726562,713.0700073242188,102608,QQQ,1m
2026-05-11 19:51:00+00:00,713.0599975585938,713.1699829101562,712.9000244140625,712.9500122070312,101416,QQQ,1m
2026-05-11 19:52:00+00:00,712.9600219726562,713.1099853515625,712.89599609375,713.1099853515625,108581,QQQ,1m
2026-05-11 19:53:00+00:00,713.0999755859375,713.3400268554688,712.6599731445312,712.7401123046875,148901,QQQ,1m
2026-05-11 19:54:00+00:00,712.7100219726562,713.260009765625,712.6500244140625,713.0599975585938,210907,QQQ,1m
2026-05-11 19:55:00+00:00,713.0599975585938,713.3400268554688,712.9500122070312,713.3400268554688,171283,QQQ,1m
2026-05-11 19:56:00+00:00,713.3499755859375,713.3900146484375,712.9500122070312,713.0501098632812,194716,QQQ,1m
2026-05-11 19:57:00+00:00,713.0499877929688,713.1799926757812,712.9500122070312,713.0,129398,QQQ,1m
2026-05-11 19:58:00+00:00,712.989990234375,713.2000122070312,712.97998046875,713.1649780273438,157838,QQQ,1m
2026-05-11 19:59:00+00:00,713.1599731445312,713.3499755859375,713.0700073242188,713.3499755859375,670309,QQQ,1m
2026-05-12 13:30:00+00:00,708.1749877929688,708.5180053710938,706.5999755859375,707.030029296875,2366721,QQQ,1m
2026-05-12 13:31:00+00:00,706.9641723632812,707.5599975585938,706.5999755859375,706.9505004882812,186559,QQQ,1m
2026-05-12 13:32:00+00:00,706.8499755859375,707.489990234375,706.77001953125,707.469970703125,137531,QQQ,1m
2026-05-12 13:33:00+00:00,707.4199829101562,707.5700073242188,707.1400146484375,707.3400268554688,121091,QQQ,1m
2026-05-12 13:34:00+00:00,707.3099975585938,707.989990234375,706.9500122070312,707.8583984375,153274,QQQ,1m
2026-05-12 13:35:00+00:00,707.8236083984375,707.9600219726562,706.5399780273438,706.7301025390625,188598,QQQ,1m
2026-05-12 13:36:00+00:00,706.72998046875,707.489990234375,706.719970703125,707.1400146484375,153622,QQQ,1m
2026-05-12 13:37:00+00:00,707.1500244140625,707.4949951171875,706.8499755859375,707.239990234375,141523,QQQ,1m
2026-05-12 13:38:00+00:00,707.3599853515625,708.0800170898438,707.1900024414062,707.8900146484375,127922,QQQ,1m
2026-05-12 13:39:00+00:00,707.9099731445312,708.6699829101562,707.7601928710938,708.5349731445312,182794,QQQ,1m
2026-05-12 13:40:00+00:00,708.5499877929688,708.9500122070312,708.239990234375,708.8300170898438,253023,QQQ,1m
2026-05-12 13:41:00+00:00,708.8200073242188,709.0700073242188,708.2349853515625,708.6593017578125,176702,QQQ,1m
2026-05-12 13:42:00+00:00,708.6900024414062,709.4498901367188,708.6300048828125,709.4099731445312,165617,QQQ,1m
2026-05-12 13:43:00+00:00,709.4299926757812,709.9000244140625,709.3200073242188,709.6900024414062,250563,QQQ,1m
2026-05-12 13:44:00+00:00,709.6799926757812,709.9400024414062,709.4199829101562,709.9398803710938,164453,QQQ,1m
2026-05-12 13:45:00+00:00,709.9500122070312,710.1799926757812,709.4749755859375,709.6900024414062,185092,QQQ,1m
2026-05-12 13:46:00+00:00,709.7000122070312,709.8300170898438,708.8200073242188,709.4500122070312,207789,QQQ,1m
2026-05-12 13:47:00+00:00,709.4299926757812,709.4299926757812,708.1500244140625,708.1500244140625,144266,QQQ,1m
2026-05-12 13:48:00+00:00,708.1649780273438,708.530029296875,707.969970703125,708.0399780273438,98588,QQQ,1m
2026-05-12 13:49:00+00:00,708.0850219726562,708.6300048828125,708.0499877929688,708.3599853515625,90080,QQQ,1m
2026-05-12 13:50:00+00:00,708.2999877929688,708.4749755859375,707.7000732421875,707.7899780273438,94585,QQQ,1m
2026-05-12 13:51:00+00:00,707.8900146484375,708.27001953125,707.5349731445312,707.5798950195312,82283,QQQ,1m
2026-05-12 13:52:00+00:00,707.5863037109375,708.3499755859375,707.4600219726562,708.3400268554688,118740,QQQ,1m
2026-05-12 13:53:00+00:00,708.4100952148438,709.0800170898438,708.2249755859375,708.89501953125,146994,QQQ,1m
2026-05-12 13:54:00+00:00,708.9000244140625,709.02001953125,708.4400024414062,708.4500122070312,83254,QQQ,1m
2026-05-12 13:55:00+00:00,708.4600219726562,708.5499877929688,707.22998046875,707.64501953125,114829,QQQ,1m
2026-05-12 13:56:00+00:00,707.6699829101562,707.9199829101562,706.9000244140625,707.0,156495,QQQ,1m
2026-05-12 13:57:00+00:00,706.969970703125,707.0,706.25,706.635009765625,185659,QQQ,1m
2026-05-12 13:58:00+00:00,706.6300048828125,706.6599731445312,706.0599975585938,706.2349853515625,129684,QQQ,1m
2026-05-12 13:59:00+00:00,706.2100219726562,706.5599975585938,705.6900024414062,706.0449829101562,159299,QQQ,1m
2026-05-12 14:00:00+00:00,706.0999755859375,706.1799926757812,705.3300170898438,705.9199829101562,220589,QQQ,1m
2026-05-12 14:01:00+00:00,705.9199829101562,706.4180297851562,705.7650146484375,706.3699951171875,154229,QQQ,1m
2026-05-12 14:02:00+00:00,706.344970703125,706.9000244140625,705.989990234375,706.0399780273438,133380,QQQ,1m
2026-05-12 14:03:00+00:00,706.02001953125,706.0599975585938,705.1630249023438,705.469970703125,105264,QQQ,1m
2026-05-12 14:04:00+00:00,705.489990234375,706.1500244140625,705.1699829101562,705.7000122070312,109453,QQQ,1m
2026-05-12 14:05:00+00:00,705.7767944335938,706.3499755859375,705.719970703125,705.97998046875,97033,QQQ,1m
2026-05-12 14:06:00+00:00,705.9500122070312,706.530029296875,705.8699951171875,706.4080200195312,99894,QQQ,1m
2026-05-12 14:07:00+00:00,706.4899291992188,706.7000122070312,706.2301025390625,706.3699951171875,106898,QQQ,1m
2026-05-12 14:08:00+00:00,706.3699951171875,706.6500244140625,705.5599975585938,706.1599731445312,94204,QQQ,1m
2026-05-12 14:09:00+00:00,706.1900024414062,706.5,706.0,706.3200073242188,112865,QQQ,1m
2026-05-12 14:10:00+00:00,706.3201293945312,706.5999755859375,705.97998046875,706.1199951171875,81367,QQQ,1m
2026-05-12 14:11:00+00:00,706.2050170898438,706.3499755859375,705.8201904296875,706.280029296875,74721,QQQ,1m
2026-05-12 14:12:00+00:00,706.260009765625,707.0698852539062,706.1400146484375,706.6799926757812,97370,QQQ,1m
2026-05-12 14:13:00+00:00,706.72998046875,707.4000244140625,706.6599731445312,707.0064697265625,159108,QQQ,1m
2026-05-12 14:14:00+00:00,707.0150146484375,707.7286987304688,707.0150146484375,707.6300048828125,78634,QQQ,1m
2026-05-12 14:15:00+00:00,707.6599731445312,707.9000244140625,707.5610961914062,707.7899169921875,68834,QQQ,1m
2026-05-12 14:16:00+00:00,707.8499755859375,707.969970703125,707.451416015625,707.5900268554688,78334,QQQ,1m
2026-05-12 14:17:00+00:00,707.6599731445312,707.739990234375,707.155029296875,707.3250122070312,65882,QQQ,1m
2026-05-12 14:18:00+00:00,707.3400268554688,707.5993041992188,707.0800170898438,707.5800170898438,65296,QQQ,1m
2026-05-12 14:19:00+00:00,707.5700073242188,708.3499755859375,707.47998046875,708.3099975585938,87206,QQQ,1m
2026-05-12 14:20:00+00:00,708.3350219726562,708.47998046875,707.9500732421875,708.02001953125,73074,QQQ,1m
2026-05-12 14:21:00+00:00,708.0499877929688,708.2399291992188,707.469970703125,707.5410766601562,91211,QQQ,1m
2026-05-12 14:22:00+00:00,707.489990234375,707.901123046875,707.35009765625,707.6400146484375,68468,QQQ,1m
2026-05-12 14:23:00+00:00,707.64501953125,707.64501953125,707.239990234375,707.27001953125,50555,QQQ,1m
2026-05-12 14:24:00+00:00,707.2750244140625,707.3800048828125,707.155029296875,707.27099609375,29292,QQQ,1m
2026-05-12 14:25:00+00:00,707.260009765625,707.5999755859375,706.6400756835938,706.719970703125,76048,QQQ,1m
2026-05-12 14:26:00+00:00,706.6699829101562,706.7999877929688,706.0599975585938,706.489990234375,162614,QQQ,1m
2026-05-12 14:27:00+00:00,706.469970703125,706.72998046875,706.1680297851562,706.22998046875,55672,QQQ,1m
2026-05-12 14:28:00+00:00,706.219970703125,706.2899780273438,705.2650146484375,705.3201293945312,142819,QQQ,1m
2026-05-12 14:29:00+00:00,705.27001953125,705.5700073242188,704.9400024414062,705.0401000976562,145020,QQQ,1m
2026-05-12 14:30:00+00:00,705.0499877929688,705.239990234375,704.1690063476562,704.1699829101562,193081,QQQ,1m
2026-05-12 14:31:00+00:00,704.1900024414062,704.25,703.5599975585938,703.8499755859375,267142,QQQ,1m
2026-05-12 14:32:00+00:00,703.9000244140625,704.489990234375,703.5800170898438,703.6900024414062,156880,QQQ,1m
2026-05-12 14:33:00+00:00,703.6799926757812,704.030029296875,703.1254272460938,703.4299926757812,174167,QQQ,1m
2026-05-12 14:34:00+00:00,703.4099731445312,704.080078125,703.239990234375,704.0,217187,QQQ,1m
2026-05-12 14:35:00+00:00,703.989990234375,704.3099975585938,703.3099975585938,703.47998046875,201439,QQQ,1m
2026-05-12 14:36:00+00:00,703.5,704.0,703.3300170898438,703.969970703125,96354,QQQ,1m
2026-05-12 14:37:00+00:00,703.989990234375,704.9299926757812,703.8499755859375,704.875,123205,QQQ,1m
2026-05-12 14:38:00+00:00,704.8499755859375,705.3388061523438,704.7899780273438,705.2000122070312,77614,QQQ,1m
2026-05-12 14:39:00+00:00,705.1599731445312,705.565185546875,705.0349731445312,705.3200073242188,72493,QQQ,1m
2026-05-12 14:40:00+00:00,705.4000244140625,705.47998046875,704.8699951171875,705.17822265625,84348,QQQ,1m
2026-05-12 14:41:00+00:00,705.0701293945312,705.260009765625,704.5,705.1199951171875,72732,QQQ,1m
2026-05-12 14:42:00+00:00,705.1500244140625,705.77001953125,705.130126953125,705.6799926757812,78153,QQQ,1m
2026-05-12 14:43:00+00:00,705.6926879882812,706.010009765625,705.2725219726562,705.5,61644,QQQ,1m
2026-05-12 14:44:00+00:00,705.47998046875,705.530029296875,704.9099731445312,705.019775390625,53256,QQQ,1m
2026-05-12 14:45:00+00:00,704.9600830078125,705.010009765625,704.469970703125,704.655029296875,427845,QQQ,1m
2026-05-12 14:46:00+00:00,704.6400146484375,704.840087890625,704.530029296875,704.5599975585938,47337,QQQ,1m
2026-05-12 14:47:00+00:00,704.5900268554688,704.698486328125,704.1699829101562,704.3699951171875,89078,QQQ,1m
2026-05-12 14:48:00+00:00,704.3200073242188,704.3900146484375,703.910888671875,704.0399780273438,87119,QQQ,1m
2026-05-12 14:49:00+00:00,704.0700073242188,704.1300048828125,703.8599853515625,703.9400024414062,71605,QQQ,1m
2026-05-12 14:50:00+00:00,703.9000244140625,704.1799926757812,703.6400756835938,703.6400756835938,93469,QQQ,1m
2026-05-12 14:51:00+00:00,703.6400146484375,703.760009765625,703.25,703.39501953125,84814,QQQ,1m
2026-05-12 14:52:00+00:00,703.419921875,704.388671875,703.419921875,704.3099975585938,78746,QQQ,1m
2026-05-12 14:53:00+00:00,704.31298828125,704.75,704.2249755859375,704.6599731445312,70938,QQQ,1m
2026-05-12 14:54:00+00:00,704.52001953125,704.6599731445312,704.2702026367188,704.3599853515625,45464,QQQ,1m
2026-05-12 14:55:00+00:00,704.3599853515625,704.6599731445312,704.260009765625,704.2700805664062,36086,QQQ,1m
2026-05-12 14:56:00+00:00,704.2600708007812,704.4000244140625,703.77001953125,703.9149780273438,54542,QQQ,1m
2026-05-12 14:57:00+00:00,703.9108276367188,703.9199829101562,703.2999877929688,703.5798950195312,77100,QQQ,1m
2026-05-12 14:58:00+00:00,703.590087890625,703.7000122070312,703.25,703.3150024414062,42208,QQQ,1m
2026-05-12 14:59:00+00:00,703.3209838867188,703.3800048828125,702.9500122070312,703.2999877929688,124677,QQQ,1m
2026-05-12 15:00:00+00:00,703.280029296875,703.6900024414062,703.0800170898438,703.1400146484375,103352,QQQ,1m
2026-05-12 15:01:00+00:00,703.1500244140625,703.280029296875,702.72998046875,702.77001953125,207660,QQQ,1m
2026-05-12 15:02:00+00:00,702.75,702.8599853515625,702.5399780273438,702.5798950195312,121416,QQQ,1m
2026-05-12 15:03:00+00:00,702.5900268554688,703.0499877929688,702.5,702.8499755859375,77545,QQQ,1m
2026-05-12 15:04:00+00:00,702.9000244140625,703.094970703125,702.510009765625,702.5549926757812,68454,QQQ,1m
2026-05-12 15:05:00+00:00,702.5595092773438,702.5800170898438,702.1699829101562,702.4901123046875,440346,QQQ,1m
2026-05-12 15:06:00+00:00,702.5,703.3499755859375,702.4600219726562,703.2000122070312,104873,QQQ,1m
2026-05-12 15:07:00+00:00,703.2000122070312,703.4299926757812,702.9400024414062,703.22998046875,62495,QQQ,1m
2026-05-12 15:08:00+00:00,703.22998046875,703.22998046875,702.7249755859375,703.1898803710938,80918,QQQ,1m
2026-05-12 15:09:00+00:00,703.2000122070312,703.510009765625,703.030029296875,703.4249877929688,84594,QQQ,1m
2026-05-12 15:10:00+00:00,703.4299926757812,703.5399780273438,703.0700073242188,703.3300170898438,73356,QQQ,1m
2026-05-12 15:11:00+00:00,703.3499755859375,703.3499755859375,702.8400268554688,702.8599853515625,53263,QQQ,1m
2026-05-12 15:12:00+00:00,702.8798828125,702.989990234375,702.5900268554688,702.6500244140625,85012,QQQ,1m
2026-05-12 15:13:00+00:00,702.6500244140625,702.8800048828125,702.3599853515625,702.875,82806,QQQ,1m
2026-05-12 15:14:00+00:00,702.8400268554688,702.8400268554688,702.0800170898438,702.0999755859375,129608,QQQ,1m
2026-05-12 15:15:00+00:00,702.0999755859375,702.1900024414062,701.4199829101562,701.5499877929688,269788,QQQ,1m
2026-05-12 15:16:00+00:00,701.5650024414062,701.9199829101562,701.2899780273438,701.3599853515625,146964,QQQ,1m
2026-05-12 15:17:00+00:00,701.3699951171875,701.5700073242188,700.9199829101562,701.4520263671875,356695,QQQ,1m
2026-05-12 15:18:00+00:00,701.47998046875,701.489990234375,700.8800048828125,700.969970703125,116202,QQQ,1m
2026-05-12 15:19:00+00:00,700.969970703125,701.440185546875,700.8900146484375,701.4299926757812,105224,QQQ,1m
2026-05-12 15:20:00+00:00,701.4299926757812,701.6400146484375,701.10009765625,701.4000244140625,95444,QQQ,1m
2026-05-12 15:21:00+00:00,701.4500122070312,701.5499877929688,700.8200073242188,700.9401245117188,104315,QQQ,1m
2026-05-12 15:22:00+00:00,701.010009765625,701.0499877929688,700.6900024414062,700.7901000976562,76952,QQQ,1m
2026-05-12 15:23:00+00:00,700.7901000976562,700.7999877929688,700.2100219726562,700.2100219726562,125279,QQQ,1m
2026-05-12 15:24:00+00:00,700.219970703125,700.2401123046875,699.75,700.1099853515625,319418,QQQ,1m
2026-05-12 15:25:00+00:00,700.110107421875,700.3300170898438,699.6605834960938,699.7830200195312,195504,QQQ,1m
2026-05-12 15:26:00+00:00,699.7550048828125,700.2901000976562,699.5700073242188,700.0900268554688,244891,QQQ,1m
2026-05-12 15:27:00+00:00,700.0800170898438,700.5,700.0,700.2000122070312,465559,QQQ,1m
2026-05-12 15:28:00+00:00,700.2000122070312,700.3699951171875,699.47998046875,699.6199951171875,190405,QQQ,1m
2026-05-12 15:29:00+00:00,699.6099853515625,700.0800170898438,699.5900268554688,699.93359375,179739,QQQ,1m
2026-05-12 15:30:00+00:00,699.97998046875,700.510009765625,699.8300170898438,699.9000244140625,182787,QQQ,1m
2026-05-12 15:31:00+00:00,699.8800048828125,700.3001098632812,699.8400268554688,700.1439819335938,106659,QQQ,1m
2026-05-12 15:32:00+00:00,700.0499877929688,700.6300048828125,700.0399780273438,700.5399780273438,143445,QQQ,1m
2026-05-12 15:33:00+00:00,700.5250244140625,700.8800048828125,700.3400268554688,700.6699829101562,119905,QQQ,1m
2026-05-12 15:34:00+00:00,700.6798706054688,701.125,700.6300048828125,700.9299926757812,144097,QQQ,1m
2026-05-12 15:35:00+00:00,700.9199829101562,700.9949951171875,700.4199829101562,700.7100219726562,170584,QQQ,1m
2026-05-12 15:36:00+00:00,700.7100219726562,701.0800170898438,700.3350219726562,700.8900146484375,68735,QQQ,1m
2026-05-12 15:37:00+00:00,700.8599853515625,701.1400146484375,700.85009765625,701.02001953125,198037,QQQ,1m
2026-05-12 15:38:00+00:00,701.0399169921875,701.4600219726562,700.9400024414062,701.4400024414062,107614,QQQ,1m
2026-05-12 15:39:00+00:00,701.4500732421875,701.6209106445312,701.2449951171875,701.3200073242188,113128,QQQ,1m
2026-05-12 15:40:00+00:00,701.2949829101562,701.5399780273438,701.2139892578125,701.3201293945312,56431,QQQ,1m
2026-05-12 15:41:00+00:00,701.3101196289062,701.3800048828125,700.6599731445312,700.8699951171875,70248,QQQ,1m
2026-05-12 15:42:00+00:00,700.8198852539062,701.0650024414062,700.52001953125,700.8809814453125,72416,QQQ,1m
2026-05-12 15:43:00+00:00,700.8900146484375,701.3800048828125,700.8699951171875,701.3699951171875,53648,QQQ,1m
2026-05-12 15:44:00+00:00,701.3599853515625,701.52001953125,701.1199951171875,701.25,91656,QQQ,1m
2026-05-12 15:45:00+00:00,701.2550048828125,701.5098876953125,701.1240234375,701.213623046875,38293,QQQ,1m
2026-05-12 15:46:00+00:00,701.239990234375,701.3699951171875,700.8900146484375,701.0499877929688,60806,QQQ,1m
2026-05-12 15:47:00+00:00,701.0401000976562,701.25,700.8499755859375,700.9400024414062,58159,QQQ,1m
2026-05-12 15:48:00+00:00,700.9500122070312,701.0,700.6510009765625,700.760009765625,90302,QQQ,1m
2026-05-12 15:49:00+00:00,700.7437744140625,700.9500122070312,700.6749877929688,700.7899780273438,35856,QQQ,1m
2026-05-12 15:50:00+00:00,700.7449951171875,700.9600219726562,700.2999877929688,700.5599975585938,48837,QQQ,1m
2026-05-12 15:51:00+00:00,700.5698852539062,700.8200073242188,700.2949829101562,700.6950073242188,116840,QQQ,1m
2026-05-12 15:52:00+00:00,700.6699829101562,700.780029296875,700.2501220703125,700.2501220703125,47206,QQQ,1m
2026-05-12 15:53:00+00:00,700.27001953125,700.4600219726562,700.0399780273438,700.0750122070312,92814,QQQ,1m
2026-05-12 15:54:00+00:00,700.0900268554688,700.1500244140625,699.8499755859375,699.8499755859375,128570,QQQ,1m
2026-05-12 15:55:00+00:00,699.7999877929688,699.9500122070312,699.469970703125,699.9099731445312,178550,QQQ,1m
2026-05-12 15:56:00+00:00,699.9099731445312,699.989990234375,699.5900268554688,699.6900024414062,80518,QQQ,1m
2026-05-12 15:57:00+00:00,699.6900024414062,699.77001953125,699.2100219726562,699.280029296875,106446,QQQ,1m
2026-05-12 15:58:00+00:00,699.280029296875,699.280029296875,698.9299926757812,699.0,155373,QQQ,1m
2026-05-12 15:59:00+00:00,699.0,699.2100219726562,698.7999877929688,699.030029296875,130767,QQQ,1m
2026-05-12 16:00:00+00:00,699.0349731445312,699.14501953125,698.3800048828125,699.0,199668,QQQ,1m
2026-05-12 16:01:00+00:00,699.0399780273438,699.8150024414062,698.9099731445312,699.780029296875,106740,QQQ,1m
2026-05-12 16:02:00+00:00,699.7650146484375,699.9000244140625,699.5800170898438,699.80029296875,274384,QQQ,1m
2026-05-12 16:03:00+00:00,699.8300170898438,700.3300170898438,699.8289794921875,700.2600708007812,124531,QQQ,1m
2026-05-12 16:04:00+00:00,700.3099975585938,700.4598999023438,699.9299926757812,700.2000122070312,118233,QQQ,1m
2026-05-12 16:05:00+00:00,700.219970703125,700.3900146484375,700.0599975585938,700.0900268554688,66544,QQQ,1m
2026-05-12 16:06:00+00:00,700.0900268554688,700.1300048828125,699.8499755859375,700.0579833984375,36217,QQQ,1m
2026-05-12 16:07:00+00:00,699.989990234375,700.3699951171875,699.9400024414062,700.0900268554688,65135,QQQ,1m
2026-05-12 16:08:00+00:00,700.1199951171875,700.1500244140625,699.6099853515625,699.6500244140625,50396,QQQ,1m
2026-05-12 16:09:00+00:00,699.5700073242188,699.780029296875,699.47998046875,699.739990234375,49548,QQQ,1m
2026-05-12 16:10:00+00:00,699.6799926757812,699.9550170898438,699.5999755859375,699.6998901367188,42105,QQQ,1m
2026-05-12 16:11:00+00:00,699.6400146484375,700.010009765625,699.489990234375,699.6699829101562,51841,QQQ,1m
2026-05-12 16:12:00+00:00,699.6799926757812,700.1300048828125,699.5900268554688,700.1300048828125,37682,QQQ,1m
2026-05-12 16:13:00+00:00,700.1300048828125,700.72998046875,700.1300048828125,700.72998046875,59880,QQQ,1m
2026-05-12 16:14:00+00:00,700.7000122070312,700.8900146484375,700.5700073242188,700.75,70587,QQQ,1m
2026-05-12 16:15:00+00:00,700.7000732421875,700.8099975585938,700.1699829101562,700.2899780273438,62999,QQQ,1m
2026-05-12 16:16:00+00:00,700.2999877929688,700.385009765625,700.0349731445312,700.2899780273438,40549,QQQ,1m
2026-05-12 16:17:00+00:00,700.239990234375,700.5198974609375,700.2100219726562,700.260009765625,64736,QQQ,1m
2026-05-12 16:18:00+00:00,700.25,700.4199829101562,699.8800048828125,699.969970703125,43231,QQQ,1m
2026-05-12 16:19:00+00:00,699.9500122070312,700.1326293945312,699.7899780273438,699.7899780273438,27141,QQQ,1m
2026-05-12 16:20:00+00:00,699.739990234375,700.0576171875,699.614990234375,700.030029296875,83548,QQQ,1m
2026-05-12 16:21:00+00:00,700.0499267578125,700.1500244140625,699.3250122070312,699.3250122070312,171243,QQQ,1m
2026-05-12 16:22:00+00:00,699.3150024414062,699.5545043945312,699.2449951171875,699.3150024414062,74926,QQQ,1m
2026-05-12 16:23:00+00:00,699.3599853515625,699.364990234375,699.135009765625,699.155029296875,163612,QQQ,1m
2026-05-12 16:24:00+00:00,699.1749877929688,699.2849731445312,698.825927734375,699.27001953125,93117,QQQ,1m
2026-05-12 16:25:00+00:00,699.27001953125,699.3300170898438,699.0,699.1300048828125,59213,QQQ,1m
2026-05-12 16:26:00+00:00,699.02001953125,699.4099731445312,698.9600219726562,699.3099975585938,38778,QQQ,1m
2026-05-12 16:27:00+00:00,699.3300170898438,699.3599853515625,699.0900268554688,699.2399291992188,41085,QQQ,1m
2026-05-12 16:28:00+00:00,699.22998046875,699.5599975585938,699.1799926757812,699.5250244140625,50396,QQQ,1m
2026-05-12 16:29:00+00:00,699.5211791992188,699.5399169921875,698.9298706054688,699.0549926757812,38196,QQQ,1m
2026-05-12 16:30:00+00:00,699.0399780273438,699.1900024414062,698.7999877929688,698.8099975585938,49682,QQQ,1m
2026-05-12 16:31:00+00:00,698.8200073242188,698.8499755859375,698.4099731445312,698.530029296875,80042,QQQ,1m
2026-05-12 16:32:00+00:00,698.5,698.510009765625,698.0499877929688,698.369873046875,160721,QQQ,1m
2026-05-12 16:33:00+00:00,698.4030151367188,698.4030151367188,698.0900268554688,698.1491088867188,80382,QQQ,1m
2026-05-12 16:34:00+00:00,698.125,698.5399780273438,698.0599975585938,698.4099731445312,98231,QQQ,1m
2026-05-12 16:35:00+00:00,698.340087890625,698.7899780273438,698.340087890625,698.6799926757812,92484,QQQ,1m
2026-05-12 16:36:00+00:00,698.6900024414062,698.9450073242188,698.5307006835938,698.8699951171875,51957,QQQ,1m
2026-05-12 16:37:00+00:00,698.8900146484375,699.0999755859375,698.6109008789062,698.64501953125,43587,QQQ,1m
2026-05-12 16:38:00+00:00,698.6400146484375,698.780029296875,698.27001953125,698.27001953125,60180,QQQ,1m
2026-05-12 16:39:00+00:00,698.27001953125,698.5800170898438,698.25,698.3599243164062,37046,QQQ,1m
2026-05-12 16:40:00+00:00,698.3699951171875,698.7550048828125,698.260009765625,698.469970703125,76126,QQQ,1m
2026-05-12 16:41:00+00:00,698.4500122070312,698.4500122070312,697.5599975585938,697.7000122070312,126740,QQQ,1m
2026-05-12 16:42:00+00:00,697.6849975585938,697.7000122070312,697.3599853515625,697.4149780273438,132973,QQQ,1m
2026-05-12 16:43:00+00:00,697.405029296875,697.760009765625,697.3499755859375,697.6699829101562,85087,QQQ,1m
2026-05-12 16:44:00+00:00,697.6099853515625,697.9849853515625,697.5900268554688,697.8499755859375,64334,QQQ,1m
2026-05-12 16:45:00+00:00,697.8330078125,698.2100219726562,697.4000244140625,697.5499877929688,78215,QQQ,1m
2026-05-12 16:46:00+00:00,697.489990234375,697.8200073242188,697.4201049804688,697.4299926757812,59465,QQQ,1m
2026-05-12 16:47:00+00:00,697.4500122070312,697.6099853515625,697.27001953125,697.2700805664062,85499,QQQ,1m
2026-05-12 16:48:00+00:00,697.27001953125,697.42578125,697.0499877929688,697.2572021484375,72104,QQQ,1m
2026-05-12 16:49:00+00:00,697.3200073242188,697.6799926757812,697.1599731445312,697.4749755859375,148565,QQQ,1m
2026-05-12 16:50:00+00:00,697.4302978515625,697.5850219726562,697.1099853515625,697.1799926757812,70058,QQQ,1m
2026-05-12 16:51:00+00:00,697.2000122070312,697.5399780273438,697.0499877929688,697.5150146484375,52989,QQQ,1m
2026-05-12 16:52:00+00:00,697.530029296875,697.7100219726562,696.8900146484375,697.0399780273438,137989,QQQ,1m
2026-05-12 16:53:00+00:00,697.010009765625,697.1300048828125,696.7899780273438,696.8900146484375,99570,QQQ,1m
2026-05-12 16:54:00+00:00,696.8800048828125,697.030029296875,696.6900024414062,696.9400024414062,82164,QQQ,1m
2026-05-12 16:55:00+00:00,696.8900146484375,697.1900024414062,696.72802734375,697.1300048828125,78602,QQQ,1m
2026-05-12 16:56:00+00:00,697.1199951171875,697.3499755859375,696.8499755859375,696.9901123046875,168044,QQQ,1m
2026-05-12 16:57:00+00:00,697.010009765625,697.0999755859375,696.8701171875,697.02001953125,57814,QQQ,1m
2026-05-12 16:58:00+00:00,697.0700073242188,697.1199951171875,696.6599731445312,696.7100219726562,53924,QQQ,1m
2026-05-12 16:59:00+00:00,696.6799926757812,697.030029296875,696.6600952148438,696.7999877929688,66508,QQQ,1m
2026-05-12 17:00:00+00:00,696.8200073242188,697.5800170898438,696.8200073242188,697.3900146484375,193013,QQQ,1m
2026-05-12 17:01:00+00:00,697.4099731445312,697.4600219726562,697.155029296875,697.3099975585938,51772,QQQ,1m
2026-05-12 17:02:00+00:00,697.2899780273438,697.469970703125,697.22998046875,697.3800048828125,49304,QQQ,1m
2026-05-12 17:03:00+00:00,697.385009765625,697.9600219726562,697.260009765625,697.9149780273438,96141,QQQ,1m
2026-05-12 17:04:00+00:00,697.9111938476562,698.0866088867188,697.8300170898438,697.9703979492188,74679,QQQ,1m
2026-05-12 17:05:00+00:00,697.9650268554688,698.4400024414062,697.9099731445312,698.4400024414062,100412,QQQ,1m
2026-05-12 17:06:00+00:00,698.427001953125,698.8400268554688,698.4000244140625,698.8099975585938,94887,QQQ,1m
2026-05-12 17:07:00+00:00,698.8049926757812,699.0499877929688,698.72998046875,698.8900146484375,89084,QQQ,1m
2026-05-12 17:08:00+00:00,698.8699951171875,698.9600219726562,698.35009765625,698.47998046875,111485,QQQ,1m
2026-05-12 17:09:00+00:00,698.5,698.530029296875,698.25,698.4400024414062,221020,QQQ,1m
2026-05-12 17:10:00+00:00,698.4199829101562,698.9099731445312,698.3200073242188,698.8400268554688,54308,QQQ,1m
2026-05-12 17:11:00+00:00,698.8400268554688,698.9600219726562,698.6599731445312,698.6699829101562,71155,QQQ,1m
2026-05-12 17:12:00+00:00,698.6799926757812,698.7899780273438,698.4000244140625,698.6599731445312,78373,QQQ,1m
2026-05-12 17:13:00+00:00,698.6530151367188,699.0401000976562,698.5800170898438,699.030029296875,47199,QQQ,1m
2026-05-12 17:14:00+00:00,699.02001953125,699.1599731445312,698.9299926757812,699.0999755859375,77501,QQQ,1m
2026-05-12 17:15:00+00:00,699.0999755859375,699.4099731445312,699.0599975585938,699.3599853515625,121500,QQQ,1m
2026-05-12 17:16:00+00:00,699.342529296875,699.4600219726562,699.2297973632812,699.4000244140625,389464,QQQ,1m
2026-05-12 17:17:00+00:00,699.3900146484375,699.739990234375,699.3900146484375,699.6599731445312,81557,QQQ,1m
2026-05-12 17:18:00+00:00,699.6699829101562,699.9630126953125,699.5800170898438,699.9000244140625,71762,QQQ,1m
2026-05-12 17:19:00+00:00,699.89501953125,700.1500244140625,699.6699829101562,699.9000244140625,97829,QQQ,1m
2026-05-12 17:20:00+00:00,700.0,700.4301147460938,699.9801025390625,700.2000122070312,99728,QQQ,1m
2026-05-12 17:21:00+00:00,700.1801147460938,700.5698852539062,700.1599731445312,700.4500122070312,98123,QQQ,1m
2026-05-12 17:22:00+00:00,700.489990234375,700.6699829101562,700.3300170898438,700.580078125,94093,QQQ,1m
2026-05-12 17:23:00+00:00,700.6011962890625,701.02001953125,700.6011962890625,701.0189819335938,89444,QQQ,1m
2026-05-12 17:24:00+00:00,700.989990234375,701.2899780273438,700.6699829101562,700.7600708007812,182074,QQQ,1m
2026-05-12 17:25:00+00:00,700.760009765625,700.8300170898438,700.2000122070312,700.29248046875,150010,QQQ,1m
2026-05-12 17:26:00+00:00,700.3192749023438,700.3400268554688,700.1199951171875,700.25,77466,QQQ,1m
2026-05-12 17:27:00+00:00,700.2550048828125,700.3800048828125,699.9099731445312,699.9201049804688,39440,QQQ,1m
2026-05-12 17:28:00+00:00,699.9000244140625,700.0399780273438,699.6099853515625,699.9998779296875,78702,QQQ,1m
2026-05-12 17:29:00+00:00,700.0,700.3499755859375,700.0,700.2349853515625,65114,QQQ,1m
2026-05-12 17:30:00+00:00,700.25,700.5900268554688,700.1099853515625,700.47998046875,53594,QQQ,1m
2026-05-12 17:31:00+00:00,700.5399780273438,700.6500244140625,700.1901245117188,700.219970703125,79048,QQQ,1m
2026-05-12 17:32:00+00:00,700.2830200195312,700.6599731445312,700.2200927734375,700.3900146484375,41744,QQQ,1m
2026-05-12 17:33:00+00:00,700.3900146484375,700.8499755859375,700.3699951171875,700.8200073242188,91040,QQQ,1m
2026-05-12 17:34:00+00:00,700.8250122070312,701.239990234375,700.760009765625,701.0700073242188,136266,QQQ,1m
2026-05-12 17:35:00+00:00,701.0601196289062,701.0900268554688,700.3200073242188,700.3599853515625,426661,QQQ,1m
2026-05-12 17:36:00+00:00,700.385009765625,700.646728515625,700.3803100585938,700.4000244140625,77044,QQQ,1m
2026-05-12 17:37:00+00:00,700.4500122070312,700.541015625,700.1199951171875,700.1699829101562,54315,QQQ,1m
2026-05-12 17:38:00+00:00,700.1610107421875,700.2899780273438,699.9600219726562,700.1799926757812,61619,QQQ,1m
2026-05-12 17:39:00+00:00,700.2000122070312,700.5800170898438,700.1099853515625,700.5241088867188,29954,QQQ,1m
2026-05-12 17:40:00+00:00,700.5200805664062,700.7000122070312,700.489990234375,700.6513061523438,32854,QQQ,1m
2026-05-12 17:41:00+00:00,700.6599731445312,700.7000122070312,700.5499877929688,700.6099853515625,18597,QQQ,1m
2026-05-12 17:42:00+00:00,700.5599975585938,700.719970703125,700.3800048828125,700.4099731445312,35316,QQQ,1m
2026-05-12 17:43:00+00:00,700.469970703125,700.739990234375,700.4500122070312,700.7000122070312,37107,QQQ,1m
2026-05-12 17:44:00+00:00,700.7100219726562,700.8200073242188,700.4703979492188,700.5599975585938,36854,QQQ,1m
2026-05-12 17:45:00+00:00,700.5800170898438,700.719970703125,700.4299926757812,700.52001953125,23476,QQQ,1m
2026-05-12 17:46:00+00:00,700.5599975585938,700.5900268554688,700.2780151367188,700.3900146484375,31986,QQQ,1m
2026-05-12 17:47:00+00:00,700.3900146484375,700.4696044921875,700.25,700.3800048828125,25250,QQQ,1m
2026-05-12 17:48:00+00:00,700.4000244140625,700.4299926757812,700.010009765625,700.0401000976562,35223,QQQ,1m
2026-05-12 17:49:00+00:00,700.0499877929688,700.4080200195312,699.989990234375,700.39990234375,31606,QQQ,1m
2026-05-12 17:50:00+00:00,700.4199829101562,700.4600219726562,700.1300048828125,700.1300048828125,26219,QQQ,1m
2026-05-12 17:51:00+00:00,700.1400146484375,700.344970703125,700.030029296875,700.2930297851562,24523,QQQ,1m
2026-05-12 17:52:00+00:00,700.2999877929688,700.6090087890625,700.280029296875,700.5700073242188,17838,QQQ,1m
2026-05-12 17:53:00+00:00,700.5838012695312,700.85498046875,700.5700073242188,700.719970703125,48312,QQQ,1m
2026-05-12 17:54:00+00:00,700.719970703125,700.9998779296875,700.719970703125,700.989990234375,62321,QQQ,1m
2026-05-12 17:55:00+00:00,700.989990234375,701.1400146484375,700.4500122070312,700.6099853515625,82596,QQQ,1m
2026-05-12 17:56:00+00:00,700.5275268554688,700.8499755859375,700.469970703125,700.7050170898438,81212,QQQ,1m
2026-05-12 17:57:00+00:00,700.718994140625,700.880126953125,700.66357421875,700.880126953125,43629,QQQ,1m
2026-05-12 17:58:00+00:00,700.8901977539062,700.8901977539062,700.6904907226562,700.7100219726562,31827,QQQ,1m
2026-05-12 17:59:00+00:00,700.6599731445312,701.1500244140625,700.6599731445312,701.0250244140625,27982,QQQ,1m
2026-05-12 18:00:00+00:00,701.010009765625,701.2999877929688,700.9299926757812,701.0800170898438,112258,QQQ,1m
2026-05-12 18:01:00+00:00,701.0800170898438,701.4400024414062,700.8900146484375,701.3800048828125,51933,QQQ,1m
2026-05-12 18:02:00+00:00,701.3499755859375,701.5999755859375,700.9000244140625,701.1900024414062,226436,QQQ,1m
2026-05-12 18:03:00+00:00,701.1799926757812,701.5800170898438,701.1599731445312,701.5050048828125,55222,QQQ,1m
2026-05-12 18:04:00+00:00,701.52001953125,701.5499877929688,701.22998046875,701.423828125,56861,QQQ,1m
2026-05-12 18:05:00+00:00,701.4299926757812,701.5499877929688,701.3599853515625,701.4099731445312,70728,QQQ,1m
2026-05-12 18:06:00+00:00,701.3900146484375,701.489990234375,701.260009765625,701.4299926757812,39981,QQQ,1m
2026-05-12 18:07:00+00:00,701.4400024414062,701.4400024414062,700.8800048828125,701.0,101867,QQQ,1m
2026-05-12 18:08:00+00:00,701.02001953125,701.1799926757812,700.97998046875,701.094970703125,19474,QQQ,1m
2026-05-12 18:09:00+00:00,701.0700073242188,701.1900024414062,700.9500122070312,700.9896240234375,47428,QQQ,1m
2026-05-12 18:10:00+00:00,700.989990234375,701.4099731445312,700.9769897460938,701.1900024414062,34320,QQQ,1m
2026-05-12 18:11:00+00:00,701.219970703125,701.219970703125,700.8499755859375,701.02001953125,33778,QQQ,1m
2026-05-12 18:12:00+00:00,701.0300903320312,701.2000122070312,700.8800048828125,701.1749877929688,36884,QQQ,1m
2026-05-12 18:13:00+00:00,701.1699829101562,701.2650146484375,701.0,701.2000122070312,16443,QQQ,1m
2026-05-12 18:14:00+00:00,701.1599731445312,701.7299194335938,701.1599731445312,701.7150268554688,43981,QQQ,1m
2026-05-12 18:15:00+00:00,701.6801147460938,702.030029296875,701.6400146484375,701.9749755859375,104557,QQQ,1m
2026-05-12 18:16:00+00:00,701.989990234375,702.0,701.6699829101562,701.75,60464,QQQ,1m
2026-05-12 18:17:00+00:00,701.739990234375,701.7799072265625,701.4099731445312,701.530029296875,90000,QQQ,1m
2026-05-12 18:18:00+00:00,701.530029296875,701.60498046875,701.3189086914062,701.3499755859375,40373,QQQ,1m
2026-05-12 18:19:00+00:00,701.36376953125,701.7401123046875,701.3499755859375,701.5999755859375,40575,QQQ,1m
2026-05-12 18:20:00+00:00,701.5700073242188,701.7349853515625,701.5150146484375,701.7288818359375,54771,QQQ,1m
2026-05-12 18:21:00+00:00,701.719970703125,701.8800048828125,701.64501953125,701.8499755859375,89573,QQQ,1m
2026-05-12 18:22:00+00:00,701.8499755859375,701.969970703125,701.7799072265625,701.8200073242188,62619,QQQ,1m
2026-05-12 18:23:00+00:00,701.8900146484375,701.9299926757812,701.7999877929688,701.864990234375,41732,QQQ,1m
2026-05-12 18:24:00+00:00,701.8699951171875,702.0579223632812,701.8193969726562,701.9000854492188,56323,QQQ,1m
2026-05-12 18:25:00+00:00,702.0137939453125,702.5,702.010009765625,702.3300170898438,92556,QQQ,1m
2026-05-12 18:26:00+00:00,702.3200073242188,702.8599853515625,702.3200073242188,702.719970703125,176587,QQQ,1m
2026-05-12 18:27:00+00:00,702.7260131835938,702.9199829101562,702.614990234375,702.885009765625,85869,QQQ,1m
2026-05-12 18:28:00+00:00,702.8499755859375,703.02001953125,702.72998046875,702.9600219726562,83439,QQQ,1m
2026-05-12 18:29:00+00:00,702.9400024414062,703.0,702.4500122070312,702.75,99172,QQQ,1m
2026-05-12 18:30:00+00:00,702.75,702.989990234375,702.5750122070312,702.9749755859375,58611,QQQ,1m
2026-05-12 18:31:00+00:00,702.9749755859375,703.155029296875,702.7899780273438,702.9000244140625,94304,QQQ,1m
2026-05-12 18:32:00+00:00,702.8900146484375,703.0549926757812,702.8699951171875,702.9207153320312,142371,QQQ,1m
2026-05-12 18:33:00+00:00,702.9099731445312,703.0599975585938,702.719970703125,702.7999877929688,31453,QQQ,1m
2026-05-12 18:34:00+00:00,702.7750244140625,702.7999877929688,702.530029296875,702.639892578125,57946,QQQ,1m
2026-05-12 18:35:00+00:00,702.6300048828125,702.6400146484375,702.3300170898438,702.6199951171875,83253,QQQ,1m
2026-05-12 18:36:00+00:00,702.6500244140625,702.8900146484375,702.6500244140625,702.8499755859375,62972,QQQ,1m
2026-05-12 18:37:00+00:00,702.8300170898438,703.0098876953125,702.7100219726562,702.75,95731,QQQ,1m
2026-05-12 18:38:00+00:00,702.72998046875,702.9860229492188,702.6950073242188,702.9400024414062,28465,QQQ,1m
2026-05-12 18:39:00+00:00,702.969970703125,703.0150146484375,702.510009765625,702.5399780273438,45096,QQQ,1m
2026-05-12 18:40:00+00:00,702.5399780273438,702.780029296875,702.5,702.630126953125,24070,QQQ,1m
2026-05-12 18:41:00+00:00,702.6649780273438,702.7999877929688,702.572998046875,702.7999877929688,44892,QQQ,1m
2026-05-12 18:42:00+00:00,702.77001953125,702.9400024414062,702.77001953125,702.8250122070312,37177,QQQ,1m
2026-05-12 18:43:00+00:00,702.8200073242188,702.9600219726562,702.6119995117188,702.676025390625,31149,QQQ,1m
2026-05-12 18:44:00+00:00,702.6099853515625,702.7199096679688,702.4099731445312,702.4600219726562,60908,QQQ,1m
2026-05-12 18:45:00+00:00,702.4500122070312,702.5097045898438,701.9199829101562,701.9650268554688,137083,QQQ,1m
2026-05-12 18:46:00+00:00,701.9500122070312,702.030029296875,701.6900024414062,701.7999877929688,95290,QQQ,1m
2026-05-12 18:47:00+00:00,701.8400268554688,702.0900268554688,701.6900024414062,702.0,74029,QQQ,1m
2026-05-12 18:48:00+00:00,702.0150146484375,702.3300170898438,701.9860229492188,702.239990234375,60660,QQQ,1m
2026-05-12 18:49:00+00:00,702.2000122070312,702.3800048828125,702.1799926757812,702.3250122070312,133629,QQQ,1m
2026-05-12 18:50:00+00:00,702.3200073242188,702.4600219726562,702.1699829101562,702.1849975585938,160096,QQQ,1m
2026-05-12 18:51:00+00:00,702.2000122070312,702.443115234375,702.2000122070312,702.3099975585938,26012,QQQ,1m
2026-05-12 18:52:00+00:00,702.280029296875,702.4849853515625,702.1699829101562,702.4299926757812,26071,QQQ,1m
2026-05-12 18:53:00+00:00,702.52001953125,702.8270263671875,702.4299926757812,702.77001953125,36082,QQQ,1m
2026-05-12 18:54:00+00:00,702.7899780273438,702.8400268554688,702.531494140625,702.5499877929688,44372,QQQ,1m
2026-05-12 18:55:00+00:00,702.593994140625,702.8800048828125,702.5,702.840087890625,25058,QQQ,1m
2026-05-12 18:56:00+00:00,702.8499755859375,703.0,702.760009765625,702.969970703125,60983,QQQ,1m
2026-05-12 18:57:00+00:00,702.969970703125,703.1400146484375,702.489990234375,702.635009765625,106638,QQQ,1m
2026-05-12 18:58:00+00:00,702.635009765625,702.7509765625,702.1599731445312,702.1950073242188,57284,QQQ,1m
2026-05-12 18:59:00+00:00,702.1801147460938,702.25,701.72998046875,701.8699951171875,125501,QQQ,1m
2026-05-12 19:00:00+00:00,701.9199829101562,702.4099731445312,701.9000244140625,702.3599853515625,54257,QQQ,1m
2026-05-12 19:01:00+00:00,702.3499755859375,702.52001953125,702.3499755859375,702.4569091796875,21097,QQQ,1m
2026-05-12 19:02:00+00:00,702.4653930664062,702.6500244140625,702.4500122070312,702.510009765625,21315,QQQ,1m
2026-05-12 19:03:00+00:00,702.52001953125,702.6099853515625,702.4299926757812,702.4849853515625,26763,QQQ,1m
2026-05-12 19:04:00+00:00,702.5,702.5850219726562,702.4608764648438,702.5791015625,23163,QQQ,1m
2026-05-12 19:05:00+00:00,702.5499877929688,702.6799926757812,702.3400268554688,702.3400268554688,29153,QQQ,1m
2026-05-12 19:06:00+00:00,702.35009765625,702.6099853515625,702.2899780273438,702.5999145507812,29092,QQQ,1m
2026-05-12 19:07:00+00:00,702.5999755859375,703.0399780273438,702.5999755859375,702.97998046875,104334,QQQ,1m
2026-05-12 19:08:00+00:00,702.97998046875,703.1099853515625,702.72998046875,702.8800048828125,72933,QQQ,1m
2026-05-12 19:09:00+00:00,702.9099731445312,702.989990234375,702.6300048828125,702.7899780273438,42717,QQQ,1m
2026-05-12 19:10:00+00:00,702.7849731445312,703.0900268554688,702.77001953125,703.0700073242188,25020,QQQ,1m
2026-05-12 19:11:00+00:00,703.0800170898438,703.52001953125,703.0700073242188,703.4299926757812,97359,QQQ,1m
2026-05-12 19:12:00+00:00,703.4199829101562,703.7196044921875,703.4199829101562,703.7000122070312,64846,QQQ,1m
2026-05-12 19:13:00+00:00,703.6900024414062,704.0,703.6701049804688,703.969970703125,89746,QQQ,1m
2026-05-12 19:14:00+00:00,703.9530029296875,704.1799926757812,703.8699951171875,703.9299926757812,126052,QQQ,1m
2026-05-12 19:15:00+00:00,704.0,704.5,704.0,704.3350219726562,99520,QQQ,1m
2026-05-12 19:16:00+00:00,704.3300170898438,704.3300170898438,704.010009765625,704.0599975585938,74907,QQQ,1m
2026-05-12 19:17:00+00:00,704.030029296875,704.2493896484375,704.0,704.1950073242188,55414,QQQ,1m
2026-05-12 19:18:00+00:00,704.2000122070312,704.25,704.0399780273438,704.094970703125,142691,QQQ,1m
2026-05-12 19:19:00+00:00,704.1199951171875,704.25,703.9099731445312,704.0399780273438,94186,QQQ,1m
2026-05-12 19:20:00+00:00,704.0499877929688,704.159912109375,703.73779296875,703.739990234375,41402,QQQ,1m
2026-05-12 19:21:00+00:00,703.72998046875,703.8099975585938,703.47998046875,703.530029296875,115102,QQQ,1m
2026-05-12 19:22:00+00:00,703.510009765625,703.6400146484375,703.3200073242188,703.3800048828125,148790,QQQ,1m
2026-05-12 19:23:00+00:00,703.364990234375,703.7299194335938,703.364990234375,703.6699829101562,61029,QQQ,1m
2026-05-12 19:24:00+00:00,703.6699829101562,704.019775390625,703.6400146484375,703.9000244140625,37370,QQQ,1m
2026-05-12 19:25:00+00:00,703.8900146484375,704.0723876953125,703.8900146484375,704.0150146484375,25455,QQQ,1m
2026-05-12 19:26:00+00:00,704.02001953125,704.1900024414062,703.9700927734375,704.0999755859375,38365,QQQ,1m
2026-05-12 19:27:00+00:00,704.1099853515625,704.1799926757812,704.0,704.0750122070312,47183,QQQ,1m
2026-05-12 19:28:00+00:00,704.0499877929688,704.2310180664062,704.0399780273438,704.1790161132812,32506,QQQ,1m
2026-05-12 19:29:00+00:00,704.1500244140625,704.22998046875,703.97998046875,704.0791015625,58456,QQQ,1m
2026-05-12 19:30:00+00:00,704.0800170898438,704.81201171875,704.0800170898438,704.77001953125,111526,QQQ,1m
2026-05-12 19:31:00+00:00,704.760009765625,705.030029296875,704.7000122070312,704.7899780273438,221882,QQQ,1m
2026-05-12 19:32:00+00:00,704.7949829101562,705.0880126953125,704.7100830078125,705.0800170898438,89918,QQQ,1m
2026-05-12 19:33:00+00:00,705.0999755859375,705.2498779296875,705.0399780273438,705.2100219726562,73007,QQQ,1m
2026-05-12 19:34:00+00:00,705.219970703125,705.6300048828125,705.1649780273438,705.469970703125,113522,QQQ,1m
2026-05-12 19:35:00+00:00,705.47998046875,705.5700073242188,705.2210083007812,705.260009765625,162678,QQQ,1m
2026-05-12 19:36:00+00:00,705.260009765625,705.3400268554688,705.0800170898438,705.2700805664062,153576,QQQ,1m
2026-05-12 19:37:00+00:00,705.27001953125,705.469970703125,705.1900024414062,705.3699951171875,142548,QQQ,1m
2026-05-12 19:38:00+00:00,705.3900146484375,705.469970703125,705.3400268554688,705.443603515625,60943,QQQ,1m
2026-05-12 19:39:00+00:00,705.4500122070312,705.6799926757812,705.4199829101562,705.6199951171875,71774,QQQ,1m
2026-05-12 19:40:00+00:00,705.6099853515625,705.6900024414062,705.4600219726562,705.6199951171875,108488,QQQ,1m
2026-05-12 19:41:00+00:00,705.639892578125,705.7550048828125,705.5900268554688,705.6799926757812,67002,QQQ,1m
2026-05-12 19:42:00+00:00,705.6500244140625,705.9199829101562,705.5399780273438,705.864990234375,88568,QQQ,1m
2026-05-12 19:43:00+00:00,705.8699951171875,706.02001953125,705.7713012695312,705.9600219726562,150769,QQQ,1m
2026-05-12 19:44:00+00:00,705.969970703125,706.1699829101562,705.950927734375,706.0499877929688,137021,QQQ,1m
2026-05-12 19:45:00+00:00,706.0549926757812,706.0800170898438,705.7000122070312,705.8049926757812,149860,QQQ,1m
2026-05-12 19:46:00+00:00,705.7999877929688,705.9000244140625,705.7100219726562,705.7249755859375,97873,QQQ,1m
2026-05-12 19:47:00+00:00,705.7100219726562,706.2000122070312,705.7100219726562,706.1900024414062,106308,QQQ,1m
2026-05-12 19:48:00+00:00,706.2000122070312,706.4500122070312,706.2000122070312,706.4299926757812,130513,QQQ,1m
2026-05-12 19:49:00+00:00,706.4500122070312,706.47998046875,706.219970703125,706.319580078125,121373,QQQ,1m
2026-05-12 19:50:00+00:00,706.3300170898438,706.8699951171875,706.260009765625,706.8099975585938,212657,QQQ,1m
2026-05-12 19:51:00+00:00,706.8150024414062,707.2000122070312,706.77001953125,707.1900024414062,207064,QQQ,1m
2026-05-12 19:52:00+00:00,707.1849975585938,707.2999877929688,706.8099975585938,707.2100219726562,159551,QQQ,1m
2026-05-12 19:53:00+00:00,707.2100219726562,707.5499877929688,707.1400146484375,707.5050048828125,233757,QQQ,1m
2026-05-12 19:54:00+00:00,707.5,707.5,706.77001953125,706.8699951171875,378214,QQQ,1m
2026-05-12 19:55:00+00:00,706.9000244140625,707.2288208007812,706.75,706.8599853515625,187825,QQQ,1m
2026-05-12 19:56:00+00:00,706.8499755859375,707.0499877929688,706.780029296875,706.989990234375,180938,QQQ,1m
2026-05-12 19:57:00+00:00,706.9849853515625,707.0599975585938,706.75,706.780029296875,223159,QQQ,1m
2026-05-12 19:58:00+00:00,706.7999877929688,707.2899780273438,706.780029296875,707.27001953125,277463,QQQ,1m
2026-05-12 19:59:00+00:00,707.280029296875,707.4000244140625,706.9199829101562,707.2000122070312,1009829,QQQ,1m
2026-05-13 13:30:00+00:00,709.8200073242188,709.9500122070312,709.1400146484375,709.3800048828125,3221895,QQQ,1m
2026-05-13 13:31:00+00:00,709.3599853515625,709.5,708.3001098632812,708.409912109375,292105,QQQ,1m
2026-05-13 13:32:00+00:00,708.3599853515625,709.280029296875,708.280029296875,708.780029296875,225918,QQQ,1m
2026-05-13 13:33:00+00:00,708.77001953125,709.469970703125,708.6900024414062,709.3599853515625,104586,QQQ,1m
2026-05-13 13:34:00+00:00,709.4185180664062,709.4600219726562,709.0599975585938,709.260009765625,96547,QQQ,1m
2026-05-13 13:35:00+00:00,709.3200073242188,709.3599853515625,708.1199951171875,708.27001953125,175627,QQQ,1m
2026-05-13 13:36:00+00:00,708.239990234375,708.47998046875,707.8499755859375,707.989990234375,204530,QQQ,1m
2026-05-13 13:37:00+00:00,707.969970703125,708.458984375,707.6599731445312,707.6599731445312,137445,QQQ,1m
2026-05-13 13:38:00+00:00,707.6799926757812,707.7849731445312,707.3400268554688,707.5999755859375,211528,QQQ,1m
2026-05-13 13:39:00+00:00,707.5900268554688,708.1099853515625,707.4509887695312,707.9401245117188,117338,QQQ,1m
2026-05-13 13:40:00+00:00,708.0,708.6300048828125,707.6300048828125,708.5321044921875,163276,QQQ,1m
2026-05-13 13:41:00+00:00,708.614990234375,709.2498779296875,708.5399780273438,709.1799926757812,175242,QQQ,1m
2026-05-13 13:42:00+00:00,709.230712890625,709.4400024414062,708.4400024414062,708.7904052734375,167434,QQQ,1m
2026-05-13 13:43:00+00:00,708.739990234375,708.9099731445312,708.5,708.79248046875,78854,QQQ,1m
2026-05-13 13:44:00+00:00,708.6599731445312,708.9199829101562,708.0700073242188,708.2000122070312,56223,QQQ,1m
2026-05-13 13:45:00+00:00,708.1300048828125,708.22998046875,707.030029296875,707.0910034179688,199494,QQQ,1m
2026-05-13 13:46:00+00:00,707.119873046875,707.1900024414062,706.22998046875,706.5499877929688,159678,QQQ,1m
2026-05-13 13:47:00+00:00,706.5399169921875,706.5700073242188,705.6510009765625,705.6510009765625,198750,QQQ,1m
2026-05-13 13:48:00+00:00,705.6199951171875,705.77001953125,704.8300170898438,704.9055786132812,190890,QQQ,1m
2026-05-13 13:49:00+00:00,704.9600219726562,706.5,704.9199829101562,706.2899780273438,213745,QQQ,1m
2026-05-13 13:50:00+00:00,706.280029296875,706.6500244140625,705.3400268554688,705.5800170898438,174038,QQQ,1m
2026-05-13 13:51:00+00:00,705.5599975585938,706.989990234375,705.5499877929688,706.47998046875,161883,QQQ,1m
2026-05-13 13:52:00+00:00,706.469970703125,707.27001953125,706.4099731445312,707.2698974609375,117484,QQQ,1m
2026-05-13 13:53:00+00:00,707.2677001953125,707.7100219726562,707.010009765625,707.7100219726562,175735,QQQ,1m
2026-05-13 13:54:00+00:00,707.7150268554688,708.3499755859375,707.530029296875,708.3350219726562,139791,QQQ,1m
2026-05-13 13:55:00+00:00,708.375,708.4799194335938,707.77001953125,707.8200073242188,201091,QQQ,1m
2026-05-13 13:56:00+00:00,707.8300170898438,707.8699951171875,706.8400268554688,706.9849853515625,136392,QQQ,1m
2026-05-13 13:57:00+00:00,706.875,707.469970703125,706.875,707.0999755859375,123835,QQQ,1m
2026-05-13 13:58:00+00:00,707.1300048828125,707.39990234375,706.861328125,706.9100952148438,82805,QQQ,1m
2026-05-13 13:59:00+00:00,706.9299926757812,707.8699951171875,706.6599731445312,707.1099853515625,109983,QQQ,1m
2026-05-13 14:00:00+00:00,707.1699829101562,707.4400024414062,706.9801025390625,707.0103149414062,96844,QQQ,1m
2026-05-13 14:01:00+00:00,707.02001953125,707.3499755859375,706.4949951171875,707.280517578125,85970,QQQ,1m
2026-05-13 14:02:00+00:00,707.355712890625,707.39990234375,706.7100219726562,706.9299926757812,54404,QQQ,1m
2026-05-13 14:03:00+00:00,706.8699951171875,707.260009765625,706.6900024414062,707.1300048828125,91460,QQQ,1m
2026-05-13 14:04:00+00:00,707.0999755859375,707.456298828125,706.469970703125,706.9600219726562,73030,QQQ,1m
2026-05-13 14:05:00+00:00,706.9500122070312,707.5499877929688,706.8200073242188,707.0999755859375,67330,QQQ,1m
2026-05-13 14:06:00+00:00,707.1300048828125,707.260009765625,706.760009765625,706.7949829101562,122738,QQQ,1m
2026-05-13 14:07:00+00:00,706.8699951171875,707.1199951171875,706.1860961914062,706.590087890625,130624,QQQ,1m
2026-05-13 14:08:00+00:00,706.5999755859375,706.6799926757812,705.9500122070312,706.0800170898438,85903,QQQ,1m
2026-05-13 14:09:00+00:00,706.10498046875,706.7100219726562,705.7899780273438,706.5399780273438,171505,QQQ,1m
2026-05-13 14:10:00+00:00,706.4299926757812,707.27001953125,706.4299926757812,706.655029296875,135550,QQQ,1m
2026-05-13 14:11:00+00:00,706.6599731445312,706.6798706054688,706.2100219726562,706.4500122070312,153423,QQQ,1m
2026-05-13 14:12:00+00:00,706.4400024414062,706.7999877929688,706.4400024414062,706.610107421875,53781,QQQ,1m
2026-05-13 14:13:00+00:00,706.6199951171875,707.6799926757812,706.6199951171875,707.4598999023438,140504,QQQ,1m
2026-05-13 14:14:00+00:00,707.469970703125,707.5499877929688,707.0700073242188,707.2100219726562,78671,QQQ,1m
2026-05-13 14:15:00+00:00,707.1900024414062,707.4498901367188,706.6749267578125,707.3350219726562,106452,QQQ,1m
2026-05-13 14:16:00+00:00,707.4500122070312,707.6900024414062,707.1099853515625,707.406005859375,75554,QQQ,1m
2026-05-13 14:17:00+00:00,707.4000244140625,707.5800170898438,707.010009765625,707.0700073242188,85513,QQQ,1m
2026-05-13 14:18:00+00:00,707.0,707.1099853515625,706.6799926757812,706.7199096679688,55143,QQQ,1m
2026-05-13 14:19:00+00:00,706.7100219726562,707.030029296875,706.6801147460938,707.030029296875,51600,QQQ,1m
2026-05-13 14:20:00+00:00,707.010009765625,707.6199951171875,706.9400024414062,707.489990234375,91528,QQQ,1m
2026-05-13 14:21:00+00:00,707.489990234375,708.0650024414062,707.489990234375,707.989990234375,78747,QQQ,1m
2026-05-13 14:22:00+00:00,707.969970703125,708.4500122070312,707.8800048828125,708.3800048828125,72052,QQQ,1m
2026-05-13 14:23:00+00:00,708.3699951171875,708.7139892578125,708.1199951171875,708.5999755859375,187585,QQQ,1m
2026-05-13 14:24:00+00:00,708.6900024414062,709.0,708.6900024414062,708.8300170898438,238076,QQQ,1m
2026-05-13 14:25:00+00:00,708.819580078125,709.47998046875,708.739990234375,708.8599853515625,103112,QQQ,1m
2026-05-13 14:26:00+00:00,708.8400268554688,709.2100219726562,708.7999877929688,709.0704956054688,139635,QQQ,1m
2026-05-13 14:27:00+00:00,709.0999755859375,709.3599853515625,708.6500244140625,708.6599731445312,70028,QQQ,1m
2026-05-13 14:28:00+00:00,708.6799926757812,709.1699829101562,708.6400146484375,709.090087890625,51832,QQQ,1m
2026-05-13 14:29:00+00:00,709.0798950195312,709.1699829101562,708.5501098632812,708.7899780273438,77717,QQQ,1m
2026-05-13 14:30:00+00:00,708.780029296875,709.25,708.6199951171875,709.1199951171875,110511,QQQ,1m
2026-05-13 14:31:00+00:00,709.0999755859375,709.3599853515625,708.6400756835938,708.6699829101562,94815,QQQ,1m
2026-05-13 14:32:00+00:00,708.6799926757812,708.8099975585938,708.4249877929688,708.64501953125,45897,QQQ,1m
2026-05-13 14:33:00+00:00,708.64501953125,708.9400024414062,708.6099853515625,708.8049926757812,64741,QQQ,1m
2026-05-13 14:34:00+00:00,708.8699951171875,709.719970703125,708.8699951171875,709.6699829101562,158206,QQQ,1m
2026-05-13 14:35:00+00:00,709.6649780273438,709.8099975585938,709.4199829101562,709.7999877929688,122504,QQQ,1m
2026-05-13 14:36:00+00:00,709.7999877929688,709.8200073242188,709.3300170898438,709.52001953125,107495,QQQ,1m
2026-05-13 14:37:00+00:00,709.5150146484375,709.530029296875,709.0399780273438,709.0599975585938,60821,QQQ,1m
2026-05-13 14:38:00+00:00,709.0800170898438,709.1199951171875,708.7999877929688,708.8900756835938,57480,QQQ,1m
2026-05-13 14:39:00+00:00,708.9099731445312,708.989990234375,708.3599853515625,708.8599853515625,55133,QQQ,1m
2026-05-13 14:40:00+00:00,708.8200073242188,708.9500122070312,708.5999755859375,708.8200073242188,108601,QQQ,1m
2026-05-13 14:41:00+00:00,708.8159790039062,709.260009765625,708.739990234375,709.0,85893,QQQ,1m
2026-05-13 14:42:00+00:00,709.030029296875,709.3400268554688,708.9099731445312,709.3300170898438,43669,QQQ,1m
2026-05-13 14:43:00+00:00,709.3499755859375,709.7100219726562,709.22998046875,709.6599731445312,164436,QQQ,1m
2026-05-13 14:44:00+00:00,709.6900024414062,709.6951293945312,709.2100830078125,709.4600219726562,338352,QQQ,1m
2026-05-13 14:45:00+00:00,709.4749755859375,709.8099975585938,709.0399780273438,709.3300170898438,62708,QQQ,1m
2026-05-13 14:46:00+00:00,709.4249877929688,709.4299926757812,708.9600219726562,708.97998046875,45744,QQQ,1m
2026-05-13 14:47:00+00:00,708.9500122070312,709.4993286132812,708.8099975585938,709.4993286132812,47749,QQQ,1m
2026-05-13 14:48:00+00:00,709.4899291992188,709.719970703125,709.4000244140625,709.6199951171875,38874,QQQ,1m
2026-05-13 14:49:00+00:00,709.6099853515625,709.739990234375,709.469970703125,709.5800170898438,37799,QQQ,1m
2026-05-13 14:50:00+00:00,709.5399780273438,709.6599731445312,709.4500122070312,709.6599731445312,20221,QQQ,1m
2026-05-13 14:51:00+00:00,709.6599731445312,709.7000122070312,709.27001953125,709.6599731445312,37104,QQQ,1m
2026-05-13 14:52:00+00:00,709.6699829101562,710.219970703125,709.6699829101562,710.0900268554688,130426,QQQ,1m
2026-05-13 14:53:00+00:00,710.0679931640625,710.489990234375,710.0599975585938,710.4199829101562,64148,QQQ,1m
2026-05-13 14:54:00+00:00,710.4400024414062,710.6799926757812,710.4400024414062,710.5399780273438,106476,QQQ,1m
2026-05-13 14:55:00+00:00,710.5800170898438,710.7852172851562,710.3800048828125,710.7000122070312,87805,QQQ,1m
2026-05-13 14:56:00+00:00,710.6400146484375,710.7999877929688,710.4500122070312,710.4949951171875,78443,QQQ,1m
2026-05-13 14:57:00+00:00,710.4949951171875,710.7000122070312,710.4401245117188,710.5,87334,QQQ,1m
2026-05-13 14:58:00+00:00,710.5399780273438,710.5999755859375,710.260009765625,710.5900268554688,273121,QQQ,1m
2026-05-13 14:59:00+00:00,710.5999145507812,710.8499755859375,710.5499877929688,710.7426147460938,62820,QQQ,1m
2026-05-13 15:00:00+00:00,710.72998046875,711.0999755859375,710.6799926757812,711.0700073242188,179624,QQQ,1m
2026-05-13 15:01:00+00:00,711.0700073242188,711.219970703125,711.0,711.1400146484375,90213,QQQ,1m
2026-05-13 15:02:00+00:00,711.140380859375,711.3499755859375,710.989990234375,711.2999877929688,63118,QQQ,1m
2026-05-13 15:03:00+00:00,711.3300170898438,711.4600219726562,711.260009765625,711.3599853515625,57418,QQQ,1m
2026-05-13 15:04:00+00:00,711.3699951171875,711.530029296875,711.1500244140625,711.1500244140625,91166,QQQ,1m
2026-05-13 15:05:00+00:00,711.1799926757812,711.2100219726562,710.7999877929688,710.8599853515625,197195,QQQ,1m
2026-05-13 15:06:00+00:00,710.8599853515625,711.102294921875,710.7899780273438,711.0549926757812,66778,QQQ,1m
2026-05-13 15:07:00+00:00,711.0700073242188,711.114990234375,710.780029296875,710.780029296875,29404,QQQ,1m
2026-05-13 15:08:00+00:00,710.8195190429688,710.9473876953125,710.6900024414062,710.8200073242188,32610,QQQ,1m
2026-05-13 15:09:00+00:00,710.8800048828125,711.1199951171875,710.860107421875,711.0501098632812,33032,QQQ,1m
2026-05-13 15:10:00+00:00,711.1099853515625,711.1500244140625,710.9100952148438,711.0549926757812,30199,QQQ,1m
2026-05-13 15:11:00+00:00,711.0399780273438,711.1400146484375,710.72998046875,710.75,26098,QQQ,1m
2026-05-13 15:12:00+00:00,710.7000122070312,710.8474731445312,710.4000244140625,710.52001953125,53341,QQQ,1m
2026-05-13 15:13:00+00:00,710.5,710.6300048828125,710.25,710.5900268554688,69287,QQQ,1m
2026-05-13 15:14:00+00:00,710.5900268554688,710.8699951171875,710.5899047851562,710.8300170898438,38860,QQQ,1m
2026-05-13 15:15:00+00:00,710.839599609375,711.25,710.75,711.1799926757812,72902,QQQ,1m
2026-05-13 15:16:00+00:00,711.1799926757812,711.2399291992188,710.9400024414062,711.22998046875,41673,QQQ,1m
2026-05-13 15:17:00+00:00,711.239990234375,711.2799072265625,711.030029296875,711.22998046875,28960,QQQ,1m
2026-05-13 15:18:00+00:00,711.219970703125,711.22998046875,711.0802001953125,711.1799926757812,20821,QQQ,1m
2026-05-13 15:19:00+00:00,711.1900024414062,711.1900024414062,710.8699951171875,711.0897827148438,30548,QQQ,1m
2026-05-13 15:20:00+00:00,711.0499877929688,711.2550048828125,710.8699951171875,711.22998046875,78290,QQQ,1m
2026-05-13 15:21:00+00:00,711.27001953125,711.2969970703125,711.0499877929688,711.0599975585938,41438,QQQ,1m
2026-05-13 15:22:00+00:00,711.0599975585938,711.1300048828125,710.9500732421875,711.0499877929688,40965,QQQ,1m
2026-05-13 15:23:00+00:00,711.0700073242188,711.0900268554688,710.77001953125,710.7899780273438,26810,QQQ,1m
2026-05-13 15:24:00+00:00,710.8599853515625,710.9398803710938,710.4500122070312,710.7454833984375,46424,QQQ,1m
2026-05-13 15:25:00+00:00,710.7319946289062,710.7319946289062,710.1799926757812,710.2100219726562,334233,QQQ,1m
2026-05-13 15:26:00+00:00,710.2000122070312,710.5098266601562,710.2000122070312,710.3699951171875,138551,QQQ,1m
2026-05-13 15:27:00+00:00,710.385009765625,710.4000244140625,709.8499755859375,710.009521484375,83318,QQQ,1m
2026-05-13 15:28:00+00:00,710.010009765625,710.559814453125,709.97998046875,710.559814453125,35243,QQQ,1m
2026-05-13 15:29:00+00:00,710.5999755859375,710.7000122070312,710.52001953125,710.5700073242188,39837,QQQ,1m
2026-05-13 15:30:00+00:00,710.5599975585938,710.7000122070312,709.9500122070312,710.1799926757812,52089,QQQ,1m
2026-05-13 15:31:00+00:00,710.25,710.7000122070312,710.1699829101562,710.659912109375,35612,QQQ,1m
2026-05-13 15:32:00+00:00,710.6699829101562,711.010009765625,710.6199951171875,710.9199829101562,64559,QQQ,1m
2026-05-13 15:33:00+00:00,710.8800048828125,710.905029296875,710.6500854492188,710.760009765625,44213,QQQ,1m
2026-05-13 15:34:00+00:00,710.77001953125,710.8699951171875,710.6500244140625,710.7901000976562,35128,QQQ,1m
2026-05-13 15:35:00+00:00,710.8099975585938,711.030029296875,710.6900024414062,711.0299072265625,52399,QQQ,1m
2026-05-13 15:36:00+00:00,711.0,711.3359985351562,710.97998046875,711.3200073242188,52976,QQQ,1m
2026-05-13 15:37:00+00:00,711.3099975585938,711.369873046875,711.1500244140625,711.2098999023438,26155,QQQ,1m
2026-05-13 15:38:00+00:00,711.260009765625,711.2899780273438,710.9448852539062,710.969970703125,28365,QQQ,1m
2026-05-13 15:39:00+00:00,710.9400024414062,711.14501953125,710.8800048828125,711.0899047851562,46792,QQQ,1m
2026-05-13 15:40:00+00:00,711.1099853515625,711.3499755859375,711.0999755859375,711.2999877929688,101933,QQQ,1m
2026-05-13 15:41:00+00:00,711.280029296875,711.6099853515625,711.280029296875,711.5449829101562,130232,QQQ,1m
2026-05-13 15:42:00+00:00,711.5900268554688,711.77001953125,711.5399780273438,711.6599731445312,112948,QQQ,1m
2026-05-13 15:43:00+00:00,711.72998046875,712.1099853515625,711.7100830078125,712.1069946289062,85349,QQQ,1m
2026-05-13 15:44:00+00:00,712.1099853515625,712.3599853515625,712.0798950195312,712.1900024414062,474821,QQQ,1m
2026-05-13 15:45:00+00:00,712.1900024414062,712.1900024414062,711.719970703125,711.7349853515625,58841,QQQ,1m
2026-05-13 15:46:00+00:00,711.739990234375,712.0150146484375,711.739990234375,711.8150024414062,23875,QQQ,1m
2026-05-13 15:47:00+00:00,711.8198852539062,712.02001953125,711.7999877929688,711.8200073242188,41805,QQQ,1m
2026-05-13 15:48:00+00:00,711.8200073242188,712.0098876953125,711.7100219726562,711.7750244140625,49901,QQQ,1m
2026-05-13 15:49:00+00:00,711.72998046875,711.7550048828125,711.5700073242188,711.5750122070312,51008,QQQ,1m
2026-05-13 15:50:00+00:00,711.5449829101562,711.5700073242188,711.155029296875,711.1699829101562,81346,QQQ,1m
2026-05-13 15:51:00+00:00,711.1699829101562,711.2293090820312,710.8200073242188,710.8300170898438,68854,QQQ,1m
2026-05-13 15:52:00+00:00,710.844970703125,711.0700073242188,710.72998046875,711.0499877929688,56250,QQQ,1m
2026-05-13 15:53:00+00:00,711.0499877929688,711.1799926757812,710.97998046875,711.1278076171875,121845,QQQ,1m
2026-05-13 15:54:00+00:00,711.1400146484375,711.3150024414062,711.0700073242188,711.2100219726562,59430,QQQ,1m
2026-05-13 15:55:00+00:00,711.2000122070312,711.2100219726562,710.6699829101562,710.6799926757812,72872,QQQ,1m
2026-05-13 15:56:00+00:00,710.6699829101562,710.9099731445312,710.6300048828125,710.8499755859375,54843,QQQ,1m
2026-05-13 15:57:00+00:00,710.8800048828125,710.8900146484375,710.4000244140625,710.4000854492188,48773,QQQ,1m
2026-05-13 15:58:00+00:00,710.3900146484375,710.5850219726562,710.2401123046875,710.5850219726562,59005,QQQ,1m
2026-05-13 15:59:00+00:00,710.5800170898438,710.6300048828125,710.3350219726562,710.5449829101562,45694,QQQ,1m
2026-05-13 16:00:00+00:00,710.5599975585938,710.8400268554688,710.2999877929688,710.7999877929688,74044,QQQ,1m
2026-05-13 16:01:00+00:00,710.8200073242188,710.969970703125,710.6500244140625,710.9500122070312,36582,QQQ,1m
2026-05-13 16:02:00+00:00,710.969970703125,711.2899780273438,710.9450073242188,711.27001953125,30496,QQQ,1m
2026-05-13 16:03:00+00:00,711.2999877929688,711.6099853515625,711.2000122070312,711.3300170898438,39682,QQQ,1m
2026-05-13 16:04:00+00:00,711.2949829101562,711.7094116210938,711.2949829101562,711.7094116210938,47805,QQQ,1m
2026-05-13 16:05:00+00:00,711.6950073242188,711.7098999023438,711.4320068359375,711.4400024414062,22852,QQQ,1m
2026-05-13 16:06:00+00:00,711.4400024414062,711.6099853515625,711.1599731445312,711.47998046875,50686,QQQ,1m
2026-05-13 16:07:00+00:00,711.4450073242188,711.739990234375,711.4100952148438,711.7349853515625,25570,QQQ,1m
2026-05-13 16:08:00+00:00,711.7249755859375,711.8599243164062,711.510009765625,711.8099975585938,39299,QQQ,1m
2026-05-13 16:09:00+00:00,711.8200073242188,711.9600219726562,711.6900024414062,711.9600219726562,35898,QQQ,1m
2026-05-13 16:10:00+00:00,711.9530029296875,712.0,711.8699951171875,711.969970703125,47089,QQQ,1m
2026-05-13 16:11:00+00:00,712.0,712.030029296875,711.8800048828125,711.8800048828125,41286,QQQ,1m
2026-05-13 16:12:00+00:00,711.8900146484375,712.1497802734375,711.8900146484375,712.1348266601562,36831,QQQ,1m
2026-05-13 16:13:00+00:00,712.1500244140625,712.27001953125,712.1400146484375,712.1798706054688,41800,QQQ,1m
2026-05-13 16:14:00+00:00,712.1699829101562,712.4400024414062,712.1500244140625,712.4000244140625,100477,QQQ,1m
2026-05-13 16:15:00+00:00,712.39990234375,712.5900268554688,712.3900146484375,712.5098876953125,68173,QQQ,1m
2026-05-13 16:16:00+00:00,712.510009765625,712.510009765625,712.1599731445312,712.1599731445312,68458,QQQ,1m
2026-05-13 16:17:00+00:00,712.1699829101562,712.4500122070312,712.1400146484375,712.4199829101562,36812,QQQ,1m
2026-05-13 16:18:00+00:00,712.4464111328125,712.47998046875,712.073974609375,712.1900024414062,73431,QQQ,1m
2026-05-13 16:19:00+00:00,712.1900024414062,712.3198852539062,712.1707153320312,712.2899780273438,22055,QQQ,1m
2026-05-13 16:20:00+00:00,712.2700805664062,712.3499755859375,712.1599731445312,712.1900024414062,41479,QQQ,1m
2026-05-13 16:21:00+00:00,712.1500244140625,712.3699951171875,712.1500244140625,712.2899780273438,25260,QQQ,1m
2026-05-13 16:22:00+00:00,712.2899780273438,712.6400146484375,712.25,712.6099853515625,48537,QQQ,1m
2026-05-13 16:23:00+00:00,712.6107177734375,712.9099731445312,712.5900268554688,712.7550048828125,99021,QQQ,1m
2026-05-13 16:24:00+00:00,712.7999877929688,713.6571044921875,712.780029296875,713.4550170898438,287573,QQQ,1m
2026-05-13 16:25:00+00:00,713.4450073242188,713.6799926757812,713.1201782226562,713.25,100811,QQQ,1m
2026-05-13 16:26:00+00:00,713.2590942382812,713.489990234375,713.0900268554688,713.114990234375,46345,QQQ,1m
2026-05-13 16:27:00+00:00,713.1099853515625,713.530029296875,712.9500122070312,713.530029296875,75668,QQQ,1m
2026-05-13 16:28:00+00:00,713.5921020507812,713.72998046875,713.5700073242188,713.7100219726562,55194,QQQ,1m
2026-05-13 16:29:00+00:00,713.7000122070312,713.77001953125,713.5599975585938,713.60009765625,70416,QQQ,1m
2026-05-13 16:30:00+00:00,713.5900268554688,713.7371826171875,713.4149780273438,713.52001953125,68014,QQQ,1m
2026-05-13 16:31:00+00:00,713.52001953125,713.5599975585938,713.030029296875,713.4580078125,134732,QQQ,1m
2026-05-13 16:32:00+00:00,713.4550170898438,713.6900024414062,713.4550170898438,713.6799926757812,46222,QQQ,1m
2026-05-13 16:33:00+00:00,713.6719970703125,713.77001953125,713.5501098632812,713.5501098632812,28427,QQQ,1m
2026-05-13 16:34:00+00:00,713.5700073242188,713.6699829101562,713.4199829101562,713.6599731445312,38965,QQQ,1m
2026-05-13 16:35:00+00:00,713.6500244140625,713.8499755859375,713.530029296875,713.60009765625,53826,QQQ,1m
2026-05-13 16:36:00+00:00,713.5399780273438,713.780029296875,713.4301147460938,713.719970703125,40215,QQQ,1m
2026-05-13 16:37:00+00:00,713.780029296875,713.8300170898438,713.5701293945312,713.5999755859375,28782,QQQ,1m
2026-05-13 16:38:00+00:00,713.5800170898438,713.780029296875,713.5700073242188,713.75,30548,QQQ,1m
2026-05-13 16:39:00+00:00,713.7282104492188,713.780029296875,713.4304809570312,713.4304809570312,32987,QQQ,1m
2026-05-13 16:40:00+00:00,713.4500122070312,713.6199951171875,713.4400024414062,713.6199951171875,30787,QQQ,1m
2026-05-13 16:41:00+00:00,713.610107421875,713.6599731445312,713.5700073242188,713.64501953125,326718,QQQ,1m
2026-05-13 16:42:00+00:00,713.6489868164062,713.7100219726562,713.5800170898438,713.6500244140625,55604,QQQ,1m
2026-05-13 16:43:00+00:00,713.6500244140625,713.75,713.6099853515625,713.7349853515625,39062,QQQ,1m
2026-05-13 16:44:00+00:00,713.7349853515625,713.760009765625,713.510009765625,713.5245971679688,46454,QQQ,1m
2026-05-13 16:45:00+00:00,713.510009765625,713.705810546875,713.510009765625,713.6799926757812,85676,QQQ,1m
2026-05-13 16:46:00+00:00,713.6799926757812,713.6799926757812,713.260009765625,713.3400268554688,34883,QQQ,1m
2026-05-13 16:47:00+00:00,713.280029296875,713.5499267578125,713.239990234375,713.510009765625,53265,QQQ,1m
2026-05-13 16:48:00+00:00,713.52001953125,713.6336059570312,713.4600219726562,713.6300048828125,32275,QQQ,1m
2026-05-13 16:49:00+00:00,713.6400146484375,713.6597900390625,713.330078125,713.39501953125,42397,QQQ,1m
2026-05-13 16:50:00+00:00,713.4000244140625,713.405029296875,713.22998046875,713.27001953125,47570,QQQ,1m
2026-05-13 16:51:00+00:00,713.27001953125,713.4423828125,713.1099243164062,713.4299926757812,85472,QQQ,1m
2026-05-13 16:52:00+00:00,713.4600219726562,713.5750122070312,713.2899780273438,713.3900146484375,391718,QQQ,1m
2026-05-13 16:53:00+00:00,713.4368286132812,713.6799926757812,713.2999877929688,713.5798950195312,49160,QQQ,1m
2026-05-13 16:54:00+00:00,713.5700073242188,713.6500244140625,713.5399780273438,713.6500244140625,25092,QQQ,1m
2026-05-13 16:55:00+00:00,713.6699829101562,714.030029296875,713.6500244140625,713.969970703125,103608,QQQ,1m
2026-05-13 16:56:00+00:00,713.989990234375,714.02001953125,713.8099975585938,713.8599853515625,39932,QQQ,1m
2026-05-13 16:57:00+00:00,713.8699951171875,714.1950073242188,713.869873046875,714.1400146484375,57987,QQQ,1m
2026-05-13 16:58:00+00:00,714.1199951171875,714.1199951171875,713.919921875,713.969970703125,40390,QQQ,1m
2026-05-13 16:59:00+00:00,713.9099731445312,713.9299926757812,713.6400146484375,713.8599243164062,39321,QQQ,1m
2026-05-13 17:00:00+00:00,713.9000244140625,714.3125,713.9000244140625,714.3125,52316,QQQ,1m
2026-05-13 17:01:00+00:00,714.3099975585938,714.5,714.1599731445312,714.4329833984375,69232,QQQ,1m
2026-05-13 17:02:00+00:00,714.4600219726562,714.510009765625,714.2999877929688,714.4000244140625,88315,QQQ,1m
2026-05-13 17:03:00+00:00,714.3900146484375,714.5499877929688,714.3300170898438,714.5300903320312,46394,QQQ,1m
2026-05-13 17:04:00+00:00,714.5399780273438,714.5399780273438,714.3699951171875,714.3699951171875,36120,QQQ,1m
2026-05-13 17:05:00+00:00,714.380126953125,714.8599853515625,714.3800048828125,714.8400268554688,105570,QQQ,1m
2026-05-13 17:06:00+00:00,714.8300170898438,714.9000244140625,714.7401123046875,714.8460083007812,80529,QQQ,1m
2026-05-13 17:07:00+00:00,714.7966918945312,714.885009765625,714.6199951171875,714.6500244140625,44570,QQQ,1m
2026-05-13 17:08:00+00:00,714.6599731445312,714.7999877929688,714.4600219726562,714.510009765625,36110,QQQ,1m
2026-05-13 17:09:00+00:00,714.5200805664062,714.6599731445312,714.4600219726562,714.5449829101562,29909,QQQ,1m
2026-05-13 17:10:00+00:00,714.5449829101562,714.89990234375,714.5399780273438,714.89990234375,36777,QQQ,1m
2026-05-13 17:11:00+00:00,714.9000244140625,714.9298706054688,714.6199951171875,714.6300048828125,50494,QQQ,1m
2026-05-13 17:12:00+00:00,714.6199951171875,714.7999877929688,714.6099243164062,714.7802124023438,25875,QQQ,1m
2026-05-13 17:13:00+00:00,714.77001953125,714.8900146484375,714.7100219726562,714.8400268554688,22694,QQQ,1m
2026-05-13 17:14:00+00:00,714.8499755859375,714.9249877929688,714.8099975585938,714.8099975585938,38071,QQQ,1m
2026-05-13 17:15:00+00:00,714.7999877929688,715.02001953125,714.760009765625,714.9199829101562,84951,QQQ,1m
2026-05-13 17:16:00+00:00,714.880126953125,714.9849853515625,714.6799926757812,714.7999877929688,48917,QQQ,1m
2026-05-13 17:17:00+00:00,714.7999877929688,714.8198852539062,714.5599975585938,714.719970703125,63044,QQQ,1m
2026-05-13 17:18:00+00:00,714.72998046875,714.739990234375,714.6300048828125,714.6701049804688,19675,QQQ,1m
2026-05-13 17:19:00+00:00,714.6699829101562,714.7628784179688,714.5800170898438,714.719970703125,26918,QQQ,1m
2026-05-13 17:20:00+00:00,714.7249755859375,714.7550048828125,714.5399780273438,714.6300048828125,31162,QQQ,1m
2026-05-13 17:21:00+00:00,714.6409912109375,714.760009765625,714.5900268554688,714.7100219726562,29969,QQQ,1m
2026-05-13 17:22:00+00:00,714.6810302734375,714.739990234375,714.655029296875,714.6950073242188,21167,QQQ,1m
2026-05-13 17:23:00+00:00,714.7150268554688,714.7249755859375,714.4500122070312,714.47998046875,26978,QQQ,1m
2026-05-13 17:24:00+00:00,714.489990234375,714.5499877929688,714.3099975585938,714.3099975585938,26342,QQQ,1m
2026-05-13 17:25:00+00:00,714.3099975585938,714.7000122070312,714.22998046875,714.6602172851562,95841,QQQ,1m
2026-05-13 17:26:00+00:00,714.6799926757812,714.8300170898438,714.6799926757812,714.7550048828125,48220,QQQ,1m
2026-05-13 17:27:00+00:00,714.7951049804688,714.9141845703125,714.780029296875,714.889892578125,19340,QQQ,1m
2026-05-13 17:28:00+00:00,714.885009765625,714.885009765625,714.7000122070312,714.70068359375,17477,QQQ,1m
2026-05-13 17:29:00+00:00,714.6900024414062,714.8300170898438,714.68701171875,714.8049926757812,10746,QQQ,1m
2026-05-13 17:30:00+00:00,714.7899780273438,714.9000244140625,714.6599731445312,714.6799926757812,21759,QQQ,1m
2026-05-13 17:31:00+00:00,714.659912109375,714.760009765625,714.5700073242188,714.739990234375,29251,QQQ,1m
2026-05-13 17:32:00+00:00,714.7000122070312,714.8300170898438,714.3900146484375,714.4000244140625,55329,QQQ,1m
2026-05-13 17:33:00+00:00,714.3499755859375,714.6199951171875,714.27001953125,714.5700073242188,49262,QQQ,1m
2026-05-13 17:34:00+00:00,714.6300048828125,714.6400146484375,714.4400024414062,714.4400024414062,18132,QQQ,1m
2026-05-13 17:35:00+00:00,714.3800048828125,714.47998046875,714.3200073242188,714.35498046875,15823,QQQ,1m
2026-05-13 17:36:00+00:00,714.3400268554688,714.4974975585938,714.2849731445312,714.4199829101562,23039,QQQ,1m
2026-05-13 17:37:00+00:00,714.489990234375,714.5499877929688,714.380126953125,714.469970703125,17328,QQQ,1m
2026-05-13 17:38:00+00:00,714.47998046875,714.5299072265625,714.3900756835938,714.4749755859375,29658,QQQ,1m
2026-05-13 17:39:00+00:00,714.4749755859375,714.530029296875,714.330078125,714.369873046875,196398,QQQ,1m
2026-05-13 17:40:00+00:00,714.3499755859375,714.47998046875,714.3400268554688,714.364990234375,13591,QQQ,1m
2026-05-13 17:41:00+00:00,714.3400268554688,714.4600219726562,714.2999877929688,714.4500122070312,18304,QQQ,1m
2026-05-13 17:42:00+00:00,714.4450073242188,714.47998046875,714.3699951171875,714.4500122070312,39595,QQQ,1m
2026-05-13 17:43:00+00:00,714.4600219726562,714.6599731445312,714.4500122070312,714.510009765625,48036,QQQ,1m
2026-05-13 17:44:00+00:00,714.4801025390625,714.6799926757812,714.47998046875,714.6500244140625,13658,QQQ,1m
2026-05-13 17:45:00+00:00,714.625,714.6849975585938,714.52001953125,714.635009765625,24921,QQQ,1m
2026-05-13 17:46:00+00:00,714.635009765625,714.719970703125,714.5900268554688,714.7150268554688,25387,QQQ,1m
2026-05-13 17:47:00+00:00,714.7000732421875,714.8099975585938,714.7000732421875,714.7750244140625,23235,QQQ,1m
2026-05-13 17:48:00+00:00,714.77001953125,714.7999877929688,714.469970703125,714.4801025390625,29607,QQQ,1m
2026-05-13 17:49:00+00:00,714.47998046875,714.6397094726562,714.4600219726562,714.5599975585938,14861,QQQ,1m
2026-05-13 17:50:00+00:00,714.5399780273438,714.760009765625,714.5399780273438,714.739990234375,31420,QQQ,1m
2026-05-13 17:51:00+00:00,714.75,714.8200073242188,714.6400146484375,714.6799926757812,25437,QQQ,1m
2026-05-13 17:52:00+00:00,714.6921997070312,714.6950073242188,714.5800170898438,714.6199951171875,22985,QQQ,1m
2026-05-13 17:53:00+00:00,714.6199951171875,714.739990234375,714.6199951171875,714.6701049804688,19037,QQQ,1m
2026-05-13 17:54:00+00:00,714.6500244140625,714.7000122070312,714.5650024414062,714.5798950195312,10572,QQQ,1m
2026-05-13 17:55:00+00:00,714.5599975585938,714.6400146484375,714.489990234375,714.489990234375,138007,QQQ,1m
2026-05-13 17:56:00+00:00,714.510009765625,714.510009765625,714.3699951171875,714.4099731445312,17946,QQQ,1m
2026-05-13 17:57:00+00:00,714.4000244140625,714.4199829101562,714.3099975585938,714.3499755859375,58961,QQQ,1m
2026-05-13 17:58:00+00:00,714.3599853515625,714.4299926757812,714.1300048828125,714.1300048828125,34860,QQQ,1m
2026-05-13 17:59:00+00:00,714.1400146484375,714.1400146484375,713.7000122070312,713.7224731445312,108769,QQQ,1m
2026-05-13 18:00:00+00:00,713.75,713.9600219726562,713.6749877929688,713.919921875,71507,QQQ,1m
2026-05-13 18:01:00+00:00,713.875,714.0599975585938,713.719970703125,714.0399780273438,60721,QQQ,1m
2026-05-13 18:02:00+00:00,714.0599975585938,714.22998046875,713.989990234375,714.1649780273438,33321,QQQ,1m
2026-05-13 18:03:00+00:00,714.1599731445312,714.3900146484375,714.0999755859375,714.2899780273438,22094,QQQ,1m
2026-05-13 18:04:00+00:00,714.2899780273438,714.5700073242188,714.2899780273438,714.4901123046875,33283,QQQ,1m
2026-05-13 18:05:00+00:00,714.530029296875,714.6500244140625,714.4400024414062,714.5499877929688,42390,QQQ,1m
2026-05-13 18:06:00+00:00,714.5599975585938,714.6699829101562,714.4829711914062,714.52001953125,36747,QQQ,1m
2026-05-13 18:07:00+00:00,714.52001953125,714.7000122070312,714.5,714.5499877929688,26753,QQQ,1m
2026-05-13 18:08:00+00:00,714.5399780273438,714.77001953125,714.510009765625,714.7550048828125,17490,QQQ,1m
2026-05-13 18:09:00+00:00,714.760009765625,714.89990234375,714.739990234375,714.8400268554688,46067,QQQ,1m
2026-05-13 18:10:00+00:00,714.8200073242188,715.0800170898438,714.7899780273438,715.0501098632812,79854,QQQ,1m
2026-05-13 18:11:00+00:00,715.030029296875,715.0700073242188,714.8900146484375,715.0,30973,QQQ,1m
2026-05-13 18:12:00+00:00,715.0158081054688,715.1599731445312,714.9500122070312,715.14501953125,64504,QQQ,1m
2026-05-13 18:13:00+00:00,715.14501953125,715.489990234375,715.1199951171875,715.489990234375,367815,QQQ,1m
2026-05-13 18:14:00+00:00,715.469970703125,715.6898803710938,715.469970703125,715.6300048828125,52634,QQQ,1m
2026-05-13 18:15:00+00:00,715.6500244140625,716.2999877929688,715.6500244140625,716.1649780273438,235313,QQQ,1m
2026-05-13 18:16:00+00:00,716.1799926757812,716.1900024414062,716.02001953125,716.1099853515625,66721,QQQ,1m
2026-05-13 18:17:00+00:00,716.0758056640625,716.1400146484375,715.85009765625,715.9099731445312,38156,QQQ,1m
2026-05-13 18:18:00+00:00,715.9201049804688,716.1799926757812,715.9000244140625,716.0850219726562,207472,QQQ,1m
2026-05-13 18:19:00+00:00,716.0900268554688,716.1900024414062,715.9700927734375,716.1500244140625,82937,QQQ,1m
2026-05-13 18:20:00+00:00,716.1599731445312,716.6500244140625,716.1099853515625,716.3900146484375,94068,QQQ,1m
2026-05-13 18:21:00+00:00,716.3701171875,716.47998046875,716.1801147460938,716.2349853515625,109269,QQQ,1m
2026-05-13 18:22:00+00:00,716.22998046875,716.3499755859375,716.1649780273438,716.280029296875,71624,QQQ,1m
2026-05-13 18:23:00+00:00,716.280029296875,716.510009765625,716.27001953125,716.344970703125,52782,QQQ,1m
2026-05-13 18:24:00+00:00,716.3699951171875,716.3900146484375,716.219970703125,716.2999877929688,39022,QQQ,1m
2026-05-13 18:25:00+00:00,716.3099975585938,716.4400024414062,716.2899780273438,716.3900146484375,54617,QQQ,1m
2026-05-13 18:26:00+00:00,716.3599853515625,716.510009765625,716.3101196289062,716.3101196289062,69000,QQQ,1m
2026-05-13 18:27:00+00:00,716.3350219726562,716.510009765625,716.3300170898438,716.4249877929688,49128,QQQ,1m
2026-05-13 18:28:00+00:00,716.4199829101562,716.576904296875,716.3300170898438,716.576904296875,40843,QQQ,1m
2026-05-13 18:29:00+00:00,716.5599975585938,716.6099853515625,716.239990234375,716.280029296875,94587,QQQ,1m
2026-05-13 18:30:00+00:00,716.2750244140625,716.4149780273438,716.101318359375,716.14599609375,207377,QQQ,1m
2026-05-13 18:31:00+00:00,716.1599731445312,716.3499755859375,716.0599975585938,716.0635986328125,44725,QQQ,1m
2026-05-13 18:32:00+00:00,716.0599975585938,716.1199951171875,715.9500122070312,716.10498046875,102892,QQQ,1m
2026-05-13 18:33:00+00:00,716.1199951171875,716.14501953125,715.989990234375,716.0999755859375,35469,QQQ,1m
2026-05-13 18:34:00+00:00,716.0800170898438,716.219970703125,715.94970703125,716.1400146484375,56571,QQQ,1m
2026-05-13 18:35:00+00:00,716.1300048828125,716.1500244140625,715.9349975585938,715.9349975585938,25964,QQQ,1m
2026-05-13 18:36:00+00:00,715.9199829101562,716.02001953125,715.780029296875,715.780029296875,137057,QQQ,1m
2026-05-13 18:37:00+00:00,715.780029296875,715.7899169921875,715.530029296875,715.6900024414062,68607,QQQ,1m
2026-05-13 18:38:00+00:00,715.6900024414062,715.719970703125,715.344970703125,715.5800170898438,82381,QQQ,1m
2026-05-13 18:39:00+00:00,715.6099853515625,715.760009765625,715.5300903320312,715.7249755859375,57298,QQQ,1m
2026-05-13 18:40:00+00:00,715.739990234375,715.9199829101562,715.7150268554688,715.7650146484375,39245,QQQ,1m
2026-05-13 18:41:00+00:00,715.75,715.9400024414062,715.7415161132812,715.8800048828125,43507,QQQ,1m
2026-05-13 18:42:00+00:00,715.8599853515625,715.8699951171875,715.6599731445312,715.6619873046875,93334,QQQ,1m
2026-05-13 18:43:00+00:00,715.6718139648438,715.739990234375,715.530029296875,715.5750122070312,49236,QQQ,1m
2026-05-13 18:44:00+00:00,715.5599975585938,715.5900268554688,715.4000244140625,715.4099731445312,61877,QQQ,1m
2026-05-13 18:45:00+00:00,715.4099731445312,715.6199951171875,715.3800048828125,715.5900268554688,95587,QQQ,1m
2026-05-13 18:46:00+00:00,715.5750122070312,715.6400756835938,715.302978515625,715.3300170898438,71273,QQQ,1m
2026-05-13 18:47:00+00:00,715.3150024414062,715.3599853515625,715.1699829101562,715.2119140625,64944,QQQ,1m
2026-05-13 18:48:00+00:00,715.1950073242188,715.530029296875,715.1950073242188,715.4249877929688,42621,QQQ,1m
2026-05-13 18:49:00+00:00,715.4199829101562,715.5759887695312,715.3099975585938,715.375,53245,QQQ,1m
2026-05-13 18:50:00+00:00,715.3800048828125,715.4000244140625,715.219970703125,715.2899780273438,46318,QQQ,1m
2026-05-13 18:51:00+00:00,715.280029296875,715.2999877929688,715.0404052734375,715.1900024414062,179294,QQQ,1m
2026-05-13 18:52:00+00:00,715.1799926757812,715.2899780273438,715.0798950195312,715.114990234375,61600,QQQ,1m
2026-05-13 18:53:00+00:00,715.114990234375,715.2899780273438,715.0999755859375,715.22998046875,51906,QQQ,1m
2026-05-13 18:54:00+00:00,715.239990234375,715.3900146484375,715.010009765625,715.22998046875,120230,QQQ,1m
2026-05-13 18:55:00+00:00,715.239990234375,715.239990234375,715.02001953125,715.0700073242188,47993,QQQ,1m
2026-05-13 18:56:00+00:00,715.0999755859375,715.1199951171875,714.989990234375,715.0601196289062,61512,QQQ,1m
2026-05-13 18:57:00+00:00,715.0900268554688,715.2064819335938,715.030029296875,715.0499877929688,27936,QQQ,1m
2026-05-13 18:58:00+00:00,715.0469970703125,715.0700073242188,714.6400146484375,714.6699829101562,69621,QQQ,1m
2026-05-13 18:59:00+00:00,714.6599731445312,714.6699829101562,714.27001953125,714.35009765625,122061,QQQ,1m
2026-05-13 19:00:00+00:00,714.4299926757812,714.969970703125,714.3800048828125,714.877197265625,89937,QQQ,1m
2026-05-13 19:01:00+00:00,714.8900146484375,714.9199829101562,714.77001953125,714.7899780273438,27481,QQQ,1m
2026-05-13 19:02:00+00:00,714.760009765625,714.885009765625,714.635009765625,714.7349853515625,26119,QQQ,1m
2026-05-13 19:03:00+00:00,714.739990234375,714.9199829101562,714.7100219726562,714.8150024414062,25422,QQQ,1m
2026-05-13 19:04:00+00:00,714.8200073242188,714.8900146484375,714.7546997070312,714.8250122070312,521180,QQQ,1m
2026-05-13 19:05:00+00:00,714.8499145507812,715.02001953125,714.8200073242188,714.8400268554688,58250,QQQ,1m
2026-05-13 19:06:00+00:00,714.8300170898438,714.8400268554688,714.5601806640625,714.7349853515625,75505,QQQ,1m
2026-05-13 19:07:00+00:00,714.72998046875,714.9400024414062,714.72998046875,714.9400024414062,48403,QQQ,1m
2026-05-13 19:08:00+00:00,714.9500122070312,715.1801147460938,714.9000244140625,715.1400146484375,71300,QQQ,1m
2026-05-13 19:09:00+00:00,715.1400146484375,715.5800170898438,715.1099853515625,715.510009765625,119448,QQQ,1m
2026-05-13 19:10:00+00:00,715.5,715.6400146484375,715.4600219726562,715.5250244140625,65322,QQQ,1m
2026-05-13 19:11:00+00:00,715.52001953125,715.5700073242188,715.3201293945312,715.4099731445312,48746,QQQ,1m
2026-05-13 19:12:00+00:00,715.41162109375,715.4349975585938,715.2999877929688,715.4099731445312,63976,QQQ,1m
2026-05-13 19:13:00+00:00,715.4193115234375,715.6599731445312,715.3900146484375,715.6300048828125,30503,QQQ,1m
2026-05-13 19:14:00+00:00,715.6400146484375,715.760009765625,715.6201171875,715.705078125,49662,QQQ,1m
2026-05-13 19:15:00+00:00,715.6799926757812,715.7197875976562,715.5800170898438,715.6500244140625,21512,QQQ,1m
2026-05-13 19:16:00+00:00,715.6599731445312,715.6950073242188,715.47998046875,715.635009765625,37626,QQQ,1m
2026-05-13 19:17:00+00:00,715.6500244140625,715.7799072265625,715.6300048828125,715.760009765625,52195,QQQ,1m
2026-05-13 19:18:00+00:00,715.77001953125,716.0499877929688,715.75,716.0001220703125,87447,QQQ,1m
2026-05-13 19:19:00+00:00,716.02001953125,716.02001953125,715.8800048828125,715.9550170898438,36861,QQQ,1m
2026-05-13 19:20:00+00:00,715.969970703125,716.0499877929688,715.6699829101562,715.6799926757812,35251,QQQ,1m
2026-05-13 19:21:00+00:00,715.6947021484375,715.760009765625,715.5449829101562,715.5449829101562,62242,QQQ,1m
2026-05-13 19:22:00+00:00,715.5650024414062,715.7999877929688,715.4201049804688,715.77001953125,106203,QQQ,1m
2026-05-13 19:23:00+00:00,715.77001953125,715.7999877929688,715.3740234375,715.4199829101562,39142,QQQ,1m
2026-05-13 19:24:00+00:00,715.4199829101562,715.530029296875,715.1500244140625,715.2299194335938,59310,QQQ,1m
2026-05-13 19:25:00+00:00,715.2100219726562,715.3494873046875,715.0700073242188,715.3300170898438,49175,QQQ,1m
2026-05-13 19:26:00+00:00,715.3200073242188,715.5,715.25,715.4598999023438,39800,QQQ,1m
2026-05-13 19:27:00+00:00,715.4526977539062,715.6500244140625,715.4526977539062,715.6099853515625,31064,QQQ,1m
2026-05-13 19:28:00+00:00,715.6162719726562,715.6599731445312,715.52001953125,715.5399780273438,34292,QQQ,1m
2026-05-13 19:29:00+00:00,715.4901123046875,715.6998901367188,715.4600830078125,715.6799926757812,44289,QQQ,1m
2026-05-13 19:30:00+00:00,715.6900024414062,715.75,715.5900268554688,715.6799926757812,43104,QQQ,1m
2026-05-13 19:31:00+00:00,715.6799926757812,715.760009765625,715.66162109375,715.7100219726562,146503,QQQ,1m
2026-05-13 19:32:00+00:00,715.7000122070312,715.739990234375,715.5700073242188,715.5999755859375,46534,QQQ,1m
2026-05-13 19:33:00+00:00,715.5999755859375,715.60498046875,715.3900146484375,715.47998046875,60260,QQQ,1m
2026-05-13 19:34:00+00:00,715.47998046875,715.5805053710938,715.4099731445312,715.4600219726562,158343,QQQ,1m
2026-05-13 19:35:00+00:00,715.47998046875,715.5380249023438,715.4450073242188,715.4799194335938,45542,QQQ,1m
2026-05-13 19:36:00+00:00,715.4710083007812,715.6599731445312,715.3599853515625,715.6500244140625,101346,QQQ,1m
2026-05-13 19:37:00+00:00,715.6798706054688,715.6900024414062,715.510009765625,715.5499877929688,83990,QQQ,1m
2026-05-13 19:38:00+00:00,715.5650024414062,715.75,715.552978515625,715.723388671875,47955,QQQ,1m
2026-05-13 19:39:00+00:00,715.7249755859375,715.8099975585938,715.6699829101562,715.7249755859375,50407,QQQ,1m
2026-05-13 19:40:00+00:00,715.739990234375,715.9199829101562,715.739990234375,715.8890991210938,77619,QQQ,1m
2026-05-13 19:41:00+00:00,715.8699951171875,715.9299926757812,715.7100219726562,715.7100219726562,64336,QQQ,1m
2026-05-13 19:42:00+00:00,715.6900024414062,715.7899780273438,715.6500244140625,715.7899780273438,47052,QQQ,1m
2026-05-13 19:43:00+00:00,715.7999267578125,715.885009765625,715.739990234375,715.8099975585938,34826,QQQ,1m
2026-05-13 19:44:00+00:00,715.8001098632812,715.885009765625,715.6900024414062,715.8699951171875,57449,QQQ,1m
2026-05-13 19:45:00+00:00,715.875,715.889892578125,715.7849731445312,715.8499755859375,55185,QQQ,1m
2026-05-13 19:46:00+00:00,715.864990234375,715.9099731445312,715.8400268554688,715.8900756835938,802444,QQQ,1m
2026-05-13 19:47:00+00:00,715.89990234375,716.010009765625,715.8800048828125,716.0050048828125,121365,QQQ,1m
2026-05-13 19:48:00+00:00,716.0050048828125,716.0499877929688,715.9099731445312,715.9249877929688,104047,QQQ,1m
2026-05-13 19:49:00+00:00,715.9299926757812,715.9400024414062,715.75,715.8400268554688,109181,QQQ,1m
2026-05-13 19:50:00+00:00,715.8300170898438,715.8300170898438,714.7249755859375,714.8400268554688,198517,QQQ,1m
2026-05-13 19:51:00+00:00,714.8699951171875,714.9199829101562,714.1300048828125,714.2999877929688,185507,QQQ,1m
2026-05-13 19:52:00+00:00,714.3099975585938,714.5999755859375,714.22998046875,714.3099975585938,171428,QQQ,1m
2026-05-13 19:53:00+00:00,714.3099975585938,714.4099731445312,713.97998046875,714.4099731445312,166219,QQQ,1m
2026-05-13 19:54:00+00:00,714.4000244140625,714.4000244140625,713.8599853515625,714.1099853515625,290556,QQQ,1m
2026-05-13 19:55:00+00:00,714.1300048828125,714.469970703125,714.0999755859375,714.4400024414062,188872,QQQ,1m
2026-05-13 19:56:00+00:00,714.4400024414062,714.5599975585938,714.1799926757812,714.530029296875,153269,QQQ,1m
2026-05-13 19:57:00+00:00,714.5349731445312,714.6099853515625,714.4149780273438,714.5999755859375,187059,QQQ,1m
2026-05-13 19:58:00+00:00,714.6099853515625,714.6500244140625,714.3499755859375,714.60498046875,327147,QQQ,1m
2026-05-13 19:59:00+00:00,714.60498046875,714.719970703125,714.4000244140625,714.47998046875,1000031,QQQ,1m
2026-05-14 13:30:00+00:00,714.6199951171875,715.0,714.3300170898438,714.5599975585938,1662578,QQQ,1m
2026-05-14 13:31:00+00:00,714.5499877929688,715.25,714.219970703125,715.1616821289062,92919,QQQ,1m
2026-05-14 13:32:00+00:00,715.1599731445312,715.9299926757812,715.1599731445312,715.5800170898438,127973,QQQ,1m
2026-05-14 13:33:00+00:00,715.6600952148438,716.2999267578125,715.4600219726562,716.1199951171875,177507,QQQ,1m
2026-05-14 13:34:00+00:00,716.0999755859375,716.469970703125,716.02001953125,716.469970703125,88316,QQQ,1m
2026-05-14 13:35:00+00:00,716.4201049804688,716.9500122070312,716.2200927734375,716.7999877929688,162401,QQQ,1m
2026-05-14 13:36:00+00:00,716.8499755859375,716.989990234375,716.5684814453125,716.6298828125,221522,QQQ,1m
2026-05-14 13:37:00+00:00,716.6286010742188,717.4199829101562,716.580078125,717.219970703125,182640,QQQ,1m
2026-05-14 13:38:00+00:00,717.219970703125,717.5598754882812,716.989990234375,717.4349975585938,147421,QQQ,1m
2026-05-14 13:39:00+00:00,717.4099731445312,717.6500244140625,717.1920166015625,717.3400268554688,109380,QQQ,1m
2026-05-14 13:40:00+00:00,717.3699951171875,717.4500122070312,717.0499877929688,717.340087890625,130817,QQQ,1m
2026-05-14 13:41:00+00:00,717.3499755859375,717.9099731445312,717.27001953125,717.85498046875,140724,QQQ,1m
2026-05-14 13:42:00+00:00,717.8499755859375,717.9000244140625,717.5,717.8939819335938,95479,QQQ,1m
2026-05-14 13:43:00+00:00,717.8800048828125,718.1300048828125,717.72998046875,718.0,134310,QQQ,1m
2026-05-14 13:44:00+00:00,717.989990234375,718.3499755859375,717.8400268554688,718.2650146484375,120158,QQQ,1m
2026-05-14 13:45:00+00:00,718.25,719.3800048828125,718.25,719.0599975585938,284046,QQQ,1m
2026-05-14 13:46:00+00:00,719.0499877929688,719.4949951171875,718.8400268554688,718.9420166015625,237643,QQQ,1m
2026-05-14 13:47:00+00:00,718.9000244140625,719.2899780273438,718.8699951171875,719.27001953125,109348,QQQ,1m
2026-05-14 13:48:00+00:00,719.260009765625,719.260009765625,718.6300048828125,718.7100219726562,133309,QQQ,1m
2026-05-14 13:49:00+00:00,718.72998046875,719.5499877929688,718.5770874023438,719.2127075195312,194299,QQQ,1m
2026-05-14 13:50:00+00:00,719.2100219726562,719.6900024414062,718.489990234375,718.5999755859375,214141,QQQ,1m
2026-05-14 13:51:00+00:00,718.6099853515625,718.9699096679688,718.3300170898438,718.8200073242188,120960,QQQ,1m
2026-05-14 13:52:00+00:00,718.8300170898438,718.8699951171875,717.9400024414062,718.8400268554688,175194,QQQ,1m
2026-05-14 13:53:00+00:00,718.7899780273438,718.8150024414062,718.239990234375,718.5499877929688,89958,QQQ,1m
2026-05-14 13:54:00+00:00,718.5797729492188,718.6699829101562,717.8499755859375,717.8599853515625,146710,QQQ,1m
2026-05-14 13:55:00+00:00,717.8499755859375,717.8900146484375,717.2999877929688,717.6701049804688,149217,QQQ,1m
2026-05-14 13:56:00+00:00,717.780029296875,718.2498779296875,717.6900024414062,717.8800048828125,88768,QQQ,1m
2026-05-14 13:57:00+00:00,717.8599853515625,718.0999755859375,717.5,717.6298828125,68207,QQQ,1m
2026-05-14 13:58:00+00:00,717.5800170898438,717.9046020507812,717.186279296875,717.2080078125,81261,QQQ,1m
2026-05-14 13:59:00+00:00,717.280029296875,717.3099975585938,715.9000244140625,716.27001953125,190127,QQQ,1m
2026-05-14 14:00:00+00:00,716.239990234375,717.4874877929688,716.0399780273438,717.4301147460938,174212,QQQ,1m
2026-05-14 14:01:00+00:00,717.489990234375,718.0399780273438,717.3699951171875,718.02001953125,140347,QQQ,1m
2026-05-14 14:02:00+00:00,718.0198974609375,718.0499877929688,717.3499755859375,717.4000244140625,136459,QQQ,1m
2026-05-14 14:03:00+00:00,717.4099731445312,717.530029296875,716.8900146484375,717.3101196289062,79875,QQQ,1m
2026-05-14 14:04:00+00:00,717.3200073242188,717.5900268554688,717.2449951171875,717.5900268554688,50011,QQQ,1m
2026-05-14 14:05:00+00:00,717.5999755859375,717.7698974609375,717.0416259765625,717.4899291992188,97302,QQQ,1m
2026-05-14 14:06:00+00:00,717.469970703125,717.5700073242188,717.10498046875,717.25,166257,QQQ,1m
2026-05-14 14:07:00+00:00,717.2999267578125,717.489990234375,716.7349853515625,716.7899780273438,93295,QQQ,1m
2026-05-14 14:08:00+00:00,716.7955932617188,716.8200073242188,716.2490234375,716.6699829101562,108499,QQQ,1m
2026-05-14 14:09:00+00:00,716.6798706054688,716.8895263671875,716.4099731445312,716.42919921875,108148,QQQ,1m
2026-05-14 14:10:00+00:00,716.4349975585938,716.75,716.3900146484375,716.6268920898438,78715,QQQ,1m
2026-05-14 14:11:00+00:00,716.5800170898438,717.0269775390625,716.1500244140625,717.0269775390625,156197,QQQ,1m
2026-05-14 14:12:00+00:00,717.0399780273438,717.2650146484375,716.780029296875,717.2301025390625,113217,QQQ,1m
2026-05-14 14:13:00+00:00,717.2100219726562,717.489990234375,717.1400146484375,717.39501953125,72525,QQQ,1m
2026-05-14 14:14:00+00:00,717.3800048828125,717.5,717.239990234375,717.239990234375,56248,QQQ,1m
2026-05-14 14:15:00+00:00,717.2100219726562,717.9299926757812,717.1312255859375,717.8200073242188,86035,QQQ,1m
2026-05-14 14:16:00+00:00,717.760009765625,718.0,717.6900024414062,717.9400024414062,81752,QQQ,1m
2026-05-14 14:17:00+00:00,718.0,718.0,717.4600219726562,717.9398803710938,49538,QQQ,1m
2026-05-14 14:18:00+00:00,717.9199829101562,718.4000244140625,717.9099731445312,718.2000122070312,82608,QQQ,1m
2026-05-14 14:19:00+00:00,718.219970703125,718.626220703125,718.219970703125,718.5050048828125,62394,QQQ,1m
2026-05-14 14:20:00+00:00,718.5,718.97998046875,718.4400024414062,718.7000122070312,107532,QQQ,1m
2026-05-14 14:21:00+00:00,718.7199096679688,718.8800048828125,718.530029296875,718.6300048828125,83828,QQQ,1m
2026-05-14 14:22:00+00:00,718.6300048828125,719.1900024414062,718.3599853515625,719.0800170898438,125850,QQQ,1m
2026-05-14 14:23:00+00:00,719.0599975585938,719.25,718.8599853515625,718.97998046875,99410,QQQ,1m
2026-05-14 14:24:00+00:00,718.97998046875,718.97998046875,718.1500244140625,718.3499755859375,170615,QQQ,1m
2026-05-14 14:25:00+00:00,718.39501953125,718.52001953125,717.8599853515625,717.9000244140625,148962,QQQ,1m
2026-05-14 14:26:00+00:00,717.9299926757812,718.1799926757812,717.8400268554688,718.1099853515625,91008,QQQ,1m
2026-05-14 14:27:00+00:00,718.1199951171875,718.27001953125,717.75,717.75,63649,QQQ,1m
2026-05-14 14:28:00+00:00,717.7225952148438,718.0800170898438,717.6099853515625,717.969970703125,61206,QQQ,1m
2026-05-14 14:29:00+00:00,718.0,718.1900024414062,717.5599975585938,718.1900024414062,92630,QQQ,1m
2026-05-14 14:30:00+00:00,718.1699829101562,718.3499755859375,717.9199829101562,718.219970703125,69162,QQQ,1m
2026-05-14 14:31:00+00:00,718.2100219726562,718.4400024414062,718.1799926757812,718.3400268554688,41098,QQQ,1m
2026-05-14 14:32:00+00:00,718.375,718.469970703125,717.8800048828125,718.0700073242188,62018,QQQ,1m
2026-05-14 14:33:00+00:00,718.0250244140625,718.1798706054688,717.8800048828125,718.0750122070312,38464,QQQ,1m
2026-05-14 14:34:00+00:00,718.1099853515625,718.4199829101562,718.0,718.4099731445312,36497,QQQ,1m
2026-05-14 14:35:00+00:00,718.4000244140625,718.6900024414062,718.27001953125,718.5999755859375,48949,QQQ,1m
2026-05-14 14:36:00+00:00,718.630126953125,719.0599975585938,718.52001953125,718.9299926757812,89485,QQQ,1m
2026-05-14 14:37:00+00:00,718.9149780273438,719.169921875,718.68212890625,719.1300048828125,77200,QQQ,1m
2026-05-14 14:38:00+00:00,719.1649780273438,719.4000244140625,719.1599731445312,719.3200073242188,79232,QQQ,1m
2026-05-14 14:39:00+00:00,719.3187866210938,719.5349731445312,719.2999877929688,719.5349731445312,51363,QQQ,1m
2026-05-14 14:40:00+00:00,719.5075073242188,719.6900024414062,719.25,719.5307006835938,92632,QQQ,1m
2026-05-14 14:41:00+00:00,719.5499267578125,719.625,719.3900146484375,719.614013671875,66470,QQQ,1m
2026-05-14 14:42:00+00:00,719.5900268554688,719.7000122070312,719.3389892578125,719.4000244140625,78463,QQQ,1m
2026-05-14 14:43:00+00:00,719.4099731445312,719.6649780273438,719.1699829101562,719.5599975585938,62257,QQQ,1m
2026-05-14 14:44:00+00:00,719.5700073242188,719.7000122070312,719.4500122070312,719.7000122070312,77686,QQQ,1m
2026-05-14 14:45:00+00:00,719.7000122070312,719.9600219726562,719.6599731445312,719.7800903320312,114404,QQQ,1m
2026-05-14 14:46:00+00:00,719.760009765625,720.0,719.6900024414062,719.9849853515625,80855,QQQ,1m
2026-05-14 14:47:00+00:00,719.969970703125,720.2199096679688,719.8800048828125,720.0700073242188,101766,QQQ,1m
2026-05-14 14:48:00+00:00,720.0700073242188,720.14501953125,719.7999877929688,719.969970703125,63413,QQQ,1m
2026-05-14 14:49:00+00:00,719.9550170898438,720.22998046875,719.9199829101562,720.2000122070312,74528,QQQ,1m
2026-05-14 14:50:00+00:00,720.2000122070312,720.6998901367188,720.1599731445312,720.6799926757812,117613,QQQ,1m
2026-05-14 14:51:00+00:00,720.6900024414062,720.739990234375,720.4000244140625,720.6500244140625,85999,QQQ,1m
2026-05-14 14:52:00+00:00,720.6699829101562,720.719970703125,720.260009765625,720.372314453125,122892,QQQ,1m
2026-05-14 14:53:00+00:00,720.3499755859375,720.5700073242188,720.0499877929688,720.0650024414062,104082,QQQ,1m
2026-05-14 14:54:00+00:00,720.030029296875,720.0750122070312,719.6400146484375,720.01318359375,155149,QQQ,1m
2026-05-14 14:55:00+00:00,720.030029296875,720.239990234375,719.7999877929688,720.0,99777,QQQ,1m
2026-05-14 14:56:00+00:00,720.0399780273438,720.0399780273438,719.7100219726562,719.8400268554688,44463,QQQ,1m
2026-05-14 14:57:00+00:00,719.7999877929688,720.0900268554688,719.7999877929688,720.030029296875,25068,QQQ,1m
2026-05-14 14:58:00+00:00,720.030029296875,720.1300048828125,719.72998046875,719.72998046875,94963,QQQ,1m
2026-05-14 14:59:00+00:00,719.72998046875,719.72998046875,719.1799926757812,719.4199829101562,128162,QQQ,1m
2026-05-14 15:00:00+00:00,719.4600219726562,719.6890258789062,719.2305297851562,719.4400024414062,112303,QQQ,1m
2026-05-14 15:01:00+00:00,719.5449829101562,719.9099731445312,719.5137939453125,719.909912109375,40004,QQQ,1m
2026-05-14 15:02:00+00:00,719.9099731445312,720.1701049804688,719.9099731445312,720.0,61019,QQQ,1m
2026-05-14 15:03:00+00:00,720.0,720.239990234375,719.97998046875,720.1950073242188,39884,QQQ,1m
2026-05-14 15:04:00+00:00,720.1701049804688,720.22998046875,719.6599731445312,719.6610107421875,38877,QQQ,1m
2026-05-14 15:05:00+00:00,719.6400146484375,719.9299926757812,719.530029296875,719.83251953125,56768,QQQ,1m
2026-05-14 15:06:00+00:00,719.8699951171875,720.0999755859375,719.830078125,720.0501098632812,26644,QQQ,1m
2026-05-14 15:07:00+00:00,720.0900268554688,720.4099731445312,720.02001953125,720.3699951171875,43761,QQQ,1m
2026-05-14 15:08:00+00:00,720.4099731445312,720.5,720.27001953125,720.4000244140625,69048,QQQ,1m
2026-05-14 15:09:00+00:00,720.3900146484375,720.52001953125,720.3200073242188,720.510009765625,77988,QQQ,1m
2026-05-14 15:10:00+00:00,720.510009765625,720.780029296875,720.4199829101562,720.6900024414062,62405,QQQ,1m
2026-05-14 15:11:00+00:00,720.6900024414062,720.6900024414062,720.260009765625,720.5599975585938,66300,QQQ,1m
2026-05-14 15:12:00+00:00,720.5499877929688,720.5800170898438,720.380126953125,720.5700073242188,42055,QQQ,1m
2026-05-14 15:13:00+00:00,720.5399780273438,720.5900268554688,720.4400024414062,720.5900268554688,40497,QQQ,1m
2026-05-14 15:14:00+00:00,720.5800170898438,720.9299926757812,720.4901123046875,720.8599853515625,111136,QQQ,1m
2026-05-14 15:15:00+00:00,720.8599853515625,721.10498046875,720.8400268554688,721.02001953125,105530,QQQ,1m
2026-05-14 15:16:00+00:00,721.0299072265625,721.2249755859375,721.0,721.010009765625,97222,QQQ,1m
2026-05-14 15:17:00+00:00,721.0399169921875,721.1699829101562,720.9099731445312,721.0399780273438,82250,QQQ,1m
2026-05-14 15:18:00+00:00,721.0499877929688,721.4500122070312,721.030029296875,721.3499755859375,98232,QQQ,1m
2026-05-14 15:19:00+00:00,721.35498046875,721.3900146484375,721.27001953125,721.3400268554688,323712,QQQ,1m
2026-05-14 15:20:00+00:00,721.3200073242188,721.7000122070312,721.1300048828125,721.5700073242188,530272,QQQ,1m
2026-05-14 15:21:00+00:00,721.5700073242188,721.5900268554688,721.2100219726562,721.239990234375,97177,QQQ,1m
2026-05-14 15:22:00+00:00,721.219970703125,721.3298950195312,721.0700073242188,721.2000122070312,144476,QQQ,1m
2026-05-14 15:23:00+00:00,721.2100219726562,721.27001953125,721.0,721.1699829101562,88475,QQQ,1m
2026-05-14 15:24:00+00:00,721.1599731445312,721.4600219726562,721.1599731445312,721.3599853515625,61753,QQQ,1m
2026-05-14 15:25:00+00:00,721.3599853515625,721.6199951171875,721.35498046875,721.552978515625,53240,QQQ,1m
2026-05-14 15:26:00+00:00,721.5399780273438,721.72998046875,721.5399780273438,721.630126953125,82112,QQQ,1m
2026-05-14 15:27:00+00:00,721.6599731445312,721.7899780273438,721.530029296875,721.72998046875,74567,QQQ,1m
2026-05-14 15:28:00+00:00,721.7100219726562,721.8099975585938,721.6900024414062,721.760009765625,53070,QQQ,1m
2026-05-14 15:29:00+00:00,721.7550048828125,721.760009765625,721.3300170898438,721.375,79920,QQQ,1m
2026-05-14 15:30:00+00:00,721.4099731445312,721.6300048828125,721.27001953125,721.5599975585938,74201,QQQ,1m
2026-05-14 15:31:00+00:00,721.6199951171875,721.719970703125,721.52001953125,721.6199951171875,43282,QQQ,1m
2026-05-14 15:32:00+00:00,721.635009765625,721.669921875,721.3900146484375,721.4000244140625,77510,QQQ,1m
2026-05-14 15:33:00+00:00,721.4099731445312,721.4500122070312,721.1950073242188,721.2000122070312,38381,QQQ,1m
2026-05-14 15:34:00+00:00,721.2000122070312,721.260009765625,720.9434204101562,721.0999755859375,85411,QQQ,1m
2026-05-14 15:35:00+00:00,721.1199951171875,721.1799926757812,720.9400024414062,721.0,72726,QQQ,1m
2026-05-14 15:36:00+00:00,721.030029296875,721.3300170898438,720.97998046875,721.1799926757812,57996,QQQ,1m
2026-05-14 15:37:00+00:00,721.1799926757812,721.3900146484375,721.177490234375,721.27392578125,50192,QQQ,1m
2026-05-14 15:38:00+00:00,721.260009765625,721.2700805664062,720.85009765625,720.9000244140625,63456,QQQ,1m
2026-05-14 15:39:00+00:00,720.9000244140625,721.169921875,720.739990234375,721.0798950195312,53951,QQQ,1m
2026-05-14 15:40:00+00:00,721.0700073242188,721.25,720.780029296875,720.9000244140625,36431,QQQ,1m
2026-05-14 15:41:00+00:00,720.9400024414062,721.239990234375,720.9400024414062,721.239990234375,41043,QQQ,1m
2026-05-14 15:42:00+00:00,721.239990234375,721.3699951171875,721.0855712890625,721.2940063476562,28000,QQQ,1m
2026-05-14 15:43:00+00:00,721.2899780273438,721.3900146484375,721.1799926757812,721.2249755859375,35157,QQQ,1m
2026-05-14 15:44:00+00:00,721.2100219726562,721.3200073242188,721.02001953125,721.3200073242188,41002,QQQ,1m
2026-05-14 15:45:00+00:00,721.3599853515625,721.3599853515625,721.1799926757812,721.280029296875,22683,QQQ,1m
2026-05-14 15:46:00+00:00,721.2999267578125,721.3699951171875,721.0200805664062,721.0200805664062,35882,QQQ,1m
2026-05-14 15:47:00+00:00,721.0399780273438,721.1328125,720.875,721.0399169921875,48036,QQQ,1m
2026-05-14 15:48:00+00:00,721.0399780273438,721.1649780273438,720.989990234375,721.0399780273438,27046,QQQ,1m
2026-05-14 15:49:00+00:00,721.0676879882812,721.1799926757812,720.885009765625,721.1699829101562,32129,QQQ,1m
2026-05-14 15:50:00+00:00,721.1900024414062,721.2589721679688,721.0399780273438,721.219970703125,49177,QQQ,1m
2026-05-14 15:51:00+00:00,721.219970703125,721.280029296875,721.1099853515625,721.1400146484375,21914,QQQ,1m
2026-05-14 15:52:00+00:00,721.1099853515625,721.219970703125,721.0650024414062,721.1099853515625,43555,QQQ,1m
2026-05-14 15:53:00+00:00,721.1199951171875,721.239990234375,721.0800170898438,721.2200927734375,21927,QQQ,1m
2026-05-14 15:54:00+00:00,721.22998046875,721.4400024414062,721.22998046875,721.3699951171875,57619,QQQ,1m
2026-05-14 15:55:00+00:00,721.3590087890625,721.5800170898438,721.3590087890625,721.4299926757812,105819,QQQ,1m
2026-05-14 15:56:00+00:00,721.4099731445312,721.5999755859375,721.4000244140625,721.5419921875,46380,QQQ,1m
2026-05-14 15:57:00+00:00,721.5352172851562,721.72998046875,721.489990234375,721.7000122070312,72319,QQQ,1m
2026-05-14 15:58:00+00:00,721.6900024414062,721.739990234375,721.5999755859375,721.6649780273438,213770,QQQ,1m
2026-05-14 15:59:00+00:00,721.6500244140625,721.6799926757812,721.3499755859375,721.39990234375,81193,QQQ,1m
2026-05-14 16:00:00+00:00,721.4099731445312,721.719970703125,721.3154907226562,721.6500854492188,53167,QQQ,1m
2026-05-14 16:01:00+00:00,721.6699829101562,721.739990234375,721.5700073242188,721.6599731445312,96408,QQQ,1m
2026-05-14 16:02:00+00:00,721.6500244140625,721.6901245117188,721.4909057617188,721.590087890625,35876,QQQ,1m
2026-05-14 16:03:00+00:00,721.5900268554688,721.6347045898438,721.5250244140625,721.6199951171875,19035,QQQ,1m
2026-05-14 16:04:00+00:00,721.6099853515625,721.7899780273438,721.5900268554688,721.77001953125,92920,QQQ,1m
2026-05-14 16:05:00+00:00,721.7698974609375,721.8599853515625,721.6799926757812,721.8499755859375,63041,QQQ,1m
2026-05-14 16:06:00+00:00,721.8699951171875,721.9400024414062,721.52001953125,721.6400146484375,54422,QQQ,1m
2026-05-14 16:07:00+00:00,721.5850219726562,721.7349853515625,721.57421875,721.6900024414062,37269,QQQ,1m
2026-05-14 16:08:00+00:00,721.6599731445312,721.719970703125,721.5800170898438,721.64501953125,48930,QQQ,1m
2026-05-14 16:09:00+00:00,721.6400146484375,721.7100219726562,721.5499877929688,721.6099853515625,19844,QQQ,1m
2026-05-14 16:10:00+00:00,721.6400146484375,721.9600219726562,721.6099853515625,721.8399047851562,81750,QQQ,1m
2026-05-14 16:11:00+00:00,721.8400268554688,722.0,721.8400268554688,721.8900146484375,57375,QQQ,1m
2026-05-14 16:12:00+00:00,721.9099731445312,722.030029296875,721.760009765625,721.9199829101562,62006,QQQ,1m
2026-05-14 16:13:00+00:00,721.8699951171875,721.9099731445312,721.7000122070312,721.7100830078125,37739,QQQ,1m
2026-05-14 16:14:00+00:00,721.719970703125,721.72998046875,721.3400268554688,721.4127807617188,50595,QQQ,1m
2026-05-14 16:15:00+00:00,721.4450073242188,721.7000122070312,721.4099731445312,721.6599731445312,100746,QQQ,1m
2026-05-14 16:16:00+00:00,721.7000122070312,721.8099975585938,721.5999755859375,721.8099975585938,27495,QQQ,1m
2026-05-14 16:17:00+00:00,721.8150024414062,721.9299926757812,721.77001953125,721.8499755859375,29221,QQQ,1m
2026-05-14 16:18:00+00:00,721.8200073242188,721.9199829101562,721.7999877929688,721.8198852539062,24724,QQQ,1m
2026-05-14 16:19:00+00:00,721.7899780273438,721.7999267578125,721.1799926757812,721.2899780273438,66905,QQQ,1m
2026-05-14 16:20:00+00:00,721.2899780273438,721.5599975585938,721.27001953125,721.5349731445312,43490,QQQ,1m
2026-05-14 16:21:00+00:00,721.5499877929688,722.010009765625,721.5100708007812,721.9849853515625,55438,QQQ,1m
2026-05-14 16:22:00+00:00,721.969970703125,722.0150146484375,721.64501953125,721.64501953125,44594,QQQ,1m
2026-05-14 16:23:00+00:00,721.6798706054688,721.7899169921875,721.4531860351562,721.5098876953125,22166,QQQ,1m
2026-05-14 16:24:00+00:00,721.458984375,721.619873046875,721.4000854492188,721.469970703125,27535,QQQ,1m
2026-05-14 16:25:00+00:00,721.4500122070312,721.5999755859375,721.2999877929688,721.4299926757812,39681,QQQ,1m
2026-05-14 16:26:00+00:00,721.4400024414062,721.469970703125,720.75,720.7999877929688,42407,QQQ,1m
2026-05-14 16:27:00+00:00,720.8150024414062,721.2100219726562,720.7000122070312,721.114990234375,58331,QQQ,1m
2026-05-14 16:28:00+00:00,721.1209106445312,721.1397094726562,720.7415771484375,720.760009765625,36277,QQQ,1m
2026-05-14 16:29:00+00:00,720.780029296875,720.8800048828125,720.4199829101562,720.6799926757812,82282,QQQ,1m
2026-05-14 16:30:00+00:00,720.739990234375,721.0,720.5700073242188,720.9600219726562,85320,QQQ,1m
2026-05-14 16:31:00+00:00,720.9650268554688,721.0800170898438,720.760009765625,720.8403930664062,48534,QQQ,1m
2026-05-14 16:32:00+00:00,720.864990234375,720.969970703125,720.5401000976562,720.5551147460938,27979,QQQ,1m
2026-05-14 16:33:00+00:00,720.5390014648438,720.5700073242188,720.0800170898438,720.181396484375,79653,QQQ,1m
2026-05-14 16:34:00+00:00,720.1900024414062,720.4498901367188,720.02001953125,720.2100219726562,288446,QQQ,1m
2026-05-14 16:35:00+00:00,720.1901245117188,720.530029296875,720.1900024414062,720.3499755859375,105813,QQQ,1m
2026-05-14 16:36:00+00:00,720.364990234375,720.6199951171875,720.3599853515625,720.5451049804688,35820,QQQ,1m
2026-05-14 16:37:00+00:00,720.5900268554688,720.5900268554688,720.27001953125,720.2999877929688,38554,QQQ,1m
2026-05-14 16:38:00+00:00,720.344970703125,720.5380249023438,720.330078125,720.5297241210938,112467,QQQ,1m
2026-05-14 16:39:00+00:00,720.5399780273438,720.7100219726562,720.4550170898438,720.6400146484375,33128,QQQ,1m
2026-05-14 16:40:00+00:00,720.5800170898438,720.8499755859375,720.5800170898438,720.7949829101562,59693,QQQ,1m
2026-05-14 16:41:00+00:00,720.8099975585938,721.0361938476562,720.510009765625,721.030029296875,68007,QQQ,1m
2026-05-14 16:42:00+00:00,721.010009765625,721.0599975585938,720.8801879882812,721.0098876953125,34333,QQQ,1m
2026-05-14 16:43:00+00:00,720.9801025390625,721.0250244140625,720.8200073242188,720.8701171875,26308,QQQ,1m
2026-05-14 16:44:00+00:00,720.8800048828125,720.8800048828125,720.4208984375,720.5100708007812,45297,QQQ,1m
2026-05-14 16:45:00+00:00,720.469970703125,720.7399291992188,719.9299926757812,720.4000244140625,104092,QQQ,1m
2026-05-14 16:46:00+00:00,720.4299926757812,720.5894165039062,720.1199951171875,720.5700073242188,102907,QQQ,1m
2026-05-14 16:47:00+00:00,720.5700073242188,720.9199829101562,720.4989013671875,720.9199829101562,34698,QQQ,1m
2026-05-14 16:48:00+00:00,720.9948120117188,720.9948120117188,720.7249755859375,720.8594970703125,33645,QQQ,1m
2026-05-14 16:49:00+00:00,720.8699951171875,720.9400024414062,720.780029296875,720.7899780273438,30726,QQQ,1m
2026-05-14 16:50:00+00:00,720.8099975585938,720.8699951171875,720.4401245117188,720.4600219726562,36837,QQQ,1m
2026-05-14 16:51:00+00:00,720.47998046875,720.5999755859375,720.22998046875,720.5800170898438,34765,QQQ,1m
2026-05-14 16:52:00+00:00,720.6199951171875,720.6900024414062,720.4500732421875,720.5430297851562,41481,QQQ,1m
2026-05-14 16:53:00+00:00,720.5399780273438,720.6699829101562,720.4000244140625,720.47998046875,26090,QQQ,1m
2026-05-14 16:54:00+00:00,720.4500122070312,720.8499755859375,720.3300170898438,720.8300170898438,29981,QQQ,1m
2026-05-14 16:55:00+00:00,720.8499755859375,720.9199829101562,720.7000122070312,720.72998046875,37712,QQQ,1m
2026-05-14 16:56:00+00:00,720.7100219726562,720.7100219726562,719.97998046875,720.4299926757812,73484,QQQ,1m
2026-05-14 16:57:00+00:00,720.469970703125,720.5698852539062,720.3200073242188,720.5399780273438,25395,QQQ,1m
2026-05-14 16:58:00+00:00,720.6099853515625,720.6699829101562,720.4099731445312,720.6099853515625,46153,QQQ,1m
2026-05-14 16:59:00+00:00,720.5999755859375,720.7550048828125,720.5499877929688,720.7550048828125,27900,QQQ,1m
2026-05-14 17:00:00+00:00,720.7999877929688,721.219970703125,720.760009765625,721.030029296875,57145,QQQ,1m
2026-05-14 17:01:00+00:00,721.05419921875,721.156494140625,720.9600219726562,721.0499877929688,29360,QQQ,1m
2026-05-14 17:02:00+00:00,721.0900268554688,721.1900024414062,720.9801025390625,721.0999755859375,16108,QQQ,1m
2026-05-14 17:03:00+00:00,721.0900268554688,721.25,721.0700073242188,721.1649780273438,35975,QQQ,1m
2026-05-14 17:04:00+00:00,721.1799926757812,721.3599853515625,721.0499877929688,721.1300048828125,52006,QQQ,1m
2026-05-14 17:05:00+00:00,721.1199951171875,721.1300048828125,720.8099975585938,720.8099975585938,37815,QQQ,1m
2026-05-14 17:06:00+00:00,720.8099975585938,720.8599853515625,720.3300170898438,720.5599975585938,87323,QQQ,1m
2026-05-14 17:07:00+00:00,720.530029296875,720.5850219726562,720.1400146484375,720.3699951171875,33064,QQQ,1m
2026-05-14 17:08:00+00:00,720.375,720.3900146484375,719.9520263671875,720.1300048828125,41926,QQQ,1m
2026-05-14 17:09:00+00:00,720.1422729492188,720.1422729492188,719.7338256835938,719.7650146484375,64931,QQQ,1m
2026-05-14 17:10:00+00:00,719.7899780273438,720.0750732421875,719.3499755859375,720.0399780273438,87378,QQQ,1m
2026-05-14 17:11:00+00:00,720.0997924804688,720.22998046875,719.9099731445312,720.1400146484375,48235,QQQ,1m
2026-05-14 17:12:00+00:00,720.1300048828125,720.1300048828125,719.6901245117188,719.739990234375,34713,QQQ,1m
2026-05-14 17:13:00+00:00,719.739990234375,719.9000244140625,719.6099853515625,719.7550048828125,31135,QQQ,1m
2026-05-14 17:14:00+00:00,719.8200073242188,719.8499755859375,718.9099731445312,719.0700073242188,76543,QQQ,1m
2026-05-14 17:15:00+00:00,719.10498046875,719.3599853515625,718.6970825195312,718.7999877929688,156958,QQQ,1m
2026-05-14 17:16:00+00:00,718.8300170898438,718.8400268554688,718.0501098632812,718.22998046875,129934,QQQ,1m
2026-05-14 17:17:00+00:00,718.239990234375,718.5900268554688,717.969970703125,718.4400024414062,134958,QQQ,1m
2026-05-14 17:18:00+00:00,718.4400024414062,718.4400024414062,717.9099731445312,717.9735107421875,45697,QQQ,1m
2026-05-14 17:19:00+00:00,717.9500122070312,718.219970703125,717.8200073242188,718.059814453125,78436,QQQ,1m
2026-05-14 17:20:00+00:00,718.0800170898438,718.6179809570312,718.010009765625,718.52001953125,101675,QQQ,1m
2026-05-14 17:21:00+00:00,718.5250244140625,718.8900146484375,718.219970703125,718.2999267578125,190975,QQQ,1m
2026-05-14 17:22:00+00:00,718.280029296875,718.9400024414062,718.280029296875,718.9400024414062,46940,QQQ,1m
2026-05-14 17:23:00+00:00,718.9398803710938,718.9398803710938,718.530029296875,718.7199096679688,268177,QQQ,1m
2026-05-14 17:24:00+00:00,718.6900024414062,718.7000122070312,718.1699829101562,718.27001953125,49828,QQQ,1m
2026-05-14 17:25:00+00:00,718.2750244140625,718.3499755859375,717.72998046875,718.0449829101562,101972,QQQ,1m
2026-05-14 17:26:00+00:00,718.1199951171875,718.3399047851562,717.5599975585938,718.010009765625,117689,QQQ,1m
2026-05-14 17:27:00+00:00,718.0114135742188,718.3400268554688,717.9600219726562,718.3350219726562,59664,QQQ,1m
2026-05-14 17:28:00+00:00,718.3491821289062,718.5399169921875,718.239990234375,718.4600219726562,108698,QQQ,1m
2026-05-14 17:29:00+00:00,718.4501953125,718.8300170898438,718.2899780273438,718.7899780273438,128042,QQQ,1m
2026-05-14 17:30:00+00:00,718.8099975585938,719.2000122070312,718.5700073242188,719.1298217773438,94714,QQQ,1m
2026-05-14 17:31:00+00:00,719.1799926757812,719.4400024414062,719.0999755859375,719.2695922851562,85006,QQQ,1m
2026-05-14 17:32:00+00:00,719.260009765625,719.4000244140625,719.0800170898438,719.3099975585938,42615,QQQ,1m
2026-05-14 17:33:00+00:00,719.3599853515625,719.4183959960938,718.77001953125,718.889892578125,76735,QQQ,1m
2026-05-14 17:34:00+00:00,718.9099731445312,719.1699829101562,718.7849731445312,718.9400024414062,30492,QQQ,1m
2026-05-14 17:35:00+00:00,718.969970703125,719.4199829101562,718.9400024414062,719.3800048828125,51187,QQQ,1m
2026-05-14 17:36:00+00:00,719.4000244140625,719.4000244140625,719.1649780273438,719.280029296875,28664,QQQ,1m
2026-05-14 17:37:00+00:00,719.25,719.52001953125,719.2449951171875,719.4918212890625,39744,QQQ,1m
2026-05-14 17:38:00+00:00,719.47998046875,719.7780151367188,719.3400268554688,719.75,41230,QQQ,1m
2026-05-14 17:39:00+00:00,719.7750244140625,719.9000244140625,719.7542114257812,719.77001953125,37292,QQQ,1m
2026-05-14 17:40:00+00:00,719.7249755859375,720.1099243164062,719.7249755859375,719.969970703125,60678,QQQ,1m
2026-05-14 17:41:00+00:00,719.9400024414062,720.0687866210938,719.8800048828125,719.8800048828125,40945,QQQ,1m
2026-05-14 17:42:00+00:00,719.8800048828125,720.0549926757812,719.7899780273438,719.9199829101562,32039,QQQ,1m
2026-05-14 17:43:00+00:00,719.9149780273438,720.0750122070312,719.8300170898438,719.85498046875,16090,QQQ,1m
2026-05-14 17:44:00+00:00,719.8400268554688,720.030029296875,719.5700073242188,720.010009765625,37112,QQQ,1m
2026-05-14 17:45:00+00:00,720.0499877929688,720.376220703125,720.0399780273438,720.3599853515625,44839,QQQ,1m
2026-05-14 17:46:00+00:00,720.330078125,720.8699951171875,720.2807006835938,720.4299926757812,83012,QQQ,1m
2026-05-14 17:47:00+00:00,720.4799194335938,720.5900268554688,720.3599853515625,720.409912109375,54098,QQQ,1m
2026-05-14 17:48:00+00:00,720.3800048828125,720.7000122070312,720.3800048828125,720.6199951171875,77676,QQQ,1m
2026-05-14 17:49:00+00:00,720.6599731445312,720.8200073242188,720.6500244140625,720.7000122070312,38709,QQQ,1m
2026-05-14 17:50:00+00:00,720.7000122070312,720.8900146484375,720.5999755859375,720.75,52172,QQQ,1m
2026-05-14 17:51:00+00:00,720.7899780273438,720.9299926757812,720.6599731445312,720.8099975585938,56122,QQQ,1m
2026-05-14 17:52:00+00:00,720.8200073242188,720.8699951171875,720.5800170898438,720.6799926757812,48493,QQQ,1m
2026-05-14 17:53:00+00:00,720.6950073242188,721.1699829101562,720.6950073242188,721.1300048828125,59426,QQQ,1m
2026-05-14 17:54:00+00:00,721.1290283203125,721.1290283203125,720.8499755859375,720.9600219726562,103191,QQQ,1m
2026-05-14 17:55:00+00:00,720.9400024414062,721.2462158203125,720.9400024414062,721.2462158203125,45449,QQQ,1m
2026-05-14 17:56:00+00:00,721.219970703125,721.3300170898438,721.0900268554688,721.1500244140625,53739,QQQ,1m
2026-05-14 17:57:00+00:00,721.1400146484375,721.2109985351562,721.0001220703125,721.155029296875,105477,QQQ,1m
2026-05-14 17:58:00+00:00,721.1500244140625,721.1500244140625,720.9550170898438,721.0499877929688,39510,QQQ,1m
2026-05-14 17:59:00+00:00,721.0399780273438,721.0499877929688,720.780029296875,720.7899780273438,53979,QQQ,1m
2026-05-14 18:00:00+00:00,720.7899780273438,720.7899780273438,719.922607421875,719.989990234375,120580,QQQ,1m
2026-05-14 18:01:00+00:00,719.97998046875,720.1500244140625,719.0499877929688,719.2529907226562,125234,QQQ,1m
2026-05-14 18:02:00+00:00,719.2899780273438,719.5200805664062,719.239990234375,719.4099731445312,56317,QQQ,1m
2026-05-14 18:03:00+00:00,719.3380126953125,719.3380126953125,718.760009765625,718.9567260742188,160475,QQQ,1m
2026-05-14 18:04:00+00:00,718.9600219726562,719.1099853515625,718.6500244140625,718.9500122070312,82603,QQQ,1m
2026-05-14 18:05:00+00:00,718.989990234375,719.3499755859375,718.8200073242188,719.1799926757812,71213,QQQ,1m
2026-05-14 18:06:00+00:00,719.1799926757812,719.3599853515625,719.0499877929688,719.2550048828125,28468,QQQ,1m
2026-05-14 18:07:00+00:00,719.3099975585938,719.3099975585938,718.8829956054688,718.989990234375,33998,QQQ,1m
2026-05-14 18:08:00+00:00,718.9299926757812,719.0999755859375,718.8699951171875,719.0361938476562,33823,QQQ,1m
2026-05-14 18:09:00+00:00,719.0499877929688,719.1198120117188,718.9199829101562,719.0800170898438,43301,QQQ,1m
2026-05-14 18:10:00+00:00,719.0850219726562,719.1798095703125,718.8400268554688,719.094970703125,30631,QQQ,1m
2026-05-14 18:11:00+00:00,719.0850219726562,719.9500122070312,719.0850219726562,719.8499755859375,201309,QQQ,1m
2026-05-14 18:12:00+00:00,719.7999877929688,719.8380126953125,719.5,719.6699829101562,110349,QQQ,1m
2026-05-14 18:13:00+00:00,719.64501953125,719.7799072265625,719.4500122070312,719.5050048828125,42346,QQQ,1m
2026-05-14 18:14:00+00:00,719.5300903320312,719.8499755859375,719.5300903320312,719.8244018554688,151202,QQQ,1m
2026-05-14 18:15:00+00:00,719.8297119140625,720.2100219726562,719.7449951171875,720.1699829101562,108136,QQQ,1m
2026-05-14 18:16:00+00:00,720.1599731445312,720.2650146484375,719.72998046875,719.739990234375,57957,QQQ,1m
2026-05-14 18:17:00+00:00,719.75,719.97998046875,719.6019897460938,719.8499145507812,53434,QQQ,1m
2026-05-14 18:18:00+00:00,719.864990234375,719.8900146484375,719.7349853515625,719.8602905273438,26922,QQQ,1m
2026-05-14 18:19:00+00:00,719.8499755859375,720.2000122070312,719.8300170898438,720.1207275390625,36748,QQQ,1m
2026-05-14 18:20:00+00:00,720.1900024414062,720.2098999023438,719.9199829101562,720.0499877929688,46634,QQQ,1m
2026-05-14 18:21:00+00:00,720.0449829101562,720.0900268554688,719.8101196289062,719.8699951171875,28868,QQQ,1m
2026-05-14 18:22:00+00:00,719.9000244140625,720.02001953125,719.7899780273438,719.8699951171875,32080,QQQ,1m
2026-05-14 18:23:00+00:00,719.8798217773438,719.9099731445312,719.530029296875,719.5999755859375,52770,QQQ,1m
2026-05-14 18:24:00+00:00,719.5800170898438,719.6900024414062,719.35498046875,719.47998046875,127865,QQQ,1m
2026-05-14 18:25:00+00:00,719.5399780273438,719.6500244140625,719.430908203125,719.4401245117188,32707,QQQ,1m
2026-05-14 18:26:00+00:00,719.4450073242188,719.5,719.1799926757812,719.3099975585938,40471,QQQ,1m
2026-05-14 18:27:00+00:00,719.280029296875,719.3800048828125,719.210205078125,719.2498779296875,16563,QQQ,1m
2026-05-14 18:28:00+00:00,719.25,719.4400024414062,719.0999755859375,719.25,21637,QQQ,1m
2026-05-14 18:29:00+00:00,719.239990234375,719.6099853515625,719.1900024414062,719.4299926757812,38269,QQQ,1m
2026-05-14 18:30:00+00:00,719.469970703125,719.9000244140625,719.4199829101562,719.8900146484375,50297,QQQ,1m
2026-05-14 18:31:00+00:00,719.8699951171875,719.9099731445312,719.6599731445312,719.6599731445312,38517,QQQ,1m
2026-05-14 18:32:00+00:00,719.6599731445312,719.889892578125,719.6099853515625,719.889892578125,21581,QQQ,1m
2026-05-14 18:33:00+00:00,719.8900146484375,720.02001953125,719.77001953125,719.9400024414062,27202,QQQ,1m
2026-05-14 18:34:00+00:00,719.8800048828125,719.9550170898438,719.7359008789062,719.760009765625,19320,QQQ,1m
2026-05-14 18:35:00+00:00,719.739990234375,719.9099731445312,719.739990234375,719.8400268554688,9272,QQQ,1m
2026-05-14 18:36:00+00:00,719.8200073242188,719.9000244140625,719.4749755859375,719.47998046875,24261,QQQ,1m
2026-05-14 18:37:00+00:00,719.5,719.6599731445312,719.4600219726562,719.6199951171875,41284,QQQ,1m
2026-05-14 18:38:00+00:00,719.5900268554688,719.75,719.5800170898438,719.7000122070312,18611,QQQ,1m
2026-05-14 18:39:00+00:00,719.739990234375,719.739990234375,719.5999755859375,719.6500244140625,12279,QQQ,1m
2026-05-14 18:40:00+00:00,719.7100219726562,719.719970703125,719.0919799804688,719.0919799804688,48919,QQQ,1m
2026-05-14 18:41:00+00:00,719.0999755859375,719.469970703125,719.0,719.4301147460938,89309,QQQ,1m
2026-05-14 18:42:00+00:00,719.4400024414062,719.5700073242188,719.4299926757812,719.4600219726562,34743,QQQ,1m
2026-05-14 18:43:00+00:00,719.4500122070312,719.619873046875,719.4000244140625,719.5700073242188,25413,QQQ,1m
2026-05-14 18:44:00+00:00,719.5700073242188,719.5900268554688,719.3599853515625,719.4000244140625,52635,QQQ,1m
2026-05-14 18:45:00+00:00,719.3900146484375,719.39501953125,719.05078125,719.1300048828125,40523,QQQ,1m
2026-05-14 18:46:00+00:00,719.1300048828125,719.3659057617188,719.030029296875,719.3599853515625,104854,QQQ,1m
2026-05-14 18:47:00+00:00,719.3380126953125,719.6599731445312,719.2348022460938,719.6400146484375,42447,QQQ,1m
2026-05-14 18:48:00+00:00,719.6599731445312,719.760009765625,719.6199951171875,719.760009765625,74124,QQQ,1m
2026-05-14 18:49:00+00:00,719.760009765625,719.780029296875,719.6699829101562,719.6900024414062,16803,QQQ,1m
2026-05-14 18:50:00+00:00,719.7000122070312,719.989990234375,719.7000122070312,719.9400024414062,48380,QQQ,1m
2026-05-14 18:51:00+00:00,719.97998046875,720.0900268554688,719.9000244140625,719.9904174804688,20739,QQQ,1m
2026-05-14 18:52:00+00:00,719.989990234375,720.0999145507812,719.969970703125,720.0399780273438,24261,QQQ,1m
2026-05-14 18:53:00+00:00,720.02001953125,720.02001953125,719.77001953125,719.9600219726562,41561,QQQ,1m
2026-05-14 18:54:00+00:00,719.969970703125,720.0899047851562,719.9400024414062,720.0399780273438,16533,QQQ,1m
2026-05-14 18:55:00+00:00,720.0198974609375,720.2570190429688,719.9600219726562,720.219970703125,26234,QQQ,1m
2026-05-14 18:56:00+00:00,720.22998046875,720.4650268554688,720.2000122070312,720.4149780273438,34394,QQQ,1m
2026-05-14 18:57:00+00:00,720.4249877929688,720.4899291992188,720.3201904296875,720.3300170898438,27827,QQQ,1m
2026-05-14 18:58:00+00:00,720.3300170898438,720.3619995117188,720.1849975585938,720.280029296875,37625,QQQ,1m
2026-05-14 18:59:00+00:00,720.2999877929688,720.2999877929688,720.0,720.272216796875,120027,QQQ,1m
2026-05-14 19:00:00+00:00,720.27001953125,720.7000122070312,720.27001953125,720.6502075195312,43041,QQQ,1m
2026-05-14 19:01:00+00:00,720.6699829101562,720.8400268554688,720.5399780273438,720.60498046875,76317,QQQ,1m
2026-05-14 19:02:00+00:00,720.614990234375,720.6798095703125,720.4299926757812,720.530029296875,86246,QQQ,1m
2026-05-14 19:03:00+00:00,720.5219116210938,720.5900268554688,720.2999877929688,720.3699951171875,34101,QQQ,1m
2026-05-14 19:04:00+00:00,720.4500122070312,720.5899047851562,720.364990234375,720.5599975585938,16331,QQQ,1m
2026-05-14 19:05:00+00:00,720.5700073242188,720.77001953125,720.4832763671875,720.64990234375,32723,QQQ,1m
2026-05-14 19:06:00+00:00,720.6699829101562,720.6710205078125,720.469970703125,720.47998046875,31431,QQQ,1m
2026-05-14 19:07:00+00:00,720.4500732421875,720.510009765625,720.280029296875,720.3250122070312,29591,QQQ,1m
2026-05-14 19:08:00+00:00,720.3499755859375,720.4600219726562,720.1699829101562,720.4600219726562,29893,QQQ,1m
2026-05-14 19:09:00+00:00,720.4600219726562,720.5999755859375,720.4434204101562,720.5700073242188,32141,QQQ,1m
2026-05-14 19:10:00+00:00,720.5899047851562,720.6599731445312,720.47998046875,720.5,26057,QQQ,1m
2026-05-14 19:11:00+00:00,720.5,720.655029296875,720.5,720.6199951171875,34205,QQQ,1m
2026-05-14 19:12:00+00:00,720.6300048828125,720.7100219726562,720.4100952148438,720.4688110351562,20693,QQQ,1m
2026-05-14 19:13:00+00:00,720.4600219726562,720.4600219726562,720.0700073242188,720.0900268554688,46528,QQQ,1m
2026-05-14 19:14:00+00:00,720.0881958007812,720.22998046875,719.9000244140625,720.2150268554688,37027,QQQ,1m
2026-05-14 19:15:00+00:00,720.1900024414062,720.3547973632812,720.0999755859375,720.2598876953125,16249,QQQ,1m
2026-05-14 19:16:00+00:00,720.2849731445312,720.3499755859375,720.239990234375,720.3200073242188,14452,QQQ,1m
2026-05-14 19:17:00+00:00,720.3499755859375,720.3800048828125,720.27001953125,720.364990234375,34877,QQQ,1m
2026-05-14 19:18:00+00:00,720.3699951171875,720.4600219726562,720.3300170898438,720.4000244140625,25107,QQQ,1m
2026-05-14 19:19:00+00:00,720.4199829101562,720.4650268554688,720.219970703125,720.3400268554688,52375,QQQ,1m
2026-05-14 19:20:00+00:00,720.2999877929688,720.5,720.2999877929688,720.489990234375,36275,QQQ,1m
2026-05-14 19:21:00+00:00,720.489990234375,720.6699829101562,720.4199829101562,720.6099853515625,72287,QQQ,1m
2026-05-14 19:22:00+00:00,720.6099853515625,720.8800048828125,720.6099853515625,720.8400268554688,41429,QQQ,1m
2026-05-14 19:23:00+00:00,720.8499755859375,720.9000244140625,720.530029296875,720.530029296875,58117,QQQ,1m
2026-05-14 19:24:00+00:00,720.52001953125,720.5399780273438,720.2999877929688,720.4801025390625,29174,QQQ,1m
2026-05-14 19:25:00+00:00,720.47998046875,720.5191040039062,720.4000244140625,720.4503784179688,29704,QQQ,1m
2026-05-14 19:26:00+00:00,720.4550170898438,720.4600219726562,720.3300170898438,720.4400024414062,25706,QQQ,1m
2026-05-14 19:27:00+00:00,720.4099731445312,720.5250244140625,720.280029296875,720.3109741210938,60835,QQQ,1m
2026-05-14 19:28:00+00:00,720.3499755859375,720.4299926757812,720.0499877929688,720.0499877929688,25573,QQQ,1m
2026-05-14 19:29:00+00:00,720.0549926757812,720.2899780273438,719.9400024414062,720.02001953125,35670,QQQ,1m
2026-05-14 19:30:00+00:00,720.02001953125,720.3900146484375,719.9849853515625,720.3599853515625,42365,QQQ,1m
2026-05-14 19:31:00+00:00,720.3699951171875,720.6400146484375,720.3400268554688,720.489990234375,62060,QQQ,1m
2026-05-14 19:32:00+00:00,720.489990234375,720.5900268554688,720.3599853515625,720.4031982421875,45538,QQQ,1m
2026-05-14 19:33:00+00:00,720.469970703125,720.5800170898438,720.405029296875,720.47998046875,34916,QQQ,1m
2026-05-14 19:34:00+00:00,720.4799194335938,720.5449829101562,720.2999877929688,720.3099975585938,66949,QQQ,1m
2026-05-14 19:35:00+00:00,720.2899780273438,720.3250122070312,720.0999755859375,720.155029296875,57678,QQQ,1m
2026-05-14 19:36:00+00:00,720.1900024414062,720.3499755859375,720.1799926757812,720.3499755859375,39322,QQQ,1m
2026-05-14 19:37:00+00:00,720.3800048828125,720.52001953125,720.3599243164062,720.489990234375,49797,QQQ,1m
2026-05-14 19:38:00+00:00,720.5,720.5449829101562,720.4199829101562,720.4849853515625,67828,QQQ,1m
2026-05-14 19:39:00+00:00,720.4600219726562,720.5800170898438,720.4550170898438,720.510009765625,51541,QQQ,1m
2026-05-14 19:40:00+00:00,720.489990234375,720.8399047851562,720.489990234375,720.77001953125,224238,QQQ,1m
2026-05-14 19:41:00+00:00,720.7750244140625,720.7899780273438,720.4849853515625,720.5850219726562,71542,QQQ,1m
2026-05-14 19:42:00+00:00,720.5900268554688,720.9000244140625,720.5800170898438,720.760009765625,61571,QQQ,1m
2026-05-14 19:43:00+00:00,720.7401123046875,720.77001953125,720.5499877929688,720.5800170898438,35501,QQQ,1m
2026-05-14 19:44:00+00:00,720.5700073242188,720.75,720.5399780273438,720.72998046875,38323,QQQ,1m
2026-05-14 19:45:00+00:00,720.72998046875,720.7349853515625,720.3599853515625,720.3599853515625,155485,QQQ,1m
2026-05-14 19:46:00+00:00,720.3599853515625,720.5900268554688,720.3599853515625,720.5700073242188,65397,QQQ,1m
2026-05-14 19:47:00+00:00,720.5941162109375,720.6900024414062,720.5399780273438,720.677490234375,49484,QQQ,1m
2026-05-14 19:48:00+00:00,720.6900024414062,720.7899780273438,720.6500244140625,720.7650146484375,81417,QQQ,1m
2026-05-14 19:49:00+00:00,720.77001953125,720.8049926757812,720.47998046875,720.5,94705,QQQ,1m
2026-05-14 19:50:00+00:00,720.469970703125,720.510009765625,720.0399780273438,720.0700073242188,178614,QQQ,1m
2026-05-14 19:51:00+00:00,720.0399780273438,720.0800170898438,719.822998046875,719.8989868164062,63654,QQQ,1m
2026-05-14 19:52:00+00:00,719.905029296875,720.1599731445312,719.8900756835938,720.0399780273438,94764,QQQ,1m
2026-05-14 19:53:00+00:00,720.02001953125,720.3599853515625,720.02001953125,720.3101196289062,118876,QQQ,1m
2026-05-14 19:54:00+00:00,720.3300170898438,720.3599853515625,720.0999755859375,720.3098754882812,227869,QQQ,1m
2026-05-14 19:55:00+00:00,720.3099975585938,720.3400268554688,719.760009765625,719.969970703125,138553,QQQ,1m
2026-05-14 19:56:00+00:00,719.9600219726562,720.0,719.7999267578125,719.8900146484375,89183,QQQ,1m
2026-05-14 19:57:00+00:00,719.9199829101562,720.010009765625,719.8099975585938,719.830078125,93918,QQQ,1m
2026-05-14 19:58:00+00:00,719.8499755859375,719.8599853515625,719.719970703125,719.8099975585938,167569,QQQ,1m
2026-05-14 19:59:00+00:00,719.7899780273438,719.9099731445312,719.5599975585938,719.7150268554688,531524,QQQ,1m
2026-05-15 13:30:00+00:00,710.10498046875,710.4000244140625,709.2000122070312,709.6300048828125,3892810,QQQ,1m
2026-05-15 13:31:00+00:00,709.5,709.72998046875,708.2999877929688,709.6599731445312,440336,QQQ,1m
2026-05-15 13:32:00+00:00,709.7000122070312,709.9400024414062,708.875,709.3800048828125,221380,QQQ,1m
2026-05-15 13:33:00+00:00,709.4299926757812,709.4299926757812,708.3499755859375,708.489990234375,270998,QQQ,1m
2026-05-15 13:34:00+00:00,708.5900268554688,709.6300048828125,708.0,709.5449829101562,354481,QQQ,1m
2026-05-15 13:35:00+00:00,709.5499877929688,709.5599975585938,708.530029296875,708.530029296875,335928,QQQ,1m
2026-05-15 13:36:00+00:00,708.5,709.1500244140625,708.1699829101562,708.6900024414062,206855,QQQ,1m
2026-05-15 13:37:00+00:00,708.6500244140625,708.9199829101562,707.2999877929688,707.4600219726562,246856,QQQ,1m
2026-05-15 13:38:00+00:00,707.4000244140625,707.7249755859375,707.0700073242188,707.3099975585938,240179,QQQ,1m
2026-05-15 13:39:00+00:00,707.3099975585938,708.02001953125,707.2949829101562,707.4119873046875,229786,QQQ,1m
2026-05-15 13:40:00+00:00,707.4400024414062,709.2645263671875,707.3499755859375,709.1849975585938,176881,QQQ,1m
2026-05-15 13:41:00+00:00,709.1799926757812,709.1900024414062,707.8800048828125,708.6519775390625,150383,QQQ,1m
2026-05-15 13:42:00+00:00,708.6400146484375,708.719970703125,707.530029296875,707.6300048828125,144902,QQQ,1m
2026-05-15 13:43:00+00:00,707.6199951171875,708.3499755859375,707.5399780273438,707.97998046875,80494,QQQ,1m
2026-05-15 13:44:00+00:00,708.0,708.2100219726562,707.4000244140625,707.4450073242188,94575,QQQ,1m
2026-05-15 13:45:00+00:00,707.4299926757812,707.7899780273438,706.3300170898438,706.625,226649,QQQ,1m
2026-05-15 13:46:00+00:00,706.5850219726562,706.7899780273438,705.75,705.8699951171875,223921,QQQ,1m
2026-05-15 13:47:00+00:00,705.8499755859375,707.1300048828125,705.5499877929688,706.9849853515625,282049,QQQ,1m
2026-05-15 13:48:00+00:00,707.030029296875,708.5399780273438,706.9000244140625,708.1699829101562,259406,QQQ,1m
2026-05-15 13:49:00+00:00,708.0750122070312,708.7650146484375,707.8499755859375,708.6599731445312,176881,QQQ,1m
2026-05-15 13:50:00+00:00,708.6799926757812,709.1300048828125,707.9000244140625,708.0499877929688,190961,QQQ,1m
2026-05-15 13:51:00+00:00,708.0599975585938,708.1799926757812,707.3599853515625,707.7050170898438,95025,QQQ,1m
2026-05-15 13:52:00+00:00,707.72998046875,708.5599975585938,707.5700073242188,708.4199829101562,107522,QQQ,1m
2026-05-15 13:53:00+00:00,708.5,708.8499755859375,708.419921875,708.6599731445312,129080,QQQ,1m
2026-05-15 13:54:00+00:00,708.6599731445312,710.0,708.6199951171875,709.6900024414062,272704,QQQ,1m
2026-05-15 13:55:00+00:00,709.7000122070312,710.030029296875,709.3604736328125,709.989990234375,230159,QQQ,1m
2026-05-15 13:56:00+00:00,709.9749755859375,710.3499755859375,709.4102172851562,709.719970703125,184401,QQQ,1m
2026-05-15 13:57:00+00:00,709.6699829101562,709.6699829101562,708.3300170898438,708.3699951171875,126864,QQQ,1m
2026-05-15 13:58:00+00:00,708.3800048828125,708.3800048828125,707.219970703125,707.3499755859375,184937,QQQ,1m
2026-05-15 13:59:00+00:00,707.3200073242188,707.6199951171875,706.780029296875,706.8800048828125,139246,QQQ,1m
2026-05-15 14:00:00+00:00,706.9000244140625,707.3250122070312,706.6099853515625,707.1199951171875,238953,QQQ,1m
2026-05-15 14:01:00+00:00,707.1699829101562,707.7999877929688,707.1099853515625,707.7286987304688,145935,QQQ,1m
2026-05-15 14:02:00+00:00,707.72998046875,708.5098876953125,707.72998046875,708.3599853515625,153003,QQQ,1m
2026-05-15 14:03:00+00:00,708.3800048828125,708.469970703125,707.155029296875,707.4000244140625,152820,QQQ,1m
2026-05-15 14:04:00+00:00,707.3800048828125,707.9000244140625,706.8599853515625,707.3800048828125,139789,QQQ,1m
2026-05-15 14:05:00+00:00,707.3900146484375,707.9500122070312,706.9550170898438,707.5150146484375,106079,QQQ,1m
2026-05-15 14:06:00+00:00,707.52001953125,707.9299926757812,707.3619995117188,707.4000244140625,118874,QQQ,1m
2026-05-15 14:07:00+00:00,707.4199829101562,707.8099975585938,707.4199829101562,707.7000122070312,69658,QQQ,1m
2026-05-15 14:08:00+00:00,707.6799926757812,708.8798828125,707.6799926757812,708.8200073242188,127738,QQQ,1m
2026-05-15 14:09:00+00:00,708.7999877929688,709.0800170898438,708.4000244140625,708.530029296875,140935,QQQ,1m
2026-05-15 14:10:00+00:00,708.5499877929688,709.3889770507812,708.5499877929688,709.3800048828125,85966,QQQ,1m
2026-05-15 14:11:00+00:00,709.3699951171875,709.4299926757812,708.1500244140625,709.0,120380,QQQ,1m
2026-05-15 14:12:00+00:00,708.969970703125,709.9000244140625,708.9600219726562,709.8300170898438,119418,QQQ,1m
2026-05-15 14:13:00+00:00,709.8499755859375,710.7000122070312,709.8499755859375,710.2100219726562,237862,QQQ,1m
2026-05-15 14:14:00+00:00,710.1799926757812,710.75,710.0900268554688,710.6900024414062,134876,QQQ,1m
2026-05-15 14:15:00+00:00,710.6799926757812,711.2199096679688,710.0599975585938,711.0599975585938,196332,QQQ,1m
2026-05-15 14:16:00+00:00,711.0700073242188,711.3400268554688,710.760009765625,711.1199951171875,135148,QQQ,1m
2026-05-15 14:17:00+00:00,711.1185913085938,711.4400024414062,711.010009765625,711.1699829101562,415596,QQQ,1m
2026-05-15 14:18:00+00:00,711.1500244140625,712.0499877929688,711.1201171875,711.9400024414062,526290,QQQ,1m
2026-05-15 14:19:00+00:00,712.0,712.1500244140625,711.5599975585938,711.8200073242188,124447,QQQ,1m
2026-05-15 14:20:00+00:00,711.8499755859375,712.0999145507812,711.5,712.0499877929688,142671,QQQ,1m
2026-05-15 14:21:00+00:00,712.0349731445312,712.5999755859375,711.989990234375,712.0800170898438,194200,QQQ,1m
2026-05-15 14:22:00+00:00,712.1099853515625,712.47998046875,711.9299926757812,712.0087280273438,129018,QQQ,1m
2026-05-15 14:23:00+00:00,711.969970703125,712.6599731445312,711.969970703125,712.18212890625,128625,QQQ,1m
2026-05-15 14:24:00+00:00,712.2100219726562,712.3400268554688,711.5700073242188,711.6300048828125,151077,QQQ,1m
2026-05-15 14:25:00+00:00,711.625,711.7000122070312,711.0700073242188,711.339111328125,158957,QQQ,1m
2026-05-15 14:26:00+00:00,711.3099975585938,711.5800170898438,710.75,711.0100708007812,144559,QQQ,1m
2026-05-15 14:27:00+00:00,710.9600219726562,710.989990234375,710.614990234375,710.69873046875,80162,QQQ,1m
2026-05-15 14:28:00+00:00,710.6199951171875,711.22998046875,710.5,710.9899291992188,83152,QQQ,1m
2026-05-15 14:29:00+00:00,710.9749755859375,711.0,709.9600219726562,710.4349975585938,116632,QQQ,1m
2026-05-15 14:30:00+00:00,710.4600219726562,711.219970703125,710.3499755859375,710.9099731445312,133985,QQQ,1m
2026-05-15 14:31:00+00:00,710.9000244140625,711.3099975585938,710.7119140625,710.9199829101562,68162,QQQ,1m
2026-05-15 14:32:00+00:00,710.9500122070312,711.0250244140625,710.2899780273438,710.47998046875,85193,QQQ,1m
2026-05-15 14:33:00+00:00,710.510009765625,711.0491943359375,710.4199829101562,710.8099975585938,84539,QQQ,1m
2026-05-15 14:34:00+00:00,710.7899780273438,711.7000122070312,710.6900024414062,711.6400146484375,85194,QQQ,1m
2026-05-15 14:35:00+00:00,711.640380859375,711.719970703125,711.3300170898438,711.3699951171875,94102,QQQ,1m
2026-05-15 14:36:00+00:00,711.3699951171875,711.510009765625,710.77001953125,711.2000122070312,73957,QQQ,1m
2026-05-15 14:37:00+00:00,711.1710205078125,711.9099731445312,711.0399780273438,711.4299926757812,68589,QQQ,1m
2026-05-15 14:38:00+00:00,711.4349975585938,711.9000244140625,711.4349975585938,711.8900146484375,42417,QQQ,1m
2026-05-15 14:39:00+00:00,711.9099731445312,712.0266723632812,711.2100219726562,711.218505859375,116460,QQQ,1m
2026-05-15 14:40:00+00:00,711.219970703125,712.0999755859375,711.2000122070312,712.0260009765625,80553,QQQ,1m
2026-05-15 14:41:00+00:00,711.989990234375,712.0900268554688,711.5,711.6400146484375,68711,QQQ,1m
2026-05-15 14:42:00+00:00,711.6099853515625,711.9400024414062,711.2999877929688,711.6613159179688,456680,QQQ,1m
2026-05-15 14:43:00+00:00,711.6400146484375,711.7797241210938,711.4400024414062,711.6203002929688,59939,QQQ,1m
2026-05-15 14:44:00+00:00,711.5750122070312,711.8699951171875,711.3499755859375,711.7999877929688,66420,QQQ,1m
2026-05-15 14:45:00+00:00,711.8295288085938,711.9400024414062,711.0100708007812,711.155029296875,74440,QQQ,1m
2026-05-15 14:46:00+00:00,711.1099853515625,711.4299926757812,710.5,710.5335083007812,74423,QQQ,1m
2026-05-15 14:47:00+00:00,710.52001953125,711.0800170898438,710.3300170898438,710.6400146484375,79471,QQQ,1m
2026-05-15 14:48:00+00:00,710.6300048828125,710.72998046875,710.2100219726562,710.5159912109375,57169,QQQ,1m
2026-05-15 14:49:00+00:00,710.5,710.6300048828125,710.2199096679688,710.375,63951,QQQ,1m
2026-05-15 14:50:00+00:00,710.4099731445312,710.469970703125,709.4600219726562,710.0800170898438,149086,QQQ,1m
2026-05-15 14:51:00+00:00,710.0700073242188,710.1900024414062,709.6099853515625,709.6900024414062,84514,QQQ,1m
2026-05-15 14:52:00+00:00,709.6900024414062,709.94970703125,709.4000244140625,709.7999877929688,95895,QQQ,1m
2026-05-15 14:53:00+00:00,709.8060302734375,710.4066772460938,709.780029296875,710.02001953125,101405,QQQ,1m
2026-05-15 14:54:00+00:00,710.0,710.84228515625,710.0,710.8300170898438,77899,QQQ,1m
2026-05-15 14:55:00+00:00,710.8576049804688,711.2999877929688,710.47998046875,710.8294067382812,76239,QQQ,1m
2026-05-15 14:56:00+00:00,710.7899780273438,711.1500244140625,710.77001953125,711.1500244140625,76083,QQQ,1m
2026-05-15 14:57:00+00:00,711.2100219726562,711.3309936523438,710.9199829101562,711.010009765625,49350,QQQ,1m
2026-05-15 14:58:00+00:00,711.0499877929688,711.0650024414062,710.3699951171875,710.6500244140625,49351,QQQ,1m
2026-05-15 14:59:00+00:00,710.6799926757812,710.7100219726562,710.0599975585938,710.1649780273438,51111,QQQ,1m
2026-05-15 15:00:00+00:00,710.219970703125,710.5599975585938,710.0399780273438,710.2150268554688,60120,QQQ,1m
2026-05-15 15:01:00+00:00,710.219970703125,710.9299926757812,710.219970703125,710.3900146484375,74287,QQQ,1m
2026-05-15 15:02:00+00:00,710.3599853515625,710.510009765625,709.7550048828125,709.85498046875,125752,QQQ,1m
2026-05-15 15:03:00+00:00,709.8300170898438,710.1599731445312,709.5,710.0349731445312,84687,QQQ,1m
2026-05-15 15:04:00+00:00,710.0499877929688,710.5599975585938,709.8800048828125,710.1699829101562,65705,QQQ,1m
2026-05-15 15:05:00+00:00,710.1400146484375,710.280029296875,709.8699951171875,710.0150146484375,61842,QQQ,1m
2026-05-15 15:06:00+00:00,710.0499877929688,710.27001953125,709.47998046875,709.5250244140625,61808,QQQ,1m
2026-05-15 15:07:00+00:00,709.540771484375,709.6500244140625,709.239990234375,709.4099731445312,47449,QQQ,1m
2026-05-15 15:08:00+00:00,709.385009765625,710.0900268554688,709.3599853515625,709.9299926757812,65911,QQQ,1m
2026-05-15 15:09:00+00:00,709.9500122070312,711.1199951171875,709.760009765625,711.0700073242188,168140,QQQ,1m
2026-05-15 15:10:00+00:00,711.0700073242188,711.239990234375,710.9500122070312,711.094970703125,91901,QQQ,1m
2026-05-15 15:11:00+00:00,711.0900268554688,711.1799926757812,710.1799926757812,710.5800170898438,110150,QQQ,1m
2026-05-15 15:12:00+00:00,710.5709228515625,710.6300048828125,710.0999755859375,710.4099731445312,37531,QQQ,1m
2026-05-15 15:13:00+00:00,710.3900146484375,710.8099975585938,710.3599853515625,710.6801147460938,42698,QQQ,1m
2026-05-15 15:14:00+00:00,710.7098999023438,710.7098999023438,709.8099975585938,710.3099975585938,78968,QQQ,1m
2026-05-15 15:15:00+00:00,710.2899780273438,710.4500122070312,710.02001953125,710.1199951171875,35201,QQQ,1m
2026-05-15 15:16:00+00:00,710.1699829101562,710.75,710.1599731445312,710.489990234375,31887,QQQ,1m
2026-05-15 15:17:00+00:00,710.5999145507812,711.1099853515625,710.3200073242188,710.9600219726562,56836,QQQ,1m
2026-05-15 15:18:00+00:00,711.02001953125,711.1300048828125,710.8200073242188,710.969970703125,223263,QQQ,1m
2026-05-15 15:19:00+00:00,710.9500122070312,711.1500244140625,710.8099975585938,710.9600219726562,58605,QQQ,1m
2026-05-15 15:20:00+00:00,710.9600219726562,711.7000122070312,710.9600219726562,711.60009765625,69084,QQQ,1m
2026-05-15 15:21:00+00:00,711.6400146484375,712.02001953125,711.469970703125,711.8200073242188,85430,QQQ,1m
2026-05-15 15:22:00+00:00,711.8099975585938,712.0900268554688,711.719970703125,711.7501220703125,56818,QQQ,1m
2026-05-15 15:23:00+00:00,711.760009765625,711.9500122070312,711.1605224609375,711.3099975585938,107398,QQQ,1m
2026-05-15 15:24:00+00:00,711.2999877929688,711.4500122070312,711.0,711.1699829101562,49754,QQQ,1m
2026-05-15 15:25:00+00:00,711.22998046875,711.3400268554688,710.530029296875,710.7603759765625,98312,QQQ,1m
2026-05-15 15:26:00+00:00,710.7750244140625,711.47998046875,710.6599731445312,711.375,52526,QQQ,1m
2026-05-15 15:27:00+00:00,711.4400024414062,711.7050170898438,711.27001953125,711.2999877929688,52931,QQQ,1m
2026-05-15 15:28:00+00:00,711.3499755859375,711.4099731445312,710.77001953125,710.9600219726562,73011,QQQ,1m
2026-05-15 15:29:00+00:00,710.9500122070312,711.4201049804688,710.9400024414062,711.4201049804688,40920,QQQ,1m
2026-05-15 15:30:00+00:00,711.4500122070312,712.010009765625,711.4500122070312,711.844970703125,95251,QQQ,1m
2026-05-15 15:31:00+00:00,711.8300170898438,712.219970703125,711.8200073242188,712.1690063476562,63546,QQQ,1m
2026-05-15 15:32:00+00:00,712.1400146484375,712.3699951171875,712.0900268554688,712.239990234375,60946,QQQ,1m
2026-05-15 15:33:00+00:00,712.2550048828125,712.3699951171875,711.572998046875,711.6900024414062,88090,QQQ,1m
2026-05-15 15:34:00+00:00,711.5800170898438,712.1224975585938,711.5501098632812,711.6900024414062,49634,QQQ,1m
2026-05-15 15:35:00+00:00,711.6588745117188,712.1300048828125,711.5700073242188,711.989990234375,56084,QQQ,1m
2026-05-15 15:36:00+00:00,711.97998046875,712.5800170898438,711.9299926757812,711.9600219726562,77930,QQQ,1m
2026-05-15 15:37:00+00:00,711.9600219726562,712.5399780273438,711.9400024414062,712.4099731445312,71002,QQQ,1m
2026-05-15 15:38:00+00:00,712.4650268554688,712.4650268554688,712.0349731445312,712.1781005859375,62756,QQQ,1m
2026-05-15 15:39:00+00:00,712.1900024414062,712.344970703125,711.3200073242188,711.4299926757812,123585,QQQ,1m
2026-05-15 15:40:00+00:00,711.4299926757812,711.6298828125,711.030029296875,711.5399780273438,83143,QQQ,1m
2026-05-15 15:41:00+00:00,711.5850219726562,711.6849975585938,711.280029296875,711.6300048828125,44635,QQQ,1m
2026-05-15 15:42:00+00:00,711.6799926757812,711.719970703125,711.25,711.4500122070312,45656,QQQ,1m
2026-05-15 15:43:00+00:00,711.4500122070312,711.4500122070312,710.5999755859375,710.85498046875,55392,QQQ,1m
2026-05-15 15:44:00+00:00,710.8400268554688,710.9000244140625,709.9600219726562,710.2739868164062,104963,QQQ,1m
2026-05-15 15:45:00+00:00,710.2999877929688,710.5053100585938,709.9600219726562,710.3350219726562,51751,QQQ,1m
2026-05-15 15:46:00+00:00,710.3250122070312,710.4500122070312,710.1799926757812,710.4000244140625,56293,QQQ,1m
2026-05-15 15:47:00+00:00,710.489990234375,710.489990234375,709.969970703125,709.969970703125,56887,QQQ,1m
2026-05-15 15:48:00+00:00,709.969970703125,710.6599731445312,709.905029296875,710.4653930664062,51767,QQQ,1m
2026-05-15 15:49:00+00:00,710.4879760742188,710.5150146484375,709.6799926757812,709.8800048828125,117714,QQQ,1m
2026-05-15 15:50:00+00:00,709.875,709.8900146484375,709.1599731445312,709.5599975585938,128225,QQQ,1m
2026-05-15 15:51:00+00:00,709.530029296875,709.8200073242188,709.1799926757812,709.5,71806,QQQ,1m
2026-05-15 15:52:00+00:00,709.469970703125,709.780029296875,709.4400024414062,709.6099853515625,74311,QQQ,1m
2026-05-15 15:53:00+00:00,709.6300048828125,709.6300048828125,708.9299926757812,709.25,85477,QQQ,1m
2026-05-15 15:54:00+00:00,709.125,709.4299926757812,709.0599975585938,709.27001953125,76104,QQQ,1m
2026-05-15 15:55:00+00:00,709.2100219726562,709.4400024414062,708.5399780273438,709.3099975585938,109932,QQQ,1m
2026-05-15 15:56:00+00:00,709.3499755859375,709.7498779296875,709.1400146484375,709.7100219726562,1265733,QQQ,1m
2026-05-15 15:57:00+00:00,709.8099975585938,709.989990234375,709.0599975585938,709.22998046875,83466,QQQ,1m
2026-05-15 15:58:00+00:00,709.3228149414062,709.8499755859375,709.3201293945312,709.8400268554688,44092,QQQ,1m
2026-05-15 15:59:00+00:00,709.8599853515625,710.2999877929688,709.8400268554688,710.1599731445312,90689,QQQ,1m
2026-05-15 16:00:00+00:00,710.22998046875,710.5349731445312,710.1199951171875,710.4400024414062,89954,QQQ,1m
2026-05-15 16:01:00+00:00,710.4400024414062,710.64501953125,710.2849731445312,710.6400146484375,64626,QQQ,1m
2026-05-15 16:02:00+00:00,710.6303100585938,710.7999877929688,710.5477905273438,710.780029296875,90895,QQQ,1m
2026-05-15 16:03:00+00:00,710.739990234375,710.9000244140625,709.989990234375,710.1400146484375,228634,QQQ,1m
2026-05-15 16:04:00+00:00,710.1500244140625,710.260009765625,709.7899780273438,710.2000122070312,47576,QQQ,1m
2026-05-15 16:05:00+00:00,710.1199951171875,710.4500122070312,709.9000244140625,710.3438110351562,25541,QQQ,1m
2026-05-15 16:06:00+00:00,710.2899780273438,710.35498046875,709.72998046875,709.739990234375,55210,QQQ,1m
2026-05-15 16:07:00+00:00,709.7849731445312,710.1199951171875,709.7100219726562,710.0800170898438,38267,QQQ,1m
2026-05-15 16:08:00+00:00,710.0700073242188,710.60498046875,710.0700073242188,710.476318359375,45184,QQQ,1m
2026-05-15 16:09:00+00:00,710.4500122070312,710.6699829101562,710.3800048828125,710.5800170898438,54556,QQQ,1m
2026-05-15 16:10:00+00:00,710.5499877929688,710.5701293945312,709.989990234375,709.989990234375,45791,QQQ,1m
2026-05-15 16:11:00+00:00,710.010009765625,710.0900268554688,709.47998046875,709.72998046875,52165,QQQ,1m
2026-05-15 16:12:00+00:00,709.739990234375,709.8599853515625,709.5599975585938,709.7492065429688,66792,QQQ,1m
2026-05-15 16:13:00+00:00,709.7349853515625,710.0,709.7100219726562,709.9600219726562,32350,QQQ,1m
2026-05-15 16:14:00+00:00,709.9840087890625,710.3599853515625,709.9600219726562,710.3200073242188,27917,QQQ,1m
2026-05-15 16:15:00+00:00,710.3099975585938,710.3599853515625,709.8599853515625,709.9219970703125,49430,QQQ,1m
2026-05-15 16:16:00+00:00,709.9937744140625,710.0900268554688,709.6500244140625,709.8400268554688,34826,QQQ,1m
2026-05-15 16:17:00+00:00,709.8200073242188,709.89990234375,709.5,709.89990234375,49216,QQQ,1m
2026-05-15 16:18:00+00:00,709.8499755859375,710.0599975585938,709.8099975585938,709.9810180664062,40027,QQQ,1m
2026-05-15 16:19:00+00:00,709.9700927734375,710.1900024414062,709.739990234375,709.969970703125,133464,QQQ,1m
2026-05-15 16:20:00+00:00,709.969970703125,710.2849731445312,709.864990234375,710.2349853515625,24472,QQQ,1m
2026-05-15 16:21:00+00:00,710.2449951171875,710.72998046875,710.239990234375,710.4400024414062,57080,QQQ,1m
2026-05-15 16:22:00+00:00,710.4400024414062,710.8800048828125,710.4000244140625,710.8599853515625,74416,QQQ,1m
2026-05-15 16:23:00+00:00,710.7899780273438,710.9000244140625,710.5,710.780029296875,38181,QQQ,1m
2026-05-15 16:24:00+00:00,710.8499755859375,711.194580078125,710.7899780273438,711.1201171875,60745,QQQ,1m
2026-05-15 16:25:00+00:00,711.1300048828125,711.4500122070312,710.989990234375,711.3400268554688,1306003,QQQ,1m
2026-05-15 16:26:00+00:00,711.3400268554688,711.3400268554688,710.9808959960938,711.0900268554688,23380,QQQ,1m
2026-05-15 16:27:00+00:00,711.1300048828125,711.3400268554688,711.0650024414062,711.3300170898438,25770,QQQ,1m
2026-05-15 16:28:00+00:00,711.3300170898438,711.5,711.010009765625,711.0565795898438,35909,QQQ,1m
2026-05-15 16:29:00+00:00,711.02001953125,711.3900146484375,710.9400024414062,711.3900146484375,29092,QQQ,1m
2026-05-15 16:30:00+00:00,711.4299926757812,711.5999755859375,711.1500244140625,711.3800048828125,39935,QQQ,1m
2026-05-15 16:31:00+00:00,711.3900146484375,711.7080078125,711.3900146484375,711.5399780273438,37037,QQQ,1m
2026-05-15 16:32:00+00:00,711.580078125,711.669921875,711.4000244140625,711.5999755859375,33199,QQQ,1m
2026-05-15 16:33:00+00:00,711.5900268554688,711.6799926757812,711.4600219726562,711.5900268554688,22185,QQQ,1m
2026-05-15 16:34:00+00:00,711.5999145507812,711.77001953125,711.5399780273438,711.6099853515625,33756,QQQ,1m
2026-05-15 16:35:00+00:00,711.6699829101562,711.6900024414062,711.1013793945312,711.25,33256,QQQ,1m
2026-05-15 16:36:00+00:00,711.2999877929688,711.6199951171875,711.2999877929688,711.4199829101562,24561,QQQ,1m
2026-05-15 16:37:00+00:00,711.3900146484375,711.4849853515625,711.1500244140625,711.3599853515625,76716,QQQ,1m
2026-05-15 16:38:00+00:00,711.4349975585938,711.4500122070312,711.02001953125,711.0850219726562,21067,QQQ,1m
2026-05-15 16:39:00+00:00,711.0850219726562,711.4500122070312,711.0499877929688,711.4249877929688,38794,QQQ,1m
2026-05-15 16:40:00+00:00,711.5,711.5191040039062,711.219970703125,711.2899780273438,37548,QQQ,1m
2026-05-15 16:41:00+00:00,711.3099975585938,711.364990234375,711.2100219726562,711.22998046875,16548,QQQ,1m
2026-05-15 16:42:00+00:00,711.22998046875,711.5499877929688,711.0399780273438,711.3099975585938,20134,QQQ,1m
2026-05-15 16:43:00+00:00,711.2999877929688,711.4547119140625,711.260009765625,711.3800048828125,23947,QQQ,1m
2026-05-15 16:44:00+00:00,711.4099731445312,711.75,711.3250122070312,711.7301025390625,44598,QQQ,1m
2026-05-15 16:45:00+00:00,711.7249755859375,711.8150024414062,711.5177001953125,711.7999877929688,28409,QQQ,1m
2026-05-15 16:46:00+00:00,711.7999877929688,711.869873046875,711.3499755859375,711.3533935546875,30886,QQQ,1m
2026-05-15 16:47:00+00:00,711.3900146484375,711.802490234375,711.3900146484375,711.7899780273438,27617,QQQ,1m
2026-05-15 16:48:00+00:00,711.7949829101562,711.8399047851562,711.52001953125,711.619873046875,30894,QQQ,1m
2026-05-15 16:49:00+00:00,711.5999755859375,711.6799926757812,711.4600219726562,711.47998046875,20366,QQQ,1m
2026-05-15 16:50:00+00:00,711.4500122070312,711.8200073242188,711.4299926757812,711.6500244140625,24367,QQQ,1m
2026-05-15 16:51:00+00:00,711.6599731445312,711.7999877929688,711.4251098632812,711.4500732421875,26339,QQQ,1m
2026-05-15 16:52:00+00:00,711.4650268554688,711.5499877929688,711.0,711.0230102539062,46886,QQQ,1m
2026-05-15 16:53:00+00:00,711.02001953125,711.02001953125,710.7100219726562,710.7100219726562,53703,QQQ,1m
2026-05-15 16:54:00+00:00,710.6900024414062,710.8800048828125,710.1500244140625,710.32421875,60781,QQQ,1m
2026-05-15 16:55:00+00:00,710.2899780273438,710.9099731445312,710.288818359375,710.8900146484375,26353,QQQ,1m
2026-05-15 16:56:00+00:00,710.9000244140625,711.0999755859375,710.8400268554688,711.0599975585938,61175,QQQ,1m
2026-05-15 16:57:00+00:00,711.0499877929688,711.3300170898438,711.0,711.219970703125,46829,QQQ,1m
2026-05-15 16:58:00+00:00,711.219970703125,711.2899780273438,710.780029296875,710.9000244140625,30773,QQQ,1m
2026-05-15 16:59:00+00:00,710.8200073242188,711.239990234375,710.8200073242188,711.1900024414062,990481,QQQ,1m
2026-05-15 17:00:00+00:00,711.2000122070312,711.2999877929688,710.9600219726562,711.14501953125,77998,QQQ,1m
2026-05-15 17:01:00+00:00,711.1699829101562,711.3300170898438,710.9299926757812,711.2650146484375,59063,QQQ,1m
2026-05-15 17:02:00+00:00,711.2000122070312,711.5499877929688,711.1900024414062,711.4000244140625,31388,QQQ,1m
2026-05-15 17:03:00+00:00,711.4550170898438,711.469970703125,710.9849853515625,711.094482421875,26407,QQQ,1m
2026-05-15 17:04:00+00:00,711.0999755859375,711.2999877929688,710.989990234375,711.280029296875,25177,QQQ,1m
2026-05-15 17:05:00+00:00,711.260009765625,711.5,711.1489868164062,711.4901123046875,77602,QQQ,1m
2026-05-15 17:06:00+00:00,711.47998046875,711.9400024414062,711.469970703125,711.8300170898438,64789,QQQ,1m
2026-05-15 17:07:00+00:00,711.8400268554688,711.89501953125,711.6400146484375,711.6400146484375,28237,QQQ,1m
2026-05-15 17:08:00+00:00,711.6849975585938,711.8699951171875,711.655029296875,711.7899780273438,18850,QQQ,1m
2026-05-15 17:09:00+00:00,711.8200073242188,711.8699951171875,711.6500244140625,711.8150024414062,30630,QQQ,1m
2026-05-15 17:10:00+00:00,711.8499145507812,712.0700073242188,711.77001953125,711.9500732421875,103163,QQQ,1m
2026-05-15 17:11:00+00:00,711.9299926757812,712.02001953125,711.8699951171875,712.0106201171875,18520,QQQ,1m
2026-05-15 17:12:00+00:00,712.010009765625,712.0800170898438,711.7750244140625,712.0700073242188,31276,QQQ,1m
2026-05-15 17:13:00+00:00,712.0499877929688,712.0499877929688,711.6199951171875,711.7899780273438,29044,QQQ,1m
2026-05-15 17:14:00+00:00,711.7999877929688,712.1300048828125,711.760009765625,712.0999755859375,34804,QQQ,1m
2026-05-15 17:15:00+00:00,712.1099853515625,712.1400146484375,711.7050170898438,711.760009765625,37589,QQQ,1m
2026-05-15 17:16:00+00:00,711.739990234375,711.9299926757812,711.6799926757812,711.6799926757812,34098,QQQ,1m
2026-05-15 17:17:00+00:00,711.6900024414062,711.8499755859375,711.6699829101562,711.77001953125,24924,QQQ,1m
2026-05-15 17:18:00+00:00,711.8099975585938,712.0599975585938,711.8099975585938,712.0,272315,QQQ,1m
2026-05-15 17:19:00+00:00,712.0599975585938,712.2098999023438,711.8400268554688,712.2098999023438,24333,QQQ,1m
2026-05-15 17:20:00+00:00,712.2100219726562,712.4099731445312,712.0800170898438,712.3250122070312,35413,QQQ,1m
2026-05-15 17:21:00+00:00,712.375,712.5499877929688,712.3200073242188,712.4387817382812,62418,QQQ,1m
2026-05-15 17:22:00+00:00,712.4099731445312,712.8049926757812,712.2100219726562,712.739990234375,96678,QQQ,1m
2026-05-15 17:23:00+00:00,712.780029296875,712.9500122070312,712.7249755859375,712.8201293945312,57988,QQQ,1m
2026-05-15 17:24:00+00:00,712.8300170898438,713.1799926757812,712.8201293945312,713.0900268554688,90949,QQQ,1m
2026-05-15 17:25:00+00:00,713.0900268554688,713.530029296875,713.0900268554688,713.35498046875,137496,QQQ,1m
2026-05-15 17:26:00+00:00,713.3699951171875,713.72998046875,713.3300170898438,713.5499877929688,90883,QQQ,1m
2026-05-15 17:27:00+00:00,713.5449829101562,713.6599731445312,713.322021484375,713.5499877929688,53895,QQQ,1m
2026-05-15 17:28:00+00:00,713.5689697265625,713.718017578125,713.5050048828125,713.6702880859375,31672,QQQ,1m
2026-05-15 17:29:00+00:00,713.6400146484375,713.6749877929688,713.4099731445312,713.469970703125,41586,QQQ,1m
2026-05-15 17:30:00+00:00,713.4500122070312,713.72998046875,713.4201049804688,713.6799926757812,38874,QQQ,1m
2026-05-15 17:31:00+00:00,713.719970703125,713.7999877929688,713.5900268554688,713.6900024414062,44317,QQQ,1m
2026-05-15 17:32:00+00:00,713.6799926757812,713.8400268554688,713.6599731445312,713.7800903320312,40335,QQQ,1m
2026-05-15 17:33:00+00:00,713.7999877929688,713.9124755859375,713.5999755859375,713.864990234375,41253,QQQ,1m
2026-05-15 17:34:00+00:00,713.8699951171875,714.0800170898438,713.869873046875,714.0595092773438,85113,QQQ,1m
2026-05-15 17:35:00+00:00,714.0200805664062,714.125,713.8900146484375,714.0399780273438,52673,QQQ,1m
2026-05-15 17:36:00+00:00,714.092529296875,714.1400146484375,713.8300170898438,714.0700073242188,85885,QQQ,1m
2026-05-15 17:37:00+00:00,714.0800170898438,714.1400146484375,713.8400268554688,713.8599853515625,57625,QQQ,1m
2026-05-15 17:38:00+00:00,713.8900146484375,713.989990234375,713.5800170898438,713.8900146484375,66051,QQQ,1m
2026-05-15 17:39:00+00:00,713.8900146484375,714.0499267578125,713.7550048828125,713.9998779296875,81612,QQQ,1m
2026-05-15 17:40:00+00:00,713.9979858398438,714.0599975585938,713.7449951171875,713.7600708007812,61329,QQQ,1m
2026-05-15 17:41:00+00:00,713.77001953125,713.8300170898438,713.239990234375,713.3099975585938,157998,QQQ,1m
2026-05-15 17:42:00+00:00,713.2999877929688,713.6079711914062,713.1699829101562,713.5399780273438,45766,QQQ,1m
2026-05-15 17:43:00+00:00,713.5599975585938,713.8400268554688,713.489990234375,713.75,60463,QQQ,1m
2026-05-15 17:44:00+00:00,713.760009765625,713.8099975585938,713.6300048828125,713.6300048828125,47848,QQQ,1m
2026-05-15 17:45:00+00:00,713.6599731445312,713.8699951171875,713.6187744140625,713.8200073242188,78613,QQQ,1m
2026-05-15 17:46:00+00:00,713.780029296875,713.8499755859375,713.5599975585938,713.5850219726562,71534,QQQ,1m
2026-05-15 17:47:00+00:00,713.5701293945312,713.7000122070312,713.4400024414062,713.6799926757812,21835,QQQ,1m
2026-05-15 17:48:00+00:00,713.6699829101562,713.8200073242188,713.4299926757812,713.4467163085938,24849,QQQ,1m
2026-05-15 17:49:00+00:00,713.4400024414062,713.5396118164062,713.3400268554688,713.4550170898438,25496,QQQ,1m
2026-05-15 17:50:00+00:00,713.5150146484375,713.6799926757812,713.489990234375,713.6699829101562,47623,QQQ,1m
2026-05-15 17:51:00+00:00,713.6649780273438,713.7999877929688,713.5999755859375,713.6799926757812,31848,QQQ,1m
2026-05-15 17:52:00+00:00,713.7000122070312,713.8800048828125,713.60009765625,713.77001953125,52780,QQQ,1m
2026-05-15 17:53:00+00:00,713.7999877929688,714.059814453125,713.7890014648438,714.0,28239,QQQ,1m
2026-05-15 17:54:00+00:00,714.02001953125,714.0598754882812,713.9149780273438,713.97998046875,37309,QQQ,1m
2026-05-15 17:55:00+00:00,713.969970703125,714.010009765625,713.8599853515625,713.989990234375,33549,QQQ,1m
2026-05-15 17:56:00+00:00,713.969970703125,714.1685180664062,713.8800048828125,714.1116943359375,36142,QQQ,1m
2026-05-15 17:57:00+00:00,714.1099853515625,714.22998046875,713.6900024414062,713.780029296875,41496,QQQ,1m
2026-05-15 17:58:00+00:00,713.8099975585938,714.106689453125,713.7999877929688,714.090087890625,32466,QQQ,1m
2026-05-15 17:59:00+00:00,714.1199951171875,714.280029296875,714.010009765625,714.2100219726562,1266030,QQQ,1m
2026-05-15 18:00:00+00:00,714.22998046875,714.6079711914062,714.22998046875,714.4089965820312,120735,QQQ,1m
2026-05-15 18:01:00+00:00,714.3900146484375,714.5800170898438,714.219970703125,714.3599243164062,212273,QQQ,1m
2026-05-15 18:02:00+00:00,714.3200073242188,714.4849853515625,714.2600708007812,714.4199829101562,85170,QQQ,1m
2026-05-15 18:03:00+00:00,714.3699951171875,714.5499877929688,714.3699951171875,714.52001953125,49994,QQQ,1m
2026-05-15 18:04:00+00:00,714.510009765625,714.5900268554688,714.4299926757812,714.5650024414062,50054,QQQ,1m
2026-05-15 18:05:00+00:00,714.5651245117188,714.8300170898438,714.5449829101562,714.7899780273438,187928,QQQ,1m
2026-05-15 18:06:00+00:00,714.7579956054688,714.8400268554688,714.5850219726562,714.780029296875,72169,QQQ,1m
2026-05-15 18:07:00+00:00,714.8096923828125,715.0,714.739990234375,714.9600219726562,129846,QQQ,1m
2026-05-15 18:08:00+00:00,714.9650268554688,715.119873046875,714.7100219726562,714.75,81640,QQQ,1m
2026-05-15 18:09:00+00:00,714.7999877929688,714.969970703125,714.626220703125,714.7100219726562,66726,QQQ,1m
2026-05-15 18:10:00+00:00,714.7100219726562,714.9199829101562,714.6199951171875,714.8900146484375,340141,QQQ,1m
2026-05-15 18:11:00+00:00,714.8300170898438,714.864990234375,714.7050170898438,714.7249755859375,28866,QQQ,1m
2026-05-15 18:12:00+00:00,714.7899780273438,715.1058959960938,714.7501220703125,715.0701293945312,121229,QQQ,1m
2026-05-15 18:13:00+00:00,715.0800170898438,715.0999755859375,714.780029296875,714.989990234375,136144,QQQ,1m
2026-05-15 18:14:00+00:00,714.969970703125,715.0399780273438,714.6500244140625,714.6729736328125,53896,QQQ,1m
2026-05-15 18:15:00+00:00,714.6900024414062,714.760009765625,714.3099975585938,714.3300170898438,67741,QQQ,1m
2026-05-15 18:16:00+00:00,714.3342895507812,714.47998046875,714.25,714.25,57456,QQQ,1m
2026-05-15 18:17:00+00:00,714.2100219726562,714.3800048828125,714.1799926757812,714.2100219726562,37084,QQQ,1m
2026-05-15 18:18:00+00:00,714.1699829101562,714.280029296875,713.1099853515625,713.4100952148438,146875,QQQ,1m
2026-05-15 18:19:00+00:00,713.3900146484375,713.3900146484375,712.760009765625,712.9500122070312,202854,QQQ,1m
2026-05-15 18:20:00+00:00,712.9266967773438,713.39697265625,712.7999877929688,713.3200073242188,111709,QQQ,1m
2026-05-15 18:21:00+00:00,713.3200073242188,713.47998046875,713.1900024414062,713.3099975585938,133135,QQQ,1m
2026-05-15 18:22:00+00:00,713.2899780273438,713.8200073242188,713.2750244140625,713.6900024414062,64757,QQQ,1m
2026-05-15 18:23:00+00:00,713.7000122070312,713.9099731445312,713.5900268554688,713.9000244140625,52945,QQQ,1m
2026-05-15 18:24:00+00:00,713.9000244140625,714.030029296875,713.5599975585938,713.5599975585938,50327,QQQ,1m
2026-05-15 18:25:00+00:00,713.5599975585938,713.760009765625,713.22998046875,713.3900146484375,72644,QQQ,1m
2026-05-15 18:26:00+00:00,713.3699951171875,713.4299926757812,712.8900146484375,712.97998046875,41209,QQQ,1m
2026-05-15 18:27:00+00:00,713.030029296875,713.030029296875,712.6500244140625,712.7698974609375,67986,QQQ,1m
2026-05-15 18:28:00+00:00,712.6799926757812,712.8499755859375,712.47998046875,712.5999755859375,51879,QQQ,1m
2026-05-15 18:29:00+00:00,712.5700073242188,712.780029296875,712.469970703125,712.6599731445312,39420,QQQ,1m
2026-05-15 18:30:00+00:00,712.6599731445312,712.760009765625,712.25,712.3101196289062,78664,QQQ,1m
2026-05-15 18:31:00+00:00,712.239990234375,712.239990234375,711.3800048828125,711.3800048828125,170836,QQQ,1m
2026-05-15 18:32:00+00:00,711.3699951171875,711.739990234375,711.030029296875,711.7100219726562,122099,QQQ,1m
2026-05-15 18:33:00+00:00,711.72998046875,711.72998046875,711.27001953125,711.3400268554688,56949,QQQ,1m
2026-05-15 18:34:00+00:00,711.3200073242188,711.6799926757812,711.27001953125,711.5700073242188,62495,QQQ,1m
2026-05-15 18:35:00+00:00,711.5999755859375,712.0,711.5759887695312,711.739990234375,62186,QQQ,1m
2026-05-15 18:36:00+00:00,711.75,712.4000244140625,711.7000122070312,712.2999877929688,81390,QQQ,1m
2026-05-15 18:37:00+00:00,712.3400268554688,712.4099731445312,712.1400146484375,712.219970703125,67290,QQQ,1m
2026-05-15 18:38:00+00:00,712.25,712.4522705078125,711.989990234375,712.4201049804688,92969,QQQ,1m
2026-05-15 18:39:00+00:00,712.4400024414062,712.6599731445312,712.3800048828125,712.635009765625,104966,QQQ,1m
2026-05-15 18:40:00+00:00,712.598876953125,712.6199951171875,712.0599975585938,712.1500244140625,46407,QQQ,1m
2026-05-15 18:41:00+00:00,712.114990234375,712.3350219726562,712.0700073242188,712.2000122070312,28611,QQQ,1m
2026-05-15 18:42:00+00:00,712.1799926757812,712.1799926757812,711.8099975585938,712.0499877929688,53265,QQQ,1m
2026-05-15 18:43:00+00:00,712.0250244140625,712.2899780273438,712.010009765625,712.1900024414062,27410,QQQ,1m
2026-05-15 18:44:00+00:00,712.0900268554688,712.5180053710938,712.0900268554688,712.4412231445312,40456,QQQ,1m
2026-05-15 18:45:00+00:00,712.4600219726562,712.5150146484375,711.9500122070312,711.9899291992188,42715,QQQ,1m
2026-05-15 18:46:00+00:00,711.9970092773438,712.280029296875,711.9970092773438,712.27001953125,20724,QQQ,1m
2026-05-15 18:47:00+00:00,712.2750244140625,712.2750244140625,711.9041748046875,712.0900268554688,111624,QQQ,1m
2026-05-15 18:48:00+00:00,712.0900268554688,712.3599853515625,712.0599975585938,712.3369750976562,19546,QQQ,1m
2026-05-15 18:49:00+00:00,712.3499755859375,712.510009765625,712.2000732421875,712.360107421875,30140,QQQ,1m
2026-05-15 18:50:00+00:00,712.3599853515625,712.760009765625,712.1699829101562,712.239990234375,92888,QQQ,1m
2026-05-15 18:51:00+00:00,712.22998046875,712.469970703125,712.1400756835938,712.27001953125,28918,QQQ,1m
2026-05-15 18:52:00+00:00,712.3300170898438,712.5198974609375,712.22998046875,712.5198974609375,35705,QQQ,1m
2026-05-15 18:53:00+00:00,712.52001953125,712.8099975585938,712.52001953125,712.7899780273438,75153,QQQ,1m
2026-05-15 18:54:00+00:00,712.8099975585938,713.0999755859375,712.739990234375,713.03271484375,87186,QQQ,1m
2026-05-15 18:55:00+00:00,713.030029296875,713.2000122070312,712.8400268554688,713.1199951171875,71935,QQQ,1m
2026-05-15 18:56:00+00:00,713.1099853515625,713.1900024414062,712.75,712.7523803710938,48940,QQQ,1m
2026-05-15 18:57:00+00:00,712.75,712.9199829101562,712.3900146484375,712.4400024414062,179408,QQQ,1m
2026-05-15 18:58:00+00:00,712.4299926757812,712.5900268554688,712.3300170898438,712.47998046875,63742,QQQ,1m
2026-05-15 18:59:00+00:00,712.52001953125,712.9500122070312,712.52001953125,712.7999877929688,70096,QQQ,1m
2026-05-15 19:00:00+00:00,712.7899780273438,712.989990234375,712.4400024414062,712.510009765625,68268,QQQ,1m
2026-05-15 19:01:00+00:00,712.510009765625,712.5800170898438,712.3499755859375,712.3499755859375,48765,QQQ,1m
2026-05-15 19:02:00+00:00,712.4299926757812,712.510009765625,712.1400146484375,712.3049926757812,74288,QQQ,1m
2026-05-15 19:03:00+00:00,712.3300170898438,712.3800048828125,712.1699829101562,712.27001953125,30398,QQQ,1m
2026-05-15 19:04:00+00:00,712.3099975585938,712.3699951171875,711.7899780273438,711.9199829101562,89158,QQQ,1m
2026-05-15 19:05:00+00:00,711.9201049804688,712.1300048828125,711.875,712.10009765625,45121,QQQ,1m
2026-05-15 19:06:00+00:00,712.14501953125,712.14501953125,711.719970703125,711.7575073242188,106530,QQQ,1m
2026-05-15 19:07:00+00:00,711.75,711.8400268554688,711.4000244140625,711.5999755859375,138619,QQQ,1m
2026-05-15 19:08:00+00:00,711.6098022460938,711.72998046875,711.3599853515625,711.4600219726562,52610,QQQ,1m
2026-05-15 19:09:00+00:00,711.4299926757812,711.6599731445312,711.2000122070312,711.3900146484375,314194,QQQ,1m
2026-05-15 19:10:00+00:00,711.3400268554688,711.4000244140625,711.0399780273438,711.0800170898438,45359,QQQ,1m
2026-05-15 19:11:00+00:00,711.0900268554688,711.239990234375,710.8200073242188,710.9600219726562,104479,QQQ,1m
2026-05-15 19:12:00+00:00,710.9199829101562,711.0809936523438,710.6199951171875,711.030029296875,69829,QQQ,1m
2026-05-15 19:13:00+00:00,711.010009765625,711.3099975585938,710.9248046875,711.239990234375,83501,QQQ,1m
2026-05-15 19:14:00+00:00,711.2479858398438,711.3499755859375,711.0650024414062,711.1500244140625,61717,QQQ,1m
2026-05-15 19:15:00+00:00,711.1099853515625,711.1500244140625,710.8101196289062,711.1400146484375,49374,QQQ,1m
2026-05-15 19:16:00+00:00,711.1099853515625,711.1099853515625,710.85009765625,710.9249877929688,30444,QQQ,1m
2026-05-15 19:17:00+00:00,710.915283203125,710.969970703125,710.5800170898438,710.639892578125,57002,QQQ,1m
2026-05-15 19:18:00+00:00,710.6300048828125,710.8499755859375,710.2899169921875,710.8099975585938,74705,QQQ,1m
2026-05-15 19:19:00+00:00,710.8300170898438,711.0999755859375,710.6199951171875,710.655029296875,61133,QQQ,1m
2026-05-15 19:20:00+00:00,710.6199951171875,710.7000122070312,710.4500122070312,710.6900024414062,114914,QQQ,1m
2026-05-15 19:21:00+00:00,710.7000122070312,711.0399780273438,710.3701171875,710.7733764648438,110387,QQQ,1m
2026-05-15 19:22:00+00:00,710.719970703125,711.1699829101562,710.5900268554688,710.9600219726562,70204,QQQ,1m
2026-05-15 19:23:00+00:00,710.9600219726562,711.0798950195312,710.5700073242188,710.5723266601562,38992,QQQ,1m
2026-05-15 19:24:00+00:00,710.5599975585938,710.6799926757812,710.3499755859375,710.35498046875,132251,QQQ,1m
2026-05-15 19:25:00+00:00,710.3350219726562,710.5399780273438,710.3099975585938,710.4600219726562,45632,QQQ,1m
2026-05-15 19:26:00+00:00,710.5599975585938,710.6500244140625,710.3699951171875,710.3699951171875,53318,QQQ,1m
2026-05-15 19:27:00+00:00,710.3699951171875,710.510009765625,710.2899780273438,710.510009765625,49396,QQQ,1m
2026-05-15 19:28:00+00:00,710.489990234375,710.52001953125,710.239990234375,710.4299926757812,115761,QQQ,1m
2026-05-15 19:29:00+00:00,710.4400024414062,710.5700073242188,710.280029296875,710.4000244140625,84429,QQQ,1m
2026-05-15 19:30:00+00:00,710.3900146484375,710.9199829101562,710.3101196289062,710.9000244140625,123231,QQQ,1m
2026-05-15 19:31:00+00:00,710.9000244140625,711.166015625,710.8300170898438,711.010009765625,201176,QQQ,1m
2026-05-15 19:32:00+00:00,710.9000244140625,710.97998046875,710.7249755859375,710.875,69203,QQQ,1m
2026-05-15 19:33:00+00:00,710.875,711.02001953125,710.6611938476562,710.6801147460938,67486,QQQ,1m
2026-05-15 19:34:00+00:00,710.6799926757812,710.93798828125,710.594970703125,710.93798828125,53790,QQQ,1m
2026-05-15 19:35:00+00:00,710.9500122070312,711.1300048828125,710.5399780273438,711.1300048828125,46564,QQQ,1m
2026-05-15 19:36:00+00:00,711.1199951171875,711.3400268554688,710.960693359375,711.219970703125,75767,QQQ,1m
2026-05-15 19:37:00+00:00,711.2349853515625,711.25,710.969970703125,711.030029296875,56219,QQQ,1m
2026-05-15 19:38:00+00:00,711.02001953125,711.3200073242188,711.0,711.1500244140625,34040,QQQ,1m
2026-05-15 19:39:00+00:00,711.0999755859375,711.4099731445312,711.094970703125,711.3333129882812,66491,QQQ,1m
2026-05-15 19:40:00+00:00,711.344970703125,711.5800170898438,711.0499877929688,711.2100219726562,132702,QQQ,1m
2026-05-15 19:41:00+00:00,711.219970703125,711.5,711.2000122070312,711.4299926757812,98158,QQQ,1m
2026-05-15 19:42:00+00:00,711.4299926757812,711.4299926757812,710.85498046875,710.9099731445312,53817,QQQ,1m
2026-05-15 19:43:00+00:00,710.9000244140625,710.919189453125,710.6500244140625,710.6849975585938,118607,QQQ,1m
2026-05-15 19:44:00+00:00,710.7000122070312,710.760009765625,710.45068359375,710.47998046875,109607,QQQ,1m
2026-05-15 19:45:00+00:00,710.510009765625,710.6900024414062,710.3300170898438,710.3699951171875,100875,QQQ,1m
2026-05-15 19:46:00+00:00,710.3499755859375,710.3499755859375,709.9000244140625,710.2650146484375,115061,QQQ,1m
2026-05-15 19:47:00+00:00,710.2598876953125,710.75,710.1599731445312,710.47998046875,116456,QQQ,1m
2026-05-15 19:48:00+00:00,710.469970703125,710.6199951171875,710.3300170898438,710.5700073242188,90334,QQQ,1m
2026-05-15 19:49:00+00:00,710.5700073242188,710.7100219726562,710.2849731445312,710.6099853515625,260666,QQQ,1m
2026-05-15 19:50:00+00:00,710.5999755859375,710.5999755859375,709.6776123046875,709.7100219726562,227817,QQQ,1m
2026-05-15 19:51:00+00:00,709.7100219726562,710.2150268554688,709.6199951171875,710.2150268554688,137729,QQQ,1m
2026-05-15 19:52:00+00:00,710.219970703125,710.219970703125,709.60009765625,709.60009765625,206813,QQQ,1m
2026-05-15 19:53:00+00:00,709.5800170898438,709.7999877929688,709.3499755859375,709.3499755859375,142342,QQQ,1m
2026-05-15 19:54:00+00:00,709.3599853515625,709.5349731445312,708.9000244140625,708.989990234375,228301,QQQ,1m
2026-05-15 19:55:00+00:00,709.0,709.0499877929688,708.3800048828125,708.7100219726562,414581,QQQ,1m
2026-05-15 19:56:00+00:00,708.7100219726562,708.989990234375,708.5999755859375,708.8499755859375,241601,QQQ,1m
2026-05-15 19:57:00+00:00,708.8499755859375,709.4000244140625,708.5999755859375,709.1799926757812,380688,QQQ,1m
2026-05-15 19:58:00+00:00,709.1799926757812,709.1799926757812,708.739990234375,708.8200073242188,501568,QQQ,1m
2026-05-15 19:59:00+00:00,708.8300170898438,709.2249755859375,708.6400146484375,708.8800048828125,1094599,QQQ,1m
2026-05-18 13:30:00+00:00,711.5399780273438,711.989990234375,710.7999877929688,711.4400024414062,3108592,QQQ,1m
2026-05-18 13:31:00+00:00,711.4349975585938,712.0700073242188,710.8400268554688,711.1849975585938,176250,QQQ,1m
2026-05-18 13:32:00+00:00,711.2000122070312,711.5399780273438,710.4000244140625,710.5300903320312,139346,QQQ,1m
2026-05-18 13:33:00+00:00,710.530029296875,711.2899780273438,710.1099853515625,711.1900024414062,126750,QQQ,1m
2026-05-18 13:34:00+00:00,711.2105712890625,711.4600219726562,710.260009765625,710.4099731445312,117538,QQQ,1m
2026-05-18 13:35:00+00:00,710.3200073242188,710.6599731445312,709.989990234375,710.6599731445312,136521,QQQ,1m
2026-05-18 13:36:00+00:00,710.6300048828125,710.68798828125,709.3300170898438,709.6199951171875,155116,QQQ,1m
2026-05-18 13:37:00+00:00,709.6849975585938,710.3400268554688,709.6699829101562,709.9299926757812,122075,QQQ,1m
2026-05-18 13:38:00+00:00,709.9664916992188,710.219970703125,709.260009765625,710.0599975585938,83306,QQQ,1m
2026-05-18 13:39:00+00:00,710.0599975585938,710.3278198242188,709.6599731445312,709.7999877929688,101820,QQQ,1m
2026-05-18 13:40:00+00:00,709.77001953125,709.8200073242188,709.02001953125,709.6649780273438,152068,QQQ,1m
2026-05-18 13:41:00+00:00,709.6500244140625,710.22998046875,709.4000244140625,709.489990234375,144037,QQQ,1m
2026-05-18 13:42:00+00:00,709.52001953125,709.52001953125,708.4400024414062,708.5900268554688,228997,QQQ,1m
2026-05-18 13:43:00+00:00,708.5599975585938,709.5,708.2208862304688,709.25,342824,QQQ,1m
2026-05-18 13:44:00+00:00,709.239990234375,709.4199829101562,707.260009765625,707.4199829101562,308830,QQQ,1m
2026-05-18 13:45:00+00:00,707.4199829101562,708.22998046875,706.780029296875,708.030029296875,427976,QQQ,1m
2026-05-18 13:46:00+00:00,708.0,708.260009765625,707.2100219726562,707.2449951171875,177768,QQQ,1m
2026-05-18 13:47:00+00:00,707.25,707.9400024414062,706.6699829101562,707.9299926757812,199398,QQQ,1m
2026-05-18 13:48:00+00:00,707.8900146484375,708.3499755859375,707.6599731445312,708.0,153191,QQQ,1m
2026-05-18 13:49:00+00:00,707.9600219726562,708.27001953125,707.25,707.27001953125,206468,QQQ,1m
2026-05-18 13:50:00+00:00,707.280029296875,708.8499755859375,707.2349853515625,708.8250122070312,191790,QQQ,1m
2026-05-18 13:51:00+00:00,708.7899780273438,709.52001953125,708.5399780273438,709.1900024414062,149725,QQQ,1m
2026-05-18 13:52:00+00:00,709.19091796875,709.77001953125,709.0399780273438,709.1107788085938,140362,QQQ,1m
2026-05-18 13:53:00+00:00,709.0999755859375,709.7999877929688,708.7213134765625,709.1599731445312,119371,QQQ,1m
2026-05-18 13:54:00+00:00,709.1732788085938,710.0999755859375,708.6500244140625,709.97998046875,144767,QQQ,1m
2026-05-18 13:55:00+00:00,710.0,710.405029296875,709.9099731445312,710.030029296875,152553,QQQ,1m
2026-05-18 13:56:00+00:00,710.0900268554688,710.8198852539062,710.0,710.3798828125,140067,QQQ,1m
2026-05-18 13:57:00+00:00,710.3200073242188,710.5999755859375,709.280029296875,709.3499755859375,107637,QQQ,1m
2026-05-18 13:58:00+00:00,709.35498046875,709.760009765625,708.9000244140625,709.3049926757812,107776,QQQ,1m
2026-05-18 13:59:00+00:00,709.3499755859375,709.9199829101562,709.0723266601562,709.25,106284,QQQ,1m
2026-05-18 14:00:00+00:00,709.1300048828125,709.25,707.7700805664062,708.0599975585938,161580,QQQ,1m
2026-05-18 14:01:00+00:00,707.969970703125,708.1500244140625,707.35498046875,707.3610229492188,278062,QQQ,1m
2026-05-18 14:02:00+00:00,707.3599853515625,707.5999755859375,706.7999877929688,706.969970703125,329521,QQQ,1m
2026-05-18 14:03:00+00:00,706.9600219726562,707.739990234375,706.8099975585938,707.0,275304,QQQ,1m
2026-05-18 14:04:00+00:00,707.0800170898438,707.52001953125,706.9600219726562,707.3200073242188,228628,QQQ,1m
2026-05-18 14:05:00+00:00,707.25,707.8099975585938,706.7650146484375,706.7650146484375,183239,QQQ,1m
2026-05-18 14:06:00+00:00,706.760009765625,708.9099731445312,706.52001953125,708.9099731445312,205597,QQQ,1m
2026-05-18 14:07:00+00:00,708.8800048828125,709.489990234375,708.3800048828125,708.5800170898438,132818,QQQ,1m
2026-05-18 14:08:00+00:00,708.489990234375,709.2999267578125,708.4600830078125,709.22998046875,79577,QQQ,1m
2026-05-18 14:09:00+00:00,709.22900390625,709.5999755859375,709.1300048828125,709.4500122070312,93360,QQQ,1m
2026-05-18 14:10:00+00:00,709.3900146484375,709.6699829101562,708.6500244140625,709.5850219726562,210443,QQQ,1m
2026-05-18 14:11:00+00:00,709.5499877929688,709.9600219726562,709.1500244140625,709.2000122070312,134835,QQQ,1m
2026-05-18 14:12:00+00:00,709.1799926757812,709.4299926757812,708.969970703125,709.3099975585938,68722,QQQ,1m
2026-05-18 14:13:00+00:00,709.260009765625,709.8400268554688,708.7899780273438,708.9600219726562,128430,QQQ,1m
2026-05-18 14:14:00+00:00,709.02001953125,709.780029296875,708.719970703125,709.7100219726562,71339,QQQ,1m
2026-05-18 14:15:00+00:00,709.6599731445312,710.4500122070312,709.5449829101562,710.3599853515625,109747,QQQ,1m
2026-05-18 14:16:00+00:00,710.4000244140625,710.6199951171875,709.7150268554688,710.02001953125,93437,QQQ,1m
2026-05-18 14:17:00+00:00,710.0499877929688,710.0599975585938,708.7899780273438,708.7899780273438,97368,QQQ,1m
2026-05-18 14:18:00+00:00,708.7000122070312,709.1599731445312,708.340087890625,708.5599975585938,87996,QQQ,1m
2026-05-18 14:19:00+00:00,708.5200805664062,709.4500122070312,708.5200805664062,709.4500122070312,96251,QQQ,1m
2026-05-18 14:20:00+00:00,709.4550170898438,709.8099975585938,709.280029296875,709.3499755859375,51232,QQQ,1m
2026-05-18 14:21:00+00:00,709.3099975585938,709.5299072265625,708.9000244140625,709.0,53748,QQQ,1m
2026-05-18 14:22:00+00:00,709.0,709.14501953125,708.5599975585938,708.8200073242188,45812,QQQ,1m
2026-05-18 14:23:00+00:00,708.8599853515625,708.9998779296875,708.1701049804688,708.4450073242188,53710,QQQ,1m
2026-05-18 14:24:00+00:00,708.3499755859375,708.780029296875,708.25,708.3200073242188,65087,QQQ,1m
2026-05-18 14:25:00+00:00,708.3400268554688,708.7899780273438,708.030029296875,708.3099975585938,115922,QQQ,1m
2026-05-18 14:26:00+00:00,708.31982421875,708.9600219726562,707.9000244140625,708.0800170898438,79535,QQQ,1m
2026-05-18 14:27:00+00:00,708.02001953125,708.0900268554688,707.489990234375,707.8400268554688,67849,QQQ,1m
2026-05-18 14:28:00+00:00,707.8800048828125,708.2899780273438,707.6229858398438,707.6417846679688,45625,QQQ,1m
2026-05-18 14:29:00+00:00,707.6749877929688,707.8200073242188,706.719970703125,707.1005859375,141588,QQQ,1m
2026-05-18 14:30:00+00:00,707.1099853515625,707.5999755859375,706.47998046875,706.530029296875,113960,QQQ,1m
2026-05-18 14:31:00+00:00,706.47998046875,707.0850219726562,706.3699951171875,706.5700073242188,107571,QQQ,1m
2026-05-18 14:32:00+00:00,706.530029296875,707.0499877929688,705.510009765625,705.5800170898438,366675,QQQ,1m
2026-05-18 14:33:00+00:00,705.5800170898438,705.760009765625,704.4099731445312,704.4199829101562,298634,QQQ,1m
2026-05-18 14:34:00+00:00,704.4299926757812,704.4500122070312,703.6699829101562,703.9240112304688,299314,QQQ,1m
2026-05-18 14:35:00+00:00,703.9199829101562,704.3699951171875,702.8099975585938,703.0399780273438,279872,QQQ,1m
2026-05-18 14:36:00+00:00,703.0499877929688,703.77001953125,702.719970703125,703.489990234375,279238,QQQ,1m
2026-05-18 14:37:00+00:00,703.4299926757812,704.6749877929688,703.2999877929688,704.6400146484375,214006,QQQ,1m
2026-05-18 14:38:00+00:00,704.590087890625,705.22998046875,704.5198974609375,705.0599975585938,140080,QQQ,1m
2026-05-18 14:39:00+00:00,705.0399780273438,705.1400146484375,704.7081909179688,704.7899780273438,96451,QQQ,1m
2026-05-18 14:40:00+00:00,704.780029296875,705.0700073242188,703.780029296875,704.385009765625,206520,QQQ,1m
2026-05-18 14:41:00+00:00,704.3900146484375,705.3400268554688,704.239990234375,705.0449829101562,156984,QQQ,1m
2026-05-18 14:42:00+00:00,705.02001953125,705.8099975585938,704.844970703125,705.8099975585938,132570,QQQ,1m
2026-05-18 14:43:00+00:00,705.77001953125,706.219970703125,705.489990234375,706.0399780273438,137698,QQQ,1m
2026-05-18 14:44:00+00:00,706.02001953125,706.2899780273438,705.4600219726562,705.5150146484375,334766,QQQ,1m
2026-05-18 14:45:00+00:00,705.4500122070312,705.6950073242188,704.469970703125,704.5800170898438,125282,QQQ,1m
2026-05-18 14:46:00+00:00,704.510009765625,705.1500244140625,704.2304077148438,704.739990234375,153214,QQQ,1m
2026-05-18 14:47:00+00:00,704.739990234375,704.7899780273438,704.1799926757812,704.4949951171875,51058,QQQ,1m
2026-05-18 14:48:00+00:00,704.5,704.5900268554688,703.7899780273438,704.0499267578125,85992,QQQ,1m
2026-05-18 14:49:00+00:00,704.1300048828125,704.2899780273438,703.4299926757812,703.77001953125,108067,QQQ,1m
2026-05-18 14:50:00+00:00,703.760009765625,704.5850219726562,703.4301147460938,704.3599853515625,169243,QQQ,1m
2026-05-18 14:51:00+00:00,704.3900146484375,705.5900268554688,704.3400268554688,705.239990234375,135074,QQQ,1m
2026-05-18 14:52:00+00:00,705.22998046875,705.9000244140625,705.2100219726562,705.719970703125,88846,QQQ,1m
2026-05-18 14:53:00+00:00,705.719970703125,705.97998046875,705.1500244140625,705.3800048828125,93474,QQQ,1m
2026-05-18 14:54:00+00:00,705.3800048828125,705.75,704.6799926757812,704.7650146484375,109916,QQQ,1m
2026-05-18 14:55:00+00:00,704.719970703125,705.0399780273438,704.510009765625,704.6599731445312,85620,QQQ,1m
2026-05-18 14:56:00+00:00,704.72998046875,705.3599853515625,704.5900268554688,704.6500244140625,84176,QQQ,1m
2026-05-18 14:57:00+00:00,704.6185302734375,705.47998046875,704.6185302734375,705.47998046875,80157,QQQ,1m
2026-05-18 14:58:00+00:00,705.4600219726562,705.719970703125,704.9299926757812,705.239990234375,486075,QQQ,1m
2026-05-18 14:59:00+00:00,705.27001953125,705.8300170898438,705.0200805664062,705.2999877929688,69747,QQQ,1m
2026-05-18 15:00:00+00:00,705.3699951171875,706.0499877929688,705.2100219726562,706.0499267578125,120432,QQQ,1m
2026-05-18 15:01:00+00:00,706.0999755859375,706.4000244140625,704.5999755859375,705.202392578125,249142,QQQ,1m
2026-05-18 15:02:00+00:00,705.1799926757812,705.4099731445312,704.260009765625,705.1599731445312,165344,QQQ,1m
2026-05-18 15:03:00+00:00,705.1300048828125,705.5700073242188,704.5499877929688,704.6900024414062,162240,QQQ,1m
2026-05-18 15:04:00+00:00,704.6400146484375,705.3499755859375,704.4000244140625,705.0599975585938,94040,QQQ,1m
2026-05-18 15:05:00+00:00,705.094970703125,705.3099975585938,704.6599731445312,704.8106079101562,93762,QQQ,1m
2026-05-18 15:06:00+00:00,704.780029296875,705.3699951171875,704.610107421875,705.0250244140625,91744,QQQ,1m
2026-05-18 15:07:00+00:00,705.0250244140625,705.0250244140625,704.489990234375,704.72998046875,56590,QQQ,1m
2026-05-18 15:08:00+00:00,704.8400268554688,705.02001953125,704.5,704.9149780273438,77588,QQQ,1m
2026-05-18 15:09:00+00:00,704.9099731445312,704.9099731445312,703.719970703125,703.8099975585938,82937,QQQ,1m
2026-05-18 15:10:00+00:00,703.8400268554688,704.739990234375,703.5399780273438,704.4600219726562,134922,QQQ,1m
2026-05-18 15:11:00+00:00,704.530029296875,705.1400146484375,704.45751953125,704.9149780273438,92365,QQQ,1m
2026-05-18 15:12:00+00:00,704.9400024414062,705.4500122070312,704.7000122070312,704.8599853515625,89837,QQQ,1m
2026-05-18 15:13:00+00:00,704.8499755859375,705.0499877929688,704.72998046875,704.8800048828125,42303,QQQ,1m
2026-05-18 15:14:00+00:00,704.8200073242188,705.139892578125,704.72998046875,704.9400024414062,55973,QQQ,1m
2026-05-18 15:15:00+00:00,704.8599853515625,705.02001953125,704.4199829101562,704.5380249023438,50910,QQQ,1m
2026-05-18 15:16:00+00:00,704.5499877929688,704.5999755859375,704.0,704.3099975585938,95867,QQQ,1m
2026-05-18 15:17:00+00:00,704.3900146484375,704.6300048828125,704.1500244140625,704.2899780273438,57053,QQQ,1m
2026-05-18 15:18:00+00:00,704.4299926757812,704.5499877929688,703.8101196289062,703.9600219726562,51424,QQQ,1m
2026-05-18 15:19:00+00:00,703.8499755859375,703.969970703125,703.219970703125,703.5599975585938,121214,QQQ,1m
2026-05-18 15:20:00+00:00,703.4299926757812,704.0599975585938,703.3599853515625,703.4600219726562,150926,QQQ,1m
2026-05-18 15:21:00+00:00,703.3900146484375,704.0499267578125,702.9249877929688,703.7150268554688,113324,QQQ,1m
2026-05-18 15:22:00+00:00,703.6599731445312,703.7849731445312,703.3800048828125,703.6900024414062,37734,QQQ,1m
2026-05-18 15:23:00+00:00,703.6849975585938,703.8099975585938,703.2000122070312,703.3699951171875,85397,QQQ,1m
2026-05-18 15:24:00+00:00,703.3900146484375,703.5599975585938,703.0800170898438,703.510009765625,57252,QQQ,1m
2026-05-18 15:25:00+00:00,703.489990234375,703.7999877929688,703.1699829101562,703.7249755859375,49378,QQQ,1m
2026-05-18 15:26:00+00:00,703.7100219726562,704.4000244140625,703.6799926757812,704.369873046875,90713,QQQ,1m
2026-05-18 15:27:00+00:00,704.3800048828125,704.4500122070312,703.780029296875,704.27001953125,110155,QQQ,1m
2026-05-18 15:28:00+00:00,704.260009765625,704.4199829101562,703.6300048828125,703.77001953125,55923,QQQ,1m
2026-05-18 15:29:00+00:00,703.77001953125,703.77001953125,702.2960815429688,702.3400268554688,132319,QQQ,1m
2026-05-18 15:30:00+00:00,702.385009765625,702.8400268554688,701.9400024414062,702.1099853515625,155638,QQQ,1m
2026-05-18 15:31:00+00:00,702.0599975585938,702.8200073242188,702.0599975585938,702.5700073242188,93193,QQQ,1m
2026-05-18 15:32:00+00:00,702.5650024414062,703.3599853515625,702.4949951171875,703.1699829101562,121510,QQQ,1m
2026-05-18 15:33:00+00:00,703.1300048828125,703.280029296875,702.75,703.260009765625,221311,QQQ,1m
2026-05-18 15:34:00+00:00,703.239990234375,703.739990234375,702.9000244140625,703.6300048828125,60920,QQQ,1m
2026-05-18 15:35:00+00:00,703.6799926757812,704.2000122070312,703.5700073242188,703.9761962890625,115319,QQQ,1m
2026-05-18 15:36:00+00:00,703.9998779296875,704.280029296875,703.9550170898438,704.0599975585938,89535,QQQ,1m
2026-05-18 15:37:00+00:00,704.0599975585938,704.760009765625,703.8350219726562,704.719970703125,95677,QQQ,1m
2026-05-18 15:38:00+00:00,704.7349853515625,704.9299926757812,704.3143920898438,704.4299926757812,106471,QQQ,1m
2026-05-18 15:39:00+00:00,704.4299926757812,704.5599975585938,703.969970703125,704.0399780273438,54656,QQQ,1m
2026-05-18 15:40:00+00:00,704.0499877929688,704.469970703125,704.0479736328125,704.4600219726562,56809,QQQ,1m
2026-05-18 15:41:00+00:00,704.5,704.72998046875,704.4099731445312,704.5800170898438,78098,QQQ,1m
2026-05-18 15:42:00+00:00,704.4550170898438,704.7999877929688,704.3900146484375,704.7800903320312,64544,QQQ,1m
2026-05-18 15:43:00+00:00,704.77001953125,704.77001953125,703.5200805664062,703.5800170898438,83718,QQQ,1m
2026-05-18 15:44:00+00:00,703.548828125,703.9600219726562,703.3499755859375,703.3800048828125,1053261,QQQ,1m
2026-05-18 15:45:00+00:00,703.3699951171875,703.5599975585938,703.1849975585938,703.3499755859375,52230,QQQ,1m
2026-05-18 15:46:00+00:00,703.3499755859375,703.7899780273438,703.2449951171875,703.7150268554688,51344,QQQ,1m
2026-05-18 15:47:00+00:00,703.6699829101562,703.75,703.47998046875,703.5900268554688,51345,QQQ,1m
2026-05-18 15:48:00+00:00,703.6099853515625,704.030029296875,703.5800170898438,704.0,195270,QQQ,1m
2026-05-18 15:49:00+00:00,703.969970703125,704.3599853515625,703.5999755859375,703.5999755859375,58933,QQQ,1m
2026-05-18 15:50:00+00:00,703.6199951171875,703.7999877929688,703.260009765625,703.3200073242188,36617,QQQ,1m
2026-05-18 15:51:00+00:00,703.3250122070312,703.5900268554688,702.8800048828125,702.989990234375,56458,QQQ,1m
2026-05-18 15:52:00+00:00,702.989990234375,703.2349853515625,702.8800048828125,703.0003051757812,49281,QQQ,1m
2026-05-18 15:53:00+00:00,703.0700073242188,703.9099731445312,703.0200805664062,703.7899780273438,42382,QQQ,1m
2026-05-18 15:54:00+00:00,703.7999877929688,704.280029296875,703.780029296875,704.0900268554688,37673,QQQ,1m
2026-05-18 15:55:00+00:00,704.0499877929688,704.4400024414062,704.0,704.2000122070312,361375,QQQ,1m
2026-05-18 15:56:00+00:00,704.2100219726562,704.27001953125,703.76123046875,703.8499755859375,37628,QQQ,1m
2026-05-18 15:57:00+00:00,703.780029296875,704.52001953125,703.6799926757812,704.22998046875,46327,QQQ,1m
2026-05-18 15:58:00+00:00,704.3099975585938,704.3599243164062,703.4600219726562,703.489990234375,29057,QQQ,1m
2026-05-18 15:59:00+00:00,703.52001953125,703.6300048828125,703.0700073242188,703.280029296875,58305,QQQ,1m
2026-05-18 16:00:00+00:00,703.3099975585938,703.5422973632812,702.760009765625,702.8300170898438,236637,QQQ,1m
2026-05-18 16:01:00+00:00,702.8400268554688,702.9500122070312,702.239990234375,702.7249755859375,87836,QQQ,1m
2026-05-18 16:02:00+00:00,702.72998046875,703.02001953125,702.5499877929688,702.8900146484375,39662,QQQ,1m
2026-05-18 16:03:00+00:00,702.9000244140625,703.0399780273438,702.4100952148438,702.4100952148438,32084,QQQ,1m
2026-05-18 16:04:00+00:00,702.4550170898438,702.7196044921875,702.3800048828125,702.6599731445312,30777,QQQ,1m
2026-05-18 16:05:00+00:00,702.6699829101562,702.8400268554688,702.5,702.6749877929688,52570,QQQ,1m
2026-05-18 16:06:00+00:00,702.6749877929688,703.25,702.6749877929688,702.9600219726562,102089,QQQ,1m
2026-05-18 16:07:00+00:00,702.9600219726562,703.4099731445312,702.8200073242188,703.1296997070312,183850,QQQ,1m
2026-05-18 16:08:00+00:00,703.1400146484375,703.1599731445312,702.77001953125,703.02001953125,62317,QQQ,1m
2026-05-18 16:09:00+00:00,702.97998046875,703.52001953125,702.9000244140625,703.219970703125,65147,QQQ,1m
2026-05-18 16:10:00+00:00,703.2000122070312,703.719970703125,703.1300048828125,703.7000122070312,59490,QQQ,1m
2026-05-18 16:11:00+00:00,703.6500244140625,704.0700073242188,703.5399780273438,703.6900024414062,112226,QQQ,1m
2026-05-18 16:12:00+00:00,703.6799926757812,703.88671875,703.5700073242188,703.619873046875,42657,QQQ,1m
2026-05-18 16:13:00+00:00,703.5900268554688,703.7999877929688,703.4400024414062,703.72998046875,41880,QQQ,1m
2026-05-18 16:14:00+00:00,703.72998046875,704.0499877929688,703.6699829101562,704.02001953125,56807,QQQ,1m
2026-05-18 16:15:00+00:00,703.989990234375,704.1799926757812,703.8099975585938,704.1199951171875,179486,QQQ,1m
2026-05-18 16:16:00+00:00,704.1099853515625,704.3778076171875,703.9199829101562,704.1599731445312,68846,QQQ,1m
2026-05-18 16:17:00+00:00,704.1533203125,704.2100219726562,703.77001953125,703.9450073242188,44577,QQQ,1m
2026-05-18 16:18:00+00:00,703.9000244140625,704.2100219726562,703.8300170898438,703.9500122070312,38432,QQQ,1m
2026-05-18 16:19:00+00:00,703.9500122070312,704.27001953125,703.9500122070312,704.0700073242188,34622,QQQ,1m
2026-05-18 16:20:00+00:00,704.0499877929688,704.77001953125,704.0499877929688,704.7000122070312,78400,QQQ,1m
2026-05-18 16:21:00+00:00,704.719970703125,705.1599731445312,704.5999755859375,704.8300170898438,135992,QQQ,1m
2026-05-18 16:22:00+00:00,704.8300170898438,704.8499755859375,703.9500122070312,703.9899291992188,92137,QQQ,1m
2026-05-18 16:23:00+00:00,703.9600219726562,704.02001953125,703.35009765625,703.5700073242188,59013,QQQ,1m
2026-05-18 16:24:00+00:00,703.5100708007812,703.5399780273438,702.8400268554688,703.2100219726562,752858,QQQ,1m
2026-05-18 16:25:00+00:00,703.219970703125,703.3300170898438,702.0700073242188,702.1799926757812,74581,QQQ,1m
2026-05-18 16:26:00+00:00,702.1300048828125,702.1300048828125,701.1500244140625,701.1799926757812,176861,QQQ,1m
2026-05-18 16:27:00+00:00,701.1500244140625,701.75,701.0399780273438,701.530029296875,147528,QQQ,1m
2026-05-18 16:28:00+00:00,701.4199829101562,701.5352172851562,700.1599731445312,700.1599731445312,187525,QQQ,1m
2026-05-18 16:29:00+00:00,700.1599731445312,700.7000122070312,700.0,700.4400024414062,199692,QQQ,1m
2026-05-18 16:30:00+00:00,700.4500122070312,700.5,699.619873046875,699.7449951171875,206937,QQQ,1m
2026-05-18 16:31:00+00:00,699.72998046875,700.64501953125,699.6300048828125,700.5700073242188,132195,QQQ,1m
2026-05-18 16:32:00+00:00,700.6699829101562,701.3800048828125,700.52001953125,701.3800048828125,133332,QQQ,1m
2026-05-18 16:33:00+00:00,701.3699951171875,701.9099731445312,701.2100219726562,701.6699829101562,100664,QQQ,1m
2026-05-18 16:34:00+00:00,701.6900024414062,701.8499755859375,701.10009765625,701.1569213867188,103701,QQQ,1m
2026-05-18 16:35:00+00:00,701.1400146484375,701.8300170898438,700.9199829101562,701.7550048828125,392499,QQQ,1m
2026-05-18 16:36:00+00:00,701.72998046875,702.0800170898438,701.530029296875,702.010009765625,60605,QQQ,1m
2026-05-18 16:37:00+00:00,702.0399780273438,702.302001953125,701.72119140625,701.9349975585938,72877,QQQ,1m
2026-05-18 16:38:00+00:00,702.0,702.4099731445312,701.9000244140625,702.1099853515625,159228,QQQ,1m
2026-05-18 16:39:00+00:00,702.1500244140625,702.1799926757812,701.6599731445312,701.8599853515625,44331,QQQ,1m
2026-05-18 16:40:00+00:00,701.7899780273438,702.030029296875,701.6400146484375,701.7849731445312,36240,QQQ,1m
2026-05-18 16:41:00+00:00,701.77001953125,701.9199829101562,701.7000122070312,701.72998046875,27551,QQQ,1m
2026-05-18 16:42:00+00:00,701.7199096679688,702.0800170898438,701.6099853515625,701.7849731445312,690011,QQQ,1m
2026-05-18 16:43:00+00:00,701.77001953125,701.8599853515625,701.3499755859375,701.52001953125,57896,QQQ,1m
2026-05-18 16:44:00+00:00,701.530029296875,701.7949829101562,701.3900146484375,701.489990234375,56108,QQQ,1m
2026-05-18 16:45:00+00:00,701.469970703125,701.8099975585938,701.4600219726562,701.5401000976562,36534,QQQ,1m
2026-05-18 16:46:00+00:00,701.5599975585938,701.8798828125,701.4100952148438,701.5,33251,QQQ,1m
2026-05-18 16:47:00+00:00,701.4600219726562,701.780029296875,701.4299926757812,701.7000122070312,0,QQQ,1m
2026-05-18 16:48:00+00:00,701.7098999023438,701.8400268554688,701.1199951171875,701.4498901367188,81609,QQQ,1m
2026-05-18 16:49:00+00:00,701.4000244140625,701.7000122070312,701.3701171875,701.6900024414062,95483,QQQ,1m
2026-05-18 16:50:00+00:00,701.6799926757812,702.22998046875,701.5701293945312,702.1898803710938,106982,QQQ,1m
2026-05-18 16:51:00+00:00,702.1400146484375,702.8300170898438,702.1199951171875,702.5999755859375,147159,QQQ,1m
2026-05-18 16:52:00+00:00,702.6400146484375,703.1300048828125,702.6320190429688,702.989990234375,90955,QQQ,1m
2026-05-18 16:53:00+00:00,702.969970703125,703.3599853515625,702.7999877929688,703.25,101899,QQQ,1m
2026-05-18 16:54:00+00:00,703.3400268554688,703.8900146484375,703.25,703.8309936523438,112454,QQQ,1m
2026-05-18 16:55:00+00:00,703.8699951171875,704.405029296875,703.75,704.3054809570312,115366,QQQ,1m
2026-05-18 16:56:00+00:00,704.2999877929688,704.4550170898438,704.0800170898438,704.27001953125,112002,QQQ,1m
2026-05-18 16:57:00+00:00,704.260009765625,704.27001953125,703.9199829101562,704.2000122070312,80250,QQQ,1m
2026-05-18 16:58:00+00:00,704.1599731445312,704.3599853515625,703.9450073242188,704.0211181640625,73966,QQQ,1m
2026-05-18 16:59:00+00:00,704.0300903320312,704.0499877929688,703.25,703.469970703125,98254,QQQ,1m
2026-05-18 17:00:00+00:00,703.4099731445312,703.5599975585938,702.72998046875,702.75,89153,QQQ,1m
2026-05-18 17:01:00+00:00,702.7200927734375,703.1900024414062,702.6099853515625,703.0399780273438,121560,QQQ,1m
2026-05-18 17:02:00+00:00,703.02001953125,703.27001953125,702.7501220703125,702.989990234375,49138,QQQ,1m
2026-05-18 17:03:00+00:00,703.0150146484375,703.719970703125,703.010009765625,703.6500244140625,95511,QQQ,1m
2026-05-18 17:04:00+00:00,703.655029296875,703.7899780273438,703.3800048828125,703.5800170898438,125875,QQQ,1m
2026-05-18 17:05:00+00:00,703.5399780273438,703.760009765625,703.3078002929688,703.5798950195312,42565,QQQ,1m
2026-05-18 17:06:00+00:00,703.530029296875,704.219970703125,703.510009765625,703.9799194335938,106493,QQQ,1m
2026-05-18 17:07:00+00:00,703.9299926757812,704.1500244140625,703.760009765625,704.1500244140625,43479,QQQ,1m
2026-05-18 17:08:00+00:00,704.1400146484375,704.25,703.6500244140625,703.7150268554688,65511,QQQ,1m
2026-05-18 17:09:00+00:00,703.7349853515625,703.8099975585938,703.5599975585938,703.6749877929688,37460,QQQ,1m
2026-05-18 17:10:00+00:00,703.72998046875,704.1900024414062,703.6699829101562,704.1199951171875,50019,QQQ,1m
2026-05-18 17:11:00+00:00,704.1900024414062,704.280029296875,703.7999877929688,704.0650024414062,37163,QQQ,1m
2026-05-18 17:12:00+00:00,704.02001953125,704.0700073242188,703.3800048828125,703.419921875,46358,QQQ,1m
2026-05-18 17:13:00+00:00,703.4199829101562,703.5499877929688,703.27001953125,703.5,59270,QQQ,1m
2026-05-18 17:14:00+00:00,703.5,703.5,703.239990234375,703.25,24302,QQQ,1m
2026-05-18 17:15:00+00:00,703.22998046875,703.4000244140625,703.010009765625,703.2000122070312,38413,QQQ,1m
2026-05-18 17:16:00+00:00,703.2100219726562,703.760009765625,703.1500244140625,703.5499877929688,73369,QQQ,1m
2026-05-18 17:17:00+00:00,703.5650024414062,703.7698974609375,703.25,703.3499755859375,49735,QQQ,1m
2026-05-18 17:18:00+00:00,703.3400268554688,703.7000122070312,703.280029296875,703.7000122070312,57916,QQQ,1m
2026-05-18 17:19:00+00:00,703.719970703125,703.77001953125,703.3400268554688,703.530029296875,53073,QQQ,1m
2026-05-18 17:20:00+00:00,703.5650024414062,703.6900024414062,703.2600708007812,703.2600708007812,28153,QQQ,1m
2026-05-18 17:21:00+00:00,703.2899780273438,703.344970703125,702.969970703125,703.0499877929688,62511,QQQ,1m
2026-05-18 17:22:00+00:00,703.0429077148438,703.1199951171875,702.672607421875,703.1199951171875,75789,QQQ,1m
2026-05-18 17:23:00+00:00,703.0900268554688,703.0900268554688,702.5499877929688,702.780029296875,91679,QQQ,1m
2026-05-18 17:24:00+00:00,702.75,702.8800048828125,702.6300048828125,702.8087768554688,38616,QQQ,1m
2026-05-18 17:25:00+00:00,702.8400268554688,702.9600219726562,702.5900268554688,702.719970703125,55508,QQQ,1m
2026-05-18 17:26:00+00:00,702.6900024414062,703.02001953125,702.6599731445312,702.9799194335938,54293,QQQ,1m
2026-05-18 17:27:00+00:00,702.989990234375,703.27001953125,702.8743896484375,702.8800048828125,51405,QQQ,1m
2026-05-18 17:28:00+00:00,702.8800048828125,703.4500122070312,702.8800048828125,703.1099853515625,53145,QQQ,1m
2026-05-18 17:29:00+00:00,703.2000122070312,703.6500244140625,703.15087890625,703.60302734375,47621,QQQ,1m
2026-05-18 17:30:00+00:00,703.6199951171875,703.7000122070312,703.330078125,703.4949951171875,33751,QQQ,1m
2026-05-18 17:31:00+00:00,703.4299926757812,703.5900268554688,703.3699951171875,703.5800170898438,25305,QQQ,1m
2026-05-18 17:32:00+00:00,703.54052734375,703.6799926757812,703.2100219726562,703.3300170898438,46076,QQQ,1m
2026-05-18 17:33:00+00:00,703.3701171875,703.4600219726562,702.6749877929688,702.8300170898438,58837,QQQ,1m
2026-05-18 17:34:00+00:00,702.7899780273438,703.0549926757812,702.72998046875,703.010009765625,43439,QQQ,1m
2026-05-18 17:35:00+00:00,703.010009765625,703.0599975585938,702.5999755859375,702.8499145507812,56628,QQQ,1m
2026-05-18 17:36:00+00:00,702.8499755859375,703.0399780273438,702.6199951171875,702.8800048828125,39374,QQQ,1m
2026-05-18 17:37:00+00:00,702.8599853515625,702.9600219726562,702.6500244140625,702.6500244140625,22960,QQQ,1m
2026-05-18 17:38:00+00:00,702.7000122070312,702.9199829101562,702.4299926757812,702.6900024414062,26100,QQQ,1m
2026-05-18 17:39:00+00:00,702.7000122070312,702.8900146484375,702.614990234375,702.7999877929688,35271,QQQ,1m
2026-05-18 17:40:00+00:00,702.8099975585938,703.1599731445312,702.7000122070312,703.1599731445312,25584,QQQ,1m
2026-05-18 17:41:00+00:00,703.1599731445312,703.5599975585938,703.1599731445312,703.3565063476562,44186,QQQ,1m
2026-05-18 17:42:00+00:00,703.2899780273438,703.4199829101562,703.1400756835938,703.2000732421875,21144,QQQ,1m
2026-05-18 17:43:00+00:00,703.22998046875,703.9840087890625,703.2000122070312,703.9749755859375,90541,QQQ,1m
2026-05-18 17:44:00+00:00,703.9962158203125,704.0800170898438,703.5449829101562,703.6685180664062,36659,QQQ,1m
2026-05-18 17:45:00+00:00,703.6300048828125,703.780029296875,703.3900146484375,703.6199951171875,83358,QQQ,1m
2026-05-18 17:46:00+00:00,703.5499877929688,703.5700073242188,702.8699951171875,702.9398803710938,66204,QQQ,1m
2026-05-18 17:47:00+00:00,702.97998046875,703.1500244140625,702.719970703125,703.1431884765625,102540,QQQ,1m
2026-05-18 17:48:00+00:00,703.1611938476562,703.2999267578125,703.0599975585938,703.1599731445312,19035,QQQ,1m
2026-05-18 17:49:00+00:00,703.2000122070312,703.2401123046875,702.9199829101562,702.9199829101562,28182,QQQ,1m
2026-05-18 17:50:00+00:00,702.8599853515625,703.4000244140625,702.8599853515625,703.3300170898438,35512,QQQ,1m
2026-05-18 17:51:00+00:00,703.3200073242188,703.6400146484375,703.280029296875,703.6400146484375,46226,QQQ,1m
2026-05-18 17:52:00+00:00,703.5797729492188,703.85009765625,703.5599975585938,703.6599731445312,42107,QQQ,1m
2026-05-18 17:53:00+00:00,703.580078125,703.6300048828125,703.0336303710938,703.2100219726562,36247,QQQ,1m
2026-05-18 17:54:00+00:00,703.2150268554688,703.6099853515625,703.1699829101562,703.5800170898438,15937,QQQ,1m
2026-05-18 17:55:00+00:00,703.530029296875,703.6900024414062,703.2100219726562,703.619873046875,46990,QQQ,1m
2026-05-18 17:56:00+00:00,703.5999755859375,703.77001953125,703.5700073242188,703.630126953125,23909,QQQ,1m
2026-05-18 17:57:00+00:00,703.6699829101562,703.69970703125,703.3099975585938,703.3699951171875,19561,QQQ,1m
2026-05-18 17:58:00+00:00,703.3699951171875,703.6199951171875,703.27001953125,703.5349731445312,331220,QQQ,1m
2026-05-18 17:59:00+00:00,703.4299926757812,703.9099731445312,703.4299926757812,703.6900024414062,33380,QQQ,1m
2026-05-18 18:00:00+00:00,703.72998046875,703.8425903320312,703.3499755859375,703.47998046875,37198,QQQ,1m
2026-05-18 18:01:00+00:00,703.469970703125,703.52001953125,702.8049926757812,702.85498046875,78410,QQQ,1m
2026-05-18 18:02:00+00:00,702.8300170898438,702.8699951171875,702.260009765625,702.3701171875,66205,QQQ,1m
2026-05-18 18:03:00+00:00,702.3930053710938,702.52001953125,702.0700073242188,702.260009765625,73619,QQQ,1m
2026-05-18 18:04:00+00:00,702.260009765625,702.4400024414062,702.1599731445312,702.2050170898438,43947,QQQ,1m
2026-05-18 18:05:00+00:00,702.22998046875,702.5900268554688,702.219970703125,702.5800170898438,39718,QQQ,1m
2026-05-18 18:06:00+00:00,702.5850219726562,702.5900268554688,701.7634887695312,701.8099975585938,60442,QQQ,1m
2026-05-18 18:07:00+00:00,701.8200073242188,702.1500244140625,701.7750244140625,702.1199951171875,72982,QQQ,1m
2026-05-18 18:08:00+00:00,702.1400146484375,702.1699829101562,701.8499755859375,702.010009765625,69159,QQQ,1m
2026-05-18 18:09:00+00:00,701.97998046875,702.239990234375,701.8200073242188,701.8699951171875,68659,QQQ,1m
2026-05-18 18:10:00+00:00,701.8200073242188,702.0499877929688,701.4736938476562,702.0499877929688,137584,QQQ,1m
2026-05-18 18:11:00+00:00,701.9299926757812,702.0399780273438,701.7938232421875,701.8900146484375,46297,QQQ,1m
2026-05-18 18:12:00+00:00,701.905029296875,702.0999755859375,701.6300048828125,701.6300048828125,48423,QQQ,1m
2026-05-18 18:13:00+00:00,701.6300048828125,701.8499755859375,701.5750122070312,701.6099853515625,159914,QQQ,1m
2026-05-18 18:14:00+00:00,701.5800170898438,701.719970703125,701.3150024414062,701.340087890625,46923,QQQ,1m
2026-05-18 18:15:00+00:00,701.3200073242188,701.3800048828125,700.9201049804688,701.1500244140625,73822,QQQ,1m
2026-05-18 18:16:00+00:00,701.1799926757812,701.280029296875,700.469970703125,700.5549926757812,75520,QQQ,1m
2026-05-18 18:17:00+00:00,700.510009765625,700.719970703125,700.25,700.469970703125,205975,QQQ,1m
2026-05-18 18:18:00+00:00,700.4500122070312,700.5,700.1199951171875,700.1199951171875,77903,QQQ,1m
2026-05-18 18:19:00+00:00,700.1079711914062,700.22998046875,699.7600708007812,700.1500244140625,76275,QQQ,1m
2026-05-18 18:20:00+00:00,700.1500244140625,700.22998046875,699.8099975585938,699.8300170898438,89192,QQQ,1m
2026-05-18 18:21:00+00:00,699.833984375,700.2899780273438,699.739990234375,700.2100219726562,108012,QQQ,1m
2026-05-18 18:22:00+00:00,700.1900024414062,700.47998046875,699.9500122070312,700.0050048828125,161522,QQQ,1m
2026-05-18 18:23:00+00:00,700.010009765625,700.1699829101562,699.7000122070312,699.860107421875,119055,QQQ,1m
2026-05-18 18:24:00+00:00,699.8099975585938,700.3800048828125,699.760009765625,700.155029296875,134766,QQQ,1m
2026-05-18 18:25:00+00:00,700.1699829101562,700.3300170898438,699.739990234375,699.8499755859375,126082,QQQ,1m
2026-05-18 18:26:00+00:00,699.8400268554688,700.030029296875,699.6300048828125,699.9600219726562,114714,QQQ,1m
2026-05-18 18:27:00+00:00,699.9500122070312,699.9600219726562,699.3400268554688,699.8300170898438,173873,QQQ,1m
2026-05-18 18:28:00+00:00,699.7999877929688,700.489990234375,699.7999877929688,700.4199829101562,173508,QQQ,1m
2026-05-18 18:29:00+00:00,700.4199829101562,700.8400268554688,700.4199829101562,700.760009765625,106849,QQQ,1m
2026-05-18 18:30:00+00:00,700.77001953125,700.9600219726562,700.3800048828125,700.8350219726562,116286,QQQ,1m
2026-05-18 18:31:00+00:00,700.8599853515625,701.0599975585938,700.7999877929688,701.010009765625,114577,QQQ,1m
2026-05-18 18:32:00+00:00,701.0700073242188,701.2999877929688,701.030029296875,701.0552978515625,79073,QQQ,1m
2026-05-18 18:33:00+00:00,701.02001953125,701.1199951171875,700.5100708007812,700.5549926757812,56045,QQQ,1m
2026-05-18 18:34:00+00:00,700.5800170898438,700.72998046875,700.3599853515625,700.5999755859375,65662,QQQ,1m
2026-05-18 18:35:00+00:00,700.6300048828125,700.9600219726562,700.5999755859375,700.830078125,57613,QQQ,1m
2026-05-18 18:36:00+00:00,700.844970703125,701.02001953125,700.4201049804688,700.4500122070312,42396,QQQ,1m
2026-05-18 18:37:00+00:00,700.4600219726562,700.5,700.2000122070312,700.2899780273438,44034,QQQ,1m
2026-05-18 18:38:00+00:00,700.2999877929688,700.3298950195312,700.094970703125,700.1649780273438,54210,QQQ,1m
2026-05-18 18:39:00+00:00,700.1408081054688,700.260009765625,699.9249877929688,699.97998046875,36160,QQQ,1m
2026-05-18 18:40:00+00:00,699.9849853515625,700.1300048828125,699.9099731445312,699.989990234375,40701,QQQ,1m
2026-05-18 18:41:00+00:00,699.989990234375,700.1701049804688,699.5601196289062,699.6599731445312,62046,QQQ,1m
2026-05-18 18:42:00+00:00,699.6400146484375,700.0800170898438,699.6099853515625,700.0136108398438,68588,QQQ,1m
2026-05-18 18:43:00+00:00,699.9827880859375,700.25,699.8900146484375,700.25,40766,QQQ,1m
2026-05-18 18:44:00+00:00,700.219970703125,700.3400268554688,700.0999755859375,700.2999267578125,50394,QQQ,1m
2026-05-18 18:45:00+00:00,700.2899780273438,700.4000244140625,700.0499877929688,700.182373046875,71544,QQQ,1m
2026-05-18 18:46:00+00:00,700.1900024414062,700.4650268554688,700.0700073242188,700.25,57884,QQQ,1m
2026-05-18 18:47:00+00:00,700.239990234375,700.5,700.1699829101562,700.301025390625,48262,QQQ,1m
2026-05-18 18:48:00+00:00,700.2999877929688,700.3200073242188,699.8900146484375,699.989990234375,48269,QQQ,1m
2026-05-18 18:49:00+00:00,700.0,700.0499877929688,699.1900024414062,699.3250122070312,108019,QQQ,1m
2026-05-18 18:50:00+00:00,699.3300170898438,699.3900146484375,698.8699951171875,699.3099975585938,154253,QQQ,1m
2026-05-18 18:51:00+00:00,699.2999877929688,699.5,699.0800170898438,699.3800048828125,68948,QQQ,1m
2026-05-18 18:52:00+00:00,699.3699951171875,699.6099853515625,699.219970703125,699.4299926757812,61071,QQQ,1m
2026-05-18 18:53:00+00:00,699.4249877929688,699.5598754882812,699.2999877929688,699.5050048828125,67674,QQQ,1m
2026-05-18 18:54:00+00:00,699.5,699.5599975585938,699.0499877929688,699.1099853515625,110097,QQQ,1m
2026-05-18 18:55:00+00:00,699.0999755859375,699.5599975585938,698.9199829101562,699.3800048828125,57160,QQQ,1m
2026-05-18 18:56:00+00:00,699.3599853515625,699.760009765625,699.3099975585938,699.530029296875,48226,QQQ,1m
2026-05-18 18:57:00+00:00,699.5700073242188,700.02001953125,699.469970703125,699.989990234375,77696,QQQ,1m
2026-05-18 18:58:00+00:00,699.97998046875,700.02001953125,699.2100219726562,699.3200073242188,142387,QQQ,1m
2026-05-18 18:59:00+00:00,699.25,699.6799926757812,699.25,699.5601196289062,56797,QQQ,1m
2026-05-18 19:00:00+00:00,699.5900268554688,700.4099731445312,699.4299926757812,700.4099731445312,109150,QQQ,1m
2026-05-18 19:01:00+00:00,700.39990234375,704.5900268554688,700.39990234375,704.2999877929688,542026,QQQ,1m
2026-05-18 19:02:00+00:00,704.3300170898438,705.0399780273438,702.760009765625,704.385009765625,481850,QQQ,1m
2026-05-18 19:03:00+00:00,704.3800048828125,704.9099731445312,703.3599853515625,703.3599853515625,264316,QQQ,1m
2026-05-18 19:04:00+00:00,703.3400268554688,703.7999877929688,702.8200073242188,703.0,181382,QQQ,1m
2026-05-18 19:05:00+00:00,703.02001953125,703.77001953125,702.8599853515625,703.1599731445312,212481,QQQ,1m
2026-05-18 19:06:00+00:00,703.1400146484375,703.3619995117188,701.75,701.77001953125,187466,QQQ,1m
2026-05-18 19:07:00+00:00,701.739990234375,701.9400024414062,701.3900146484375,701.72998046875,258527,QQQ,1m
2026-05-18 19:08:00+00:00,701.72998046875,702.1199951171875,701.530029296875,701.6849975585938,131040,QQQ,1m
2026-05-18 19:09:00+00:00,701.75,702.5800170898438,701.6699829101562,702.5399780273438,124601,QQQ,1m
2026-05-18 19:10:00+00:00,702.5449829101562,702.9199829101562,702.3400268554688,702.6500244140625,72192,QQQ,1m
2026-05-18 19:11:00+00:00,702.719970703125,703.1799926757812,702.3699951171875,703.0399780273438,76374,QQQ,1m
2026-05-18 19:12:00+00:00,703.0700073242188,703.0800170898438,702.6699829101562,702.844970703125,78902,QQQ,1m
2026-05-18 19:13:00+00:00,702.8200073242188,702.97998046875,702.6099853515625,702.6599731445312,81546,QQQ,1m
2026-05-18 19:14:00+00:00,702.7000122070312,702.719970703125,702.1300048828125,702.35009765625,56809,QQQ,1m
2026-05-18 19:15:00+00:00,702.3599853515625,702.5700073242188,702.02001953125,702.3189086914062,65516,QQQ,1m
2026-05-18 19:16:00+00:00,702.2949829101562,702.8099975585938,702.030029296875,702.2153930664062,88280,QQQ,1m
2026-05-18 19:17:00+00:00,702.1799926757812,702.1799926757812,701.5900268554688,701.7399291992188,73616,QQQ,1m
2026-05-18 19:18:00+00:00,701.719970703125,702.1300048828125,701.4299926757812,701.8200073242188,75819,QQQ,1m
2026-05-18 19:19:00+00:00,701.8099975585938,701.8994140625,701.4400024414062,701.739990234375,58960,QQQ,1m
2026-05-18 19:20:00+00:00,701.75,702.22998046875,701.5700073242188,702.1099243164062,165759,QQQ,1m
2026-05-18 19:21:00+00:00,702.0750122070312,702.3200073242188,701.6901245117188,701.8099975585938,58407,QQQ,1m
2026-05-18 19:22:00+00:00,701.7899780273438,702.0750122070312,701.510009765625,701.510009765625,155668,QQQ,1m
2026-05-18 19:23:00+00:00,701.4500122070312,701.8499145507812,701.3599853515625,701.8300170898438,68735,QQQ,1m
2026-05-18 19:24:00+00:00,701.8400268554688,701.8400268554688,701.1099853515625,701.3099975585938,90981,QQQ,1m
2026-05-18 19:25:00+00:00,701.2286987304688,701.3400268554688,700.4600219726562,700.9400024414062,103459,QQQ,1m
2026-05-18 19:26:00+00:00,700.9000244140625,701.1099853515625,700.8400268554688,700.9849853515625,91821,QQQ,1m
2026-05-18 19:27:00+00:00,701.02001953125,701.2249755859375,700.8900146484375,700.97998046875,35011,QQQ,1m
2026-05-18 19:28:00+00:00,700.9110107421875,701.1799926757812,700.9099731445312,701.135009765625,148710,QQQ,1m
2026-05-18 19:29:00+00:00,701.1099853515625,701.5499877929688,701.0499877929688,701.4674072265625,75308,QQQ,1m
2026-05-18 19:30:00+00:00,701.489990234375,701.6699829101562,701.27001953125,701.635009765625,51358,QQQ,1m
2026-05-18 19:31:00+00:00,701.6199951171875,702.4400024414062,701.5900268554688,702.4199829101562,69695,QQQ,1m
2026-05-18 19:32:00+00:00,702.4099731445312,702.6849975585938,702.27001953125,702.4199829101562,119330,QQQ,1m
2026-05-18 19:33:00+00:00,702.405029296875,702.5574951171875,702.1300048828125,702.2999877929688,44043,QQQ,1m
2026-05-18 19:34:00+00:00,702.2899780273438,702.3699951171875,702.1099853515625,702.2100219726562,56271,QQQ,1m
2026-05-18 19:35:00+00:00,702.219970703125,702.8699951171875,702.1400146484375,702.8250122070312,70886,QQQ,1m
2026-05-18 19:36:00+00:00,702.8400268554688,703.1400146484375,702.7899780273438,703.0499877929688,128103,QQQ,1m
2026-05-18 19:37:00+00:00,703.0499877929688,703.1798706054688,702.8200073242188,703.030029296875,53523,QQQ,1m
2026-05-18 19:38:00+00:00,703.02001953125,703.3599853515625,702.9749755859375,703.3300170898438,66660,QQQ,1m
2026-05-18 19:39:00+00:00,703.3350219726562,703.719970703125,703.2999877929688,703.6199951171875,58568,QQQ,1m
2026-05-18 19:40:00+00:00,703.72998046875,704.334716796875,703.6500854492188,703.9349975585938,95829,QQQ,1m
2026-05-18 19:41:00+00:00,703.97998046875,704.5150146484375,703.9600219726562,704.135009765625,167385,QQQ,1m
2026-05-18 19:42:00+00:00,704.1400146484375,704.4849853515625,704.0499877929688,704.0599975585938,101524,QQQ,1m
2026-05-18 19:43:00+00:00,704.0601196289062,704.6099853515625,704.0601196289062,704.4149780273438,102648,QQQ,1m
2026-05-18 19:44:00+00:00,704.4400024414062,704.6599731445312,704.4000244140625,704.6400146484375,115078,QQQ,1m
2026-05-18 19:45:00+00:00,704.6199951171875,704.8699951171875,704.47998046875,704.8200073242188,95520,QQQ,1m
2026-05-18 19:46:00+00:00,704.8599853515625,705.0999755859375,704.5850219726562,704.6099853515625,153052,QQQ,1m
2026-05-18 19:47:00+00:00,704.6199951171875,704.77001953125,704.3699951171875,704.7000122070312,94067,QQQ,1m
2026-05-18 19:48:00+00:00,704.7000122070312,705.1046142578125,704.6199951171875,705.0700073242188,100955,QQQ,1m
2026-05-18 19:49:00+00:00,705.0900268554688,705.4550170898438,705.030029296875,705.25,129309,QQQ,1m
2026-05-18 19:50:00+00:00,705.2899780273438,705.3300170898438,704.719970703125,705.10888671875,201720,QQQ,1m
2026-05-18 19:51:00+00:00,705.0999755859375,705.3900146484375,704.989990234375,705.27001953125,199399,QQQ,1m
2026-05-18 19:52:00+00:00,705.3099975585938,705.75,705.2999877929688,705.6900024414062,205096,QQQ,1m
2026-05-18 19:53:00+00:00,705.7000122070312,706.1599731445312,705.5999755859375,705.719970703125,231730,QQQ,1m
2026-05-18 19:54:00+00:00,705.72998046875,705.969970703125,705.5,705.9393920898438,177236,QQQ,1m
2026-05-18 19:55:00+00:00,705.9400024414062,705.9500122070312,705.0062866210938,705.2550048828125,339314,QQQ,1m
2026-05-18 19:56:00+00:00,705.22998046875,705.6900024414062,705.1801147460938,705.3099975585938,128535,QQQ,1m
2026-05-18 19:57:00+00:00,705.3300170898438,705.4299926757812,705.1300048828125,705.22998046875,249891,QQQ,1m
2026-05-18 19:58:00+00:00,705.2100219726562,705.5599975585938,705.1400146484375,705.510009765625,359432,QQQ,1m
2026-05-18 19:59:00+00:00,705.510009765625,705.9299926757812,705.4099731445312,705.7000122070312,697589,QQQ,1m
2026-05-19 13:30:00+00:00,699.8099975585938,702.0399780273438,699.8099975585938,701.3099975585938,2212947,QQQ,1m
2026-05-19 13:31:00+00:00,701.27001953125,702.4600219726562,701.0700073242188,701.97998046875,195659,QQQ,1m
2026-05-19 13:32:00+00:00,701.989990234375,702.989990234375,701.72998046875,702.7000122070312,190526,QQQ,1m
2026-05-19 13:33:00+00:00,702.7999877929688,703.4299926757812,702.5800170898438,702.907470703125,150066,QQQ,1m
2026-05-19 13:34:00+00:00,703.0499877929688,703.0700073242188,702.3200073242188,702.39990234375,136523,QQQ,1m
2026-05-19 13:35:00+00:00,702.4299926757812,703.169921875,701.9500122070312,703.1331787109375,186600,QQQ,1m
2026-05-19 13:36:00+00:00,703.1599731445312,704.6300048828125,703.1599731445312,704.6199951171875,209063,QQQ,1m
2026-05-19 13:37:00+00:00,704.655029296875,705.1300048828125,704.5,704.5599975585938,261451,QQQ,1m
2026-05-19 13:38:00+00:00,704.5900268554688,704.7899780273438,703.8900146484375,704.7100219726562,125760,QQQ,1m
2026-05-19 13:39:00+00:00,704.6199951171875,704.7999877929688,704.02001953125,704.364990234375,147899,QQQ,1m
2026-05-19 13:40:00+00:00,704.4000244140625,704.5,702.97998046875,703.0200805664062,161888,QQQ,1m
2026-05-19 13:41:00+00:00,703.0399780273438,703.0599975585938,701.719970703125,702.2100219726562,202513,QQQ,1m
2026-05-19 13:42:00+00:00,702.2000122070312,702.6199951171875,701.6364135742188,701.7050170898438,145036,QQQ,1m
2026-05-19 13:43:00+00:00,701.6699829101562,702.2999877929688,701.5599975585938,702.0499877929688,109933,QQQ,1m
2026-05-19 13:44:00+00:00,702.0800170898438,702.260009765625,701.1300048828125,701.2899780273438,124030,QQQ,1m
2026-05-19 13:45:00+00:00,701.281982421875,701.9400024414062,701.1500244140625,701.47998046875,124409,QQQ,1m
2026-05-19 13:46:00+00:00,701.4600219726562,701.5900268554688,700.3400268554688,700.3900146484375,153925,QQQ,1m
2026-05-19 13:47:00+00:00,700.4000244140625,702.72998046875,700.2999877929688,702.22998046875,198619,QQQ,1m
2026-05-19 13:48:00+00:00,702.22998046875,702.8499755859375,702.0,702.5499877929688,127863,QQQ,1m
2026-05-19 13:49:00+00:00,702.52001953125,703.5499877929688,702.02001953125,702.0701293945312,222694,QQQ,1m
2026-05-19 13:50:00+00:00,702.0900268554688,702.530029296875,701.4099731445312,701.85498046875,140198,QQQ,1m
2026-05-19 13:51:00+00:00,701.9376220703125,702.6799926757812,701.5999755859375,702.6199951171875,119281,QQQ,1m
2026-05-19 13:52:00+00:00,702.6799926757812,703.0499877929688,702.0800170898438,702.5499877929688,126735,QQQ,1m
2026-05-19 13:53:00+00:00,702.5650024414062,702.760009765625,702.1849975585938,702.52001953125,83584,QQQ,1m
2026-05-19 13:54:00+00:00,702.5499877929688,703.6699829101562,702.3300170898438,703.3699951171875,117122,QQQ,1m
2026-05-19 13:55:00+00:00,703.375,704.0750122070312,702.7448120117188,702.9598999023438,145128,QQQ,1m
2026-05-19 13:56:00+00:00,702.9000244140625,702.97998046875,701.5900268554688,701.989990234375,583418,QQQ,1m
2026-05-19 13:57:00+00:00,701.9500122070312,702.489990234375,701.7899780273438,702.280029296875,192329,QQQ,1m
2026-05-19 13:58:00+00:00,702.3200073242188,702.3800048828125,701.4700927734375,702.030029296875,201544,QQQ,1m
2026-05-19 13:59:00+00:00,702.02001953125,702.4199829101562,701.6699829101562,701.8200073242188,61255,QQQ,1m
2026-05-19 14:00:00+00:00,701.9099731445312,702.0399780273438,701.0399780273438,701.4500122070312,105609,QQQ,1m
2026-05-19 14:01:00+00:00,701.39501953125,701.6799926757812,700.8599853515625,701.2899780273438,125821,QQQ,1m
2026-05-19 14:02:00+00:00,701.280029296875,701.614990234375,700.2899780273438,700.3599853515625,147226,QQQ,1m
2026-05-19 14:03:00+00:00,700.3599853515625,700.9400024414062,700.280029296875,700.5999755859375,109129,QQQ,1m
2026-05-19 14:04:00+00:00,700.6199951171875,701.6199951171875,700.219970703125,701.3599853515625,144856,QQQ,1m
2026-05-19 14:05:00+00:00,701.35498046875,701.6400146484375,699.4786987304688,699.4786987304688,263302,QQQ,1m
2026-05-19 14:06:00+00:00,699.4100952148438,700.3099975585938,699.010009765625,699.3699951171875,261388,QQQ,1m
2026-05-19 14:07:00+00:00,699.4099731445312,699.5999755859375,697.8699951171875,698.1900024414062,273106,QQQ,1m
2026-05-19 14:08:00+00:00,698.1199951171875,698.4400024414062,697.8800048828125,698.0650024414062,274577,QQQ,1m
2026-05-19 14:09:00+00:00,698.1300048828125,698.669921875,697.8400268554688,698.4000244140625,196488,QQQ,1m
2026-05-19 14:10:00+00:00,698.469970703125,698.989990234375,697.9000244140625,698.9600219726562,167420,QQQ,1m
2026-05-19 14:11:00+00:00,698.9600219726562,699.25,697.6799926757812,698.8499755859375,249027,QQQ,1m
2026-05-19 14:12:00+00:00,698.8800048828125,698.9299926757812,698.1699829101562,698.72998046875,277130,QQQ,1m
2026-05-19 14:13:00+00:00,698.6699829101562,698.9298706054688,697.8200073242188,697.9299926757812,185459,QQQ,1m
2026-05-19 14:14:00+00:00,697.8800048828125,697.8900146484375,696.8800048828125,697.030029296875,261038,QQQ,1m
2026-05-19 14:15:00+00:00,696.97998046875,697.27001953125,696.5399780273438,696.7150268554688,322191,QQQ,1m
2026-05-19 14:16:00+00:00,696.7100219726562,697.02001953125,696.3900146484375,696.6199951171875,367286,QQQ,1m
2026-05-19 14:17:00+00:00,696.6199951171875,696.8200073242188,696.1099853515625,696.2901000976562,259963,QQQ,1m
2026-05-19 14:18:00+00:00,696.3200073242188,697.010009765625,695.9201049804688,696.8433837890625,235074,QQQ,1m
2026-05-19 14:19:00+00:00,696.7999877929688,697.1300048828125,696.0800170898438,696.3499755859375,207173,QQQ,1m
2026-05-19 14:20:00+00:00,696.3699951171875,696.6300048828125,695.6699829101562,696.0,220255,QQQ,1m
2026-05-19 14:21:00+00:00,696.0399780273438,696.1500244140625,695.280029296875,695.280029296875,243864,QQQ,1m
2026-05-19 14:22:00+00:00,695.3300170898438,695.8400268554688,695.27001953125,695.719970703125,234339,QQQ,1m
2026-05-19 14:23:00+00:00,695.7100219726562,696.5499877929688,695.510009765625,696.2899780273438,219133,QQQ,1m
2026-05-19 14:24:00+00:00,696.4099731445312,696.8599853515625,696.1699829101562,696.8200073242188,154731,QQQ,1m
2026-05-19 14:25:00+00:00,696.9299926757812,696.97998046875,695.9400024414062,696.1300048828125,183706,QQQ,1m
2026-05-19 14:26:00+00:00,696.1900024414062,696.9199829101562,696.0900268554688,696.5999755859375,186524,QQQ,1m
2026-05-19 14:27:00+00:00,696.5,697.3200073242188,696.405029296875,697.1599731445312,177360,QQQ,1m
2026-05-19 14:28:00+00:00,697.1400146484375,697.5,696.350830078125,696.47998046875,204009,QQQ,1m
2026-05-19 14:29:00+00:00,696.5499877929688,696.7899780273438,696.239990234375,696.4299926757812,117443,QQQ,1m
2026-05-19 14:30:00+00:00,696.4400024414062,697.0599975585938,695.760009765625,697.0399780273438,185498,QQQ,1m
2026-05-19 14:31:00+00:00,697.0999755859375,697.719970703125,696.739990234375,697.5499877929688,223465,QQQ,1m
2026-05-19 14:32:00+00:00,697.5700073242188,697.6699829101562,696.8499755859375,697.1300048828125,183316,QQQ,1m
2026-05-19 14:33:00+00:00,697.0900268554688,697.1199951171875,696.5900268554688,697.0349731445312,105264,QQQ,1m
2026-05-19 14:34:00+00:00,697.010009765625,697.1099853515625,696.1201171875,696.2000122070312,95482,QQQ,1m
2026-05-19 14:35:00+00:00,696.1799926757812,696.5499877929688,696.1400146484375,696.4400024414062,117571,QQQ,1m
2026-05-19 14:36:00+00:00,696.4299926757812,697.2100219726562,696.3599853515625,697.0499877929688,93905,QQQ,1m
2026-05-19 14:37:00+00:00,696.9600219726562,697.3800048828125,696.77001953125,697.3200073242188,74149,QQQ,1m
2026-05-19 14:38:00+00:00,697.2899780273438,697.780029296875,697.1599731445312,697.6699829101562,191180,QQQ,1m
2026-05-19 14:39:00+00:00,697.7000122070312,697.8499145507812,697.4500732421875,697.6799926757812,97239,QQQ,1m
2026-05-19 14:40:00+00:00,697.739990234375,698.0800170898438,696.760009765625,697.9149780273438,146551,QQQ,1m
2026-05-19 14:41:00+00:00,697.8200073242188,698.3099975585938,697.6099853515625,698.0805053710938,122815,QQQ,1m
2026-05-19 14:42:00+00:00,698.1600952148438,698.5999755859375,697.9990234375,698.219970703125,100013,QQQ,1m
2026-05-19 14:43:00+00:00,698.3499755859375,698.469970703125,697.4400024414062,697.489990234375,108534,QQQ,1m
2026-05-19 14:44:00+00:00,697.469970703125,697.7100219726562,697.0900268554688,697.2000122070312,113101,QQQ,1m
2026-05-19 14:45:00+00:00,697.219970703125,697.5900268554688,696.5499877929688,696.6649780273438,126942,QQQ,1m
2026-05-19 14:46:00+00:00,696.6199951171875,696.7899780273438,696.280029296875,696.4199829101562,162584,QQQ,1m
2026-05-19 14:47:00+00:00,696.3400268554688,696.4099731445312,695.75,695.9155883789062,179475,QQQ,1m
2026-05-19 14:48:00+00:00,695.8800048828125,696.280029296875,695.5800170898438,696.280029296875,149899,QQQ,1m
2026-05-19 14:49:00+00:00,696.219970703125,696.6343994140625,695.9500122070312,696.4000244140625,112963,QQQ,1m
2026-05-19 14:50:00+00:00,696.3599853515625,696.75,696.0599975585938,696.5001220703125,73898,QQQ,1m
2026-05-19 14:51:00+00:00,696.489990234375,697.0800170898438,696.1699829101562,696.7899780273438,94627,QQQ,1m
2026-05-19 14:52:00+00:00,696.7501220703125,697.5399780273438,696.5900268554688,697.27001953125,125707,QQQ,1m
2026-05-19 14:53:00+00:00,697.3300170898438,697.5999755859375,697.1113891601562,697.2999877929688,56015,QQQ,1m
2026-05-19 14:54:00+00:00,697.3098754882812,697.6500244140625,697.1400146484375,697.1400146484375,84667,QQQ,1m
2026-05-19 14:55:00+00:00,697.1400146484375,697.52001953125,696.9500122070312,697.0999755859375,63795,QQQ,1m
2026-05-19 14:56:00+00:00,697.1599731445312,697.780029296875,697.0499877929688,697.7650146484375,60037,QQQ,1m
2026-05-19 14:57:00+00:00,697.77001953125,698.6699829101562,697.6099853515625,698.469970703125,121902,QQQ,1m
2026-05-19 14:58:00+00:00,698.47998046875,698.719970703125,698.1099853515625,698.4000244140625,106169,QQQ,1m
2026-05-19 14:59:00+00:00,698.3612060546875,698.7100219726562,698.0999755859375,698.6699829101562,120154,QQQ,1m
2026-05-19 15:00:00+00:00,698.6500244140625,698.780029296875,698.4400024414062,698.739990234375,95035,QQQ,1m
2026-05-19 15:01:00+00:00,698.739990234375,699.25,698.1599731445312,698.25,247441,QQQ,1m
2026-05-19 15:02:00+00:00,698.22998046875,699.2100219726562,698.1099853515625,698.9249877929688,105509,QQQ,1m
2026-05-19 15:03:00+00:00,698.9500122070312,699.2299194335938,698.7999877929688,698.9600219726562,105691,QQQ,1m
2026-05-19 15:04:00+00:00,698.9299926757812,699.2999877929688,698.8300170898438,698.8699951171875,89272,QQQ,1m
2026-05-19 15:05:00+00:00,698.85498046875,699.0286865234375,698.0,698.1300048828125,136861,QQQ,1m
2026-05-19 15:06:00+00:00,698.1300048828125,698.7000122070312,697.9749755859375,698.6287231445312,111754,QQQ,1m
2026-05-19 15:07:00+00:00,698.6199951171875,698.6300048828125,697.5999755859375,697.8300170898438,140064,QQQ,1m
2026-05-19 15:08:00+00:00,697.760009765625,698.1400146484375,697.52001953125,697.5700073242188,76306,QQQ,1m
2026-05-19 15:09:00+00:00,697.6199951171875,698.4099731445312,697.47998046875,698.3800048828125,76857,QQQ,1m
2026-05-19 15:10:00+00:00,698.4500122070312,699.1699829101562,698.4099731445312,699.0900268554688,88102,QQQ,1m
2026-05-19 15:11:00+00:00,698.969970703125,699.4298706054688,698.8499755859375,698.9473876953125,81767,QQQ,1m
2026-05-19 15:12:00+00:00,699.0499877929688,699.280029296875,698.6500244140625,698.719970703125,79892,QQQ,1m
2026-05-19 15:13:00+00:00,698.760009765625,699.1199951171875,698.719970703125,698.9500122070312,45352,QQQ,1m
2026-05-19 15:14:00+00:00,698.9400024414062,699.280029296875,698.8200073242188,699.239990234375,42868,QQQ,1m
2026-05-19 15:15:00+00:00,699.3200073242188,699.77001953125,699.2899780273438,699.6199951171875,104144,QQQ,1m
2026-05-19 15:16:00+00:00,699.5900268554688,700.02001953125,699.3499755859375,699.4299926757812,95702,QQQ,1m
2026-05-19 15:17:00+00:00,699.4600219726562,699.7799072265625,699.3699951171875,699.6500244140625,77772,QQQ,1m
2026-05-19 15:18:00+00:00,699.6400146484375,699.8400268554688,699.469970703125,699.52001953125,79433,QQQ,1m
2026-05-19 15:19:00+00:00,699.47998046875,699.5650024414062,698.3195190429688,698.3195190429688,137965,QQQ,1m
2026-05-19 15:20:00+00:00,698.3099975585938,698.6798706054688,698.1400146484375,698.260009765625,129183,QQQ,1m
2026-05-19 15:21:00+00:00,698.27001953125,698.9799194335938,698.27001953125,698.6300048828125,74756,QQQ,1m
2026-05-19 15:22:00+00:00,698.6900024414062,699.0283203125,698.25,698.260009765625,53885,QQQ,1m
2026-05-19 15:23:00+00:00,698.219970703125,698.2399291992188,697.6799926757812,697.8400268554688,64078,QQQ,1m
2026-05-19 15:24:00+00:00,697.7999877929688,698.010009765625,697.22998046875,697.3016967773438,125292,QQQ,1m
2026-05-19 15:25:00+00:00,697.25,697.6799926757812,696.8300170898438,697.6300048828125,116024,QQQ,1m
2026-05-19 15:26:00+00:00,697.6599731445312,698.0700073242188,697.5999755859375,697.8300170898438,87353,QQQ,1m
2026-05-19 15:27:00+00:00,697.8699951171875,698.25,697.5800170898438,698.1701049804688,55987,QQQ,1m
2026-05-19 15:28:00+00:00,698.2000122070312,698.4500122070312,697.5399780273438,697.8099975585938,63732,QQQ,1m
2026-05-19 15:29:00+00:00,697.7899780273438,698.1300048828125,697.6799926757812,697.9000244140625,36370,QQQ,1m
2026-05-19 15:30:00+00:00,697.8499755859375,698.3900146484375,697.5701293945312,698.3900146484375,182946,QQQ,1m
2026-05-19 15:31:00+00:00,698.3101196289062,699.47998046875,698.3101196289062,699.364990234375,110692,QQQ,1m
2026-05-19 15:32:00+00:00,699.3599853515625,699.4993286132812,699.1599731445312,699.2700805664062,91943,QQQ,1m
2026-05-19 15:33:00+00:00,699.280029296875,699.323974609375,698.739990234375,698.7999877929688,78402,QQQ,1m
2026-05-19 15:34:00+00:00,698.8300170898438,699.1199951171875,698.4249877929688,698.4249877929688,36079,QQQ,1m
2026-05-19 15:35:00+00:00,698.4099731445312,698.4500122070312,698.0999755859375,698.3150024414062,83110,QQQ,1m
2026-05-19 15:36:00+00:00,698.2899780273438,698.969970703125,698.1799926757812,698.8198852539062,62793,QQQ,1m
2026-05-19 15:37:00+00:00,698.7849731445312,699.5999755859375,698.6900024414062,699.5399780273438,69078,QQQ,1m
2026-05-19 15:38:00+00:00,699.5599975585938,699.9199829101562,699.3499755859375,699.8900146484375,83496,QQQ,1m
2026-05-19 15:39:00+00:00,699.9249877929688,699.9249877929688,699.4849853515625,699.6500244140625,71017,QQQ,1m
2026-05-19 15:40:00+00:00,699.6900024414062,699.780029296875,699.219970703125,699.72998046875,63098,QQQ,1m
2026-05-19 15:41:00+00:00,699.739990234375,699.8699951171875,699.6099853515625,699.8599853515625,46624,QQQ,1m
2026-05-19 15:42:00+00:00,699.8599853515625,700.4400024414062,699.72998046875,700.2999877929688,129780,QQQ,1m
2026-05-19 15:43:00+00:00,700.260009765625,700.3099975585938,699.360107421875,699.5700073242188,98659,QQQ,1m
2026-05-19 15:44:00+00:00,699.6400146484375,700.0399780273438,699.5399780273438,699.9600219726562,81751,QQQ,1m
2026-05-19 15:45:00+00:00,699.9600219726562,700.1300048828125,699.5999755859375,699.5999755859375,63989,QQQ,1m
2026-05-19 15:46:00+00:00,699.5300903320312,699.8699951171875,699.1099853515625,699.3499755859375,61575,QQQ,1m
2026-05-19 15:47:00+00:00,699.3560180664062,699.5499877929688,699.1900024414062,699.47998046875,112062,QQQ,1m
2026-05-19 15:48:00+00:00,699.489990234375,699.7999877929688,699.3350219726562,699.75,93003,QQQ,1m
2026-05-19 15:49:00+00:00,699.7100219726562,699.8790893554688,699.5883178710938,699.8790893554688,52522,QQQ,1m
2026-05-19 15:50:00+00:00,699.8699951171875,699.9400024414062,699.47998046875,699.625,101384,QQQ,1m
2026-05-19 15:51:00+00:00,699.6599731445312,699.719970703125,699.1801147460938,699.3699951171875,78163,QQQ,1m
2026-05-19 15:52:00+00:00,699.4199829101562,699.760009765625,699.3499755859375,699.7301025390625,56304,QQQ,1m
2026-05-19 15:53:00+00:00,699.780029296875,700.0,699.1649780273438,699.27001953125,108790,QQQ,1m
2026-05-19 15:54:00+00:00,699.239990234375,699.3200073242188,698.7000122070312,699.1099853515625,94132,QQQ,1m
2026-05-19 15:55:00+00:00,699.0540161132812,699.0650024414062,698.2999877929688,698.3820190429688,78293,QQQ,1m
2026-05-19 15:56:00+00:00,698.3699951171875,698.75,698.1500244140625,698.7098999023438,97779,QQQ,1m
2026-05-19 15:57:00+00:00,698.780029296875,699.1599731445312,698.6699829101562,699.1400146484375,58979,QQQ,1m
2026-05-19 15:58:00+00:00,699.1599731445312,699.1599731445312,698.6099853515625,698.719970703125,36778,QQQ,1m
2026-05-19 15:59:00+00:00,698.7899780273438,699.0,698.6400146484375,699.0,21459,QQQ,1m
2026-05-19 16:00:00+00:00,698.989990234375,699.5900268554688,698.9500122070312,699.52001953125,82202,QQQ,1m
2026-05-19 16:01:00+00:00,699.5399780273438,699.8499755859375,699.4600219726562,699.6099243164062,76374,QQQ,1m
2026-05-19 16:02:00+00:00,699.5900268554688,700.2999877929688,699.5875244140625,700.2650146484375,72965,QQQ,1m
2026-05-19 16:03:00+00:00,700.239990234375,700.530029296875,700.1099853515625,700.2100219726562,104106,QQQ,1m
2026-05-19 16:04:00+00:00,700.1500244140625,700.4000244140625,699.969970703125,700.1199951171875,76949,QQQ,1m
2026-05-19 16:05:00+00:00,700.3099975585938,700.3599243164062,699.77001953125,699.864990234375,50296,QQQ,1m
2026-05-19 16:06:00+00:00,699.8599853515625,699.9099731445312,699.0999755859375,699.3699951171875,67441,QQQ,1m
2026-05-19 16:07:00+00:00,699.39990234375,699.7249755859375,699.2899780273438,699.625,54213,QQQ,1m
2026-05-19 16:08:00+00:00,699.6300048828125,699.6400146484375,699.419189453125,699.469970703125,26810,QQQ,1m
2026-05-19 16:09:00+00:00,699.510009765625,699.6400756835938,698.7899780273438,698.7899780273438,53167,QQQ,1m
2026-05-19 16:10:00+00:00,698.8099975585938,699.030029296875,698.5499877929688,699.030029296875,126962,QQQ,1m
2026-05-19 16:11:00+00:00,699.0958862304688,699.3381958007812,698.9199829101562,698.97998046875,37523,QQQ,1m
2026-05-19 16:12:00+00:00,699.02001953125,699.0399780273438,698.4199829101562,698.6599731445312,54928,QQQ,1m
2026-05-19 16:13:00+00:00,698.6925048828125,698.9500122070312,698.5700073242188,698.5900268554688,30225,QQQ,1m
2026-05-19 16:14:00+00:00,698.6199951171875,698.9600219726562,698.52001953125,698.9450073242188,62529,QQQ,1m
2026-05-19 16:15:00+00:00,698.969970703125,699.7994995117188,698.9299926757812,699.72998046875,109092,QQQ,1m
2026-05-19 16:16:00+00:00,699.719970703125,699.8699951171875,699.2999877929688,699.3900146484375,58118,QQQ,1m
2026-05-19 16:17:00+00:00,699.4000244140625,699.4600219726562,698.9600219726562,699.4400024414062,75681,QQQ,1m
2026-05-19 16:18:00+00:00,699.4000244140625,700.02001953125,699.3300170898438,699.969970703125,114983,QQQ,1m
2026-05-19 16:19:00+00:00,700.0050048828125,700.1699829101562,699.7899780273438,700.0399780273438,57750,QQQ,1m
2026-05-19 16:20:00+00:00,700.02001953125,700.3599853515625,699.7952270507812,700.25,125002,QQQ,1m
2026-05-19 16:21:00+00:00,700.2498779296875,700.260009765625,699.8900146484375,699.9000244140625,51224,QQQ,1m
2026-05-19 16:22:00+00:00,699.8699951171875,700.0850219726562,699.5900268554688,699.760009765625,42231,QQQ,1m
2026-05-19 16:23:00+00:00,699.740478515625,700.2050170898438,699.6400146484375,700.1301879882812,54064,QQQ,1m
2026-05-19 16:24:00+00:00,700.1500244140625,700.4500122070312,699.9500122070312,700.4249877929688,84528,QQQ,1m
2026-05-19 16:25:00+00:00,700.4600219726562,701.2100219726562,700.4199829101562,701.159912109375,345247,QQQ,1m
2026-05-19 16:26:00+00:00,701.1599731445312,701.4500122070312,700.9099731445312,701.030029296875,109543,QQQ,1m
2026-05-19 16:27:00+00:00,701.0800170898438,701.3798828125,700.9000244140625,701.3599853515625,58233,QQQ,1m
2026-05-19 16:28:00+00:00,701.3599853515625,701.5399780273438,701.22998046875,701.3099975585938,97705,QQQ,1m
2026-05-19 16:29:00+00:00,701.3099975585938,701.5599975585938,701.1900024414062,701.2449951171875,85534,QQQ,1m
2026-05-19 16:30:00+00:00,701.1900024414062,701.719970703125,701.0599975585938,701.6199951171875,133651,QQQ,1m
2026-05-19 16:31:00+00:00,701.6099853515625,702.0960083007812,701.6099853515625,701.9400024414062,87417,QQQ,1m
2026-05-19 16:32:00+00:00,702.0324096679688,702.3200073242188,701.9000244140625,702.0900268554688,117862,QQQ,1m
2026-05-19 16:33:00+00:00,702.0700073242188,702.1801147460938,701.75,701.9099731445312,79096,QQQ,1m
2026-05-19 16:34:00+00:00,701.9000244140625,702.3200073242188,701.9000244140625,702.1099853515625,76378,QQQ,1m
2026-05-19 16:35:00+00:00,702.1300048828125,702.385009765625,702.0900268554688,702.1600952148438,80034,QQQ,1m
2026-05-19 16:36:00+00:00,702.1400146484375,702.3699951171875,701.8300170898438,702.030029296875,68862,QQQ,1m
2026-05-19 16:37:00+00:00,702.0399780273438,702.1199951171875,701.72998046875,701.7899780273438,43083,QQQ,1m
2026-05-19 16:38:00+00:00,701.780029296875,702.5700073242188,701.5700073242188,702.4749755859375,89830,QQQ,1m
2026-05-19 16:39:00+00:00,702.4600219726562,702.72998046875,702.3300170898438,702.5651245117188,82081,QQQ,1m
2026-05-19 16:40:00+00:00,702.630126953125,702.8400268554688,702.5050048828125,702.760009765625,49885,QQQ,1m
2026-05-19 16:41:00+00:00,702.760009765625,702.9899291992188,702.6900024414062,702.9899291992188,49899,QQQ,1m
2026-05-19 16:42:00+00:00,702.989990234375,703.030029296875,702.5374755859375,702.6599731445312,107652,QQQ,1m
2026-05-19 16:43:00+00:00,702.7100219726562,702.9299926757812,702.64501953125,702.85498046875,156862,QQQ,1m
2026-05-19 16:44:00+00:00,702.8800048828125,703.1798706054688,702.8599853515625,703.1599731445312,53081,QQQ,1m
2026-05-19 16:45:00+00:00,703.1599731445312,703.3200073242188,702.989990234375,703.25,295155,QQQ,1m
2026-05-19 16:46:00+00:00,703.2799072265625,703.2899780273438,702.760009765625,702.7899780273438,68907,QQQ,1m
2026-05-19 16:47:00+00:00,702.7899780273438,703.0700073242188,702.6400146484375,703.030029296875,78309,QQQ,1m
2026-05-19 16:48:00+00:00,703.0599975585938,703.0800170898438,702.6699829101562,702.7868041992188,108336,QQQ,1m
2026-05-19 16:49:00+00:00,702.7899780273438,703.1500244140625,702.6599731445312,703.0,123289,QQQ,1m
2026-05-19 16:50:00+00:00,702.9500122070312,702.98876953125,702.6799926757812,702.8950805664062,85888,QQQ,1m
2026-05-19 16:51:00+00:00,702.97998046875,703.52001953125,702.97998046875,703.4400024414062,120365,QQQ,1m
2026-05-19 16:52:00+00:00,703.469970703125,703.7449951171875,703.4299926757812,703.6400146484375,133115,QQQ,1m
2026-05-19 16:53:00+00:00,703.6699829101562,703.8900146484375,703.6099853515625,703.8599853515625,50698,QQQ,1m
2026-05-19 16:54:00+00:00,703.8400268554688,704.0499877929688,703.77001953125,704.0,76972,QQQ,1m
2026-05-19 16:55:00+00:00,704.010009765625,704.1400146484375,703.9099731445312,704.0322875976562,42450,QQQ,1m
2026-05-19 16:56:00+00:00,704.02001953125,704.0499877929688,703.7100219726562,703.9520874023438,56957,QQQ,1m
2026-05-19 16:57:00+00:00,703.9998779296875,704.2598876953125,703.8300170898438,703.8400268554688,73264,QQQ,1m
2026-05-19 16:58:00+00:00,703.8699951171875,703.9299926757812,703.6500244140625,703.8198852539062,119270,QQQ,1m
2026-05-19 16:59:00+00:00,703.8200073242188,704.0399780273438,703.6599731445312,703.969970703125,55493,QQQ,1m
2026-05-19 17:00:00+00:00,703.97998046875,704.10498046875,703.7100219726562,703.844970703125,65036,QQQ,1m
2026-05-19 17:01:00+00:00,703.8300170898438,704.1099853515625,703.7449951171875,704.030029296875,68570,QQQ,1m
2026-05-19 17:02:00+00:00,704.02001953125,704.4149780273438,704.010009765625,704.2349853515625,94218,QQQ,1m
2026-05-19 17:03:00+00:00,704.2401123046875,704.77001953125,704.2100219726562,704.655029296875,164404,QQQ,1m
2026-05-19 17:04:00+00:00,704.6900024414062,704.8699951171875,704.6300048828125,704.7849731445312,118464,QQQ,1m
2026-05-19 17:05:00+00:00,704.780029296875,704.9899291992188,704.6901245117188,704.969970703125,51076,QQQ,1m
2026-05-19 17:06:00+00:00,704.9299926757812,705.0,704.6400146484375,704.719970703125,79875,QQQ,1m
2026-05-19 17:07:00+00:00,704.739990234375,704.77001953125,704.4600219726562,704.5205078125,66383,QQQ,1m
2026-05-19 17:08:00+00:00,704.510009765625,704.9500122070312,704.4600219726562,704.85498046875,80537,QQQ,1m
2026-05-19 17:09:00+00:00,704.89501953125,705.1900024414062,704.8599853515625,705.1300048828125,72666,QQQ,1m
2026-05-19 17:10:00+00:00,705.1099853515625,705.25,704.97998046875,705.010009765625,86874,QQQ,1m
2026-05-19 17:11:00+00:00,705.0,705.0999755859375,704.7899780273438,704.840087890625,38219,QQQ,1m
2026-05-19 17:12:00+00:00,704.8300170898438,705.1400146484375,704.7999877929688,705.0999755859375,36670,QQQ,1m
2026-05-19 17:13:00+00:00,705.1300048828125,705.3759765625,705.0599975585938,705.1900024414062,74214,QQQ,1m
2026-05-19 17:14:00+00:00,705.3099975585938,705.3599853515625,705.155029296875,705.239990234375,38402,QQQ,1m
2026-05-19 17:15:00+00:00,705.22998046875,705.6599731445312,705.22998046875,705.6199951171875,84301,QQQ,1m
2026-05-19 17:16:00+00:00,705.6599731445312,705.75,705.5399780273438,705.6199951171875,155913,QQQ,1m
2026-05-19 17:17:00+00:00,705.5701293945312,705.969970703125,705.540771484375,705.7811889648438,114281,QQQ,1m
2026-05-19 17:18:00+00:00,705.8300170898438,705.9000244140625,705.6799926757812,705.7000732421875,155694,QQQ,1m
2026-05-19 17:19:00+00:00,705.719970703125,705.9299926757812,705.6599731445312,705.9000244140625,68515,QQQ,1m
2026-05-19 17:20:00+00:00,705.9199829101562,705.9550170898438,705.6099853515625,705.7100219726562,130220,QQQ,1m
2026-05-19 17:21:00+00:00,705.6799926757812,706.3400268554688,705.6500244140625,706.2550048828125,173510,QQQ,1m
2026-05-19 17:22:00+00:00,706.25,706.4500122070312,706.1649780273438,706.4251708984375,60919,QQQ,1m
2026-05-19 17:23:00+00:00,706.4550170898438,706.489990234375,706.0499877929688,706.2700805664062,70159,QQQ,1m
2026-05-19 17:24:00+00:00,706.280029296875,706.3900146484375,706.0349731445312,706.1400146484375,42548,QQQ,1m
2026-05-19 17:25:00+00:00,706.1749877929688,706.22998046875,705.6849975585938,705.7100219726562,82207,QQQ,1m
2026-05-19 17:26:00+00:00,705.719970703125,705.7799072265625,705.1400146484375,705.27001953125,192106,QQQ,1m
2026-05-19 17:27:00+00:00,705.27001953125,705.4600219726562,705.2000122070312,705.2249755859375,89314,QQQ,1m
2026-05-19 17:28:00+00:00,705.2550048828125,705.4400024414062,704.9100952148438,705.0,87675,QQQ,1m
2026-05-19 17:29:00+00:00,705.0050048828125,705.548828125,705.0050048828125,705.4450073242188,91181,QQQ,1m
2026-05-19 17:30:00+00:00,705.4400024414062,706.27001953125,705.3900756835938,706.0098876953125,87024,QQQ,1m
2026-05-19 17:31:00+00:00,706.014404296875,706.3300170898438,706.0050048828125,706.010009765625,51496,QQQ,1m
2026-05-19 17:32:00+00:00,705.989990234375,706.0999755859375,705.6500244140625,705.8800048828125,83135,QQQ,1m
2026-05-19 17:33:00+00:00,705.8541870117188,705.9000244140625,705.5830078125,705.590087890625,71823,QQQ,1m
2026-05-19 17:34:00+00:00,705.5800170898438,705.7999877929688,705.3900146484375,705.4000244140625,76256,QQQ,1m
2026-05-19 17:35:00+00:00,705.3900146484375,705.6298828125,705.3900146484375,705.5999755859375,158182,QQQ,1m
2026-05-19 17:36:00+00:00,705.5700073242188,705.8800048828125,705.5,705.760009765625,42982,QQQ,1m
2026-05-19 17:37:00+00:00,705.7999877929688,705.9400024414062,705.760009765625,705.8699951171875,54911,QQQ,1m
2026-05-19 17:38:00+00:00,705.8599853515625,705.9299926757812,705.72998046875,705.760009765625,178089,QQQ,1m
2026-05-19 17:39:00+00:00,705.77001953125,706.010009765625,705.4299926757812,705.8900146484375,57021,QQQ,1m
2026-05-19 17:40:00+00:00,705.9500122070312,706.169921875,705.5,705.8300170898438,95729,QQQ,1m
2026-05-19 17:41:00+00:00,705.9099731445312,706.0,705.72119140625,705.8900146484375,42996,QQQ,1m
2026-05-19 17:42:00+00:00,705.9000244140625,705.97998046875,705.719970703125,705.97998046875,34993,QQQ,1m
2026-05-19 17:43:00+00:00,705.9299926757812,705.9299926757812,705.52001953125,705.639404296875,35942,QQQ,1m
2026-05-19 17:44:00+00:00,705.6400146484375,705.75,705.52001953125,705.5936889648438,38127,QQQ,1m
2026-05-19 17:45:00+00:00,705.6300048828125,705.6699829101562,705.010009765625,705.2420043945312,90767,QQQ,1m
2026-05-19 17:46:00+00:00,705.239990234375,705.239990234375,704.5900268554688,704.6199951171875,109192,QQQ,1m
2026-05-19 17:47:00+00:00,704.5800170898438,704.7899780273438,704.2999877929688,704.3900146484375,99784,QQQ,1m
2026-05-19 17:48:00+00:00,704.3599853515625,704.9229736328125,704.3599853515625,704.8701171875,81362,QQQ,1m
2026-05-19 17:49:00+00:00,704.8499755859375,705.1300048828125,704.7100219726562,704.989990234375,66835,QQQ,1m
2026-05-19 17:50:00+00:00,705.030029296875,705.030029296875,704.6701049804688,704.7498779296875,49732,QQQ,1m
2026-05-19 17:51:00+00:00,704.6900024414062,704.7899780273438,704.5499877929688,704.72998046875,40193,QQQ,1m
2026-05-19 17:52:00+00:00,704.6599731445312,704.7098999023438,704.2672119140625,704.3250122070312,39677,QQQ,1m
2026-05-19 17:53:00+00:00,704.3200073242188,704.3300170898438,704.1400146484375,704.1900024414062,50733,QQQ,1m
2026-05-19 17:54:00+00:00,704.2000122070312,704.3499755859375,703.655029296875,704.3350219726562,129168,QQQ,1m
2026-05-19 17:55:00+00:00,704.3599853515625,704.7999877929688,704.260009765625,704.6300048828125,93339,QQQ,1m
2026-05-19 17:56:00+00:00,704.6500244140625,704.8400268554688,704.5,704.6400146484375,42193,QQQ,1m
2026-05-19 17:57:00+00:00,704.6900024414062,704.8250122070312,704.52001953125,704.5999755859375,41635,QQQ,1m
2026-05-19 17:58:00+00:00,704.5651245117188,704.9550170898438,704.5399780273438,704.9000244140625,22082,QQQ,1m
2026-05-19 17:59:00+00:00,704.9600219726562,705.2000122070312,704.9299926757812,705.1500244140625,41592,QQQ,1m
2026-05-19 18:00:00+00:00,705.1799926757812,705.4201049804688,705.1201171875,705.2999877929688,104295,QQQ,1m
2026-05-19 18:01:00+00:00,705.3099975585938,705.4600219726562,705.010009765625,705.239990234375,75588,QQQ,1m
2026-05-19 18:02:00+00:00,705.219970703125,705.45068359375,705.1749877929688,705.4000244140625,0,QQQ,1m
2026-05-19 18:03:00+00:00,705.4000244140625,705.6300048828125,705.3800048828125,705.4199829101562,37055,QQQ,1m
2026-05-19 18:04:00+00:00,705.4600219726562,705.5599975585938,705.3699951171875,705.4600219726562,46426,QQQ,1m
2026-05-19 18:05:00+00:00,705.469970703125,705.7249755859375,705.4401245117188,705.6799926757812,40669,QQQ,1m
2026-05-19 18:06:00+00:00,705.7000122070312,705.780029296875,705.4299926757812,705.4500122070312,185562,QQQ,1m
2026-05-19 18:07:00+00:00,705.4099731445312,705.75,705.3699951171875,705.75,141294,QQQ,1m
2026-05-19 18:08:00+00:00,705.780029296875,705.7999877929688,705.530029296875,705.739990234375,18843,QQQ,1m
2026-05-19 18:09:00+00:00,705.72998046875,705.8350219726562,705.6901245117188,705.72998046875,23210,QQQ,1m
2026-05-19 18:10:00+00:00,705.7379760742188,705.909912109375,705.5349731445312,705.6900024414062,53287,QQQ,1m
2026-05-19 18:11:00+00:00,705.6851196289062,705.9299926757812,705.6799926757812,705.739990234375,43728,QQQ,1m
2026-05-19 18:12:00+00:00,705.75,705.8200073242188,705.5,705.6300048828125,30056,QQQ,1m
2026-05-19 18:13:00+00:00,705.6209716796875,705.6500244140625,705.3800048828125,705.4299926757812,262725,QQQ,1m
2026-05-19 18:14:00+00:00,705.4199829101562,705.510009765625,705.1917724609375,705.2100219726562,61749,QQQ,1m
2026-05-19 18:15:00+00:00,705.1799926757812,705.4400024414062,705.0700073242188,705.1300048828125,49897,QQQ,1m
2026-05-19 18:16:00+00:00,705.1099853515625,705.1199951171875,704.7449951171875,704.9099731445312,38220,QQQ,1m
2026-05-19 18:17:00+00:00,704.8300170898438,705.239990234375,704.7999877929688,705.1599731445312,30752,QQQ,1m
2026-05-19 18:18:00+00:00,705.126220703125,705.1300048828125,704.7100219726562,704.739990234375,27827,QQQ,1m
2026-05-19 18:19:00+00:00,704.760009765625,705.010009765625,704.760009765625,704.8984985351562,26457,QQQ,1m
2026-05-19 18:20:00+00:00,704.9199829101562,704.9500122070312,704.4299926757812,704.739990234375,43314,QQQ,1m
2026-05-19 18:21:00+00:00,704.7000122070312,704.77001953125,704.3800048828125,704.6600952148438,40273,QQQ,1m
2026-05-19 18:22:00+00:00,704.6500244140625,704.6992797851562,703.6900024414062,704.489990234375,139609,QQQ,1m
2026-05-19 18:23:00+00:00,704.4899291992188,704.6599731445312,704.3900146484375,704.560302734375,63379,QQQ,1m
2026-05-19 18:24:00+00:00,704.530029296875,704.5800170898438,704.1901245117188,704.4099731445312,37600,QQQ,1m
2026-05-19 18:25:00+00:00,704.4099731445312,704.5825805664062,704.1799926757812,704.5,74299,QQQ,1m
2026-05-19 18:26:00+00:00,704.469970703125,705.038818359375,704.469970703125,704.8699951171875,71545,QQQ,1m
2026-05-19 18:27:00+00:00,704.8900146484375,704.9199829101562,704.3499145507812,704.3900146484375,101671,QQQ,1m
2026-05-19 18:28:00+00:00,704.3300170898438,704.4000854492188,703.9500122070312,704.1199951171875,83367,QQQ,1m
2026-05-19 18:29:00+00:00,704.1599731445312,704.1900024414062,703.9100952148438,704.010009765625,52648,QQQ,1m
2026-05-19 18:30:00+00:00,703.9901123046875,704.1400146484375,703.655029296875,703.97998046875,91622,QQQ,1m
2026-05-19 18:31:00+00:00,703.969970703125,704.1900024414062,703.8800048828125,704.1799926757812,60302,QQQ,1m
2026-05-19 18:32:00+00:00,704.1699829101562,704.3400268554688,703.97998046875,704.22998046875,61329,QQQ,1m
2026-05-19 18:33:00+00:00,704.2000122070312,704.62939453125,704.1400146484375,704.5698852539062,38513,QQQ,1m
2026-05-19 18:34:00+00:00,704.5900268554688,704.5900268554688,704.239990234375,704.4500122070312,34251,QQQ,1m
2026-05-19 18:35:00+00:00,704.5399780273438,704.8699951171875,704.2999877929688,704.8499755859375,56387,QQQ,1m
2026-05-19 18:36:00+00:00,704.8707275390625,704.89501953125,704.4299926757812,704.4600219726562,49091,QQQ,1m
2026-05-19 18:37:00+00:00,704.4299926757812,704.4400024414062,704.1599731445312,704.3099975585938,40278,QQQ,1m
2026-05-19 18:38:00+00:00,704.3001098632812,704.469970703125,704.02001953125,704.0399780273438,22765,QQQ,1m
2026-05-19 18:39:00+00:00,704.0399780273438,704.0399780273438,703.75,703.8400268554688,40658,QQQ,1m
2026-05-19 18:40:00+00:00,703.8099975585938,704.0,703.5676879882812,703.81298828125,80017,QQQ,1m
2026-05-19 18:41:00+00:00,703.864013671875,704.030029296875,703.5900268554688,704.02099609375,52632,QQQ,1m
2026-05-19 18:42:00+00:00,704.030029296875,704.0798950195312,703.510009765625,703.5800170898438,55843,QQQ,1m
2026-05-19 18:43:00+00:00,703.5900268554688,703.9299926757812,703.47998046875,703.7999877929688,44324,QQQ,1m
2026-05-19 18:44:00+00:00,703.8098754882812,703.9500122070312,703.6799926757812,703.860107421875,74431,QQQ,1m
2026-05-19 18:45:00+00:00,703.8599853515625,703.8699951171875,703.469970703125,703.52001953125,35447,QQQ,1m
2026-05-19 18:46:00+00:00,703.5300903320312,703.7100219726562,703.4000854492188,703.580810546875,28725,QQQ,1m
2026-05-19 18:47:00+00:00,703.5599975585938,703.8200073242188,703.4600219726562,703.530029296875,23860,QQQ,1m
2026-05-19 18:48:00+00:00,703.4949951171875,703.6900024414062,703.280029296875,703.6599731445312,90893,QQQ,1m
2026-05-19 18:49:00+00:00,703.6599731445312,703.97998046875,703.52001953125,703.8499755859375,43377,QQQ,1m
2026-05-19 18:50:00+00:00,703.8200073242188,703.8699951171875,703.6500244140625,703.7000122070312,44444,QQQ,1m
2026-05-19 18:51:00+00:00,703.6799926757812,703.9299926757812,703.5999755859375,703.780029296875,41436,QQQ,1m
2026-05-19 18:52:00+00:00,703.7150268554688,703.760009765625,703.469970703125,703.5498046875,35588,QQQ,1m
2026-05-19 18:53:00+00:00,703.5150146484375,703.5700073242188,702.9838256835938,703.1900024414062,86324,QQQ,1m
2026-05-19 18:54:00+00:00,703.2000122070312,703.2100219726562,702.80029296875,702.8200073242188,67232,QQQ,1m
2026-05-19 18:55:00+00:00,702.780029296875,702.780029296875,702.02001953125,702.2999877929688,154028,QQQ,1m
2026-05-19 18:56:00+00:00,702.3001098632812,702.6900024414062,702.2000122070312,702.4299926757812,151476,QQQ,1m
2026-05-19 18:57:00+00:00,702.4199829101562,702.6799926757812,702.3200073242188,702.5798950195312,212230,QQQ,1m
2026-05-19 18:58:00+00:00,702.5299072265625,702.77001953125,702.3159790039062,702.3159790039062,160294,QQQ,1m
2026-05-19 18:59:00+00:00,702.3099975585938,702.599609375,702.1500244140625,702.4400024414062,92350,QQQ,1m
2026-05-19 19:00:00+00:00,702.4669799804688,703.27001953125,702.4349975585938,703.22998046875,121282,QQQ,1m
2026-05-19 19:01:00+00:00,703.239990234375,703.3800048828125,702.7899780273438,703.1799926757812,76601,QQQ,1m
2026-05-19 19:02:00+00:00,703.1799926757812,703.1799926757812,702.7100219726562,702.7750244140625,37729,QQQ,1m
2026-05-19 19:03:00+00:00,702.760009765625,703.0999755859375,702.5900268554688,702.7000122070312,36689,QQQ,1m
2026-05-19 19:04:00+00:00,702.760009765625,702.9240112304688,702.6199951171875,702.9025268554688,15850,QQQ,1m
2026-05-19 19:05:00+00:00,702.8800048828125,703.2000122070312,702.8499755859375,703.0999755859375,28525,QQQ,1m
2026-05-19 19:06:00+00:00,703.0994262695312,703.1500244140625,702.760009765625,702.8400268554688,79004,QQQ,1m
2026-05-19 19:07:00+00:00,702.7999877929688,702.888671875,702.510009765625,702.7698974609375,40612,QQQ,1m
2026-05-19 19:08:00+00:00,702.7000122070312,703.510009765625,702.7000122070312,703.469970703125,66104,QQQ,1m
2026-05-19 19:09:00+00:00,703.4400024414062,703.8350219726562,703.3900146484375,703.5900268554688,91103,QQQ,1m
2026-05-19 19:10:00+00:00,703.6099853515625,704.4600219726562,703.5499877929688,704.4000244140625,79978,QQQ,1m
2026-05-19 19:11:00+00:00,704.4500122070312,704.5900268554688,704.0989990234375,704.1900024414062,52380,QQQ,1m
2026-05-19 19:12:00+00:00,704.1900024414062,704.2050170898438,703.8900146484375,704.0900268554688,40378,QQQ,1m
2026-05-19 19:13:00+00:00,704.0499877929688,704.3001098632812,704.02001953125,704.2410278320312,36343,QQQ,1m
2026-05-19 19:14:00+00:00,704.260009765625,704.760009765625,704.22998046875,704.6799926757812,71872,QQQ,1m
2026-05-19 19:15:00+00:00,704.7650146484375,704.85498046875,704.469970703125,704.5601196289062,69425,QQQ,1m
2026-05-19 19:16:00+00:00,704.5800170898438,704.5999755859375,704.2899780273438,704.344970703125,38184,QQQ,1m
2026-05-19 19:17:00+00:00,704.3400268554688,704.3800048828125,703.8599853515625,703.989990234375,63105,QQQ,1m
2026-05-19 19:18:00+00:00,703.989990234375,704.1599731445312,703.7100219726562,703.75,172743,QQQ,1m
2026-05-19 19:19:00+00:00,703.7418823242188,703.9149780273438,703.47998046875,703.47998046875,49670,QQQ,1m
2026-05-19 19:20:00+00:00,703.469970703125,703.7100219726562,703.344970703125,703.3699951171875,57011,QQQ,1m
2026-05-19 19:21:00+00:00,703.364990234375,703.514892578125,703.2449951171875,703.39501953125,41879,QQQ,1m
2026-05-19 19:22:00+00:00,703.4111938476562,703.4400024414062,702.7999877929688,702.7999877929688,204191,QQQ,1m
2026-05-19 19:23:00+00:00,702.760009765625,702.969970703125,702.3400268554688,702.3400268554688,52527,QQQ,1m
2026-05-19 19:24:00+00:00,702.3400268554688,702.4600219726562,702.010009765625,702.0250244140625,96631,QQQ,1m
2026-05-19 19:25:00+00:00,702.010009765625,702.1799926757812,701.6199951171875,702.1799926757812,152647,QQQ,1m
2026-05-19 19:26:00+00:00,702.1500244140625,702.4199829101562,702.0399780273438,702.3599243164062,68286,QQQ,1m
2026-05-19 19:27:00+00:00,702.3800048828125,702.75,702.219970703125,702.659912109375,86772,QQQ,1m
2026-05-19 19:28:00+00:00,702.6900024414062,703.0198974609375,702.6799926757812,702.8800048828125,64087,QQQ,1m
2026-05-19 19:29:00+00:00,702.8400268554688,702.9099731445312,702.5999755859375,702.8699951171875,38633,QQQ,1m
2026-05-19 19:30:00+00:00,702.8900146484375,703.030029296875,702.5300903320312,702.6599731445312,50101,QQQ,1m
2026-05-19 19:31:00+00:00,702.6799926757812,703.2698974609375,702.5549926757812,703.25,50929,QQQ,1m
2026-05-19 19:32:00+00:00,703.260009765625,703.4730224609375,703.1699829101562,703.4398803710938,58061,QQQ,1m
2026-05-19 19:33:00+00:00,703.4149780273438,703.530029296875,702.7150268554688,702.7498779296875,98077,QQQ,1m
2026-05-19 19:34:00+00:00,702.7301025390625,702.8400268554688,702.6099853515625,702.6400146484375,56471,QQQ,1m
2026-05-19 19:35:00+00:00,702.6599731445312,702.8599853515625,702.5,702.52001953125,69676,QQQ,1m
2026-05-19 19:36:00+00:00,702.5364990234375,702.7598876953125,702.0537719726562,702.0700073242188,87565,QQQ,1m
2026-05-19 19:37:00+00:00,702.0599975585938,702.27001953125,701.8790283203125,702.10498046875,140534,QQQ,1m
2026-05-19 19:38:00+00:00,702.159912109375,702.3699951171875,702.0,702.3250122070312,61307,QQQ,1m
2026-05-19 19:39:00+00:00,702.3699951171875,702.510009765625,702.1801147460938,702.280029296875,42789,QQQ,1m
2026-05-19 19:40:00+00:00,702.27001953125,702.3099975585938,701.9199829101562,702.010009765625,81510,QQQ,1m
2026-05-19 19:41:00+00:00,702.030029296875,702.2598876953125,701.780029296875,702.1500244140625,76844,QQQ,1m
2026-05-19 19:42:00+00:00,702.1500244140625,702.2999877929688,701.8300170898438,702.02001953125,58987,QQQ,1m
2026-05-19 19:43:00+00:00,702.0198974609375,702.0198974609375,701.760009765625,701.9249877929688,53270,QQQ,1m
2026-05-19 19:44:00+00:00,701.9299926757812,702.0679931640625,701.655029296875,701.75,90800,QQQ,1m
2026-05-19 19:45:00+00:00,701.77001953125,702.010009765625,701.3250122070312,701.4500122070312,121898,QQQ,1m
2026-05-19 19:46:00+00:00,701.4299926757812,701.6799926757812,701.3400268554688,701.659912109375,125843,QQQ,1m
2026-05-19 19:47:00+00:00,701.6599731445312,701.6799926757812,701.4099731445312,701.4199829101562,75198,QQQ,1m
2026-05-19 19:48:00+00:00,701.4099731445312,701.52001953125,701.2999877929688,701.4550170898438,103908,QQQ,1m
2026-05-19 19:49:00+00:00,701.489990234375,701.75,701.4000244140625,701.4600219726562,135516,QQQ,1m
2026-05-19 19:50:00+00:00,701.4600219726562,701.8599853515625,700.9099731445312,701.77001953125,191374,QQQ,1m
2026-05-19 19:51:00+00:00,701.7999877929688,701.8099975585938,700.9949951171875,701.0399780273438,175806,QQQ,1m
2026-05-19 19:52:00+00:00,701.0599975585938,701.47998046875,700.9401245117188,701.2999877929688,153590,QQQ,1m
2026-05-19 19:53:00+00:00,701.3099975585938,701.47998046875,701.0900268554688,701.1099853515625,138049,QQQ,1m
2026-05-19 19:54:00+00:00,701.0800170898438,701.1298828125,700.3499755859375,700.5499877929688,270083,QQQ,1m
2026-05-19 19:55:00+00:00,700.530029296875,700.8200073242188,700.2000122070312,700.8200073242188,467350,QQQ,1m
2026-05-19 19:56:00+00:00,700.8300170898438,701.010009765625,700.6599731445312,700.739990234375,461494,QQQ,1m
2026-05-19 19:57:00+00:00,700.7000122070312,701.0599975585938,700.5700073242188,701.010009765625,361178,QQQ,1m
2026-05-19 19:58:00+00:00,700.9749755859375,701.1610107421875,700.8200073242188,701.1599731445312,646527,QQQ,1m
2026-05-19 19:59:00+00:00,701.1649780273438,701.6699829101562,700.9849853515625,701.530029296875,1068478,QQQ,1m
2026-05-20 13:30:00+00:00,705.3200073242188,706.4000244140625,705.260009765625,705.9819946289062,1750556,QQQ,1m
2026-05-20 13:31:00+00:00,705.97998046875,706.8099975585938,705.8400268554688,706.2100219726562,198678,QQQ,1m
2026-05-20 13:32:00+00:00,706.239990234375,706.8099975585938,706.239990234375,706.7899780273438,298467,QQQ,1m
2026-05-20 13:33:00+00:00,706.7100219726562,707.2899780273438,706.6699829101562,707.0999755859375,157400,QQQ,1m
2026-05-20 13:34:00+00:00,707.1199951171875,707.1799926757812,706.6500244140625,706.8099975585938,86908,QQQ,1m
2026-05-20 13:35:00+00:00,706.77001953125,706.9600219726562,705.1099853515625,705.14501953125,152039,QQQ,1m
2026-05-20 13:36:00+00:00,705.1300048828125,705.239990234375,704.4199829101562,704.9000244140625,206336,QQQ,1m
2026-05-20 13:37:00+00:00,704.8800048828125,705.19189453125,704.25,705.1900024414062,173059,QQQ,1m
2026-05-20 13:38:00+00:00,705.1599731445312,705.52001953125,704.3903198242188,704.4650268554688,132210,QQQ,1m
2026-05-20 13:39:00+00:00,704.4400024414062,705.1799926757812,704.1099853515625,705.10009765625,100278,QQQ,1m
2026-05-20 13:40:00+00:00,705.1699829101562,706.389892578125,704.47998046875,706.3699951171875,148184,QQQ,1m
2026-05-20 13:41:00+00:00,706.4400024414062,706.739990234375,705.4415283203125,705.780029296875,157396,QQQ,1m
2026-05-20 13:42:00+00:00,705.8300170898438,706.3300170898438,705.6600952148438,706.2550048828125,91701,QQQ,1m
2026-05-20 13:43:00+00:00,706.280029296875,706.4299926757812,705.9500122070312,706.25,112986,QQQ,1m
2026-05-20 13:44:00+00:00,706.239990234375,707.3300170898438,705.75,706.9500122070312,166503,QQQ,1m
2026-05-20 13:45:00+00:00,707.0,707.4099731445312,706.5900268554688,706.72998046875,219585,QQQ,1m
2026-05-20 13:46:00+00:00,706.7100219726562,708.2000122070312,706.6199951171875,708.1799926757812,175063,QQQ,1m
2026-05-20 13:47:00+00:00,708.2100219726562,708.22998046875,707.5,707.6599731445312,80518,QQQ,1m
2026-05-20 13:48:00+00:00,707.610107421875,708.0,707.3099975585938,707.4598999023438,90564,QQQ,1m
2026-05-20 13:49:00+00:00,707.3400268554688,707.531005859375,706.3400268554688,706.75,102630,QQQ,1m
2026-05-20 13:50:00+00:00,706.719970703125,707.5250244140625,706.5499877929688,706.6099853515625,150315,QQQ,1m
2026-05-20 13:51:00+00:00,706.530029296875,706.530029296875,705.3099975585938,705.9949951171875,241461,QQQ,1m
2026-05-20 13:52:00+00:00,705.9600219726562,706.5999755859375,705.6699829101562,706.5999145507812,73806,QQQ,1m
2026-05-20 13:53:00+00:00,706.52001953125,707.1699829101562,706.468017578125,706.5098876953125,70871,QQQ,1m
2026-05-20 13:54:00+00:00,706.469970703125,706.7800903320312,705.1799926757812,705.5750122070312,245567,QQQ,1m
2026-05-20 13:55:00+00:00,705.5399780273438,705.869873046875,704.6599731445312,704.8499755859375,135094,QQQ,1m
2026-05-20 13:56:00+00:00,704.8300170898438,705.5045166015625,704.7313842773438,705.219970703125,70627,QQQ,1m
2026-05-20 13:57:00+00:00,705.219970703125,706.1599731445312,705.1599731445312,705.8400268554688,179696,QQQ,1m
2026-05-20 13:58:00+00:00,705.8699951171875,705.9586791992188,705.0399780273438,705.4099731445312,104184,QQQ,1m
2026-05-20 13:59:00+00:00,705.3300170898438,706.010009765625,705.27001953125,706.0,86947,QQQ,1m
2026-05-20 14:00:00+00:00,705.989990234375,706.1599731445312,705.5900268554688,706.0,116642,QQQ,1m
2026-05-20 14:01:00+00:00,706.0598754882812,706.4400024414062,705.719970703125,705.8599853515625,152528,QQQ,1m
2026-05-20 14:02:00+00:00,705.8900146484375,706.0399780273438,705.3599853515625,705.5001220703125,146474,QQQ,1m
2026-05-20 14:03:00+00:00,705.52001953125,705.9099731445312,705.0399780273438,705.2650146484375,137480,QQQ,1m
2026-05-20 14:04:00+00:00,705.3200073242188,705.7000122070312,705.2000732421875,705.4199829101562,93911,QQQ,1m
2026-05-20 14:05:00+00:00,705.3699951171875,705.47998046875,705.030029296875,705.2349853515625,39170,QQQ,1m
2026-05-20 14:06:00+00:00,705.27001953125,705.5800170898438,704.969970703125,705.5599975585938,92577,QQQ,1m
2026-05-20 14:07:00+00:00,705.5499877929688,705.8900146484375,705.3400268554688,705.7799072265625,83346,QQQ,1m
2026-05-20 14:08:00+00:00,705.7899780273438,705.9949951171875,705.6300048828125,705.8699951171875,123917,QQQ,1m
2026-05-20 14:09:00+00:00,705.8800048828125,706.0299072265625,705.1400146484375,705.405029296875,121430,QQQ,1m
2026-05-20 14:10:00+00:00,705.3599853515625,705.7999877929688,705.1002807617188,705.1002807617188,114249,QQQ,1m
2026-05-20 14:11:00+00:00,705.0999755859375,705.1599731445312,704.6500244140625,704.7349853515625,138176,QQQ,1m
2026-05-20 14:12:00+00:00,704.6699829101562,704.875,703.9500122070312,704.1688842773438,144862,QQQ,1m
2026-05-20 14:13:00+00:00,704.1099853515625,704.3400268554688,703.7899780273438,704.3400268554688,97635,QQQ,1m
2026-05-20 14:14:00+00:00,704.2150268554688,706.6500244140625,704.1199951171875,705.6699829101562,292691,QQQ,1m
2026-05-20 14:15:00+00:00,705.7899780273438,706.6898803710938,705.4000854492188,706.659912109375,100620,QQQ,1m
2026-05-20 14:16:00+00:00,706.6900024414062,708.6300048828125,706.3803100585938,708.6300048828125,271846,QQQ,1m
2026-05-20 14:17:00+00:00,708.6199951171875,709.155029296875,707.239990234375,707.3800048828125,282437,QQQ,1m
2026-05-20 14:18:00+00:00,707.3699951171875,707.8699951171875,707.02001953125,707.3399047851562,125161,QQQ,1m
2026-05-20 14:19:00+00:00,707.3250122070312,708.0399780273438,707.3250122070312,707.5650024414062,120443,QQQ,1m
2026-05-20 14:20:00+00:00,707.5700073242188,708.5800170898438,707.5700073242188,708.3499755859375,166387,QQQ,1m
2026-05-20 14:21:00+00:00,708.27001953125,708.8599243164062,707.6300048828125,708.8599243164062,164892,QQQ,1m
2026-05-20 14:22:00+00:00,708.8099975585938,709.0250244140625,708.4099731445312,708.5800170898438,182689,QQQ,1m
2026-05-20 14:23:00+00:00,708.6300048828125,708.7999877929688,707.7999877929688,707.844970703125,154205,QQQ,1m
2026-05-20 14:24:00+00:00,707.8599853515625,708.0999755859375,706.8701171875,707.010009765625,151717,QQQ,1m
2026-05-20 14:25:00+00:00,707.02001953125,707.4498901367188,706.4299926757812,707.405029296875,114611,QQQ,1m
2026-05-20 14:26:00+00:00,707.4401245117188,708.032470703125,707.2999877929688,707.8699951171875,88002,QQQ,1m
2026-05-20 14:27:00+00:00,707.8400268554688,708.239990234375,707.760009765625,708.1300048828125,120439,QQQ,1m
2026-05-20 14:28:00+00:00,708.0900268554688,708.2783203125,707.6799926757812,708.2783203125,35413,QQQ,1m
2026-05-20 14:29:00+00:00,708.2150268554688,708.6099853515625,708.0999755859375,708.6099853515625,58016,QQQ,1m
2026-05-20 14:30:00+00:00,708.5999755859375,709.5800170898438,708.5800170898438,709.364990234375,220884,QQQ,1m
2026-05-20 14:31:00+00:00,709.3200073242188,709.8900146484375,709.27001953125,709.6300048828125,141560,QQQ,1m
2026-05-20 14:32:00+00:00,709.6699829101562,709.8798828125,709.1900024414062,709.260009765625,139296,QQQ,1m
2026-05-20 14:33:00+00:00,709.219970703125,709.5098876953125,708.6500244140625,708.719970703125,193689,QQQ,1m
2026-05-20 14:34:00+00:00,708.739990234375,709.2830810546875,708.6099853515625,708.6600952148438,82444,QQQ,1m
2026-05-20 14:35:00+00:00,708.6400146484375,708.8699951171875,707.7999877929688,708.1400146484375,103137,QQQ,1m
2026-05-20 14:36:00+00:00,708.1500244140625,708.77001953125,708.0399780273438,708.6799926757812,49951,QQQ,1m
2026-05-20 14:37:00+00:00,708.739990234375,708.7899780273438,707.9500122070312,707.97998046875,119587,QQQ,1m
2026-05-20 14:38:00+00:00,707.9400024414062,708.52001953125,707.7899780273438,708.4299926757812,51926,QQQ,1m
2026-05-20 14:39:00+00:00,708.3900146484375,708.89501953125,708.3900146484375,708.4299926757812,31529,QQQ,1m
2026-05-20 14:40:00+00:00,708.3699951171875,708.8499145507812,708.0999755859375,708.6500854492188,31218,QQQ,1m
2026-05-20 14:41:00+00:00,708.6701049804688,708.780029296875,708.4600219726562,708.6599731445312,44458,QQQ,1m
2026-05-20 14:42:00+00:00,708.6799926757812,708.7000122070312,708.3101196289062,708.469970703125,26971,QQQ,1m
2026-05-20 14:43:00+00:00,708.4299926757812,708.5999755859375,708.280029296875,708.280029296875,30491,QQQ,1m
2026-05-20 14:44:00+00:00,708.405029296875,708.9400024414062,708.3400268554688,708.9400024414062,30992,QQQ,1m
2026-05-20 14:45:00+00:00,708.97998046875,709.22998046875,708.530029296875,708.77001953125,97098,QQQ,1m
2026-05-20 14:46:00+00:00,708.9450073242188,709.0300903320312,708.4199829101562,708.510009765625,112218,QQQ,1m
2026-05-20 14:47:00+00:00,708.52001953125,708.7100219726562,707.8101196289062,707.967529296875,44073,QQQ,1m
2026-05-20 14:48:00+00:00,707.9400024414062,708.5599975585938,707.9099731445312,708.4600219726562,42118,QQQ,1m
2026-05-20 14:49:00+00:00,708.47998046875,708.5499877929688,708.1749877929688,708.2899780273438,30649,QQQ,1m
2026-05-20 14:50:00+00:00,708.3250122070312,708.6199951171875,708.1799926757812,708.1799926757812,35520,QQQ,1m
2026-05-20 14:51:00+00:00,708.125,709.1199951171875,708.125,709.0599975585938,46122,QQQ,1m
2026-05-20 14:52:00+00:00,709.0999755859375,709.2100219726562,708.9099731445312,709.1400756835938,43607,QQQ,1m
2026-05-20 14:53:00+00:00,709.1900024414062,709.5999755859375,709.1599731445312,709.5850219726562,69079,QQQ,1m
2026-05-20 14:54:00+00:00,709.5499877929688,709.6599731445312,709.3900146484375,709.4199829101562,50931,QQQ,1m
2026-05-20 14:55:00+00:00,709.4299926757812,709.9600219726562,709.2000122070312,709.7780151367188,67080,QQQ,1m
2026-05-20 14:56:00+00:00,709.77001953125,709.9500122070312,709.7100219726562,709.9099731445312,51835,QQQ,1m
2026-05-20 14:57:00+00:00,709.9000244140625,710.1699829101562,709.697509765625,710.1300048828125,88934,QQQ,1m
2026-05-20 14:58:00+00:00,710.1279907226562,710.3099975585938,709.5599975585938,709.8300170898438,100698,QQQ,1m
2026-05-20 14:59:00+00:00,709.8400268554688,710.1300048828125,709.760009765625,709.905029296875,63529,QQQ,1m
2026-05-20 15:00:00+00:00,709.8400268554688,710.1112060546875,709.739990234375,709.97998046875,38740,QQQ,1m
2026-05-20 15:01:00+00:00,709.9600219726562,710.25,709.760009765625,710.2100219726562,28202,QQQ,1m
2026-05-20 15:02:00+00:00,710.2100219726562,710.3400268554688,709.760009765625,709.760009765625,58602,QQQ,1m
2026-05-20 15:03:00+00:00,709.719970703125,709.77001953125,709.2100830078125,709.22998046875,78870,QQQ,1m
2026-05-20 15:04:00+00:00,709.239990234375,709.5076293945312,709.1649780273438,709.3099975585938,83867,QQQ,1m
2026-05-20 15:05:00+00:00,709.280029296875,709.6798706054688,709.280029296875,709.6798706054688,28074,QQQ,1m
2026-05-20 15:06:00+00:00,709.6199951171875,709.885009765625,709.3499755859375,709.7645263671875,28403,QQQ,1m
2026-05-20 15:07:00+00:00,709.75,709.9398803710938,709.27001953125,709.2999877929688,37212,QQQ,1m
2026-05-20 15:08:00+00:00,709.3427124023438,709.6500244140625,709.2401123046875,709.6500244140625,37823,QQQ,1m
2026-05-20 15:09:00+00:00,709.6500244140625,709.8099975585938,709.5850219726562,709.77001953125,23544,QQQ,1m
2026-05-20 15:10:00+00:00,709.7301025390625,709.8599853515625,709.6950073242188,709.72998046875,17916,QQQ,1m
2026-05-20 15:11:00+00:00,709.7570190429688,709.9500122070312,709.6400146484375,709.9299926757812,23949,QQQ,1m
2026-05-20 15:12:00+00:00,709.8599853515625,709.9099731445312,709.6599731445312,709.760009765625,30528,QQQ,1m
2026-05-20 15:13:00+00:00,709.7100219726562,709.8200073242188,709.6599731445312,709.75,46862,QQQ,1m
2026-05-20 15:14:00+00:00,709.72998046875,709.7658081054688,709.469970703125,709.739990234375,24985,QQQ,1m
2026-05-20 15:15:00+00:00,709.72998046875,712.3900146484375,709.72998046875,711.780029296875,362700,QQQ,1m
2026-05-20 15:16:00+00:00,711.7000122070312,713.0999755859375,711.4400024414062,712.6099853515625,305005,QQQ,1m
2026-05-20 15:17:00+00:00,712.5800170898438,712.739990234375,710.989990234375,711.0499877929688,249927,QQQ,1m
2026-05-20 15:18:00+00:00,711.0800170898438,711.3900146484375,710.239990234375,711.1162109375,158691,QQQ,1m
2026-05-20 15:19:00+00:00,711.1500244140625,711.5800170898438,710.9199829101562,711.3200073242188,87706,QQQ,1m
2026-05-20 15:20:00+00:00,711.330078125,711.6699829101562,711.3200073242188,711.6199951171875,84965,QQQ,1m
2026-05-20 15:21:00+00:00,711.6199951171875,711.8699951171875,711.25,711.3499755859375,110343,QQQ,1m
2026-05-20 15:22:00+00:00,711.4000244140625,711.6400146484375,711.260009765625,711.4199829101562,39038,QQQ,1m
2026-05-20 15:23:00+00:00,711.4199829101562,711.6799926757812,711.1199951171875,711.22998046875,76538,QQQ,1m
2026-05-20 15:24:00+00:00,711.1849975585938,711.3499755859375,710.97998046875,711.1599731445312,45117,QQQ,1m
2026-05-20 15:25:00+00:00,711.1300048828125,711.3300170898438,710.8699951171875,711.030029296875,107704,QQQ,1m
2026-05-20 15:26:00+00:00,710.989990234375,711.1099853515625,710.719970703125,710.9600219726562,420288,QQQ,1m
2026-05-20 15:27:00+00:00,710.9550170898438,710.989990234375,710.5750122070312,710.7100219726562,46538,QQQ,1m
2026-05-20 15:28:00+00:00,710.6599731445312,711.010009765625,710.4949951171875,710.8400268554688,32807,QQQ,1m
2026-05-20 15:29:00+00:00,710.8200073242188,710.8699951171875,710.4400024414062,710.6300048828125,41529,QQQ,1m
2026-05-20 15:30:00+00:00,710.6298828125,711.0999755859375,710.4299926757812,711.0999755859375,121885,QQQ,1m
2026-05-20 15:31:00+00:00,711.1400146484375,711.1950073242188,710.7999877929688,711.1199951171875,51093,QQQ,1m
2026-05-20 15:32:00+00:00,711.14501953125,711.3499755859375,711.030029296875,711.1099853515625,47734,QQQ,1m
2026-05-20 15:33:00+00:00,711.1849975585938,711.2999877929688,710.989990234375,711.2200927734375,25503,QQQ,1m
2026-05-20 15:34:00+00:00,711.260009765625,711.4500122070312,711.0900268554688,711.4201049804688,62206,QQQ,1m
2026-05-20 15:35:00+00:00,711.4609985351562,711.6480102539062,711.3599853515625,711.5449829101562,68345,QQQ,1m
2026-05-20 15:36:00+00:00,711.5499877929688,711.6300048828125,711.3300170898438,711.469970703125,178491,QQQ,1m
2026-05-20 15:37:00+00:00,711.4349975585938,711.5900268554688,711.1300048828125,711.27001953125,66591,QQQ,1m
2026-05-20 15:38:00+00:00,711.2849731445312,711.3599853515625,711.1500244140625,711.219970703125,48498,QQQ,1m
2026-05-20 15:39:00+00:00,711.2050170898438,711.27001953125,711.030029296875,711.14501953125,36805,QQQ,1m
2026-05-20 15:40:00+00:00,711.1699829101562,711.3200073242188,710.8200073242188,710.9299926757812,53232,QQQ,1m
2026-05-20 15:41:00+00:00,710.9650268554688,711.1799926757812,710.9199829101562,711.15869140625,86285,QQQ,1m
2026-05-20 15:42:00+00:00,711.1199951171875,711.4000244140625,711.1199951171875,711.3300170898438,39697,QQQ,1m
2026-05-20 15:43:00+00:00,711.3300170898438,711.52001953125,711.0399780273438,711.1199951171875,45995,QQQ,1m
2026-05-20 15:44:00+00:00,711.1077270507812,711.3114013671875,711.0700073242188,711.2927856445312,48343,QQQ,1m
2026-05-20 15:45:00+00:00,711.3099975585938,711.6480102539062,711.2540283203125,711.5800170898438,52930,QQQ,1m
2026-05-20 15:46:00+00:00,711.625,711.8099975585938,711.5200805664062,711.77001953125,36014,QQQ,1m
2026-05-20 15:47:00+00:00,711.760009765625,711.7999877929688,711.5900268554688,711.719970703125,74037,QQQ,1m
2026-05-20 15:48:00+00:00,711.6799926757812,711.7899780273438,711.469970703125,711.6300048828125,19088,QQQ,1m
2026-05-20 15:49:00+00:00,711.594970703125,711.9199829101562,711.5599975585938,711.8991088867188,122769,QQQ,1m
2026-05-20 15:50:00+00:00,711.9000244140625,711.97998046875,711.8499755859375,711.8599853515625,56493,QQQ,1m
2026-05-20 15:51:00+00:00,711.8699951171875,712.1749877929688,711.8699951171875,712.10498046875,83251,QQQ,1m
2026-05-20 15:52:00+00:00,712.0900268554688,712.219970703125,711.9000244140625,712.1699829101562,87734,QQQ,1m
2026-05-20 15:53:00+00:00,712.1599731445312,712.169921875,711.6699829101562,711.7299194335938,80811,QQQ,1m
2026-05-20 15:54:00+00:00,711.739990234375,711.969970703125,711.6400146484375,711.9199829101562,67667,QQQ,1m
2026-05-20 15:55:00+00:00,711.9400024414062,711.989990234375,711.77001953125,711.9099731445312,45778,QQQ,1m
2026-05-20 15:56:00+00:00,711.8900146484375,712.0700073242188,711.8375244140625,712.02001953125,110087,QQQ,1m
2026-05-20 15:57:00+00:00,712.010009765625,712.010009765625,710.9600219726562,711.2899780273438,205792,QQQ,1m
2026-05-20 15:58:00+00:00,711.27001953125,711.5800170898438,711.0700073242188,711.5299072265625,78846,QQQ,1m
2026-05-20 15:59:00+00:00,711.5150146484375,711.6400146484375,711.3499755859375,711.5701293945312,75028,QQQ,1m
2026-05-20 16:00:00+00:00,711.6099853515625,711.7000122070312,711.3699951171875,711.4500122070312,39597,QQQ,1m
2026-05-20 16:01:00+00:00,711.5,711.6500244140625,711.4600219726562,711.5662841796875,21487,QQQ,1m
2026-05-20 16:02:00+00:00,711.5499877929688,711.60009765625,711.4199829101562,711.5549926757812,8666,QQQ,1m
2026-05-20 16:03:00+00:00,711.510009765625,711.510009765625,710.860107421875,710.860107421875,29870,QQQ,1m
2026-05-20 16:04:00+00:00,710.8800048828125,711.260009765625,710.8699951171875,711.2000122070312,27944,QQQ,1m
2026-05-20 16:05:00+00:00,711.2100219726562,711.4299926757812,711.1539916992188,711.375,26061,QQQ,1m
2026-05-20 16:06:00+00:00,711.385009765625,711.4600219726562,711.239990234375,711.39501953125,16051,QQQ,1m
2026-05-20 16:07:00+00:00,711.4000244140625,711.47998046875,711.2899780273438,711.4299926757812,14901,QQQ,1m
2026-05-20 16:08:00+00:00,711.4249877929688,711.4400024414062,710.8300170898438,710.8699951171875,73829,QQQ,1m
2026-05-20 16:09:00+00:00,710.8800048828125,711.1135864257812,710.8250122070312,711.1135864257812,20264,QQQ,1m
2026-05-20 16:10:00+00:00,711.1099853515625,711.27001953125,711.0399780273438,711.2299194335938,39327,QQQ,1m
2026-05-20 16:11:00+00:00,711.2150268554688,711.280029296875,710.719970703125,710.77001953125,26853,QQQ,1m
2026-05-20 16:12:00+00:00,710.780029296875,710.7999877929688,710.5,710.7849731445312,51018,QQQ,1m
2026-05-20 16:13:00+00:00,710.7899780273438,711.0900268554688,710.780029296875,711.0252075195312,75381,QQQ,1m
2026-05-20 16:14:00+00:00,710.9500122070312,711.0399780273438,710.7449951171875,710.8049926757812,25360,QQQ,1m
2026-05-20 16:15:00+00:00,710.7849731445312,710.7999877929688,710.1699829101562,710.3098754882812,49325,QQQ,1m
2026-05-20 16:16:00+00:00,710.280029296875,710.3599853515625,710.0499877929688,710.35498046875,63825,QQQ,1m
2026-05-20 16:17:00+00:00,710.3400268554688,710.4400024414062,710.2000122070312,710.22998046875,67855,QQQ,1m
2026-05-20 16:18:00+00:00,710.219970703125,710.2999267578125,710.030029296875,710.1099853515625,96718,QQQ,1m
2026-05-20 16:19:00+00:00,710.0999755859375,710.0999755859375,709.5499877929688,709.81298828125,71219,QQQ,1m
2026-05-20 16:20:00+00:00,709.8298950195312,710.02001953125,709.2750244140625,709.4299926757812,182458,QQQ,1m
2026-05-20 16:21:00+00:00,709.3699951171875,709.47998046875,709.0499877929688,709.2100219726562,89443,QQQ,1m
2026-05-20 16:22:00+00:00,709.2100219726562,709.6699829101562,709.2000122070312,709.4199829101562,107814,QQQ,1m
2026-05-20 16:23:00+00:00,709.4199829101562,709.8200073242188,709.280029296875,709.610107421875,51849,QQQ,1m
2026-05-20 16:24:00+00:00,709.6699829101562,709.7000122070312,709.1199951171875,709.3599853515625,107634,QQQ,1m
2026-05-20 16:25:00+00:00,709.280029296875,709.280029296875,708.6099853515625,709.101806640625,108626,QQQ,1m
2026-05-20 16:26:00+00:00,709.0599975585938,709.3099975585938,708.8099975585938,708.97998046875,59093,QQQ,1m
2026-05-20 16:27:00+00:00,709.0,709.4299926757812,708.8497924804688,709.25,59165,QQQ,1m
2026-05-20 16:28:00+00:00,709.2849731445312,709.2899780273438,708.8699951171875,708.9199829101562,48998,QQQ,1m
2026-05-20 16:29:00+00:00,708.9299926757812,709.3200073242188,708.7349853515625,709.27001953125,34714,QQQ,1m
2026-05-20 16:30:00+00:00,709.3200073242188,709.4000244140625,709.010009765625,709.3200073242188,42702,QQQ,1m
2026-05-20 16:31:00+00:00,709.3250122070312,709.7100219726562,709.219970703125,709.6749267578125,59860,QQQ,1m
2026-05-20 16:32:00+00:00,709.7000122070312,709.989990234375,709.2714233398438,709.4298706054688,90542,QQQ,1m
2026-05-20 16:33:00+00:00,709.4299926757812,709.4400024414062,708.989990234375,709.0780029296875,46991,QQQ,1m
2026-05-20 16:34:00+00:00,709.1400146484375,709.3099975585938,708.9500122070312,709.1950073242188,36344,QQQ,1m
2026-05-20 16:35:00+00:00,709.2000122070312,709.2899169921875,709.0399780273438,709.1199951171875,40840,QQQ,1m
2026-05-20 16:36:00+00:00,709.1439819335938,709.5399780273438,709.0800170898438,709.5250244140625,67390,QQQ,1m
2026-05-20 16:37:00+00:00,709.5198974609375,709.5399169921875,708.969970703125,709.0770263671875,72907,QQQ,1m
2026-05-20 16:38:00+00:00,709.0820922851562,709.658203125,709.010009765625,709.6300048828125,27380,QQQ,1m
2026-05-20 16:39:00+00:00,709.6599731445312,709.6900024414062,709.22998046875,709.22998046875,72641,QQQ,1m
2026-05-20 16:40:00+00:00,709.22998046875,709.625,709.135009765625,709.625,30057,QQQ,1m
2026-05-20 16:41:00+00:00,709.6298828125,710.1500244140625,709.510009765625,710.1259765625,84553,QQQ,1m
2026-05-20 16:42:00+00:00,710.1099853515625,710.2999877929688,709.9500122070312,710.0883178710938,51614,QQQ,1m
2026-05-20 16:43:00+00:00,710.052978515625,710.5615844726562,709.8400268554688,710.427978515625,59413,QQQ,1m
2026-05-20 16:44:00+00:00,710.4323120117188,710.5499877929688,710.1500244140625,710.5499877929688,68624,QQQ,1m
2026-05-20 16:45:00+00:00,710.5700073242188,710.7000122070312,710.2150268554688,710.22998046875,71005,QQQ,1m
2026-05-20 16:46:00+00:00,710.2100219726562,710.72998046875,710.2100219726562,710.5599975585938,29905,QQQ,1m
2026-05-20 16:47:00+00:00,710.5499877929688,710.6500244140625,709.97998046875,710.0599975585938,63680,QQQ,1m
2026-05-20 16:48:00+00:00,710.0399780273438,710.1300048828125,709.3250122070312,709.4000244140625,227204,QQQ,1m
2026-05-20 16:49:00+00:00,709.3300170898438,709.739990234375,709.280029296875,709.7199096679688,51113,QQQ,1m
2026-05-20 16:50:00+00:00,709.8200073242188,709.9998779296875,709.6500244140625,709.75,46742,QQQ,1m
2026-05-20 16:51:00+00:00,709.77001953125,710.0800170898438,709.760009765625,709.8200073242188,64124,QQQ,1m
2026-05-20 16:52:00+00:00,709.8900146484375,710.0599975585938,709.7949829101562,709.8350219726562,31073,QQQ,1m
2026-05-20 16:53:00+00:00,709.8200073242188,710.030029296875,709.7100219726562,709.8499755859375,32482,QQQ,1m
2026-05-20 16:54:00+00:00,709.8300170898438,710.1099853515625,709.8300170898438,710.0499877929688,33300,QQQ,1m
2026-05-20 16:55:00+00:00,710.0599975585938,710.0800170898438,709.780029296875,709.8400268554688,31864,QQQ,1m
2026-05-20 16:56:00+00:00,709.8599853515625,709.8800048828125,709.530029296875,709.8099975585938,30656,QQQ,1m
2026-05-20 16:57:00+00:00,709.6300048828125,709.6599731445312,709.0999755859375,709.1900024414062,43350,QQQ,1m
2026-05-20 16:58:00+00:00,709.1500244140625,709.5349731445312,709.0101928710938,709.5003051757812,63218,QQQ,1m
2026-05-20 16:59:00+00:00,709.5,710.1900024414062,709.5,709.9099731445312,54105,QQQ,1m
2026-05-20 17:00:00+00:00,709.9600219726562,710.2100219726562,709.5499877929688,709.969970703125,87518,QQQ,1m
2026-05-20 17:01:00+00:00,709.9500122070312,710.280029296875,709.9099731445312,710.280029296875,37468,QQQ,1m
2026-05-20 17:02:00+00:00,710.206787109375,710.4199829101562,709.8699951171875,710.0599975585938,196253,QQQ,1m
2026-05-20 17:03:00+00:00,710.1300048828125,710.1688842773438,709.8400268554688,709.97998046875,18897,QQQ,1m
2026-05-20 17:04:00+00:00,709.9940185546875,709.9940185546875,709.5,709.5609741210938,23834,QQQ,1m
2026-05-20 17:05:00+00:00,709.5700073242188,709.6900024414062,709.280029296875,709.52001953125,36208,QQQ,1m
2026-05-20 17:06:00+00:00,709.5399780273438,709.8250122070312,709.469970703125,709.7949829101562,41043,QQQ,1m
2026-05-20 17:07:00+00:00,709.72998046875,709.7999877929688,709.5700073242188,709.5700073242188,16999,QQQ,1m
2026-05-20 17:08:00+00:00,709.5700073242188,709.594970703125,709.3200073242188,709.4400024414062,77673,QQQ,1m
2026-05-20 17:09:00+00:00,709.4000244140625,709.52001953125,709.35498046875,709.4600219726562,42330,QQQ,1m
2026-05-20 17:10:00+00:00,709.48876953125,709.6099853515625,709.0999755859375,709.5850219726562,61832,QQQ,1m
2026-05-20 17:11:00+00:00,709.6300048828125,709.7999877929688,709.47998046875,709.7150268554688,34238,QQQ,1m
2026-05-20 17:12:00+00:00,709.7050170898438,709.8599853515625,709.4299926757812,709.739990234375,22042,QQQ,1m
2026-05-20 17:13:00+00:00,709.7899780273438,710.8800048828125,709.719970703125,710.25,174066,QQQ,1m
2026-05-20 17:14:00+00:00,710.3499755859375,710.5599975585938,710.2100219726562,710.4600219726562,50715,QQQ,1m
2026-05-20 17:15:00+00:00,710.4500122070312,710.489990234375,710.1749877929688,710.25,29267,QQQ,1m
2026-05-20 17:16:00+00:00,710.2999877929688,710.5894775390625,709.989990234375,710.0,21886,QQQ,1m
2026-05-20 17:17:00+00:00,710.0399780273438,710.219970703125,709.9000244140625,710.0250244140625,27101,QQQ,1m
2026-05-20 17:18:00+00:00,710.02001953125,710.5599975585938,710.02001953125,710.49951171875,28263,QQQ,1m
2026-05-20 17:19:00+00:00,710.4810180664062,710.510009765625,710.239990234375,710.2899780273438,29965,QQQ,1m
2026-05-20 17:20:00+00:00,710.2849731445312,710.5399780273438,710.2100219726562,710.530029296875,32932,QQQ,1m
2026-05-20 17:21:00+00:00,710.5599975585938,710.7000122070312,710.2100219726562,710.22998046875,42124,QQQ,1m
2026-05-20 17:22:00+00:00,710.219970703125,710.2999877929688,710.0700073242188,710.1900024414062,25905,QQQ,1m
2026-05-20 17:23:00+00:00,710.1950073242188,710.2449951171875,710.0399780273438,710.0650024414062,15308,QQQ,1m
2026-05-20 17:24:00+00:00,710.030029296875,710.1500244140625,709.9299926757812,710.0999755859375,30176,QQQ,1m
2026-05-20 17:25:00+00:00,710.1099853515625,710.2949829101562,710.0316772460938,710.1199951171875,31614,QQQ,1m
2026-05-20 17:26:00+00:00,710.1500244140625,710.489990234375,710.1199951171875,710.4000244140625,51720,QQQ,1m
2026-05-20 17:27:00+00:00,710.4000244140625,710.7711791992188,710.3510131835938,710.7550048828125,47486,QQQ,1m
2026-05-20 17:28:00+00:00,710.7999877929688,710.8699951171875,710.5399780273438,710.635009765625,34043,QQQ,1m
2026-05-20 17:29:00+00:00,710.6199951171875,710.9500122070312,710.4500122070312,710.6799926757812,77794,QQQ,1m
2026-05-20 17:30:00+00:00,710.7100219726562,711.010009765625,710.6220092773438,710.6220092773438,49244,QQQ,1m
2026-05-20 17:31:00+00:00,710.6179809570312,710.8200073242188,710.510009765625,710.7150268554688,44806,QQQ,1m
2026-05-20 17:32:00+00:00,710.7100219726562,710.7100219726562,710.3400268554688,710.47998046875,27372,QQQ,1m
2026-05-20 17:33:00+00:00,710.4149780273438,710.5399780273438,710.177978515625,710.3400268554688,29805,QQQ,1m
2026-05-20 17:34:00+00:00,710.3400268554688,710.5499877929688,710.3300170898438,710.4998779296875,32597,QQQ,1m
2026-05-20 17:35:00+00:00,710.4600219726562,710.8798828125,710.3800048828125,710.8400268554688,51354,QQQ,1m
2026-05-20 17:36:00+00:00,710.8699951171875,711.4400024414062,710.8200073242188,711.1400146484375,134804,QQQ,1m
2026-05-20 17:37:00+00:00,711.1599731445312,711.2899780273438,710.9000244140625,710.9201049804688,62760,QQQ,1m
2026-05-20 17:38:00+00:00,710.9000244140625,711.0700073242188,710.7849731445312,710.8499755859375,27942,QQQ,1m
2026-05-20 17:39:00+00:00,710.8200073242188,711.0499877929688,710.8200073242188,710.989990234375,33274,QQQ,1m
2026-05-20 17:40:00+00:00,710.9749755859375,710.9749755859375,710.6900024414062,710.7000732421875,158169,QQQ,1m
2026-05-20 17:41:00+00:00,710.6900024414062,710.8101196289062,710.5800170898438,710.780029296875,19864,QQQ,1m
2026-05-20 17:42:00+00:00,710.7999267578125,711.0198974609375,710.7609252929688,710.9700927734375,26065,QQQ,1m
2026-05-20 17:43:00+00:00,710.9301147460938,710.9500122070312,710.7869873046875,710.9349975585938,35466,QQQ,1m
2026-05-20 17:44:00+00:00,710.9500122070312,711.0349731445312,710.8300170898438,710.8900146484375,16308,QQQ,1m
2026-05-20 17:45:00+00:00,710.9000244140625,711.0239868164062,710.8795166015625,710.8900146484375,11811,QQQ,1m
2026-05-20 17:46:00+00:00,710.905029296875,711.0700073242188,710.8599853515625,710.9500122070312,37238,QQQ,1m
2026-05-20 17:47:00+00:00,710.9550170898438,710.989990234375,710.719970703125,710.7890014648438,38163,QQQ,1m
2026-05-20 17:48:00+00:00,710.780029296875,710.8685913085938,710.5449829101562,710.6400146484375,32390,QQQ,1m
2026-05-20 17:49:00+00:00,710.6599731445312,710.8499755859375,710.6500244140625,710.8298950195312,31871,QQQ,1m
2026-05-20 17:50:00+00:00,710.8099975585938,710.9010009765625,710.6099853515625,710.6300048828125,14410,QQQ,1m
2026-05-20 17:51:00+00:00,710.6699829101562,710.969482421875,710.6199951171875,710.8499755859375,34398,QQQ,1m
2026-05-20 17:52:00+00:00,710.8599853515625,710.8699951171875,710.469970703125,710.47998046875,48944,QQQ,1m
2026-05-20 17:53:00+00:00,710.510009765625,710.7401123046875,710.4901123046875,710.5800170898438,36990,QQQ,1m
2026-05-20 17:54:00+00:00,710.5599975585938,710.719970703125,710.4700927734375,710.4700927734375,43394,QQQ,1m
2026-05-20 17:55:00+00:00,710.47998046875,710.614990234375,710.4100952148438,710.5399780273438,24917,QQQ,1m
2026-05-20 17:56:00+00:00,710.614990234375,710.8800048828125,710.5999755859375,710.6599731445312,19751,QQQ,1m
2026-05-20 17:57:00+00:00,710.6799926757812,710.7698974609375,710.5300903320312,710.5900268554688,426407,QQQ,1m
2026-05-20 17:58:00+00:00,710.5850219726562,710.780029296875,710.5399780273438,710.719970703125,41771,QQQ,1m
2026-05-20 17:59:00+00:00,710.7100219726562,710.9099731445312,710.7100219726562,710.8800048828125,25763,QQQ,1m
2026-05-20 18:00:00+00:00,710.9000244140625,711.2000122070312,710.2603149414062,711.2000122070312,144167,QQQ,1m
2026-05-20 18:01:00+00:00,711.1500244140625,711.1799926757812,710.9199829101562,711.1799926757812,36347,QQQ,1m
2026-05-20 18:02:00+00:00,711.2000122070312,711.3250122070312,711.0700073242188,711.1799926757812,58424,QQQ,1m
2026-05-20 18:03:00+00:00,711.1749877929688,711.3200073242188,711.155029296875,711.260009765625,101919,QQQ,1m
2026-05-20 18:04:00+00:00,711.27001953125,711.3300170898438,711.1099853515625,711.3110961914062,30262,QQQ,1m
2026-05-20 18:05:00+00:00,711.2999877929688,711.3200073242188,710.97998046875,711.1400146484375,47274,QQQ,1m
2026-05-20 18:06:00+00:00,711.1209716796875,711.239990234375,711.030029296875,711.0830078125,42596,QQQ,1m
2026-05-20 18:07:00+00:00,711.0900268554688,711.4299926757812,711.0750122070312,711.3099975585938,21693,QQQ,1m
2026-05-20 18:08:00+00:00,711.3170166015625,711.3599853515625,711.0599975585938,711.0650024414062,43559,QQQ,1m
2026-05-20 18:09:00+00:00,711.125,711.2299194335938,711.0900268554688,711.1400146484375,10620,QQQ,1m
2026-05-20 18:10:00+00:00,711.1599731445312,711.2899780273438,710.989990234375,711.2100219726562,36571,QQQ,1m
2026-05-20 18:11:00+00:00,711.1699829101562,711.2100219726562,711.030029296875,711.0659790039062,19975,QQQ,1m
2026-05-20 18:12:00+00:00,711.030029296875,711.0650024414062,710.7899780273438,710.8599853515625,26206,QQQ,1m
2026-05-20 18:13:00+00:00,710.85009765625,711.0399780273438,710.8499755859375,711.0399780273438,38089,QQQ,1m
2026-05-20 18:14:00+00:00,711.0050048828125,711.091796875,710.9199829101562,711.02001953125,17169,QQQ,1m
2026-05-20 18:15:00+00:00,710.9400024414062,711.1199951171875,710.9400024414062,710.97998046875,24901,QQQ,1m
2026-05-20 18:16:00+00:00,710.97998046875,711.219970703125,710.885009765625,711.1300048828125,47526,QQQ,1m
2026-05-20 18:17:00+00:00,711.135009765625,711.2100219726562,711.0599975585938,711.1099853515625,36286,QQQ,1m
2026-05-20 18:18:00+00:00,711.1099853515625,711.142822265625,710.7899780273438,710.8699951171875,38123,QQQ,1m
2026-05-20 18:19:00+00:00,710.9000244140625,710.9450073242188,710.844970703125,710.9450073242188,29373,QQQ,1m
2026-05-20 18:20:00+00:00,710.9400024414062,711.0792846679688,710.739990234375,710.77001953125,36643,QQQ,1m
2026-05-20 18:21:00+00:00,710.75,710.9000244140625,710.6697998046875,710.9000244140625,40344,QQQ,1m
2026-05-20 18:22:00+00:00,710.8800048828125,710.8800048828125,710.6950073242188,710.7550048828125,28051,QQQ,1m
2026-05-20 18:23:00+00:00,710.77001953125,710.8900146484375,710.7100219726562,710.8599853515625,56553,QQQ,1m
2026-05-20 18:24:00+00:00,710.8300170898438,710.8400268554688,710.3099975585938,710.3900146484375,69751,QQQ,1m
2026-05-20 18:25:00+00:00,710.3400268554688,710.739990234375,710.29248046875,710.3499755859375,63040,QQQ,1m
2026-05-20 18:26:00+00:00,710.3599853515625,710.639892578125,710.3400268554688,710.5999755859375,32944,QQQ,1m
2026-05-20 18:27:00+00:00,710.5599975585938,710.6500244140625,710.4299926757812,710.6500244140625,83600,QQQ,1m
2026-05-20 18:28:00+00:00,710.635009765625,710.8099975585938,710.5900268554688,710.6500244140625,23217,QQQ,1m
2026-05-20 18:29:00+00:00,710.6799926757812,710.9550170898438,710.6099853515625,710.9500122070312,287052,QQQ,1m
2026-05-20 18:30:00+00:00,710.9500122070312,711.1699829101562,710.9500122070312,711.114990234375,32498,QQQ,1m
2026-05-20 18:31:00+00:00,711.119873046875,711.2098999023438,711.0800170898438,711.1400146484375,23028,QQQ,1m
2026-05-20 18:32:00+00:00,711.1199951171875,711.1400146484375,710.9299926757812,710.9600830078125,50790,QQQ,1m
2026-05-20 18:33:00+00:00,710.97998046875,710.9849853515625,710.8099975585938,710.9099731445312,18945,QQQ,1m
2026-05-20 18:34:00+00:00,710.9299926757812,711.0850219726562,710.8800048828125,711.0700073242188,33933,QQQ,1m
2026-05-20 18:35:00+00:00,711.0700073242188,711.1898803710938,711.030029296875,711.1500244140625,36050,QQQ,1m
2026-05-20 18:36:00+00:00,711.14501953125,711.219970703125,711.1099853515625,711.1599731445312,55146,QQQ,1m
2026-05-20 18:37:00+00:00,711.1400146484375,711.5999755859375,711.1400146484375,711.5999755859375,55248,QQQ,1m
2026-05-20 18:38:00+00:00,711.5900268554688,711.719970703125,711.5800170898438,711.6900024414062,48301,QQQ,1m
2026-05-20 18:39:00+00:00,711.6900024414062,711.9000244140625,711.6201171875,711.6201171875,57862,QQQ,1m
2026-05-20 18:40:00+00:00,711.6599731445312,711.719970703125,711.469970703125,711.5,39713,QQQ,1m
2026-05-20 18:41:00+00:00,711.47998046875,711.5700073242188,711.3900146484375,711.47998046875,40111,QQQ,1m
2026-05-20 18:42:00+00:00,711.4600219726562,711.530029296875,711.239990234375,711.280029296875,113943,QQQ,1m
2026-05-20 18:43:00+00:00,711.25,711.4400024414062,711.0,711.2999267578125,62576,QQQ,1m
2026-05-20 18:44:00+00:00,711.2999877929688,711.3400268554688,710.739990234375,710.760009765625,41149,QQQ,1m
2026-05-20 18:45:00+00:00,710.739990234375,711.2000122070312,710.6599731445312,711.0098876953125,69998,QQQ,1m
2026-05-20 18:46:00+00:00,711.0,711.0700073242188,710.7880249023438,711.0499877929688,54153,QQQ,1m
2026-05-20 18:47:00+00:00,711.0399780273438,711.0499877929688,710.8150024414062,710.830078125,28220,QQQ,1m
2026-05-20 18:48:00+00:00,710.7899780273438,711.0700073242188,710.760009765625,711.0499877929688,28904,QQQ,1m
2026-05-20 18:49:00+00:00,711.0650024414062,711.1486206054688,710.9000244140625,710.9000244140625,27002,QQQ,1m
2026-05-20 18:50:00+00:00,710.9000244140625,711.0698852539062,710.72998046875,710.77001953125,42430,QQQ,1m
2026-05-20 18:51:00+00:00,710.760009765625,710.7949829101562,710.5599975585938,710.6199951171875,53626,QQQ,1m
2026-05-20 18:52:00+00:00,710.6400146484375,710.948486328125,710.6400146484375,710.9099731445312,31251,QQQ,1m
2026-05-20 18:53:00+00:00,710.9000854492188,711.0800170898438,710.864990234375,711.0775146484375,23783,QQQ,1m
2026-05-20 18:54:00+00:00,711.0800170898438,711.0999755859375,710.760009765625,710.760009765625,24512,QQQ,1m
2026-05-20 18:55:00+00:00,710.7849731445312,711.1500244140625,710.780029296875,711.094970703125,54300,QQQ,1m
2026-05-20 18:56:00+00:00,711.0800170898438,711.1099853515625,710.860107421875,710.9099731445312,30511,QQQ,1m
2026-05-20 18:57:00+00:00,710.9401245117188,711.0289916992188,710.7890014648438,710.9450073242188,18599,QQQ,1m
2026-05-20 18:58:00+00:00,710.9199829101562,710.969970703125,710.8499755859375,710.9400024414062,19940,QQQ,1m
2026-05-20 18:59:00+00:00,710.9450073242188,710.97998046875,710.77001953125,710.8300170898438,15406,QQQ,1m
2026-05-20 19:00:00+00:00,710.8599853515625,711.369873046875,710.8300170898438,711.369873046875,37634,QQQ,1m
2026-05-20 19:01:00+00:00,711.3599853515625,711.510009765625,711.3099975585938,711.3900146484375,51056,QQQ,1m
2026-05-20 19:02:00+00:00,711.4000244140625,711.4598999023438,711.260009765625,711.3300170898438,39361,QQQ,1m
2026-05-20 19:03:00+00:00,711.3300170898438,711.3300170898438,710.9099731445312,710.9600219726562,54049,QQQ,1m
2026-05-20 19:04:00+00:00,710.969970703125,711.1799926757812,710.9401245117188,711.0700073242188,45285,QQQ,1m
2026-05-20 19:05:00+00:00,711.0552978515625,711.1500244140625,710.8599853515625,711.0050048828125,48024,QQQ,1m
2026-05-20 19:06:00+00:00,711.0,711.3400268554688,710.8699951171875,711.3250122070312,43902,QQQ,1m
2026-05-20 19:07:00+00:00,711.302490234375,711.3474731445312,711.0999755859375,711.3200073242188,137557,QQQ,1m
2026-05-20 19:08:00+00:00,711.2999877929688,711.3400268554688,711.1799926757812,711.2307739257812,30192,QQQ,1m
2026-05-20 19:09:00+00:00,711.239990234375,711.3200073242188,711.1900024414062,711.2698974609375,44872,QQQ,1m
2026-05-20 19:10:00+00:00,711.2550048828125,711.3699951171875,711.1400146484375,711.330078125,36066,QQQ,1m
2026-05-20 19:11:00+00:00,711.3599853515625,711.4151000976562,711.2916870117188,711.4000244140625,29214,QQQ,1m
2026-05-20 19:12:00+00:00,711.4099731445312,711.5599975585938,711.3709716796875,711.5399780273438,34894,QQQ,1m
2026-05-20 19:13:00+00:00,711.5499877929688,711.6400146484375,711.52001953125,711.5601196289062,29666,QQQ,1m
2026-05-20 19:14:00+00:00,711.5599975585938,711.739990234375,711.5499877929688,711.719970703125,38077,QQQ,1m
2026-05-20 19:15:00+00:00,711.719970703125,711.9899291992188,711.7000122070312,711.8099975585938,68725,QQQ,1m
2026-05-20 19:16:00+00:00,711.7899780273438,711.9099731445312,711.6199951171875,711.8900146484375,72422,QQQ,1m
2026-05-20 19:17:00+00:00,711.8900146484375,711.9299926757812,711.6699829101562,711.7000122070312,33919,QQQ,1m
2026-05-20 19:18:00+00:00,711.6851196289062,711.8900146484375,711.6300048828125,711.8201293945312,148391,QQQ,1m
2026-05-20 19:19:00+00:00,711.7951049804688,711.8900146484375,711.7000122070312,711.760009765625,37166,QQQ,1m
2026-05-20 19:20:00+00:00,711.77001953125,711.7999877929688,711.6699829101562,711.7349853515625,38427,QQQ,1m
2026-05-20 19:21:00+00:00,711.72998046875,711.844970703125,711.6950073242188,711.77001953125,50734,QQQ,1m
2026-05-20 19:22:00+00:00,711.7999877929688,711.9000244140625,711.760009765625,711.780029296875,31537,QQQ,1m
2026-05-20 19:23:00+00:00,711.7899780273438,711.989990234375,711.780029296875,711.9600219726562,107487,QQQ,1m
2026-05-20 19:24:00+00:00,711.9500122070312,712.02001953125,711.8049926757812,711.8499755859375,44227,QQQ,1m
2026-05-20 19:25:00+00:00,711.8699951171875,712.010009765625,711.780029296875,711.8402709960938,95947,QQQ,1m
2026-05-20 19:26:00+00:00,711.8499755859375,711.8599853515625,711.5900268554688,711.6599731445312,57322,QQQ,1m
2026-05-20 19:27:00+00:00,711.6599731445312,711.780029296875,711.5499877929688,711.6699829101562,37412,QQQ,1m
2026-05-20 19:28:00+00:00,711.6599731445312,711.7999877929688,711.6599731445312,711.719970703125,54652,QQQ,1m
2026-05-20 19:29:00+00:00,711.72998046875,711.8300170898438,711.6649780273438,711.8099975585938,28659,QQQ,1m
2026-05-20 19:30:00+00:00,711.8099975585938,711.9400024414062,711.581787109375,711.5850219726562,42963,QQQ,1m
2026-05-20 19:31:00+00:00,711.5700073242188,711.7100219726562,711.489990234375,711.6799926757812,50724,QQQ,1m
2026-05-20 19:32:00+00:00,711.6799926757812,711.8300170898438,711.6699829101562,711.7000122070312,38482,QQQ,1m
2026-05-20 19:33:00+00:00,711.6901245117188,711.9400024414062,711.610107421875,711.9099731445312,142427,QQQ,1m
2026-05-20 19:34:00+00:00,711.9450073242188,711.9600219726562,711.7800903320312,711.8099975585938,54465,QQQ,1m
2026-05-20 19:35:00+00:00,711.7949829101562,711.989990234375,711.7799072265625,711.8900146484375,42308,QQQ,1m
2026-05-20 19:36:00+00:00,711.8900146484375,712.02001953125,711.8099975585938,711.8300170898438,43997,QQQ,1m
2026-05-20 19:37:00+00:00,711.8300170898438,711.969970703125,711.5999755859375,711.969970703125,61455,QQQ,1m
2026-05-20 19:38:00+00:00,711.989990234375,712.1699829101562,711.9600219726562,712.1500244140625,61223,QQQ,1m
2026-05-20 19:39:00+00:00,712.1500244140625,712.6699829101562,712.0900268554688,712.260009765625,178512,QQQ,1m
2026-05-20 19:40:00+00:00,712.27001953125,712.3400268554688,712.0599975585938,712.1749877929688,86873,QQQ,1m
2026-05-20 19:41:00+00:00,712.1749877929688,712.1900024414062,711.97998046875,712.1099853515625,73772,QQQ,1m
2026-05-20 19:42:00+00:00,712.0999755859375,712.2899780273438,712.0399780273438,712.239990234375,357030,QQQ,1m
2026-05-20 19:43:00+00:00,712.239990234375,712.2999877929688,712.105224609375,712.1799926757812,38192,QQQ,1m
2026-05-20 19:44:00+00:00,712.1849975585938,712.2349853515625,712.0800170898438,712.1199951171875,55399,QQQ,1m
2026-05-20 19:45:00+00:00,712.1099853515625,712.280029296875,711.9199829101562,712.27001953125,51808,QQQ,1m
2026-05-20 19:46:00+00:00,712.280029296875,712.5900268554688,712.239990234375,712.4000244140625,89228,QQQ,1m
2026-05-20 19:47:00+00:00,712.3919067382812,712.4199829101562,712.2105712890625,712.239990234375,99770,QQQ,1m
2026-05-20 19:48:00+00:00,712.2449951171875,712.489990234375,712.1400146484375,712.4349975585938,58989,QQQ,1m
2026-05-20 19:49:00+00:00,712.4199829101562,712.510009765625,712.1699829101562,712.2449951171875,63596,QQQ,1m
2026-05-20 19:50:00+00:00,712.260009765625,712.260009765625,711.739990234375,711.7899780273438,227056,QQQ,1m
2026-05-20 19:51:00+00:00,711.8300170898438,712.0999755859375,711.6799926757812,712.0900268554688,133030,QQQ,1m
2026-05-20 19:52:00+00:00,712.0900268554688,712.4199829101562,712.0900268554688,712.3200073242188,145716,QQQ,1m
2026-05-20 19:53:00+00:00,712.3200073242188,712.8585815429688,712.3099975585938,712.655029296875,260196,QQQ,1m
2026-05-20 19:54:00+00:00,712.6500244140625,712.6599731445312,712.2999877929688,712.3499755859375,682147,QQQ,1m
2026-05-20 19:55:00+00:00,712.3599853515625,712.6400146484375,712.219970703125,712.2249755859375,398742,QQQ,1m
2026-05-20 19:56:00+00:00,712.2100219726562,712.3798828125,712.02001953125,712.35498046875,217995,QQQ,1m
2026-05-20 19:57:00+00:00,712.3599853515625,712.6500244140625,712.260009765625,712.6500244140625,201912,QQQ,1m
2026-05-20 19:58:00+00:00,712.6699829101562,712.8499755859375,712.6300048828125,712.6749877929688,334685,QQQ,1m
2026-05-20 19:59:00+00:00,712.6599731445312,713.1099853515625,712.625,713.0700073242188,622322,QQQ,1m
2026-05-21 13:30:00+00:00,709.0,709.6300048828125,708.5800170898438,708.6500244140625,2338020,QQQ,1m
2026-05-21 13:31:00+00:00,708.6199951171875,709.5,707.9400024414062,707.969970703125,237418,QQQ,1m
2026-05-21 13:32:00+00:00,708.010009765625,709.02001953125,707.9949951171875,708.9000244140625,110977,QQQ,1m
2026-05-21 13:33:00+00:00,708.8400268554688,709.1998901367188,708.530029296875,708.9000244140625,95787,QQQ,1m
2026-05-21 13:34:00+00:00,709.0599975585938,710.1900024414062,708.9400024414062,710.155029296875,175706,QQQ,1m
2026-05-21 13:35:00+00:00,710.2100219726562,710.22900390625,709.1300048828125,709.3599853515625,156528,QQQ,1m
2026-05-21 13:36:00+00:00,709.5499877929688,709.852783203125,709.2050170898438,709.3900146484375,113209,QQQ,1m
2026-05-21 13:37:00+00:00,709.4400024414062,709.97998046875,709.1500244140625,709.7899780273438,115753,QQQ,1m
2026-05-21 13:38:00+00:00,709.7999877929688,710.0800170898438,708.9605102539062,709.1174926757812,187724,QQQ,1m
2026-05-21 13:39:00+00:00,709.14501953125,709.3200073242188,708.3599853515625,708.8400268554688,135835,QQQ,1m
2026-05-21 13:40:00+00:00,708.8599853515625,710.1300048828125,708.6300048828125,710.010009765625,100997,QQQ,1m
2026-05-21 13:41:00+00:00,709.989990234375,710.0,709.2161865234375,709.510009765625,97723,QQQ,1m
2026-05-21 13:42:00+00:00,709.5,709.530029296875,708.8928833007812,709.226806640625,94262,QQQ,1m
2026-05-21 13:43:00+00:00,709.1599731445312,709.2000122070312,708.3599853515625,708.5349731445312,117945,QQQ,1m
2026-05-21 13:44:00+00:00,708.5,708.97998046875,708.2999877929688,708.844970703125,118913,QQQ,1m
2026-05-21 13:45:00+00:00,708.9500122070312,709.510009765625,708.7200927734375,709.469970703125,101328,QQQ,1m
2026-05-21 13:46:00+00:00,709.33740234375,709.8099975585938,709.280029296875,709.7199096679688,114180,QQQ,1m
2026-05-21 13:47:00+00:00,709.6599731445312,709.760009765625,708.9199829101562,708.97998046875,90126,QQQ,1m
2026-05-21 13:48:00+00:00,708.9600219726562,708.9600219726562,708.4000244140625,708.7999877929688,131558,QQQ,1m
2026-05-21 13:49:00+00:00,708.8150024414062,709.1199951171875,708.5499877929688,708.5800170898438,73381,QQQ,1m
2026-05-21 13:50:00+00:00,708.510009765625,709.2100219726562,708.4400024414062,709.139892578125,104721,QQQ,1m
2026-05-21 13:51:00+00:00,709.0999755859375,709.469970703125,708.3099975585938,709.3250122070312,111983,QQQ,1m
2026-05-21 13:52:00+00:00,709.385009765625,710.3599853515625,709.280029296875,709.969970703125,299091,QQQ,1m
2026-05-21 13:53:00+00:00,710.0399780273438,710.6699829101562,709.8300170898438,710.14501953125,226135,QQQ,1m
2026-05-21 13:54:00+00:00,710.1300048828125,710.8900146484375,709.75,710.8499755859375,137694,QQQ,1m
2026-05-21 13:55:00+00:00,710.844970703125,711.3499755859375,710.6939697265625,710.780029296875,212365,QQQ,1m
2026-05-21 13:56:00+00:00,710.8300170898438,710.8499755859375,710.1300048828125,710.27001953125,150256,QQQ,1m
2026-05-21 13:57:00+00:00,710.3800048828125,710.75,710.1799926757812,710.260009765625,97540,QQQ,1m
2026-05-21 13:58:00+00:00,710.260009765625,710.4299926757812,709.5700073242188,710.27001953125,125866,QQQ,1m
2026-05-21 13:59:00+00:00,710.3200073242188,710.77001953125,710.260009765625,710.6300048828125,88175,QQQ,1m
2026-05-21 14:00:00+00:00,710.6099853515625,711.219970703125,710.5499877929688,711.0800170898438,144832,QQQ,1m
2026-05-21 14:01:00+00:00,711.0900268554688,711.4580078125,710.969970703125,711.3400268554688,117055,QQQ,1m
2026-05-21 14:02:00+00:00,711.3499755859375,711.8900146484375,711.3200073242188,711.4299926757812,131931,QQQ,1m
2026-05-21 14:03:00+00:00,711.4299926757812,711.6199951171875,711.2000122070312,711.2100219726562,107854,QQQ,1m
2026-05-21 14:04:00+00:00,711.1900024414062,711.5999755859375,711.0399780273438,711.1199951171875,90397,QQQ,1m
2026-05-21 14:05:00+00:00,711.0700073242188,711.3699951171875,710.8499755859375,710.9600219726562,115038,QQQ,1m
2026-05-21 14:06:00+00:00,710.989990234375,711.1400146484375,710.5850219726562,710.77001953125,104341,QQQ,1m
2026-05-21 14:07:00+00:00,710.739990234375,710.8400268554688,710.22998046875,710.5700073242188,121223,QQQ,1m
2026-05-21 14:08:00+00:00,710.5850219726562,710.8400268554688,710.3499755859375,710.7100219726562,90695,QQQ,1m
2026-05-21 14:09:00+00:00,710.7100219726562,711.47998046875,710.7000122070312,711.4650268554688,160869,QQQ,1m
2026-05-21 14:10:00+00:00,711.4199829101562,711.47900390625,711.0579833984375,711.1099853515625,67560,QQQ,1m
2026-05-21 14:11:00+00:00,711.1500244140625,711.510009765625,710.9201049804688,710.97998046875,50575,QQQ,1m
2026-05-21 14:12:00+00:00,710.9600219726562,711.1500244140625,710.6500244140625,710.6599731445312,105747,QQQ,1m
2026-05-21 14:13:00+00:00,710.72998046875,710.77001953125,709.9199829101562,710.0750122070312,84712,QQQ,1m
2026-05-21 14:14:00+00:00,710.030029296875,711.1599731445312,709.780029296875,710.1699829101562,145696,QQQ,1m
2026-05-21 14:15:00+00:00,710.1300048828125,710.4099731445312,708.9299926757812,709.030029296875,172940,QQQ,1m
2026-05-21 14:16:00+00:00,708.989990234375,709.3699951171875,708.719970703125,709.2899780273438,157659,QQQ,1m
2026-05-21 14:17:00+00:00,709.3499755859375,710.1199951171875,709.2000122070312,709.375,125638,QQQ,1m
2026-05-21 14:18:00+00:00,709.3201293945312,709.4298706054688,708.5,709.0599975585938,139258,QQQ,1m
2026-05-21 14:19:00+00:00,709.0900268554688,709.2100830078125,708.219970703125,708.2849731445312,90636,QQQ,1m
2026-05-21 14:20:00+00:00,708.2650146484375,708.2899780273438,707.1699829101562,707.1699829101562,244023,QQQ,1m
2026-05-21 14:21:00+00:00,707.1699829101562,707.5700073242188,706.77001953125,707.1900024414062,197216,QQQ,1m
2026-05-21 14:22:00+00:00,707.1900024414062,707.7999877929688,707.1099853515625,707.6599731445312,96374,QQQ,1m
2026-05-21 14:23:00+00:00,707.6950073242188,708.3200073242188,707.6527099609375,707.9600219726562,68025,QQQ,1m
2026-05-21 14:24:00+00:00,707.9299926757812,708.3599853515625,707.510009765625,707.5103149414062,78521,QQQ,1m
2026-05-21 14:25:00+00:00,707.510009765625,708.0599975585938,707.340087890625,707.9901123046875,92186,QQQ,1m
2026-05-21 14:26:00+00:00,708.0399780273438,708.1500244140625,707.2100219726562,707.2249755859375,49868,QQQ,1m
2026-05-21 14:27:00+00:00,707.1900024414062,708.239990234375,707.1900024414062,708.219970703125,78277,QQQ,1m
2026-05-21 14:28:00+00:00,708.2098999023438,708.2899780273438,707.5499877929688,707.8270874023438,39827,QQQ,1m
2026-05-21 14:29:00+00:00,707.8400268554688,708.469970703125,707.760009765625,708.2650146484375,53455,QQQ,1m
2026-05-21 14:30:00+00:00,708.3099975585938,709.4000244140625,708.2650146484375,709.051025390625,186075,QQQ,1m
2026-05-21 14:31:00+00:00,709.0700073242188,709.3300170898438,708.8300170898438,708.8400268554688,77767,QQQ,1m
2026-05-21 14:32:00+00:00,708.8099975585938,709.0700073242188,708.5942993164062,708.97998046875,48975,QQQ,1m
2026-05-21 14:33:00+00:00,708.9000244140625,708.9169921875,708.1300048828125,708.219970703125,102573,QQQ,1m
2026-05-21 14:34:00+00:00,708.1699829101562,708.530029296875,707.97998046875,708.4500122070312,65486,QQQ,1m
2026-05-21 14:35:00+00:00,708.4749755859375,709.1799926757812,708.4000244140625,708.97998046875,138567,QQQ,1m
2026-05-21 14:36:00+00:00,708.97998046875,709.239990234375,708.9000244140625,709.02001953125,112886,QQQ,1m
2026-05-21 14:37:00+00:00,709.030029296875,709.739990234375,708.9401245117188,709.5999755859375,90154,QQQ,1m
2026-05-21 14:38:00+00:00,709.56982421875,709.8099975585938,709.3701171875,709.7869873046875,38740,QQQ,1m
2026-05-21 14:39:00+00:00,709.7849731445312,709.8300170898438,709.3099975585938,709.5499877929688,66389,QQQ,1m
2026-05-21 14:40:00+00:00,709.5498046875,709.6480712890625,708.5900268554688,708.75,198251,QQQ,1m
2026-05-21 14:41:00+00:00,708.780029296875,709.0399169921875,708.52001953125,708.9099731445312,88322,QQQ,1m
2026-05-21 14:42:00+00:00,708.9400024414062,709.5700073242188,708.6300048828125,709.4459838867188,50485,QQQ,1m
2026-05-21 14:43:00+00:00,709.4500122070312,709.6500244140625,709.2000122070312,709.3400268554688,39300,QQQ,1m
2026-05-21 14:44:00+00:00,709.2899780273438,709.5,708.760009765625,709.3699951171875,44754,QQQ,1m
2026-05-21 14:45:00+00:00,709.3950805664062,709.6300048828125,709.13720703125,709.4199829101562,49546,QQQ,1m
2026-05-21 14:46:00+00:00,709.5050048828125,709.6300048828125,708.6699829101562,708.8699951171875,79274,QQQ,1m
2026-05-21 14:47:00+00:00,708.8400268554688,709.1199951171875,708.4000244140625,708.5999755859375,92041,QQQ,1m
2026-05-21 14:48:00+00:00,708.5999755859375,708.8200073242188,708.1300048828125,708.1900024414062,59311,QQQ,1m
2026-05-21 14:49:00+00:00,708.219970703125,708.7098999023438,707.9000244140625,708.5,52526,QQQ,1m
2026-05-21 14:50:00+00:00,708.510009765625,708.5700073242188,707.8099975585938,707.989990234375,41677,QQQ,1m
2026-05-21 14:51:00+00:00,707.8499755859375,708.7999877929688,707.7319946289062,708.5499877929688,66840,QQQ,1m
2026-05-21 14:52:00+00:00,708.5759887695312,708.9000854492188,708.510009765625,708.8900146484375,56034,QQQ,1m
2026-05-21 14:53:00+00:00,708.989990234375,709.219970703125,708.5300903320312,708.739990234375,88111,QQQ,1m
2026-05-21 14:54:00+00:00,708.77001953125,709.1300048828125,708.6900024414062,709.0701293945312,38410,QQQ,1m
2026-05-21 14:55:00+00:00,709.1199951171875,709.3599853515625,708.8800048828125,709.2424926757812,53158,QQQ,1m
2026-05-21 14:56:00+00:00,709.239990234375,709.4000244140625,709.0,709.1400146484375,37397,QQQ,1m
2026-05-21 14:57:00+00:00,709.135009765625,709.2999877929688,708.77001953125,708.8654174804688,39886,QQQ,1m
2026-05-21 14:58:00+00:00,708.7999877929688,709.6400146484375,708.780029296875,709.6400146484375,50288,QQQ,1m
2026-05-21 14:59:00+00:00,709.659912109375,709.8298950195312,709.2700805664062,709.4199829101562,59289,QQQ,1m
2026-05-21 15:00:00+00:00,709.4400024414062,709.5900268554688,709.0,709.1400146484375,73963,QQQ,1m
2026-05-21 15:01:00+00:00,709.1699829101562,709.1699829101562,708.5700073242188,708.9100952148438,58064,QQQ,1m
2026-05-21 15:02:00+00:00,708.9749755859375,709.5700073242188,708.9749755859375,709.5300903320312,51686,QQQ,1m
2026-05-21 15:03:00+00:00,709.52001953125,709.6099853515625,708.75,708.77001953125,45357,QQQ,1m
2026-05-21 15:04:00+00:00,708.72998046875,708.9660034179688,708.6710205078125,708.8394775390625,72417,QQQ,1m
2026-05-21 15:05:00+00:00,708.7432861328125,708.919921875,708.1699829101562,708.35498046875,67833,QQQ,1m
2026-05-21 15:06:00+00:00,708.280029296875,708.5800170898438,707.72998046875,707.97998046875,99297,QQQ,1m
2026-05-21 15:07:00+00:00,707.9600219726562,708.1199951171875,707.510009765625,707.7100219726562,72835,QQQ,1m
2026-05-21 15:08:00+00:00,707.6649780273438,707.8099975585938,707.1500244140625,707.375,71286,QQQ,1m
2026-05-21 15:09:00+00:00,707.3743286132812,707.8699951171875,707.2999877929688,707.760009765625,75805,QQQ,1m
2026-05-21 15:10:00+00:00,707.6950073242188,708.0700073242188,706.8499755859375,707.94970703125,226457,QQQ,1m
2026-05-21 15:11:00+00:00,707.9000244140625,708.1500244140625,707.5802001953125,707.9251098632812,150684,QQQ,1m
2026-05-21 15:12:00+00:00,707.9099731445312,708.3200073242188,707.8099975585938,708.3200073242188,64017,QQQ,1m
2026-05-21 15:13:00+00:00,708.25,709.6900024414062,707.9901123046875,709.5068969726562,197951,QQQ,1m
2026-05-21 15:14:00+00:00,709.53662109375,709.739990234375,708.9099731445312,709.3117065429688,139021,QQQ,1m
2026-05-21 15:15:00+00:00,709.3099975585938,709.6300048828125,709.0399780273438,709.469970703125,97797,QQQ,1m
2026-05-21 15:16:00+00:00,709.5399780273438,709.739990234375,709.0800170898438,709.280029296875,254986,QQQ,1m
2026-05-21 15:17:00+00:00,709.2899780273438,709.5449829101562,709.0999755859375,709.25,52785,QQQ,1m
2026-05-21 15:18:00+00:00,709.239990234375,709.530029296875,708.9099731445312,709.2098999023438,73811,QQQ,1m
2026-05-21 15:19:00+00:00,709.3699951171875,709.8099975585938,709.3599853515625,709.6099853515625,41794,QQQ,1m
2026-05-21 15:20:00+00:00,709.5900268554688,709.8098754882812,709.3499755859375,709.75,39212,QQQ,1m
2026-05-21 15:21:00+00:00,709.6300048828125,709.6699829101562,709.25,709.3599853515625,45270,QQQ,1m
2026-05-21 15:22:00+00:00,709.405029296875,709.72998046875,709.0499877929688,709.6409301757812,57863,QQQ,1m
2026-05-21 15:23:00+00:00,709.6898803710938,710.010009765625,709.5499877929688,709.69580078125,86685,QQQ,1m
2026-05-21 15:24:00+00:00,709.780029296875,710.010009765625,709.280029296875,709.4600219726562,124683,QQQ,1m
2026-05-21 15:25:00+00:00,709.4299926757812,709.7249755859375,709.0999755859375,709.3599853515625,56583,QQQ,1m
2026-05-21 15:26:00+00:00,709.3300170898438,709.5299072265625,709.2999877929688,709.4299926757812,31813,QQQ,1m
2026-05-21 15:27:00+00:00,709.5499877929688,709.8099975585938,709.4199829101562,709.47998046875,81915,QQQ,1m
2026-05-21 15:28:00+00:00,709.4500122070312,709.97998046875,709.375,709.7249755859375,35340,QQQ,1m
2026-05-21 15:29:00+00:00,709.780029296875,709.969970703125,709.2999877929688,709.3599853515625,53165,QQQ,1m
2026-05-21 15:30:00+00:00,709.4500122070312,709.6400146484375,709.0399780273438,709.1400146484375,82192,QQQ,1m
2026-05-21 15:31:00+00:00,709.1300048828125,709.2100219726562,708.4299926757812,708.5700073242188,136503,QQQ,1m
2026-05-21 15:32:00+00:00,708.6300048828125,708.9600219726562,708.4199829101562,708.7849731445312,56205,QQQ,1m
2026-05-21 15:33:00+00:00,708.7899780273438,709.0,708.6649780273438,708.8300170898438,14894,QQQ,1m
2026-05-21 15:34:00+00:00,708.8400268554688,708.8699951171875,707.989990234375,708.25,100425,QQQ,1m
2026-05-21 15:35:00+00:00,708.1799926757812,709.0499877929688,708.0,708.8099975585938,175842,QQQ,1m
2026-05-21 15:36:00+00:00,708.8400268554688,708.85498046875,708.22998046875,708.8400268554688,53169,QQQ,1m
2026-05-21 15:37:00+00:00,708.8499755859375,709.489990234375,708.8200073242188,709.469970703125,38916,QQQ,1m
2026-05-21 15:38:00+00:00,709.47998046875,709.7799072265625,709.3399047851562,709.4199829101562,86383,QQQ,1m
2026-05-21 15:39:00+00:00,709.4400024414062,709.8800048828125,709.3800048828125,709.8547973632812,9065,QQQ,1m
2026-05-21 15:40:00+00:00,709.8599853515625,710.0399780273438,709.7000122070312,709.9000244140625,56024,QQQ,1m
2026-05-21 15:41:00+00:00,709.9600219726562,710.1300048828125,709.77001953125,709.77001953125,57080,QQQ,1m
2026-05-21 15:42:00+00:00,709.7000122070312,710.0599975585938,709.6300048828125,710.0599975585938,21607,QQQ,1m
2026-05-21 15:43:00+00:00,710.0642700195312,710.3400268554688,709.989990234375,710.1699829101562,38270,QQQ,1m
2026-05-21 15:44:00+00:00,710.1893920898438,710.1893920898438,709.6199951171875,709.9500122070312,63666,QQQ,1m
2026-05-21 15:45:00+00:00,709.9600219726562,710.2999877929688,709.9450073242188,710.2999877929688,21375,QQQ,1m
2026-05-21 15:46:00+00:00,710.2349853515625,710.6599731445312,710.2349853515625,710.5800170898438,148616,QQQ,1m
2026-05-21 15:47:00+00:00,710.5800170898438,710.75,710.3599853515625,710.739990234375,52823,QQQ,1m
2026-05-21 15:48:00+00:00,710.75,710.9199829101562,710.6199951171875,710.760009765625,36870,QQQ,1m
2026-05-21 15:49:00+00:00,710.780029296875,710.885009765625,710.6199951171875,710.8499145507812,33985,QQQ,1m
2026-05-21 15:50:00+00:00,710.8200073242188,711.0399780273438,710.5499877929688,710.5999755859375,50372,QQQ,1m
2026-05-21 15:51:00+00:00,710.6119995117188,710.885009765625,710.510009765625,710.6849975585938,39026,QQQ,1m
2026-05-21 15:52:00+00:00,710.6799926757812,710.6799926757812,710.4500122070312,710.5499877929688,22917,QQQ,1m
2026-05-21 15:53:00+00:00,710.52001953125,710.8200073242188,710.4949951171875,710.8200073242188,18884,QQQ,1m
2026-05-21 15:54:00+00:00,710.7999877929688,710.889892578125,710.6300048828125,710.6798706054688,13347,QQQ,1m
2026-05-21 15:55:00+00:00,710.5700073242188,710.7000122070312,710.3699951171875,710.5,44913,QQQ,1m
2026-05-21 15:56:00+00:00,710.510009765625,710.5750122070312,710.4099731445312,710.469970703125,28731,QQQ,1m
2026-05-21 15:57:00+00:00,710.5,710.7799072265625,710.3800048828125,710.6199951171875,84068,QQQ,1m
2026-05-21 15:58:00+00:00,710.5399780273438,710.659912109375,710.280029296875,710.47998046875,41225,QQQ,1m
2026-05-21 15:59:00+00:00,710.489990234375,710.5499267578125,710.0800170898438,710.0800170898438,48268,QQQ,1m
2026-05-21 16:00:00+00:00,710.1900024414062,710.72998046875,710.1300048828125,710.7059936523438,32760,QQQ,1m
2026-05-21 16:01:00+00:00,710.7150268554688,710.9099731445312,710.52001953125,710.630126953125,37687,QQQ,1m
2026-05-21 16:02:00+00:00,710.6799926757812,710.8350219726562,710.4299926757812,710.4299926757812,31938,QQQ,1m
2026-05-21 16:03:00+00:00,710.3900146484375,710.8499145507812,710.380126953125,710.7000122070312,77162,QQQ,1m
2026-05-21 16:04:00+00:00,710.719970703125,710.8662719726562,710.6300048828125,710.7000122070312,22743,QQQ,1m
2026-05-21 16:05:00+00:00,710.780029296875,710.8095703125,710.5399780273438,710.625,41436,QQQ,1m
2026-05-21 16:06:00+00:00,710.5999755859375,710.6799926757812,710.219970703125,710.5900268554688,30790,QQQ,1m
2026-05-21 16:07:00+00:00,710.635009765625,710.9400024414062,710.5800170898438,710.8150024414062,23987,QQQ,1m
2026-05-21 16:08:00+00:00,710.760009765625,710.9199829101562,710.760009765625,710.840576171875,12027,QQQ,1m
2026-05-21 16:09:00+00:00,710.9099731445312,711.239990234375,710.8300170898438,711.1799926757812,43886,QQQ,1m
2026-05-21 16:10:00+00:00,711.1710205078125,711.1900024414062,710.760009765625,710.9600219726562,71775,QQQ,1m
2026-05-21 16:11:00+00:00,710.9000244140625,711.02001953125,710.4400024414062,710.85009765625,89414,QQQ,1m
2026-05-21 16:12:00+00:00,710.9749755859375,710.989990234375,710.5701293945312,710.64990234375,15733,QQQ,1m
2026-05-21 16:13:00+00:00,710.590087890625,710.6599731445312,710.010009765625,710.4500122070312,150635,QQQ,1m
2026-05-21 16:14:00+00:00,710.469970703125,710.4899291992188,710.260009765625,710.385009765625,107565,QQQ,1m
2026-05-21 16:15:00+00:00,710.4384765625,710.530029296875,710.010009765625,710.2100219726562,31241,QQQ,1m
2026-05-21 16:16:00+00:00,710.25,710.4199829101562,710.0599975585938,710.2800903320312,20129,QQQ,1m
2026-05-21 16:17:00+00:00,710.2999877929688,710.52001953125,710.2150268554688,710.47998046875,44181,QQQ,1m
2026-05-21 16:18:00+00:00,710.481201171875,710.510009765625,710.3392944335938,710.3392944335938,15644,QQQ,1m
2026-05-21 16:19:00+00:00,710.27001953125,710.3701171875,709.8701171875,710.0999755859375,51994,QQQ,1m
2026-05-21 16:20:00+00:00,710.094970703125,710.3400268554688,709.9400024414062,710.0700073242188,23291,QQQ,1m
2026-05-21 16:21:00+00:00,710.0399780273438,710.1400146484375,709.9299926757812,710.0200805664062,31986,QQQ,1m
2026-05-21 16:22:00+00:00,710.02001953125,710.0700073242188,709.090087890625,709.1701049804688,101260,QQQ,1m
2026-05-21 16:23:00+00:00,709.1300048828125,709.6199951171875,708.969970703125,709.6199951171875,203751,QQQ,1m
2026-05-21 16:24:00+00:00,709.6099853515625,709.739990234375,709.27001953125,709.6300048828125,179276,QQQ,1m
2026-05-21 16:25:00+00:00,709.5999755859375,709.8200073242188,709.2999877929688,709.565673828125,41056,QQQ,1m
2026-05-21 16:26:00+00:00,709.5449829101562,709.6599731445312,709.380126953125,709.3900146484375,27187,QQQ,1m
2026-05-21 16:27:00+00:00,709.385009765625,709.760009765625,709.385009765625,709.719970703125,34559,QQQ,1m
2026-05-21 16:28:00+00:00,709.719970703125,709.8150024414062,709.451416015625,709.7100219726562,41183,QQQ,1m
2026-05-21 16:29:00+00:00,709.7100219726562,709.7550048828125,709.5100708007812,709.7100219726562,15798,QQQ,1m
2026-05-21 16:30:00+00:00,709.739990234375,709.9398803710938,709.5432739257812,709.8328247070312,38867,QQQ,1m
2026-05-21 16:31:00+00:00,709.7800903320312,709.8800048828125,709.6199951171875,709.6699829101562,39286,QQQ,1m
2026-05-21 16:32:00+00:00,709.7100219726562,709.9299926757812,709.5800170898438,709.9151000976562,45662,QQQ,1m
2026-05-21 16:33:00+00:00,709.9349975585938,710.2000122070312,709.875,710.2000122070312,51426,QQQ,1m
2026-05-21 16:34:00+00:00,710.1599731445312,710.1599731445312,709.9600219726562,710.0700073242188,26470,QQQ,1m
2026-05-21 16:35:00+00:00,710.0703125,710.2999267578125,710.0150756835938,710.1876831054688,11077,QQQ,1m
2026-05-21 16:36:00+00:00,710.1649780273438,710.3400268554688,709.8499755859375,709.9299926757812,29086,QQQ,1m
2026-05-21 16:37:00+00:00,709.9349975585938,710.0700073242188,709.8400268554688,709.9249877929688,44788,QQQ,1m
2026-05-21 16:38:00+00:00,709.9869995117188,709.9869995117188,709.3900146484375,709.469970703125,38558,QQQ,1m
2026-05-21 16:39:00+00:00,709.4669799804688,709.85498046875,709.4550170898438,709.85498046875,15405,QQQ,1m
2026-05-21 16:40:00+00:00,709.8900146484375,709.9099731445312,709.6688842773438,709.85498046875,16845,QQQ,1m
2026-05-21 16:41:00+00:00,709.7100830078125,709.7869873046875,709.530029296875,709.739990234375,40981,QQQ,1m
2026-05-21 16:42:00+00:00,709.739990234375,710.10498046875,709.739990234375,710.10498046875,25987,QQQ,1m
2026-05-21 16:43:00+00:00,710.0750122070312,710.0750122070312,709.6950073242188,709.760009765625,21596,QQQ,1m
2026-05-21 16:44:00+00:00,709.7349853515625,709.9299926757812,709.7050170898438,709.8800048828125,16490,QQQ,1m
2026-05-21 16:45:00+00:00,709.989990234375,710.280029296875,709.989990234375,710.0900268554688,42371,QQQ,1m
2026-05-21 16:46:00+00:00,710.0100708007812,710.0100708007812,709.4500122070312,709.5449829101562,52987,QQQ,1m
2026-05-21 16:47:00+00:00,709.6099853515625,709.6199951171875,709.3699951171875,709.4199829101562,27816,QQQ,1m
2026-05-21 16:48:00+00:00,709.4199829101562,709.5355834960938,709.1400146484375,709.239990234375,41530,QQQ,1m
2026-05-21 16:49:00+00:00,709.2899780273438,709.4199829101562,709.0989990234375,709.3800048828125,32067,QQQ,1m
2026-05-21 16:50:00+00:00,709.3400268554688,709.3400268554688,708.77001953125,708.9000244140625,63784,QQQ,1m
2026-05-21 16:51:00+00:00,708.9099731445312,709.489990234375,708.9099731445312,709.4708862304688,37933,QQQ,1m
2026-05-21 16:52:00+00:00,709.5,709.7050170898438,709.4600219726562,709.4600219726562,25317,QQQ,1m
2026-05-21 16:53:00+00:00,709.405029296875,709.7639770507812,709.280029296875,709.6950073242188,19562,QQQ,1m
2026-05-21 16:54:00+00:00,709.6500244140625,709.6599731445312,709.4749755859375,709.5499267578125,22520,QQQ,1m
2026-05-21 16:55:00+00:00,709.5050048828125,709.6900024414062,709.469970703125,709.6799926757812,15971,QQQ,1m
2026-05-21 16:56:00+00:00,709.6649780273438,709.9299926757812,709.6599731445312,709.8200073242188,23797,QQQ,1m
2026-05-21 16:57:00+00:00,709.869873046875,709.9099731445312,709.6300048828125,709.7899780273438,54843,QQQ,1m
2026-05-21 16:58:00+00:00,709.77001953125,709.969970703125,709.6400146484375,709.8699951171875,12170,QQQ,1m
2026-05-21 16:59:00+00:00,709.8800048828125,709.989990234375,709.85498046875,709.989990234375,14211,QQQ,1m
2026-05-21 17:00:00+00:00,710.0,710.6099853515625,710.0,710.4069213867188,83065,QQQ,1m
2026-05-21 17:01:00+00:00,710.3499755859375,710.5540161132812,710.2734985351562,710.510009765625,46189,QQQ,1m
2026-05-21 17:02:00+00:00,710.5421142578125,710.7979736328125,710.4199829101562,710.47998046875,50439,QQQ,1m
2026-05-21 17:03:00+00:00,710.47998046875,710.5900268554688,710.260009765625,710.4949951171875,27446,QQQ,1m
2026-05-21 17:04:00+00:00,710.4998779296875,710.6099853515625,710.3499755859375,710.4099731445312,20079,QQQ,1m
2026-05-21 17:05:00+00:00,710.3800048828125,710.6500244140625,710.3800048828125,710.5999145507812,22528,QQQ,1m
2026-05-21 17:06:00+00:00,710.5999755859375,710.7199096679688,710.3900146484375,710.7169189453125,23228,QQQ,1m
2026-05-21 17:07:00+00:00,710.7100219726562,710.7321166992188,710.56201171875,710.5700073242188,20824,QQQ,1m
2026-05-21 17:08:00+00:00,710.5800170898438,710.77001953125,710.510009765625,710.7437133789062,26984,QQQ,1m
2026-05-21 17:09:00+00:00,710.7200927734375,710.77001953125,710.6300048828125,710.6300048828125,11951,QQQ,1m
2026-05-21 17:10:00+00:00,710.6199951171875,712.3900146484375,710.58251953125,712.2498779296875,315305,QQQ,1m
2026-05-21 17:11:00+00:00,712.2899780273438,712.9500122070312,712.25,712.2550048828125,182655,QQQ,1m
2026-05-21 17:12:00+00:00,712.280029296875,712.510009765625,711.3599853515625,712.119873046875,154692,QQQ,1m
2026-05-21 17:13:00+00:00,712.10498046875,712.1099853515625,711.5999755859375,711.6950073242188,95391,QQQ,1m
2026-05-21 17:14:00+00:00,711.719970703125,712.1500244140625,711.489990234375,712.0399169921875,61905,QQQ,1m
2026-05-21 17:15:00+00:00,712.0399780273438,712.9199829101562,711.8800048828125,712.8300170898438,140995,QQQ,1m
2026-05-21 17:16:00+00:00,712.8599853515625,714.0499877929688,712.7600708007812,713.9099731445312,207446,QQQ,1m
2026-05-21 17:17:00+00:00,713.8800048828125,714.2999877929688,713.2429809570312,713.3599853515625,293958,QQQ,1m
2026-05-21 17:18:00+00:00,713.4000244140625,713.719970703125,712.9299926757812,713.719970703125,134439,QQQ,1m
2026-05-21 17:19:00+00:00,713.7000122070312,713.9299926757812,713.52001953125,713.6699829101562,64481,QQQ,1m
2026-05-21 17:20:00+00:00,713.6500244140625,714.469970703125,713.6400146484375,714.3900146484375,135924,QQQ,1m
2026-05-21 17:21:00+00:00,714.4000244140625,714.8699951171875,714.25,714.8099975585938,260563,QQQ,1m
2026-05-21 17:22:00+00:00,714.7899780273438,715.2100219726562,713.8300170898438,714.1484985351562,338360,QQQ,1m
2026-05-21 17:23:00+00:00,714.1500244140625,714.2150268554688,712.5999755859375,713.3200073242188,198228,QQQ,1m
2026-05-21 17:24:00+00:00,713.3699951171875,713.77001953125,713.2000732421875,713.77001953125,52992,QQQ,1m
2026-05-21 17:25:00+00:00,713.8300170898438,714.1799926757812,713.7650146484375,713.8350219726562,46844,QQQ,1m
2026-05-21 17:26:00+00:00,713.8699951171875,714.0399780273438,713.610107421875,713.81298828125,43109,QQQ,1m
2026-05-21 17:27:00+00:00,713.8499755859375,714.0,713.5,713.5599975585938,75576,QQQ,1m
2026-05-21 17:28:00+00:00,713.5499267578125,713.969970703125,713.4650268554688,713.8800048828125,60693,QQQ,1m
2026-05-21 17:29:00+00:00,713.919921875,713.9500122070312,713.6400146484375,713.6699829101562,40378,QQQ,1m
2026-05-21 17:30:00+00:00,713.7449951171875,714.2999877929688,713.594970703125,714.27001953125,56299,QQQ,1m
2026-05-21 17:31:00+00:00,714.219970703125,714.5501098632812,714.1199951171875,714.5501098632812,53024,QQQ,1m
2026-05-21 17:32:00+00:00,714.5900268554688,714.6300048828125,714.3200073242188,714.3900146484375,142125,QQQ,1m
2026-05-21 17:33:00+00:00,714.3800048828125,714.47998046875,713.8599853515625,714.0700073242188,98910,QQQ,1m
2026-05-21 17:34:00+00:00,714.0,714.280029296875,713.8900146484375,714.280029296875,61926,QQQ,1m
2026-05-21 17:35:00+00:00,714.3099975585938,714.8599853515625,714.25,714.6900024414062,56841,QQQ,1m
2026-05-21 17:36:00+00:00,714.6849975585938,714.8400268554688,714.6300048828125,714.6898803710938,62291,QQQ,1m
2026-05-21 17:37:00+00:00,714.6649780273438,714.9199829101562,714.5300903320312,714.5999755859375,49718,QQQ,1m
2026-05-21 17:38:00+00:00,714.5750122070312,714.760009765625,714.4400024414062,714.5900268554688,67191,QQQ,1m
2026-05-21 17:39:00+00:00,714.6099853515625,714.8599853515625,714.5499877929688,714.8599853515625,172706,QQQ,1m
2026-05-21 17:40:00+00:00,714.8300170898438,715.409912109375,714.8150024414062,715.3599853515625,98039,QQQ,1m
2026-05-21 17:41:00+00:00,715.388427734375,715.72998046875,715.388427734375,715.510009765625,185162,QQQ,1m
2026-05-21 17:42:00+00:00,715.510009765625,715.60498046875,715.2100219726562,715.3499755859375,79106,QQQ,1m
2026-05-21 17:43:00+00:00,715.3419799804688,715.369873046875,714.969970703125,715.2349853515625,57016,QQQ,1m
2026-05-21 17:44:00+00:00,715.1699829101562,715.6699829101562,715.1699829101562,715.6400146484375,178213,QQQ,1m
2026-05-21 17:45:00+00:00,715.6699829101562,715.7210083007812,715.080078125,715.239990234375,70983,QQQ,1m
2026-05-21 17:46:00+00:00,715.22998046875,715.52001953125,715.2100219726562,715.5,41446,QQQ,1m
2026-05-21 17:47:00+00:00,715.4600219726562,715.5900268554688,715.3400268554688,715.4500122070312,38749,QQQ,1m
2026-05-21 17:48:00+00:00,715.4500122070312,715.639892578125,715.3800048828125,715.5900268554688,39108,QQQ,1m
2026-05-21 17:49:00+00:00,715.5635986328125,715.89990234375,715.5499877929688,715.7999877929688,96985,QQQ,1m
2026-05-21 17:50:00+00:00,715.8250122070312,715.8499755859375,715.4500122070312,715.5684814453125,88012,QQQ,1m
2026-05-21 17:51:00+00:00,715.5700073242188,716.0999755859375,715.5700073242188,716.0499877929688,110179,QQQ,1m
2026-05-21 17:52:00+00:00,716.0499877929688,716.5,716.0499877929688,716.4998779296875,237879,QQQ,1m
2026-05-21 17:53:00+00:00,716.4749755859375,716.6561889648438,716.3499755859375,716.4500122070312,92408,QQQ,1m
2026-05-21 17:54:00+00:00,716.4650268554688,716.8699951171875,716.4000244140625,716.8099975585938,102230,QQQ,1m
2026-05-21 17:55:00+00:00,716.8499755859375,717.1195068359375,716.5499877929688,716.6099853515625,152194,QQQ,1m
2026-05-21 17:56:00+00:00,716.6199951171875,716.8099975585938,716.4099731445312,716.489990234375,359870,QQQ,1m
2026-05-21 17:57:00+00:00,716.5700073242188,716.7899780273438,716.4000244140625,716.4000244140625,43195,QQQ,1m
2026-05-21 17:58:00+00:00,716.4400024414062,716.489990234375,716.0449829101562,716.1300048828125,110012,QQQ,1m
2026-05-21 17:59:00+00:00,716.1099853515625,716.2100219726562,715.6699829101562,715.6950073242188,106233,QQQ,1m
2026-05-21 18:00:00+00:00,715.719970703125,716.27001953125,715.6199951171875,716.27001953125,50236,QQQ,1m
2026-05-21 18:01:00+00:00,716.309814453125,716.3099975585938,715.469970703125,715.760009765625,93974,QQQ,1m
2026-05-21 18:02:00+00:00,715.760009765625,716.0499877929688,715.7000122070312,715.9400024414062,60002,QQQ,1m
2026-05-21 18:03:00+00:00,715.9099731445312,716.1500244140625,715.75,715.9749755859375,61789,QQQ,1m
2026-05-21 18:04:00+00:00,716.0198974609375,716.0198974609375,714.9000244140625,715.0399780273438,160905,QQQ,1m
2026-05-21 18:05:00+00:00,715.010009765625,715.25,714.8200073242188,715.1199951171875,81569,QQQ,1m
2026-05-21 18:06:00+00:00,715.2205200195312,715.5499877929688,715.1300048828125,715.4000244140625,41470,QQQ,1m
2026-05-21 18:07:00+00:00,715.409912109375,715.619873046875,715.2999877929688,715.5050048828125,21755,QQQ,1m
2026-05-21 18:08:00+00:00,715.5614013671875,715.6799926757812,715.280029296875,715.5700073242188,33723,QQQ,1m
2026-05-21 18:09:00+00:00,715.5399780273438,715.760009765625,715.4299926757812,715.4450073242188,141032,QQQ,1m
2026-05-21 18:10:00+00:00,715.4312133789062,715.5499877929688,715.0800170898438,715.1599731445312,40071,QQQ,1m
2026-05-21 18:11:00+00:00,715.0900268554688,715.209716796875,714.72998046875,715.094970703125,180666,QQQ,1m
2026-05-21 18:12:00+00:00,715.02001953125,715.2899780273438,714.97998046875,715.1500244140625,32862,QQQ,1m
2026-05-21 18:13:00+00:00,715.1199951171875,715.14990234375,714.6799926757812,715.030029296875,24574,QQQ,1m
2026-05-21 18:14:00+00:00,714.9600219726562,714.969970703125,714.4901123046875,714.5999755859375,53738,QQQ,1m
2026-05-21 18:15:00+00:00,714.5900268554688,714.7150268554688,714.3643798828125,714.5499877929688,32707,QQQ,1m
2026-05-21 18:16:00+00:00,714.52001953125,714.5700073242188,714.155029296875,714.2150268554688,61964,QQQ,1m
2026-05-21 18:17:00+00:00,714.2249755859375,714.3599853515625,714.1300048828125,714.3551025390625,49587,QQQ,1m
2026-05-21 18:18:00+00:00,714.3800048828125,714.89990234375,714.3099975585938,714.6900024414062,80700,QQQ,1m
2026-05-21 18:19:00+00:00,714.719970703125,715.030029296875,714.719970703125,714.9967041015625,47512,QQQ,1m
2026-05-21 18:20:00+00:00,714.97998046875,715.22998046875,714.9199829101562,714.9450073242188,58495,QQQ,1m
2026-05-21 18:21:00+00:00,714.9400024414062,715.25,714.9400024414062,715.0598754882812,21392,QQQ,1m
2026-05-21 18:22:00+00:00,715.030029296875,715.0399780273438,714.6900024414062,714.7700805664062,27335,QQQ,1m
2026-05-21 18:23:00+00:00,714.7899780273438,714.8200073242188,714.530029296875,714.7301025390625,47402,QQQ,1m
2026-05-21 18:24:00+00:00,714.72998046875,715.1500244140625,714.72998046875,715.1500244140625,25137,QQQ,1m
2026-05-21 18:25:00+00:00,715.1799926757812,715.219970703125,714.9500122070312,715.0449829101562,41341,QQQ,1m
2026-05-21 18:26:00+00:00,715.02001953125,715.0599975585938,714.9000244140625,715.030029296875,123403,QQQ,1m
2026-05-21 18:27:00+00:00,715.02001953125,715.02001953125,714.7000122070312,714.7899780273438,21986,QQQ,1m
2026-05-21 18:28:00+00:00,714.760009765625,715.2598876953125,714.75,715.1240844726562,31373,QQQ,1m
2026-05-21 18:29:00+00:00,715.0999755859375,715.1694946289062,714.7999877929688,714.8250122070312,16839,QQQ,1m
2026-05-21 18:30:00+00:00,714.8300170898438,714.9500122070312,714.5449829101562,714.8099975585938,46165,QQQ,1m
2026-05-21 18:31:00+00:00,714.8300170898438,715.0599975585938,714.7899780273438,714.9199829101562,24497,QQQ,1m
2026-05-21 18:32:00+00:00,715.030029296875,715.030029296875,714.5001831054688,714.530029296875,46885,QQQ,1m
2026-05-21 18:33:00+00:00,714.5,714.6799926757812,714.4000244140625,714.5999755859375,31007,QQQ,1m
2026-05-21 18:34:00+00:00,714.60498046875,714.7304077148438,714.5399780273438,714.7299194335938,22960,QQQ,1m
2026-05-21 18:35:00+00:00,714.7050170898438,714.719970703125,714.489990234375,714.5700073242188,19173,QQQ,1m
2026-05-21 18:36:00+00:00,714.5549926757812,714.8400268554688,714.4500122070312,714.6199951171875,45480,QQQ,1m
2026-05-21 18:37:00+00:00,714.6099853515625,714.7899780273438,714.5601196289062,714.594970703125,14979,QQQ,1m
2026-05-21 18:38:00+00:00,714.5900268554688,714.6400146484375,714.2800903320312,714.6099853515625,25681,QQQ,1m
2026-05-21 18:39:00+00:00,714.6099853515625,714.6099853515625,714.2800903320312,714.4500122070312,19676,QQQ,1m
2026-05-21 18:40:00+00:00,714.4099731445312,714.8699951171875,714.3900146484375,714.8699951171875,33006,QQQ,1m
2026-05-21 18:41:00+00:00,714.9099731445312,715.0499877929688,714.7800903320312,714.8400268554688,24681,QQQ,1m
2026-05-21 18:42:00+00:00,714.8499755859375,714.8699951171875,714.6849975585938,714.8400268554688,24415,QQQ,1m
2026-05-21 18:43:00+00:00,714.8150024414062,714.9567260742188,714.6701049804688,714.8200073242188,21917,QQQ,1m
2026-05-21 18:44:00+00:00,714.864990234375,714.9600219726562,714.7700805664062,714.7899780273438,16424,QQQ,1m
2026-05-21 18:45:00+00:00,714.748291015625,714.97998046875,714.4700927734375,714.6199951171875,19587,QQQ,1m
2026-05-21 18:46:00+00:00,714.5900268554688,714.6099853515625,714.0800170898438,714.1500244140625,55797,QQQ,1m
2026-05-21 18:47:00+00:00,714.1900024414062,714.4498901367188,714.1900024414062,714.3800048828125,29685,QQQ,1m
2026-05-21 18:48:00+00:00,714.3800048828125,714.4600219726562,713.0900268554688,713.7100219726562,198569,QQQ,1m
2026-05-21 18:49:00+00:00,713.7100219726562,713.989990234375,713.47998046875,713.5401000976562,107065,QQQ,1m
2026-05-21 18:50:00+00:00,713.5399780273438,714.0399780273438,713.4000244140625,713.9500122070312,88620,QQQ,1m
2026-05-21 18:51:00+00:00,713.780029296875,714.1099853515625,713.6799926757812,714.1099853515625,43236,QQQ,1m
2026-05-21 18:52:00+00:00,714.094970703125,714.094970703125,711.9600219726562,712.3200073242188,287431,QQQ,1m
2026-05-21 18:53:00+00:00,712.3300170898438,713.0,712.1400146484375,712.1749877929688,127103,QQQ,1m
2026-05-21 18:54:00+00:00,712.1599731445312,712.6500244140625,711.1300048828125,711.1799926757812,222741,QQQ,1m
2026-05-21 18:55:00+00:00,711.219970703125,711.5250244140625,710.9400024414062,711.280029296875,211617,QQQ,1m
2026-05-21 18:56:00+00:00,711.3099975585938,711.60498046875,710.9099731445312,711.0800170898438,159498,QQQ,1m
2026-05-21 18:57:00+00:00,711.0700073242188,711.6129150390625,710.9299926757812,711.405029296875,68849,QQQ,1m
2026-05-21 18:58:00+00:00,711.4600219726562,711.6170043945312,711.1500244140625,711.3800048828125,174998,QQQ,1m
2026-05-21 18:59:00+00:00,711.3400268554688,711.9000244140625,711.2100219726562,711.8800048828125,114595,QQQ,1m
2026-05-21 19:00:00+00:00,711.9199829101562,712.3499755859375,711.8400268554688,712.1300048828125,245224,QQQ,1m
2026-05-21 19:01:00+00:00,712.1099853515625,712.7999877929688,712.010009765625,712.6599731445312,175636,QQQ,1m
2026-05-21 19:02:00+00:00,712.6599731445312,712.72998046875,712.2401123046875,712.2401123046875,66320,QQQ,1m
2026-05-21 19:03:00+00:00,712.260009765625,712.9199829101562,712.260009765625,712.8400268554688,69435,QQQ,1m
2026-05-21 19:04:00+00:00,712.8300170898438,712.8800048828125,712.6201171875,712.7849731445312,58438,QQQ,1m
2026-05-21 19:05:00+00:00,712.7999877929688,712.8900146484375,712.5300903320312,712.5499877929688,41579,QQQ,1m
2026-05-21 19:06:00+00:00,712.625,712.7399291992188,712.0800170898438,712.3599853515625,60816,QQQ,1m
2026-05-21 19:07:00+00:00,712.3300170898438,712.4500122070312,712.1400146484375,712.3099975585938,57934,QQQ,1m
2026-05-21 19:08:00+00:00,712.2899169921875,713.3400268554688,712.2100219726562,713.1799926757812,94306,QQQ,1m
2026-05-21 19:09:00+00:00,713.1500244140625,713.4598999023438,713.1199951171875,713.39990234375,26214,QQQ,1m
2026-05-21 19:10:00+00:00,713.3300170898438,713.52001953125,713.0999755859375,713.3413696289062,56150,QQQ,1m
2026-05-21 19:11:00+00:00,713.3690185546875,713.3690185546875,712.969970703125,713.0,69770,QQQ,1m
2026-05-21 19:12:00+00:00,712.9949951171875,713.3499755859375,712.9400024414062,713.344970703125,30132,QQQ,1m
2026-05-21 19:13:00+00:00,713.3298950195312,713.5800170898438,713.2700805664062,713.344970703125,30893,QQQ,1m
2026-05-21 19:14:00+00:00,713.3200073242188,713.6900024414062,713.2100219726562,713.6804809570312,39969,QQQ,1m
2026-05-21 19:15:00+00:00,713.7000122070312,713.8800048828125,713.6723022460938,713.8699951171875,73185,QQQ,1m
2026-05-21 19:16:00+00:00,713.9299926757812,713.969970703125,713.7000122070312,713.739990234375,30933,QQQ,1m
2026-05-21 19:17:00+00:00,713.7698974609375,713.8400268554688,713.47998046875,713.8400268554688,31791,QQQ,1m
2026-05-21 19:18:00+00:00,713.8099975585938,714.0,713.760009765625,713.969970703125,36379,QQQ,1m
2026-05-21 19:19:00+00:00,713.9500122070312,714.0800170898438,713.8300170898438,714.0800170898438,68178,QQQ,1m
2026-05-21 19:20:00+00:00,714.0999755859375,714.219970703125,713.830078125,713.830078125,72933,QQQ,1m
2026-05-21 19:21:00+00:00,713.8499755859375,713.9500122070312,713.6500854492188,713.7000122070312,81143,QQQ,1m
2026-05-21 19:22:00+00:00,713.6900024414062,714.02001953125,713.52001953125,713.9700927734375,25403,QQQ,1m
2026-05-21 19:23:00+00:00,713.8900146484375,714.0700073242188,713.85498046875,713.9500122070312,40517,QQQ,1m
2026-05-21 19:24:00+00:00,714.010009765625,714.0999755859375,713.9000244140625,713.968994140625,33802,QQQ,1m
2026-05-21 19:25:00+00:00,714.0,714.0599975585938,713.7999877929688,714.0100708007812,36480,QQQ,1m
2026-05-21 19:26:00+00:00,713.989990234375,714.0900268554688,713.907470703125,713.9500122070312,30282,QQQ,1m
2026-05-21 19:27:00+00:00,713.9498901367188,713.9500122070312,713.780029296875,713.8699951171875,52588,QQQ,1m
2026-05-21 19:28:00+00:00,713.8400268554688,714.3099975585938,713.8099975585938,714.1599731445312,54029,QQQ,1m
2026-05-21 19:29:00+00:00,714.1699829101562,714.2100219726562,713.7000122070312,714.0449829101562,114956,QQQ,1m
2026-05-21 19:30:00+00:00,714.02001953125,714.25,713.8189086914062,713.8300170898438,53328,QQQ,1m
2026-05-21 19:31:00+00:00,713.8800048828125,714.1799926757812,713.8599853515625,714.1600952148438,31518,QQQ,1m
2026-05-21 19:32:00+00:00,714.2000122070312,714.2000122070312,713.9199829101562,714.0499877929688,29117,QQQ,1m
2026-05-21 19:33:00+00:00,714.0599975585938,714.0599975585938,713.7100219726562,713.75,40473,QQQ,1m
2026-05-21 19:34:00+00:00,713.7000122070312,713.7999877929688,713.5800170898438,713.5800170898438,34322,QQQ,1m
2026-05-21 19:35:00+00:00,713.6099853515625,714.1199951171875,713.5900268554688,714.0800170898438,300487,QQQ,1m
2026-05-21 19:36:00+00:00,714.0900268554688,714.1439819335938,713.9099731445312,714.0599975585938,40241,QQQ,1m
2026-05-21 19:37:00+00:00,714.0499877929688,714.0499877929688,713.8505859375,713.969970703125,36589,QQQ,1m
2026-05-21 19:38:00+00:00,713.989990234375,714.1500244140625,713.9099731445312,714.02001953125,38364,QQQ,1m
2026-05-21 19:39:00+00:00,713.9600830078125,714.219970703125,713.9500122070312,714.1199951171875,38301,QQQ,1m
2026-05-21 19:40:00+00:00,714.1199951171875,714.47998046875,713.9100952148438,713.9299926757812,122291,QQQ,1m
2026-05-21 19:41:00+00:00,713.9000244140625,714.0198974609375,713.8150024414062,713.8150024414062,64220,QQQ,1m
2026-05-21 19:42:00+00:00,713.760009765625,713.8200073242188,713.4500122070312,713.5479736328125,82150,QQQ,1m
2026-05-21 19:43:00+00:00,713.5499877929688,714.0621948242188,713.4600219726562,713.989990234375,58266,QQQ,1m
2026-05-21 19:44:00+00:00,714.0,714.0800170898438,713.780029296875,713.780029296875,43781,QQQ,1m
2026-05-21 19:45:00+00:00,713.77001953125,713.77001953125,713.47998046875,713.6099853515625,45307,QQQ,1m
2026-05-21 19:46:00+00:00,713.6300048828125,714.030029296875,713.5399780273438,714.030029296875,56123,QQQ,1m
2026-05-21 19:47:00+00:00,714.02001953125,714.0850219726562,713.8800048828125,713.9757080078125,32867,QQQ,1m
2026-05-21 19:48:00+00:00,713.9400024414062,714.135009765625,713.9199829101562,713.980712890625,27405,QQQ,1m
2026-05-21 19:49:00+00:00,714.02001953125,714.0499877929688,713.8800048828125,714.0499877929688,42854,QQQ,1m
2026-05-21 19:50:00+00:00,714.0499877929688,714.5499877929688,713.8900146484375,714.38037109375,133654,QQQ,1m
2026-05-21 19:51:00+00:00,714.3800048828125,714.489990234375,714.219970703125,714.2899780273438,54132,QQQ,1m
2026-05-21 19:52:00+00:00,714.27001953125,714.4199829101562,714.1500244140625,714.27001953125,111539,QQQ,1m
2026-05-21 19:53:00+00:00,714.280029296875,714.4500122070312,714.0800170898438,714.1500244140625,142292,QQQ,1m
2026-05-21 19:54:00+00:00,714.1199951171875,714.219970703125,713.4199829101562,713.9000244140625,388957,QQQ,1m
2026-05-21 19:55:00+00:00,713.7899780273438,714.0264282226562,713.4099731445312,713.8499755859375,152997,QQQ,1m
2026-05-21 19:56:00+00:00,713.8400268554688,714.5399780273438,713.719970703125,714.5222778320312,238977,QQQ,1m
2026-05-21 19:57:00+00:00,714.47998046875,714.9000244140625,714.3699951171875,714.6099853515625,264710,QQQ,1m
2026-05-21 19:58:00+00:00,714.6400146484375,714.77001953125,714.5499877929688,714.5900268554688,87678,QQQ,1m
2026-05-21 19:59:00+00:00,714.5800170898438,714.8900146484375,714.260009765625,714.4400024414062,448066,QQQ,1m
2026-05-22 13:30:00+00:00,718.0599975585938,719.0399780273438,717.4199829101562,719.030029296875,2121586,QQQ,1m
2026-05-22 13:31:00+00:00,719.010009765625,719.6699829101562,718.9199829101562,719.6099853515625,132368,QQQ,1m
2026-05-22 13:32:00+00:00,719.6799926757812,719.9588012695312,719.3900146484375,719.5401000976562,101819,QQQ,1m
2026-05-22 13:33:00+00:00,719.5599975585938,719.6500244140625,718.52001953125,718.6749877929688,161057,QQQ,1m
2026-05-22 13:34:00+00:00,718.77001953125,719.7498779296875,718.5349731445312,719.7498779296875,127989,QQQ,1m
2026-05-22 13:35:00+00:00,719.75,719.8800048828125,719.4400024414062,719.6799926757812,142289,QQQ,1m
2026-05-22 13:36:00+00:00,719.7100219726562,720.0599975585938,719.47998046875,719.8250122070312,155872,QQQ,1m
2026-05-22 13:37:00+00:00,719.7949829101562,720.6599731445312,719.75,720.6199951171875,147780,QQQ,1m
2026-05-22 13:38:00+00:00,720.6199951171875,720.7000122070312,720.3200073242188,720.5999755859375,168280,QQQ,1m
2026-05-22 13:39:00+00:00,720.6199951171875,720.9400024414062,720.4000244140625,720.7999877929688,133700,QQQ,1m
2026-05-22 13:40:00+00:00,720.8099975585938,721.3300170898438,720.2999877929688,720.3400268554688,155608,QQQ,1m
2026-05-22 13:41:00+00:00,720.3300170898438,720.5700073242188,720.1599731445312,720.4099731445312,106202,QQQ,1m
2026-05-22 13:42:00+00:00,720.3699951171875,720.4201049804688,718.97998046875,719.219970703125,206315,QQQ,1m
2026-05-22 13:43:00+00:00,719.2100219726562,719.969970703125,719.0700073242188,719.905029296875,98236,QQQ,1m
2026-05-22 13:44:00+00:00,719.9000244140625,720.1099853515625,719.27001953125,719.5599975585938,120312,QQQ,1m
2026-05-22 13:45:00+00:00,719.5900268554688,720.1799926757812,719.5700073242188,720.1400146484375,81292,QQQ,1m
2026-05-22 13:46:00+00:00,720.135009765625,720.1599731445312,719.780029296875,719.8499755859375,104006,QQQ,1m
2026-05-22 13:47:00+00:00,719.760009765625,719.8400268554688,719.530029296875,719.7999877929688,84756,QQQ,1m
2026-05-22 13:48:00+00:00,719.780029296875,719.8400268554688,719.0,719.1400146484375,104877,QQQ,1m
2026-05-22 13:49:00+00:00,719.0800170898438,719.4099731445312,718.9400024414062,719.2301025390625,103373,QQQ,1m
2026-05-22 13:50:00+00:00,719.280029296875,719.3800048828125,718.6500244140625,718.72998046875,96422,QQQ,1m
2026-05-22 13:51:00+00:00,718.6900024414062,719.0,718.2017211914062,718.8800048828125,113131,QQQ,1m
2026-05-22 13:52:00+00:00,718.8699951171875,718.8699951171875,718.4400024414062,718.65869140625,63108,QQQ,1m
2026-05-22 13:53:00+00:00,718.6799926757812,719.1950073242188,718.469970703125,719.1583862304688,83652,QQQ,1m
2026-05-22 13:54:00+00:00,719.1495971679688,719.3800048828125,718.8800048828125,719.2050170898438,149116,QQQ,1m
2026-05-22 13:55:00+00:00,719.1530151367188,719.4400024414062,718.5349731445312,718.6900024414062,257990,QQQ,1m
2026-05-22 13:56:00+00:00,718.7100219726562,718.7999877929688,718.3400268554688,718.5700073242188,76413,QQQ,1m
2026-05-22 13:57:00+00:00,718.5700073242188,718.864990234375,718.3599853515625,718.57080078125,103296,QQQ,1m
2026-05-22 13:58:00+00:00,718.6099853515625,718.8200073242188,718.3419799804688,718.6599731445312,71714,QQQ,1m
2026-05-22 13:59:00+00:00,718.72998046875,719.5750122070312,718.72998046875,719.5449829101562,64336,QQQ,1m
2026-05-22 14:00:00+00:00,719.510009765625,719.5700073242188,718.0499877929688,718.25,152219,QQQ,1m
2026-05-22 14:01:00+00:00,718.260009765625,718.510009765625,717.75,717.869873046875,140048,QQQ,1m
2026-05-22 14:02:00+00:00,717.8400268554688,718.2100219726562,717.0900268554688,717.5800170898438,163446,QQQ,1m
2026-05-22 14:03:00+00:00,717.5499877929688,717.9598999023438,717.340087890625,717.77001953125,74189,QQQ,1m
2026-05-22 14:04:00+00:00,717.77001953125,717.9299926757812,717.489990234375,717.7899780273438,63249,QQQ,1m
2026-05-22 14:05:00+00:00,717.780029296875,717.780029296875,717.260009765625,717.5350952148438,51471,QQQ,1m
2026-05-22 14:06:00+00:00,717.5018920898438,717.5999755859375,716.3800048828125,717.0588989257812,149834,QQQ,1m
2026-05-22 14:07:00+00:00,717.0900268554688,717.2999877929688,716.8900146484375,717.1099853515625,57056,QQQ,1m
2026-05-22 14:08:00+00:00,717.1300048828125,717.77001953125,717.1300048828125,717.719970703125,112467,QQQ,1m
2026-05-22 14:09:00+00:00,717.719970703125,717.8599853515625,717.2899780273438,717.7000122070312,80934,QQQ,1m
2026-05-22 14:10:00+00:00,717.6900024414062,718.0780029296875,717.6199951171875,717.9099731445312,125916,QQQ,1m
2026-05-22 14:11:00+00:00,717.9365234375,718.1900024414062,717.7305297851562,718.0800170898438,87635,QQQ,1m
2026-05-22 14:12:00+00:00,718.0800170898438,718.2899780273438,717.9000244140625,718.0499267578125,93655,QQQ,1m
2026-05-22 14:13:00+00:00,718.0399780273438,718.1199951171875,717.3900146484375,717.6500244140625,97728,QQQ,1m
2026-05-22 14:14:00+00:00,717.6799926757812,717.780029296875,717.47998046875,717.7100219726562,54302,QQQ,1m
2026-05-22 14:15:00+00:00,717.719970703125,718.5700073242188,717.530029296875,718.2100219726562,99324,QQQ,1m
2026-05-22 14:16:00+00:00,718.219970703125,718.3099975585938,717.6699829101562,717.9199829101562,54157,QQQ,1m
2026-05-22 14:17:00+00:00,717.8900146484375,718.1300048828125,717.7000122070312,717.7899780273438,39931,QQQ,1m
2026-05-22 14:18:00+00:00,717.780029296875,717.9000244140625,717.2420043945312,717.614990234375,92898,QQQ,1m
2026-05-22 14:19:00+00:00,717.5999755859375,717.6599731445312,717.260009765625,717.3699951171875,55139,QQQ,1m
2026-05-22 14:20:00+00:00,717.380126953125,717.5599975585938,717.1900024414062,717.4600219726562,76011,QQQ,1m
2026-05-22 14:21:00+00:00,717.4299926757812,717.4400024414062,716.9500122070312,717.2100219726562,80068,QQQ,1m
2026-05-22 14:22:00+00:00,717.2000122070312,717.2000122070312,716.7050170898438,716.7100219726562,90929,QQQ,1m
2026-05-22 14:23:00+00:00,716.73876953125,716.73876953125,716.0,716.0,120146,QQQ,1m
2026-05-22 14:24:00+00:00,715.969970703125,716.719970703125,715.969970703125,716.5499877929688,98373,QQQ,1m
2026-05-22 14:25:00+00:00,716.6201171875,717.0499877929688,716.4400024414062,717.0499877929688,80980,QQQ,1m
2026-05-22 14:26:00+00:00,717.0800170898438,717.3200073242188,716.8900146484375,716.9000244140625,115923,QQQ,1m
2026-05-22 14:27:00+00:00,716.9600219726562,717.3599853515625,716.7999877929688,717.280029296875,109482,QQQ,1m
2026-05-22 14:28:00+00:00,717.2899780273438,717.4400024414062,717.0599975585938,717.4299926757812,74223,QQQ,1m
2026-05-22 14:29:00+00:00,717.4299926757812,717.760009765625,717.3200073242188,717.719970703125,118379,QQQ,1m
2026-05-22 14:30:00+00:00,717.7100219726562,718.0,717.489990234375,717.8049926757812,92056,QQQ,1m
2026-05-22 14:31:00+00:00,717.7999877929688,718.125,717.7000122070312,717.989990234375,51763,QQQ,1m
2026-05-22 14:32:00+00:00,718.0,718.1099853515625,717.77001953125,718.010009765625,54798,QQQ,1m
2026-05-22 14:33:00+00:00,718.0250244140625,718.47998046875,717.97998046875,718.385009765625,67378,QQQ,1m
2026-05-22 14:34:00+00:00,718.4039916992188,718.5800170898438,718.3200073242188,718.489990234375,61192,QQQ,1m
2026-05-22 14:35:00+00:00,718.5128173828125,718.7098999023438,718.239990234375,718.3900146484375,70503,QQQ,1m
2026-05-22 14:36:00+00:00,718.4000244140625,718.8599853515625,718.3900146484375,718.72998046875,56181,QQQ,1m
2026-05-22 14:37:00+00:00,718.739990234375,718.8599853515625,718.530029296875,718.77001953125,100433,QQQ,1m
2026-05-22 14:38:00+00:00,718.7700805664062,718.8400268554688,718.3900146484375,718.8400268554688,56686,QQQ,1m
2026-05-22 14:39:00+00:00,718.8499755859375,718.97998046875,718.6300048828125,718.739990234375,70457,QQQ,1m
2026-05-22 14:40:00+00:00,718.739990234375,719.1699829101562,718.6400756835938,719.1300048828125,80835,QQQ,1m
2026-05-22 14:41:00+00:00,719.1199951171875,719.280029296875,718.8699951171875,719.2100219726562,55611,QQQ,1m
2026-05-22 14:42:00+00:00,719.2100219726562,719.3099975585938,718.97998046875,719.2899780273438,90713,QQQ,1m
2026-05-22 14:43:00+00:00,719.3200073242188,719.3699951171875,718.989990234375,719.0999755859375,81898,QQQ,1m
2026-05-22 14:44:00+00:00,719.1500244140625,719.4699096679688,719.1500244140625,719.4298706054688,77509,QQQ,1m
2026-05-22 14:45:00+00:00,719.4500122070312,719.5299072265625,719.1400146484375,719.1799926757812,63215,QQQ,1m
2026-05-22 14:46:00+00:00,719.1699829101562,719.280029296875,719.0999755859375,719.22998046875,53381,QQQ,1m
2026-05-22 14:47:00+00:00,719.27001953125,719.2899780273438,718.77001953125,719.0888061523438,59091,QQQ,1m
2026-05-22 14:48:00+00:00,719.0599975585938,719.52001953125,719.010009765625,719.3804931640625,38358,QQQ,1m
2026-05-22 14:49:00+00:00,719.4099731445312,719.530029296875,719.2899780273438,719.3200073242188,41310,QQQ,1m
2026-05-22 14:50:00+00:00,719.2999877929688,719.3300170898438,719.027587890625,719.0599975585938,57204,QQQ,1m
2026-05-22 14:51:00+00:00,719.02001953125,719.3499145507812,718.8800048828125,719.3099975585938,73491,QQQ,1m
2026-05-22 14:52:00+00:00,719.2999877929688,719.3800048828125,719.0919189453125,719.3200073242188,28087,QQQ,1m
2026-05-22 14:53:00+00:00,719.3099975585938,719.3200073242188,719.0499877929688,719.1699829101562,35767,QQQ,1m
2026-05-22 14:54:00+00:00,719.1699829101562,719.2899780273438,718.989990234375,719.22998046875,60341,QQQ,1m
2026-05-22 14:55:00+00:00,719.219970703125,719.4400024414062,719.1500244140625,719.4099731445312,39963,QQQ,1m
2026-05-22 14:56:00+00:00,719.4301147460938,719.7999877929688,719.3499755859375,719.6199951171875,94258,QQQ,1m
2026-05-22 14:57:00+00:00,719.6300048828125,719.7949829101562,719.5700073242188,719.6400146484375,42288,QQQ,1m
2026-05-22 14:58:00+00:00,719.64501953125,719.8679809570312,719.6099853515625,719.7899780273438,26119,QQQ,1m
2026-05-22 14:59:00+00:00,719.7999877929688,719.7999877929688,719.530029296875,719.6699829101562,57683,QQQ,1m
2026-05-22 15:00:00+00:00,719.7100219726562,719.8099975585938,719.6400146484375,719.7899780273438,45194,QQQ,1m
2026-05-22 15:01:00+00:00,719.77001953125,720.0599975585938,719.77001953125,720.010009765625,78247,QQQ,1m
2026-05-22 15:02:00+00:00,720.02001953125,720.0599975585938,719.760009765625,719.9500122070312,41109,QQQ,1m
2026-05-22 15:03:00+00:00,719.9600219726562,720.14990234375,719.9199829101562,720.0499877929688,39478,QQQ,1m
2026-05-22 15:04:00+00:00,720.0399780273438,720.3699951171875,720.0399780273438,720.25,41108,QQQ,1m
2026-05-22 15:05:00+00:00,720.25,720.6699829101562,720.25,720.6300048828125,114919,QQQ,1m
2026-05-22 15:06:00+00:00,720.635009765625,720.739990234375,720.4500122070312,720.5,98079,QQQ,1m
2026-05-22 15:07:00+00:00,720.469970703125,720.5800170898438,720.3699951171875,720.489990234375,47573,QQQ,1m
2026-05-22 15:08:00+00:00,720.5,720.52001953125,720.3699951171875,720.3900146484375,36609,QQQ,1m
2026-05-22 15:09:00+00:00,720.3800048828125,720.8200073242188,720.2999877929688,720.7999877929688,60283,QQQ,1m
2026-05-22 15:10:00+00:00,720.760009765625,720.8200073242188,720.6699829101562,720.7650146484375,36308,QQQ,1m
2026-05-22 15:11:00+00:00,720.75,720.7802734375,720.4600219726562,720.5,45400,QQQ,1m
2026-05-22 15:12:00+00:00,720.5,720.760009765625,720.450927734375,720.75,41424,QQQ,1m
2026-05-22 15:13:00+00:00,720.7598876953125,720.8300170898438,720.6199951171875,720.6900024414062,97883,QQQ,1m
2026-05-22 15:14:00+00:00,720.7000122070312,720.7050170898438,720.5499877929688,720.6849975585938,30117,QQQ,1m
2026-05-22 15:15:00+00:00,720.6900024414062,720.8200073242188,720.5401000976562,720.8200073242188,31593,QQQ,1m
2026-05-22 15:16:00+00:00,720.77001953125,720.9000244140625,720.719970703125,720.75,51143,QQQ,1m
2026-05-22 15:17:00+00:00,720.760009765625,720.9500122070312,720.739990234375,720.9299926757812,25261,QQQ,1m
2026-05-22 15:18:00+00:00,720.8800048828125,720.9600219726562,720.7999877929688,720.8800048828125,43830,QQQ,1m
2026-05-22 15:19:00+00:00,720.875,721.0,720.7999877929688,720.9799194335938,66036,QQQ,1m
2026-05-22 15:20:00+00:00,720.969970703125,720.99951171875,720.7600708007812,720.989990234375,26730,QQQ,1m
2026-05-22 15:21:00+00:00,720.989990234375,720.989990234375,720.7410278320312,720.75,34313,QQQ,1m
2026-05-22 15:22:00+00:00,720.739990234375,720.8150024414062,720.4813232421875,720.5299072265625,66308,QQQ,1m
2026-05-22 15:23:00+00:00,720.510009765625,720.5399780273438,720.4000244140625,720.5,124918,QQQ,1m
2026-05-22 15:24:00+00:00,720.5,720.5999755859375,720.3599853515625,720.47998046875,53979,QQQ,1m
2026-05-22 15:25:00+00:00,720.4849853515625,720.5587768554688,720.2100219726562,720.530029296875,74061,QQQ,1m
2026-05-22 15:26:00+00:00,720.530029296875,720.7999877929688,720.5200805664062,720.5999755859375,62124,QQQ,1m
2026-05-22 15:27:00+00:00,720.6099243164062,720.8699951171875,720.5756225585938,720.853515625,39070,QQQ,1m
2026-05-22 15:28:00+00:00,720.8400268554688,720.989990234375,720.8049926757812,720.951416015625,23172,QQQ,1m
2026-05-22 15:29:00+00:00,720.97998046875,721.1599731445312,720.9550170898438,721.1400146484375,57949,QQQ,1m
2026-05-22 15:30:00+00:00,721.1699829101562,721.1799926757812,720.9400024414062,721.110107421875,85605,QQQ,1m
2026-05-22 15:31:00+00:00,721.1300048828125,721.280029296875,721.0700073242188,721.130126953125,365807,QQQ,1m
2026-05-22 15:32:00+00:00,721.1099853515625,721.1500244140625,720.9199829101562,721.010009765625,66273,QQQ,1m
2026-05-22 15:33:00+00:00,721.0,721.0900268554688,720.739990234375,720.7849731445312,36441,QQQ,1m
2026-05-22 15:34:00+00:00,720.7999877929688,720.8900146484375,720.739990234375,720.7899780273438,29998,QQQ,1m
2026-05-22 15:35:00+00:00,720.780029296875,720.8800048828125,720.5701293945312,720.8300170898438,25358,QQQ,1m
2026-05-22 15:36:00+00:00,720.8200073242188,721.030029296875,720.7899780273438,721.030029296875,27638,QQQ,1m
2026-05-22 15:37:00+00:00,721.0700073242188,721.1199951171875,720.7800903320312,720.7800903320312,54283,QQQ,1m
2026-05-22 15:38:00+00:00,720.7899780273438,720.8200073242188,720.719970703125,720.7999877929688,17935,QQQ,1m
2026-05-22 15:39:00+00:00,720.7899780273438,720.8099975585938,720.6400146484375,720.75,42645,QQQ,1m
2026-05-22 15:40:00+00:00,720.719970703125,720.9498901367188,720.6599731445312,720.780029296875,23194,QQQ,1m
2026-05-22 15:41:00+00:00,720.7789916992188,720.7899780273438,720.4400024414062,720.6300048828125,54031,QQQ,1m
2026-05-22 15:42:00+00:00,720.5999755859375,720.655029296875,720.5399780273438,720.6300048828125,30467,QQQ,1m
2026-05-22 15:43:00+00:00,720.6099853515625,720.8599853515625,720.5700073242188,720.719970703125,30028,QQQ,1m
2026-05-22 15:44:00+00:00,720.6563110351562,720.8800048828125,720.6506958007812,720.8400268554688,31406,QQQ,1m
2026-05-22 15:45:00+00:00,720.8599853515625,720.8599853515625,720.5800170898438,720.7000732421875,33339,QQQ,1m
2026-05-22 15:46:00+00:00,720.7000122070312,720.7999877929688,720.6199951171875,720.6699829101562,24052,QQQ,1m
2026-05-22 15:47:00+00:00,720.6799926757812,720.7100219726562,720.47998046875,720.5399780273438,30383,QQQ,1m
2026-05-22 15:48:00+00:00,720.52001953125,720.52001953125,720.22998046875,720.260009765625,42467,QQQ,1m
2026-05-22 15:49:00+00:00,720.27001953125,720.3599853515625,720.02001953125,720.0549926757812,35338,QQQ,1m
2026-05-22 15:50:00+00:00,720.0399780273438,720.4000244140625,720.030029296875,720.3599853515625,94541,QQQ,1m
2026-05-22 15:51:00+00:00,720.35498046875,720.5999755859375,720.3200073242188,720.5900268554688,66556,QQQ,1m
2026-05-22 15:52:00+00:00,720.6300048828125,720.6300048828125,720.3900146484375,720.510009765625,67061,QQQ,1m
2026-05-22 15:53:00+00:00,720.510009765625,720.7098999023438,720.510009765625,720.7098999023438,45625,QQQ,1m
2026-05-22 15:54:00+00:00,720.7100219726562,720.780029296875,720.5,720.6300048828125,66556,QQQ,1m
2026-05-22 15:55:00+00:00,720.6500244140625,720.739990234375,720.510009765625,720.5700073242188,45971,QQQ,1m
2026-05-22 15:56:00+00:00,720.5900268554688,720.760009765625,720.5499877929688,720.739990234375,31055,QQQ,1m
2026-05-22 15:57:00+00:00,720.7449951171875,720.75,720.489990234375,720.510009765625,55049,QQQ,1m
2026-05-22 15:58:00+00:00,720.510009765625,720.739990234375,720.47998046875,720.6749877929688,36157,QQQ,1m
2026-05-22 15:59:00+00:00,720.6799926757812,720.75,720.6400146484375,720.6699829101562,47686,QQQ,1m
2026-05-22 16:00:00+00:00,720.6799926757812,720.739990234375,720.1699829101562,720.3900146484375,152370,QQQ,1m
2026-05-22 16:01:00+00:00,720.3839721679688,720.760009765625,720.27001953125,720.7590942382812,39865,QQQ,1m
2026-05-22 16:02:00+00:00,720.7109985351562,720.8200073242188,720.6300048828125,720.7326049804688,19302,QQQ,1m
2026-05-22 16:03:00+00:00,720.7100219726562,720.72998046875,720.5399780273438,720.72998046875,12931,QQQ,1m
2026-05-22 16:04:00+00:00,720.719970703125,720.739990234375,720.52001953125,720.594970703125,17046,QQQ,1m
2026-05-22 16:05:00+00:00,720.5499877929688,720.7100219726562,720.4500122070312,720.5349731445312,39096,QQQ,1m
2026-05-22 16:06:00+00:00,720.5399780273438,720.5800170898438,720.3400268554688,720.3400268554688,79414,QQQ,1m
2026-05-22 16:07:00+00:00,720.3699951171875,720.4598999023438,720.22998046875,720.3800048828125,27722,QQQ,1m
2026-05-22 16:08:00+00:00,720.3699951171875,720.52001953125,720.3499755859375,720.4600219726562,31838,QQQ,1m
2026-05-22 16:09:00+00:00,720.5,720.510009765625,720.2999877929688,720.35498046875,16379,QQQ,1m
2026-05-22 16:10:00+00:00,720.3930053710938,720.5,720.3099975585938,720.3400268554688,23072,QQQ,1m
2026-05-22 16:11:00+00:00,720.3375244140625,720.5316772460938,720.1400146484375,720.5316772460938,40651,QQQ,1m
2026-05-22 16:12:00+00:00,720.4949951171875,720.6400146484375,720.4600219726562,720.5549926757812,90047,QQQ,1m
2026-05-22 16:13:00+00:00,720.5549926757812,720.6300048828125,720.489990234375,720.5700073242188,23148,QQQ,1m
2026-05-22 16:14:00+00:00,720.5700073242188,720.6599731445312,720.52001953125,720.52001953125,15710,QQQ,1m
2026-05-22 16:15:00+00:00,720.510009765625,720.510009765625,719.9000244140625,719.9492797851562,83020,QQQ,1m
2026-05-22 16:16:00+00:00,719.9100952148438,720.3300170898438,719.9100952148438,720.22998046875,28069,QQQ,1m
2026-05-22 16:17:00+00:00,720.22998046875,720.3599853515625,720.0200805664062,720.10498046875,17641,QQQ,1m
2026-05-22 16:18:00+00:00,720.1099853515625,720.1099853515625,719.719970703125,719.9949951171875,43118,QQQ,1m
2026-05-22 16:19:00+00:00,719.9949951171875,720.0050048828125,719.6649780273438,719.72998046875,27941,QQQ,1m
2026-05-22 16:20:00+00:00,719.6749877929688,719.8900146484375,719.6199951171875,719.8900146484375,40896,QQQ,1m
2026-05-22 16:21:00+00:00,719.9199829101562,720.125,719.9105834960938,720.02001953125,22541,QQQ,1m
2026-05-22 16:22:00+00:00,720.02001953125,720.1300048828125,719.9400024414062,720.0599975585938,12199,QQQ,1m
2026-05-22 16:23:00+00:00,720.02001953125,720.0449829101562,719.6701049804688,719.7799072265625,21032,QQQ,1m
2026-05-22 16:24:00+00:00,719.7550048828125,719.77001953125,719.6099853515625,719.6300048828125,33235,QQQ,1m
2026-05-22 16:25:00+00:00,719.6300048828125,719.89501953125,719.489990234375,719.89501953125,30514,QQQ,1m
2026-05-22 16:26:00+00:00,719.8900146484375,719.989990234375,719.8200073242188,719.9550170898438,19289,QQQ,1m
2026-05-22 16:27:00+00:00,719.9998779296875,720.0499877929688,719.9450073242188,719.9600219726562,18861,QQQ,1m
2026-05-22 16:28:00+00:00,719.9600219726562,720.0098876953125,719.75,719.989990234375,22100,QQQ,1m
2026-05-22 16:29:00+00:00,720.0482177734375,720.1799926757812,719.9301147460938,720.1600952148438,129552,QQQ,1m
2026-05-22 16:30:00+00:00,720.2000122070312,720.4000244140625,720.1400146484375,720.3699951171875,36780,QQQ,1m
2026-05-22 16:31:00+00:00,720.3400268554688,720.4199829101562,720.230712890625,720.3900146484375,22590,QQQ,1m
2026-05-22 16:32:00+00:00,720.3800048828125,720.4199829101562,720.1104736328125,720.1199951171875,35389,QQQ,1m
2026-05-22 16:33:00+00:00,720.1500244140625,720.2650146484375,719.8198852539062,719.8800048828125,42327,QQQ,1m
2026-05-22 16:34:00+00:00,719.85009765625,719.8699951171875,719.5700073242188,719.5900268554688,199302,QQQ,1m
2026-05-22 16:35:00+00:00,719.5800170898438,719.8236083984375,719.489990234375,719.7930297851562,45622,QQQ,1m
2026-05-22 16:36:00+00:00,719.7899780273438,719.8400268554688,719.6699829101562,719.7899780273438,16333,QQQ,1m
2026-05-22 16:37:00+00:00,719.8200073242188,720.02001953125,719.8200073242188,720.0,35283,QQQ,1m
2026-05-22 16:38:00+00:00,719.97998046875,720.010009765625,719.6900024414062,719.7598876953125,122127,QQQ,1m
2026-05-22 16:39:00+00:00,719.77001953125,719.7899780273438,719.4000244140625,719.6400146484375,134067,QQQ,1m
2026-05-22 16:40:00+00:00,719.6400146484375,719.7100219726562,719.5,719.5,36750,QQQ,1m
2026-05-22 16:41:00+00:00,719.47998046875,719.6300048828125,719.4301147460938,719.5999755859375,56090,QQQ,1m
2026-05-22 16:42:00+00:00,719.5750122070312,719.6500244140625,719.5,719.52001953125,26016,QQQ,1m
2026-05-22 16:43:00+00:00,719.52001953125,719.7249145507812,719.469970703125,719.719970703125,23415,QQQ,1m
2026-05-22 16:44:00+00:00,719.7000122070312,719.8800048828125,719.47998046875,719.5601196289062,48488,QQQ,1m
2026-05-22 16:45:00+00:00,719.5700073242188,719.7899780273438,719.5549926757812,719.7899780273438,24056,QQQ,1m
2026-05-22 16:46:00+00:00,719.8400268554688,720.0999755859375,719.8399047851562,720.0,37606,QQQ,1m
2026-05-22 16:47:00+00:00,720.0001220703125,720.0599975585938,719.9199829101562,719.969970703125,16779,QQQ,1m
2026-05-22 16:48:00+00:00,719.97998046875,720.0,719.719970703125,719.8300170898438,83614,QQQ,1m
2026-05-22 16:49:00+00:00,719.8250122070312,719.8499755859375,719.6199951171875,719.6950073242188,22137,QQQ,1m
2026-05-22 16:50:00+00:00,719.6950073242188,719.760009765625,719.6400146484375,719.6718139648438,72604,QQQ,1m
2026-05-22 16:51:00+00:00,719.9000244140625,719.9349975585938,719.8200073242188,719.8900146484375,6561,QQQ,1m
2026-05-22 16:52:00+00:00,719.7999877929688,719.8900146484375,719.739990234375,719.8099975585938,13602,QQQ,1m
2026-05-22 16:53:00+00:00,719.8099975585938,720.1099853515625,719.8099975585938,720.0700073242188,27896,QQQ,1m
2026-05-22 16:54:00+00:00,720.0599975585938,720.2169799804688,719.989990234375,720.1849975585938,21552,QQQ,1m
2026-05-22 16:55:00+00:00,720.1799926757812,720.2307739257812,720.0551147460938,720.1199951171875,34463,QQQ,1m
2026-05-22 16:56:00+00:00,720.1358032226562,720.219970703125,720.010009765625,720.1099853515625,24982,QQQ,1m
2026-05-22 16:57:00+00:00,720.1099853515625,720.1099853515625,719.8300170898438,720.0449829101562,45673,QQQ,1m
2026-05-22 16:58:00+00:00,720.0800170898438,720.3300170898438,720.0399780273438,720.3300170898438,27304,QQQ,1m
2026-05-22 16:59:00+00:00,720.3200073242188,720.3416748046875,720.22998046875,720.3049926757812,44997,QQQ,1m
2026-05-22 17:00:00+00:00,720.3200073242188,720.7000122070312,720.3200073242188,720.6500854492188,71693,QQQ,1m
2026-05-22 17:01:00+00:00,720.6500244140625,720.7449951171875,720.580078125,720.719970703125,26630,QQQ,1m
2026-05-22 17:02:00+00:00,720.7200927734375,720.9299926757812,720.719970703125,720.8900146484375,32089,QQQ,1m
2026-05-22 17:03:00+00:00,720.9000244140625,720.97998046875,720.7899780273438,720.8350219726562,38723,QQQ,1m
2026-05-22 17:04:00+00:00,720.8200073242188,720.97998046875,720.7999877929688,720.9650268554688,60997,QQQ,1m
2026-05-22 17:05:00+00:00,720.989990234375,721.0798950195312,720.9149780273438,720.97998046875,48549,QQQ,1m
2026-05-22 17:06:00+00:00,720.989990234375,720.989990234375,720.7999877929688,720.8150024414062,42908,QQQ,1m
2026-05-22 17:07:00+00:00,720.8099975585938,721.1099853515625,720.7999877929688,721.0499877929688,44675,QQQ,1m
2026-05-22 17:08:00+00:00,721.0599975585938,721.0599975585938,720.8099975585938,720.8599853515625,390907,QQQ,1m
2026-05-22 17:09:00+00:00,720.8099975585938,720.969970703125,720.8099975585938,720.9349975585938,25366,QQQ,1m
2026-05-22 17:10:00+00:00,720.9299926757812,721.0800170898438,720.8300170898438,721.0449829101562,28875,QQQ,1m
2026-05-22 17:11:00+00:00,721.0449829101562,721.0499877929688,720.8400268554688,720.9400024414062,15319,QQQ,1m
2026-05-22 17:12:00+00:00,720.9199829101562,720.989990234375,720.75,720.9199829101562,42999,QQQ,1m
2026-05-22 17:13:00+00:00,720.8800048828125,720.9600219726562,720.8099975585938,720.875,17505,QQQ,1m
2026-05-22 17:14:00+00:00,720.8800048828125,721.02001953125,720.85498046875,720.9354858398438,22933,QQQ,1m
2026-05-22 17:15:00+00:00,720.9349975585938,721.0900268554688,720.9349975585938,720.9799194335938,33345,QQQ,1m
2026-05-22 17:16:00+00:00,720.9199829101562,721.02001953125,720.840087890625,720.8900146484375,21845,QQQ,1m
2026-05-22 17:17:00+00:00,720.9099731445312,720.9349975585938,720.8099975585938,720.8900146484375,54680,QQQ,1m
2026-05-22 17:18:00+00:00,720.8800048828125,720.9249877929688,720.6699829101562,720.6900024414062,20210,QQQ,1m
2026-05-22 17:19:00+00:00,720.7100219726562,720.780029296875,719.739990234375,719.9199829101562,101180,QQQ,1m
2026-05-22 17:20:00+00:00,719.8800048828125,720.52001953125,719.719970703125,720.4600219726562,115041,QQQ,1m
2026-05-22 17:21:00+00:00,720.4199829101562,720.5,720.280029296875,720.42919921875,25785,QQQ,1m
2026-05-22 17:22:00+00:00,720.3900146484375,720.6199951171875,720.3900146484375,720.52001953125,16421,QQQ,1m
2026-05-22 17:23:00+00:00,720.5299072265625,720.5499877929688,720.3300170898438,720.3699951171875,26048,QQQ,1m
2026-05-22 17:24:00+00:00,720.3699951171875,720.6699829101562,720.3489990234375,720.6300048828125,55200,QQQ,1m
2026-05-22 17:25:00+00:00,720.6500244140625,720.760009765625,720.4849853515625,720.7349853515625,28861,QQQ,1m
2026-05-22 17:26:00+00:00,720.739990234375,720.8300170898438,720.64501953125,720.7100219726562,21989,QQQ,1m
2026-05-22 17:27:00+00:00,720.719970703125,720.7349853515625,720.5399780273438,720.7100219726562,16474,QQQ,1m
2026-05-22 17:28:00+00:00,720.7000122070312,721.72998046875,720.4600219726562,721.2000122070312,412773,QQQ,1m
2026-05-22 17:29:00+00:00,721.1762084960938,721.8499755859375,720.8599853515625,721.8400268554688,174480,QQQ,1m
2026-05-22 17:30:00+00:00,721.8699951171875,722.1199951171875,721.469970703125,721.5399780273438,149744,QQQ,1m
2026-05-22 17:31:00+00:00,721.5700073242188,721.9099731445312,721.469970703125,721.5900268554688,62117,QQQ,1m
2026-05-22 17:32:00+00:00,721.5999755859375,721.7498779296875,721.22998046875,721.405029296875,112361,QQQ,1m
2026-05-22 17:33:00+00:00,721.3724975585938,721.3889770507812,721.0,721.0800170898438,62400,QQQ,1m
2026-05-22 17:34:00+00:00,721.030029296875,721.1599731445312,720.9299926757812,720.9349975585938,49921,QQQ,1m
2026-05-22 17:35:00+00:00,720.9500122070312,721.2598876953125,720.8200073242188,721.1483764648438,67667,QQQ,1m
2026-05-22 17:36:00+00:00,721.0999755859375,721.1370849609375,720.6199951171875,720.655029296875,56145,QQQ,1m
2026-05-22 17:37:00+00:00,720.6599731445312,721.1199951171875,720.6599731445312,721.0700073242188,29344,QQQ,1m
2026-05-22 17:38:00+00:00,721.0599975585938,721.3499755859375,721.0501098632812,721.2100219726562,61654,QQQ,1m
2026-05-22 17:39:00+00:00,721.27001953125,721.5,721.1801147460938,721.385009765625,64691,QQQ,1m
2026-05-22 17:40:00+00:00,721.3800048828125,721.4000244140625,721.2111206054688,721.280029296875,30044,QQQ,1m
2026-05-22 17:41:00+00:00,721.260009765625,721.3699951171875,721.1400146484375,721.2698974609375,17218,QQQ,1m
2026-05-22 17:42:00+00:00,721.27001953125,721.2999877929688,721.1500244140625,721.2899780273438,18817,QQQ,1m
2026-05-22 17:43:00+00:00,721.260009765625,721.4099731445312,721.2100219726562,721.2399291992188,23046,QQQ,1m
2026-05-22 17:44:00+00:00,721.219970703125,721.3499755859375,721.0,721.0549926757812,49474,QQQ,1m
2026-05-22 17:45:00+00:00,721.0570068359375,721.1400146484375,720.8900146484375,720.989990234375,38340,QQQ,1m
2026-05-22 17:46:00+00:00,720.97998046875,721.0800170898438,720.853515625,720.8900146484375,24007,QQQ,1m
2026-05-22 17:47:00+00:00,720.9249877929688,721.1799926757812,720.8200073242188,721.094970703125,40972,QQQ,1m
2026-05-22 17:48:00+00:00,721.1099853515625,721.2000122070312,720.969970703125,720.989990234375,15785,QQQ,1m
2026-05-22 17:49:00+00:00,721.0,721.02001953125,720.780029296875,720.8200073242188,23587,QQQ,1m
2026-05-22 17:50:00+00:00,720.8237915039062,720.9199829101562,720.4400024414062,720.5399780273438,181020,QQQ,1m
2026-05-22 17:51:00+00:00,720.5798950195312,720.77001953125,720.360107421875,720.7409057617188,55992,QQQ,1m
2026-05-22 17:52:00+00:00,720.760009765625,720.7999877929688,720.4400024414062,720.469970703125,25950,QQQ,1m
2026-05-22 17:53:00+00:00,720.469970703125,720.5999755859375,720.4500122070312,720.5599975585938,21580,QQQ,1m
2026-05-22 17:54:00+00:00,720.5599975585938,720.5599975585938,720.0800170898438,720.3699951171875,92438,QQQ,1m
2026-05-22 17:55:00+00:00,720.3900146484375,720.60498046875,720.35498046875,720.5894775390625,166166,QQQ,1m
2026-05-22 17:56:00+00:00,720.5700073242188,720.5700073242188,720.3099975585938,720.3200073242188,20156,QQQ,1m
2026-05-22 17:57:00+00:00,720.3499755859375,720.7849731445312,720.3499755859375,720.75,73741,QQQ,1m
2026-05-22 17:58:00+00:00,720.7100830078125,720.780029296875,720.6741943359375,720.760009765625,28656,QQQ,1m
2026-05-22 17:59:00+00:00,720.72998046875,720.72998046875,720.4349975585938,720.469970703125,34592,QQQ,1m
2026-05-22 18:00:00+00:00,720.4849853515625,720.5599975585938,720.280029296875,720.2899780273438,31027,QQQ,1m
2026-05-22 18:01:00+00:00,720.27001953125,720.3800048828125,720.1099853515625,720.3599853515625,59803,QQQ,1m
2026-05-22 18:02:00+00:00,720.3800048828125,720.6810302734375,720.3410034179688,720.6201171875,26859,QQQ,1m
2026-05-22 18:03:00+00:00,720.6199951171875,720.69873046875,720.5150146484375,720.6099853515625,30278,QQQ,1m
2026-05-22 18:04:00+00:00,720.6300048828125,720.7000122070312,719.719970703125,720.1500244140625,271984,QQQ,1m
2026-05-22 18:05:00+00:00,720.1300048828125,720.3800048828125,720.030029296875,720.2999877929688,36419,QQQ,1m
2026-05-22 18:06:00+00:00,720.3099975585938,720.3400268554688,720.1300048828125,720.2899780273438,18495,QQQ,1m
2026-05-22 18:07:00+00:00,720.3200073242188,720.5527954101562,720.2349853515625,720.47998046875,28880,QQQ,1m
2026-05-22 18:08:00+00:00,720.4598999023438,720.510009765625,720.3900146484375,720.4600219726562,20849,QQQ,1m
2026-05-22 18:09:00+00:00,720.4500122070312,720.5700073242188,720.4299926757812,720.4849853515625,133770,QQQ,1m
2026-05-22 18:10:00+00:00,720.4849853515625,720.7000122070312,720.3499755859375,720.3800048828125,41830,QQQ,1m
2026-05-22 18:11:00+00:00,720.375,720.4398803710938,720.1900024414062,720.22998046875,17707,QQQ,1m
2026-05-22 18:12:00+00:00,720.22998046875,720.22998046875,720.02001953125,720.1069946289062,28978,QQQ,1m
2026-05-22 18:13:00+00:00,720.1199951171875,720.2000122070312,720.0800170898438,720.155029296875,21306,QQQ,1m
2026-05-22 18:14:00+00:00,720.1500244140625,720.1898803710938,719.989990234375,720.1300048828125,24740,QQQ,1m
2026-05-22 18:15:00+00:00,720.1599731445312,720.1599731445312,719.8499755859375,719.8800048828125,352817,QQQ,1m
2026-05-22 18:16:00+00:00,719.8800048828125,720.0499877929688,719.7999877929688,719.9603271484375,26982,QQQ,1m
2026-05-22 18:17:00+00:00,719.9849853515625,720.08740234375,719.8900146484375,720.0598754882812,35980,QQQ,1m
2026-05-22 18:18:00+00:00,720.0599975585938,720.2899780273438,720.0150146484375,720.260009765625,33122,QQQ,1m
2026-05-22 18:19:00+00:00,720.2100219726562,720.3300170898438,720.0399780273438,720.0700073242188,22948,QQQ,1m
2026-05-22 18:20:00+00:00,720.0855712890625,720.219970703125,720.02001953125,720.2100219726562,21105,QQQ,1m
2026-05-22 18:21:00+00:00,720.2550048828125,720.2598876953125,720.0900268554688,720.0936279296875,12132,QQQ,1m
2026-05-22 18:22:00+00:00,720.08349609375,720.2000122070312,719.9801025390625,720.19091796875,25911,QQQ,1m
2026-05-22 18:23:00+00:00,720.14501953125,720.2199096679688,720.1038208007812,720.1699829101562,10029,QQQ,1m
2026-05-22 18:24:00+00:00,720.219970703125,720.3599853515625,720.1799926757812,720.3200073242188,21841,QQQ,1m
2026-05-22 18:25:00+00:00,720.3099975585938,720.3580932617188,720.1099853515625,720.1400146484375,29510,QQQ,1m
2026-05-22 18:26:00+00:00,720.1400146484375,720.1500244140625,720.0100708007812,720.02001953125,29559,QQQ,1m
2026-05-22 18:27:00+00:00,720.02001953125,720.260009765625,719.9700927734375,720.260009765625,17085,QQQ,1m
2026-05-22 18:28:00+00:00,720.1500244140625,720.1900024414062,719.9301147460938,720.0599975585938,29908,QQQ,1m
2026-05-22 18:29:00+00:00,720.0599975585938,720.22998046875,720.0419921875,720.0900268554688,17777,QQQ,1m
2026-05-22 18:30:00+00:00,720.0599975585938,720.1300048828125,719.780029296875,719.8049926757812,33445,QQQ,1m
2026-05-22 18:31:00+00:00,719.8200073242188,719.8900146484375,719.719970703125,719.8049926757812,75820,QQQ,1m
2026-05-22 18:32:00+00:00,719.7800903320312,720.02001953125,719.7800903320312,719.8900146484375,217599,QQQ,1m
2026-05-22 18:33:00+00:00,719.9000244140625,720.0599975585938,719.7750244140625,719.7799072265625,18127,QQQ,1m
2026-05-22 18:34:00+00:00,719.77001953125,719.8300170898438,719.6400146484375,719.7999877929688,36324,QQQ,1m
2026-05-22 18:35:00+00:00,719.8099975585938,719.8300170898438,719.5599975585938,719.655029296875,56730,QQQ,1m
2026-05-22 18:36:00+00:00,719.6799926757812,719.7899780273438,719.5499877929688,719.5999755859375,37210,QQQ,1m
2026-05-22 18:37:00+00:00,719.5900268554688,719.6898803710938,719.4301147460938,719.5349731445312,38232,QQQ,1m
2026-05-22 18:38:00+00:00,719.5200805664062,719.5499877929688,719.1950073242188,719.5,104650,QQQ,1m
2026-05-22 18:39:00+00:00,719.5050048828125,720.1500244140625,719.3900146484375,719.9099731445312,164754,QQQ,1m
2026-05-22 18:40:00+00:00,719.8900146484375,720.27001953125,719.869873046875,720.2484741210938,42104,QQQ,1m
2026-05-22 18:41:00+00:00,720.219970703125,720.3699951171875,720.0825805664062,720.2899780273438,51055,QQQ,1m
2026-05-22 18:42:00+00:00,720.260009765625,720.3300170898438,720.2100219726562,720.2705078125,25968,QQQ,1m
2026-05-22 18:43:00+00:00,720.2899780273438,720.385009765625,720.2509155273438,720.3350219726562,59237,QQQ,1m
2026-05-22 18:44:00+00:00,720.3599853515625,720.3699951171875,720.156005859375,720.2050170898438,19656,QQQ,1m
2026-05-22 18:45:00+00:00,720.219970703125,720.3350219726562,719.8624877929688,719.8624877929688,20198,QQQ,1m
2026-05-22 18:46:00+00:00,719.8800048828125,720.030029296875,719.8800048828125,720.010009765625,18487,QQQ,1m
2026-05-22 18:47:00+00:00,720.02001953125,720.0599975585938,719.6300048828125,719.77001953125,67347,QQQ,1m
2026-05-22 18:48:00+00:00,719.8726806640625,719.8726806640625,719.72998046875,719.780029296875,39041,QQQ,1m
2026-05-22 18:49:00+00:00,719.789306640625,719.905029296875,719.739990234375,719.760009765625,19144,QQQ,1m
2026-05-22 18:50:00+00:00,719.780029296875,719.7899780273438,719.5999755859375,719.6699829101562,50956,QQQ,1m
2026-05-22 18:51:00+00:00,719.6849975585938,719.8792724609375,719.6199951171875,719.8400268554688,49523,QQQ,1m
2026-05-22 18:52:00+00:00,719.8300170898438,719.8720092773438,719.6699829101562,719.8200073242188,15949,QQQ,1m
2026-05-22 18:53:00+00:00,719.8150024414062,720.1699829101562,719.8099975585938,720.0999755859375,25256,QQQ,1m
2026-05-22 18:54:00+00:00,720.1300048828125,720.219970703125,720.0,720.0798950195312,31173,QQQ,1m
2026-05-22 18:55:00+00:00,720.0700073242188,720.0700073242188,719.8900146484375,720.0050048828125,24432,QQQ,1m
2026-05-22 18:56:00+00:00,720.02001953125,720.0399169921875,719.8800048828125,719.9998779296875,34530,QQQ,1m
2026-05-22 18:57:00+00:00,720.0,720.0311889648438,719.8800048828125,719.905029296875,13235,QQQ,1m
2026-05-22 18:58:00+00:00,719.9500122070312,719.9600219726562,719.8101196289062,719.8699951171875,14982,QQQ,1m
2026-05-22 18:59:00+00:00,719.8200073242188,719.8200073242188,719.7200927734375,719.7899780273438,15265,QQQ,1m
2026-05-22 19:00:00+00:00,719.780029296875,719.8499755859375,719.7000122070312,719.7598876953125,24536,QQQ,1m
2026-05-22 19:01:00+00:00,719.75,720.0399780273438,719.4500122070312,719.5399780273438,100971,QQQ,1m
2026-05-22 19:02:00+00:00,719.5499877929688,719.869873046875,718.8099975585938,718.8699951171875,266820,QQQ,1m
2026-05-22 19:03:00+00:00,718.8300170898438,719.27001953125,718.6400146484375,719.030029296875,159594,QQQ,1m
2026-05-22 19:04:00+00:00,719.0250244140625,719.125,718.8400268554688,719.09912109375,67014,QQQ,1m
2026-05-22 19:05:00+00:00,719.0700073242188,719.219970703125,719.0,719.0,72638,QQQ,1m
2026-05-22 19:06:00+00:00,719.0,719.0,718.3980102539062,718.469970703125,139610,QQQ,1m
2026-05-22 19:07:00+00:00,718.4700927734375,719.0499877929688,718.469970703125,718.9099731445312,51124,QQQ,1m
2026-05-22 19:08:00+00:00,718.9199829101562,719.030029296875,718.6699829101562,718.6699829101562,57088,QQQ,1m
2026-05-22 19:09:00+00:00,718.6599731445312,718.8599243164062,718.5499877929688,718.8488159179688,67346,QQQ,1m
2026-05-22 19:10:00+00:00,718.8200073242188,719.0499877929688,718.7949829101562,718.85498046875,29908,QQQ,1m
2026-05-22 19:11:00+00:00,718.8300170898438,718.9099731445312,718.6749877929688,718.75,27659,QQQ,1m
2026-05-22 19:12:00+00:00,718.75,718.9400024414062,718.6699829101562,718.9099731445312,25516,QQQ,1m
2026-05-22 19:13:00+00:00,718.905029296875,719.0,718.77001953125,718.8099975585938,24889,QQQ,1m
2026-05-22 19:14:00+00:00,718.8200073242188,718.8200073242188,718.3200073242188,718.5900268554688,124663,QQQ,1m
2026-05-22 19:15:00+00:00,718.5800170898438,718.6599731445312,718.2899780273438,718.3701171875,101391,QQQ,1m
2026-05-22 19:16:00+00:00,718.3300170898438,718.3699951171875,718.0599975585938,718.2999877929688,212204,QQQ,1m
2026-05-22 19:17:00+00:00,718.2899780273438,718.2999877929688,718.0800170898438,718.2999877929688,42366,QQQ,1m
2026-05-22 19:18:00+00:00,718.239990234375,718.469970703125,718.1950073242188,718.469970703125,69152,QQQ,1m
2026-05-22 19:19:00+00:00,718.469970703125,718.6199951171875,718.385009765625,718.4500122070312,41852,QQQ,1m
2026-05-22 19:20:00+00:00,718.47998046875,718.4826049804688,718.1599731445312,718.22998046875,74052,QQQ,1m
2026-05-22 19:21:00+00:00,718.25,718.3499755859375,718.0,718.0333862304688,93052,QQQ,1m
2026-05-22 19:22:00+00:00,718.030029296875,718.1300048828125,717.8800048828125,718.0399780273438,92029,QQQ,1m
2026-05-22 19:23:00+00:00,718.0599975585938,718.2100219726562,718.02001953125,718.1900024414062,37867,QQQ,1m
2026-05-22 19:24:00+00:00,718.1900024414062,718.3099975585938,717.9550170898438,718.0399780273438,24372,QQQ,1m
2026-05-22 19:25:00+00:00,718.02001953125,718.10888671875,717.97998046875,718.02001953125,65062,QQQ,1m
2026-05-22 19:26:00+00:00,717.9500122070312,717.9500122070312,717.7673950195312,717.7999877929688,52886,QQQ,1m
2026-05-22 19:27:00+00:00,717.8300170898438,717.9442749023438,717.6915283203125,717.7899780273438,47220,QQQ,1m
2026-05-22 19:28:00+00:00,717.7899780273438,717.919921875,717.7200927734375,717.8099975585938,33814,QQQ,1m
2026-05-22 19:29:00+00:00,717.7999877929688,717.7999877929688,717.2100219726562,717.3853759765625,146207,QQQ,1m
2026-05-22 19:30:00+00:00,717.385009765625,717.4199829101562,717.1500244140625,717.1699829101562,51470,QQQ,1m
2026-05-22 19:31:00+00:00,717.1599731445312,717.5399780273438,717.0,717.4099731445312,88150,QQQ,1m
2026-05-22 19:32:00+00:00,717.4099731445312,717.72998046875,717.2000122070312,717.6900024414062,89783,QQQ,1m
2026-05-22 19:33:00+00:00,717.6900024414062,717.8300170898438,717.655029296875,717.7899780273438,97449,QQQ,1m
2026-05-22 19:34:00+00:00,717.7999877929688,717.9500122070312,717.7100219726562,717.860107421875,133686,QQQ,1m
2026-05-22 19:35:00+00:00,717.9000244140625,718.0650024414062,717.7949829101562,718.0424194335938,85789,QQQ,1m
2026-05-22 19:36:00+00:00,718.0399780273438,718.272705078125,718.0,718.25,90805,QQQ,1m
2026-05-22 19:37:00+00:00,718.260009765625,718.260009765625,717.8800048828125,717.9299926757812,56953,QQQ,1m
2026-05-22 19:38:00+00:00,717.9349975585938,717.9349975585938,717.6599731445312,717.8599853515625,796095,QQQ,1m
2026-05-22 19:39:00+00:00,717.8699951171875,718.030029296875,717.8699951171875,718.0,35252,QQQ,1m
2026-05-22 19:40:00+00:00,717.989990234375,718.1199951171875,717.9400024414062,718.02001953125,62372,QQQ,1m
2026-05-22 19:41:00+00:00,718.0051879882812,718.010009765625,717.5399780273438,717.6400146484375,75195,QQQ,1m
2026-05-22 19:42:00+00:00,717.6500244140625,717.6500244140625,717.4199829101562,717.4199829101562,89738,QQQ,1m
2026-05-22 19:43:00+00:00,717.4249877929688,717.7000122070312,717.4099731445312,717.6298828125,314113,QQQ,1m
2026-05-22 19:44:00+00:00,717.64501953125,717.7999877929688,717.530029296875,717.6199951171875,34078,QQQ,1m
2026-05-22 19:45:00+00:00,717.6199951171875,717.6400146484375,717.3800048828125,717.4099731445312,90082,QQQ,1m
2026-05-22 19:46:00+00:00,717.4099731445312,717.4199829101562,716.9249877929688,717.1400146484375,167061,QQQ,1m
2026-05-22 19:47:00+00:00,717.1300048828125,717.4149780273438,717.125,717.260009765625,99846,QQQ,1m
2026-05-22 19:48:00+00:00,717.25,717.3900146484375,717.22998046875,717.3099975585938,41591,QQQ,1m
2026-05-22 19:49:00+00:00,717.3049926757812,717.5,717.22998046875,717.4500122070312,59625,QQQ,1m
2026-05-22 19:50:00+00:00,717.4299926757812,717.6599731445312,716.9600219726562,717.6500244140625,213029,QQQ,1m
2026-05-22 19:51:00+00:00,717.6500244140625,717.6798706054688,717.1099853515625,717.1749877929688,129862,QQQ,1m
2026-05-22 19:52:00+00:00,717.1699829101562,717.4600219726562,717.0399780273438,717.405029296875,130469,QQQ,1m
2026-05-22 19:53:00+00:00,717.4199829101562,717.6699829101562,717.280029296875,717.2899780273438,113775,QQQ,1m
2026-05-22 19:54:00+00:00,717.2899780273438,717.3599853515625,717.0999755859375,717.22998046875,201948,QQQ,1m
2026-05-22 19:55:00+00:00,717.219970703125,717.8400268554688,717.1300048828125,717.7899780273438,188732,QQQ,1m
2026-05-22 19:56:00+00:00,717.7899780273438,717.89501953125,717.6799926757812,717.8300170898438,177495,QQQ,1m
2026-05-22 19:57:00+00:00,717.8099975585938,718.0399780273438,717.780029296875,717.9500122070312,187099,QQQ,1m
2026-05-22 19:58:00+00:00,717.9600219726562,717.969970703125,717.7999877929688,717.9400024414062,193556,QQQ,1m
2026-05-22 19:59:00+00:00,717.9400024414062,718.1500244140625,717.3200073242188,717.4299926757812,628049,QQQ,1m
2026-05-26 13:30:00+00:00,726.0250244140625,726.760009765625,725.4400024414062,725.5549926757812,2175974,QQQ,1m
2026-05-26 13:31:00+00:00,725.5330810546875,726.0800170898438,725.5,725.8300170898438,225280,QQQ,1m
2026-05-26 13:32:00+00:00,725.8150024414062,726.0999755859375,725.4600219726562,725.4600219726562,247479,QQQ,1m
2026-05-26 13:33:00+00:00,725.47998046875,725.6199951171875,725.0828857421875,725.0828857421875,150826,QQQ,1m
2026-05-26 13:34:00+00:00,725.0999755859375,725.22998046875,724.510009765625,724.75,153382,QQQ,1m
2026-05-26 13:35:00+00:00,724.7050170898438,724.72998046875,724.1599731445312,724.510009765625,167132,QQQ,1m
2026-05-26 13:36:00+00:00,724.4833984375,724.8200073242188,724.3400268554688,724.7000122070312,136218,QQQ,1m
2026-05-26 13:37:00+00:00,724.6799926757812,725.0399780273438,724.4199829101562,724.8800048828125,103825,QQQ,1m
2026-05-26 13:38:00+00:00,724.9450073242188,725.0700073242188,724.72998046875,724.8800048828125,196771,QQQ,1m
2026-05-26 13:39:00+00:00,724.9099731445312,725.0599975585938,724.7100219726562,724.97998046875,206237,QQQ,1m
2026-05-26 13:40:00+00:00,724.97998046875,725.5230102539062,724.780029296875,725.3599853515625,145131,QQQ,1m
2026-05-26 13:41:00+00:00,725.4299926757812,726.1400146484375,725.3150024414062,725.989990234375,131480,QQQ,1m
2026-05-26 13:42:00+00:00,726.010009765625,726.5599975585938,725.969970703125,726.5050048828125,153600,QQQ,1m
2026-05-26 13:43:00+00:00,726.52001953125,726.8300170898438,726.2020263671875,726.2020263671875,198422,QQQ,1m
2026-05-26 13:44:00+00:00,726.2000122070312,726.7990112304688,726.1400146484375,726.719970703125,110322,QQQ,1m
2026-05-26 13:45:00+00:00,726.739990234375,727.4299926757812,726.5999755859375,727.4299926757812,183623,QQQ,1m
2026-05-26 13:46:00+00:00,727.4000244140625,728.0599975585938,727.3599853515625,727.8099975585938,508291,QQQ,1m
2026-05-26 13:47:00+00:00,727.8250122070312,727.969970703125,727.52001953125,727.6900024414062,231312,QQQ,1m
2026-05-26 13:48:00+00:00,727.7100219726562,727.9500122070312,727.5499877929688,727.7999877929688,139365,QQQ,1m
2026-05-26 13:49:00+00:00,727.7899780273438,727.9099731445312,727.60302734375,727.6599731445312,137330,QQQ,1m
2026-05-26 13:50:00+00:00,727.6900024414062,727.8599853515625,726.7150268554688,726.7750244140625,152638,QQQ,1m
2026-05-26 13:51:00+00:00,726.75,727.25,726.6500244140625,726.9301147460938,131852,QQQ,1m
2026-05-26 13:52:00+00:00,726.9299926757812,727.5,726.9199829101562,727.2000122070312,105401,QQQ,1m
2026-05-26 13:53:00+00:00,727.1799926757812,727.2100219726562,726.1500244140625,726.5900268554688,166550,QQQ,1m
2026-05-26 13:54:00+00:00,726.5999755859375,727.4199829101562,726.5700073242188,727.3099975585938,118127,QQQ,1m
2026-05-26 13:55:00+00:00,727.3300170898438,727.7949829101562,727.0999755859375,727.780029296875,136209,QQQ,1m
2026-05-26 13:56:00+00:00,727.7949829101562,727.9600219726562,727.6199951171875,727.8049926757812,144620,QQQ,1m
2026-05-26 13:57:00+00:00,727.8178100585938,728.1300048828125,727.5599975585938,728.0900268554688,131020,QQQ,1m
2026-05-26 13:58:00+00:00,728.0499877929688,728.260009765625,727.719970703125,728.1900024414062,169090,QQQ,1m
2026-05-26 13:59:00+00:00,728.1801147460938,728.4400024414062,727.969970703125,728.4400024414062,133162,QQQ,1m
2026-05-26 14:00:00+00:00,728.4500122070312,728.72998046875,728.0,728.4600219726562,203060,QQQ,1m
2026-05-26 14:01:00+00:00,728.47998046875,728.5999755859375,728.25,728.25,262974,QQQ,1m
2026-05-26 14:02:00+00:00,728.3400268554688,728.530029296875,727.8499755859375,727.8699951171875,132775,QQQ,1m
2026-05-26 14:03:00+00:00,727.8599853515625,728.1500244140625,727.6900024414062,728.0800170898438,175206,QQQ,1m
2026-05-26 14:04:00+00:00,728.0499877929688,728.2100219726562,727.9400024414062,728.1400146484375,62838,QQQ,1m
2026-05-26 14:05:00+00:00,728.1099853515625,728.280029296875,727.7650146484375,727.8300170898438,63686,QQQ,1m
2026-05-26 14:06:00+00:00,727.8300170898438,728.0499877929688,727.75,727.9301147460938,144444,QQQ,1m
2026-05-26 14:07:00+00:00,727.8900146484375,728.4400024414062,727.8800048828125,728.1400146484375,97797,QQQ,1m
2026-05-26 14:08:00+00:00,728.1500244140625,728.5499877929688,728.1099853515625,728.3200073242188,111408,QQQ,1m
2026-05-26 14:09:00+00:00,728.3150024414062,728.469970703125,728.27001953125,728.3800048828125,53093,QQQ,1m
2026-05-26 14:10:00+00:00,728.385009765625,728.5499877929688,728.1406860351562,728.4149780273438,60111,QQQ,1m
2026-05-26 14:11:00+00:00,728.4500122070312,728.5800170898438,728.0499877929688,728.2650146484375,70456,QQQ,1m
2026-05-26 14:12:00+00:00,728.239990234375,728.47998046875,728.1900024414062,728.25,62195,QQQ,1m
2026-05-26 14:13:00+00:00,728.2501220703125,728.5250244140625,728.1599731445312,728.489990234375,94147,QQQ,1m
2026-05-26 14:14:00+00:00,728.5050048828125,729.0399780273438,728.469970703125,729.0009155273438,111769,QQQ,1m
2026-05-26 14:15:00+00:00,729.02001953125,729.0999755859375,728.6099853515625,728.6300048828125,194110,QQQ,1m
2026-05-26 14:16:00+00:00,728.6400146484375,728.9299926757812,728.5,728.75048828125,82692,QQQ,1m
2026-05-26 14:17:00+00:00,728.7100219726562,728.8400268554688,728.6599731445312,728.8400268554688,60381,QQQ,1m
2026-05-26 14:18:00+00:00,728.8300170898438,729.2899780273438,728.7949829101562,729.27001953125,99650,QQQ,1m
2026-05-26 14:19:00+00:00,729.2650146484375,729.510009765625,729.22998046875,729.4400024414062,98985,QQQ,1m
2026-05-26 14:20:00+00:00,729.4500122070312,729.780029296875,729.3414916992188,729.5900268554688,135592,QQQ,1m
2026-05-26 14:21:00+00:00,729.6099853515625,729.6500244140625,729.1300048828125,729.2979736328125,175764,QQQ,1m
2026-05-26 14:22:00+00:00,729.2650146484375,729.7000122070312,729.2000732421875,729.6849975585938,114319,QQQ,1m
2026-05-26 14:23:00+00:00,729.6699829101562,729.8300170898438,729.5399780273438,729.8001098632812,68046,QQQ,1m
2026-05-26 14:24:00+00:00,729.8099975585938,729.8900146484375,729.5800170898438,729.8599853515625,94610,QQQ,1m
2026-05-26 14:25:00+00:00,729.8499755859375,730.239990234375,729.8499755859375,730.0900268554688,218777,QQQ,1m
2026-05-26 14:26:00+00:00,730.0800170898438,730.1500244140625,729.9650268554688,730.0999755859375,80668,QQQ,1m
2026-05-26 14:27:00+00:00,730.0999755859375,730.3200073242188,730.0800170898438,730.1710205078125,123022,QQQ,1m
2026-05-26 14:28:00+00:00,730.1699829101562,730.239990234375,729.9401245117188,730.010009765625,108697,QQQ,1m
2026-05-26 14:29:00+00:00,730.0198974609375,730.02001953125,729.5700073242188,729.9201049804688,150057,QQQ,1m
2026-05-26 14:30:00+00:00,729.9000244140625,730.2000122070312,729.780029296875,730.0430297851562,101367,QQQ,1m
2026-05-26 14:31:00+00:00,730.0599975585938,730.1790161132812,729.8201904296875,730.0999755859375,98824,QQQ,1m
2026-05-26 14:32:00+00:00,730.1099853515625,730.27001953125,729.9500122070312,730.1599731445312,118984,QQQ,1m
2026-05-26 14:33:00+00:00,730.1599731445312,730.2100219726562,729.8800048828125,730.09619140625,98463,QQQ,1m
2026-05-26 14:34:00+00:00,730.0700073242188,730.27001953125,730.0700073242188,730.1799926757812,83269,QQQ,1m
2026-05-26 14:35:00+00:00,730.2000122070312,730.8200073242188,730.1900024414062,730.8200073242188,152069,QQQ,1m
2026-05-26 14:36:00+00:00,730.7899780273438,730.989990234375,730.6600952148438,730.739990234375,96294,QQQ,1m
2026-05-26 14:37:00+00:00,730.752197265625,731.1699829101562,730.6400146484375,731.14501953125,94590,QQQ,1m
2026-05-26 14:38:00+00:00,731.1199951171875,731.1599731445312,730.9299926757812,731.0,93595,QQQ,1m
2026-05-26 14:39:00+00:00,731.0,731.0700073242188,730.7100219726562,730.7249755859375,74755,QQQ,1m
2026-05-26 14:40:00+00:00,730.7000122070312,731.1699829101562,730.6699829101562,731.1400146484375,84584,QQQ,1m
2026-05-26 14:41:00+00:00,731.1300048828125,731.139892578125,730.8800048828125,730.9400024414062,57620,QQQ,1m
2026-05-26 14:42:00+00:00,730.9199829101562,731.1300048828125,730.8375244140625,730.8400268554688,84559,QQQ,1m
2026-05-26 14:43:00+00:00,730.8200073242188,730.9199829101562,730.5900268554688,730.760009765625,78771,QQQ,1m
2026-05-26 14:44:00+00:00,730.7949829101562,730.9099731445312,730.6400146484375,730.8798828125,76360,QQQ,1m
2026-05-26 14:45:00+00:00,730.8499755859375,730.998779296875,730.6900024414062,730.989990234375,54585,QQQ,1m
2026-05-26 14:46:00+00:00,730.985595703125,731.0499877929688,730.7899780273438,730.8800048828125,32994,QQQ,1m
2026-05-26 14:47:00+00:00,730.9099731445312,730.9099731445312,730.3300170898438,730.3300170898438,74190,QQQ,1m
2026-05-26 14:48:00+00:00,730.3599853515625,730.41748046875,730.1400146484375,730.2100219726562,172612,QQQ,1m
2026-05-26 14:49:00+00:00,730.22998046875,730.4199829101562,730.2150268554688,730.2449951171875,84297,QQQ,1m
2026-05-26 14:50:00+00:00,730.2449951171875,730.5399780273438,730.114990234375,730.5,77225,QQQ,1m
2026-05-26 14:51:00+00:00,730.5479736328125,730.6099243164062,730.3701171875,730.3701171875,55795,QQQ,1m
2026-05-26 14:52:00+00:00,730.4000244140625,730.4600219726562,730.2999877929688,730.3900146484375,52082,QQQ,1m
2026-05-26 14:53:00+00:00,730.3900146484375,730.5098876953125,730.1699829101562,730.2999877929688,44360,QQQ,1m
2026-05-26 14:54:00+00:00,730.3298950195312,730.3298950195312,729.9099731445312,730.0599975585938,39726,QQQ,1m
2026-05-26 14:55:00+00:00,730.1199951171875,730.1199951171875,729.8599853515625,729.989990234375,46822,QQQ,1m
2026-05-26 14:56:00+00:00,729.9849853515625,730.1099853515625,729.8599853515625,730.0700073242188,156498,QQQ,1m
2026-05-26 14:57:00+00:00,730.0899047851562,730.1300048828125,729.780029296875,730.0200805664062,50076,QQQ,1m
2026-05-26 14:58:00+00:00,729.9299926757812,730.1599731445312,729.719970703125,730.0399169921875,60242,QQQ,1m
2026-05-26 14:59:00+00:00,730.02001953125,730.0599975585938,729.6129760742188,729.6300048828125,53810,QQQ,1m
2026-05-26 15:00:00+00:00,729.6599731445312,729.9299926757812,729.5999755859375,729.8599853515625,138329,QQQ,1m
2026-05-26 15:01:00+00:00,729.85009765625,729.889892578125,729.326171875,729.3275146484375,83883,QQQ,1m
2026-05-26 15:02:00+00:00,729.3200073242188,729.4600219726562,729.219970703125,729.2899780273438,145009,QQQ,1m
2026-05-26 15:03:00+00:00,729.2550048828125,729.7100219726562,729.1400146484375,729.6343994140625,73899,QQQ,1m
2026-05-26 15:04:00+00:00,729.6298828125,729.7098999023438,729.239990234375,729.3400268554688,61746,QQQ,1m
2026-05-26 15:05:00+00:00,729.3599853515625,729.5399780273438,729.0399780273438,729.1300048828125,92562,QQQ,1m
2026-05-26 15:06:00+00:00,729.1500244140625,729.3200073242188,728.9099731445312,728.969970703125,87938,QQQ,1m
2026-05-26 15:07:00+00:00,728.969970703125,728.9749755859375,728.3900146484375,728.760009765625,207978,QQQ,1m
2026-05-26 15:08:00+00:00,728.7650146484375,729.4400024414062,728.7249755859375,729.3602294921875,108362,QQQ,1m
2026-05-26 15:09:00+00:00,729.360107421875,729.4099731445312,729.1900024414062,729.4000244140625,51534,QQQ,1m
2026-05-26 15:10:00+00:00,729.3800048828125,729.4000244140625,728.6400146484375,728.6900024414062,69457,QQQ,1m
2026-05-26 15:11:00+00:00,728.673828125,728.9650268554688,728.6300048828125,728.6900024414062,45586,QQQ,1m
2026-05-26 15:12:00+00:00,728.6898803710938,729.030029296875,728.6300048828125,728.8800048828125,57159,QQQ,1m
2026-05-26 15:13:00+00:00,728.8900146484375,729.0526123046875,728.75,728.989990234375,243861,QQQ,1m
2026-05-26 15:14:00+00:00,728.989990234375,729.3300170898438,728.973388671875,729.2799072265625,157895,QQQ,1m
2026-05-26 15:15:00+00:00,729.25,729.260009765625,728.8699951171875,728.8699951171875,126547,QQQ,1m
2026-05-26 15:16:00+00:00,728.8300170898438,728.9000244140625,728.6799926757812,728.6900024414062,40709,QQQ,1m
2026-05-26 15:17:00+00:00,728.7042846679688,728.7999877929688,728.239990234375,728.280029296875,72664,QQQ,1m
2026-05-26 15:18:00+00:00,728.260009765625,728.7100219726562,728.260009765625,728.5700073242188,63464,QQQ,1m
2026-05-26 15:19:00+00:00,728.5399780273438,729.0300903320312,728.510009765625,728.8707275390625,43191,QQQ,1m
2026-05-26 15:20:00+00:00,728.9199829101562,728.9650268554688,728.3599853515625,728.469970703125,95884,QQQ,1m
2026-05-26 15:21:00+00:00,728.4638061523438,728.5700073242188,728.27001953125,728.2999877929688,24669,QQQ,1m
2026-05-26 15:22:00+00:00,728.3099975585938,728.5499877929688,728.1900024414062,728.289794921875,152736,QQQ,1m
2026-05-26 15:23:00+00:00,728.2650146484375,728.4600219726562,728.239990234375,728.3250122070312,33302,QQQ,1m
2026-05-26 15:24:00+00:00,728.3001098632812,728.6400146484375,728.1599731445312,728.5999755859375,72591,QQQ,1m
2026-05-26 15:25:00+00:00,728.614990234375,728.9099731445312,728.5499877929688,728.89990234375,164167,QQQ,1m
2026-05-26 15:26:00+00:00,728.9000244140625,729.0399780273438,728.780029296875,728.826171875,68090,QQQ,1m
2026-05-26 15:27:00+00:00,728.797607421875,728.9099731445312,728.3900146484375,728.4630126953125,202014,QQQ,1m
2026-05-26 15:28:00+00:00,728.4699096679688,728.81689453125,728.3900146484375,728.4400024414062,36259,QQQ,1m
2026-05-26 15:29:00+00:00,728.4600219726562,728.510009765625,728.1500244140625,728.3099975585938,85995,QQQ,1m
2026-05-26 15:30:00+00:00,728.322021484375,728.4500122070312,727.72998046875,728.010009765625,99969,QQQ,1m
2026-05-26 15:31:00+00:00,728.010009765625,728.27001953125,727.9600219726562,728.0,190902,QQQ,1m
2026-05-26 15:32:00+00:00,728.010009765625,728.4199829101562,727.9500732421875,728.0700073242188,68080,QQQ,1m
2026-05-26 15:33:00+00:00,728.094970703125,728.2899780273438,728.094970703125,728.239990234375,49335,QQQ,1m
2026-05-26 15:34:00+00:00,728.280029296875,728.4400024414062,728.2301025390625,728.251708984375,35000,QQQ,1m
2026-05-26 15:35:00+00:00,728.280029296875,728.489990234375,728.1799926757812,728.3900146484375,38386,QQQ,1m
2026-05-26 15:36:00+00:00,728.3300170898438,728.39501953125,727.4000244140625,727.4000244140625,77311,QQQ,1m
2026-05-26 15:37:00+00:00,727.3900146484375,727.8499755859375,727.3900146484375,727.7000122070312,77722,QQQ,1m
2026-05-26 15:38:00+00:00,727.75,727.9298706054688,727.5499877929688,727.8599853515625,45386,QQQ,1m
2026-05-26 15:39:00+00:00,727.8699951171875,728.0700073242188,727.75,728.02001953125,36092,QQQ,1m
2026-05-26 15:40:00+00:00,728.0599975585938,728.0599975585938,727.5700073242188,727.635009765625,43367,QQQ,1m
2026-05-26 15:41:00+00:00,727.6699829101562,728.0999755859375,727.6199951171875,728.010009765625,33054,QQQ,1m
2026-05-26 15:42:00+00:00,727.9600219726562,728.1500244140625,727.5900268554688,727.719970703125,45950,QQQ,1m
2026-05-26 15:43:00+00:00,727.6900024414062,727.7750244140625,727.5399780273438,727.7100219726562,38008,QQQ,1m
2026-05-26 15:44:00+00:00,727.7000122070312,727.760009765625,727.489990234375,727.6500244140625,29233,QQQ,1m
2026-05-26 15:45:00+00:00,727.655029296875,727.9600219726562,727.27001953125,727.780029296875,88629,QQQ,1m
2026-05-26 15:46:00+00:00,727.7503051757812,727.7503051757812,727.1400146484375,727.4650268554688,202660,QQQ,1m
2026-05-26 15:47:00+00:00,727.469970703125,727.7698974609375,727.2999877929688,727.4299926757812,44409,QQQ,1m
2026-05-26 15:48:00+00:00,727.4500732421875,727.6199951171875,727.3300170898438,727.3400268554688,33865,QQQ,1m
2026-05-26 15:49:00+00:00,727.3099975585938,727.3300170898438,726.8699951171875,727.0399780273438,103118,QQQ,1m
2026-05-26 15:50:00+00:00,727.0050048828125,727.1799926757812,726.7899780273438,727.0449829101562,83214,QQQ,1m
2026-05-26 15:51:00+00:00,727.030029296875,727.125,726.8300170898438,726.9099731445312,78587,QQQ,1m
2026-05-26 15:52:00+00:00,726.8900146484375,726.9400024414062,726.5700073242188,726.9400024414062,139870,QQQ,1m
2026-05-26 15:53:00+00:00,726.8900146484375,726.9149780273438,726.4949951171875,726.4949951171875,74612,QQQ,1m
2026-05-26 15:54:00+00:00,726.4901123046875,726.6400146484375,725.8699951171875,726.1320190429688,162708,QQQ,1m
2026-05-26 15:55:00+00:00,726.0999755859375,726.4149780273438,725.6799926757812,725.77001953125,161047,QQQ,1m
2026-05-26 15:56:00+00:00,725.7999877929688,725.969970703125,725.5700073242188,725.8300170898438,87289,QQQ,1m
2026-05-26 15:57:00+00:00,725.8499755859375,726.3049926757812,725.7999877929688,726.27001953125,104902,QQQ,1m
2026-05-26 15:58:00+00:00,726.22998046875,726.5850219726562,726.1300048828125,726.5599975585938,82797,QQQ,1m
2026-05-26 15:59:00+00:00,726.5599975585938,726.6300048828125,726.4199829101562,726.5650024414062,86210,QQQ,1m
2026-05-26 16:00:00+00:00,726.5599975585938,726.719970703125,726.3900146484375,726.5499877929688,74573,QQQ,1m
2026-05-26 16:01:00+00:00,726.530029296875,726.8900146484375,726.5,726.8900146484375,35778,QQQ,1m
2026-05-26 16:02:00+00:00,726.8975219726562,727.3900146484375,726.8975219726562,727.3699951171875,85892,QQQ,1m
2026-05-26 16:03:00+00:00,727.3699951171875,727.5499877929688,727.2550048828125,727.5352172851562,293073,QQQ,1m
2026-05-26 16:04:00+00:00,727.52001953125,727.5999145507812,727.39501953125,727.4100952148438,33375,QQQ,1m
2026-05-26 16:05:00+00:00,727.4299926757812,727.739990234375,727.4299926757812,727.739990234375,22715,QQQ,1m
2026-05-26 16:06:00+00:00,727.7399291992188,727.8300170898438,727.1329956054688,727.1599731445312,138680,QQQ,1m
2026-05-26 16:07:00+00:00,727.1099853515625,727.260009765625,727.0499877929688,727.1600952148438,25764,QQQ,1m
2026-05-26 16:08:00+00:00,727.1199951171875,727.1199951171875,726.763671875,726.844970703125,58372,QQQ,1m
2026-05-26 16:09:00+00:00,726.905029296875,727.038818359375,726.86962890625,726.969970703125,33414,QQQ,1m
2026-05-26 16:10:00+00:00,726.969970703125,727.0499877929688,726.5700073242188,726.6300048828125,89145,QQQ,1m
2026-05-26 16:11:00+00:00,726.6300048828125,726.8400268554688,726.5499267578125,726.8400268554688,30245,QQQ,1m
2026-05-26 16:12:00+00:00,726.8400268554688,727.1799926757812,726.8300170898438,727.0316772460938,33182,QQQ,1m
2026-05-26 16:13:00+00:00,727.0900268554688,727.260009765625,727.0449829101562,727.1799926757812,36320,QQQ,1m
2026-05-26 16:14:00+00:00,727.1799926757812,727.2000122070312,726.739990234375,726.8400268554688,73887,QQQ,1m
2026-05-26 16:15:00+00:00,726.7999877929688,727.0698852539062,726.6400146484375,726.6400146484375,30206,QQQ,1m
2026-05-26 16:16:00+00:00,726.625,727.0079956054688,726.5650024414062,727.0079956054688,19519,QQQ,1m
2026-05-26 16:17:00+00:00,726.969970703125,727.0999755859375,726.969970703125,727.0899047851562,15857,QQQ,1m
2026-05-26 16:18:00+00:00,727.0599975585938,727.260009765625,727.0,727.0,22909,QQQ,1m
2026-05-26 16:19:00+00:00,726.9949951171875,727.22998046875,726.9299926757812,727.1900024414062,25304,QQQ,1m
2026-05-26 16:20:00+00:00,727.2000122070312,727.2000122070312,726.7890014648438,726.9349975585938,20001,QQQ,1m
2026-05-26 16:21:00+00:00,726.9299926757812,727.1599731445312,726.9000244140625,727.1500244140625,25565,QQQ,1m
2026-05-26 16:22:00+00:00,727.2100219726562,727.3800048828125,727.2100219726562,727.3150024414062,47777,QQQ,1m
2026-05-26 16:23:00+00:00,727.3099975585938,727.4650268554688,727.2449951171875,727.3707885742188,30002,QQQ,1m
2026-05-26 16:24:00+00:00,727.3900146484375,727.594970703125,727.3461303710938,727.594970703125,25070,QQQ,1m
2026-05-26 16:25:00+00:00,727.5750122070312,727.780029296875,727.5280151367188,727.77001953125,50176,QQQ,1m
2026-05-26 16:26:00+00:00,727.780029296875,727.9400024414062,727.7100830078125,727.9349975585938,33348,QQQ,1m
2026-05-26 16:27:00+00:00,727.9400024414062,728.0499877929688,727.8900146484375,727.9400024414062,55891,QQQ,1m
2026-05-26 16:28:00+00:00,727.9400024414062,727.9600219726562,727.72998046875,727.9299926757812,27079,QQQ,1m
2026-05-26 16:29:00+00:00,727.9500122070312,728.1400146484375,727.9500122070312,728.1201171875,34226,QQQ,1m
2026-05-26 16:30:00+00:00,728.1591796875,728.3099975585938,728.0806274414062,728.3099975585938,56412,QQQ,1m
2026-05-26 16:31:00+00:00,728.3099975585938,728.3350219726562,728.1900024414062,728.239990234375,79782,QQQ,1m
2026-05-26 16:32:00+00:00,728.2589721679688,728.4298706054688,728.2589721679688,728.4000244140625,38304,QQQ,1m
2026-05-26 16:33:00+00:00,728.4000244140625,728.5,728.2449951171875,728.3800048828125,103035,QQQ,1m
2026-05-26 16:34:00+00:00,728.3699951171875,728.5900268554688,728.3150024414062,728.530029296875,41706,QQQ,1m
2026-05-26 16:35:00+00:00,728.5349731445312,728.6898803710938,728.469970703125,728.530029296875,49040,QQQ,1m
2026-05-26 16:36:00+00:00,728.5598754882812,728.5999145507812,728.4500122070312,728.4500122070312,59960,QQQ,1m
2026-05-26 16:37:00+00:00,728.4099731445312,728.52001953125,728.219970703125,728.3300170898438,84033,QQQ,1m
2026-05-26 16:38:00+00:00,728.3380126953125,728.5599975585938,728.3300170898438,728.5399780273438,40091,QQQ,1m
2026-05-26 16:39:00+00:00,728.5457153320312,728.5599975585938,728.1599731445312,728.1599731445312,50888,QQQ,1m
2026-05-26 16:40:00+00:00,728.1699829101562,728.2000122070312,727.8900146484375,727.900390625,49619,QQQ,1m
2026-05-26 16:41:00+00:00,727.9000244140625,727.9000244140625,727.6649780273438,727.7598876953125,76728,QQQ,1m
2026-05-26 16:42:00+00:00,727.7249755859375,727.7999267578125,727.5872192382812,727.6900024414062,34864,QQQ,1m
2026-05-26 16:43:00+00:00,727.6898803710938,727.7000122070312,727.4299926757812,727.510009765625,24448,QQQ,1m
2026-05-26 16:44:00+00:00,727.47998046875,727.52001953125,727.3699951171875,727.4199829101562,28329,QQQ,1m
2026-05-26 16:45:00+00:00,727.4299926757812,727.719970703125,727.2999877929688,727.635009765625,50609,QQQ,1m
2026-05-26 16:46:00+00:00,727.5900268554688,727.9099731445312,727.5900268554688,727.780029296875,42237,QQQ,1m
2026-05-26 16:47:00+00:00,727.8099975585938,727.8809814453125,727.47998046875,727.5526123046875,25292,QQQ,1m
2026-05-26 16:48:00+00:00,727.510009765625,727.6099243164062,727.0900268554688,727.1699829101562,398544,QQQ,1m
2026-05-26 16:49:00+00:00,727.1701049804688,727.3248291015625,727.0399780273438,727.0399780273438,40946,QQQ,1m
2026-05-26 16:50:00+00:00,727.0599975585938,727.3800048828125,727.0599975585938,727.3400268554688,48436,QQQ,1m
2026-05-26 16:51:00+00:00,727.3800048828125,727.47998046875,727.25,727.4149780273438,32810,QQQ,1m
2026-05-26 16:52:00+00:00,727.4450073242188,727.47998046875,727.1900024414062,727.2849731445312,34195,QQQ,1m
2026-05-26 16:53:00+00:00,727.2899780273438,727.4299926757812,727.2050170898438,727.4299926757812,29143,QQQ,1m
2026-05-26 16:54:00+00:00,727.4400024414062,727.75,727.4400024414062,727.6900024414062,33101,QQQ,1m
2026-05-26 16:55:00+00:00,727.7000122070312,727.8300170898438,727.6099853515625,727.8049926757812,15637,QQQ,1m
2026-05-26 16:56:00+00:00,727.8499755859375,727.9299926757812,727.77001953125,727.8300170898438,34088,QQQ,1m
2026-05-26 16:57:00+00:00,727.8599853515625,727.9099731445312,727.6500244140625,727.6900024414062,24822,QQQ,1m
2026-05-26 16:58:00+00:00,727.7000122070312,727.8300170898438,727.590087890625,727.6699829101562,19089,QQQ,1m
2026-05-26 16:59:00+00:00,727.6925048828125,727.7750244140625,727.6199951171875,727.7100219726562,14575,QQQ,1m
2026-05-26 17:00:00+00:00,727.7100219726562,728.0499877929688,727.541015625,728.030029296875,33053,QQQ,1m
2026-05-26 17:01:00+00:00,728.0399780273438,728.1799926757812,728.0399780273438,728.1799926757812,29757,QQQ,1m
2026-05-26 17:02:00+00:00,728.1500244140625,728.2899169921875,728.0900268554688,728.2899169921875,41231,QQQ,1m
2026-05-26 17:03:00+00:00,728.239990234375,728.3599853515625,728.2100219726562,728.25,22329,QQQ,1m
2026-05-26 17:04:00+00:00,728.2442016601562,728.3150024414062,728.0999755859375,728.1199951171875,19924,QQQ,1m
2026-05-26 17:05:00+00:00,728.1599731445312,728.2446899414062,728.010009765625,728.0999755859375,15953,QQQ,1m
2026-05-26 17:06:00+00:00,728.155029296875,728.155029296875,727.9400024414062,728.1199951171875,21064,QQQ,1m
2026-05-26 17:07:00+00:00,728.0599975585938,728.260009765625,727.9000244140625,727.9500122070312,8384,QQQ,1m
2026-05-26 17:08:00+00:00,727.9337158203125,727.9949951171875,727.6209716796875,727.6799926757812,15412,QQQ,1m
2026-05-26 17:09:00+00:00,727.6900024414062,727.739990234375,727.5499877929688,727.719970703125,19752,QQQ,1m
2026-05-26 17:10:00+00:00,727.739990234375,727.7440185546875,727.5999755859375,727.6699829101562,12828,QQQ,1m
2026-05-26 17:11:00+00:00,727.7000122070312,727.9299926757812,727.6599731445312,727.8699951171875,11921,QQQ,1m
2026-05-26 17:12:00+00:00,727.9099731445312,728.0,727.885009765625,727.885009765625,16627,QQQ,1m
2026-05-26 17:13:00+00:00,727.87890625,728.1099853515625,727.875,728.1099853515625,8532,QQQ,1m
2026-05-26 17:14:00+00:00,728.10498046875,728.1099853515625,728.0,728.0001220703125,13678,QQQ,1m
2026-05-26 17:15:00+00:00,728.0499877929688,728.0900268554688,727.9500122070312,728.0582885742188,20427,QQQ,1m
2026-05-26 17:16:00+00:00,728.0,728.030029296875,727.6801147460938,727.72998046875,19537,QQQ,1m
2026-05-26 17:17:00+00:00,727.739990234375,727.8300170898438,727.719970703125,727.780029296875,11704,QQQ,1m
2026-05-26 17:18:00+00:00,727.7849731445312,727.9400024414062,727.75,727.9000244140625,42661,QQQ,1m
2026-05-26 17:19:00+00:00,727.89501953125,727.9199829101562,727.489990234375,727.5800170898438,31958,QQQ,1m
2026-05-26 17:20:00+00:00,727.5020141601562,727.7000122070312,727.3900146484375,727.7000122070312,22201,QQQ,1m
2026-05-26 17:21:00+00:00,727.6799926757812,727.8599853515625,727.6799926757812,727.8599853515625,27618,QQQ,1m
2026-05-26 17:22:00+00:00,727.8798828125,728.010009765625,727.7100830078125,727.7698974609375,47933,QQQ,1m
2026-05-26 17:23:00+00:00,727.7645874023438,727.8099975585938,727.5399780273438,727.5399780273438,24321,QQQ,1m
2026-05-26 17:24:00+00:00,727.530029296875,727.530029296875,727.25,727.4000854492188,39010,QQQ,1m
2026-05-26 17:25:00+00:00,727.4000244140625,727.4000244140625,727.22998046875,727.3400268554688,32928,QQQ,1m
2026-05-26 17:26:00+00:00,727.3400268554688,727.6300048828125,727.3400268554688,727.5800170898438,17279,QQQ,1m
2026-05-26 17:27:00+00:00,727.5700073242188,727.5700073242188,727.4400024414062,727.5599975585938,13719,QQQ,1m
2026-05-26 17:28:00+00:00,727.5800170898438,727.6199951171875,727.3499755859375,727.4099731445312,18756,QQQ,1m
2026-05-26 17:29:00+00:00,727.4199829101562,727.6199951171875,727.3499755859375,727.5999145507812,12585,QQQ,1m
2026-05-26 17:30:00+00:00,727.5921020507812,727.6950073242188,727.47998046875,727.5,20537,QQQ,1m
2026-05-26 17:31:00+00:00,727.5,727.8099975585938,727.3201293945312,727.7899780273438,24116,QQQ,1m
2026-05-26 17:32:00+00:00,727.780029296875,727.9598999023438,727.760009765625,727.9030151367188,36720,QQQ,1m
2026-05-26 17:33:00+00:00,727.9199829101562,728.1046142578125,727.8800048828125,728.0800170898438,18789,QQQ,1m
2026-05-26 17:34:00+00:00,728.0501098632812,728.1298828125,727.9500122070312,728.1298828125,16903,QQQ,1m
2026-05-26 17:35:00+00:00,728.1199951171875,728.1400146484375,727.9500122070312,728.0,28573,QQQ,1m
2026-05-26 17:36:00+00:00,727.9949951171875,728.3400268554688,727.9201049804688,728.3099975585938,38807,QQQ,1m
2026-05-26 17:37:00+00:00,728.2899780273438,728.3629760742188,728.2000122070312,728.260009765625,43201,QQQ,1m
2026-05-26 17:38:00+00:00,728.260009765625,728.27001953125,728.030029296875,728.0499877929688,60879,QQQ,1m
2026-05-26 17:39:00+00:00,728.0599975585938,728.0872802734375,727.8499755859375,727.8699951171875,21599,QQQ,1m
2026-05-26 17:40:00+00:00,727.864990234375,727.9099731445312,727.5700073242188,727.5700073242188,35318,QQQ,1m
2026-05-26 17:41:00+00:00,727.5800170898438,727.77001953125,727.5800170898438,727.7349853515625,376905,QQQ,1m
2026-05-26 17:42:00+00:00,727.739990234375,728.02001953125,727.739990234375,727.9849853515625,29311,QQQ,1m
2026-05-26 17:43:00+00:00,727.9732055664062,728.0999755859375,727.9201049804688,728.0848999023438,11653,QQQ,1m
2026-05-26 17:44:00+00:00,728.0850219726562,728.119873046875,727.9600830078125,727.9799194335938,14234,QQQ,1m
2026-05-26 17:45:00+00:00,728.0,728.1799926757812,727.97998046875,728.1799926757812,16584,QQQ,1m
2026-05-26 17:46:00+00:00,728.1699829101562,728.1900024414062,728.02001953125,728.094970703125,14878,QQQ,1m
2026-05-26 17:47:00+00:00,728.0972900390625,728.1950073242188,728.02001953125,728.1901245117188,19878,QQQ,1m
2026-05-26 17:48:00+00:00,728.1898803710938,728.469970703125,728.1898803710938,728.469970703125,29798,QQQ,1m
2026-05-26 17:49:00+00:00,728.4600219726562,728.625,728.4199829101562,728.5308837890625,165304,QQQ,1m
2026-05-26 17:50:00+00:00,728.5789794921875,728.6300048828125,728.3699951171875,728.4099731445312,50777,QQQ,1m
2026-05-26 17:51:00+00:00,728.405029296875,728.5999755859375,728.405029296875,728.5499877929688,30353,QQQ,1m
2026-05-26 17:52:00+00:00,728.5499877929688,728.60498046875,728.4600219726562,728.47998046875,34379,QQQ,1m
2026-05-26 17:53:00+00:00,728.4500122070312,728.6099853515625,728.4400024414062,728.590087890625,31926,QQQ,1m
2026-05-26 17:54:00+00:00,728.6099243164062,728.6099853515625,728.3656005859375,728.4000244140625,26991,QQQ,1m
2026-05-26 17:55:00+00:00,728.3599853515625,728.3800048828125,728.1701049804688,728.2150268554688,28297,QQQ,1m
2026-05-26 17:56:00+00:00,728.2100219726562,728.2860107421875,728.1300048828125,728.2399291992188,25153,QQQ,1m
2026-05-26 17:57:00+00:00,728.2000122070312,728.260009765625,728.030029296875,728.25,34547,QQQ,1m
2026-05-26 17:58:00+00:00,728.239990234375,728.4299926757812,728.2362060546875,728.3400268554688,26087,QQQ,1m
2026-05-26 17:59:00+00:00,728.2901000976562,728.3494873046875,728.1900024414062,728.260009765625,22337,QQQ,1m
2026-05-26 18:00:00+00:00,728.2349853515625,728.2999877929688,728.0,728.0499267578125,32414,QQQ,1m
2026-05-26 18:01:00+00:00,728.0100708007812,728.0900268554688,727.9000854492188,728.0897827148438,35010,QQQ,1m
2026-05-26 18:02:00+00:00,728.1099853515625,728.3200073242188,728.0399780273438,728.280029296875,14141,QQQ,1m
2026-05-26 18:03:00+00:00,728.3001098632812,728.5,728.3001098632812,728.4699096679688,18159,QQQ,1m
2026-05-26 18:04:00+00:00,728.4799194335938,728.6400146484375,728.4500732421875,728.5797729492188,26108,QQQ,1m
2026-05-26 18:05:00+00:00,728.5900268554688,728.611083984375,728.4199829101562,728.4199829101562,23253,QQQ,1m
2026-05-26 18:06:00+00:00,728.4550170898438,728.5599975585938,728.3800048828125,728.4849853515625,14605,QQQ,1m
2026-05-26 18:07:00+00:00,728.510009765625,728.5700073242188,728.3699951171875,728.4500122070312,19863,QQQ,1m
2026-05-26 18:08:00+00:00,728.4500122070312,728.6900024414062,728.4500122070312,728.60498046875,17335,QQQ,1m
2026-05-26 18:09:00+00:00,728.590087890625,728.6900024414062,728.5798950195312,728.6599731445312,36740,QQQ,1m
2026-05-26 18:10:00+00:00,728.669921875,728.8200073242188,728.6300048828125,728.8099975585938,66697,QQQ,1m
2026-05-26 18:11:00+00:00,728.8150024414062,729.030029296875,728.8099975585938,729.0250244140625,39940,QQQ,1m
2026-05-26 18:12:00+00:00,729.030029296875,729.0700073242188,728.9000244140625,728.97802734375,33938,QQQ,1m
2026-05-26 18:13:00+00:00,728.9609985351562,729.010009765625,728.8300170898438,728.8699951171875,27285,QQQ,1m
2026-05-26 18:14:00+00:00,728.8200073242188,728.9351196289062,728.75,728.9351196289062,30134,QQQ,1m
2026-05-26 18:15:00+00:00,728.9400024414062,729.0599975585938,728.9299926757812,729.031005859375,46481,QQQ,1m
2026-05-26 18:16:00+00:00,729.0499877929688,729.0599975585938,728.8499755859375,728.9400024414062,30344,QQQ,1m
2026-05-26 18:17:00+00:00,728.9500122070312,729.1599731445312,728.9400024414062,729.0999755859375,30394,QQQ,1m
2026-05-26 18:18:00+00:00,729.0449829101562,729.239990234375,729.030029296875,729.2050170898438,46075,QQQ,1m
2026-05-26 18:19:00+00:00,729.2100219726562,729.3499755859375,729.2080078125,729.3499755859375,67905,QQQ,1m
2026-05-26 18:20:00+00:00,729.3900146484375,729.405029296875,729.125,729.1599731445312,68054,QQQ,1m
2026-05-26 18:21:00+00:00,729.1898803710938,729.4199829101562,729.159912109375,729.3699951171875,75830,QQQ,1m
2026-05-26 18:22:00+00:00,729.3499755859375,729.4199829101562,729.2899780273438,729.3499755859375,29457,QQQ,1m
2026-05-26 18:23:00+00:00,729.35498046875,729.5900268554688,729.3400268554688,729.5900268554688,93704,QQQ,1m
2026-05-26 18:24:00+00:00,729.5800170898438,729.614990234375,729.3099975585938,729.405029296875,56707,QQQ,1m
2026-05-26 18:25:00+00:00,729.4199829101562,729.5499877929688,729.3900756835938,729.530029296875,33172,QQQ,1m
2026-05-26 18:26:00+00:00,729.5399780273438,729.5499267578125,729.4149780273438,729.530029296875,27952,QQQ,1m
2026-05-26 18:27:00+00:00,729.530029296875,729.5999755859375,729.47998046875,729.5599975585938,94219,QQQ,1m
2026-05-26 18:28:00+00:00,729.5499877929688,729.6199951171875,729.3099975585938,729.3499755859375,44708,QQQ,1m
2026-05-26 18:29:00+00:00,729.3099975585938,729.4899291992188,729.3099975585938,729.4392700195312,19558,QQQ,1m
2026-05-26 18:30:00+00:00,729.4299926757812,729.6759033203125,729.4099731445312,729.6500244140625,50499,QQQ,1m
2026-05-26 18:31:00+00:00,729.6400146484375,729.72998046875,729.5999755859375,729.6400146484375,86639,QQQ,1m
2026-05-26 18:32:00+00:00,729.6400146484375,729.7000122070312,729.4401245117188,729.4401245117188,41000,QQQ,1m
2026-05-26 18:33:00+00:00,729.4500122070312,729.739990234375,729.4249877929688,729.719970703125,49015,QQQ,1m
2026-05-26 18:34:00+00:00,729.719970703125,729.77001953125,729.6550903320312,729.719970703125,39359,QQQ,1m
2026-05-26 18:35:00+00:00,729.7100219726562,729.760009765625,729.6201171875,729.6799926757812,39212,QQQ,1m
2026-05-26 18:36:00+00:00,729.6900024414062,729.7650146484375,729.6199951171875,729.75,26391,QQQ,1m
2026-05-26 18:37:00+00:00,729.739990234375,729.75,729.52001953125,729.5250244140625,24855,QQQ,1m
2026-05-26 18:38:00+00:00,729.5250244140625,729.5999755859375,729.281982421875,729.3200073242188,45544,QQQ,1m
2026-05-26 18:39:00+00:00,729.2999877929688,729.4400024414062,729.2849731445312,729.4100952148438,50227,QQQ,1m
2026-05-26 18:40:00+00:00,729.4199829101562,729.4796752929688,729.239990234375,729.239990234375,34943,QQQ,1m
2026-05-26 18:41:00+00:00,729.22998046875,729.364990234375,729.155029296875,729.3400268554688,18859,QQQ,1m
2026-05-26 18:42:00+00:00,729.3200073242188,729.47998046875,729.2550048828125,729.3200073242188,22321,QQQ,1m
2026-05-26 18:43:00+00:00,729.3101196289062,729.375,729.1599731445312,729.1649780273438,13396,QQQ,1m
2026-05-26 18:44:00+00:00,729.1599731445312,729.2249755859375,729.030029296875,729.0599975585938,119161,QQQ,1m
2026-05-26 18:45:00+00:00,729.0599975585938,729.1599731445312,729.010009765625,729.1099853515625,28442,QQQ,1m
2026-05-26 18:46:00+00:00,729.0599975585938,729.1599731445312,729.0399780273438,729.1300048828125,15573,QQQ,1m
2026-05-26 18:47:00+00:00,729.1400146484375,729.25,729.0700073242188,729.0800170898438,33870,QQQ,1m
2026-05-26 18:48:00+00:00,729.090087890625,729.1500244140625,729.02001953125,729.0399780273438,22552,QQQ,1m
2026-05-26 18:49:00+00:00,729.030029296875,729.0698852539062,728.9249877929688,728.9349975585938,26290,QQQ,1m
2026-05-26 18:50:00+00:00,728.9400024414062,729.0350952148438,728.8245239257812,728.8400268554688,28965,QQQ,1m
2026-05-26 18:51:00+00:00,728.844970703125,729.1300048828125,728.7999877929688,729.114990234375,35732,QQQ,1m
2026-05-26 18:52:00+00:00,729.1199951171875,729.4180297851562,729.1099853515625,729.4000244140625,51707,QQQ,1m
2026-05-26 18:53:00+00:00,729.3800048828125,729.3900146484375,729.1099853515625,729.1799926757812,19846,QQQ,1m
2026-05-26 18:54:00+00:00,729.1699829101562,729.2750244140625,729.1199951171875,729.2000122070312,21086,QQQ,1m
2026-05-26 18:55:00+00:00,729.2100219726562,729.2999877929688,729.1599731445312,729.1649780273438,18219,QQQ,1m
2026-05-26 18:56:00+00:00,729.1599731445312,729.1849975585938,729.0,729.0349731445312,33216,QQQ,1m
2026-05-26 18:57:00+00:00,729.010009765625,729.1099853515625,728.9899291992188,729.010009765625,18896,QQQ,1m
2026-05-26 18:58:00+00:00,729.030029296875,729.030029296875,728.77001953125,728.8200073242188,32877,QQQ,1m
2026-05-26 18:59:00+00:00,728.8200073242188,728.8800048828125,728.510009765625,728.6300048828125,56901,QQQ,1m
2026-05-26 19:00:00+00:00,728.6099853515625,728.7750854492188,728.4600219726562,728.5451049804688,48045,QQQ,1m
2026-05-26 19:01:00+00:00,728.510009765625,728.6199951171875,728.4500122070312,728.5050048828125,38042,QQQ,1m
2026-05-26 19:02:00+00:00,728.5001220703125,728.6900024414062,728.5001220703125,728.6300048828125,37079,QQQ,1m
2026-05-26 19:03:00+00:00,728.6699829101562,728.8099975585938,728.6599731445312,728.7249755859375,346321,QQQ,1m
2026-05-26 19:04:00+00:00,728.739990234375,728.8900146484375,728.7005004882812,728.8900146484375,17443,QQQ,1m
2026-05-26 19:05:00+00:00,728.8900146484375,728.9799194335938,728.75,728.780029296875,63548,QQQ,1m
2026-05-26 19:06:00+00:00,728.7940063476562,729.010009765625,728.7000122070312,729.010009765625,72012,QQQ,1m
2026-05-26 19:07:00+00:00,729.344970703125,729.3800048828125,729.280029296875,729.2999877929688,14158,QQQ,1m
2026-05-26 19:08:00+00:00,729.2899780273438,729.4500122070312,729.27001953125,729.3900146484375,40131,QQQ,1m
2026-05-26 19:09:00+00:00,729.380126953125,729.5150146484375,729.380126953125,729.4849853515625,38890,QQQ,1m
2026-05-26 19:10:00+00:00,729.4849853515625,729.5198974609375,729.3599853515625,729.5050048828125,42989,QQQ,1m
2026-05-26 19:11:00+00:00,729.510009765625,729.6849975585938,729.510009765625,729.5900268554688,44901,QQQ,1m
2026-05-26 19:12:00+00:00,729.5700073242188,729.6199951171875,729.4500122070312,729.489990234375,39510,QQQ,1m
2026-05-26 19:13:00+00:00,729.510009765625,729.6900024414062,729.4630126953125,729.5399780273438,43104,QQQ,1m
2026-05-26 19:14:00+00:00,729.5499877929688,729.5999755859375,729.4600830078125,729.5599975585938,33446,QQQ,1m
2026-05-26 19:15:00+00:00,729.5499877929688,729.6599731445312,729.5399780273438,729.614990234375,44330,QQQ,1m
2026-05-26 19:16:00+00:00,729.6099853515625,729.77001953125,729.510009765625,729.6099853515625,47423,QQQ,1m
2026-05-26 19:17:00+00:00,729.635009765625,729.7999877929688,729.530029296875,729.780029296875,46008,QQQ,1m
2026-05-26 19:18:00+00:00,729.780029296875,729.7999877929688,729.6599731445312,729.6599731445312,41587,QQQ,1m
2026-05-26 19:19:00+00:00,729.6599731445312,729.6950073242188,729.580078125,729.6400146484375,52446,QQQ,1m
2026-05-26 19:20:00+00:00,729.6300048828125,729.719970703125,729.6199951171875,729.6799926757812,25432,QQQ,1m
2026-05-26 19:21:00+00:00,729.6909790039062,729.6909790039062,729.4349975585938,729.52001953125,49092,QQQ,1m
2026-05-26 19:22:00+00:00,729.530029296875,729.5900268554688,729.4600219726562,729.5399780273438,33140,QQQ,1m
2026-05-26 19:23:00+00:00,729.530029296875,729.75,729.5,729.7449951171875,20809,QQQ,1m
2026-05-26 19:24:00+00:00,729.7517700195312,729.780029296875,729.530029296875,729.5800170898438,99911,QQQ,1m
2026-05-26 19:25:00+00:00,729.6099853515625,729.6699829101562,729.5349731445312,729.6300048828125,54477,QQQ,1m
2026-05-26 19:26:00+00:00,729.635009765625,729.719970703125,729.5999755859375,729.6900024414062,36796,QQQ,1m
2026-05-26 19:27:00+00:00,729.6500244140625,729.6900024414062,729.5,729.5700073242188,31491,QQQ,1m
2026-05-26 19:28:00+00:00,729.5599975585938,729.5800170898438,729.3699951171875,729.4299926757812,46308,QQQ,1m
2026-05-26 19:29:00+00:00,729.4400024414062,729.6199951171875,729.4348754882812,729.5800170898438,22686,QQQ,1m
2026-05-26 19:30:00+00:00,729.5700073242188,729.8200073242188,729.5499877929688,729.7899780273438,54216,QQQ,1m
2026-05-26 19:31:00+00:00,729.8200073242188,729.9000244140625,729.75,729.9000244140625,62103,QQQ,1m
2026-05-26 19:32:00+00:00,729.89501953125,729.9199829101562,729.77001953125,729.8300170898438,54679,QQQ,1m
2026-05-26 19:33:00+00:00,729.8200073242188,729.8699951171875,729.7999877929688,729.8200073242188,73256,QQQ,1m
2026-05-26 19:34:00+00:00,729.8150024414062,730.1500244140625,729.8150024414062,730.010009765625,139559,QQQ,1m
2026-05-26 19:35:00+00:00,730.030029296875,730.0549926757812,729.9199829101562,729.97998046875,115359,QQQ,1m
2026-05-26 19:36:00+00:00,729.989990234375,730.2000122070312,729.989990234375,730.0800170898438,49758,QQQ,1m
2026-05-26 19:37:00+00:00,730.0800170898438,730.1900024414062,730.0800170898438,730.1699829101562,37065,QQQ,1m
2026-05-26 19:38:00+00:00,730.1799926757812,730.3895263671875,730.1099853515625,730.3800048828125,100798,QQQ,1m
2026-05-26 19:39:00+00:00,730.385009765625,730.385009765625,730.2501220703125,730.3300170898438,40476,QQQ,1m
2026-05-26 19:40:00+00:00,730.3125,730.4199829101562,730.2550048828125,730.385009765625,74496,QQQ,1m
2026-05-26 19:41:00+00:00,730.3900146484375,730.5900268554688,730.3900146484375,730.5599975585938,117904,QQQ,1m
2026-05-26 19:42:00+00:00,730.5800170898438,730.5900268554688,730.3900146484375,730.469970703125,97780,QQQ,1m
2026-05-26 19:43:00+00:00,730.4600219726562,730.47998046875,730.3602905273438,730.4600219726562,74553,QQQ,1m
2026-05-26 19:44:00+00:00,730.4600219726562,730.5399780273438,730.3800048828125,730.510009765625,69925,QQQ,1m
2026-05-26 19:45:00+00:00,730.510009765625,730.510009765625,730.2899780273438,730.469970703125,156564,QQQ,1m
2026-05-26 19:46:00+00:00,730.4500122070312,730.5599975585938,730.4400024414062,730.47998046875,79627,QQQ,1m
2026-05-26 19:47:00+00:00,730.489990234375,730.5900268554688,730.4600219726562,730.5601196289062,63065,QQQ,1m
2026-05-26 19:48:00+00:00,730.5700073242188,730.7000122070312,730.5650024414062,730.6699829101562,83620,QQQ,1m
2026-05-26 19:49:00+00:00,730.6799926757812,730.7000122070312,730.5499877929688,730.594970703125,55980,QQQ,1m
2026-05-26 19:50:00+00:00,730.6199951171875,730.9199829101562,730.3200073242188,730.3945922851562,300884,QQQ,1m
2026-05-26 19:51:00+00:00,730.3900146484375,730.489990234375,730.3699951171875,730.3699951171875,206245,QQQ,1m
2026-05-26 19:52:00+00:00,730.3699951171875,730.7100219726562,730.3599853515625,730.7000122070312,124850,QQQ,1m
2026-05-26 19:53:00+00:00,730.6900024414062,731.0150146484375,730.6599731445312,731.0050048828125,139206,QQQ,1m
2026-05-26 19:54:00+00:00,731.0,731.02001953125,730.614990234375,730.6799926757812,185770,QQQ,1m
2026-05-26 19:55:00+00:00,730.7000122070312,730.739990234375,730.5,730.551513671875,185071,QQQ,1m
2026-05-26 19:56:00+00:00,730.5700073242188,730.5900268554688,730.3099975585938,730.3599853515625,240865,QQQ,1m
2026-05-26 19:57:00+00:00,730.3619995117188,730.4099731445312,730.1699829101562,730.2349853515625,208421,QQQ,1m
2026-05-26 19:58:00+00:00,730.239990234375,730.239990234375,729.9600219726562,730.0499877929688,239086,QQQ,1m
2026-05-26 19:59:00+00:00,730.0449829101562,730.22998046875,729.9600219726562,730.2150268554688,533062,QQQ,1m
2026-05-27 13:30:00+00:00,732.9500122070312,733.3200073242188,731.2000122070312,731.7899780273438,2585349,QQQ,1m
2026-05-27 13:31:00+00:00,731.7899780273438,732.7999877929688,731.1599731445312,732.0399780273438,506526,QQQ,1m
2026-05-27 13:32:00+00:00,731.97998046875,732.3099975585938,731.5700073242188,732.0,371958,QQQ,1m
2026-05-27 13:33:00+00:00,732.02001953125,732.3800048828125,731.8599853515625,731.9000244140625,110037,QQQ,1m
2026-05-27 13:34:00+00:00,731.8400268554688,732.0794067382812,731.6300048828125,731.8699951171875,104512,QQQ,1m
2026-05-27 13:35:00+00:00,731.8400268554688,732.1699829101562,731.030029296875,731.2711181640625,217107,QQQ,1m
2026-05-27 13:36:00+00:00,731.2750244140625,731.6300048828125,730.9600219726562,730.9600219726562,168631,QQQ,1m
2026-05-27 13:37:00+00:00,730.9683227539062,731.0349731445312,730.2000122070312,730.280029296875,358592,QQQ,1m
2026-05-27 13:38:00+00:00,730.3099975585938,730.344970703125,729.7200927734375,730.1300048828125,317679,QQQ,1m
2026-05-27 13:39:00+00:00,730.1300048828125,730.5499877929688,729.9099731445312,730.030029296875,185508,QQQ,1m
2026-05-27 13:40:00+00:00,730.0999755859375,730.0999755859375,729.6599731445312,729.7780151367188,257629,QQQ,1m
2026-05-27 13:41:00+00:00,729.7780151367188,729.7999877929688,729.0,729.1099853515625,270145,QQQ,1m
2026-05-27 13:42:00+00:00,729.0599975585938,729.8099975585938,729.0599975585938,729.5900268554688,192786,QQQ,1m
2026-05-27 13:43:00+00:00,729.5900268554688,729.6799926757812,728.010009765625,728.0599975585938,288761,QQQ,1m
2026-05-27 13:44:00+00:00,728.0900268554688,728.3200073242188,727.510009765625,727.9000244140625,340938,QQQ,1m
2026-05-27 13:45:00+00:00,727.9000244140625,729.1099853515625,727.6300048828125,729.1099853515625,270070,QQQ,1m
2026-05-27 13:46:00+00:00,729.1079711914062,729.1525268554688,727.3300170898438,727.3699951171875,121889,QQQ,1m
2026-05-27 13:47:00+00:00,727.3900146484375,727.6900024414062,726.8599853515625,727.029296875,223182,QQQ,1m
2026-05-27 13:48:00+00:00,727.030029296875,728.260009765625,727.030029296875,728.2000122070312,170898,QQQ,1m
2026-05-27 13:49:00+00:00,728.2432861328125,728.5700073242188,727.8599853515625,728.3499755859375,158567,QQQ,1m
2026-05-27 13:50:00+00:00,728.3400268554688,729.4199829101562,728.0900268554688,729.39501953125,211705,QQQ,1m
2026-05-27 13:51:00+00:00,729.4000244140625,729.5499877929688,729.0499877929688,729.5499877929688,268576,QQQ,1m
2026-05-27 13:52:00+00:00,729.5349731445312,730.0599975585938,729.4400024414062,729.9949951171875,237522,QQQ,1m
2026-05-27 13:53:00+00:00,730.0,730.280029296875,729.6400146484375,729.75,219238,QQQ,1m
2026-05-27 13:54:00+00:00,729.7999877929688,729.9400024414062,729.0,729.010009765625,168598,QQQ,1m
2026-05-27 13:55:00+00:00,729.010009765625,729.5,728.219970703125,728.2999877929688,127826,QQQ,1m
2026-05-27 13:56:00+00:00,728.27001953125,729.2100219726562,728.2000122070312,729.1400146484375,103612,QQQ,1m
2026-05-27 13:57:00+00:00,729.1500244140625,729.7899780273438,728.989990234375,729.4301147460938,256135,QQQ,1m
2026-05-27 13:58:00+00:00,729.5,729.510009765625,728.6500244140625,728.7449951171875,63515,QQQ,1m
2026-05-27 13:59:00+00:00,728.7598876953125,729.9400024414062,728.7598876953125,729.9000244140625,90871,QQQ,1m
2026-05-27 14:00:00+00:00,729.8400268554688,730.0,729.27001953125,729.4500122070312,108483,QQQ,1m
2026-05-27 14:01:00+00:00,729.469970703125,730.3900146484375,729.3900146484375,730.2550048828125,136054,QQQ,1m
2026-05-27 14:02:00+00:00,730.219970703125,730.8099975585938,729.8400268554688,730.5900268554688,147228,QQQ,1m
2026-05-27 14:03:00+00:00,730.6295166015625,730.6295166015625,729.969970703125,730.1500244140625,90970,QQQ,1m
2026-05-27 14:04:00+00:00,730.1400756835938,730.5999755859375,729.8798828125,730.4000244140625,47103,QQQ,1m
2026-05-27 14:05:00+00:00,730.4299926757812,730.5700073242188,729.8499755859375,730.1801147460938,89455,QQQ,1m
2026-05-27 14:06:00+00:00,730.1680297851562,730.3400268554688,729.9400024414062,730.0999755859375,71213,QQQ,1m
2026-05-27 14:07:00+00:00,730.0599975585938,730.2000122070312,728.8300170898438,728.9600219726562,197658,QQQ,1m
2026-05-27 14:08:00+00:00,728.9500122070312,729.489990234375,728.4500122070312,728.5999755859375,113068,QQQ,1m
2026-05-27 14:09:00+00:00,728.489990234375,729.0800170898438,728.4600219726562,728.936279296875,107458,QQQ,1m
2026-05-27 14:10:00+00:00,728.9299926757812,729.1199951171875,728.0399780273438,728.1500244140625,94507,QQQ,1m
2026-05-27 14:11:00+00:00,728.0999755859375,728.6079711914062,727.989990234375,728.02001953125,118731,QQQ,1m
2026-05-27 14:12:00+00:00,728.0399780273438,728.5,728.0399780273438,728.4301147460938,94053,QQQ,1m
2026-05-27 14:13:00+00:00,728.4400024414062,728.77001953125,728.4299926757812,728.739990234375,85503,QQQ,1m
2026-05-27 14:14:00+00:00,728.75,729.0700073242188,728.5900268554688,728.760009765625,125853,QQQ,1m
2026-05-27 14:15:00+00:00,728.7899780273438,728.969970703125,728.4500122070312,728.5662231445312,80411,QQQ,1m
2026-05-27 14:16:00+00:00,728.5499877929688,729.5900268554688,728.5499877929688,729.5629272460938,83619,QQQ,1m
2026-05-27 14:17:00+00:00,729.5399780273438,729.780029296875,729.22998046875,729.22998046875,108099,QQQ,1m
2026-05-27 14:18:00+00:00,729.219970703125,729.2999877929688,728.8400268554688,729.2000122070312,58617,QQQ,1m
2026-05-27 14:19:00+00:00,729.2000122070312,729.4199829101562,729.0900268554688,729.1900024414062,88984,QQQ,1m
2026-05-27 14:20:00+00:00,729.2000122070312,729.4099731445312,728.1799926757812,728.280029296875,158676,QQQ,1m
2026-05-27 14:21:00+00:00,728.239990234375,728.489990234375,727.8400268554688,727.9450073242188,87226,QQQ,1m
2026-05-27 14:22:00+00:00,727.969970703125,728.25,727.47998046875,727.5999755859375,87958,QQQ,1m
2026-05-27 14:23:00+00:00,727.6300048828125,728.1137084960938,727.6099853515625,728.02001953125,131279,QQQ,1m
2026-05-27 14:24:00+00:00,728.0,728.0900268554688,727.489990234375,727.5300903320312,118772,QQQ,1m
2026-05-27 14:25:00+00:00,727.510009765625,727.52001953125,726.5,726.5399169921875,217550,QQQ,1m
2026-05-27 14:26:00+00:00,726.5399780273438,726.9000244140625,726.1400146484375,726.219970703125,278342,QQQ,1m
2026-05-27 14:27:00+00:00,726.219970703125,726.5,725.72998046875,725.739990234375,237344,QQQ,1m
2026-05-27 14:28:00+00:00,725.72998046875,726.27001953125,725.6699829101562,725.9600219726562,203343,QQQ,1m
2026-05-27 14:29:00+00:00,725.9600219726562,726.5399780273438,725.9199829101562,726.35498046875,103118,QQQ,1m
2026-05-27 14:30:00+00:00,726.3200073242188,727.0900268554688,726.2100219726562,726.6799926757812,162142,QQQ,1m
2026-05-27 14:31:00+00:00,726.7000122070312,727.1199951171875,726.6799926757812,727.0599975585938,100224,QQQ,1m
2026-05-27 14:32:00+00:00,727.0701293945312,727.0701293945312,726.0900268554688,726.0963134765625,160100,QQQ,1m
2026-05-27 14:33:00+00:00,726.098876953125,726.6099243164062,725.4400024414062,725.844970703125,170244,QQQ,1m
2026-05-27 14:34:00+00:00,725.8200073242188,727.1099853515625,725.8099975585938,727.1099853515625,116187,QQQ,1m
2026-05-27 14:35:00+00:00,727.0900268554688,727.4199829101562,726.7100219726562,727.3300170898438,84049,QQQ,1m
2026-05-27 14:36:00+00:00,727.3099975585938,727.889892578125,727.2000122070312,727.5518798828125,73342,QQQ,1m
2026-05-27 14:37:00+00:00,727.52001953125,727.6400146484375,727.010009765625,727.5700073242188,91918,QQQ,1m
2026-05-27 14:38:00+00:00,727.5999755859375,728.4600219726562,727.5999755859375,728.1400146484375,97714,QQQ,1m
2026-05-27 14:39:00+00:00,728.239990234375,728.385986328125,728.0800170898438,728.385986328125,76806,QQQ,1m
2026-05-27 14:40:00+00:00,728.3200073242188,728.8200073242188,728.2100219726562,728.7999267578125,81021,QQQ,1m
2026-05-27 14:41:00+00:00,728.7899780273438,728.9598999023438,728.5900268554688,728.9099731445312,55140,QQQ,1m
2026-05-27 14:42:00+00:00,728.9149780273438,728.9600219726562,727.8200073242188,727.8499755859375,120859,QQQ,1m
2026-05-27 14:43:00+00:00,727.8400268554688,728.6199951171875,727.6900024414062,728.5697021484375,88525,QQQ,1m
2026-05-27 14:44:00+00:00,728.5599975585938,728.5599975585938,727.6900024414062,728.1900024414062,84242,QQQ,1m
2026-05-27 14:45:00+00:00,728.1900024414062,728.2849731445312,727.8599853515625,728.1400146484375,68708,QQQ,1m
2026-05-27 14:46:00+00:00,728.0999755859375,728.68701171875,728.0399780273438,728.68701171875,88727,QQQ,1m
2026-05-27 14:47:00+00:00,728.625,728.9600219726562,728.4400024414062,728.8099975585938,70063,QQQ,1m
2026-05-27 14:48:00+00:00,728.8099975585938,728.8400268554688,728.3131713867188,728.4235229492188,54421,QQQ,1m
2026-05-27 14:49:00+00:00,728.4000244140625,728.4000244140625,727.4400024414062,727.7609252929688,92284,QQQ,1m
2026-05-27 14:50:00+00:00,727.7999877929688,728.64501953125,727.7999877929688,728.6400146484375,69714,QQQ,1m
2026-05-27 14:51:00+00:00,728.6500244140625,728.6950073242188,728.27880859375,728.27880859375,170061,QQQ,1m
2026-05-27 14:52:00+00:00,728.260009765625,728.6199951171875,728.0900268554688,728.1950073242188,62099,QQQ,1m
2026-05-27 14:53:00+00:00,728.1199951171875,728.4500122070312,728.0900268554688,728.39501953125,44728,QQQ,1m
2026-05-27 14:54:00+00:00,728.4299926757812,728.5900268554688,728.2899780273438,728.4749755859375,34480,QQQ,1m
2026-05-27 14:55:00+00:00,728.4400024414062,728.4600219726562,727.6199951171875,727.64501953125,109434,QQQ,1m
2026-05-27 14:56:00+00:00,727.6199951171875,727.6699829101562,726.5,726.5598754882812,148568,QQQ,1m
2026-05-27 14:57:00+00:00,726.5499877929688,727.1099853515625,726.5399780273438,727.0228271484375,70650,QQQ,1m
2026-05-27 14:58:00+00:00,727.0499877929688,727.1900024414062,726.834716796875,727.1500244140625,169371,QQQ,1m
2026-05-27 14:59:00+00:00,727.1900024414062,727.2382202148438,726.8800048828125,726.9199829101562,49059,QQQ,1m
2026-05-27 15:00:00+00:00,726.9400024414062,727.0700073242188,726.2899780273438,726.375,105406,QQQ,1m
2026-05-27 15:01:00+00:00,726.405029296875,727.1099853515625,726.3699951171875,727.0700073242188,86680,QQQ,1m
2026-05-27 15:02:00+00:00,727.0900268554688,727.260009765625,726.6801147460938,726.7100219726562,93186,QQQ,1m
2026-05-27 15:03:00+00:00,726.718017578125,727.1199951171875,726.5449829101562,726.9600219726562,88814,QQQ,1m
2026-05-27 15:04:00+00:00,727.0,727.0599975585938,726.52001953125,726.6799926757812,122944,QQQ,1m
2026-05-27 15:05:00+00:00,726.6699829101562,726.7698974609375,726.22998046875,726.5599975585938,82186,QQQ,1m
2026-05-27 15:06:00+00:00,726.599609375,726.8300170898438,726.385009765625,726.385009765625,41407,QQQ,1m
2026-05-27 15:07:00+00:00,726.3798828125,726.9517211914062,726.3798828125,726.9140014648438,62441,QQQ,1m
2026-05-27 15:08:00+00:00,726.9299926757812,727.3980102539062,726.8350219726562,727.2899780273438,41334,QQQ,1m
2026-05-27 15:09:00+00:00,727.27001953125,727.4600219726562,727.1707763671875,727.4299926757812,24375,QQQ,1m
2026-05-27 15:10:00+00:00,727.3800048828125,727.8200073242188,727.219970703125,727.77001953125,67551,QQQ,1m
2026-05-27 15:11:00+00:00,727.7650146484375,727.7899780273438,727.5700073242188,727.7498779296875,32148,QQQ,1m
2026-05-27 15:12:00+00:00,727.697509765625,727.7600708007812,727.3499755859375,727.3900146484375,56652,QQQ,1m
2026-05-27 15:13:00+00:00,727.3300170898438,727.7498779296875,727.3001098632812,727.6849975585938,25044,QQQ,1m
2026-05-27 15:14:00+00:00,727.6599731445312,727.6599731445312,727.1300048828125,727.1900024414062,25014,QQQ,1m
2026-05-27 15:15:00+00:00,727.2000122070312,727.2000122070312,726.3900146484375,726.4401245117188,77091,QQQ,1m
2026-05-27 15:16:00+00:00,726.4450073242188,726.8499755859375,726.4000244140625,726.8499755859375,39159,QQQ,1m
2026-05-27 15:17:00+00:00,726.8499755859375,726.9500122070312,726.6300048828125,726.6400146484375,21993,QQQ,1m
2026-05-27 15:18:00+00:00,726.6749877929688,726.8499755859375,726.47998046875,726.8400268554688,24938,QQQ,1m
2026-05-27 15:19:00+00:00,726.8400268554688,726.8400268554688,725.9400024414062,726.0299072265625,63526,QQQ,1m
2026-05-27 15:20:00+00:00,726.0150146484375,726.375,725.969970703125,726.2100219726562,59537,QQQ,1m
2026-05-27 15:21:00+00:00,726.2301025390625,726.27001953125,725.5499877929688,725.5599975585938,113500,QQQ,1m
2026-05-27 15:22:00+00:00,725.5599975585938,726.0599975585938,725.5449829101562,725.7999877929688,96989,QQQ,1m
2026-05-27 15:23:00+00:00,725.7999877929688,726.1900024414062,725.72998046875,725.989990234375,86850,QQQ,1m
2026-05-27 15:24:00+00:00,725.969970703125,726.5599975585938,725.9299926757812,726.510009765625,58724,QQQ,1m
2026-05-27 15:25:00+00:00,726.5,726.7899780273438,726.4099731445312,726.6199951171875,69337,QQQ,1m
2026-05-27 15:26:00+00:00,726.5700073242188,726.8499755859375,726.4924926757812,726.75,44588,QQQ,1m
2026-05-27 15:27:00+00:00,726.719970703125,726.9199829101562,726.510009765625,726.75,36101,QQQ,1m
2026-05-27 15:28:00+00:00,726.7650146484375,726.9494018554688,726.6500244140625,726.8699951171875,26271,QQQ,1m
2026-05-27 15:29:00+00:00,726.8400268554688,727.1799926757812,726.75,727.1799926757812,34183,QQQ,1m
2026-05-27 15:30:00+00:00,727.1799926757812,727.6599731445312,727.0800170898438,727.5900268554688,75457,QQQ,1m
2026-05-27 15:31:00+00:00,727.5700073242188,727.780029296875,727.3900146484375,727.5443115234375,97626,QQQ,1m
2026-05-27 15:32:00+00:00,727.5280151367188,727.7999877929688,727.4450073242188,727.7999877929688,34147,QQQ,1m
2026-05-27 15:33:00+00:00,727.780029296875,727.919921875,727.5900268554688,727.6699829101562,102316,QQQ,1m
2026-05-27 15:34:00+00:00,727.7100219726562,727.7100219726562,727.4099731445312,727.599609375,75207,QQQ,1m
2026-05-27 15:35:00+00:00,727.5599975585938,727.6500244140625,726.7849731445312,726.8099975585938,64858,QQQ,1m
2026-05-27 15:36:00+00:00,726.780029296875,727.0189819335938,726.4801025390625,726.719970703125,42875,QQQ,1m
2026-05-27 15:37:00+00:00,726.6950073242188,726.780029296875,726.469970703125,726.7100830078125,35161,QQQ,1m
2026-05-27 15:38:00+00:00,726.77001953125,726.8599853515625,726.360107421875,726.3900756835938,41167,QQQ,1m
2026-05-27 15:39:00+00:00,726.3908081054688,726.4799194335938,726.080078125,726.1500244140625,28165,QQQ,1m
2026-05-27 15:40:00+00:00,726.1400146484375,726.3798828125,726.010009765625,726.280029296875,89082,QQQ,1m
2026-05-27 15:41:00+00:00,726.3162231445312,726.4099731445312,726.1400146484375,726.39990234375,27560,QQQ,1m
2026-05-27 15:42:00+00:00,726.3599853515625,726.6199951171875,726.0,726.1298828125,60836,QQQ,1m
2026-05-27 15:43:00+00:00,726.0900268554688,726.3701171875,726.0150146484375,726.1096801757812,58223,QQQ,1m
2026-05-27 15:44:00+00:00,726.0599975585938,726.1500244140625,725.593017578125,725.719970703125,204626,QQQ,1m
2026-05-27 15:45:00+00:00,725.7000122070312,726.4949951171875,725.7000122070312,726.2498779296875,73906,QQQ,1m
2026-05-27 15:46:00+00:00,726.22998046875,726.2899780273438,725.6699829101562,725.9498291015625,61548,QQQ,1m
2026-05-27 15:47:00+00:00,725.9700927734375,726.1900024414062,725.840087890625,725.9650268554688,31044,QQQ,1m
2026-05-27 15:48:00+00:00,725.9600219726562,725.9600219726562,725.5800170898438,725.760009765625,64638,QQQ,1m
2026-05-27 15:49:00+00:00,725.7799072265625,726.1199951171875,725.5399780273438,725.9799194335938,40000,QQQ,1m
2026-05-27 15:50:00+00:00,725.9600219726562,726.4708251953125,725.9600219726562,726.4086303710938,66465,QQQ,1m
2026-05-27 15:51:00+00:00,726.3800048828125,726.3900146484375,725.6699829101562,725.7899780273438,49829,QQQ,1m
2026-05-27 15:52:00+00:00,725.7899780273438,726.260009765625,725.7249755859375,726.22998046875,49423,QQQ,1m
2026-05-27 15:53:00+00:00,726.280029296875,726.8900146484375,726.27001953125,726.6199951171875,55476,QQQ,1m
2026-05-27 15:54:00+00:00,726.5999755859375,726.7269897460938,726.1500244140625,726.5198974609375,62649,QQQ,1m
2026-05-27 15:55:00+00:00,726.47998046875,726.5599975585938,726.0300903320312,726.176025390625,53688,QQQ,1m
2026-05-27 15:56:00+00:00,726.239990234375,726.47998046875,726.1199951171875,726.47998046875,19650,QQQ,1m
2026-05-27 15:57:00+00:00,726.510009765625,726.8699951171875,726.510009765625,726.719970703125,76397,QQQ,1m
2026-05-27 15:58:00+00:00,726.7000122070312,726.989990234375,726.5599975585938,726.8900146484375,36710,QQQ,1m
2026-05-27 15:59:00+00:00,726.8800048828125,726.9000244140625,726.760009765625,726.7999877929688,22172,QQQ,1m
2026-05-27 16:00:00+00:00,726.7899780273438,726.875,726.4400024414062,726.6500244140625,24702,QQQ,1m
2026-05-27 16:01:00+00:00,726.719970703125,727.0900268554688,726.719970703125,726.9401245117188,22806,QQQ,1m
2026-05-27 16:02:00+00:00,726.9498901367188,727.1199951171875,726.719970703125,727.0850219726562,28133,QQQ,1m
2026-05-27 16:03:00+00:00,727.1300048828125,727.3350219726562,726.260009765625,726.469970703125,102190,QQQ,1m
2026-05-27 16:04:00+00:00,726.5900268554688,726.9500122070312,726.1099853515625,726.6497802734375,89737,QQQ,1m
2026-05-27 16:05:00+00:00,726.6300048828125,727.0,726.6300048828125,726.9099731445312,17877,QQQ,1m
2026-05-27 16:06:00+00:00,726.8701171875,727.0700073242188,726.773681640625,726.9500122070312,23706,QQQ,1m
2026-05-27 16:07:00+00:00,726.9600219726562,727.3200073242188,726.8250122070312,726.9500122070312,45589,QQQ,1m
2026-05-27 16:08:00+00:00,726.9299926757812,727.489990234375,726.719970703125,727.469970703125,101687,QQQ,1m
2026-05-27 16:09:00+00:00,727.4650268554688,727.7000122070312,727.3350219726562,727.7000122070312,56288,QQQ,1m
2026-05-27 16:10:00+00:00,727.719970703125,727.8300170898438,727.5399780273438,727.8001098632812,68716,QQQ,1m
2026-05-27 16:11:00+00:00,727.8200073242188,728.1799926757812,727.5700073242188,728.1599731445312,130821,QQQ,1m
2026-05-27 16:12:00+00:00,728.14501953125,728.3900146484375,727.989990234375,728.2999877929688,55471,QQQ,1m
2026-05-27 16:13:00+00:00,728.2999877929688,728.4000244140625,728.1300048828125,728.135009765625,59023,QQQ,1m
2026-05-27 16:14:00+00:00,728.1199951171875,728.3499755859375,728.0549926757812,728.2949829101562,39980,QQQ,1m
2026-05-27 16:15:00+00:00,728.2899780273438,728.5800170898438,728.2899780273438,728.5399780273438,53170,QQQ,1m
2026-05-27 16:16:00+00:00,728.52001953125,728.530029296875,727.9249877929688,728.010009765625,58004,QQQ,1m
2026-05-27 16:17:00+00:00,728.0250244140625,728.1699829101562,727.780029296875,727.9400024414062,46040,QQQ,1m
2026-05-27 16:18:00+00:00,727.969970703125,728.0250854492188,727.8704223632812,728.0119018554688,32566,QQQ,1m
2026-05-27 16:19:00+00:00,728.0499877929688,728.1400146484375,727.9600219726562,728.1099853515625,21888,QQQ,1m
2026-05-27 16:20:00+00:00,728.0999755859375,728.273193359375,728.0800170898438,728.135009765625,67812,QQQ,1m
2026-05-27 16:21:00+00:00,728.135009765625,728.530029296875,728.0499877929688,728.4899291992188,68127,QQQ,1m
2026-05-27 16:22:00+00:00,728.47998046875,728.5399780273438,728.3200073242188,728.52001953125,55091,QQQ,1m
2026-05-27 16:23:00+00:00,728.510009765625,728.7498779296875,728.510009765625,728.7100219726562,52766,QQQ,1m
2026-05-27 16:24:00+00:00,728.7150268554688,728.7750244140625,728.489990234375,728.6900024414062,80084,QQQ,1m
2026-05-27 16:25:00+00:00,728.6900024414062,728.7100830078125,727.780029296875,728.260009765625,108245,QQQ,1m
2026-05-27 16:26:00+00:00,728.3099975585938,728.4000244140625,728.0449829101562,728.2349853515625,218902,QQQ,1m
2026-05-27 16:27:00+00:00,728.2100219726562,728.239990234375,728.0800170898438,728.1199951171875,34041,QQQ,1m
2026-05-27 16:28:00+00:00,728.1199951171875,728.1599731445312,727.9600219726562,727.9600219726562,31075,QQQ,1m
2026-05-27 16:29:00+00:00,727.9600219726562,728.2100219726562,727.9600219726562,728.1900024414062,26696,QQQ,1m
2026-05-27 16:30:00+00:00,728.1599731445312,728.25,727.9099731445312,727.9199829101562,31048,QQQ,1m
2026-05-27 16:31:00+00:00,727.9199829101562,728.25,727.780029296875,728.219970703125,33658,QQQ,1m
2026-05-27 16:32:00+00:00,728.2000122070312,728.4099731445312,728.030029296875,728.3800048828125,51055,QQQ,1m
2026-05-27 16:33:00+00:00,728.3800048828125,728.5,728.1799926757812,728.2100219726562,45026,QQQ,1m
2026-05-27 16:34:00+00:00,728.2150268554688,728.3499755859375,727.9190063476562,728.155029296875,28743,QQQ,1m
2026-05-27 16:35:00+00:00,728.1500244140625,728.2999877929688,728.0900268554688,728.260009765625,78060,QQQ,1m
2026-05-27 16:36:00+00:00,728.4099731445312,728.469970703125,728.2315063476562,728.2800903320312,12157,QQQ,1m
2026-05-27 16:37:00+00:00,728.3699951171875,728.7999877929688,728.3699951171875,728.7849731445312,39413,QQQ,1m
2026-05-27 16:38:00+00:00,728.7849731445312,728.8099975585938,728.5399780273438,728.7100219726562,1224693,QQQ,1m
2026-05-27 16:39:00+00:00,728.7100219726562,728.7999877929688,728.469970703125,728.7899780273438,23372,QQQ,1m
2026-05-27 16:40:00+00:00,728.760009765625,729.0999755859375,728.739990234375,729.0800170898438,85597,QQQ,1m
2026-05-27 16:41:00+00:00,729.0999755859375,729.280029296875,729.010009765625,729.010009765625,147370,QQQ,1m
2026-05-27 16:42:00+00:00,728.989990234375,729.198974609375,728.989990234375,729.1450805664062,40434,QQQ,1m
2026-05-27 16:43:00+00:00,729.155029296875,729.3400268554688,729.1500244140625,729.25,26953,QQQ,1m
2026-05-27 16:44:00+00:00,729.219970703125,729.22998046875,729.0700073242188,729.1199951171875,31035,QQQ,1m
2026-05-27 16:45:00+00:00,729.1300048828125,729.4299926757812,729.1300048828125,729.3099975585938,38647,QQQ,1m
2026-05-27 16:46:00+00:00,729.3300170898438,729.469970703125,729.0,729.467529296875,62123,QQQ,1m
2026-05-27 16:47:00+00:00,729.4500122070312,729.47998046875,729.280029296875,729.2999877929688,61536,QQQ,1m
2026-05-27 16:48:00+00:00,729.2999877929688,729.39990234375,729.010009765625,729.0704956054688,41986,QQQ,1m
2026-05-27 16:49:00+00:00,729.0999755859375,729.5399169921875,729.0700073242188,729.510009765625,35561,QQQ,1m
2026-05-27 16:50:00+00:00,729.5,729.5599975585938,729.25,729.3099975585938,115194,QQQ,1m
2026-05-27 16:51:00+00:00,729.3300170898438,729.3400268554688,729.1099853515625,729.1300048828125,47613,QQQ,1m
2026-05-27 16:52:00+00:00,729.14501953125,729.1699829101562,728.5399780273438,728.5598754882812,98795,QQQ,1m
2026-05-27 16:53:00+00:00,728.5466918945312,728.6690063476562,728.4500122070312,728.530029296875,38981,QQQ,1m
2026-05-27 16:54:00+00:00,728.5401000976562,728.6400146484375,728.4320068359375,728.580078125,22181,QQQ,1m
2026-05-27 16:55:00+00:00,728.5800170898438,728.594970703125,728.3701171875,728.4500122070312,46770,QQQ,1m
2026-05-27 16:56:00+00:00,728.4799194335938,728.4799194335938,727.7899780273438,727.8099975585938,48877,QQQ,1m
2026-05-27 16:57:00+00:00,727.8300170898438,728.0399780273438,727.8300170898438,727.9099731445312,40639,QQQ,1m
2026-05-27 16:58:00+00:00,727.8900146484375,728.2999877929688,727.8699951171875,728.1099853515625,34470,QQQ,1m
2026-05-27 16:59:00+00:00,728.1099853515625,728.1500244140625,727.969970703125,728.099609375,161942,QQQ,1m
2026-05-27 17:00:00+00:00,728.1099853515625,728.2999877929688,728.0700073242188,728.114990234375,22344,QQQ,1m
2026-05-27 17:01:00+00:00,728.159912109375,728.22998046875,727.5999755859375,727.7100219726562,44829,QQQ,1m
2026-05-27 17:02:00+00:00,727.6400146484375,728.1300048828125,727.6400146484375,727.969970703125,20016,QQQ,1m
2026-05-27 17:03:00+00:00,728.0900268554688,728.1400146484375,727.969970703125,728.0800170898438,31911,QQQ,1m
2026-05-27 17:04:00+00:00,728.0999755859375,728.14501953125,727.739990234375,727.780029296875,19065,QQQ,1m
2026-05-27 17:05:00+00:00,727.75,727.9600219726562,727.72998046875,727.8400268554688,37275,QQQ,1m
2026-05-27 17:06:00+00:00,727.7899780273438,727.7899780273438,727.0200805664062,727.0399780273438,48449,QQQ,1m
2026-05-27 17:07:00+00:00,727.0328979492188,727.0900268554688,726.6500854492188,726.72998046875,57632,QQQ,1m
2026-05-27 17:08:00+00:00,726.7000122070312,726.8800048828125,726.4099731445312,726.4600219726562,80094,QQQ,1m
2026-05-27 17:09:00+00:00,726.4299926757812,726.510009765625,725.85498046875,725.9000244140625,113486,QQQ,1m
2026-05-27 17:10:00+00:00,725.8900146484375,726.719970703125,725.8900146484375,726.6500244140625,177285,QQQ,1m
2026-05-27 17:11:00+00:00,726.6799926757812,726.6799926757812,725.9400024414062,726.030029296875,61306,QQQ,1m
2026-05-27 17:12:00+00:00,725.969970703125,726.3699951171875,725.9400024414062,726.280029296875,37271,QQQ,1m
2026-05-27 17:13:00+00:00,726.27001953125,726.3150024414062,726.1599731445312,726.260009765625,19038,QQQ,1m
2026-05-27 17:14:00+00:00,726.2899780273438,726.4500122070312,726.219970703125,726.4500122070312,29748,QQQ,1m
2026-05-27 17:15:00+00:00,726.4600219726562,726.6099853515625,726.2999877929688,726.5449829101562,37574,QQQ,1m
2026-05-27 17:16:00+00:00,726.5599975585938,726.8699951171875,726.4600219726562,726.7849731445312,30064,QQQ,1m
2026-05-27 17:17:00+00:00,726.780029296875,726.989990234375,726.6649780273438,726.989990234375,24981,QQQ,1m
2026-05-27 17:18:00+00:00,726.9600830078125,727.1099853515625,726.8200073242188,727.0501098632812,29564,QQQ,1m
2026-05-27 17:19:00+00:00,727.0100708007812,727.0900268554688,726.8200073242188,727.0549926757812,62591,QQQ,1m
2026-05-27 17:20:00+00:00,727.030029296875,727.3699951171875,726.9299926757812,727.2000122070312,70960,QQQ,1m
2026-05-27 17:21:00+00:00,727.2100219726562,727.3099975585938,727.1500244140625,727.2050170898438,21056,QQQ,1m
2026-05-27 17:22:00+00:00,727.2050170898438,727.4199829101562,727.0601196289062,727.3300170898438,28707,QQQ,1m
2026-05-27 17:23:00+00:00,727.3306884765625,727.5399780273438,727.2899780273438,727.489990234375,56884,QQQ,1m
2026-05-27 17:24:00+00:00,727.5050048828125,727.635009765625,727.5050048828125,727.6207275390625,31915,QQQ,1m
2026-05-27 17:25:00+00:00,727.6099853515625,727.77001953125,727.56640625,727.75,24534,QQQ,1m
2026-05-27 17:26:00+00:00,727.75,727.7999877929688,727.6500244140625,727.72998046875,21439,QQQ,1m
2026-05-27 17:27:00+00:00,727.75,727.75,727.3599853515625,727.364990234375,43112,QQQ,1m
2026-05-27 17:28:00+00:00,727.3200073242188,727.5178833007812,727.3200073242188,727.5,11543,QQQ,1m
2026-05-27 17:29:00+00:00,727.5,727.5999755859375,727.2899780273438,727.2999877929688,39110,QQQ,1m
2026-05-27 17:30:00+00:00,727.3499755859375,727.614990234375,727.3001098632812,727.5549926757812,70565,QQQ,1m
2026-05-27 17:31:00+00:00,727.594970703125,727.8499755859375,727.5632934570312,727.6400146484375,35690,QQQ,1m
2026-05-27 17:32:00+00:00,727.6400146484375,727.7200927734375,727.407470703125,727.469970703125,50368,QQQ,1m
2026-05-27 17:33:00+00:00,727.4849853515625,727.6900024414062,727.4400024414062,727.659912109375,15019,QQQ,1m
2026-05-27 17:34:00+00:00,727.6500854492188,727.7587280273438,727.57421875,727.6699829101562,11871,QQQ,1m
2026-05-27 17:35:00+00:00,727.6699829101562,727.8699951171875,727.6099853515625,727.8150024414062,25266,QQQ,1m
2026-05-27 17:36:00+00:00,727.7999877929688,728.135009765625,727.75,728.135009765625,37935,QQQ,1m
2026-05-27 17:37:00+00:00,728.14990234375,728.14990234375,727.8800048828125,727.9500122070312,29930,QQQ,1m
2026-05-27 17:38:00+00:00,727.9299926757812,728.0,727.739990234375,728.0,26924,QQQ,1m
2026-05-27 17:39:00+00:00,727.969970703125,728.0798950195312,727.719970703125,727.739990234375,20589,QQQ,1m
2026-05-27 17:40:00+00:00,727.75,727.8200073242188,727.4299926757812,727.52001953125,24303,QQQ,1m
2026-05-27 17:41:00+00:00,727.47998046875,727.5723266601562,727.35498046875,727.4199829101562,19879,QQQ,1m
2026-05-27 17:42:00+00:00,727.4752807617188,727.5599975585938,727.1799926757812,727.1799926757812,45419,QQQ,1m
2026-05-27 17:43:00+00:00,727.1749877929688,727.4058837890625,727.0202026367188,727.3900146484375,28441,QQQ,1m
2026-05-27 17:44:00+00:00,727.364990234375,727.364990234375,727.0800170898438,727.1199951171875,25063,QQQ,1m
2026-05-27 17:45:00+00:00,727.0900268554688,727.2000122070312,727.0499877929688,727.0800170898438,44768,QQQ,1m
2026-05-27 17:46:00+00:00,727.089599609375,727.5300903320312,726.9700927734375,727.489990234375,28240,QQQ,1m
2026-05-27 17:47:00+00:00,727.47998046875,727.5343017578125,727.2999877929688,727.3300170898438,23711,QQQ,1m
2026-05-27 17:48:00+00:00,727.360107421875,727.4299926757812,727.0999755859375,727.14501953125,27137,QQQ,1m
2026-05-27 17:49:00+00:00,727.1500244140625,727.5289916992188,727.1500244140625,727.52001953125,20575,QQQ,1m
2026-05-27 17:50:00+00:00,727.5499877929688,727.77001953125,727.5499877929688,727.6799926757812,63222,QQQ,1m
2026-05-27 17:51:00+00:00,727.7100219726562,727.89990234375,727.510009765625,727.89990234375,18116,QQQ,1m
2026-05-27 17:52:00+00:00,727.8699951171875,727.9099731445312,727.72998046875,727.8400268554688,18420,QQQ,1m
2026-05-27 17:53:00+00:00,727.9299926757812,727.997314453125,727.8200073242188,727.997314453125,18181,QQQ,1m
2026-05-27 17:54:00+00:00,727.9600219726562,728.0399780273438,727.8300170898438,727.969970703125,34040,QQQ,1m
2026-05-27 17:55:00+00:00,727.97998046875,728.2000122070312,727.969970703125,728.0700073242188,29006,QQQ,1m
2026-05-27 17:56:00+00:00,728.0700073242188,728.1900024414062,728.030029296875,728.0900268554688,18185,QQQ,1m
2026-05-27 17:57:00+00:00,728.0999755859375,728.114990234375,727.8338012695312,727.8529052734375,26037,QQQ,1m
2026-05-27 17:58:00+00:00,727.8737182617188,728.1699829101562,727.8300170898438,728.1199951171875,34647,QQQ,1m
2026-05-27 17:59:00+00:00,728.1400146484375,728.1400146484375,727.6799926757812,727.739990234375,36413,QQQ,1m
2026-05-27 18:00:00+00:00,727.719970703125,727.8099975585938,727.5,727.5401000976562,24845,QQQ,1m
2026-05-27 18:01:00+00:00,727.5499877929688,727.9299926757812,727.5499877929688,727.85498046875,30791,QQQ,1m
2026-05-27 18:02:00+00:00,727.8699951171875,727.989990234375,727.8699951171875,727.89501953125,16737,QQQ,1m
2026-05-27 18:03:00+00:00,727.9500122070312,728.0599975585938,727.8812255859375,727.9249877929688,12144,QQQ,1m
2026-05-27 18:04:00+00:00,727.9099731445312,727.989990234375,727.6600952148438,727.989990234375,51578,QQQ,1m
2026-05-27 18:05:00+00:00,727.969970703125,727.969970703125,727.5599975585938,727.7100219726562,20897,QQQ,1m
2026-05-27 18:06:00+00:00,727.75,728.0,727.5999755859375,727.969970703125,17690,QQQ,1m
2026-05-27 18:07:00+00:00,727.9849853515625,728.2999877929688,727.9849853515625,728.2999877929688,16030,QQQ,1m
2026-05-27 18:08:00+00:00,728.3099975585938,728.4600219726562,728.1900024414062,728.25,63187,QQQ,1m
2026-05-27 18:09:00+00:00,728.2449951171875,728.3499755859375,728.1300048828125,728.2401123046875,17556,QQQ,1m
2026-05-27 18:10:00+00:00,728.239990234375,728.3300170898438,728.219970703125,728.2999877929688,14216,QQQ,1m
2026-05-27 18:11:00+00:00,728.2999877929688,728.4199829101562,728.1900024414062,728.2050170898438,21800,QQQ,1m
2026-05-27 18:12:00+00:00,728.1849975585938,728.3300170898438,728.1500244140625,728.2849731445312,13988,QQQ,1m
2026-05-27 18:13:00+00:00,728.27001953125,728.2899780273438,728.0064086914062,728.0599975585938,12247,QQQ,1m
2026-05-27 18:14:00+00:00,728.0800170898438,728.3300170898438,727.8800048828125,728.3200073242188,507416,QQQ,1m
2026-05-27 18:15:00+00:00,728.2899780273438,728.3707275390625,728.1900024414062,728.2999877929688,10708,QQQ,1m
2026-05-27 18:16:00+00:00,728.3099975585938,728.5399780273438,728.2999877929688,728.3674926757812,23383,QQQ,1m
2026-05-27 18:17:00+00:00,728.3499755859375,728.530029296875,728.3200073242188,728.47998046875,24484,QQQ,1m
2026-05-27 18:18:00+00:00,728.4749755859375,728.7000122070312,728.4199829101562,728.6400756835938,57152,QQQ,1m
2026-05-27 18:19:00+00:00,728.6500244140625,728.669921875,728.5599975585938,728.6099853515625,21436,QQQ,1m
2026-05-27 18:20:00+00:00,728.5900268554688,728.760009765625,728.5599975585938,728.6950073242188,57250,QQQ,1m
2026-05-27 18:21:00+00:00,728.6862182617188,728.9000244140625,728.6699829101562,728.8900146484375,44838,QQQ,1m
2026-05-27 18:22:00+00:00,728.8800048828125,729.1400146484375,728.8800048828125,729.0999755859375,62585,QQQ,1m
2026-05-27 18:23:00+00:00,729.0900268554688,729.1900024414062,728.97998046875,729.0900268554688,68583,QQQ,1m
2026-05-27 18:24:00+00:00,729.0800170898438,729.2446899414062,728.9849853515625,729.22998046875,39771,QQQ,1m
2026-05-27 18:25:00+00:00,729.239990234375,729.35498046875,729.2100219726562,729.260009765625,218313,QQQ,1m
2026-05-27 18:26:00+00:00,729.2750244140625,729.4595947265625,729.2750244140625,729.4299926757812,52445,QQQ,1m
2026-05-27 18:27:00+00:00,729.4201049804688,729.6654052734375,729.4099731445312,729.5700073242188,96172,QQQ,1m
2026-05-27 18:28:00+00:00,729.5599975585938,729.5999755859375,729.3812866210938,729.510009765625,31734,QQQ,1m
2026-05-27 18:29:00+00:00,729.5194091796875,729.6699829101562,729.5,729.6699829101562,73711,QQQ,1m
2026-05-27 18:30:00+00:00,729.6599731445312,729.8099975585938,729.6500244140625,729.7899169921875,32873,QQQ,1m
2026-05-27 18:31:00+00:00,729.7899780273438,729.8499755859375,729.6099853515625,729.719970703125,47744,QQQ,1m
2026-05-27 18:32:00+00:00,729.719970703125,729.75,729.4500122070312,729.5599975585938,56006,QQQ,1m
2026-05-27 18:33:00+00:00,729.5700073242188,729.72998046875,729.4749755859375,729.610107421875,89112,QQQ,1m
2026-05-27 18:34:00+00:00,729.6300048828125,729.7349853515625,729.5750122070312,729.6699829101562,32537,QQQ,1m
2026-05-27 18:35:00+00:00,729.6500244140625,729.7100219726562,729.5700073242188,729.6599731445312,30928,QQQ,1m
2026-05-27 18:36:00+00:00,729.6500244140625,729.6500244140625,729.4520263671875,729.4520263671875,32458,QQQ,1m
2026-05-27 18:37:00+00:00,729.4600219726562,729.4600219726562,728.9500122070312,728.97998046875,56105,QQQ,1m
2026-05-27 18:38:00+00:00,728.9749755859375,729.2100219726562,728.9500122070312,729.0767211914062,33848,QQQ,1m
2026-05-27 18:39:00+00:00,729.0701293945312,729.469970703125,729.0700073242188,729.4199829101562,41118,QQQ,1m
2026-05-27 18:40:00+00:00,729.4099731445312,729.4600219726562,729.3414916992188,729.3699951171875,23988,QQQ,1m
2026-05-27 18:41:00+00:00,729.3699951171875,729.4395751953125,729.280029296875,729.4395751953125,31150,QQQ,1m
2026-05-27 18:42:00+00:00,729.4400024414062,729.60009765625,729.3099975585938,729.60009765625,27839,QQQ,1m
2026-05-27 18:43:00+00:00,729.6500244140625,729.719970703125,729.5499877929688,729.6199951171875,41846,QQQ,1m
2026-05-27 18:44:00+00:00,729.6099853515625,729.6900024414062,729.5399780273438,729.5399780273438,13184,QQQ,1m
2026-05-27 18:45:00+00:00,729.52001953125,729.5839233398438,729.489990234375,729.5700073242188,30053,QQQ,1m
2026-05-27 18:46:00+00:00,729.5501098632812,729.6900024414062,729.5501098632812,729.5999755859375,25503,QQQ,1m
2026-05-27 18:47:00+00:00,729.5750122070312,729.6699829101562,729.5701293945312,729.6699829101562,70958,QQQ,1m
2026-05-27 18:48:00+00:00,729.6799926757812,729.6951293945312,729.5700073242188,729.5800170898438,23745,QQQ,1m
2026-05-27 18:49:00+00:00,729.5599975585938,729.5599975585938,729.3099975585938,729.3099975585938,40942,QQQ,1m
2026-05-27 18:50:00+00:00,729.3099975585938,729.4749755859375,729.3099975585938,729.3800048828125,26043,QQQ,1m
2026-05-27 18:51:00+00:00,729.3826293945312,729.5181274414062,729.2000122070312,729.469970703125,22033,QQQ,1m
2026-05-27 18:52:00+00:00,729.489990234375,729.7000122070312,729.4600219726562,729.6500244140625,32078,QQQ,1m
2026-05-27 18:53:00+00:00,729.7000122070312,729.72998046875,729.22998046875,729.3400268554688,69765,QQQ,1m
2026-05-27 18:54:00+00:00,729.3300170898438,729.3900146484375,729.280029296875,729.3400268554688,37045,QQQ,1m
2026-05-27 18:55:00+00:00,729.3300170898438,729.7000122070312,729.27001953125,729.6799926757812,31912,QQQ,1m
2026-05-27 18:56:00+00:00,729.6900024414062,729.7100219726562,729.5900268554688,729.614990234375,29630,QQQ,1m
2026-05-27 18:57:00+00:00,729.635009765625,729.635009765625,729.2725219726562,729.2899780273438,35081,QQQ,1m
2026-05-27 18:58:00+00:00,729.2852783203125,729.3900146484375,729.239990234375,729.2550048828125,23108,QQQ,1m
2026-05-27 18:59:00+00:00,729.2598876953125,729.4299926757812,729.2550048828125,729.3201293945312,20638,QQQ,1m
2026-05-27 19:00:00+00:00,729.3099975585938,729.489990234375,728.9199829101562,729.0601196289062,64779,QQQ,1m
2026-05-27 19:01:00+00:00,729.0679931640625,729.4199829101562,729.0349731445312,729.389892578125,28270,QQQ,1m
2026-05-27 19:02:00+00:00,729.3699951171875,729.5800170898438,729.352294921875,729.5250244140625,18433,QQQ,1m
2026-05-27 19:03:00+00:00,729.5250244140625,729.7098999023438,729.5250244140625,729.64501953125,30810,QQQ,1m
2026-05-27 19:04:00+00:00,729.635009765625,729.7000122070312,729.5499877929688,729.6500244140625,26078,QQQ,1m
2026-05-27 19:05:00+00:00,729.6500244140625,729.7000122070312,729.5449829101562,729.6400146484375,28909,QQQ,1m
2026-05-27 19:06:00+00:00,729.6300048828125,729.8499755859375,729.5999755859375,729.6300048828125,32346,QQQ,1m
2026-05-27 19:07:00+00:00,729.655029296875,729.666015625,729.3300170898438,729.4099731445312,54796,QQQ,1m
2026-05-27 19:08:00+00:00,729.4083251953125,729.47998046875,729.3400268554688,729.4285278320312,34406,QQQ,1m
2026-05-27 19:09:00+00:00,729.3800048828125,729.4849853515625,729.239990234375,729.48291015625,26207,QQQ,1m
2026-05-27 19:10:00+00:00,729.4400024414062,729.6300048828125,729.3599853515625,729.4401245117188,37610,QQQ,1m
2026-05-27 19:11:00+00:00,729.4400024414062,729.489990234375,729.3800048828125,729.4199829101562,15635,QQQ,1m
2026-05-27 19:12:00+00:00,729.4099731445312,729.5,729.260009765625,729.5,31560,QQQ,1m
2026-05-27 19:13:00+00:00,729.489990234375,729.5700073242188,729.2899780273438,729.3536987304688,40855,QQQ,1m
2026-05-27 19:14:00+00:00,729.3900146484375,729.47998046875,729.3687133789062,729.3699951171875,40755,QQQ,1m
2026-05-27 19:15:00+00:00,729.3599853515625,729.6199951171875,729.3599853515625,729.5800170898438,23746,QQQ,1m
2026-05-27 19:16:00+00:00,729.5599975585938,729.5599975585938,729.405029296875,729.530029296875,16418,QQQ,1m
2026-05-27 19:17:00+00:00,729.5549926757812,729.6099853515625,729.510009765625,729.5599975585938,17837,QQQ,1m
2026-05-27 19:18:00+00:00,729.5700073242188,729.6599731445312,729.4600219726562,729.5549926757812,36193,QQQ,1m
2026-05-27 19:19:00+00:00,729.5599975585938,729.5599975585938,729.3099975585938,729.3400268554688,47870,QQQ,1m
2026-05-27 19:20:00+00:00,729.3699951171875,729.57958984375,729.3400268554688,729.5,24572,QQQ,1m
2026-05-27 19:21:00+00:00,729.530029296875,729.6199951171875,729.469970703125,729.5499877929688,56055,QQQ,1m
2026-05-27 19:22:00+00:00,729.5399780273438,729.5700073242188,729.405029296875,729.4550170898438,13173,QQQ,1m
2026-05-27 19:23:00+00:00,729.4400024414062,729.5800170898438,729.4099731445312,729.5,32282,QQQ,1m
2026-05-27 19:24:00+00:00,729.4899291992188,729.52001953125,729.35498046875,729.489990234375,33135,QQQ,1m
2026-05-27 19:25:00+00:00,729.47998046875,729.5,729.260009765625,729.2780151367188,28278,QQQ,1m
2026-05-27 19:26:00+00:00,729.280029296875,729.2866821289062,728.9401245117188,728.9550170898438,63711,QQQ,1m
2026-05-27 19:27:00+00:00,728.9500122070312,728.9500122070312,728.625,728.739990234375,124705,QQQ,1m
2026-05-27 19:28:00+00:00,728.7449951171875,728.9498901367188,728.5900268554688,728.9017944335938,44768,QQQ,1m
2026-05-27 19:29:00+00:00,728.9019165039062,729.0399780273438,728.8800048828125,728.989990234375,31268,QQQ,1m
2026-05-27 19:30:00+00:00,728.989990234375,729.2750244140625,728.969970703125,729.1900024414062,55945,QQQ,1m
2026-05-27 19:31:00+00:00,729.1799926757812,729.3001098632812,729.125,729.1699829101562,35422,QQQ,1m
2026-05-27 19:32:00+00:00,729.1649780273438,729.280029296875,729.0401000976562,729.1950073242188,50636,QQQ,1m
2026-05-27 19:33:00+00:00,729.22998046875,729.5499267578125,729.22998046875,729.5349731445312,51490,QQQ,1m
2026-05-27 19:34:00+00:00,729.52001953125,729.52001953125,729.3699951171875,729.3800048828125,23339,QQQ,1m
2026-05-27 19:35:00+00:00,729.3599853515625,729.5499877929688,729.3400268554688,729.5399780273438,70531,QQQ,1m
2026-05-27 19:36:00+00:00,729.52001953125,729.7799072265625,729.4650268554688,729.5800170898438,87246,QQQ,1m
2026-05-27 19:37:00+00:00,729.5800170898438,729.719970703125,729.5700073242188,729.7199096679688,177396,QQQ,1m
2026-05-27 19:38:00+00:00,729.719970703125,729.9500122070312,729.5100708007812,729.8870849609375,124393,QQQ,1m
2026-05-27 19:39:00+00:00,729.8800048828125,730.0698852539062,729.8400268554688,729.8599853515625,83836,QQQ,1m
2026-05-27 19:40:00+00:00,729.8800048828125,729.969970703125,729.6900024414062,729.8599853515625,62584,QQQ,1m
2026-05-27 19:41:00+00:00,729.8400268554688,729.89501953125,729.6099853515625,729.6199951171875,52255,QQQ,1m
2026-05-27 19:42:00+00:00,729.6199951171875,729.7949829101562,729.6199951171875,729.75,43342,QQQ,1m
2026-05-27 19:43:00+00:00,729.739990234375,729.739990234375,729.6099853515625,729.739990234375,38247,QQQ,1m
2026-05-27 19:44:00+00:00,729.7301025390625,729.9500122070312,729.719970703125,729.9450073242188,29088,QQQ,1m
2026-05-27 19:45:00+00:00,729.969970703125,729.969970703125,729.8200073242188,729.8400268554688,107379,QQQ,1m
2026-05-27 19:46:00+00:00,729.8300170898438,729.9600219726562,729.719970703125,729.75,46406,QQQ,1m
2026-05-27 19:47:00+00:00,729.75,729.8800048828125,729.7324829101562,729.7899780273438,131911,QQQ,1m
2026-05-27 19:48:00+00:00,729.77001953125,729.8150024414062,729.6199951171875,729.6799926757812,80513,QQQ,1m
2026-05-27 19:49:00+00:00,729.6799926757812,729.8300170898438,729.4600219726562,729.5,149527,QQQ,1m
2026-05-27 19:50:00+00:00,729.47998046875,729.6300048828125,729.1699829101562,729.580078125,148680,QQQ,1m
2026-05-27 19:51:00+00:00,729.5700073242188,729.7000122070312,729.47998046875,729.6300048828125,79191,QQQ,1m
2026-05-27 19:52:00+00:00,729.6699829101562,729.7337036132812,729.5499877929688,729.6500244140625,121140,QQQ,1m
2026-05-27 19:53:00+00:00,729.6400146484375,729.8800048828125,729.5900268554688,729.6099243164062,197115,QQQ,1m
2026-05-27 19:54:00+00:00,729.6199951171875,729.625,729.219970703125,729.2891235351562,138167,QQQ,1m
2026-05-27 19:55:00+00:00,729.27001953125,729.6300048828125,729.1900024414062,729.3599853515625,98929,QQQ,1m
2026-05-27 19:56:00+00:00,729.3499755859375,729.5543212890625,729.3200073242188,729.3400268554688,88196,QQQ,1m
2026-05-27 19:57:00+00:00,729.3400268554688,729.4299926757812,729.25,729.3200073242188,149309,QQQ,1m
2026-05-27 19:58:00+00:00,729.3300170898438,729.5800170898438,729.25,729.5750122070312,130630,QQQ,1m
2026-05-27 19:59:00+00:00,729.5750122070312,729.6799926757812,729.2999877929688,729.489990234375,465480,QQQ,1m
2026-05-28 13:30:00+00:00,729.739990234375,731.0399780273438,729.719970703125,730.6824951171875,2043037,QQQ,1m
2026-05-28 13:31:00+00:00,730.6400146484375,731.1199951171875,730.219970703125,730.219970703125,174293,QQQ,1m
2026-05-28 13:32:00+00:00,730.2449951171875,730.780029296875,729.9400024414062,729.9876098632812,155453,QQQ,1m
2026-05-28 13:33:00+00:00,729.969970703125,730.0499877929688,728.6699829101562,728.7717895507812,167878,QQQ,1m
2026-05-28 13:34:00+00:00,728.72998046875,729.02001953125,728.5700073242188,728.6799926757812,136255,QQQ,1m
2026-05-28 13:35:00+00:00,728.6799926757812,728.780029296875,728.0800170898438,728.719970703125,136611,QQQ,1m
2026-05-28 13:36:00+00:00,728.75,729.0399780273438,728.4299926757812,728.5803833007812,186851,QQQ,1m
2026-05-28 13:37:00+00:00,728.5800170898438,728.5999755859375,728.22998046875,728.27001953125,152993,QQQ,1m
2026-05-28 13:38:00+00:00,728.27001953125,728.6900024414062,728.0800170898438,728.22998046875,148453,QQQ,1m
2026-05-28 13:39:00+00:00,728.219970703125,728.3800048828125,728.0,728.0,146487,QQQ,1m
2026-05-28 13:40:00+00:00,727.97998046875,728.0499877929688,727.5900268554688,727.72998046875,135319,QQQ,1m
2026-05-28 13:41:00+00:00,727.7349853515625,727.760009765625,727.3800048828125,727.6134033203125,152880,QQQ,1m
2026-05-28 13:42:00+00:00,727.6119995117188,728.1199951171875,727.47998046875,728.1099853515625,189925,QQQ,1m
2026-05-28 13:43:00+00:00,728.0960083007812,728.239990234375,727.4500122070312,727.47998046875,106594,QQQ,1m
2026-05-28 13:44:00+00:00,727.4401245117188,727.530029296875,727.04052734375,727.2999877929688,166558,QQQ,1m
2026-05-28 13:45:00+00:00,727.2899780273438,727.7949829101562,727.239990234375,727.2449951171875,149488,QQQ,1m
2026-05-28 13:46:00+00:00,727.260009765625,727.280029296875,726.8599853515625,727.0800170898438,129861,QQQ,1m
2026-05-28 13:47:00+00:00,727.114990234375,727.280029296875,726.7899780273438,727.0,100755,QQQ,1m
2026-05-28 13:48:00+00:00,726.97998046875,727.2199096679688,726.780029296875,727.030029296875,130549,QQQ,1m
2026-05-28 13:49:00+00:00,726.989990234375,726.989990234375,726.6505126953125,726.6619873046875,190114,QQQ,1m
2026-05-28 13:50:00+00:00,726.7100219726562,727.6900024414062,726.4099731445312,727.2849731445312,292219,QQQ,1m
2026-05-28 13:51:00+00:00,727.3201293945312,727.6400146484375,727.0399780273438,727.5999755859375,110492,QQQ,1m
2026-05-28 13:52:00+00:00,727.5599975585938,728.2999877929688,727.52001953125,728.2449951171875,140888,QQQ,1m
2026-05-28 13:53:00+00:00,728.22998046875,728.3599853515625,727.6199951171875,727.655029296875,232450,QQQ,1m
2026-05-28 13:54:00+00:00,727.6400756835938,727.8900146484375,727.1199951171875,727.2449951171875,106171,QQQ,1m
2026-05-28 13:55:00+00:00,727.2449951171875,727.7849731445312,727.1400146484375,727.7449951171875,42093,QQQ,1m
2026-05-28 13:56:00+00:00,727.7050170898438,727.97998046875,727.3099975585938,727.97998046875,50764,QQQ,1m
2026-05-28 13:57:00+00:00,727.97998046875,728.3099975585938,727.9199829101562,728.1300048828125,171281,QQQ,1m
2026-05-28 13:58:00+00:00,728.1199951171875,728.1699829101562,727.6500244140625,727.719970703125,118983,QQQ,1m
2026-05-28 13:59:00+00:00,727.6599731445312,728.2000122070312,727.5800170898438,728.1199951171875,78802,QQQ,1m
2026-05-28 14:00:00+00:00,728.1199951171875,728.8099975585938,727.77001953125,728.5999755859375,132577,QQQ,1m
2026-05-28 14:01:00+00:00,728.6400146484375,728.6500244140625,727.7401123046875,727.8701171875,97074,QQQ,1m
2026-05-28 14:02:00+00:00,727.9199829101562,728.0900268554688,727.7100219726562,727.9199829101562,161042,QQQ,1m
2026-05-28 14:03:00+00:00,727.9400024414062,728.0,727.4700927734375,727.6599731445312,53402,QQQ,1m
2026-05-28 14:04:00+00:00,727.6199951171875,728.3099975585938,727.5499877929688,728.1849975585938,61050,QQQ,1m
2026-05-28 14:05:00+00:00,728.219970703125,728.4000244140625,727.7999877929688,728.0700073242188,92860,QQQ,1m
2026-05-28 14:06:00+00:00,728.0399780273438,728.5900268554688,727.9500122070312,728.5650024414062,49314,QQQ,1m
2026-05-28 14:07:00+00:00,728.5700073242188,728.9849853515625,728.489990234375,728.6900024414062,115390,QQQ,1m
2026-05-28 14:08:00+00:00,728.6649780273438,729.1699829101562,728.5700073242188,729.1099853515625,85494,QQQ,1m
2026-05-28 14:09:00+00:00,729.1199951171875,729.4650268554688,728.8300170898438,729.4600219726562,82013,QQQ,1m
2026-05-28 14:10:00+00:00,729.469970703125,729.5499877929688,728.5,728.5700073242188,129294,QQQ,1m
2026-05-28 14:11:00+00:00,728.5650024414062,729.1649780273438,728.5399780273438,729.1113891601562,87158,QQQ,1m
2026-05-28 14:12:00+00:00,729.1400146484375,731.7698974609375,728.9000244140625,731.5999755859375,360150,QQQ,1m
2026-05-28 14:13:00+00:00,731.69873046875,732.5700073242188,730.5700073242188,732.5499877929688,524544,QQQ,1m
2026-05-28 14:14:00+00:00,732.5698852539062,732.8499755859375,731.8200073242188,732.260009765625,395106,QQQ,1m
2026-05-28 14:15:00+00:00,732.2100219726562,732.530029296875,731.4000244140625,731.4600219726562,364690,QQQ,1m
2026-05-28 14:16:00+00:00,731.3599853515625,732.1799926757812,730.8709716796875,732.114990234375,233147,QQQ,1m
2026-05-28 14:17:00+00:00,732.0850219726562,732.1099853515625,731.5800170898438,731.6699829101562,87636,QQQ,1m
2026-05-28 14:18:00+00:00,731.6199951171875,732.2899780273438,731.3800048828125,732.22998046875,74232,QQQ,1m
2026-05-28 14:19:00+00:00,732.260009765625,732.4000244140625,731.5601196289062,731.719970703125,92641,QQQ,1m
2026-05-28 14:20:00+00:00,731.780029296875,732.0499877929688,731.3400268554688,731.3400268554688,68578,QQQ,1m
2026-05-28 14:21:00+00:00,731.3900146484375,731.52001953125,730.9099731445312,731.2999877929688,164847,QQQ,1m
2026-05-28 14:22:00+00:00,731.2299194335938,731.22998046875,730.3848266601562,730.6300048828125,93292,QQQ,1m
2026-05-28 14:23:00+00:00,730.5999755859375,730.6300048828125,729.9100952148438,729.9100952148438,73623,QQQ,1m
2026-05-28 14:24:00+00:00,729.9400024414062,730.6099853515625,729.9199829101562,730.52001953125,87804,QQQ,1m
2026-05-28 14:25:00+00:00,730.530029296875,731.22998046875,730.4500122070312,731.1287841796875,92940,QQQ,1m
2026-05-28 14:26:00+00:00,731.1900024414062,731.510009765625,730.97998046875,731.510009765625,84210,QQQ,1m
2026-05-28 14:27:00+00:00,731.489990234375,731.6400146484375,731.2999877929688,731.3300170898438,44224,QQQ,1m
2026-05-28 14:28:00+00:00,731.3800048828125,731.6799926757812,731.330078125,731.5899047851562,66224,QQQ,1m
2026-05-28 14:29:00+00:00,731.5850219726562,731.9500122070312,731.530029296875,731.9298706054688,68138,QQQ,1m
2026-05-28 14:30:00+00:00,731.9299926757812,732.330078125,731.8400268554688,732.2039184570312,114386,QQQ,1m
2026-05-28 14:31:00+00:00,732.2100219726562,732.3300170898438,731.8499755859375,732.030029296875,70965,QQQ,1m
2026-05-28 14:32:00+00:00,732.0399780273438,732.1199951171875,731.7000732421875,731.739990234375,61674,QQQ,1m
2026-05-28 14:33:00+00:00,731.7603759765625,731.9500122070312,731.3900146484375,731.5200805664062,89282,QQQ,1m
2026-05-28 14:34:00+00:00,731.5599975585938,731.619873046875,731.0,731.0,68148,QQQ,1m
2026-05-28 14:35:00+00:00,731.0050048828125,731.5599975585938,730.9199829101562,731.4188232421875,59496,QQQ,1m
2026-05-28 14:36:00+00:00,731.3800048828125,731.7999877929688,731.1500244140625,731.6799926757812,55801,QQQ,1m
2026-05-28 14:37:00+00:00,731.6649780273438,731.8599853515625,731.489990234375,731.739990234375,28876,QQQ,1m
2026-05-28 14:38:00+00:00,731.75,731.75,731.2550048828125,731.6099853515625,41065,QQQ,1m
2026-05-28 14:39:00+00:00,731.5900268554688,731.65771484375,731.330078125,731.3599853515625,45971,QQQ,1m
2026-05-28 14:40:00+00:00,731.3900146484375,732.218017578125,731.3298950195312,732.160400390625,51552,QQQ,1m
2026-05-28 14:41:00+00:00,732.1699829101562,732.27001953125,731.7999877929688,731.7999877929688,54126,QQQ,1m
2026-05-28 14:42:00+00:00,731.7799072265625,731.7899780273438,731.386474609375,731.6699829101562,33198,QQQ,1m
2026-05-28 14:43:00+00:00,731.760009765625,732.1799926757812,731.7301025390625,732.114990234375,32574,QQQ,1m
2026-05-28 14:44:00+00:00,732.1699829101562,732.4550170898438,732.030029296875,732.4500122070312,65624,QQQ,1m
2026-05-28 14:45:00+00:00,732.4099731445312,732.6740112304688,732.3599853515625,732.3900146484375,88914,QQQ,1m
2026-05-28 14:46:00+00:00,732.3900146484375,732.5499877929688,731.260009765625,731.739990234375,175060,QQQ,1m
2026-05-28 14:47:00+00:00,731.7003784179688,731.9000244140625,731.4600219726562,731.6099853515625,52402,QQQ,1m
2026-05-28 14:48:00+00:00,731.6199951171875,732.0750122070312,731.6199951171875,732.0001220703125,36190,QQQ,1m
2026-05-28 14:49:00+00:00,732.038330078125,732.0599975585938,731.6500244140625,731.8099975585938,62578,QQQ,1m
2026-05-28 14:50:00+00:00,731.7750244140625,732.143798828125,731.77001953125,732.0800170898438,50644,QQQ,1m
2026-05-28 14:51:00+00:00,732.0606079101562,732.1099853515625,731.8200073242188,731.85009765625,51555,QQQ,1m
2026-05-28 14:52:00+00:00,731.8400268554688,732.3300170898438,731.7899780273438,732.280029296875,40047,QQQ,1m
2026-05-28 14:53:00+00:00,732.3099975585938,732.6799926757812,732.2672729492188,732.5499877929688,54261,QQQ,1m
2026-05-28 14:54:00+00:00,732.52001953125,732.5800170898438,732.3900756835938,732.3900756835938,46791,QQQ,1m
2026-05-28 14:55:00+00:00,732.4299926757812,732.5599975585938,732.239990234375,732.489990234375,29446,QQQ,1m
2026-05-28 14:56:00+00:00,732.5,732.780029296875,732.4500122070312,732.7760009765625,28938,QQQ,1m
2026-05-28 14:57:00+00:00,732.780029296875,732.8200073242188,732.3400268554688,732.4299926757812,59941,QQQ,1m
2026-05-28 14:58:00+00:00,732.4600830078125,732.6400146484375,732.3400268554688,732.6199951171875,49681,QQQ,1m
2026-05-28 14:59:00+00:00,732.6099853515625,732.9400024414062,732.6099853515625,732.8569946289062,52035,QQQ,1m
2026-05-28 15:00:00+00:00,732.8499755859375,733.4199829101562,732.69140625,733.3908081054688,175300,QQQ,1m
2026-05-28 15:01:00+00:00,733.4000244140625,733.72998046875,733.3400268554688,733.7000122070312,79390,QQQ,1m
2026-05-28 15:02:00+00:00,733.6699829101562,733.760009765625,733.47998046875,733.7000122070312,84983,QQQ,1m
2026-05-28 15:03:00+00:00,733.719970703125,733.9688110351562,733.6199951171875,733.9199829101562,167760,QQQ,1m
2026-05-28 15:04:00+00:00,733.9600219726562,734.0399780273438,733.8300170898438,733.8800048828125,95231,QQQ,1m
2026-05-28 15:05:00+00:00,733.9400024414062,734.219970703125,733.9400024414062,734.0700073242188,113987,QQQ,1m
2026-05-28 15:06:00+00:00,734.0800170898438,734.1500244140625,733.739990234375,733.8800048828125,219362,QQQ,1m
2026-05-28 15:07:00+00:00,733.8699951171875,734.2050170898438,733.8099975585938,734.125,92342,QQQ,1m
2026-05-28 15:08:00+00:00,734.1099853515625,734.1099853515625,733.5599975585938,733.6298828125,79333,QQQ,1m
2026-05-28 15:09:00+00:00,733.614990234375,733.9788208007812,733.6099853515625,733.9788208007812,38421,QQQ,1m
2026-05-28 15:10:00+00:00,733.97998046875,734.1199951171875,733.780029296875,733.8800048828125,41044,QQQ,1m
2026-05-28 15:11:00+00:00,733.8699951171875,733.989990234375,733.6400146484375,733.7349853515625,42489,QQQ,1m
2026-05-28 15:12:00+00:00,733.6799926757812,733.8599853515625,733.6400146484375,733.7000732421875,288236,QQQ,1m
2026-05-28 15:13:00+00:00,733.7000122070312,733.881103515625,733.6500244140625,733.8300170898438,36458,QQQ,1m
2026-05-28 15:14:00+00:00,733.8201293945312,733.9398803710938,733.6500244140625,733.6600952148438,23382,QQQ,1m
2026-05-28 15:15:00+00:00,733.6799926757812,733.719970703125,733.4000244140625,733.4285278320312,56666,QQQ,1m
2026-05-28 15:16:00+00:00,733.4000244140625,734.030029296875,733.3800048828125,734.02001953125,45393,QQQ,1m
2026-05-28 15:17:00+00:00,734.0399780273438,734.1060180664062,733.9299926757812,733.97998046875,23598,QQQ,1m
2026-05-28 15:18:00+00:00,733.9299926757812,734.072998046875,733.77001953125,733.956298828125,19922,QQQ,1m
2026-05-28 15:19:00+00:00,733.9400024414062,734.0499877929688,733.8699951171875,733.9199829101562,22579,QQQ,1m
2026-05-28 15:20:00+00:00,733.9500122070312,734.0499877929688,733.8599853515625,734.0050048828125,59723,QQQ,1m
2026-05-28 15:21:00+00:00,734.0,734.0700073242188,733.9299926757812,734.0499877929688,42555,QQQ,1m
2026-05-28 15:22:00+00:00,734.0499877929688,734.3200073242188,734.0150146484375,734.3099975585938,93335,QQQ,1m
2026-05-28 15:23:00+00:00,734.3099975585938,734.3463134765625,733.9099731445312,733.97998046875,36107,QQQ,1m
2026-05-28 15:24:00+00:00,733.9400024414062,734.2899169921875,733.9219970703125,734.1702880859375,88920,QQQ,1m
2026-05-28 15:25:00+00:00,734.219970703125,734.469970703125,734.1099853515625,734.4349975585938,35520,QQQ,1m
2026-05-28 15:26:00+00:00,734.489990234375,734.739990234375,734.4600830078125,734.6950073242188,185545,QQQ,1m
2026-05-28 15:27:00+00:00,734.7000122070312,734.8900146484375,734.594970703125,734.8300170898438,110959,QQQ,1m
2026-05-28 15:28:00+00:00,734.8499755859375,734.9600219726562,734.8200073242188,734.8800048828125,135450,QQQ,1m
2026-05-28 15:29:00+00:00,734.8800048828125,734.9849853515625,734.6599731445312,734.6699829101562,75684,QQQ,1m
2026-05-28 15:30:00+00:00,734.6900024414062,734.7501220703125,734.5549926757812,734.7501220703125,120749,QQQ,1m
2026-05-28 15:31:00+00:00,734.747802734375,734.9099731445312,734.7100219726562,734.9000244140625,56203,QQQ,1m
2026-05-28 15:32:00+00:00,734.9099731445312,735.0899047851562,734.8599853515625,735.0499877929688,73892,QQQ,1m
2026-05-28 15:33:00+00:00,735.0499877929688,735.1300048828125,735.010009765625,735.0549926757812,43430,QQQ,1m
2026-05-28 15:34:00+00:00,735.0549926757812,735.1900024414062,735.0399780273438,735.0999755859375,32701,QQQ,1m
2026-05-28 15:35:00+00:00,735.1300048828125,735.1500244140625,734.8800048828125,735.1199951171875,251229,QQQ,1m
2026-05-28 15:36:00+00:00,735.114990234375,735.4099731445312,735.0800170898438,735.27001953125,115856,QQQ,1m
2026-05-28 15:37:00+00:00,735.2907104492188,735.3262939453125,735.1799926757812,735.3150024414062,168666,QQQ,1m
2026-05-28 15:38:00+00:00,735.3298950195312,735.3991088867188,735.25,735.280029296875,62725,QQQ,1m
2026-05-28 15:39:00+00:00,735.239990234375,735.3099975585938,735.0700073242188,735.1400756835938,53551,QQQ,1m
2026-05-28 15:40:00+00:00,735.1599731445312,735.1599731445312,734.9199829101562,734.9500122070312,95703,QQQ,1m
2026-05-28 15:41:00+00:00,734.9450073242188,734.9500122070312,734.780029296875,734.8900146484375,77150,QQQ,1m
2026-05-28 15:42:00+00:00,734.89990234375,734.989990234375,734.8300170898438,734.8699951171875,17152,QQQ,1m
2026-05-28 15:43:00+00:00,734.8840942382812,734.8900146484375,734.7100830078125,734.8599853515625,22979,QQQ,1m
2026-05-28 15:44:00+00:00,734.8400268554688,734.9600219726562,734.6500244140625,734.6500244140625,40490,QQQ,1m
2026-05-28 15:45:00+00:00,734.6199951171875,734.889892578125,734.6199951171875,734.760009765625,33980,QQQ,1m
2026-05-28 15:46:00+00:00,734.72998046875,734.8599853515625,734.6801147460938,734.7349853515625,146591,QQQ,1m
2026-05-28 15:47:00+00:00,734.75,734.75,734.4000244140625,734.510009765625,164445,QQQ,1m
2026-05-28 15:48:00+00:00,734.5050048828125,734.5399780273438,734.3800048828125,734.4866943359375,72099,QQQ,1m
2026-05-28 15:49:00+00:00,734.469970703125,734.5599975585938,734.4199829101562,734.523193359375,107963,QQQ,1m
2026-05-28 15:50:00+00:00,734.52001953125,734.8800048828125,734.52001953125,734.860107421875,35646,QQQ,1m
2026-05-28 15:51:00+00:00,734.9000244140625,735.1199951171875,734.9000244140625,735.02001953125,47014,QQQ,1m
2026-05-28 15:52:00+00:00,735.031982421875,735.0399169921875,734.9099731445312,734.9862060546875,24320,QQQ,1m
2026-05-28 15:53:00+00:00,734.969970703125,735.0698852539062,734.7750244140625,734.7750244140625,246330,QQQ,1m
2026-05-28 15:54:00+00:00,734.7799072265625,734.8049926757812,734.52001953125,734.5399780273438,16017,QQQ,1m
2026-05-28 15:55:00+00:00,734.510009765625,734.5650024414062,734.4199829101562,734.489990234375,31526,QQQ,1m
2026-05-28 15:56:00+00:00,734.530029296875,734.9299926757812,734.5050048828125,734.875,25413,QQQ,1m
2026-05-28 15:57:00+00:00,734.8800048828125,734.8800048828125,734.6900024414062,734.7199096679688,22529,QQQ,1m
2026-05-28 15:58:00+00:00,734.7349853515625,734.7349853515625,734.4600219726562,734.4981079101562,17029,QQQ,1m
2026-05-28 15:59:00+00:00,734.4849853515625,734.77001953125,734.4199829101562,734.736083984375,90803,QQQ,1m
2026-05-28 16:00:00+00:00,734.7200927734375,734.780029296875,734.5449829101562,734.60498046875,25855,QQQ,1m
2026-05-28 16:01:00+00:00,734.5999755859375,734.6599731445312,734.3699951171875,734.4099731445312,130098,QQQ,1m
2026-05-28 16:02:00+00:00,734.4099731445312,734.530029296875,734.3049926757812,734.3099975585938,64603,QQQ,1m
2026-05-28 16:03:00+00:00,734.3099975585938,734.4420776367188,734.10009765625,734.4299926757812,60690,QQQ,1m
2026-05-28 16:04:00+00:00,734.4099731445312,734.5239868164062,734.25,734.489990234375,80437,QQQ,1m
2026-05-28 16:05:00+00:00,734.5,734.7999877929688,734.4400024414062,734.7750244140625,53673,QQQ,1m
2026-05-28 16:06:00+00:00,734.75,734.8800048828125,734.6900024414062,734.760009765625,29848,QQQ,1m
2026-05-28 16:07:00+00:00,734.75,734.9573974609375,734.75,734.9500122070312,20445,QQQ,1m
2026-05-28 16:08:00+00:00,734.9099731445312,735.0010986328125,734.8699951171875,734.97998046875,65822,QQQ,1m
2026-05-28 16:09:00+00:00,734.9650268554688,735.0098876953125,734.9000244140625,734.9349975585938,20013,QQQ,1m
2026-05-28 16:10:00+00:00,734.9299926757812,735.0999755859375,734.9199829101562,735.0700073242188,16952,QQQ,1m
2026-05-28 16:11:00+00:00,735.0599975585938,735.186279296875,735.030029296875,735.135009765625,27962,QQQ,1m
2026-05-28 16:12:00+00:00,735.135009765625,735.135009765625,734.8599853515625,734.969970703125,151069,QQQ,1m
2026-05-28 16:13:00+00:00,734.9849853515625,735.0499877929688,734.8809204101562,734.9550170898438,14450,QQQ,1m
2026-05-28 16:14:00+00:00,734.9550170898438,735.0399780273438,734.8499755859375,734.969970703125,25382,QQQ,1m
2026-05-28 16:15:00+00:00,734.9550170898438,735.030029296875,734.8262939453125,734.97998046875,20915,QQQ,1m
2026-05-28 16:16:00+00:00,734.969970703125,735.1099243164062,734.8800048828125,735.0700073242188,18468,QQQ,1m
2026-05-28 16:17:00+00:00,735.0750122070312,735.1500244140625,735.0200805664062,735.1500244140625,21471,QQQ,1m
2026-05-28 16:18:00+00:00,735.1900024414062,735.594970703125,735.1812133789062,735.5599975585938,53812,QQQ,1m
2026-05-28 16:19:00+00:00,735.5599975585938,735.6500244140625,735.47998046875,735.6024780273438,105347,QQQ,1m
2026-05-28 16:20:00+00:00,735.5894775390625,735.6599731445312,735.511474609375,735.6199951171875,79503,QQQ,1m
2026-05-28 16:21:00+00:00,735.5999755859375,735.7000122070312,735.530029296875,735.5349731445312,58378,QQQ,1m
2026-05-28 16:22:00+00:00,735.510009765625,735.52001953125,735.2160034179688,735.239990234375,43674,QQQ,1m
2026-05-28 16:23:00+00:00,735.260009765625,735.5700073242188,735.260009765625,735.5399780273438,10653,QQQ,1m
2026-05-28 16:24:00+00:00,735.530029296875,736.0,735.5,735.8800048828125,69356,QQQ,1m
2026-05-28 16:25:00+00:00,735.8599853515625,735.9400024414062,735.6500244140625,735.6599731445312,54172,QQQ,1m
2026-05-28 16:26:00+00:00,735.6799926757812,735.8599853515625,735.6607055664062,735.72998046875,23477,QQQ,1m
2026-05-28 16:27:00+00:00,735.739990234375,735.9500122070312,735.739990234375,735.8099975585938,25234,QQQ,1m
2026-05-28 16:28:00+00:00,735.8200073242188,735.8757934570312,735.6799926757812,735.8298950195312,20906,QQQ,1m
2026-05-28 16:29:00+00:00,735.7999877929688,735.9000244140625,735.5999755859375,735.6400146484375,97069,QQQ,1m
2026-05-28 16:30:00+00:00,735.64501953125,735.669921875,735.489990234375,735.5549926757812,30855,QQQ,1m
2026-05-28 16:31:00+00:00,735.5599975585938,735.5599975585938,735.3900146484375,735.4149780273438,23877,QQQ,1m
2026-05-28 16:32:00+00:00,735.4000244140625,735.4400024414062,735.2899780273438,735.3300170898438,14783,QQQ,1m
2026-05-28 16:33:00+00:00,735.3350219726562,735.469970703125,735.2000122070312,735.2700805664062,32008,QQQ,1m
2026-05-28 16:34:00+00:00,735.2899169921875,735.3400268554688,735.2100219726562,735.3049926757812,21131,QQQ,1m
2026-05-28 16:35:00+00:00,735.3400268554688,735.3900146484375,735.1500244140625,735.280029296875,23080,QQQ,1m
2026-05-28 16:36:00+00:00,735.27001953125,735.2899780273438,735.0700073242188,735.0999755859375,15692,QQQ,1m
2026-05-28 16:37:00+00:00,735.0999755859375,735.22998046875,735.0900268554688,735.1600952148438,19786,QQQ,1m
2026-05-28 16:38:00+00:00,735.1799926757812,735.4400024414062,735.1599731445312,735.3499755859375,25621,QQQ,1m
2026-05-28 16:39:00+00:00,735.3699951171875,735.5599975585938,735.3699951171875,735.4450073242188,11904,QQQ,1m
2026-05-28 16:40:00+00:00,735.4500122070312,735.5800170898438,735.4299926757812,735.5700073242188,14404,QQQ,1m
2026-05-28 16:41:00+00:00,735.5700073242188,735.8200073242188,735.5599975585938,735.8200073242188,101605,QQQ,1m
2026-05-28 16:42:00+00:00,735.8099975585938,735.8400268554688,735.6699829101562,735.7401123046875,37440,QQQ,1m
2026-05-28 16:43:00+00:00,735.75,735.77001953125,735.6500244140625,735.6500244140625,17214,QQQ,1m
2026-05-28 16:44:00+00:00,735.6793823242188,735.7899780273438,735.6452026367188,735.760009765625,30693,QQQ,1m
2026-05-28 16:45:00+00:00,735.75,735.7899780273438,735.6799926757812,735.77001953125,19638,QQQ,1m
2026-05-28 16:46:00+00:00,735.75,735.97998046875,735.739990234375,735.9500122070312,19420,QQQ,1m
2026-05-28 16:47:00+00:00,735.9400024414062,736.0150146484375,735.9249877929688,736.0,37460,QQQ,1m
2026-05-28 16:48:00+00:00,736.0,736.0250244140625,735.860107421875,735.9000244140625,21696,QQQ,1m
2026-05-28 16:49:00+00:00,735.8900146484375,735.8900146484375,735.719970703125,735.739990234375,15657,QQQ,1m
2026-05-28 16:50:00+00:00,735.7501220703125,735.9199829101562,735.7501220703125,735.8001098632812,29726,QQQ,1m
2026-05-28 16:51:00+00:00,735.7949829101562,735.8900146484375,735.719970703125,735.739990234375,16988,QQQ,1m
2026-05-28 16:52:00+00:00,735.7550048828125,735.7598876953125,735.5599975585938,735.5900268554688,30170,QQQ,1m
2026-05-28 16:53:00+00:00,735.6099853515625,735.6898803710938,735.6099853515625,735.6298828125,13433,QQQ,1m
2026-05-28 16:54:00+00:00,735.6300048828125,735.7000122070312,735.5800170898438,735.6199951171875,26368,QQQ,1m
2026-05-28 16:55:00+00:00,735.6099853515625,735.7449951171875,735.5999755859375,735.7449951171875,16970,QQQ,1m
2026-05-28 16:56:00+00:00,735.7550048828125,735.8259887695312,735.7550048828125,735.8150024414062,13664,QQQ,1m
2026-05-28 16:57:00+00:00,735.8123779296875,735.9500122070312,735.780029296875,735.9299926757812,28158,QQQ,1m
2026-05-28 16:58:00+00:00,735.9500122070312,736.1599731445312,735.9417724609375,736.1599731445312,52163,QQQ,1m
2026-05-28 16:59:00+00:00,736.1599731445312,736.2999877929688,736.1500854492188,736.2249755859375,73462,QQQ,1m
2026-05-28 17:00:00+00:00,736.239990234375,736.4400024414062,736.2301025390625,736.4099731445312,45909,QQQ,1m
2026-05-28 17:01:00+00:00,736.3800048828125,736.3900146484375,736.25,736.280029296875,40335,QQQ,1m
2026-05-28 17:02:00+00:00,736.27001953125,736.3200073242188,736.1400146484375,736.2449951171875,51856,QQQ,1m
2026-05-28 17:03:00+00:00,736.25,736.4500122070312,736.2401733398438,736.3900146484375,47173,QQQ,1m
2026-05-28 17:04:00+00:00,736.4099731445312,736.4099731445312,736.2899780273438,736.2999877929688,35136,QQQ,1m
2026-05-28 17:05:00+00:00,736.2999877929688,736.405029296875,736.25,736.3200073242188,27282,QQQ,1m
2026-05-28 17:06:00+00:00,736.3499145507812,736.4000244140625,736.25,736.3300170898438,47575,QQQ,1m
2026-05-28 17:07:00+00:00,736.3150024414062,736.3150024414062,736.1699829101562,736.2100219726562,40563,QQQ,1m
2026-05-28 17:08:00+00:00,736.2100219726562,736.2899169921875,736.1699829101562,736.1950073242188,34247,QQQ,1m
2026-05-28 17:09:00+00:00,736.1900024414062,736.219970703125,736.0700073242188,736.0827026367188,33346,QQQ,1m
2026-05-28 17:10:00+00:00,736.0800170898438,736.1500244140625,736.0499877929688,736.1500244140625,30038,QQQ,1m
2026-05-28 17:11:00+00:00,736.1510009765625,736.1510009765625,736.0,736.030029296875,27281,QQQ,1m
2026-05-28 17:12:00+00:00,736.0399780273438,736.219970703125,736.030029296875,736.094970703125,37858,QQQ,1m
2026-05-28 17:13:00+00:00,736.0800170898438,736.1300048828125,736.0499877929688,736.0549926757812,24722,QQQ,1m
2026-05-28 17:14:00+00:00,736.0549926757812,736.0549926757812,735.9349975585938,735.989990234375,46857,QQQ,1m
2026-05-28 17:15:00+00:00,735.989990234375,736.0650024414062,735.8400268554688,735.8699951171875,34719,QQQ,1m
2026-05-28 17:16:00+00:00,735.8800048828125,735.9299926757812,735.719970703125,735.75,41708,QQQ,1m
2026-05-28 17:17:00+00:00,735.739990234375,735.7899780273438,735.6500854492188,735.739990234375,60175,QQQ,1m
2026-05-28 17:18:00+00:00,735.760009765625,735.8300170898438,735.6799926757812,735.6799926757812,38065,QQQ,1m
2026-05-28 17:19:00+00:00,735.6799926757812,735.719970703125,735.5601196289062,735.6749877929688,46120,QQQ,1m
2026-05-28 17:20:00+00:00,735.6798706054688,735.9949951171875,735.6599731445312,735.969970703125,58546,QQQ,1m
2026-05-28 17:21:00+00:00,735.9650268554688,736.030029296875,735.8900146484375,735.97998046875,48053,QQQ,1m
2026-05-28 17:22:00+00:00,735.989990234375,736.0,735.77001953125,735.7849731445312,54005,QQQ,1m
2026-05-28 17:23:00+00:00,735.7899780273438,735.989990234375,735.75,735.9600219726562,30838,QQQ,1m
2026-05-28 17:24:00+00:00,735.969970703125,736.0650024414062,735.969970703125,736.010009765625,36679,QQQ,1m
2026-05-28 17:25:00+00:00,736.02001953125,736.0750122070312,735.8599853515625,735.8599853515625,44920,QQQ,1m
2026-05-28 17:26:00+00:00,735.8599853515625,735.9000244140625,735.780029296875,735.8150024414062,35991,QQQ,1m
2026-05-28 17:27:00+00:00,735.8200073242188,735.8499755859375,735.6799926757812,735.8150024414062,35449,QQQ,1m
2026-05-28 17:28:00+00:00,735.8099975585938,735.8300170898438,735.635009765625,735.635009765625,25375,QQQ,1m
2026-05-28 17:29:00+00:00,735.6400146484375,735.6649780273438,735.5159912109375,735.5750122070312,62872,QQQ,1m
2026-05-28 17:30:00+00:00,735.5800170898438,735.8099975585938,735.5800170898438,735.7401123046875,91198,QQQ,1m
2026-05-28 17:31:00+00:00,735.7449951171875,735.8250122070312,735.72998046875,735.7949829101562,46133,QQQ,1m
2026-05-28 17:32:00+00:00,735.7949829101562,735.8099975585938,735.5399780273438,735.6099853515625,46932,QQQ,1m
2026-05-28 17:33:00+00:00,735.6099853515625,735.6849975585938,735.5499877929688,735.6500244140625,97489,QQQ,1m
2026-05-28 17:34:00+00:00,735.6500244140625,735.6500244140625,735.260009765625,735.260009765625,127129,QQQ,1m
2026-05-28 17:35:00+00:00,735.260009765625,735.3900146484375,735.239990234375,735.3699951171875,35699,QQQ,1m
2026-05-28 17:36:00+00:00,735.3599853515625,735.4400024414062,735.1599731445312,735.3400268554688,40880,QQQ,1m
2026-05-28 17:37:00+00:00,735.3400268554688,735.6849975585938,735.2999877929688,735.630126953125,45499,QQQ,1m
2026-05-28 17:38:00+00:00,735.6500244140625,735.7899780273438,735.5999755859375,735.780029296875,32093,QQQ,1m
2026-05-28 17:39:00+00:00,735.780029296875,735.9650268554688,735.77001953125,735.9201049804688,51253,QQQ,1m
2026-05-28 17:40:00+00:00,735.969970703125,735.9749755859375,735.8300170898438,735.919921875,246329,QQQ,1m
2026-05-28 17:41:00+00:00,735.9199829101562,736.1400146484375,735.8900146484375,736.0999755859375,44367,QQQ,1m
2026-05-28 17:42:00+00:00,736.0800170898438,736.135009765625,736.0507202148438,736.0700073242188,27033,QQQ,1m
2026-05-28 17:43:00+00:00,736.0599975585938,736.1790161132812,736.02001953125,736.1400146484375,46185,QQQ,1m
2026-05-28 17:44:00+00:00,736.1500244140625,736.1699829101562,736.10498046875,736.1199951171875,48146,QQQ,1m
2026-05-28 17:45:00+00:00,736.1500244140625,736.219970703125,736.1099853515625,736.2100219726562,36985,QQQ,1m
2026-05-28 17:46:00+00:00,736.2100219726562,736.2249755859375,736.0599975585938,736.2100219726562,34005,QQQ,1m
2026-05-28 17:47:00+00:00,736.219970703125,736.4299926757812,736.219970703125,736.34521484375,113977,QQQ,1m
2026-05-28 17:48:00+00:00,736.3300170898438,736.4400024414062,736.3200073242188,736.3300170898438,45095,QQQ,1m
2026-05-28 17:49:00+00:00,736.3200073242188,736.489990234375,736.2150268554688,736.375,67298,QQQ,1m
2026-05-28 17:50:00+00:00,736.3900146484375,736.530029296875,736.364990234375,736.469970703125,82794,QQQ,1m
2026-05-28 17:51:00+00:00,736.4600219726562,736.510009765625,736.375,736.4600219726562,57985,QQQ,1m
2026-05-28 17:52:00+00:00,736.4600219726562,736.5999755859375,736.3400268554688,736.4000244140625,35858,QQQ,1m
2026-05-28 17:53:00+00:00,736.3699951171875,736.469970703125,736.3099975585938,736.3250122070312,34018,QQQ,1m
2026-05-28 17:54:00+00:00,736.3300170898438,736.489990234375,736.3099975585938,736.3900146484375,59967,QQQ,1m
2026-05-28 17:55:00+00:00,736.4000244140625,736.4299926757812,736.1900024414062,736.1900024414062,35692,QQQ,1m
2026-05-28 17:56:00+00:00,736.1699829101562,736.25,736.10498046875,736.1478881835938,38538,QQQ,1m
2026-05-28 17:57:00+00:00,736.125,736.1699829101562,735.9600219726562,736.02001953125,30458,QQQ,1m
2026-05-28 17:58:00+00:00,736.030029296875,736.030029296875,735.8900146484375,735.909912109375,34420,QQQ,1m
2026-05-28 17:59:00+00:00,735.9000244140625,736.0650024414062,735.8900146484375,736.02001953125,28260,QQQ,1m
2026-05-28 18:00:00+00:00,736.0700073242188,736.0800170898438,735.7899780273438,735.8599243164062,143885,QQQ,1m
2026-05-28 18:01:00+00:00,735.8400268554688,735.9199829101562,735.8400268554688,735.9000244140625,13413,QQQ,1m
2026-05-28 18:02:00+00:00,735.9000854492188,736.1300048828125,735.840087890625,736.125,69609,QQQ,1m
2026-05-28 18:03:00+00:00,736.125,736.3300170898438,736.0700073242188,736.2901000976562,29419,QQQ,1m
2026-05-28 18:04:00+00:00,736.2901000976562,736.47998046875,736.2901000976562,736.4450073242188,36191,QQQ,1m
2026-05-28 18:05:00+00:00,736.4299926757812,736.47998046875,736.3599853515625,736.4299926757812,31663,QQQ,1m
2026-05-28 18:06:00+00:00,736.4199829101562,736.4400024414062,736.22998046875,736.2750244140625,30958,QQQ,1m
2026-05-28 18:07:00+00:00,736.280029296875,736.3200073242188,736.2100219726562,736.27001953125,36162,QQQ,1m
2026-05-28 18:08:00+00:00,736.280029296875,736.3098754882812,736.1400146484375,736.2249755859375,22985,QQQ,1m
2026-05-28 18:09:00+00:00,736.1599731445312,736.2299194335938,736.114990234375,736.1199951171875,11606,QQQ,1m
2026-05-28 18:10:00+00:00,736.1019897460938,736.1300048828125,735.9299926757812,735.969970703125,26364,QQQ,1m
2026-05-28 18:11:00+00:00,735.989990234375,736.0499877929688,735.8900146484375,735.9199829101562,19528,QQQ,1m
2026-05-28 18:12:00+00:00,735.893798828125,735.9650268554688,735.7550048828125,735.7642211914062,36709,QQQ,1m
2026-05-28 18:13:00+00:00,735.760009765625,735.8200073242188,735.6400146484375,735.655029296875,59561,QQQ,1m
2026-05-28 18:14:00+00:00,735.655029296875,735.759521484375,735.5999755859375,735.6599731445312,52163,QQQ,1m
2026-05-28 18:15:00+00:00,735.6799926757812,735.864990234375,735.47998046875,735.8150024414062,55209,QQQ,1m
2026-05-28 18:16:00+00:00,735.780029296875,736.1400146484375,735.739990234375,736.0,58555,QQQ,1m
2026-05-28 18:17:00+00:00,736.010009765625,736.1099853515625,735.72998046875,735.7899780273438,104669,QQQ,1m
2026-05-28 18:18:00+00:00,735.77001953125,735.9201049804688,735.6300048828125,735.7849731445312,44529,QQQ,1m
2026-05-28 18:19:00+00:00,735.75,735.8699951171875,735.719970703125,735.7301025390625,21781,QQQ,1m
2026-05-28 18:20:00+00:00,735.7000122070312,735.780029296875,735.510009765625,735.6199951171875,83740,QQQ,1m
2026-05-28 18:21:00+00:00,735.5900268554688,735.780029296875,735.5599975585938,735.760009765625,21733,QQQ,1m
2026-05-28 18:22:00+00:00,735.780029296875,736.0,735.780029296875,735.9749755859375,20003,QQQ,1m
2026-05-28 18:23:00+00:00,735.965087890625,735.97998046875,735.860107421875,735.9299926757812,8051,QQQ,1m
2026-05-28 18:24:00+00:00,735.942626953125,736.1400146484375,735.942626953125,736.0650024414062,13763,QQQ,1m
2026-05-28 18:25:00+00:00,736.0999755859375,736.1849975585938,736.0700073242188,736.114990234375,25286,QQQ,1m
2026-05-28 18:26:00+00:00,736.1199951171875,736.1749877929688,735.989990234375,736.02001953125,43330,QQQ,1m
2026-05-28 18:27:00+00:00,735.9949951171875,736.1300048828125,735.9199829101562,735.9199829101562,23034,QQQ,1m
2026-05-28 18:28:00+00:00,735.9301147460938,736.0399780273438,735.8499755859375,735.9299926757812,28870,QQQ,1m
2026-05-28 18:29:00+00:00,735.9400024414062,736.0499877929688,735.9400024414062,735.969970703125,13838,QQQ,1m
2026-05-28 18:30:00+00:00,735.9500122070312,735.9500122070312,735.6699829101562,735.719970703125,25219,QQQ,1m
2026-05-28 18:31:00+00:00,735.719970703125,735.909912109375,735.6599731445312,735.8800048828125,130495,QQQ,1m
2026-05-28 18:32:00+00:00,735.8900146484375,735.9063110351562,735.719970703125,735.7249755859375,120718,QQQ,1m
2026-05-28 18:33:00+00:00,735.719970703125,735.77001953125,735.6799926757812,735.739990234375,18377,QQQ,1m
2026-05-28 18:34:00+00:00,735.719970703125,735.7899780273438,735.5999755859375,735.719970703125,59417,QQQ,1m
2026-05-28 18:35:00+00:00,735.6900024414062,735.72998046875,735.22998046875,735.5800170898438,61863,QQQ,1m
2026-05-28 18:36:00+00:00,735.5499877929688,735.5549926757812,735.260009765625,735.3800048828125,65155,QQQ,1m
2026-05-28 18:37:00+00:00,735.3900146484375,735.4400024414062,735.3300170898438,735.4099731445312,19734,QQQ,1m
2026-05-28 18:38:00+00:00,735.4099731445312,735.5363159179688,735.4099731445312,735.4799194335938,42201,QQQ,1m
2026-05-28 18:39:00+00:00,735.4450073242188,735.510009765625,735.4450073242188,735.4700927734375,15200,QQQ,1m
2026-05-28 18:40:00+00:00,735.4600219726562,735.52001953125,735.4500122070312,735.4600830078125,15528,QQQ,1m
2026-05-28 18:41:00+00:00,735.4622192382812,735.75,735.4149780273438,735.75,22703,QQQ,1m
2026-05-28 18:42:00+00:00,735.72998046875,735.739990234375,735.5401000976562,735.6500244140625,37417,QQQ,1m
2026-05-28 18:43:00+00:00,735.64111328125,735.64111328125,735.4000244140625,735.4000854492188,16817,QQQ,1m
2026-05-28 18:44:00+00:00,735.4000244140625,735.5800170898438,735.2899780273438,735.5800170898438,25068,QQQ,1m
2026-05-28 18:45:00+00:00,735.5999755859375,735.6500244140625,735.4600219726562,735.47998046875,15619,QQQ,1m
2026-05-28 18:46:00+00:00,735.4600219726562,735.5549926757812,735.3400268554688,735.4299926757812,22857,QQQ,1m
2026-05-28 18:47:00+00:00,735.4299926757812,735.52001953125,735.3101196289062,735.3101196289062,31837,QQQ,1m
2026-05-28 18:48:00+00:00,735.3099975585938,735.3499755859375,735.1329956054688,735.1500244140625,48741,QQQ,1m
2026-05-28 18:49:00+00:00,735.155029296875,735.2999877929688,735.0999755859375,735.2150268554688,101546,QQQ,1m
2026-05-28 18:50:00+00:00,735.2449951171875,735.2899780273438,735.1300048828125,735.260009765625,29959,QQQ,1m
2026-05-28 18:51:00+00:00,735.260009765625,735.5,735.1900024414062,735.4801025390625,38906,QQQ,1m
2026-05-28 18:52:00+00:00,735.489990234375,735.6900024414062,735.489990234375,735.6900024414062,22849,QQQ,1m
2026-05-28 18:53:00+00:00,735.6900024414062,735.780029296875,735.6577758789062,735.739990234375,21190,QQQ,1m
2026-05-28 18:54:00+00:00,735.7346801757812,735.906982421875,735.7249755859375,735.8800048828125,955819,QQQ,1m
2026-05-28 18:55:00+00:00,735.9000244140625,735.9301147460938,735.861572265625,735.9249877929688,51540,QQQ,1m
2026-05-28 18:56:00+00:00,735.9249877929688,735.969970703125,735.8300170898438,735.9149780273438,20119,QQQ,1m
2026-05-28 18:57:00+00:00,735.9099731445312,735.97998046875,735.8049926757812,735.8049926757812,26502,QQQ,1m
2026-05-28 18:58:00+00:00,735.8099975585938,735.8699951171875,735.6600952148438,735.6600952148438,19880,QQQ,1m
2026-05-28 18:59:00+00:00,735.6649780273438,735.6798706054688,735.3499755859375,735.3800048828125,35548,QQQ,1m
2026-05-28 19:00:00+00:00,735.3800048828125,735.4099731445312,735.0999755859375,735.1199951171875,44277,QQQ,1m
2026-05-28 19:01:00+00:00,735.1099853515625,735.3300170898438,735.0499877929688,735.2999877929688,75108,QQQ,1m
2026-05-28 19:02:00+00:00,735.239990234375,735.4600219726562,735.239990234375,735.4600219726562,130858,QQQ,1m
2026-05-28 19:03:00+00:00,735.4650268554688,735.5900268554688,735.4299926757812,735.5,19554,QQQ,1m
2026-05-28 19:04:00+00:00,735.4500122070312,735.6300048828125,735.4500122070312,735.6298828125,118537,QQQ,1m
2026-05-28 19:05:00+00:00,735.6099853515625,735.719970703125,735.5900268554688,735.7050170898438,87322,QQQ,1m
2026-05-28 19:06:00+00:00,735.719970703125,735.760009765625,735.6400146484375,735.760009765625,41543,QQQ,1m
2026-05-28 19:07:00+00:00,735.760009765625,735.780029296875,735.719970703125,735.75,9181,QQQ,1m
2026-05-28 19:08:00+00:00,735.7550048828125,735.8200073242188,735.6599731445312,735.6599731445312,13081,QQQ,1m
2026-05-28 19:09:00+00:00,735.6400146484375,735.6799926757812,735.5999755859375,735.6199951171875,13627,QQQ,1m
2026-05-28 19:10:00+00:00,735.6099853515625,735.7119750976562,735.5900268554688,735.6801147460938,12305,QQQ,1m
2026-05-28 19:11:00+00:00,735.6900024414062,735.780029296875,735.655029296875,735.780029296875,14130,QQQ,1m
2026-05-28 19:12:00+00:00,735.7899780273438,735.8399047851562,735.3900146484375,735.4199829101562,22424,QQQ,1m
2026-05-28 19:13:00+00:00,735.4191284179688,735.4400024414062,735.2401123046875,735.2899780273438,23765,QQQ,1m
2026-05-28 19:14:00+00:00,735.260009765625,735.3200073242188,735.2349853515625,735.25,23548,QQQ,1m
2026-05-28 19:15:00+00:00,735.2402954101562,735.2999877929688,735.0599975585938,735.139892578125,35925,QQQ,1m
2026-05-28 19:16:00+00:00,735.1300048828125,735.22998046875,734.97998046875,735.0250244140625,181619,QQQ,1m
2026-05-28 19:17:00+00:00,735.02001953125,735.1300048828125,734.9600219726562,735.0499877929688,80725,QQQ,1m
2026-05-28 19:18:00+00:00,735.0549926757812,735.14501953125,735.0,735.0700073242188,53378,QQQ,1m
2026-05-28 19:19:00+00:00,735.0549926757812,735.2000122070312,734.9199829101562,735.1849975585938,128797,QQQ,1m
2026-05-28 19:20:00+00:00,735.1599731445312,735.2999877929688,735.0999755859375,735.239990234375,51796,QQQ,1m
2026-05-28 19:21:00+00:00,735.219970703125,735.2545776367188,735.1500854492188,735.2100219726562,33054,QQQ,1m
2026-05-28 19:22:00+00:00,735.2100219726562,735.2100219726562,735.030029296875,735.0499877929688,20372,QQQ,1m
2026-05-28 19:23:00+00:00,735.0449829101562,735.2100219726562,735.0449829101562,735.1400146484375,30004,QQQ,1m
2026-05-28 19:24:00+00:00,735.1342163085938,735.4000244140625,735.1099853515625,735.3790283203125,49679,QQQ,1m
2026-05-28 19:25:00+00:00,735.364990234375,735.510009765625,735.3099975585938,735.510009765625,43449,QQQ,1m
2026-05-28 19:26:00+00:00,735.5098876953125,735.510009765625,735.3150024414062,735.4600219726562,18473,QQQ,1m
2026-05-28 19:27:00+00:00,735.4500732421875,735.6799926757812,735.4400024414062,735.6599731445312,23898,QQQ,1m
2026-05-28 19:28:00+00:00,735.6599731445312,735.719970703125,735.5499877929688,735.6950073242188,37958,QQQ,1m
2026-05-28 19:29:00+00:00,735.7000122070312,735.7098999023438,735.5800170898438,735.6500244140625,28808,QQQ,1m
2026-05-28 19:30:00+00:00,735.6500244140625,735.8200073242188,735.5999755859375,735.7050170898438,82613,QQQ,1m
2026-05-28 19:31:00+00:00,735.7100219726562,735.8099975585938,735.5999755859375,735.8099975585938,144222,QQQ,1m
2026-05-28 19:32:00+00:00,735.7899780273438,735.989990234375,735.7150268554688,735.885009765625,57508,QQQ,1m
2026-05-28 19:33:00+00:00,735.8892822265625,735.9099731445312,735.7108154296875,735.7108154296875,140706,QQQ,1m
2026-05-28 19:34:00+00:00,735.7025146484375,735.9099731445312,735.6599731445312,735.77001953125,136598,QQQ,1m
2026-05-28 19:35:00+00:00,735.7899780273438,735.9465942382812,735.739990234375,735.9465942382812,57859,QQQ,1m
2026-05-28 19:36:00+00:00,735.9299926757812,736.0599975585938,735.9299926757812,735.9951782226562,31620,QQQ,1m
2026-05-28 19:37:00+00:00,736.010009765625,736.0800170898438,735.9199829101562,736.0700073242188,28976,QQQ,1m
2026-05-28 19:38:00+00:00,736.0700073242188,736.1500244140625,736.0399780273438,736.1199951171875,47437,QQQ,1m
2026-05-28 19:39:00+00:00,736.1500244140625,736.25,736.1300048828125,736.219970703125,37860,QQQ,1m
2026-05-28 19:40:00+00:00,736.2100219726562,736.22998046875,735.9199829101562,735.9600219726562,67201,QQQ,1m
2026-05-28 19:41:00+00:00,735.9500122070312,736.010009765625,735.8099975585938,735.969970703125,47627,QQQ,1m
2026-05-28 19:42:00+00:00,735.969970703125,736.010009765625,735.8259887695312,735.8400268554688,41055,QQQ,1m
2026-05-28 19:43:00+00:00,735.8400268554688,735.8986206054688,735.72998046875,735.7949829101562,32620,QQQ,1m
2026-05-28 19:44:00+00:00,735.7949829101562,735.8300170898438,735.719970703125,735.72998046875,48140,QQQ,1m
2026-05-28 19:45:00+00:00,735.72998046875,735.8599853515625,735.5900268554688,735.844970703125,144686,QQQ,1m
2026-05-28 19:46:00+00:00,735.8599853515625,736.0700073242188,735.8499755859375,736.0549926757812,32919,QQQ,1m
2026-05-28 19:47:00+00:00,736.030029296875,736.0399169921875,735.9099731445312,735.9998779296875,49858,QQQ,1m
2026-05-28 19:48:00+00:00,736.0,736.1400146484375,735.989990234375,736.1199951171875,48673,QQQ,1m
2026-05-28 19:49:00+00:00,736.1300048828125,736.1898803710938,735.8599853515625,735.87451171875,180717,QQQ,1m
2026-05-28 19:50:00+00:00,735.8599853515625,735.8599853515625,735.4500122070312,735.594970703125,362044,QQQ,1m
2026-05-28 19:51:00+00:00,735.5900268554688,735.5900268554688,735.2100219726562,735.25,86627,QQQ,1m
2026-05-28 19:52:00+00:00,735.239990234375,735.3900146484375,735.0999755859375,735.0999755859375,133781,QQQ,1m
2026-05-28 19:53:00+00:00,735.0900268554688,735.5800170898438,735.0800170898438,735.375,107897,QQQ,1m
2026-05-28 19:54:00+00:00,735.3599853515625,735.5,735.2349853515625,735.4400024414062,118924,QQQ,1m
2026-05-28 19:55:00+00:00,735.4299926757812,735.47998046875,735.2000122070312,735.3400268554688,125617,QQQ,1m
2026-05-28 19:56:00+00:00,735.3300170898438,735.4199829101562,735.25,735.3699951171875,283732,QQQ,1m
2026-05-28 19:57:00+00:00,735.3699951171875,735.5700073242188,735.2949829101562,735.5499877929688,140717,QQQ,1m
2026-05-28 19:58:00+00:00,735.5399780273438,735.7550048828125,735.469970703125,735.7349853515625,350443,QQQ,1m
2026-05-28 19:59:00+00:00,735.75,735.8200073242188,735.489990234375,735.5700073242188,324325,QQQ,1m
2026-05-29 13:30:00+00:00,737.7100830078125,738.3699951171875,737.4299926757812,737.8350219726562,1582072,QQQ,1m
2026-05-29 13:31:00+00:00,737.8800048828125,738.710205078125,737.8800048828125,738.594970703125,287376,QQQ,1m
2026-05-29 13:32:00+00:00,738.5700073242188,738.9000244140625,738.1300048828125,738.3499755859375,192775,QQQ,1m
2026-05-29 13:33:00+00:00,738.423828125,738.77001953125,737.780029296875,738.1500244140625,166156,QQQ,1m
2026-05-29 13:34:00+00:00,738.1799926757812,738.2650146484375,737.6300048828125,737.6599731445312,84144,QQQ,1m
2026-05-29 13:35:00+00:00,737.6500244140625,738.8900146484375,737.52001953125,738.746826171875,258426,QQQ,1m
2026-05-29 13:36:00+00:00,738.7000122070312,738.8300170898438,738.4099731445312,738.5,169981,QQQ,1m
2026-05-29 13:37:00+00:00,738.4749755859375,739.126220703125,738.4000244140625,739.0993041992188,157185,QQQ,1m
2026-05-29 13:38:00+00:00,739.0700073242188,739.2100219726562,738.8300170898438,739.0700073242188,168566,QQQ,1m
2026-05-29 13:39:00+00:00,739.0800170898438,739.1199951171875,738.6699829101562,738.8900146484375,96287,QQQ,1m
2026-05-29 13:40:00+00:00,738.9749755859375,739.5499877929688,738.8200073242188,739.1400146484375,117170,QQQ,1m
2026-05-29 13:41:00+00:00,739.1099853515625,739.6599731445312,738.9500122070312,739.5900268554688,117304,QQQ,1m
2026-05-29 13:42:00+00:00,739.6199951171875,739.6799926757812,739.3300170898438,739.3400268554688,165482,QQQ,1m
2026-05-29 13:43:00+00:00,739.389892578125,739.5800170898438,739.2100219726562,739.2100219726562,143108,QQQ,1m
2026-05-29 13:44:00+00:00,739.2000122070312,739.780029296875,738.9439697265625,739.780029296875,119406,QQQ,1m
2026-05-29 13:45:00+00:00,739.7899780273438,740.02001953125,739.5999755859375,739.7050170898438,121440,QQQ,1m
2026-05-29 13:46:00+00:00,739.7000122070312,740.010009765625,739.5800170898438,739.7050170898438,88092,QQQ,1m
2026-05-29 13:47:00+00:00,739.6749877929688,740.3099975585938,739.6500244140625,740.1599731445312,107754,QQQ,1m
2026-05-29 13:48:00+00:00,740.219970703125,740.5,740.1300048828125,740.4400024414062,107456,QQQ,1m
2026-05-29 13:49:00+00:00,740.4299926757812,740.4492797851562,740.0399780273438,740.3800048828125,119196,QQQ,1m
2026-05-29 13:50:00+00:00,740.3699951171875,740.5599975585938,740.1599731445312,740.3900146484375,82532,QQQ,1m
2026-05-29 13:51:00+00:00,740.4199829101562,740.625,740.1699829101562,740.5,93489,QQQ,1m
2026-05-29 13:52:00+00:00,740.530029296875,740.7050170898438,740.4099731445312,740.6500244140625,84544,QQQ,1m
2026-05-29 13:53:00+00:00,740.6699829101562,741.0599975585938,740.6300048828125,740.905029296875,133990,QQQ,1m
2026-05-29 13:54:00+00:00,740.8980102539062,740.9500122070312,740.5999755859375,740.6950073242188,75144,QQQ,1m
2026-05-29 13:55:00+00:00,740.6500244140625,740.8499755859375,740.510009765625,740.52001953125,69798,QQQ,1m
2026-05-29 13:56:00+00:00,740.5549926757812,741.030029296875,740.5399780273438,741.010009765625,102507,QQQ,1m
2026-05-29 13:57:00+00:00,741.02001953125,741.0599975585938,740.7000122070312,740.739990234375,118320,QQQ,1m
2026-05-29 13:58:00+00:00,740.739990234375,741.010009765625,740.6599731445312,741.010009765625,55028,QQQ,1m
2026-05-29 13:59:00+00:00,740.97998046875,741.2199096679688,740.6699829101562,741.1900024414062,129574,QQQ,1m
2026-05-29 14:00:00+00:00,741.1699829101562,741.6099853515625,740.969970703125,741.3800048828125,194584,QQQ,1m
2026-05-29 14:01:00+00:00,741.3900146484375,741.5499877929688,741.260009765625,741.3499755859375,73509,QQQ,1m
2026-05-29 14:02:00+00:00,741.3200073242188,741.5651245117188,741.2100219726562,741.4400024414062,169214,QQQ,1m
2026-05-29 14:03:00+00:00,741.45751953125,741.5599975585938,741.1799926757812,741.260009765625,169812,QQQ,1m
2026-05-29 14:04:00+00:00,741.2200927734375,741.280029296875,740.72998046875,741.010009765625,121890,QQQ,1m
2026-05-29 14:05:00+00:00,741.0900268554688,741.125,740.8250122070312,740.8800048828125,146552,QQQ,1m
2026-05-29 14:06:00+00:00,740.905029296875,741.2083129882812,740.5800170898438,741.1799926757812,139024,QQQ,1m
2026-05-29 14:07:00+00:00,741.1649780273438,741.1950073242188,740.7501220703125,740.9849853515625,52131,QQQ,1m
2026-05-29 14:08:00+00:00,740.989990234375,740.989990234375,740.3505859375,740.369873046875,67134,QQQ,1m
2026-05-29 14:09:00+00:00,740.3599853515625,740.5999755859375,740.1500244140625,740.1500244140625,85935,QQQ,1m
2026-05-29 14:10:00+00:00,740.1400146484375,740.5399780273438,739.6799926757812,739.7000122070312,137911,QQQ,1m
2026-05-29 14:11:00+00:00,739.6900024414062,740.2349853515625,739.4199829101562,740.2000122070312,298767,QQQ,1m
2026-05-29 14:12:00+00:00,740.1900024414062,740.8200073242188,740.1099853515625,740.7899780273438,92337,QQQ,1m
2026-05-29 14:13:00+00:00,740.739990234375,740.760009765625,740.1500244140625,740.1749877929688,196106,QQQ,1m
2026-05-29 14:14:00+00:00,740.1599731445312,740.260009765625,739.75,739.75,64933,QQQ,1m
2026-05-29 14:15:00+00:00,739.7899780273438,739.8499755859375,739.1500244140625,739.2249755859375,166424,QQQ,1m
2026-05-29 14:16:00+00:00,739.3499755859375,739.3499755859375,738.9500122070312,739.0900268554688,221491,QQQ,1m
2026-05-29 14:17:00+00:00,739.02001953125,739.0800170898438,738.3300170898438,738.4000244140625,98035,QQQ,1m
2026-05-29 14:18:00+00:00,738.4099731445312,738.9749755859375,738.3400268554688,738.9749755859375,223299,QQQ,1m
2026-05-29 14:19:00+00:00,738.9650268554688,739.0349731445312,738.219970703125,738.7100219726562,188923,QQQ,1m
2026-05-29 14:20:00+00:00,738.7000122070312,739.3599853515625,738.6740112304688,739.3596801757812,380544,QQQ,1m
2026-05-29 14:21:00+00:00,739.35498046875,739.35498046875,738.5700073242188,738.60009765625,133555,QQQ,1m
2026-05-29 14:22:00+00:00,738.6400146484375,739.3900146484375,738.5,739.1798706054688,100126,QQQ,1m
2026-05-29 14:23:00+00:00,739.1699829101562,739.3599853515625,738.5001220703125,738.5100708007812,114857,QQQ,1m
2026-05-29 14:24:00+00:00,738.5700073242188,738.8599853515625,738.040771484375,738.040771484375,104266,QQQ,1m
2026-05-29 14:25:00+00:00,738.030029296875,738.1099853515625,737.625,737.8400268554688,160444,QQQ,1m
2026-05-29 14:26:00+00:00,737.8400268554688,737.8699951171875,737.0399780273438,737.1699829101562,208351,QQQ,1m
2026-05-29 14:27:00+00:00,737.1099853515625,738.1099853515625,737.0900268554688,738.0449829101562,184723,QQQ,1m
2026-05-29 14:28:00+00:00,738.0399780273438,738.5161743164062,737.919921875,738.3001098632812,197785,QQQ,1m
2026-05-29 14:29:00+00:00,738.3300170898438,738.5499877929688,737.7000122070312,738.5,111732,QQQ,1m
2026-05-29 14:30:00+00:00,738.489990234375,738.9299926757812,738.489990234375,738.8300170898438,125115,QQQ,1m
2026-05-29 14:31:00+00:00,738.8400268554688,739.010009765625,738.5601196289062,738.6400146484375,156458,QQQ,1m
2026-05-29 14:32:00+00:00,738.6400146484375,738.9199829101562,738.0800170898438,738.219970703125,100115,QQQ,1m
2026-05-29 14:33:00+00:00,738.219970703125,738.75,738.1300048828125,738.5499877929688,133447,QQQ,1m
2026-05-29 14:34:00+00:00,738.5800170898438,739.25,738.4000244140625,739.25,82227,QQQ,1m
2026-05-29 14:35:00+00:00,739.25,739.27001953125,738.3599853515625,738.4901123046875,111041,QQQ,1m
2026-05-29 14:36:00+00:00,738.469970703125,738.6300048828125,737.9700927734375,738.594970703125,96199,QQQ,1m
2026-05-29 14:37:00+00:00,738.5999755859375,738.5999755859375,737.469970703125,737.510009765625,104070,QQQ,1m
2026-05-29 14:38:00+00:00,737.4400024414062,738.0551147460938,737.38623046875,737.860107421875,92126,QQQ,1m
2026-05-29 14:39:00+00:00,737.8300170898438,737.864990234375,737.1500244140625,737.1500244140625,159704,QQQ,1m
2026-05-29 14:40:00+00:00,737.1649780273438,737.530029296875,736.72998046875,736.9199829101562,122376,QQQ,1m
2026-05-29 14:41:00+00:00,736.8909912109375,737.3200073242188,736.8200073242188,737.2598876953125,152060,QQQ,1m
2026-05-29 14:42:00+00:00,737.2000122070312,737.2000122070312,736.239990234375,736.5599975585938,254647,QQQ,1m
2026-05-29 14:43:00+00:00,736.5900268554688,736.6599731445312,736.1400146484375,736.1500244140625,220085,QQQ,1m
2026-05-29 14:44:00+00:00,736.155029296875,736.6099853515625,735.719970703125,735.8099975585938,222241,QQQ,1m
2026-05-29 14:45:00+00:00,735.8099975585938,735.9299926757812,735.25,735.6500244140625,208262,QQQ,1m
2026-05-29 14:46:00+00:00,735.666015625,735.6799926757812,735.3289794921875,735.530029296875,103913,QQQ,1m
2026-05-29 14:47:00+00:00,735.52001953125,735.9500122070312,735.469970703125,735.72998046875,109364,QQQ,1m
2026-05-29 14:48:00+00:00,735.75,736.4000244140625,735.64501953125,736.3400268554688,148619,QQQ,1m
2026-05-29 14:49:00+00:00,736.3499755859375,736.510009765625,735.989990234375,735.989990234375,766052,QQQ,1m
2026-05-29 14:50:00+00:00,736.02001953125,736.760009765625,735.8900146484375,736.5900268554688,164616,QQQ,1m
2026-05-29 14:51:00+00:00,736.5599975585938,737.969970703125,736.2100219726562,737.3499755859375,399040,QQQ,1m
2026-05-29 14:52:00+00:00,737.369873046875,737.89501953125,737.27001953125,737.7999877929688,179729,QQQ,1m
2026-05-29 14:53:00+00:00,737.8499755859375,738.280029296875,737.4801025390625,737.4801025390625,193042,QQQ,1m
2026-05-29 14:54:00+00:00,737.5,737.780029296875,736.6599731445312,736.9400024414062,153415,QQQ,1m
2026-05-29 14:55:00+00:00,736.9600219726562,737.9550170898438,736.9600219726562,737.8250122070312,98427,QQQ,1m
2026-05-29 14:56:00+00:00,737.8400268554688,738.1400146484375,737.6400146484375,737.989990234375,124957,QQQ,1m
2026-05-29 14:57:00+00:00,738.0300903320312,738.1599731445312,737.760009765625,738.0800170898438,91304,QQQ,1m
2026-05-29 14:58:00+00:00,738.0900268554688,738.1400756835938,737.4199829101562,737.469970703125,98637,QQQ,1m
2026-05-29 14:59:00+00:00,737.510009765625,737.530029296875,737.27001953125,737.4500122070312,38553,QQQ,1m
2026-05-29 15:00:00+00:00,737.4500122070312,737.8049926757812,737.0850219726562,737.0850219726562,65322,QQQ,1m
2026-05-29 15:01:00+00:00,737.0700073242188,737.8599853515625,737.02001953125,737.780029296875,47409,QQQ,1m
2026-05-29 15:02:00+00:00,737.8170776367188,737.8599853515625,737.0700073242188,737.280029296875,29847,QQQ,1m
2026-05-29 15:03:00+00:00,737.35498046875,737.6300048828125,737.260009765625,737.5499877929688,73563,QQQ,1m
2026-05-29 15:04:00+00:00,737.5599975585938,737.7000122070312,737.5,737.6240234375,21528,QQQ,1m
2026-05-29 15:05:00+00:00,737.6240234375,737.6876220703125,736.9149780273438,737.219970703125,58083,QQQ,1m
2026-05-29 15:06:00+00:00,737.2000122070312,737.739990234375,737.2000122070312,737.6099853515625,50147,QQQ,1m
2026-05-29 15:07:00+00:00,737.5800170898438,737.9099731445312,737.4400024414062,737.7600708007812,77627,QQQ,1m
2026-05-29 15:08:00+00:00,737.760009765625,738.2000122070312,737.719970703125,738.2000122070312,83901,QQQ,1m
2026-05-29 15:09:00+00:00,738.1799926757812,738.2999877929688,738.0512084960938,738.1900024414062,46944,QQQ,1m
2026-05-29 15:10:00+00:00,738.2050170898438,738.52001953125,738.1099853515625,738.4500122070312,77466,QQQ,1m
2026-05-29 15:11:00+00:00,738.510009765625,738.739990234375,738.4849853515625,738.6199951171875,56635,QQQ,1m
2026-05-29 15:12:00+00:00,738.6199951171875,739.030029296875,738.5900268554688,738.9959716796875,110912,QQQ,1m
2026-05-29 15:13:00+00:00,738.989990234375,739.1199951171875,738.8099975585938,738.969970703125,54454,QQQ,1m
2026-05-29 15:14:00+00:00,738.969970703125,739.1099853515625,738.8900146484375,739.0599975585938,66323,QQQ,1m
2026-05-29 15:15:00+00:00,739.0549926757812,739.2999877929688,739.0549926757812,739.2805786132812,62686,QQQ,1m
2026-05-29 15:16:00+00:00,739.2899780273438,739.3499755859375,738.719970703125,738.72998046875,77224,QQQ,1m
2026-05-29 15:17:00+00:00,738.7349853515625,738.8800048828125,738.5399780273438,738.6099853515625,64517,QQQ,1m
2026-05-29 15:18:00+00:00,738.5903930664062,738.6599731445312,738.3200073242188,738.4550170898438,84549,QQQ,1m
2026-05-29 15:19:00+00:00,738.47998046875,738.6300048828125,738.260009765625,738.3099975585938,47883,QQQ,1m
2026-05-29 15:20:00+00:00,738.2999877929688,738.2999877929688,737.405029296875,737.7550048828125,125382,QQQ,1m
2026-05-29 15:21:00+00:00,737.767578125,738.0150146484375,737.7000122070312,737.9199829101562,51460,QQQ,1m
2026-05-29 15:22:00+00:00,737.9550170898438,738.1699829101562,737.77001953125,738.1599731445312,30555,QQQ,1m
2026-05-29 15:23:00+00:00,738.1400146484375,738.3200073242188,738.0599975585938,738.2949829101562,27115,QQQ,1m
2026-05-29 15:24:00+00:00,738.2501220703125,738.5029907226562,738.2501220703125,738.364990234375,30661,QQQ,1m
2026-05-29 15:25:00+00:00,738.344970703125,738.344970703125,737.780029296875,737.8400268554688,41662,QQQ,1m
2026-05-29 15:26:00+00:00,737.8419799804688,738.2000122070312,737.8250122070312,738.1199951171875,61307,QQQ,1m
2026-05-29 15:27:00+00:00,738.1099853515625,738.239990234375,737.9400024414062,738.1799926757812,66114,QQQ,1m
2026-05-29 15:28:00+00:00,738.2100219726562,738.739990234375,738.2100219726562,738.7001953125,32828,QQQ,1m
2026-05-29 15:29:00+00:00,738.6799926757812,738.9099731445312,738.219970703125,738.3200073242188,51878,QQQ,1m
2026-05-29 15:30:00+00:00,738.3200073242188,738.719970703125,738.2100219726562,738.7000732421875,59082,QQQ,1m
2026-05-29 15:31:00+00:00,738.72998046875,738.8599853515625,738.6300048828125,738.8099975585938,34250,QQQ,1m
2026-05-29 15:32:00+00:00,738.780029296875,738.8400268554688,738.47998046875,738.60498046875,42199,QQQ,1m
2026-05-29 15:33:00+00:00,738.594970703125,738.8099975585938,738.5401000976562,738.6400146484375,39163,QQQ,1m
2026-05-29 15:34:00+00:00,738.6500244140625,738.7598266601562,738.4199829101562,738.4349975585938,35840,QQQ,1m
2026-05-29 15:35:00+00:00,738.4600219726562,738.5999755859375,738.4000244140625,738.5999755859375,23496,QQQ,1m
2026-05-29 15:36:00+00:00,738.6199951171875,738.8560791015625,738.6199951171875,738.8099975585938,15807,QQQ,1m
2026-05-29 15:37:00+00:00,738.8400268554688,738.85498046875,738.0800170898438,738.3200073242188,84411,QQQ,1m
2026-05-29 15:38:00+00:00,738.2100219726562,738.5900268554688,738.2000122070312,738.5501098632812,46248,QQQ,1m
2026-05-29 15:39:00+00:00,738.5499877929688,738.7603759765625,738.5399780273438,738.6900024414062,28192,QQQ,1m
2026-05-29 15:40:00+00:00,738.6400146484375,738.75,738.5700073242188,738.7100219726562,29799,QQQ,1m
2026-05-29 15:41:00+00:00,738.72998046875,738.7572021484375,738.2100219726562,738.219970703125,82171,QQQ,1m
2026-05-29 15:42:00+00:00,738.2150268554688,738.3250122070312,737.969970703125,738.02001953125,55879,QQQ,1m
2026-05-29 15:43:00+00:00,738.02001953125,738.0399780273438,737.760009765625,737.760009765625,60065,QQQ,1m
2026-05-29 15:44:00+00:00,737.763671875,737.875,737.5499877929688,737.8200073242188,60347,QQQ,1m
2026-05-29 15:45:00+00:00,737.8300170898438,738.0599975585938,737.719970703125,737.8037109375,48832,QQQ,1m
2026-05-29 15:46:00+00:00,737.8099975585938,737.8201904296875,737.3599853515625,737.6099853515625,39303,QQQ,1m
2026-05-29 15:47:00+00:00,737.5599975585938,737.6400756835938,737.2999877929688,737.6199951171875,37821,QQQ,1m
2026-05-29 15:48:00+00:00,737.6099853515625,737.739990234375,737.3400268554688,737.5499877929688,47956,QQQ,1m
2026-05-29 15:49:00+00:00,737.5499877929688,738.0,737.5499877929688,737.9359130859375,35989,QQQ,1m
2026-05-29 15:50:00+00:00,737.9024047851562,738.25,737.6699829101562,737.8350219726562,49915,QQQ,1m
2026-05-29 15:51:00+00:00,737.8400268554688,738.125,737.8300170898438,738.114990234375,16926,QQQ,1m
2026-05-29 15:52:00+00:00,738.125,738.2999877929688,737.9299926757812,737.9299926757812,29478,QQQ,1m
2026-05-29 15:53:00+00:00,737.9299926757812,737.9299926757812,737.5700073242188,737.7999877929688,39451,QQQ,1m
2026-05-29 15:54:00+00:00,737.9600219726562,737.969970703125,737.9202270507812,737.9349975585938,26429,QQQ,1m
2026-05-29 15:55:00+00:00,737.9349975585938,738.0499877929688,737.77001953125,737.9089965820312,25754,QQQ,1m
2026-05-29 15:56:00+00:00,737.9000854492188,737.9487915039062,737.7550048828125,737.8099975585938,21451,QQQ,1m
2026-05-29 15:57:00+00:00,737.7899780273438,737.8308715820312,737.3400268554688,737.4500122070312,39960,QQQ,1m
2026-05-29 15:58:00+00:00,737.4500122070312,737.5963134765625,737.4000244140625,737.469970703125,27013,QQQ,1m
2026-05-29 15:59:00+00:00,737.4400024414062,737.6500244140625,737.3300170898438,737.469970703125,40364,QQQ,1m
2026-05-29 16:00:00+00:00,737.489990234375,737.6849975585938,737.4199829101562,737.6199951171875,34354,QQQ,1m
2026-05-29 16:01:00+00:00,737.6300048828125,738.239990234375,737.5599975585938,738.1799926757812,72404,QQQ,1m
2026-05-29 16:02:00+00:00,738.22998046875,738.5399780273438,738.22998046875,738.4000244140625,69287,QQQ,1m
2026-05-29 16:03:00+00:00,738.3499755859375,738.5700073242188,738.3499755859375,738.5499877929688,31623,QQQ,1m
2026-05-29 16:04:00+00:00,738.5800170898438,738.6400146484375,738.4500122070312,738.5399780273438,30214,QQQ,1m
2026-05-29 16:05:00+00:00,738.5596923828125,738.5701293945312,738.344970703125,738.3930053710938,23197,QQQ,1m
2026-05-29 16:06:00+00:00,738.3800048828125,738.6699829101562,738.3800048828125,738.6500854492188,35132,QQQ,1m
2026-05-29 16:07:00+00:00,738.669921875,738.8900146484375,738.6400146484375,738.8049926757812,45309,QQQ,1m
2026-05-29 16:08:00+00:00,738.7966918945312,739.239990234375,738.7966918945312,739.239990234375,52070,QQQ,1m
2026-05-29 16:09:00+00:00,739.25,739.3099975585938,739.2017822265625,739.2901000976562,54754,QQQ,1m
2026-05-29 16:10:00+00:00,739.2999877929688,739.5380249023438,739.22998046875,739.4686279296875,78549,QQQ,1m
2026-05-29 16:11:00+00:00,739.4650268554688,739.510009765625,739.1699829101562,739.219970703125,55310,QQQ,1m
2026-05-29 16:12:00+00:00,739.2100219726562,739.3599853515625,739.1500244140625,739.27001953125,30114,QQQ,1m
2026-05-29 16:13:00+00:00,739.27001953125,739.405029296875,739.030029296875,739.39501953125,69582,QQQ,1m
2026-05-29 16:14:00+00:00,739.4099731445312,739.4099731445312,739.1500244140625,739.2650146484375,39705,QQQ,1m
2026-05-29 16:15:00+00:00,739.27001953125,739.2999877929688,739.0700073242188,739.239990234375,40075,QQQ,1m
2026-05-29 16:16:00+00:00,739.260009765625,739.530029296875,739.1900024414062,739.25,25489,QQQ,1m
2026-05-29 16:17:00+00:00,739.260009765625,739.260009765625,739.090087890625,739.10498046875,26968,QQQ,1m
2026-05-29 16:18:00+00:00,739.10498046875,739.1199951171875,738.6500244140625,738.6749877929688,43898,QQQ,1m
2026-05-29 16:19:00+00:00,738.6799926757812,738.8699951171875,738.6799926757812,738.739990234375,121637,QQQ,1m
2026-05-29 16:20:00+00:00,738.719970703125,738.8300170898438,738.6403198242188,738.8200073242188,23488,QQQ,1m
2026-05-29 16:21:00+00:00,738.8200073242188,739.0900268554688,738.7999877929688,739.0319213867188,29880,QQQ,1m
2026-05-29 16:22:00+00:00,739.0399780273438,739.22998046875,739.0399780273438,739.1500244140625,30087,QQQ,1m
2026-05-29 16:23:00+00:00,739.2100219726562,739.3599853515625,739.1300048828125,739.3298950195312,34217,QQQ,1m
2026-05-29 16:24:00+00:00,739.3200073242188,739.4099731445312,739.030029296875,739.0499877929688,84783,QQQ,1m
2026-05-29 16:25:00+00:00,739.0,739.02001953125,738.5401000976562,738.5999755859375,58548,QQQ,1m
2026-05-29 16:26:00+00:00,738.5999755859375,738.5999755859375,738.469970703125,738.588623046875,27207,QQQ,1m
2026-05-29 16:27:00+00:00,738.6099853515625,738.7750244140625,738.510009765625,738.5650024414062,43126,QQQ,1m
2026-05-29 16:28:00+00:00,738.55908203125,738.6599731445312,738.530029296875,738.5650024414062,37837,QQQ,1m
2026-05-29 16:29:00+00:00,738.5800170898438,738.6099853515625,738.4185791015625,738.489990234375,26502,QQQ,1m
2026-05-29 16:30:00+00:00,738.4949951171875,738.5,738.27001953125,738.3198852539062,40630,QQQ,1m
2026-05-29 16:31:00+00:00,738.2999877929688,738.9299926757812,738.0599975585938,738.6199951171875,170379,QQQ,1m
2026-05-29 16:32:00+00:00,738.6300048828125,738.8099975585938,738.469970703125,738.6699829101562,36426,QQQ,1m
2026-05-29 16:33:00+00:00,738.6500854492188,739.0399780273438,738.60009765625,739.0399780273438,29351,QQQ,1m
2026-05-29 16:34:00+00:00,739.010009765625,739.1199951171875,738.9000244140625,738.9398803710938,28020,QQQ,1m
2026-05-29 16:35:00+00:00,738.9249877929688,739.02001953125,738.7899780273438,738.9400024414062,29663,QQQ,1m
2026-05-29 16:36:00+00:00,738.9099731445312,739.0599975585938,738.9000244140625,738.9893188476562,23936,QQQ,1m
2026-05-29 16:37:00+00:00,739.0172119140625,739.5,738.9400024414062,739.2000122070312,125340,QQQ,1m
2026-05-29 16:38:00+00:00,739.1849975585938,739.2999877929688,739.110107421875,739.2899780273438,22075,QQQ,1m
2026-05-29 16:39:00+00:00,739.280029296875,739.4450073242188,739.1701049804688,739.364990234375,35326,QQQ,1m
2026-05-29 16:40:00+00:00,739.3900146484375,739.52001953125,739.27001953125,739.4450073242188,29424,QQQ,1m
2026-05-29 16:41:00+00:00,739.4400024414062,739.530029296875,739.340087890625,739.364990234375,39927,QQQ,1m
2026-05-29 16:42:00+00:00,739.3300170898438,739.3300170898438,738.989990234375,739.0250244140625,26523,QQQ,1m
2026-05-29 16:43:00+00:00,738.989990234375,739.0889892578125,738.989990234375,739.02001953125,11074,QQQ,1m
2026-05-29 16:44:00+00:00,738.989990234375,739.0399780273438,738.8599853515625,738.9299926757812,28108,QQQ,1m
2026-05-29 16:45:00+00:00,738.9400024414062,738.9979248046875,738.5999755859375,738.6699829101562,41647,QQQ,1m
2026-05-29 16:46:00+00:00,738.6599731445312,738.9099731445312,738.6599731445312,738.8967895507812,16060,QQQ,1m
2026-05-29 16:47:00+00:00,738.9199829101562,739.0335083007812,738.760009765625,738.7999877929688,28475,QQQ,1m
2026-05-29 16:48:00+00:00,738.780029296875,738.9998779296875,738.780029296875,738.9199829101562,20332,QQQ,1m
2026-05-29 16:49:00+00:00,738.9000244140625,738.9099731445312,738.719970703125,738.760009765625,21362,QQQ,1m
2026-05-29 16:50:00+00:00,738.75,738.77001953125,738.469970703125,738.489990234375,49001,QQQ,1m
2026-05-29 16:51:00+00:00,738.510009765625,738.7100219726562,738.3800048828125,738.4199829101562,20710,QQQ,1m
2026-05-29 16:52:00+00:00,738.405029296875,738.4149780273438,738.0966186523438,738.3499755859375,30484,QQQ,1m
2026-05-29 16:53:00+00:00,738.3800048828125,738.5698852539062,738.3800048828125,738.4506225585938,34503,QQQ,1m
2026-05-29 16:54:00+00:00,738.4849853515625,738.5499877929688,738.3499755859375,738.3599853515625,14385,QQQ,1m
2026-05-29 16:55:00+00:00,738.3499755859375,738.4301147460938,738.02001953125,738.0206909179688,24388,QQQ,1m
2026-05-29 16:56:00+00:00,738.010009765625,738.1300048828125,737.8300170898438,738.0499877929688,42530,QQQ,1m
2026-05-29 16:57:00+00:00,738.0999755859375,738.1799926757812,737.8499755859375,738.1699829101562,15476,QQQ,1m
2026-05-29 16:58:00+00:00,738.1798706054688,738.239013671875,738.0900268554688,738.0900268554688,18464,QQQ,1m
2026-05-29 16:59:00+00:00,738.0900268554688,738.3699951171875,738.0750122070312,738.3499755859375,18842,QQQ,1m
2026-05-29 17:00:00+00:00,738.3499755859375,738.510009765625,738.2999877929688,738.469970703125,18436,QQQ,1m
2026-05-29 17:01:00+00:00,738.469970703125,738.655029296875,738.4500122070312,738.6500244140625,19762,QQQ,1m
2026-05-29 17:02:00+00:00,738.6400146484375,738.655029296875,738.4998779296875,738.5599975585938,17050,QQQ,1m
2026-05-29 17:03:00+00:00,738.5399780273438,738.5399780273438,738.219970703125,738.3350219726562,130764,QQQ,1m
2026-05-29 17:04:00+00:00,738.322998046875,738.4400024414062,738.1400146484375,738.1851196289062,23652,QQQ,1m
2026-05-29 17:05:00+00:00,738.2249755859375,738.2479858398438,737.969970703125,738.0499877929688,26345,QQQ,1m
2026-05-29 17:06:00+00:00,738.030029296875,738.219970703125,738.02001953125,738.1799926757812,25546,QQQ,1m
2026-05-29 17:07:00+00:00,738.1400146484375,738.2999877929688,738.1300048828125,738.2750854492188,9431,QQQ,1m
2026-05-29 17:08:00+00:00,738.2999877929688,738.3599853515625,738.1300048828125,738.35498046875,14362,QQQ,1m
2026-05-29 17:09:00+00:00,738.364990234375,738.4299926757812,738.25,738.25,19504,QQQ,1m
2026-05-29 17:10:00+00:00,738.260009765625,738.469970703125,738.125,738.1500244140625,12335,QQQ,1m
2026-05-29 17:11:00+00:00,738.1649780273438,738.1699829101562,737.9846801757812,738.0499877929688,227186,QQQ,1m
2026-05-29 17:12:00+00:00,738.0499877929688,738.22998046875,737.9199829101562,738.1699829101562,25106,QQQ,1m
2026-05-29 17:13:00+00:00,738.1649780273438,738.3900146484375,738.1599731445312,738.3699951171875,13560,QQQ,1m
2026-05-29 17:14:00+00:00,738.3800048828125,738.4149780273438,738.1699829101562,738.1950073242188,14459,QQQ,1m
2026-05-29 17:15:00+00:00,738.2349853515625,738.3090209960938,738.0599975585938,738.1099853515625,28613,QQQ,1m
2026-05-29 17:16:00+00:00,738.119873046875,738.3200073242188,738.0607299804688,738.280029296875,28421,QQQ,1m
2026-05-29 17:17:00+00:00,738.3088989257812,738.3800048828125,738.1901245117188,738.1901245117188,17678,QQQ,1m
2026-05-29 17:18:00+00:00,738.1799926757812,738.1799926757812,737.9708251953125,738.010009765625,19761,QQQ,1m
2026-05-29 17:19:00+00:00,738.02001953125,738.159912109375,737.969970703125,738.090576171875,13973,QQQ,1m
2026-05-29 17:20:00+00:00,738.0900268554688,738.1749877929688,737.759521484375,737.8499755859375,27359,QQQ,1m
2026-05-29 17:21:00+00:00,737.8300170898438,737.8300170898438,737.3599853515625,737.5800170898438,104515,QQQ,1m
2026-05-29 17:22:00+00:00,737.5900268554688,737.5968017578125,737.4099731445312,737.5800170898438,109498,QQQ,1m
2026-05-29 17:23:00+00:00,737.5549926757812,737.5800170898438,737.3499755859375,737.5,34838,QQQ,1m
2026-05-29 17:24:00+00:00,737.489990234375,738.0800170898438,737.4400024414062,737.8599853515625,81661,QQQ,1m
2026-05-29 17:25:00+00:00,737.8699951171875,737.9799194335938,737.3200073242188,737.4199829101562,67888,QQQ,1m
2026-05-29 17:26:00+00:00,737.469970703125,737.5700073242188,737.4600830078125,737.4832153320312,30049,QQQ,1m
2026-05-29 17:27:00+00:00,737.5,737.5700073242188,737.4099731445312,737.5390014648438,38119,QQQ,1m
2026-05-29 17:28:00+00:00,737.5449829101562,737.6400756835938,737.4249877929688,737.635009765625,13259,QQQ,1m
2026-05-29 17:29:00+00:00,737.6649780273438,737.780029296875,737.6300048828125,737.6300048828125,13071,QQQ,1m
2026-05-29 17:30:00+00:00,737.6300048828125,737.719970703125,737.419921875,737.47998046875,41051,QQQ,1m
2026-05-29 17:31:00+00:00,737.4434814453125,737.5700073242188,737.3699951171875,737.4400024414062,21385,QQQ,1m
2026-05-29 17:32:00+00:00,737.4349975585938,737.4398803710938,737.0999755859375,737.3350219726562,59199,QQQ,1m
2026-05-29 17:33:00+00:00,737.3599853515625,737.4299926757812,737.1406860351562,737.2849731445312,55689,QQQ,1m
2026-05-29 17:34:00+00:00,737.2750244140625,737.6400146484375,737.219970703125,737.60009765625,44175,QQQ,1m
2026-05-29 17:35:00+00:00,737.6300048828125,737.659912109375,737.4500122070312,737.4650268554688,13024,QQQ,1m
2026-05-29 17:36:00+00:00,737.469970703125,737.5999755859375,737.3699951171875,737.5800170898438,10845,QQQ,1m
2026-05-29 17:37:00+00:00,737.5900268554688,737.7000122070312,737.5,737.6900024414062,18580,QQQ,1m
2026-05-29 17:38:00+00:00,737.6849975585938,737.8150024414062,737.52001953125,737.52001953125,24712,QQQ,1m
2026-05-29 17:39:00+00:00,737.5050048828125,737.5800170898438,737.3900146484375,737.5451049804688,15737,QQQ,1m
2026-05-29 17:40:00+00:00,737.52001953125,737.6599731445312,737.3616943359375,737.438720703125,26260,QQQ,1m
2026-05-29 17:41:00+00:00,737.4650268554688,737.510009765625,737.2899780273438,737.369873046875,29141,QQQ,1m
2026-05-29 17:42:00+00:00,737.368896484375,737.489990234375,737.25,737.2606811523438,13825,QQQ,1m
2026-05-29 17:43:00+00:00,737.239990234375,737.239990234375,737.0399780273438,737.0499877929688,44551,QQQ,1m
2026-05-29 17:44:00+00:00,737.010009765625,737.1699829101562,736.97998046875,737.135009765625,44682,QQQ,1m
2026-05-29 17:45:00+00:00,737.1300048828125,737.2650146484375,736.9949951171875,737.0800170898438,35188,QQQ,1m
2026-05-29 17:46:00+00:00,737.0800170898438,737.0800170898438,736.9099731445312,737.0399780273438,94876,QQQ,1m
2026-05-29 17:47:00+00:00,737.0449829101562,737.2000122070312,736.97998046875,737.0900268554688,56580,QQQ,1m
2026-05-29 17:48:00+00:00,737.0999755859375,737.1300048828125,737.0,737.0900268554688,22093,QQQ,1m
2026-05-29 17:49:00+00:00,737.10498046875,737.1500244140625,736.989990234375,737.0999755859375,20021,QQQ,1m
2026-05-29 17:50:00+00:00,737.0700073242188,737.094970703125,736.8099975585938,737.0750732421875,47837,QQQ,1m
2026-05-29 17:51:00+00:00,737.0700073242188,737.4299926757812,737.0650024414062,737.3839721679688,195739,QQQ,1m
2026-05-29 17:52:00+00:00,737.3800048828125,737.3800048828125,737.1699829101562,737.1699829101562,34535,QQQ,1m
2026-05-29 17:53:00+00:00,737.1600952148438,737.280029296875,736.97998046875,737.0150146484375,33236,QQQ,1m
2026-05-29 17:54:00+00:00,736.969970703125,736.969970703125,736.7000122070312,736.7249755859375,38979,QQQ,1m
2026-05-29 17:55:00+00:00,736.7100219726562,736.7100219726562,736.4000244140625,736.4500122070312,51725,QQQ,1m
2026-05-29 17:56:00+00:00,736.489990234375,736.5698852539062,736.3900146484375,736.4799194335938,32374,QQQ,1m
2026-05-29 17:57:00+00:00,736.47998046875,736.47998046875,736.1699829101562,736.3099975585938,55129,QQQ,1m
2026-05-29 17:58:00+00:00,736.3400268554688,736.3400268554688,736.0599975585938,736.139892578125,44083,QQQ,1m
2026-05-29 17:59:00+00:00,736.1300048828125,736.1300048828125,735.8800048828125,735.989990234375,101035,QQQ,1m
2026-05-29 18:00:00+00:00,736.0399780273438,736.1199951171875,735.780029296875,736.0800170898438,70590,QQQ,1m
2026-05-29 18:01:00+00:00,736.0750122070312,736.3099975585938,736.0399780273438,736.0399780273438,556692,QQQ,1m
2026-05-29 18:02:00+00:00,736.02001953125,736.5399780273438,735.9450073242188,736.4801025390625,45244,QQQ,1m
2026-05-29 18:03:00+00:00,736.4500122070312,736.5499877929688,736.3400268554688,736.5100708007812,37577,QQQ,1m
2026-05-29 18:04:00+00:00,736.52001953125,736.72998046875,736.4849853515625,736.719970703125,67590,QQQ,1m
2026-05-29 18:05:00+00:00,736.72998046875,736.9008178710938,736.72998046875,736.8499755859375,114364,QQQ,1m
2026-05-29 18:06:00+00:00,736.8400268554688,737.0700073242188,736.75,737.0700073242188,40363,QQQ,1m
2026-05-29 18:07:00+00:00,737.0601196289062,737.1679077148438,737.0399780273438,737.1500244140625,41203,QQQ,1m
2026-05-29 18:08:00+00:00,737.1699829101562,737.2000122070312,736.9000244140625,737.1300048828125,46109,QQQ,1m
2026-05-29 18:09:00+00:00,737.1500244140625,737.239990234375,737.0999755859375,737.2249755859375,13622,QQQ,1m
2026-05-29 18:10:00+00:00,737.22998046875,737.2899780273438,737.0900268554688,737.2199096679688,24862,QQQ,1m
2026-05-29 18:11:00+00:00,737.2098999023438,737.5299072265625,737.1900024414062,737.469970703125,32363,QQQ,1m
2026-05-29 18:12:00+00:00,737.4849853515625,737.5499877929688,737.3800048828125,737.405029296875,44538,QQQ,1m
2026-05-29 18:13:00+00:00,737.4019775390625,737.4249877929688,737.2587890625,737.2799072265625,139707,QQQ,1m
2026-05-29 18:14:00+00:00,737.280029296875,737.280029296875,736.8099975585938,736.9600219726562,94128,QQQ,1m
2026-05-29 18:15:00+00:00,736.9949951171875,737.10498046875,736.8250122070312,736.844970703125,34810,QQQ,1m
2026-05-29 18:16:00+00:00,736.8300170898438,736.8300170898438,736.6900024414062,736.739990234375,39203,QQQ,1m
2026-05-29 18:17:00+00:00,736.7050170898438,736.781982421875,736.6500244140625,736.72998046875,25747,QQQ,1m
2026-05-29 18:18:00+00:00,736.7150268554688,737.1099853515625,736.7098999023438,737.02001953125,75282,QQQ,1m
2026-05-29 18:19:00+00:00,737.0250244140625,737.22998046875,737.0250244140625,737.2000122070312,39244,QQQ,1m
2026-05-29 18:20:00+00:00,737.2100219726562,737.2999877929688,737.0900268554688,737.1171875,37398,QQQ,1m
2026-05-29 18:21:00+00:00,737.1300048828125,737.239990234375,737.0399780273438,737.0787963867188,32100,QQQ,1m
2026-05-29 18:22:00+00:00,737.0700073242188,737.436279296875,737.0599975585938,737.3900146484375,29218,QQQ,1m
2026-05-29 18:23:00+00:00,737.3800048828125,737.4299926757812,737.3150024414062,737.3599243164062,35520,QQQ,1m
2026-05-29 18:24:00+00:00,737.3400268554688,737.52001953125,737.3400268554688,737.5095825195312,27026,QQQ,1m
2026-05-29 18:25:00+00:00,737.52001953125,737.5499877929688,737.4099731445312,737.469970703125,13908,QQQ,1m
2026-05-29 18:26:00+00:00,737.5,737.8250122070312,737.5,737.8250122070312,54475,QQQ,1m
2026-05-29 18:27:00+00:00,737.8250122070312,737.8300170898438,737.6500244140625,737.8099975585938,38771,QQQ,1m
2026-05-29 18:28:00+00:00,737.7899780273438,737.989990234375,737.7899780273438,737.9299926757812,40070,QQQ,1m
2026-05-29 18:29:00+00:00,737.9249877929688,738.010009765625,737.8400268554688,737.8699951171875,40800,QQQ,1m
2026-05-29 18:30:00+00:00,737.8599853515625,738.280029296875,737.8599853515625,738.125,58274,QQQ,1m
2026-05-29 18:31:00+00:00,738.1300048828125,738.2899169921875,738.1199951171875,738.280029296875,45671,QQQ,1m
2026-05-29 18:32:00+00:00,738.280029296875,738.3099975585938,738.1900024414062,738.2349853515625,29218,QQQ,1m
2026-05-29 18:33:00+00:00,738.2349853515625,738.2698974609375,738.0399780273438,738.1799926757812,52442,QQQ,1m
2026-05-29 18:34:00+00:00,738.1900024414062,738.4099731445312,738.1900024414062,738.260009765625,33815,QQQ,1m
2026-05-29 18:35:00+00:00,738.25,738.280029296875,738.0999755859375,738.1199951171875,21293,QQQ,1m
2026-05-29 18:36:00+00:00,738.1400146484375,738.1400146484375,737.9400024414062,737.9400024414062,47553,QQQ,1m
2026-05-29 18:37:00+00:00,737.9400024414062,738.010009765625,737.75,737.780029296875,35154,QQQ,1m
2026-05-29 18:38:00+00:00,737.7650146484375,737.7650146484375,737.5599975585938,737.5599975585938,110370,QQQ,1m
2026-05-29 18:39:00+00:00,737.5800170898438,737.8200073242188,737.5609741210938,737.8200073242188,29527,QQQ,1m
2026-05-29 18:40:00+00:00,737.7999877929688,737.989990234375,737.780029296875,737.9400024414062,37103,QQQ,1m
2026-05-29 18:41:00+00:00,737.9249877929688,738.010009765625,737.8499755859375,737.8699951171875,29610,QQQ,1m
2026-05-29 18:42:00+00:00,737.8699951171875,738.0399780273438,737.8699951171875,737.9400024414062,26072,QQQ,1m
2026-05-29 18:43:00+00:00,737.8699951171875,738.0599975585938,737.760009765625,738.0499877929688,34823,QQQ,1m
2026-05-29 18:44:00+00:00,738.030029296875,738.0599975585938,737.9000244140625,738.0,11974,QQQ,1m
2026-05-29 18:45:00+00:00,737.9990844726562,737.9990844726562,736.780029296875,736.9400024414062,156338,QQQ,1m
2026-05-29 18:46:00+00:00,736.9600219726562,737.1699829101562,736.8499755859375,737.0999755859375,76057,QQQ,1m
2026-05-29 18:47:00+00:00,737.1199951171875,737.25830078125,737.0,737.119873046875,27978,QQQ,1m
2026-05-29 18:48:00+00:00,737.090087890625,737.2000122070312,736.969970703125,737.0800170898438,38849,QQQ,1m
2026-05-29 18:49:00+00:00,737.0999755859375,737.1500244140625,736.969970703125,737.0900268554688,43184,QQQ,1m
2026-05-29 18:50:00+00:00,737.0692138671875,737.280029296875,736.97998046875,737.2000122070312,48903,QQQ,1m
2026-05-29 18:51:00+00:00,737.22998046875,737.22998046875,736.625,736.64501953125,56182,QQQ,1m
2026-05-29 18:52:00+00:00,736.64990234375,736.7698974609375,736.5,736.5800170898438,27991,QQQ,1m
2026-05-29 18:53:00+00:00,736.5999755859375,736.772216796875,736.489990234375,736.739990234375,39705,QQQ,1m
2026-05-29 18:54:00+00:00,736.77001953125,737.0532836914062,736.7100219726562,736.9849853515625,37553,QQQ,1m
2026-05-29 18:55:00+00:00,737.0,737.0399169921875,736.8400268554688,736.9600219726562,29890,QQQ,1m
2026-05-29 18:56:00+00:00,736.9550170898438,737.0399780273438,736.739990234375,736.7550048828125,39330,QQQ,1m
2026-05-29 18:57:00+00:00,736.7449951171875,736.7449951171875,736.4801025390625,736.5349731445312,194747,QQQ,1m
2026-05-29 18:58:00+00:00,736.5250244140625,736.5250244140625,736.35498046875,736.4099731445312,34565,QQQ,1m
2026-05-29 18:59:00+00:00,736.4650268554688,736.5797729492188,736.385009765625,736.5349731445312,45656,QQQ,1m
2026-05-29 19:00:00+00:00,736.52001953125,736.7698974609375,736.3300170898438,736.3408203125,42386,QQQ,1m
2026-05-29 19:01:00+00:00,736.3699951171875,736.7100219726562,736.3099975585938,736.7100219726562,30079,QQQ,1m
2026-05-29 19:02:00+00:00,736.6950073242188,736.85498046875,736.5999755859375,736.85498046875,45335,QQQ,1m
2026-05-29 19:03:00+00:00,736.8400268554688,737.2000122070312,736.8300170898438,737.2000122070312,65404,QQQ,1m
2026-05-29 19:04:00+00:00,737.1599731445312,737.1599731445312,736.9600219726562,736.97998046875,27765,QQQ,1m
2026-05-29 19:05:00+00:00,737.02001953125,737.4199829101562,737.010009765625,737.3150024414062,66264,QQQ,1m
2026-05-29 19:06:00+00:00,737.3200073242188,737.3499755859375,737.1699829101562,737.2702026367188,35353,QQQ,1m
2026-05-29 19:07:00+00:00,737.2600708007812,737.5,737.2600708007812,737.5,43531,QQQ,1m
2026-05-29 19:08:00+00:00,737.47998046875,737.5800170898438,737.4400024414062,737.5499877929688,42834,QQQ,1m
2026-05-29 19:09:00+00:00,737.5499877929688,737.5601196289062,737.4000854492188,737.4400024414062,33900,QQQ,1m
2026-05-29 19:10:00+00:00,737.4500122070312,737.530029296875,737.3599853515625,737.4500122070312,48606,QQQ,1m
2026-05-29 19:11:00+00:00,737.4600219726562,737.5900268554688,737.3300170898438,737.530029296875,448033,QQQ,1m
2026-05-29 19:12:00+00:00,737.5399780273438,737.568115234375,737.4600219726562,737.5250244140625,42746,QQQ,1m
2026-05-29 19:13:00+00:00,737.5299072265625,737.5449829101562,737.3900146484375,737.5150146484375,33751,QQQ,1m
2026-05-29 19:14:00+00:00,737.5,737.52001953125,737.3599853515625,737.489990234375,20477,QQQ,1m
2026-05-29 19:15:00+00:00,737.4600219726562,737.5800170898438,737.4400024414062,737.48876953125,18237,QQQ,1m
2026-05-29 19:16:00+00:00,737.4299926757812,737.530029296875,737.3099975585938,737.5,140014,QQQ,1m
2026-05-29 19:17:00+00:00,737.510009765625,737.510009765625,737.1400146484375,737.219970703125,54831,QQQ,1m
2026-05-29 19:18:00+00:00,737.2119750976562,737.282470703125,737.0599975585938,737.0601196289062,68142,QQQ,1m
2026-05-29 19:19:00+00:00,737.0599975585938,737.4099731445312,736.989990234375,737.3400268554688,69564,QQQ,1m
2026-05-29 19:20:00+00:00,737.3300170898438,737.4439697265625,737.2100219726562,737.280029296875,44844,QQQ,1m
2026-05-29 19:21:00+00:00,737.27001953125,737.4600219726562,737.27001953125,737.3900146484375,58101,QQQ,1m
2026-05-29 19:22:00+00:00,737.3900146484375,737.489990234375,737.3201293945312,737.3699951171875,18728,QQQ,1m
2026-05-29 19:23:00+00:00,737.344970703125,737.530029296875,737.3400268554688,737.4600219726562,131913,QQQ,1m
2026-05-29 19:24:00+00:00,737.469970703125,737.6856079101562,737.4400024414062,737.547607421875,60750,QQQ,1m
2026-05-29 19:25:00+00:00,737.52001953125,737.5604248046875,737.4099731445312,737.4600219726562,74939,QQQ,1m
2026-05-29 19:26:00+00:00,737.4400024414062,737.5,737.239990234375,737.5,80737,QQQ,1m
2026-05-29 19:27:00+00:00,737.52001953125,737.7100219726562,737.489990234375,737.6649780273438,59578,QQQ,1m
2026-05-29 19:28:00+00:00,737.6699829101562,737.9199829101562,737.6599731445312,737.9119873046875,65754,QQQ,1m
2026-05-29 19:29:00+00:00,737.9099731445312,737.9199829101562,737.8300170898438,737.8599853515625,114607,QQQ,1m
2026-05-29 19:30:00+00:00,737.8699951171875,738.1099853515625,737.8699951171875,737.9949951171875,84765,QQQ,1m
2026-05-29 19:31:00+00:00,737.989990234375,738.219970703125,737.97998046875,738.2000122070312,53928,QQQ,1m
2026-05-29 19:32:00+00:00,738.1900024414062,738.2999877929688,738.1199951171875,738.239990234375,56305,QQQ,1m
2026-05-29 19:33:00+00:00,738.22998046875,738.2899780273438,738.2100219726562,738.25,115874,QQQ,1m
2026-05-29 19:34:00+00:00,738.27001953125,738.3699951171875,738.219970703125,738.3699951171875,51206,QQQ,1m
2026-05-29 19:35:00+00:00,738.4099731445312,738.669921875,738.3499755859375,738.614990234375,170747,QQQ,1m
2026-05-29 19:36:00+00:00,738.5999755859375,738.6799926757812,738.4598999023438,738.6599731445312,83744,QQQ,1m
2026-05-29 19:37:00+00:00,738.6900024414062,738.8699951171875,738.6799926757812,738.8699951171875,96880,QQQ,1m
2026-05-29 19:38:00+00:00,738.875,739.0599975585938,738.8200073242188,739.052490234375,44995,QQQ,1m
2026-05-29 19:39:00+00:00,739.0499877929688,739.0700073242188,738.8400268554688,739.0,81882,QQQ,1m
2026-05-29 19:40:00+00:00,738.989990234375,739.030029296875,738.8372802734375,738.9249877929688,53558,QQQ,1m
2026-05-29 19:41:00+00:00,738.9199829101562,739.22998046875,738.8900146484375,739.1799926757812,90114,QQQ,1m
2026-05-29 19:42:00+00:00,739.1799926757812,739.260009765625,738.989990234375,739.1412963867188,79449,QQQ,1m
2026-05-29 19:43:00+00:00,739.1500244140625,739.2791748046875,739.130126953125,739.1599731445312,47701,QQQ,1m
2026-05-29 19:44:00+00:00,739.1699829101562,739.1849975585938,738.9600219726562,739.02001953125,60456,QQQ,1m
2026-05-29 19:45:00+00:00,739.02001953125,739.1599731445312,739.02001953125,739.14990234375,51564,QQQ,1m
2026-05-29 19:46:00+00:00,739.1400146484375,739.1900024414062,738.7034912109375,738.7034912109375,98679,QQQ,1m
2026-05-29 19:47:00+00:00,738.7000122070312,739.0299072265625,738.6019897460938,738.8699951171875,67839,QQQ,1m
2026-05-29 19:48:00+00:00,738.8900146484375,739.22998046875,738.8900146484375,739.219970703125,29781,QQQ,1m
2026-05-29 19:49:00+00:00,739.260009765625,739.280029296875,739.10498046875,739.1300048828125,361362,QQQ,1m
2026-05-29 19:50:00+00:00,739.1599731445312,739.4199829101562,738.8201293945312,738.9149780273438,206060,QQQ,1m
2026-05-29 19:51:00+00:00,738.8900146484375,738.9600219726562,738.5499877929688,738.77099609375,225026,QQQ,1m
2026-05-29 19:52:00+00:00,738.760009765625,739.0999755859375,738.6799926757812,738.844970703125,166387,QQQ,1m
2026-05-29 19:53:00+00:00,738.8300170898438,739.0800170898438,738.5800170898438,738.5800170898438,243605,QQQ,1m
2026-05-29 19:54:00+00:00,738.5800170898438,738.719970703125,738.2899780273438,738.530029296875,326980,QQQ,1m
2026-05-29 19:55:00+00:00,738.530029296875,738.9149780273438,738.3400268554688,738.6599731445312,230832,QQQ,1m
2026-05-29 19:56:00+00:00,738.6400146484375,738.6400146484375,738.3599853515625,738.5700073242188,125846,QQQ,1m
2026-05-29 19:57:00+00:00,738.5499877929688,738.625,738.3099975585938,738.3499755859375,227542,QQQ,1m
2026-05-29 19:58:00+00:00,738.3599853515625,738.530029296875,738.3300170898438,738.4301147460938,195058,QQQ,1m
2026-05-29 19:59:00+00:00,738.4249877929688,738.72998046875,738.2249755859375,738.2249755859375,874620,QQQ,1m
2026-06-01 13:30:00+00:00,737.1300048828125,737.6699829101562,736.3200073242188,736.489990234375,2097755,QQQ,1m
2026-06-01 13:31:00+00:00,736.4299926757812,738.25,736.2999877929688,737.4349975585938,403495,QQQ,1m
2026-06-01 13:32:00+00:00,737.4099731445312,738.619873046875,737.3499755859375,738.4403076171875,222445,QQQ,1m
2026-06-01 13:33:00+00:00,738.4400024414062,738.97998046875,738.1300048828125,738.3599853515625,177237,QQQ,1m
2026-06-01 13:34:00+00:00,738.3400268554688,738.77001953125,737.7249755859375,738.0184936523438,125834,QQQ,1m
2026-06-01 13:35:00+00:00,737.969970703125,739.3300170898438,737.8099975585938,739.3300170898438,142037,QQQ,1m
2026-06-01 13:36:00+00:00,739.3350219726562,739.6099853515625,738.72998046875,738.969970703125,262915,QQQ,1m
2026-06-01 13:37:00+00:00,738.8499755859375,739.6900024414062,738.7200927734375,739.6480712890625,148549,QQQ,1m
2026-06-01 13:38:00+00:00,739.594970703125,739.919921875,739.3400268554688,739.719970703125,154428,QQQ,1m
2026-06-01 13:39:00+00:00,739.70751953125,740.0150146484375,739.364990234375,739.4149780273438,161513,QQQ,1m
2026-06-01 13:40:00+00:00,739.4301147460938,739.6300048828125,738.7000122070312,738.719970703125,145319,QQQ,1m
2026-06-01 13:41:00+00:00,738.75,739.3300170898438,738.7200927734375,739.1400146484375,236299,QQQ,1m
2026-06-01 13:42:00+00:00,739.1500244140625,739.489990234375,738.5999755859375,739.280029296875,115659,QQQ,1m
2026-06-01 13:43:00+00:00,739.2899780273438,739.719970703125,739.130126953125,739.5750122070312,121222,QQQ,1m
2026-06-01 13:44:00+00:00,739.5899047851562,739.6881713867188,738.760009765625,738.8300170898438,104551,QQQ,1m
2026-06-01 13:45:00+00:00,738.8200073242188,739.3800048828125,738.8200073242188,739.3800048828125,160893,QQQ,1m
2026-06-01 13:46:00+00:00,739.3800048828125,739.77001953125,739.1900024414062,739.6400146484375,73689,QQQ,1m
2026-06-01 13:47:00+00:00,739.6300048828125,740.1300048828125,739.6300048828125,739.8400268554688,121624,QQQ,1m
2026-06-01 13:48:00+00:00,739.8499755859375,740.0960083007812,739.3599853515625,739.7160034179688,99439,QQQ,1m
2026-06-01 13:49:00+00:00,739.6799926757812,739.7050170898438,739.1204223632812,739.1799926757812,65288,QQQ,1m
2026-06-01 13:50:00+00:00,739.1801147460938,739.739990234375,739.0599975585938,739.385009765625,65186,QQQ,1m
2026-06-01 13:51:00+00:00,739.4000244140625,739.6799926757812,738.5,738.9600219726562,163864,QQQ,1m
2026-06-01 13:52:00+00:00,738.97998046875,738.989990234375,738.25,738.4144287109375,82333,QQQ,1m
2026-06-01 13:53:00+00:00,738.3900146484375,738.7999877929688,738.375,738.75,90633,QQQ,1m
2026-06-01 13:54:00+00:00,738.719970703125,738.7899780273438,737.9299926757812,737.9299926757812,107385,QQQ,1m
2026-06-01 13:55:00+00:00,737.9299926757812,738.0599975585938,737.4400024414062,737.489990234375,99170,QQQ,1m
2026-06-01 13:56:00+00:00,737.4949951171875,737.8800048828125,737.3599853515625,737.469970703125,88704,QQQ,1m
2026-06-01 13:57:00+00:00,737.4400024414062,737.6900024414062,737.1220092773438,737.4998779296875,70263,QQQ,1m
2026-06-01 13:58:00+00:00,737.4299926757812,737.4299926757812,736.8699951171875,736.8699951171875,92224,QQQ,1m
2026-06-01 13:59:00+00:00,736.8499755859375,736.8800048828125,736.25,736.4000244140625,134699,QQQ,1m
2026-06-01 14:00:00+00:00,736.3099975585938,737.010009765625,736.02001953125,736.3886108398438,201199,QQQ,1m
2026-06-01 14:01:00+00:00,736.3499755859375,737.0,736.3499755859375,736.8900146484375,163899,QQQ,1m
2026-06-01 14:02:00+00:00,736.8800048828125,737.0999755859375,736.3599853515625,736.5599975585938,85442,QQQ,1m
2026-06-01 14:03:00+00:00,736.5599975585938,736.5999755859375,736.02001953125,736.0599975585938,146521,QQQ,1m
2026-06-01 14:04:00+00:00,736.0999755859375,736.4099731445312,735.989990234375,736.2999267578125,100360,QQQ,1m
2026-06-01 14:05:00+00:00,736.239990234375,737.2000122070312,736.1799926757812,737.0750122070312,135935,QQQ,1m
2026-06-01 14:06:00+00:00,737.0999755859375,737.1699829101562,736.5999755859375,736.885009765625,90679,QQQ,1m
2026-06-01 14:07:00+00:00,736.8499755859375,737.3599853515625,736.4500122070312,737.3099975585938,105764,QQQ,1m
2026-06-01 14:08:00+00:00,737.3579711914062,737.989990234375,737.219970703125,737.8300170898438,92414,QQQ,1m
2026-06-01 14:09:00+00:00,737.8400268554688,738.1500244140625,737.6199951171875,737.9099731445312,111635,QQQ,1m
2026-06-01 14:10:00+00:00,737.9298706054688,738.0,737.1699829101562,737.7274780273438,79546,QQQ,1m
2026-06-01 14:11:00+00:00,737.7000122070312,737.8699951171875,737.280029296875,737.44140625,78631,QQQ,1m
2026-06-01 14:12:00+00:00,737.5050048828125,737.7000122070312,737.0900268554688,737.4400024414062,87633,QQQ,1m
2026-06-01 14:13:00+00:00,737.5598754882812,737.9500122070312,737.239990234375,737.739990234375,48012,QQQ,1m
2026-06-01 14:14:00+00:00,737.72998046875,737.97998046875,737.3900146484375,737.4099731445312,50799,QQQ,1m
2026-06-01 14:15:00+00:00,737.3699951171875,737.8599853515625,737.3201293945312,737.3499755859375,52486,QQQ,1m
2026-06-01 14:16:00+00:00,737.3800048828125,738.5999755859375,737.0999755859375,738.32861328125,227413,QQQ,1m
2026-06-01 14:17:00+00:00,738.3400268554688,738.3599853515625,737.75,737.8400268554688,148684,QQQ,1m
2026-06-01 14:18:00+00:00,737.8499755859375,738.1699829101562,737.3214111328125,737.530029296875,95034,QQQ,1m
2026-06-01 14:19:00+00:00,737.6599731445312,737.9550170898438,737.5800170898438,737.739990234375,100549,QQQ,1m
2026-06-01 14:20:00+00:00,737.7000122070312,738.219970703125,737.5900268554688,738.0700073242188,68973,QQQ,1m
2026-06-01 14:21:00+00:00,738.02001953125,738.5764770507812,737.9199829101562,738.5599975585938,52545,QQQ,1m
2026-06-01 14:22:00+00:00,738.5300903320312,738.989990234375,738.530029296875,738.75,115762,QQQ,1m
2026-06-01 14:23:00+00:00,738.75,739.030029296875,738.5700073242188,738.8099975585938,118425,QQQ,1m
2026-06-01 14:24:00+00:00,738.8099975585938,739.0800170898438,738.6199951171875,738.7000122070312,130131,QQQ,1m
2026-06-01 14:25:00+00:00,738.7100219726562,738.8187866210938,738.3599853515625,738.3900146484375,68044,QQQ,1m
2026-06-01 14:26:00+00:00,738.4000244140625,738.4600219726562,738.02001953125,738.0499877929688,84326,QQQ,1m
2026-06-01 14:27:00+00:00,738.0755004882812,738.3699951171875,737.9500122070312,738.155029296875,78669,QQQ,1m
2026-06-01 14:28:00+00:00,738.1300048828125,738.6799926757812,738.0,738.6112060546875,57471,QQQ,1m
2026-06-01 14:29:00+00:00,738.6300048828125,738.6300048828125,738.0800170898438,738.1300048828125,101419,QQQ,1m
2026-06-01 14:30:00+00:00,738.0999755859375,738.8699951171875,737.8200073242188,738.8641967773438,100425,QQQ,1m
2026-06-01 14:31:00+00:00,738.8800048828125,738.8800048828125,738.3599853515625,738.75,36130,QQQ,1m
2026-06-01 14:32:00+00:00,738.739990234375,739.3200073242188,738.6799926757812,739.0900268554688,84404,QQQ,1m
2026-06-01 14:33:00+00:00,739.05517578125,739.1199951171875,738.8300170898438,738.8499755859375,83471,QQQ,1m
2026-06-01 14:34:00+00:00,738.875,738.989990234375,738.6400146484375,738.9450073242188,71012,QQQ,1m
2026-06-01 14:35:00+00:00,738.9400024414062,739.3300170898438,738.8800048828125,738.9199829101562,89882,QQQ,1m
2026-06-01 14:36:00+00:00,738.9199829101562,739.1300048828125,738.72998046875,738.9600219726562,58790,QQQ,1m
2026-06-01 14:37:00+00:00,738.9600219726562,739.2100219726562,738.469970703125,738.52001953125,83937,QQQ,1m
2026-06-01 14:38:00+00:00,738.489990234375,738.7000122070312,738.3599853515625,738.635009765625,62826,QQQ,1m
2026-06-01 14:39:00+00:00,738.6400146484375,738.9400024414062,738.5800170898438,738.6900024414062,61147,QQQ,1m
2026-06-01 14:40:00+00:00,738.6719970703125,739.030029296875,738.530029296875,738.97998046875,90182,QQQ,1m
2026-06-01 14:41:00+00:00,738.969970703125,739.2999877929688,738.8699951171875,739.1300048828125,65080,QQQ,1m
2026-06-01 14:42:00+00:00,739.1199951171875,739.2999877929688,738.8125,738.9600219726562,59323,QQQ,1m
2026-06-01 14:43:00+00:00,738.969970703125,739.2050170898438,738.9299926757812,739.1099853515625,47971,QQQ,1m
2026-06-01 14:44:00+00:00,739.0999755859375,739.2100219726562,738.780029296875,739.0501098632812,81081,QQQ,1m
2026-06-01 14:45:00+00:00,739.114990234375,739.27001953125,738.8800048828125,738.97998046875,119546,QQQ,1m
2026-06-01 14:46:00+00:00,739.0,739.219970703125,738.905029296875,739.0,26824,QQQ,1m
2026-06-01 14:47:00+00:00,738.97998046875,739.02001953125,738.77001953125,738.77001953125,56863,QQQ,1m
2026-06-01 14:48:00+00:00,738.739990234375,739.6099853515625,738.739990234375,739.5599975585938,77072,QQQ,1m
2026-06-01 14:49:00+00:00,739.572021484375,739.6599731445312,739.3378295898438,739.3400268554688,59922,QQQ,1m
2026-06-01 14:50:00+00:00,739.3920288085938,739.3920288085938,739.1199951171875,739.3283081054688,55704,QQQ,1m
2026-06-01 14:51:00+00:00,739.3200073242188,739.72998046875,739.22998046875,739.22998046875,68959,QQQ,1m
2026-06-01 14:52:00+00:00,739.239990234375,739.5,738.8900146484375,739.1900024414062,83805,QQQ,1m
2026-06-01 14:53:00+00:00,739.1900024414062,739.5599975585938,739.1900024414062,739.3699951171875,63913,QQQ,1m
2026-06-01 14:54:00+00:00,739.4301147460938,739.510009765625,739.260009765625,739.3499755859375,80550,QQQ,1m
2026-06-01 14:55:00+00:00,739.3400268554688,739.530029296875,739.1900024414062,739.3049926757812,89903,QQQ,1m
2026-06-01 14:56:00+00:00,739.3594970703125,739.4000244140625,739.1699829101562,739.2164916992188,41787,QQQ,1m
2026-06-01 14:57:00+00:00,739.2449951171875,739.260009765625,738.9500122070312,739.0499877929688,50310,QQQ,1m
2026-06-01 14:58:00+00:00,739.0399780273438,739.4299926757812,739.0250244140625,739.3200073242188,50532,QQQ,1m
2026-06-01 14:59:00+00:00,739.2999877929688,739.4993896484375,739.143798828125,739.469970703125,29543,QQQ,1m
2026-06-01 15:00:00+00:00,739.5,739.7150268554688,739.3800048828125,739.4199829101562,70427,QQQ,1m
2026-06-01 15:01:00+00:00,739.4000244140625,739.6900024414062,739.2850952148438,739.489990234375,30409,QQQ,1m
2026-06-01 15:02:00+00:00,739.47998046875,739.6699829101562,739.3800048828125,739.6099853515625,33753,QQQ,1m
2026-06-01 15:03:00+00:00,739.6199951171875,739.7100219726562,739.1199951171875,739.1199951171875,131918,QQQ,1m
2026-06-01 15:04:00+00:00,739.125,739.4000244140625,739.0900268554688,739.3499755859375,44202,QQQ,1m
2026-06-01 15:05:00+00:00,739.3599853515625,739.6099853515625,738.9299926757812,739.5700073242188,92163,QQQ,1m
2026-06-01 15:06:00+00:00,739.6099853515625,739.8099975585938,739.47998046875,739.77001953125,34824,QQQ,1m
2026-06-01 15:07:00+00:00,739.7449951171875,739.8300170898438,739.630126953125,739.7899780273438,38846,QQQ,1m
2026-06-01 15:08:00+00:00,739.7899780273438,739.9500122070312,739.510009765625,739.72998046875,90787,QQQ,1m
2026-06-01 15:09:00+00:00,739.72998046875,739.77001953125,739.280029296875,739.4710083007812,32314,QQQ,1m
2026-06-01 15:10:00+00:00,739.5,739.5999755859375,739.344970703125,739.3989868164062,25292,QQQ,1m
2026-06-01 15:11:00+00:00,739.3599853515625,739.4099731445312,738.9949951171875,738.9949951171875,30553,QQQ,1m
2026-06-01 15:12:00+00:00,739.0499877929688,739.5399780273438,738.97021484375,739.5399780273438,78579,QQQ,1m
2026-06-01 15:13:00+00:00,739.5399780273438,739.7999877929688,739.4600219726562,739.7750244140625,32017,QQQ,1m
2026-06-01 15:14:00+00:00,739.780029296875,739.8900146484375,739.625,739.6699829101562,273216,QQQ,1m
2026-06-01 15:15:00+00:00,739.739990234375,740.0800170898438,739.7249755859375,739.97998046875,91781,QQQ,1m
2026-06-01 15:16:00+00:00,740.030029296875,740.0999755859375,739.8499755859375,740.0,149486,QQQ,1m
2026-06-01 15:17:00+00:00,740.02001953125,740.2899780273438,740.010009765625,740.1599731445312,49069,QQQ,1m
2026-06-01 15:18:00+00:00,740.1599731445312,740.2550048828125,739.8200073242188,740.2550048828125,60483,QQQ,1m
2026-06-01 15:19:00+00:00,740.2299194335938,740.2550048828125,740.0700073242188,740.1099853515625,31579,QQQ,1m
2026-06-01 15:20:00+00:00,740.1390991210938,740.5499877929688,740.1199951171875,740.5,84704,QQQ,1m
2026-06-01 15:21:00+00:00,740.4974975585938,740.5999755859375,740.4359130859375,740.47998046875,50446,QQQ,1m
2026-06-01 15:22:00+00:00,740.47998046875,740.719970703125,740.469970703125,740.6950073242188,42322,QQQ,1m
2026-06-01 15:23:00+00:00,740.7000122070312,740.7000122070312,740.4650268554688,740.5499877929688,121654,QQQ,1m
2026-06-01 15:24:00+00:00,740.5650024414062,740.6300048828125,740.4199829101562,740.4600219726562,78795,QQQ,1m
2026-06-01 15:25:00+00:00,740.4400024414062,740.5700073242188,740.3800048828125,740.5446166992188,39867,QQQ,1m
2026-06-01 15:26:00+00:00,740.5549926757812,740.5599975585938,740.1699829101562,740.2249755859375,53060,QQQ,1m
2026-06-01 15:27:00+00:00,740.2100219726562,740.47998046875,740.0999755859375,740.4349975585938,147377,QQQ,1m
2026-06-01 15:28:00+00:00,740.4400024414062,740.5999755859375,740.3300170898438,740.5800170898438,50640,QQQ,1m
2026-06-01 15:29:00+00:00,740.5900268554688,740.719970703125,740.5,740.52001953125,54002,QQQ,1m
2026-06-01 15:30:00+00:00,740.510009765625,741.9699096679688,740.510009765625,741.6900024414062,333983,QQQ,1m
2026-06-01 15:31:00+00:00,741.7000122070312,741.849609375,741.2899780273438,741.6300048828125,203388,QQQ,1m
2026-06-01 15:32:00+00:00,741.5999755859375,741.9099731445312,741.5499877929688,741.8599853515625,97857,QQQ,1m
2026-06-01 15:33:00+00:00,741.8900146484375,742.1300048828125,741.8599853515625,742.02001953125,122861,QQQ,1m
2026-06-01 15:34:00+00:00,742.02001953125,742.0250244140625,741.780029296875,741.8300170898438,162111,QQQ,1m
2026-06-01 15:35:00+00:00,741.8200073242188,742.280029296875,741.75,742.0800170898438,127044,QQQ,1m
2026-06-01 15:36:00+00:00,742.0700073242188,742.22998046875,742.0,742.094970703125,122785,QQQ,1m
2026-06-01 15:37:00+00:00,742.0650024414062,742.1400146484375,741.7899780273438,741.85498046875,64430,QQQ,1m
2026-06-01 15:38:00+00:00,741.8400268554688,742.0,741.77001953125,741.9398803710938,42749,QQQ,1m
2026-06-01 15:39:00+00:00,741.9400024414062,741.9500122070312,741.8300170898438,741.8900146484375,56129,QQQ,1m
2026-06-01 15:40:00+00:00,741.9149780273438,741.969970703125,741.52001953125,741.6300048828125,80221,QQQ,1m
2026-06-01 15:41:00+00:00,741.6099853515625,741.9398803710938,741.6099853515625,741.8200073242188,39616,QQQ,1m
2026-06-01 15:42:00+00:00,741.8400268554688,742.1199951171875,741.8300170898438,742.0850219726562,62262,QQQ,1m
2026-06-01 15:43:00+00:00,742.0800170898438,742.1599731445312,741.969970703125,742.0499877929688,68949,QQQ,1m
2026-06-01 15:44:00+00:00,742.0499877929688,742.0499877929688,741.7625122070312,741.9099731445312,42908,QQQ,1m
2026-06-01 15:45:00+00:00,741.9299926757812,741.97998046875,741.77001953125,741.7999877929688,34853,QQQ,1m
2026-06-01 15:46:00+00:00,741.75,741.9299926757812,741.75,741.760009765625,29611,QQQ,1m
2026-06-01 15:47:00+00:00,741.75,741.7598266601562,741.5800170898438,741.64501953125,43280,QQQ,1m
2026-06-01 15:48:00+00:00,741.6099853515625,741.6599731445312,741.3300170898438,741.4600219726562,40296,QQQ,1m
2026-06-01 15:49:00+00:00,741.4749755859375,741.6199951171875,741.1815795898438,741.2050170898438,50800,QQQ,1m
2026-06-01 15:50:00+00:00,741.2000122070312,741.3499755859375,741.010009765625,741.1873779296875,58692,QQQ,1m
2026-06-01 15:51:00+00:00,741.22998046875,741.2999877929688,741.0700073242188,741.1699829101562,34193,QQQ,1m
2026-06-01 15:52:00+00:00,741.1599731445312,741.5700073242188,741.1599731445312,741.510009765625,134402,QQQ,1m
2026-06-01 15:53:00+00:00,741.5800170898438,741.7108154296875,741.5700073242188,741.7050170898438,40219,QQQ,1m
2026-06-01 15:54:00+00:00,741.6900024414062,741.7147216796875,741.556884765625,741.6500244140625,13458,QQQ,1m
2026-06-01 15:55:00+00:00,741.6588134765625,741.6799926757812,741.25,741.25,33227,QQQ,1m
2026-06-01 15:56:00+00:00,741.2000122070312,741.2999877929688,741.0900268554688,741.1400146484375,40946,QQQ,1m
2026-06-01 15:57:00+00:00,741.1199951171875,741.1900024414062,740.9400024414062,741.1799926757812,62910,QQQ,1m
2026-06-01 15:58:00+00:00,741.155029296875,741.1749877929688,740.97998046875,741.010009765625,47514,QQQ,1m
2026-06-01 15:59:00+00:00,740.989990234375,741.0549926757812,740.9199829101562,741.0399780273438,32546,QQQ,1m
2026-06-01 16:00:00+00:00,741.010009765625,741.8099975585938,741.010009765625,741.6799926757812,113912,QQQ,1m
2026-06-01 16:01:00+00:00,741.7199096679688,741.8099975585938,741.52001953125,741.6300048828125,34410,QQQ,1m
2026-06-01 16:02:00+00:00,741.5999755859375,741.6799926757812,741.4199829101562,741.47998046875,28617,QQQ,1m
2026-06-01 16:03:00+00:00,741.4600219726562,741.5700073242188,741.4099731445312,741.5,16539,QQQ,1m
2026-06-01 16:04:00+00:00,741.47998046875,741.5399780273438,741.2899780273438,741.3200073242188,35217,QQQ,1m
2026-06-01 16:05:00+00:00,741.3159790039062,741.3499755859375,741.1099853515625,741.135009765625,26310,QQQ,1m
2026-06-01 16:06:00+00:00,741.0800170898438,741.1599731445312,740.9400024414062,741.0800170898438,34893,QQQ,1m
2026-06-01 16:07:00+00:00,741.0750122070312,741.25,741.0,741.0599975585938,20819,QQQ,1m
2026-06-01 16:08:00+00:00,741.1400146484375,741.1799926757812,740.9500122070312,741.0499267578125,27812,QQQ,1m
2026-06-01 16:09:00+00:00,741.0399780273438,741.1599731445312,741.02001953125,741.0999755859375,21520,QQQ,1m
2026-06-01 16:10:00+00:00,741.0800170898438,741.1699829101562,740.5800170898438,740.77001953125,94564,QQQ,1m
2026-06-01 16:11:00+00:00,740.760009765625,740.7999877929688,740.4500122070312,740.655029296875,48183,QQQ,1m
2026-06-01 16:12:00+00:00,740.6099853515625,740.6300048828125,740.3300170898438,740.4298706054688,57993,QQQ,1m
2026-06-01 16:13:00+00:00,740.4000244140625,740.6199951171875,740.2899780273438,740.5900268554688,57920,QQQ,1m
2026-06-01 16:14:00+00:00,740.5800170898438,740.72998046875,740.5700073242188,740.614990234375,39025,QQQ,1m
2026-06-01 16:15:00+00:00,740.5700073242188,740.75,740.25,740.29638671875,50965,QQQ,1m
2026-06-01 16:16:00+00:00,740.27001953125,740.4500122070312,740.219970703125,740.2501220703125,42555,QQQ,1m
2026-06-01 16:17:00+00:00,740.2999877929688,740.3897705078125,739.8800048828125,740.0999755859375,112673,QQQ,1m
2026-06-01 16:18:00+00:00,740.0800170898438,740.0999755859375,739.8400268554688,740.0999755859375,39492,QQQ,1m
2026-06-01 16:19:00+00:00,740.0700073242188,740.4149780273438,740.0599975585938,740.3300170898438,60196,QQQ,1m
2026-06-01 16:20:00+00:00,740.4400024414062,740.5299072265625,740.3200073242188,740.469970703125,66508,QQQ,1m
2026-06-01 16:21:00+00:00,740.4400024414062,740.6300048828125,740.4249877929688,740.619873046875,42137,QQQ,1m
2026-06-01 16:22:00+00:00,740.6099853515625,740.6099853515625,740.3400268554688,740.4600830078125,61048,QQQ,1m
2026-06-01 16:23:00+00:00,740.5,740.8300170898438,740.47998046875,740.8300170898438,28218,QQQ,1m
2026-06-01 16:24:00+00:00,740.8026123046875,741.0662841796875,740.8026123046875,741.0,33223,QQQ,1m
2026-06-01 16:25:00+00:00,741.0,741.0897216796875,740.8499755859375,740.989990234375,44408,QQQ,1m
2026-06-01 16:26:00+00:00,740.9990234375,741.0900268554688,740.8400268554688,741.0700073242188,35272,QQQ,1m
2026-06-01 16:27:00+00:00,741.0549926757812,741.057373046875,740.969970703125,740.989990234375,12978,QQQ,1m
2026-06-01 16:28:00+00:00,741.02001953125,741.169921875,740.9400024414062,741.0800170898438,23947,QQQ,1m
2026-06-01 16:29:00+00:00,741.0499877929688,741.3099975585938,740.97021484375,741.25,40046,QQQ,1m
2026-06-01 16:30:00+00:00,741.2999877929688,741.5900268554688,741.2999877929688,741.385009765625,81995,QQQ,1m
2026-06-01 16:31:00+00:00,741.4199829101562,741.6099243164062,741.3350219726562,741.594970703125,45309,QQQ,1m
2026-06-01 16:32:00+00:00,741.5700073242188,741.9000244140625,741.489990234375,741.768798828125,89406,QQQ,1m
2026-06-01 16:33:00+00:00,741.75,741.969970703125,741.6599731445312,741.7899780273438,44828,QQQ,1m
2026-06-01 16:34:00+00:00,741.739990234375,741.7899780273438,741.6900024414062,741.7200927734375,27377,QQQ,1m
2026-06-01 16:35:00+00:00,741.719970703125,741.869873046875,741.7100219726562,741.8599853515625,49329,QQQ,1m
2026-06-01 16:36:00+00:00,741.8399047851562,741.9299926757812,741.489990234375,741.489990234375,70989,QQQ,1m
2026-06-01 16:37:00+00:00,741.5,741.780029296875,741.4400024414062,741.780029296875,43576,QQQ,1m
2026-06-01 16:38:00+00:00,741.760009765625,741.9550170898438,741.7349853515625,741.9400024414062,29959,QQQ,1m
2026-06-01 16:39:00+00:00,741.9600219726562,741.9600219726562,741.7899780273438,741.8499755859375,23217,QQQ,1m
2026-06-01 16:40:00+00:00,741.8699951171875,741.9299926757812,741.8300170898438,741.8300170898438,15733,QQQ,1m
2026-06-01 16:41:00+00:00,741.7999877929688,741.8099975585938,741.6199951171875,741.739990234375,36903,QQQ,1m
2026-06-01 16:42:00+00:00,741.6699829101562,741.7100219726562,741.5700073242188,741.6719970703125,25562,QQQ,1m
2026-06-01 16:43:00+00:00,741.6895141601562,741.7000122070312,741.5800170898438,741.6099853515625,126053,QQQ,1m
2026-06-01 16:44:00+00:00,741.5999755859375,741.760009765625,741.5399780273438,741.5399780273438,22219,QQQ,1m
2026-06-01 16:45:00+00:00,741.5499877929688,741.5800170898438,741.2100219726562,741.22998046875,40935,QQQ,1m
2026-06-01 16:46:00+00:00,741.22998046875,741.3300170898438,741.18701171875,741.3109130859375,17841,QQQ,1m
2026-06-01 16:47:00+00:00,741.2899780273438,741.5900268554688,741.2899780273438,741.47998046875,19919,QQQ,1m
2026-06-01 16:48:00+00:00,741.510009765625,741.5999755859375,741.4299926757812,741.4299926757812,19700,QQQ,1m
2026-06-01 16:49:00+00:00,741.4099731445312,741.6199951171875,741.3300170898438,741.5900268554688,24683,QQQ,1m
2026-06-01 16:50:00+00:00,741.5800170898438,741.7999877929688,741.5499877929688,741.7999877929688,35893,QQQ,1m
2026-06-01 16:51:00+00:00,741.7999877929688,742.0695190429688,741.7999877929688,742.0349731445312,61832,QQQ,1m
2026-06-01 16:52:00+00:00,742.0499877929688,742.3800048828125,742.030029296875,742.3400268554688,79451,QQQ,1m
2026-06-01 16:53:00+00:00,742.344970703125,742.7899169921875,742.344970703125,742.530029296875,129127,QQQ,1m
2026-06-01 16:54:00+00:00,742.510009765625,742.7899780273438,742.4199829101562,742.7429809570312,51393,QQQ,1m
2026-06-01 16:55:00+00:00,742.7481079101562,743.02001953125,742.7100830078125,742.8200073242188,81697,QQQ,1m
2026-06-01 16:56:00+00:00,742.7899780273438,742.9199829101562,742.72998046875,742.8599853515625,48013,QQQ,1m
2026-06-01 16:57:00+00:00,742.8905029296875,742.97998046875,742.719970703125,742.7860107421875,111052,QQQ,1m
2026-06-01 16:58:00+00:00,742.8200073242188,742.8300170898438,742.6298828125,742.780029296875,31611,QQQ,1m
2026-06-01 16:59:00+00:00,742.7999877929688,743.010009765625,742.780029296875,742.9500122070312,29530,QQQ,1m
2026-06-01 17:00:00+00:00,742.9500122070312,743.0394897460938,742.75,742.9400024414062,46505,QQQ,1m
2026-06-01 17:01:00+00:00,742.9199829101562,742.9199829101562,742.5698852539062,742.6699829101562,58918,QQQ,1m
2026-06-01 17:02:00+00:00,742.655029296875,742.760009765625,742.5750122070312,742.6199951171875,15213,QQQ,1m
2026-06-01 17:03:00+00:00,742.6400146484375,742.6599731445312,742.22998046875,742.260009765625,53179,QQQ,1m
2026-06-01 17:04:00+00:00,742.260009765625,742.4299926757812,742.1500244140625,742.1500244140625,55571,QQQ,1m
2026-06-01 17:05:00+00:00,742.1649780273438,742.385009765625,742.1599731445312,742.3499755859375,21680,QQQ,1m
2026-06-01 17:06:00+00:00,742.35009765625,742.4099731445312,742.1036987304688,742.1199951171875,59795,QQQ,1m
2026-06-01 17:07:00+00:00,742.1063232421875,742.259521484375,742.0599975585938,742.239990234375,24553,QQQ,1m
2026-06-01 17:08:00+00:00,742.2301025390625,742.2301025390625,741.9299926757812,742.1199951171875,32804,QQQ,1m
2026-06-01 17:09:00+00:00,742.1300048828125,742.1300048828125,741.8699951171875,741.9500122070312,33232,QQQ,1m
2026-06-01 17:10:00+00:00,741.97998046875,742.1799926757812,741.969970703125,742.0827026367188,17234,QQQ,1m
2026-06-01 17:11:00+00:00,742.0599975585938,742.1900024414062,742.0599975585938,742.0599975585938,22087,QQQ,1m
2026-06-01 17:12:00+00:00,742.0549926757812,742.3200073242188,742.0499877929688,742.2999877929688,23178,QQQ,1m
2026-06-01 17:13:00+00:00,742.2999877929688,742.3900146484375,742.219970703125,742.3200073242188,24709,QQQ,1m
2026-06-01 17:14:00+00:00,742.3150024414062,742.3599853515625,742.0999755859375,742.2199096679688,24058,QQQ,1m
2026-06-01 17:15:00+00:00,742.2150268554688,742.4400024414062,742.1492919921875,742.4149780273438,26310,QQQ,1m
2026-06-01 17:16:00+00:00,742.4099731445312,742.4099731445312,742.25,742.260009765625,13488,QQQ,1m
2026-06-01 17:17:00+00:00,742.280029296875,742.3400268554688,742.1799926757812,742.1951904296875,47998,QQQ,1m
2026-06-01 17:18:00+00:00,742.1599731445312,742.1599731445312,741.9650268554688,741.9949951171875,18267,QQQ,1m
2026-06-01 17:19:00+00:00,741.9949951171875,742.0800170898438,741.9299926757812,742.0499267578125,18496,QQQ,1m
2026-06-01 17:20:00+00:00,742.0599975585938,742.3400268554688,741.9500122070312,742.3300170898438,84245,QQQ,1m
2026-06-01 17:21:00+00:00,742.3150024414062,742.469970703125,742.280029296875,742.4149780273438,43403,QQQ,1m
2026-06-01 17:22:00+00:00,742.4099731445312,742.469970703125,742.3150024414062,742.4099731445312,23448,QQQ,1m
2026-06-01 17:23:00+00:00,742.4000244140625,742.5,742.3699951171875,742.4299926757812,21989,QQQ,1m
2026-06-01 17:24:00+00:00,742.4099731445312,742.4299926757812,742.1799926757812,742.3699951171875,25571,QQQ,1m
2026-06-01 17:25:00+00:00,742.3800048828125,742.4199829101562,742.1599731445312,742.2100219726562,18623,QQQ,1m
2026-06-01 17:26:00+00:00,742.219970703125,742.4600219726562,742.219970703125,742.392578125,18343,QQQ,1m
2026-06-01 17:27:00+00:00,742.385009765625,742.4199829101562,742.3499755859375,742.3800048828125,19883,QQQ,1m
2026-06-01 17:28:00+00:00,742.3101196289062,742.3599853515625,742.260009765625,742.3200073242188,16048,QQQ,1m
2026-06-01 17:29:00+00:00,742.3170166015625,743.47998046875,742.280029296875,743.4099731445312,138006,QQQ,1m
2026-06-01 17:30:00+00:00,743.489990234375,743.8499755859375,743.0921020507812,743.6699829101562,174541,QQQ,1m
2026-06-01 17:31:00+00:00,743.6599731445312,743.8099975585938,743.280029296875,743.469970703125,76501,QQQ,1m
2026-06-01 17:32:00+00:00,743.4299926757812,743.4299926757812,742.8699951171875,742.9500122070312,87132,QQQ,1m
2026-06-01 17:33:00+00:00,742.9550170898438,743.030029296875,742.75,742.7800903320312,34909,QQQ,1m
2026-06-01 17:34:00+00:00,742.7949829101562,742.9199829101562,742.6799926757812,742.8400268554688,31423,QQQ,1m
2026-06-01 17:35:00+00:00,742.8499755859375,742.9199829101562,742.6699829101562,742.9199829101562,36861,QQQ,1m
2026-06-01 17:36:00+00:00,742.9400024414062,743.0999755859375,742.9400024414062,742.9600219726562,31882,QQQ,1m
2026-06-01 17:37:00+00:00,742.9600219726562,743.3438720703125,742.9600219726562,743.2999877929688,61525,QQQ,1m
2026-06-01 17:38:00+00:00,743.3150024414062,743.4600219726562,743.2894287109375,743.4349975585938,32390,QQQ,1m
2026-06-01 17:39:00+00:00,743.4400024414062,743.489990234375,743.3300170898438,743.35009765625,19452,QQQ,1m
2026-06-01 17:40:00+00:00,743.35498046875,743.9299926757812,743.25,743.8170166015625,124828,QQQ,1m
2026-06-01 17:41:00+00:00,743.7650146484375,743.780029296875,743.5999755859375,743.6599731445312,27355,QQQ,1m
2026-06-01 17:42:00+00:00,743.6900024414062,744.0700073242188,743.6300048828125,744.0599975585938,68658,QQQ,1m
2026-06-01 17:43:00+00:00,744.0399780273438,745.5399780273438,743.9500122070312,744.375,386908,QQQ,1m
2026-06-01 17:44:00+00:00,744.3200073242188,744.9500122070312,744.2828979492188,744.6400146484375,160341,QQQ,1m
2026-06-01 17:45:00+00:00,744.6599731445312,744.9199829101562,744.6400146484375,744.875,168883,QQQ,1m
2026-06-01 17:46:00+00:00,744.8699951171875,745.3599853515625,744.8599853515625,745.3001098632812,164879,QQQ,1m
2026-06-01 17:47:00+00:00,745.2899780273438,745.4099731445312,745.0850219726562,745.2999877929688,170625,QQQ,1m
2026-06-01 17:48:00+00:00,745.2999267578125,745.3250122070312,744.9949951171875,745.0,209931,QQQ,1m
2026-06-01 17:49:00+00:00,745.010009765625,745.156005859375,744.9500122070312,745.1400146484375,67098,QQQ,1m
2026-06-01 17:50:00+00:00,745.14990234375,745.2899780273438,745.0598754882812,745.27001953125,93952,QQQ,1m
2026-06-01 17:51:00+00:00,745.280029296875,745.4500122070312,745.1699829101562,745.219970703125,98883,QQQ,1m
2026-06-01 17:52:00+00:00,745.2100219726562,745.3800048828125,745.184814453125,745.3599853515625,99378,QQQ,1m
2026-06-01 17:53:00+00:00,745.3499755859375,745.5999755859375,745.2999877929688,745.5349731445312,252288,QQQ,1m
2026-06-01 17:54:00+00:00,745.5399780273438,745.6400146484375,745.4500122070312,745.5599975585938,191050,QQQ,1m
2026-06-01 17:55:00+00:00,745.5700073242188,745.5900268554688,745.4600219726562,745.5499877929688,156974,QQQ,1m
2026-06-01 17:56:00+00:00,745.5599975585938,745.5599975585938,745.3699951171875,745.489990234375,63466,QQQ,1m
2026-06-01 17:57:00+00:00,745.4650268554688,745.489990234375,745.1599731445312,745.1599731445312,41908,QQQ,1m
2026-06-01 17:58:00+00:00,745.155029296875,745.159912109375,745.0150146484375,745.0501098632812,39702,QQQ,1m
2026-06-01 17:59:00+00:00,745.0,745.22998046875,744.9099731445312,745.0900268554688,84854,QQQ,1m
2026-06-01 18:00:00+00:00,745.09912109375,745.1500244140625,744.9749755859375,745.0700073242188,40879,QQQ,1m
2026-06-01 18:01:00+00:00,745.1026000976562,745.1799926757812,744.9837036132812,745.0900268554688,46656,QQQ,1m
2026-06-01 18:02:00+00:00,745.1300048828125,745.1300048828125,744.9500122070312,745.1300048828125,75605,QQQ,1m
2026-06-01 18:03:00+00:00,745.1300048828125,745.1799926757812,745.0,745.0999755859375,25354,QQQ,1m
2026-06-01 18:04:00+00:00,745.14501953125,745.1500244140625,744.969970703125,745.0150146484375,19435,QQQ,1m
2026-06-01 18:05:00+00:00,745.010009765625,745.0999755859375,744.8800048828125,744.9047241210938,93717,QQQ,1m
2026-06-01 18:06:00+00:00,744.9099731445312,745.010009765625,744.9099731445312,744.9450073242188,24813,QQQ,1m
2026-06-01 18:07:00+00:00,744.9500122070312,745.0289916992188,744.8400268554688,744.8400268554688,33039,QQQ,1m
2026-06-01 18:08:00+00:00,744.8599853515625,744.8699951171875,744.7100219726562,744.75,70145,QQQ,1m
2026-06-01 18:09:00+00:00,744.75,744.9099731445312,744.6801147460938,744.8699951171875,33280,QQQ,1m
2026-06-01 18:10:00+00:00,744.8300170898438,744.9400024414062,744.72998046875,744.7473754882812,65326,QQQ,1m
2026-06-01 18:11:00+00:00,744.75,744.7999877929688,744.5499877929688,744.5900268554688,35004,QQQ,1m
2026-06-01 18:12:00+00:00,744.5900268554688,744.5900268554688,744.3499755859375,744.3499755859375,53907,QQQ,1m
2026-06-01 18:13:00+00:00,744.3400268554688,744.3800048828125,744.1699829101562,744.2000122070312,42409,QQQ,1m
2026-06-01 18:14:00+00:00,744.2000122070312,744.280029296875,744.1300048828125,744.22998046875,30821,QQQ,1m
2026-06-01 18:15:00+00:00,744.239990234375,744.3200073242188,744.0700073242188,744.1749877929688,27676,QQQ,1m
2026-06-01 18:16:00+00:00,744.1599731445312,744.2999877929688,744.0999755859375,744.1099853515625,38518,QQQ,1m
2026-06-01 18:17:00+00:00,744.094970703125,744.280029296875,744.0700073242188,744.27001953125,21519,QQQ,1m
2026-06-01 18:18:00+00:00,744.260009765625,744.52001953125,744.2506713867188,744.47998046875,52190,QQQ,1m
2026-06-01 18:19:00+00:00,744.4822998046875,744.5800170898438,744.4400024414062,744.530029296875,33121,QQQ,1m
2026-06-01 18:20:00+00:00,744.5349731445312,744.7000122070312,744.5,744.6400146484375,27538,QQQ,1m
2026-06-01 18:21:00+00:00,744.64501953125,744.739990234375,744.52001953125,744.5900268554688,34804,QQQ,1m
2026-06-01 18:22:00+00:00,744.5800170898438,744.6400146484375,744.4550170898438,744.52001953125,27827,QQQ,1m
2026-06-01 18:23:00+00:00,744.510009765625,744.572509765625,744.510009765625,744.52001953125,17573,QQQ,1m
2026-06-01 18:24:00+00:00,744.5449829101562,744.5700073242188,744.469970703125,744.530029296875,22461,QQQ,1m
2026-06-01 18:25:00+00:00,744.5449829101562,744.5599975585938,744.364990234375,744.4000244140625,29479,QQQ,1m
2026-06-01 18:26:00+00:00,744.4299926757812,744.4699096679688,744.3300170898438,744.3306884765625,20185,QQQ,1m
2026-06-01 18:27:00+00:00,744.3400268554688,744.5999755859375,744.3300170898438,744.580078125,0,QQQ,1m
2026-06-01 18:28:00+00:00,744.5999755859375,744.6300048828125,744.4500122070312,744.5399780273438,16759,QQQ,1m
2026-06-01 18:29:00+00:00,744.5449829101562,744.5850219726562,744.47998046875,744.5399780273438,13301,QQQ,1m
2026-06-01 18:30:00+00:00,744.530029296875,744.5499877929688,744.3499755859375,744.3599853515625,75996,QQQ,1m
2026-06-01 18:31:00+00:00,744.3599853515625,744.3800048828125,744.2100219726562,744.260498046875,27076,QQQ,1m
2026-06-01 18:32:00+00:00,744.2899780273438,744.3300170898438,744.2100219726562,744.3101196289062,10246,QQQ,1m
2026-06-01 18:33:00+00:00,744.3150024414062,744.47998046875,744.260009765625,744.4600219726562,12854,QQQ,1m
2026-06-01 18:34:00+00:00,744.4500122070312,744.6798706054688,744.4500122070312,744.625,31968,QQQ,1m
2026-06-01 18:35:00+00:00,744.625,744.7075805664062,744.530029296875,744.5465087890625,19349,QQQ,1m
2026-06-01 18:36:00+00:00,744.5499877929688,744.6596069335938,744.510009765625,744.625,26050,QQQ,1m
2026-06-01 18:37:00+00:00,744.5999755859375,744.6400146484375,744.510009765625,744.5800170898438,77833,QQQ,1m
2026-06-01 18:38:00+00:00,744.5700073242188,744.5900268554688,744.25,744.260009765625,84180,QQQ,1m
2026-06-01 18:39:00+00:00,744.260009765625,744.2999877929688,744.2100219726562,744.280029296875,28263,QQQ,1m
2026-06-01 18:40:00+00:00,744.2999877929688,744.4500122070312,744.27001953125,744.389892578125,23267,QQQ,1m
2026-06-01 18:41:00+00:00,744.3599853515625,744.4000244140625,744.2224731445312,744.280029296875,35288,QQQ,1m
2026-06-01 18:42:00+00:00,744.2750244140625,744.3099975585938,744.1611938476562,744.239990234375,15957,QQQ,1m
2026-06-01 18:43:00+00:00,744.2501220703125,744.3593139648438,744.1699829101562,744.3477783203125,14820,QQQ,1m
2026-06-01 18:44:00+00:00,744.3699951171875,744.4500122070312,744.3201293945312,744.4299926757812,15382,QQQ,1m
2026-06-01 18:45:00+00:00,744.4299926757812,744.4400024414062,744.2100219726562,744.2100219726562,13783,QQQ,1m
2026-06-01 18:46:00+00:00,744.2169799804688,744.333984375,744.14501953125,744.260009765625,23581,QQQ,1m
2026-06-01 18:47:00+00:00,744.2675170898438,744.2799072265625,744.1699829101562,744.1900024414062,14228,QQQ,1m
2026-06-01 18:48:00+00:00,744.1799926757812,744.2675170898438,744.0701293945312,744.0800170898438,17894,QQQ,1m
2026-06-01 18:49:00+00:00,744.0875244140625,744.1799926757812,743.9119873046875,743.9749755859375,45857,QQQ,1m
2026-06-01 18:50:00+00:00,743.969970703125,744.030029296875,743.780029296875,743.8900146484375,31552,QQQ,1m
2026-06-01 18:51:00+00:00,743.885009765625,743.97998046875,743.885009765625,743.9019775390625,18396,QQQ,1m
2026-06-01 18:52:00+00:00,743.9105224609375,743.9105224609375,743.77001953125,743.8099975585938,33546,QQQ,1m
2026-06-01 18:53:00+00:00,743.8150024414062,744.1099853515625,743.8099975585938,744.02001953125,37936,QQQ,1m
2026-06-01 18:54:00+00:00,743.989990234375,744.0999755859375,743.969970703125,744.0499877929688,23158,QQQ,1m
2026-06-01 18:55:00+00:00,744.030029296875,744.1099243164062,744.030029296875,744.1099243164062,25014,QQQ,1m
2026-06-01 18:56:00+00:00,744.1199951171875,744.2150268554688,744.0999755859375,744.1199951171875,34190,QQQ,1m
2026-06-01 18:57:00+00:00,744.1669921875,744.3800048828125,744.0800170898438,744.3699951171875,19643,QQQ,1m
2026-06-01 18:58:00+00:00,744.3599243164062,744.4600219726562,744.25,744.2999877929688,39452,QQQ,1m
2026-06-01 18:59:00+00:00,744.3200073242188,744.3200073242188,743.9400024414062,743.969970703125,32226,QQQ,1m
2026-06-01 19:00:00+00:00,743.9500122070312,744.0399780273438,743.719970703125,743.7999877929688,45826,QQQ,1m
2026-06-01 19:01:00+00:00,743.780029296875,744.1510009765625,743.77001953125,743.97998046875,47000,QQQ,1m
2026-06-01 19:02:00+00:00,743.969970703125,744.14501953125,743.905029296875,744.14501953125,106897,QQQ,1m
2026-06-01 19:03:00+00:00,744.1400146484375,744.2000122070312,743.85009765625,744.169921875,60223,QQQ,1m
2026-06-01 19:04:00+00:00,744.1300048828125,744.3699951171875,744.1199951171875,744.3350219726562,26966,QQQ,1m
2026-06-01 19:05:00+00:00,744.330078125,744.3823852539062,744.2100219726562,744.364990234375,29150,QQQ,1m
2026-06-01 19:06:00+00:00,744.3800048828125,744.3800048828125,744.219970703125,744.2999877929688,78032,QQQ,1m
2026-06-01 19:07:00+00:00,744.2999877929688,744.2999877929688,743.9000244140625,744.0499877929688,48881,QQQ,1m
2026-06-01 19:08:00+00:00,744.0250244140625,744.0800170898438,743.9400024414062,744.0250244140625,21029,QQQ,1m
2026-06-01 19:09:00+00:00,744.030029296875,744.280029296875,744.022705078125,744.280029296875,24707,QQQ,1m
2026-06-01 19:10:00+00:00,744.25,744.369873046875,744.0811767578125,744.369873046875,32406,QQQ,1m
2026-06-01 19:11:00+00:00,744.3699951171875,744.530029296875,744.3300170898438,744.4199829101562,29647,QQQ,1m
2026-06-01 19:12:00+00:00,744.4199829101562,744.489990234375,744.2899780273438,744.375,54331,QQQ,1m
2026-06-01 19:13:00+00:00,744.3699951171875,744.4349975585938,744.1799926757812,744.2000122070312,27056,QQQ,1m
2026-06-01 19:14:00+00:00,744.1801147460938,744.3699951171875,744.1199951171875,744.1500244140625,31548,QQQ,1m
2026-06-01 19:15:00+00:00,744.1400146484375,744.1799926757812,744.0,744.0,45613,QQQ,1m
2026-06-01 19:16:00+00:00,744.0,744.1799926757812,743.9500122070312,744.030029296875,37087,QQQ,1m
2026-06-01 19:17:00+00:00,743.9700927734375,744.0,743.8599853515625,743.989990234375,98316,QQQ,1m
2026-06-01 19:18:00+00:00,744.02001953125,744.1400146484375,743.9746704101562,744.0,24063,QQQ,1m
2026-06-01 19:19:00+00:00,744.0098876953125,744.0750122070312,743.9400024414062,743.9600219726562,40077,QQQ,1m
2026-06-01 19:20:00+00:00,743.9598999023438,744.010009765625,743.8900146484375,743.8900146484375,27869,QQQ,1m
2026-06-01 19:21:00+00:00,743.9000244140625,744.0449829101562,743.8499755859375,744.0449829101562,26672,QQQ,1m
2026-06-01 19:22:00+00:00,744.0399780273438,744.0599975585938,743.8900146484375,743.9000244140625,36126,QQQ,1m
2026-06-01 19:23:00+00:00,743.9299926757812,744.0100708007812,743.8400268554688,743.8400268554688,1319273,QQQ,1m
2026-06-01 19:24:00+00:00,743.85498046875,744.0009765625,743.8200073242188,743.9600219726562,32794,QQQ,1m
2026-06-01 19:25:00+00:00,743.9749755859375,743.989990234375,743.8900146484375,743.9600219726562,18007,QQQ,1m
2026-06-01 19:26:00+00:00,743.9650268554688,744.02001953125,743.8499755859375,743.964599609375,22427,QQQ,1m
2026-06-01 19:27:00+00:00,744.02001953125,744.1199951171875,744.02001953125,744.0900268554688,37251,QQQ,1m
2026-06-01 19:28:00+00:00,744.0999755859375,744.14990234375,744.0599975585938,744.1300048828125,82194,QQQ,1m
2026-06-01 19:29:00+00:00,744.125,744.1599731445312,743.969970703125,744.0,19132,QQQ,1m
2026-06-01 19:30:00+00:00,744.0,744.0020141601562,743.7999877929688,743.8098754882812,45718,QQQ,1m
2026-06-01 19:31:00+00:00,743.8049926757812,743.85498046875,743.5698852539062,743.5753784179688,83012,QQQ,1m
2026-06-01 19:32:00+00:00,743.5800170898438,743.72998046875,743.469970703125,743.6500244140625,60904,QQQ,1m
2026-06-01 19:33:00+00:00,743.6500244140625,743.7000122070312,743.5499877929688,743.5700073242188,63576,QQQ,1m
2026-06-01 19:34:00+00:00,743.510009765625,743.5499877929688,743.27001953125,743.2999877929688,52368,QQQ,1m
2026-06-01 19:35:00+00:00,743.3049926757812,743.4299926757812,743.1799926757812,743.1900024414062,60279,QQQ,1m
2026-06-01 19:36:00+00:00,743.2000122070312,743.2650146484375,743.0499877929688,743.1099853515625,76616,QQQ,1m
2026-06-01 19:37:00+00:00,743.1099853515625,743.2150268554688,743.030029296875,743.0599975585938,42105,QQQ,1m
2026-06-01 19:38:00+00:00,743.0501098632812,743.3244018554688,743.0449829101562,743.3200073242188,48715,QQQ,1m
2026-06-01 19:39:00+00:00,743.3206176757812,743.4298706054688,743.2700805664062,743.3800048828125,75535,QQQ,1m
2026-06-01 19:40:00+00:00,743.35498046875,743.3599853515625,743.1500244140625,743.27001953125,97607,QQQ,1m
2026-06-01 19:41:00+00:00,743.2849731445312,743.3350219726562,743.1300048828125,743.14501953125,30730,QQQ,1m
2026-06-01 19:42:00+00:00,743.1599731445312,743.3300170898438,743.0800170898438,743.1400146484375,57871,QQQ,1m
2026-06-01 19:43:00+00:00,743.1384887695312,743.1799926757812,743.0599975585938,743.1599731445312,91476,QQQ,1m
2026-06-01 19:44:00+00:00,743.1400146484375,743.239990234375,743.0601196289062,743.1500244140625,61339,QQQ,1m
2026-06-01 19:45:00+00:00,743.1400146484375,743.260009765625,742.9600219726562,743.030029296875,105999,QQQ,1m
2026-06-01 19:46:00+00:00,743.0261840820312,743.2899780273438,742.9500122070312,742.969970703125,71509,QQQ,1m
2026-06-01 19:47:00+00:00,742.969970703125,743.0841064453125,742.9199829101562,742.989990234375,85284,QQQ,1m
2026-06-01 19:48:00+00:00,742.989990234375,742.989990234375,742.8200073242188,742.8300170898438,60315,QQQ,1m
2026-06-01 19:49:00+00:00,742.8400268554688,742.9199829101562,742.739990234375,742.7849731445312,159287,QQQ,1m
2026-06-01 19:50:00+00:00,742.7999877929688,742.969970703125,742.469970703125,742.56982421875,269043,QQQ,1m
2026-06-01 19:51:00+00:00,742.5700073242188,742.760009765625,742.5499877929688,742.7100219726562,278867,QQQ,1m
2026-06-01 19:52:00+00:00,742.72998046875,742.8300170898438,742.6199951171875,742.6599731445312,152515,QQQ,1m
2026-06-01 19:53:00+00:00,742.6799926757812,742.8900146484375,742.6699829101562,742.8300170898438,100285,QQQ,1m
2026-06-01 19:54:00+00:00,742.8300170898438,743.0700073242188,742.6099853515625,742.6900024414062,215913,QQQ,1m
2026-06-01 19:55:00+00:00,742.719970703125,742.77001953125,742.469970703125,742.510009765625,163381,QQQ,1m
2026-06-01 19:56:00+00:00,742.510009765625,742.5245971679688,742.3499755859375,742.4749755859375,152989,QQQ,1m
2026-06-01 19:57:00+00:00,742.469970703125,742.4849853515625,742.3400268554688,742.4400024414062,221423,QQQ,1m
2026-06-01 19:58:00+00:00,742.4299926757812,742.5,742.35498046875,742.4500122070312,250371,QQQ,1m
2026-06-01 19:59:00+00:00,742.4600219726562,742.760009765625,742.4500122070312,742.6900024414062,337382,QQQ,1m
2026-06-02 13:30:00+00:00,742.4600219726562,742.6599731445312,741.0499877929688,741.2000122070312,1495722,QQQ,1m
2026-06-02 13:31:00+00:00,741.1400146484375,741.5999755859375,740.8300170898438,741.3900146484375,134520,QQQ,1m
2026-06-02 13:32:00+00:00,741.4099731445312,741.8099975585938,740.7000122070312,740.9299926757812,137969,QQQ,1m
2026-06-02 13:33:00+00:00,740.9000244140625,741.25,740.6400146484375,740.8200073242188,106950,QQQ,1m
2026-06-02 13:34:00+00:00,740.7949829101562,740.9099731445312,740.3300170898438,740.5700073242188,92840,QQQ,1m
2026-06-02 13:35:00+00:00,740.52001953125,740.8284912109375,739.989990234375,740.0999755859375,148481,QQQ,1m
2026-06-02 13:36:00+00:00,740.030029296875,740.72998046875,740.0,740.5999755859375,118558,QQQ,1m
2026-06-02 13:37:00+00:00,740.5700073242188,740.6500244140625,740.0,740.2150268554688,175086,QQQ,1m
2026-06-02 13:38:00+00:00,740.219970703125,740.530029296875,739.9600219726562,740.3200073242188,143239,QQQ,1m
2026-06-02 13:39:00+00:00,740.2899780273438,740.5499877929688,740.1500244140625,740.2100830078125,289886,QQQ,1m
2026-06-02 13:40:00+00:00,740.239990234375,740.25,739.530029296875,739.8599853515625,365136,QQQ,1m
2026-06-02 13:41:00+00:00,739.8599853515625,740.2999877929688,739.22998046875,740.219970703125,558646,QQQ,1m
2026-06-02 13:42:00+00:00,740.2239990234375,740.5399780273438,739.9600219726562,740.510009765625,125968,QQQ,1m
2026-06-02 13:43:00+00:00,740.5800170898438,740.760009765625,740.4000244140625,740.7000122070312,133929,QQQ,1m
2026-06-02 13:44:00+00:00,740.7100219726562,741.1799926757812,740.469970703125,741.155029296875,93643,QQQ,1m
2026-06-02 13:45:00+00:00,741.1199951171875,741.5800170898438,741.02001953125,741.27001953125,219307,QQQ,1m
2026-06-02 13:46:00+00:00,741.2899780273438,741.72998046875,741.030029296875,741.6950073242188,142216,QQQ,1m
2026-06-02 13:47:00+00:00,741.719970703125,741.8900146484375,741.4500122070312,741.7913208007812,77108,QQQ,1m
2026-06-02 13:48:00+00:00,741.77001953125,742.1699829101562,741.77001953125,741.9500122070312,113172,QQQ,1m
2026-06-02 13:49:00+00:00,741.969970703125,742.3099975585938,741.7999877929688,742.3099975585938,65937,QQQ,1m
2026-06-02 13:50:00+00:00,742.3099975585938,742.6799926757812,742.0800170898438,742.5601196289062,102292,QQQ,1m
2026-06-02 13:51:00+00:00,742.5,742.5911865234375,742.1900024414062,742.5700073242188,76902,QQQ,1m
2026-06-02 13:52:00+00:00,742.5,742.6699829101562,742.3619995117188,742.52001953125,95348,QQQ,1m
2026-06-02 13:53:00+00:00,742.5399780273438,743.1199951171875,742.5360717773438,742.9299926757812,130480,QQQ,1m
2026-06-02 13:54:00+00:00,742.9199829101562,743.0,742.3499755859375,742.5250244140625,248002,QQQ,1m
2026-06-02 13:55:00+00:00,742.5250244140625,742.6599731445312,741.9500122070312,742.010009765625,108661,QQQ,1m
2026-06-02 13:56:00+00:00,742.010009765625,742.6900024414062,741.9199829101562,742.5449829101562,71291,QQQ,1m
2026-06-02 13:57:00+00:00,742.5601196289062,742.9298706054688,742.260009765625,742.9099731445312,97886,QQQ,1m
2026-06-02 13:58:00+00:00,742.9119873046875,743.4299926757812,742.6400146484375,743.239990234375,112833,QQQ,1m
2026-06-02 13:59:00+00:00,743.22998046875,743.5999755859375,743.094970703125,743.52001953125,108855,QQQ,1m
2026-06-02 14:00:00+00:00,743.5399780273438,743.7000122070312,742.989990234375,743.5,286666,QQQ,1m
2026-06-02 14:01:00+00:00,743.4949951171875,743.4949951171875,743.0800170898438,743.22998046875,170912,QQQ,1m
2026-06-02 14:02:00+00:00,743.2000122070312,743.3699951171875,742.8499755859375,742.969970703125,76633,QQQ,1m
2026-06-02 14:03:00+00:00,742.9786987304688,743.1900024414062,742.7659912109375,743.1699829101562,47943,QQQ,1m
2026-06-02 14:04:00+00:00,743.1500244140625,743.6370239257812,743.1300048828125,743.619873046875,55545,QQQ,1m
2026-06-02 14:05:00+00:00,743.6400146484375,743.719970703125,743.3400268554688,743.5800170898438,80862,QQQ,1m
2026-06-02 14:06:00+00:00,743.5650024414062,744.02001953125,743.47998046875,743.9000244140625,111146,QQQ,1m
2026-06-02 14:07:00+00:00,743.9199829101562,744.0645751953125,743.5800170898438,743.5800170898438,71923,QQQ,1m
2026-06-02 14:08:00+00:00,743.5999755859375,744.010009765625,743.5800170898438,743.8250122070312,93847,QQQ,1m
2026-06-02 14:09:00+00:00,743.8300170898438,743.97998046875,743.719970703125,743.8200073242188,63330,QQQ,1m
2026-06-02 14:10:00+00:00,743.8200073242188,743.97998046875,743.6599731445312,743.6900024414062,57873,QQQ,1m
2026-06-02 14:11:00+00:00,743.6799926757812,744.0700073242188,743.4299926757812,744.0399780273438,125048,QQQ,1m
2026-06-02 14:12:00+00:00,744.0700073242188,744.52001953125,744.0106811523438,744.52001953125,134403,QQQ,1m
2026-06-02 14:13:00+00:00,744.5050048828125,744.6599731445312,744.45947265625,744.5999755859375,162898,QQQ,1m
2026-06-02 14:14:00+00:00,744.5800170898438,744.5900268554688,744.2000732421875,744.3200073242188,58813,QQQ,1m
2026-06-02 14:15:00+00:00,744.3499755859375,744.3599853515625,744.0999755859375,744.1599731445312,143630,QQQ,1m
2026-06-02 14:16:00+00:00,744.1599731445312,744.1599731445312,743.77001953125,743.7949829101562,146577,QQQ,1m
2026-06-02 14:17:00+00:00,743.7899780273438,743.8200073242188,743.5700073242188,743.7349853515625,47461,QQQ,1m
2026-06-02 14:18:00+00:00,743.780029296875,744.0599975585938,743.719970703125,743.969970703125,69885,QQQ,1m
2026-06-02 14:19:00+00:00,744.010009765625,744.2000122070312,743.9849853515625,744.1199951171875,53717,QQQ,1m
2026-06-02 14:20:00+00:00,744.1300048828125,744.4000854492188,744.0399780273438,744.1199951171875,63569,QQQ,1m
2026-06-02 14:21:00+00:00,744.159423828125,744.2000122070312,743.614990234375,743.6901245117188,100765,QQQ,1m
2026-06-02 14:22:00+00:00,743.7000122070312,743.8803100585938,743.3300170898438,743.3699951171875,59028,QQQ,1m
2026-06-02 14:23:00+00:00,743.4400024414062,743.4500122070312,743.0499877929688,743.0700073242188,79500,QQQ,1m
2026-06-02 14:24:00+00:00,743.135009765625,743.2299194335938,742.8300170898438,742.9710083007812,109919,QQQ,1m
2026-06-02 14:25:00+00:00,742.9500122070312,743.219970703125,742.6599731445312,742.7390747070312,114014,QQQ,1m
2026-06-02 14:26:00+00:00,742.7000122070312,742.712890625,742.30029296875,742.361083984375,116451,QQQ,1m
2026-06-02 14:27:00+00:00,742.3499755859375,742.3900146484375,742.0800170898438,742.1400146484375,137714,QQQ,1m
2026-06-02 14:28:00+00:00,742.1699829101562,742.4199829101562,741.989990234375,742.3300170898438,120164,QQQ,1m
2026-06-02 14:29:00+00:00,742.3800048828125,742.719970703125,742.27001953125,742.5447998046875,80918,QQQ,1m
2026-06-02 14:30:00+00:00,742.530029296875,742.8400268554688,742.4400024414062,742.5449829101562,129168,QQQ,1m
2026-06-02 14:31:00+00:00,742.5399780273438,743.4000244140625,742.52001953125,743.219970703125,96981,QQQ,1m
2026-06-02 14:32:00+00:00,743.219970703125,743.3800048828125,742.9600219726562,743.3599853515625,100553,QQQ,1m
2026-06-02 14:33:00+00:00,743.3599243164062,743.6300048828125,743.1867065429688,743.5900268554688,74815,QQQ,1m
2026-06-02 14:34:00+00:00,743.6099853515625,743.6699829101562,743.3300170898438,743.4199829101562,147315,QQQ,1m
2026-06-02 14:35:00+00:00,743.4000854492188,743.52001953125,743.2000732421875,743.4400024414062,51465,QQQ,1m
2026-06-02 14:36:00+00:00,743.4299926757812,743.719970703125,743.2000122070312,743.6799926757812,60511,QQQ,1m
2026-06-02 14:37:00+00:00,743.6635131835938,743.8200073242188,743.4000244140625,743.6950073242188,79588,QQQ,1m
2026-06-02 14:38:00+00:00,743.6799926757812,743.7750244140625,743.4199829101562,743.7698974609375,60755,QQQ,1m
2026-06-02 14:39:00+00:00,743.75,743.780029296875,743.47998046875,743.655029296875,41656,QQQ,1m
2026-06-02 14:40:00+00:00,743.6110229492188,743.6110229492188,743.0900268554688,743.14501953125,64493,QQQ,1m
2026-06-02 14:41:00+00:00,743.1599731445312,743.3800048828125,742.989990234375,743.3250122070312,50102,QQQ,1m
2026-06-02 14:42:00+00:00,743.3099975585938,743.60400390625,743.260009765625,743.594970703125,32900,QQQ,1m
2026-06-02 14:43:00+00:00,743.5399780273438,743.9600219726562,743.469970703125,743.8900146484375,50306,QQQ,1m
2026-06-02 14:44:00+00:00,743.8881225585938,744.0999755859375,743.885009765625,744.0800170898438,48265,QQQ,1m
2026-06-02 14:45:00+00:00,744.0999145507812,744.0999145507812,743.9000244140625,744.010009765625,45128,QQQ,1m
2026-06-02 14:46:00+00:00,744.030029296875,744.030029296875,743.77001953125,743.8099975585938,72043,QQQ,1m
2026-06-02 14:47:00+00:00,743.780029296875,744.0499877929688,743.5499877929688,743.7608032226562,78832,QQQ,1m
2026-06-02 14:48:00+00:00,743.6599731445312,743.963623046875,743.6099853515625,743.7039794921875,263882,QQQ,1m
2026-06-02 14:49:00+00:00,743.7672729492188,743.9600219726562,743.5900268554688,743.9199829101562,15013,QQQ,1m
2026-06-02 14:50:00+00:00,743.9600219726562,743.989990234375,743.7598876953125,743.8800048828125,38265,QQQ,1m
2026-06-02 14:51:00+00:00,743.8200073242188,744.0700073242188,743.7999877929688,744.02001953125,33246,QQQ,1m
2026-06-02 14:52:00+00:00,744.030029296875,744.1400146484375,743.8499755859375,744.02001953125,43830,QQQ,1m
2026-06-02 14:53:00+00:00,744.0200805664062,744.3400268554688,743.9429931640625,744.0599975585938,59423,QQQ,1m
2026-06-02 14:54:00+00:00,744.0787963867188,744.2249755859375,743.9199829101562,744.2000122070312,55387,QQQ,1m
2026-06-02 14:55:00+00:00,744.219970703125,744.2402954101562,744.0700073242188,744.1799926757812,50893,QQQ,1m
2026-06-02 14:56:00+00:00,744.1799926757812,744.2899169921875,744.0399780273438,744.1500244140625,83741,QQQ,1m
2026-06-02 14:57:00+00:00,744.1500244140625,744.3900146484375,744.1199951171875,744.3505249023438,76437,QQQ,1m
2026-06-02 14:58:00+00:00,744.3499755859375,744.4199829101562,744.155029296875,744.3150024414062,100679,QQQ,1m
2026-06-02 14:59:00+00:00,744.2999877929688,744.5700073242188,744.2899780273438,744.5399780273438,148887,QQQ,1m
2026-06-02 15:00:00+00:00,744.5499877929688,744.6539916992188,744.2100219726562,744.4251708984375,69216,QQQ,1m
2026-06-02 15:01:00+00:00,744.4130859375,744.7100219726562,744.4130859375,744.5499877929688,64732,QQQ,1m
2026-06-02 15:02:00+00:00,744.5650024414062,744.6400146484375,744.3699951171875,744.5700073242188,70193,QQQ,1m
2026-06-02 15:03:00+00:00,744.5549926757812,744.5549926757812,743.9299926757812,744.010009765625,64146,QQQ,1m
2026-06-02 15:04:00+00:00,744.1599731445312,744.2000122070312,744.010009765625,744.14990234375,52975,QQQ,1m
2026-06-02 15:05:00+00:00,744.1099853515625,744.1500244140625,743.8599853515625,743.9500122070312,57760,QQQ,1m
2026-06-02 15:06:00+00:00,743.9299926757812,744.1900024414062,743.7899780273438,744.1699829101562,49262,QQQ,1m
2026-06-02 15:07:00+00:00,744.2000122070312,744.6400146484375,744.1099853515625,744.6400146484375,39453,QQQ,1m
2026-06-02 15:08:00+00:00,744.5999755859375,744.8699951171875,744.5189819335938,744.8300170898438,73975,QQQ,1m
2026-06-02 15:09:00+00:00,744.8300170898438,744.8900146484375,744.760009765625,744.8200073242188,62214,QQQ,1m
2026-06-02 15:10:00+00:00,744.8300170898438,744.9000244140625,744.6900024414062,744.77587890625,48832,QQQ,1m
2026-06-02 15:11:00+00:00,744.780029296875,744.9099731445312,744.7000122070312,744.77001953125,29943,QQQ,1m
2026-06-02 15:12:00+00:00,744.7550048828125,744.77001953125,744.469970703125,744.489990234375,69148,QQQ,1m
2026-06-02 15:13:00+00:00,744.4835815429688,744.75,744.4835815429688,744.7100219726562,32650,QQQ,1m
2026-06-02 15:14:00+00:00,744.7200927734375,745.1099853515625,744.7200927734375,745.10498046875,90727,QQQ,1m
2026-06-02 15:15:00+00:00,745.1199951171875,745.1900024414062,745.02001953125,745.1077270507812,102465,QQQ,1m
2026-06-02 15:16:00+00:00,745.1099853515625,745.280029296875,745.08740234375,745.0900268554688,102723,QQQ,1m
2026-06-02 15:17:00+00:00,745.1099853515625,745.2100219726562,745.02001953125,745.1799926757812,38415,QQQ,1m
2026-06-02 15:18:00+00:00,745.1500244140625,745.2050170898438,745.0,745.0750122070312,56863,QQQ,1m
2026-06-02 15:19:00+00:00,745.0599975585938,745.22998046875,745.0399780273438,745.2100219726562,91113,QQQ,1m
2026-06-02 15:20:00+00:00,745.1699829101562,745.3300170898438,745.0,745.239990234375,244359,QQQ,1m
2026-06-02 15:21:00+00:00,745.27001953125,745.3699951171875,745.22998046875,745.27001953125,150555,QQQ,1m
2026-06-02 15:22:00+00:00,745.27001953125,745.344970703125,745.2100219726562,745.3300170898438,63899,QQQ,1m
2026-06-02 15:23:00+00:00,745.2999877929688,745.3599853515625,745.0599975585938,745.0800170898438,169375,QQQ,1m
2026-06-02 15:24:00+00:00,745.0999755859375,745.239990234375,745.02001953125,745.2100219726562,55260,QQQ,1m
2026-06-02 15:25:00+00:00,745.1950073242188,745.3400268554688,745.0,745.0499877929688,51526,QQQ,1m
2026-06-02 15:26:00+00:00,745.0549926757812,745.125,744.9400024414062,744.989990234375,41117,QQQ,1m
2026-06-02 15:27:00+00:00,745.02001953125,745.0250244140625,744.8800048828125,744.9400024414062,37753,QQQ,1m
2026-06-02 15:28:00+00:00,744.9099731445312,745.1400146484375,744.7899780273438,745.135009765625,35934,QQQ,1m
2026-06-02 15:29:00+00:00,745.1300048828125,745.239990234375,745.0,745.0999755859375,35545,QQQ,1m
2026-06-02 15:30:00+00:00,745.0701293945312,745.0701293945312,744.8201293945312,744.8900146484375,35456,QQQ,1m
2026-06-02 15:31:00+00:00,744.8499755859375,745.02001953125,744.7401123046875,744.9500122070312,43345,QQQ,1m
2026-06-02 15:32:00+00:00,744.9650268554688,745.02001953125,744.77001953125,745.02001953125,25792,QQQ,1m
2026-06-02 15:33:00+00:00,745.030029296875,745.2000122070312,744.989990234375,745.1300048828125,39011,QQQ,1m
2026-06-02 15:34:00+00:00,745.0900268554688,745.2999877929688,745.0164794921875,745.260009765625,34461,QQQ,1m
2026-06-02 15:35:00+00:00,745.260009765625,745.5499267578125,745.1920166015625,745.52001953125,53595,QQQ,1m
2026-06-02 15:36:00+00:00,745.5399780273438,745.5700073242188,745.3900756835938,745.3900756835938,45851,QQQ,1m
2026-06-02 15:37:00+00:00,745.3900146484375,745.469970703125,745.3200073242188,745.3302001953125,51743,QQQ,1m
2026-06-02 15:38:00+00:00,745.3599853515625,745.5700073242188,745.3599853515625,745.5300903320312,34757,QQQ,1m
2026-06-02 15:39:00+00:00,745.510009765625,745.5800170898438,745.3200073242188,745.3900146484375,40875,QQQ,1m
2026-06-02 15:40:00+00:00,745.3900146484375,745.4498901367188,745.219970703125,745.4201049804688,41030,QQQ,1m
2026-06-02 15:41:00+00:00,745.4199829101562,745.52001953125,745.3410034179688,745.3560791015625,28166,QQQ,1m
2026-06-02 15:42:00+00:00,745.3699951171875,745.489990234375,745.3400268554688,745.4699096679688,144912,QQQ,1m
2026-06-02 15:43:00+00:00,745.47998046875,745.52001953125,745.239990234375,745.280029296875,22194,QQQ,1m
2026-06-02 15:44:00+00:00,745.239990234375,745.3699951171875,745.0900268554688,745.1400146484375,25863,QQQ,1m
2026-06-02 15:45:00+00:00,745.1599731445312,745.1699829101562,744.9299926757812,745.1500244140625,44107,QQQ,1m
2026-06-02 15:46:00+00:00,745.1400756835938,745.469970703125,745.125,745.3300170898438,22552,QQQ,1m
2026-06-02 15:47:00+00:00,745.3400268554688,745.3817749023438,745.239990234375,745.2625732421875,16683,QQQ,1m
2026-06-02 15:48:00+00:00,745.25,745.3400268554688,745.1099853515625,745.2224731445312,88639,QQQ,1m
2026-06-02 15:49:00+00:00,745.2349853515625,745.39990234375,745.1300048828125,745.1500244140625,36763,QQQ,1m
2026-06-02 15:50:00+00:00,745.1699829101562,745.29052734375,745.0,745.1365966796875,29847,QQQ,1m
2026-06-02 15:51:00+00:00,745.1212768554688,745.4462890625,745.1212768554688,745.4099731445312,153990,QQQ,1m
2026-06-02 15:52:00+00:00,745.4199829101562,745.530029296875,745.2949829101562,745.4901123046875,61548,QQQ,1m
2026-06-02 15:53:00+00:00,745.530029296875,745.6599731445312,745.510009765625,745.6199951171875,58351,QQQ,1m
2026-06-02 15:54:00+00:00,745.6199951171875,745.6900024414062,745.47998046875,745.5900268554688,50968,QQQ,1m
2026-06-02 15:55:00+00:00,745.6190795898438,745.739990234375,745.5250244140625,745.7000122070312,37889,QQQ,1m
2026-06-02 15:56:00+00:00,745.7000122070312,745.8699951171875,745.6599731445312,745.6699829101562,68876,QQQ,1m
2026-06-02 15:57:00+00:00,745.6649780273438,745.6699829101562,745.5,745.6699829101562,71735,QQQ,1m
2026-06-02 15:58:00+00:00,745.6599731445312,745.8900146484375,745.6599731445312,745.8599853515625,45826,QQQ,1m
2026-06-02 15:59:00+00:00,745.85498046875,745.8699951171875,745.7000122070312,745.7000122070312,34115,QQQ,1m
2026-06-02 16:00:00+00:00,745.6900024414062,745.7999877929688,745.5399780273438,745.760009765625,21524,QQQ,1m
2026-06-02 16:01:00+00:00,745.75,745.75,745.510009765625,745.5202026367188,48093,QQQ,1m
2026-06-02 16:02:00+00:00,745.5499877929688,745.60498046875,745.2999877929688,745.3250122070312,21005,QQQ,1m
2026-06-02 16:03:00+00:00,745.3469848632812,745.4000244140625,745.2650146484375,745.2901000976562,54245,QQQ,1m
2026-06-02 16:04:00+00:00,745.2899780273438,745.3798828125,745.1799926757812,745.3499755859375,24424,QQQ,1m
2026-06-02 16:05:00+00:00,745.364990234375,745.7103881835938,745.364990234375,745.6699829101562,25112,QQQ,1m
2026-06-02 16:06:00+00:00,745.6500244140625,745.9500122070312,745.6400756835938,745.780029296875,45581,QQQ,1m
2026-06-02 16:07:00+00:00,745.8099975585938,746.219970703125,745.6799926757812,746.10498046875,89120,QQQ,1m
2026-06-02 16:08:00+00:00,746.0999755859375,746.219970703125,746.0399780273438,746.0599975585938,39358,QQQ,1m
2026-06-02 16:09:00+00:00,746.0499877929688,746.1146240234375,745.9000244140625,745.9801025390625,76123,QQQ,1m
2026-06-02 16:10:00+00:00,746.0050048828125,746.0599975585938,745.8800048828125,745.8800048828125,26985,QQQ,1m
2026-06-02 16:11:00+00:00,745.864990234375,746.030029296875,745.8499755859375,746.02001953125,31268,QQQ,1m
2026-06-02 16:12:00+00:00,746.0,746.0399780273438,745.7899780273438,745.8300170898438,22753,QQQ,1m
2026-06-02 16:13:00+00:00,745.8699951171875,746.1162109375,745.8699951171875,746.0999755859375,21045,QQQ,1m
2026-06-02 16:14:00+00:00,746.1099853515625,746.1199951171875,745.9099731445312,745.9299926757812,28126,QQQ,1m
2026-06-02 16:15:00+00:00,745.9600219726562,745.9600219726562,745.6801147460938,745.6801147460938,26219,QQQ,1m
2026-06-02 16:16:00+00:00,745.6901245117188,745.9013061523438,745.6500244140625,745.8800048828125,17212,QQQ,1m
2026-06-02 16:17:00+00:00,745.880126953125,745.9099731445312,745.6599731445312,745.669921875,21799,QQQ,1m
2026-06-02 16:18:00+00:00,745.6599731445312,745.6599731445312,745.1901245117188,745.1901245117188,68878,QQQ,1m
2026-06-02 16:19:00+00:00,745.2249755859375,745.3900146484375,745.2249755859375,745.3099975585938,38352,QQQ,1m
2026-06-02 16:20:00+00:00,745.3099975585938,745.4400024414062,745.1500244140625,745.1900024414062,21954,QQQ,1m
2026-06-02 16:21:00+00:00,745.2000122070312,745.2000122070312,744.760498046875,744.97998046875,55537,QQQ,1m
2026-06-02 16:22:00+00:00,744.9600219726562,745.0599975585938,744.8900146484375,744.9249877929688,37050,QQQ,1m
2026-06-02 16:23:00+00:00,744.9199829101562,745.1799926757812,744.8599853515625,745.1300048828125,38175,QQQ,1m
2026-06-02 16:24:00+00:00,745.1099853515625,745.4000244140625,745.0900268554688,745.2736206054688,31400,QQQ,1m
2026-06-02 16:25:00+00:00,745.2750244140625,745.2999877929688,744.9500122070312,745.1309814453125,45822,QQQ,1m
2026-06-02 16:26:00+00:00,745.1199951171875,745.2299194335938,744.9199829101562,744.9400024414062,11836,QQQ,1m
2026-06-02 16:27:00+00:00,744.9202270507812,745.010009765625,744.864990234375,744.9500122070312,24426,QQQ,1m
2026-06-02 16:28:00+00:00,744.9299926757812,745.0499877929688,744.8800048828125,745.0499877929688,21322,QQQ,1m
2026-06-02 16:29:00+00:00,745.0449829101562,745.0800170898438,744.9500122070312,744.9500122070312,21724,QQQ,1m
2026-06-02 16:30:00+00:00,744.9608764648438,745.1300048828125,744.860107421875,745.119873046875,54749,QQQ,1m
2026-06-02 16:31:00+00:00,745.0499877929688,745.260009765625,745.0,745.22998046875,22221,QQQ,1m
2026-06-02 16:32:00+00:00,745.22998046875,745.25,745.0900268554688,745.1300048828125,30724,QQQ,1m
2026-06-02 16:33:00+00:00,745.1599731445312,745.3400268554688,745.0700073242188,745.1749877929688,24628,QQQ,1m
2026-06-02 16:34:00+00:00,745.2025146484375,745.2100219726562,744.8499755859375,744.9299926757812,49344,QQQ,1m
2026-06-02 16:35:00+00:00,744.9450073242188,744.9600219726562,744.6599731445312,744.719970703125,30370,QQQ,1m
2026-06-02 16:36:00+00:00,744.7349853515625,744.7794799804688,744.5700073242188,744.5999755859375,37036,QQQ,1m
2026-06-02 16:37:00+00:00,744.635986328125,744.7000122070312,744.52001953125,744.6900024414062,27949,QQQ,1m
2026-06-02 16:38:00+00:00,744.6599731445312,744.8900146484375,744.5599975585938,744.8300170898438,27118,QQQ,1m
2026-06-02 16:39:00+00:00,744.8350219726562,744.85498046875,744.5800170898438,744.6677856445312,21996,QQQ,1m
2026-06-02 16:40:00+00:00,744.659912109375,744.8350219726562,744.659912109375,744.77001953125,32034,QQQ,1m
2026-06-02 16:41:00+00:00,744.7601928710938,744.889892578125,744.719970703125,744.8200073242188,28815,QQQ,1m
2026-06-02 16:42:00+00:00,744.8099975585938,744.919921875,744.719970703125,744.8699951171875,21787,QQQ,1m
2026-06-02 16:43:00+00:00,744.8300170898438,744.9000244140625,744.780029296875,744.9000244140625,17543,QQQ,1m
2026-06-02 16:44:00+00:00,744.877685546875,744.89990234375,744.6799926757812,744.6950073242188,146061,QQQ,1m
2026-06-02 16:45:00+00:00,744.6699829101562,744.8150024414062,744.5599975585938,744.594970703125,19439,QQQ,1m
2026-06-02 16:46:00+00:00,744.5800170898438,744.7449951171875,744.5706176757812,744.6950073242188,16957,QQQ,1m
2026-06-02 16:47:00+00:00,744.7000122070312,744.860107421875,744.6799926757812,744.72998046875,95484,QQQ,1m
2026-06-02 16:48:00+00:00,744.719970703125,745.1799926757812,744.6900024414062,745.1690063476562,45955,QQQ,1m
2026-06-02 16:49:00+00:00,745.1799926757812,745.3300170898438,745.1309204101562,745.2999877929688,42255,QQQ,1m
2026-06-02 16:50:00+00:00,745.3200073242188,745.60498046875,745.3200073242188,745.5999755859375,50968,QQQ,1m
2026-06-02 16:51:00+00:00,745.6079711914062,745.6099853515625,745.4949951171875,745.530029296875,380765,QQQ,1m
2026-06-02 16:52:00+00:00,745.5499877929688,745.6500244140625,745.4199829101562,745.489990234375,40861,QQQ,1m
2026-06-02 16:53:00+00:00,745.4849853515625,745.5599975585938,745.3200073242188,745.4099731445312,48145,QQQ,1m
2026-06-02 16:54:00+00:00,745.4099731445312,745.47998046875,745.380126953125,745.4500122070312,25471,QQQ,1m
2026-06-02 16:55:00+00:00,745.4450073242188,745.5499877929688,745.3200073242188,745.4299926757812,36961,QQQ,1m
2026-06-02 16:56:00+00:00,745.4249877929688,745.5899047851562,745.4199829101562,745.5800170898438,21167,QQQ,1m
2026-06-02 16:57:00+00:00,745.5750122070312,745.6688232421875,745.530029296875,745.6649780273438,66031,QQQ,1m
2026-06-02 16:58:00+00:00,745.6699829101562,745.760009765625,745.5900268554688,745.72998046875,50284,QQQ,1m
2026-06-02 16:59:00+00:00,745.7374267578125,745.7999877929688,745.666015625,745.7562866210938,156418,QQQ,1m
2026-06-02 17:00:00+00:00,745.72998046875,745.8300170898438,745.3900146484375,745.7100219726562,41504,QQQ,1m
2026-06-02 17:01:00+00:00,745.7100219726562,745.8499755859375,745.6199951171875,745.8099975585938,14341,QQQ,1m
2026-06-02 17:02:00+00:00,745.77001953125,745.9099731445312,745.75,745.8900146484375,51734,QQQ,1m
2026-06-02 17:03:00+00:00,745.87841796875,746.02001953125,745.8699951171875,745.9299926757812,63044,QQQ,1m
2026-06-02 17:04:00+00:00,745.9099731445312,745.9400024414062,745.7990112304688,745.9099731445312,29386,QQQ,1m
2026-06-02 17:05:00+00:00,745.905029296875,745.989990234375,745.889892578125,745.9299926757812,54396,QQQ,1m
2026-06-02 17:06:00+00:00,745.9299926757812,745.9400024414062,745.760009765625,745.760009765625,28522,QQQ,1m
2026-06-02 17:07:00+00:00,745.7626953125,745.9500122070312,745.75,745.780029296875,24463,QQQ,1m
2026-06-02 17:08:00+00:00,745.780029296875,745.9500122070312,745.5850219726562,745.7899780273438,45176,QQQ,1m
2026-06-02 17:09:00+00:00,745.7849731445312,745.7899780273438,745.6384887695312,745.760009765625,28211,QQQ,1m
2026-06-02 17:10:00+00:00,745.780029296875,745.780029296875,745.60498046875,745.6699829101562,46151,QQQ,1m
2026-06-02 17:11:00+00:00,745.6699829101562,745.719970703125,745.625,745.7000122070312,16640,QQQ,1m
2026-06-02 17:12:00+00:00,745.7100219726562,745.8599853515625,745.7100219726562,745.7600708007812,15001,QQQ,1m
2026-06-02 17:13:00+00:00,745.75,745.844970703125,745.7000122070312,745.7899780273438,12548,QQQ,1m
2026-06-02 17:14:00+00:00,745.7841186523438,745.9099731445312,745.72998046875,745.8201293945312,23025,QQQ,1m
2026-06-02 17:15:00+00:00,745.8300170898438,745.8300170898438,745.5,745.52001953125,24147,QQQ,1m
2026-06-02 17:16:00+00:00,745.52001953125,745.5499877929688,745.02001953125,745.094970703125,39208,QQQ,1m
2026-06-02 17:17:00+00:00,745.094970703125,745.1849975585938,744.9500122070312,744.9534912109375,50488,QQQ,1m
2026-06-02 17:18:00+00:00,744.9520263671875,745.0900268554688,744.9299926757812,744.9412841796875,51172,QQQ,1m
2026-06-02 17:19:00+00:00,744.9199829101562,744.9199829101562,744.781982421875,744.8049926757812,50799,QQQ,1m
2026-06-02 17:20:00+00:00,744.7999877929688,745.0,744.77001953125,745.0,50428,QQQ,1m
2026-06-02 17:21:00+00:00,745.0006103515625,745.0399780273438,744.8400268554688,744.8699951171875,45864,QQQ,1m
2026-06-02 17:22:00+00:00,744.8800048828125,745.0999755859375,744.8800048828125,745.0,66348,QQQ,1m
2026-06-02 17:23:00+00:00,744.97998046875,744.97998046875,744.5050048828125,744.5200805664062,81558,QQQ,1m
2026-06-02 17:24:00+00:00,744.5499877929688,744.75,744.489990234375,744.6300048828125,41196,QQQ,1m
2026-06-02 17:25:00+00:00,744.5999755859375,744.6099853515625,744.3200073242188,744.364990234375,45308,QQQ,1m
2026-06-02 17:26:00+00:00,744.3900146484375,744.530029296875,744.3400268554688,744.4099731445312,39564,QQQ,1m
2026-06-02 17:27:00+00:00,744.424072265625,744.5499877929688,744.3099975585938,744.3599853515625,30423,QQQ,1m
2026-06-02 17:28:00+00:00,744.3900146484375,744.5399780273438,744.335693359375,744.530029296875,25689,QQQ,1m
2026-06-02 17:29:00+00:00,744.5299072265625,744.6799926757812,744.4400024414062,744.5549926757812,35356,QQQ,1m
2026-06-02 17:30:00+00:00,744.5599975585938,744.7000122070312,744.5,744.5900268554688,39847,QQQ,1m
2026-06-02 17:31:00+00:00,744.5800170898438,744.5900268554688,744.4450073242188,744.48388671875,40115,QQQ,1m
2026-06-02 17:32:00+00:00,744.469970703125,744.619873046875,744.2899780273438,744.569091796875,41052,QQQ,1m
2026-06-02 17:33:00+00:00,744.5700073242188,744.6901245117188,744.2039794921875,744.22998046875,37305,QQQ,1m
2026-06-02 17:34:00+00:00,744.2100219726562,744.280029296875,744.1699829101562,744.1849975585938,35148,QQQ,1m
2026-06-02 17:35:00+00:00,744.173095703125,744.2305297851562,744.0,744.1950073242188,29930,QQQ,1m
2026-06-02 17:36:00+00:00,744.1900024414062,744.239990234375,744.0399780273438,744.1300048828125,27715,QQQ,1m
2026-06-02 17:37:00+00:00,744.1500244140625,744.1599731445312,743.9600219726562,744.0098876953125,41384,QQQ,1m
2026-06-02 17:38:00+00:00,743.9949951171875,743.9949951171875,743.7349853515625,743.8499755859375,65063,QQQ,1m
2026-06-02 17:39:00+00:00,743.8900146484375,743.9000244140625,743.780029296875,743.8300170898438,118491,QQQ,1m
2026-06-02 17:40:00+00:00,743.8300170898438,744.0,743.7999877929688,743.8800048828125,43644,QQQ,1m
2026-06-02 17:41:00+00:00,743.8800048828125,744.3201293945312,743.8499755859375,744.3201293945312,104887,QQQ,1m
2026-06-02 17:42:00+00:00,744.3300170898438,744.489990234375,744.280029296875,744.2999877929688,80747,QQQ,1m
2026-06-02 17:43:00+00:00,744.3099975585938,744.3599853515625,744.2100219726562,744.2501220703125,26732,QQQ,1m
2026-06-02 17:44:00+00:00,744.25,744.4199829101562,744.1204833984375,744.3800048828125,25208,QQQ,1m
2026-06-02 17:45:00+00:00,744.3800048828125,744.4876098632812,744.260009765625,744.2600708007812,36352,QQQ,1m
2026-06-02 17:46:00+00:00,744.2907104492188,744.5599975585938,744.2520141601562,744.5299072265625,49686,QQQ,1m
2026-06-02 17:47:00+00:00,744.5198974609375,744.6199951171875,744.469970703125,744.469970703125,34725,QQQ,1m
2026-06-02 17:48:00+00:00,744.469970703125,744.7000122070312,744.4512939453125,744.7000122070312,51994,QQQ,1m
2026-06-02 17:49:00+00:00,744.6699829101562,744.6699829101562,744.52001953125,744.6300048828125,26661,QQQ,1m
2026-06-02 17:50:00+00:00,744.6099853515625,744.7150268554688,744.5,744.5800170898438,48149,QQQ,1m
2026-06-02 17:51:00+00:00,744.5599975585938,744.6500244140625,744.4099731445312,744.4398803710938,39777,QQQ,1m
2026-06-02 17:52:00+00:00,744.4099731445312,744.6599731445312,744.3206176757812,744.5900268554688,46954,QQQ,1m
2026-06-02 17:53:00+00:00,744.594970703125,744.6599731445312,744.489990234375,744.6599731445312,24094,QQQ,1m
2026-06-02 17:54:00+00:00,744.655029296875,744.6900024414062,744.4603271484375,744.5250244140625,23638,QQQ,1m
2026-06-02 17:55:00+00:00,744.52001953125,744.52001953125,744.27001953125,744.2999877929688,42126,QQQ,1m
2026-06-02 17:56:00+00:00,744.2899780273438,744.4349975585938,744.27001953125,744.3577270507812,21875,QQQ,1m
2026-06-02 17:57:00+00:00,744.3499755859375,744.3699951171875,744.2150268554688,744.27001953125,30979,QQQ,1m
2026-06-02 17:58:00+00:00,744.280029296875,744.3300170898438,744.1400146484375,744.2949829101562,32800,QQQ,1m
2026-06-02 17:59:00+00:00,744.2949829101562,744.369873046875,744.197509765625,744.2000122070312,20351,QQQ,1m
2026-06-02 18:00:00+00:00,744.2000122070312,744.27001953125,744.1099853515625,744.1199951171875,22160,QQQ,1m
2026-06-02 18:01:00+00:00,744.1300048828125,744.260009765625,744.0900268554688,744.1300048828125,18074,QQQ,1m
2026-06-02 18:02:00+00:00,744.0999755859375,744.0999755859375,743.9600219726562,744.0701293945312,41767,QQQ,1m
2026-06-02 18:03:00+00:00,744.0800170898438,744.25,744.0,744.0,18106,QQQ,1m
2026-06-02 18:04:00+00:00,743.989990234375,744.0750122070312,743.905029296875,744.0399780273438,14354,QQQ,1m
2026-06-02 18:05:00+00:00,744.0399780273438,744.25,744.0399780273438,744.2000122070312,21585,QQQ,1m
2026-06-02 18:06:00+00:00,744.1799926757812,744.2999877929688,744.1699829101562,744.2349853515625,27417,QQQ,1m
2026-06-02 18:07:00+00:00,744.1699829101562,744.5255126953125,744.1699829101562,744.5,23926,QQQ,1m
2026-06-02 18:08:00+00:00,744.489990234375,744.6099853515625,744.4349975585938,744.5900268554688,44937,QQQ,1m
2026-06-02 18:09:00+00:00,744.5900268554688,744.6898803710938,744.5300903320312,744.6300048828125,62129,QQQ,1m
2026-06-02 18:10:00+00:00,744.5800170898438,744.7100219726562,744.5800170898438,744.6856079101562,22655,QQQ,1m
2026-06-02 18:11:00+00:00,744.6900024414062,744.739990234375,744.6199951171875,744.7200927734375,33019,QQQ,1m
2026-06-02 18:12:00+00:00,744.760009765625,745.0700073242188,744.760009765625,744.7899780273438,54411,QQQ,1m
2026-06-02 18:13:00+00:00,744.7949829101562,744.8099975585938,744.6500854492188,744.780029296875,34224,QQQ,1m
2026-06-02 18:14:00+00:00,744.8099975585938,744.8099975585938,744.6599731445312,744.6950073242188,24076,QQQ,1m
2026-06-02 18:15:00+00:00,744.6799926757812,744.6799926757812,744.4299926757812,744.4299926757812,31340,QQQ,1m
2026-06-02 18:16:00+00:00,744.4400024414062,744.5,744.3704223632812,744.4201049804688,21595,QQQ,1m
2026-06-02 18:17:00+00:00,744.4249877929688,744.5800170898438,744.4249877929688,744.4500122070312,21191,QQQ,1m
2026-06-02 18:18:00+00:00,744.4349975585938,744.5800170898438,744.4099731445312,744.5,31291,QQQ,1m
2026-06-02 18:19:00+00:00,744.497802734375,744.5150146484375,744.3200073242188,744.3400268554688,24723,QQQ,1m
2026-06-02 18:20:00+00:00,744.3699951171875,744.4099731445312,744.280029296875,744.364990234375,24860,QQQ,1m
2026-06-02 18:21:00+00:00,744.3499755859375,744.4199829101562,744.260009765625,744.3900146484375,25087,QQQ,1m
2026-06-02 18:22:00+00:00,744.4149780273438,744.4400024414062,744.3400268554688,744.3900146484375,21457,QQQ,1m
2026-06-02 18:23:00+00:00,744.4099731445312,744.510009765625,744.4000244140625,744.4299926757812,20339,QQQ,1m
2026-06-02 18:24:00+00:00,744.3934936523438,744.4400024414062,744.330078125,744.385009765625,19029,QQQ,1m
2026-06-02 18:25:00+00:00,744.385009765625,744.5349731445312,744.3699951171875,744.5349731445312,16510,QQQ,1m
2026-06-02 18:26:00+00:00,744.5349731445312,744.614990234375,744.47998046875,744.47998046875,42669,QQQ,1m
2026-06-02 18:27:00+00:00,744.5399780273438,744.5399780273438,744.3800048828125,744.4400024414062,13985,QQQ,1m
2026-06-02 18:28:00+00:00,744.4500122070312,744.4605102539062,744.3200073242188,744.3900146484375,18511,QQQ,1m
2026-06-02 18:29:00+00:00,744.4199829101562,744.4990234375,744.3800048828125,744.47998046875,19672,QQQ,1m
2026-06-02 18:30:00+00:00,744.47998046875,744.75,744.4600219726562,744.6500244140625,121287,QQQ,1m
2026-06-02 18:31:00+00:00,744.6649780273438,744.8499755859375,744.6500244140625,744.8400268554688,36231,QQQ,1m
2026-06-02 18:32:00+00:00,744.8499755859375,744.8499755859375,744.5800170898438,744.5900268554688,30912,QQQ,1m
2026-06-02 18:33:00+00:00,744.5999755859375,744.7899780273438,744.5900268554688,744.7100219726562,13165,QQQ,1m
2026-06-02 18:34:00+00:00,744.70947265625,744.77001953125,744.5,744.531982421875,14117,QQQ,1m
2026-06-02 18:35:00+00:00,744.4400024414062,744.4598999023438,744.1799926757812,744.2150268554688,21558,QQQ,1m
2026-06-02 18:36:00+00:00,744.22998046875,744.2999877929688,744.1300048828125,744.2849731445312,23537,QQQ,1m
2026-06-02 18:37:00+00:00,744.27001953125,744.3200073242188,744.0,744.02001953125,30690,QQQ,1m
2026-06-02 18:38:00+00:00,744.010009765625,744.0499877929688,743.9099731445312,743.9550170898438,28413,QQQ,1m
2026-06-02 18:39:00+00:00,743.9550170898438,744.0,743.75,743.7650146484375,82893,QQQ,1m
2026-06-02 18:40:00+00:00,743.75,743.7949829101562,743.5,743.780029296875,138439,QQQ,1m
2026-06-02 18:41:00+00:00,743.780029296875,743.8699951171875,743.7000122070312,743.7100219726562,22748,QQQ,1m
2026-06-02 18:42:00+00:00,743.719970703125,743.9199829101562,743.719970703125,743.7999877929688,134102,QQQ,1m
2026-06-02 18:43:00+00:00,743.8300170898438,744.02001953125,743.8250122070312,744.0050048828125,231393,QQQ,1m
2026-06-02 18:44:00+00:00,744.0250244140625,744.0599975585938,743.8800048828125,743.97998046875,25905,QQQ,1m
2026-06-02 18:45:00+00:00,743.9299926757812,743.9749755859375,743.8798828125,743.9600219726562,21147,QQQ,1m
2026-06-02 18:46:00+00:00,743.969970703125,744.0399169921875,743.9199829101562,744.0,24459,QQQ,1m
2026-06-02 18:47:00+00:00,744.0,744.2000122070312,743.989990234375,744.0800170898438,23367,QQQ,1m
2026-06-02 18:48:00+00:00,744.0899047851562,744.1929931640625,744.010009765625,744.1500244140625,59013,QQQ,1m
2026-06-02 18:49:00+00:00,744.155029296875,744.3300170898438,744.1409301757812,744.25,67895,QQQ,1m
2026-06-02 18:50:00+00:00,744.25,744.3400268554688,744.1804809570312,744.2490234375,28188,QQQ,1m
2026-06-02 18:51:00+00:00,744.22998046875,744.2498779296875,743.9400024414062,743.9400024414062,30795,QQQ,1m
2026-06-02 18:52:00+00:00,743.9400024414062,744.030029296875,743.9099731445312,743.989990234375,30454,QQQ,1m
2026-06-02 18:53:00+00:00,743.989990234375,744.1799926757812,743.989990234375,744.0200805664062,67400,QQQ,1m
2026-06-02 18:54:00+00:00,744.02001953125,744.1799926757812,743.97998046875,744.14501953125,18843,QQQ,1m
2026-06-02 18:55:00+00:00,744.1400146484375,744.1400146484375,744.010009765625,744.0650024414062,27831,QQQ,1m
2026-06-02 18:56:00+00:00,744.0800170898438,744.344970703125,744.0,744.3250732421875,25314,QQQ,1m
2026-06-02 18:57:00+00:00,744.3400268554688,744.4500122070312,744.3200073242188,744.3800048828125,22136,QQQ,1m
2026-06-02 18:58:00+00:00,744.39501953125,744.47998046875,744.33251953125,744.4749755859375,25934,QQQ,1m
2026-06-02 18:59:00+00:00,744.4749755859375,744.530029296875,744.4099731445312,744.4691772460938,27254,QQQ,1m
2026-06-02 19:00:00+00:00,744.47998046875,744.6998901367188,744.469970703125,744.6699829101562,136473,QQQ,1m
2026-06-02 19:01:00+00:00,744.6757202148438,744.8400268554688,744.6400146484375,744.8300170898438,42278,QQQ,1m
2026-06-02 19:02:00+00:00,744.8034057617188,744.9600219726562,744.75,744.9600219726562,43781,QQQ,1m
2026-06-02 19:03:00+00:00,744.9450073242188,745.1099853515625,744.9000244140625,745.1099853515625,147717,QQQ,1m
2026-06-02 19:04:00+00:00,745.0999755859375,745.1749877929688,745.010009765625,745.1749877929688,43591,QQQ,1m
2026-06-02 19:05:00+00:00,745.1500244140625,745.1801147460938,745.0800170898438,745.1400146484375,16501,QQQ,1m
2026-06-02 19:06:00+00:00,745.1400146484375,745.2050170898438,744.9642944335938,744.984375,51686,QQQ,1m
2026-06-02 19:07:00+00:00,744.97998046875,745.25,744.97998046875,745.14501953125,27990,QQQ,1m
2026-06-02 19:08:00+00:00,745.1199951171875,745.1300048828125,744.8800048828125,745.0150146484375,17240,QQQ,1m
2026-06-02 19:09:00+00:00,745.010009765625,745.159912109375,745.010009765625,745.14501953125,46716,QQQ,1m
2026-06-02 19:10:00+00:00,745.1400146484375,745.3400268554688,745.135009765625,745.3400268554688,34870,QQQ,1m
2026-06-02 19:11:00+00:00,745.3300170898438,745.4299926757812,745.2999877929688,745.3742065429688,33027,QQQ,1m
2026-06-02 19:12:00+00:00,745.3699951171875,745.4299926757812,745.3001098632812,745.4099731445312,30157,QQQ,1m
2026-06-02 19:13:00+00:00,745.4199829101562,745.510009765625,745.3800048828125,745.469970703125,43704,QQQ,1m
2026-06-02 19:14:00+00:00,745.47998046875,745.5050048828125,745.2100219726562,745.27001953125,41006,QQQ,1m
2026-06-02 19:15:00+00:00,745.3400268554688,745.3970947265625,745.26123046875,745.3499755859375,22333,QQQ,1m
2026-06-02 19:16:00+00:00,745.364990234375,745.39501953125,745.2449951171875,745.39501953125,18756,QQQ,1m
2026-06-02 19:17:00+00:00,745.4099731445312,745.4099731445312,745.2949829101562,745.3400268554688,28301,QQQ,1m
2026-06-02 19:18:00+00:00,745.3400268554688,745.3400268554688,745.0599975585938,745.0850219726562,42824,QQQ,1m
2026-06-02 19:19:00+00:00,745.0842895507812,745.2659912109375,745.0120239257812,745.2249755859375,48760,QQQ,1m
2026-06-02 19:20:00+00:00,745.219970703125,745.4099731445312,745.1699829101562,745.3703002929688,28579,QQQ,1m
2026-06-02 19:21:00+00:00,745.3699951171875,745.4450073242188,745.3499755859375,745.4199829101562,49863,QQQ,1m
2026-06-02 19:22:00+00:00,745.4249877929688,745.5999755859375,745.4099731445312,745.52001953125,54426,QQQ,1m
2026-06-02 19:23:00+00:00,745.52001953125,745.5750122070312,745.469970703125,745.5499877929688,44506,QQQ,1m
2026-06-02 19:24:00+00:00,745.5599975585938,745.5599975585938,745.3900146484375,745.52001953125,37269,QQQ,1m
2026-06-02 19:25:00+00:00,745.4949951171875,745.5599975585938,745.469970703125,745.47998046875,35986,QQQ,1m
2026-06-02 19:26:00+00:00,745.47998046875,745.4899291992188,745.3699951171875,745.3900146484375,90916,QQQ,1m
2026-06-02 19:27:00+00:00,745.4099731445312,745.4398803710938,745.2000122070312,745.25,54469,QQQ,1m
2026-06-02 19:28:00+00:00,745.22998046875,745.27001953125,745.0399780273438,745.0800170898438,38031,QQQ,1m
2026-06-02 19:29:00+00:00,745.0842895507812,745.1199951171875,745.010009765625,745.030029296875,43209,QQQ,1m
2026-06-02 19:30:00+00:00,745.030029296875,745.25,744.989990234375,745.239990234375,32322,QQQ,1m
2026-06-02 19:31:00+00:00,745.22998046875,745.3800048828125,745.1500244140625,745.1599731445312,47798,QQQ,1m
2026-06-02 19:32:00+00:00,745.1701049804688,745.2550048828125,745.0800170898438,745.1478881835938,35801,QQQ,1m
2026-06-02 19:33:00+00:00,745.14501953125,745.239990234375,745.09228515625,745.22998046875,32634,QQQ,1m
2026-06-02 19:34:00+00:00,745.27001953125,745.4299926757812,745.27001953125,745.3300170898438,188125,QQQ,1m
2026-06-02 19:35:00+00:00,745.3300170898438,745.4000244140625,745.302001953125,745.35498046875,70162,QQQ,1m
2026-06-02 19:36:00+00:00,745.3599853515625,745.489990234375,745.3442993164062,745.47998046875,50429,QQQ,1m
2026-06-02 19:37:00+00:00,745.4749755859375,745.52001953125,745.3699951171875,745.469970703125,125688,QQQ,1m
2026-06-02 19:38:00+00:00,745.4749755859375,745.47998046875,745.25,745.3800048828125,42426,QQQ,1m
2026-06-02 19:39:00+00:00,745.380126953125,745.4000244140625,745.22998046875,745.2432861328125,60271,QQQ,1m
2026-06-02 19:40:00+00:00,745.22998046875,745.2999267578125,745.130126953125,745.280029296875,46344,QQQ,1m
2026-06-02 19:41:00+00:00,745.2899780273438,745.4400024414062,745.219970703125,745.4349975585938,70399,QQQ,1m
2026-06-02 19:42:00+00:00,745.4400024414062,745.5900268554688,745.3699951171875,745.469970703125,54891,QQQ,1m
2026-06-02 19:43:00+00:00,745.47998046875,745.5900268554688,745.399169921875,745.5750122070312,66004,QQQ,1m
2026-06-02 19:44:00+00:00,745.5800170898438,745.5900268554688,745.4505004882812,745.4899291992188,49507,QQQ,1m
2026-06-02 19:45:00+00:00,745.47998046875,745.6699829101562,745.4000244140625,745.635009765625,259664,QQQ,1m
2026-06-02 19:46:00+00:00,745.6300048828125,745.77001953125,745.5150146484375,745.760009765625,102018,QQQ,1m
2026-06-02 19:47:00+00:00,745.760009765625,745.8599853515625,745.75,745.8599853515625,91183,QQQ,1m
2026-06-02 19:48:00+00:00,745.8599853515625,746.0650024414062,745.8599853515625,745.9099731445312,115778,QQQ,1m
2026-06-02 19:49:00+00:00,745.9199829101562,746.0399780273438,745.9199829101562,746.0,109331,QQQ,1m
2026-06-02 19:50:00+00:00,746.0,746.0800170898438,745.7000122070312,745.7650146484375,269502,QQQ,1m
2026-06-02 19:51:00+00:00,745.8099975585938,745.989990234375,745.7000122070312,745.9600219726562,75064,QQQ,1m
2026-06-02 19:52:00+00:00,745.969970703125,746.0800170898438,745.8201293945312,745.8800048828125,92422,QQQ,1m
2026-06-02 19:53:00+00:00,745.889892578125,746.27001953125,745.8800048828125,746.1300048828125,135067,QQQ,1m
2026-06-02 19:54:00+00:00,746.0999755859375,746.0999755859375,745.8499755859375,745.9600219726562,179300,QQQ,1m
2026-06-02 19:55:00+00:00,745.9299926757812,746.1799926757812,745.7899780273438,746.1099853515625,128113,QQQ,1m
2026-06-02 19:56:00+00:00,746.0999755859375,746.1699829101562,746.0100708007812,746.1099243164062,307163,QQQ,1m
2026-06-02 19:57:00+00:00,746.0999755859375,746.260009765625,746.0809936523438,746.239990234375,128295,QQQ,1m
2026-06-02 19:58:00+00:00,746.260009765625,746.4099731445312,746.25,746.3099975585938,412837,QQQ,1m
2026-06-02 19:59:00+00:00,746.2999877929688,746.4400024414062,746.10498046875,746.1400146484375,708407,QQQ,1m
2026-06-03 13:30:00+00:00,747.344970703125,748.280029296875,747.344970703125,747.5999755859375,1892115,QQQ,1m
2026-06-03 13:31:00+00:00,747.6900024414062,748.5599975585938,747.6900024414062,748.3699951171875,248593,QQQ,1m
2026-06-03 13:32:00+00:00,748.4299926757812,748.6300048828125,748.0700073242188,748.2750244140625,122433,QQQ,1m
2026-06-03 13:33:00+00:00,748.3098754882812,748.3300170898438,747.5,747.5999755859375,280539,QQQ,1m
2026-06-03 13:34:00+00:00,747.52001953125,747.5487060546875,746.3400268554688,746.4249877929688,261567,QQQ,1m
2026-06-03 13:35:00+00:00,746.3900146484375,746.3900146484375,745.510009765625,745.5399780273438,233514,QQQ,1m
2026-06-03 13:36:00+00:00,745.52001953125,745.8499755859375,745.3599853515625,745.6400146484375,207377,QQQ,1m
2026-06-03 13:37:00+00:00,745.635009765625,746.010009765625,745.2000122070312,745.210205078125,140329,QQQ,1m
2026-06-03 13:38:00+00:00,745.280029296875,746.5537719726562,745.219970703125,746.5499877929688,266969,QQQ,1m
2026-06-03 13:39:00+00:00,746.5399780273438,746.9199829101562,746.1900024414062,746.85498046875,172165,QQQ,1m
2026-06-03 13:40:00+00:00,746.8400268554688,746.8599853515625,745.8900146484375,746.6109008789062,220021,QQQ,1m
2026-06-03 13:41:00+00:00,746.6699829101562,746.9298706054688,746.2100219726562,746.4398803710938,115729,QQQ,1m
2026-06-03 13:42:00+00:00,746.4400024414062,746.469970703125,745.6500244140625,745.6599731445312,94390,QQQ,1m
2026-06-03 13:43:00+00:00,745.6002807617188,745.780029296875,745.239990234375,745.2999877929688,110479,QQQ,1m
2026-06-03 13:44:00+00:00,745.2985229492188,745.364990234375,744.0999755859375,744.2000122070312,217405,QQQ,1m
2026-06-03 13:45:00+00:00,744.1199951171875,744.6799926757812,743.6500244140625,743.6500244140625,238945,QQQ,1m
2026-06-03 13:46:00+00:00,743.6300048828125,743.6804809570312,742.8800048828125,742.8800048828125,194970,QQQ,1m
2026-06-03 13:47:00+00:00,742.8875122070312,743.1500244140625,742.1799926757812,742.2098999023438,277135,QQQ,1m
2026-06-03 13:48:00+00:00,742.2000122070312,742.6099853515625,741.3699951171875,741.4000244140625,550409,QQQ,1m
2026-06-03 13:49:00+00:00,741.3900146484375,742.260009765625,741.27001953125,741.6950073242188,315803,QQQ,1m
2026-06-03 13:50:00+00:00,741.6799926757812,742.5,741.02001953125,742.4400024414062,345273,QQQ,1m
2026-06-03 13:51:00+00:00,742.4199829101562,743.219970703125,742.3499755859375,743.1901245117188,229148,QQQ,1m
2026-06-03 13:52:00+00:00,743.22998046875,744.10498046875,742.9199829101562,744.02001953125,275055,QQQ,1m
2026-06-03 13:53:00+00:00,744.010009765625,744.2100219726562,743.4500122070312,744.0700073242188,367886,QQQ,1m
2026-06-03 13:54:00+00:00,744.0499877929688,744.0800170898438,742.8599853515625,742.9000244140625,178228,QQQ,1m
2026-06-03 13:55:00+00:00,742.905029296875,743.5499877929688,742.6900024414062,743.239990234375,213376,QQQ,1m
2026-06-03 13:56:00+00:00,743.2999877929688,743.3699951171875,742.7899780273438,742.7899780273438,97416,QQQ,1m
2026-06-03 13:57:00+00:00,742.739990234375,742.9500122070312,742.3900146484375,742.5999755859375,101139,QQQ,1m
2026-06-03 13:58:00+00:00,742.530029296875,742.8300170898438,742.2000122070312,742.7650146484375,165723,QQQ,1m
2026-06-03 13:59:00+00:00,742.739990234375,743.3499755859375,742.489990234375,742.6500244140625,132640,QQQ,1m
2026-06-03 14:00:00+00:00,742.6500244140625,743.8599853515625,742.3699951171875,743.77001953125,189819,QQQ,1m
2026-06-03 14:01:00+00:00,743.77001953125,744.010009765625,743.280029296875,743.8800048828125,105784,QQQ,1m
2026-06-03 14:02:00+00:00,743.8599853515625,744.5800170898438,743.4400024414062,744.3599853515625,252614,QQQ,1m
2026-06-03 14:03:00+00:00,744.3800048828125,744.6500244140625,744.22998046875,744.22998046875,177991,QQQ,1m
2026-06-03 14:04:00+00:00,744.25,744.52001953125,744.0599975585938,744.0900268554688,239313,QQQ,1m
2026-06-03 14:05:00+00:00,744.1749877929688,744.4349975585938,744.0700073242188,744.1599731445312,89596,QQQ,1m
2026-06-03 14:06:00+00:00,744.2000122070312,744.7498779296875,743.6900024414062,744.4299926757812,155722,QQQ,1m
2026-06-03 14:07:00+00:00,744.469970703125,744.5399780273438,743.5399780273438,743.6799926757812,155381,QQQ,1m
2026-06-03 14:08:00+00:00,743.719970703125,744.5999755859375,743.6400146484375,744.5999755859375,104451,QQQ,1m
2026-06-03 14:09:00+00:00,744.5800170898438,744.8099975585938,744.239990234375,744.4899291992188,127742,QQQ,1m
2026-06-03 14:10:00+00:00,744.469970703125,744.760009765625,744.3599853515625,744.6799926757812,127807,QQQ,1m
2026-06-03 14:11:00+00:00,744.6950073242188,745.1599731445312,744.6599731445312,745.010009765625,156283,QQQ,1m
2026-06-03 14:12:00+00:00,744.97998046875,745.4400024414062,744.97998046875,745.2639770507812,273200,QQQ,1m
2026-06-03 14:13:00+00:00,745.27001953125,745.389892578125,745.1199951171875,745.260009765625,171407,QQQ,1m
2026-06-03 14:14:00+00:00,745.280029296875,745.7100219726562,745.1799926757812,745.7100219726562,141010,QQQ,1m
2026-06-03 14:15:00+00:00,745.719970703125,746.1099853515625,745.6500244140625,745.8350219726562,255300,QQQ,1m
2026-06-03 14:16:00+00:00,745.8250122070312,746.0399780273438,745.563720703125,745.9400024414062,230834,QQQ,1m
2026-06-03 14:17:00+00:00,745.9409790039062,746.0499267578125,745.469970703125,746.0499267578125,39755,QQQ,1m
2026-06-03 14:18:00+00:00,746.0499877929688,746.1699829101562,745.6599731445312,745.969970703125,116174,QQQ,1m
2026-06-03 14:19:00+00:00,746.010009765625,746.1500244140625,745.27001953125,745.4299926757812,263998,QQQ,1m
2026-06-03 14:20:00+00:00,745.4998779296875,746.0800170898438,745.1300048828125,746.0050048828125,205363,QQQ,1m
2026-06-03 14:21:00+00:00,746.010009765625,746.0180053710938,745.3499755859375,745.3800048828125,94789,QQQ,1m
2026-06-03 14:22:00+00:00,745.3599853515625,746.2100219726562,745.22998046875,746.0800170898438,104857,QQQ,1m
2026-06-03 14:23:00+00:00,746.080078125,746.1500244140625,745.1099853515625,745.219970703125,143686,QQQ,1m
2026-06-03 14:24:00+00:00,745.2000122070312,745.780029296875,745.1950073242188,745.4500122070312,115804,QQQ,1m
2026-06-03 14:25:00+00:00,745.4329833984375,745.6400146484375,745.1599731445312,745.5590209960938,82205,QQQ,1m
2026-06-03 14:26:00+00:00,745.5999755859375,746.030029296875,745.5399780273438,745.9000244140625,147606,QQQ,1m
2026-06-03 14:27:00+00:00,745.8499755859375,745.8599853515625,745.5800170898438,745.760009765625,72951,QQQ,1m
2026-06-03 14:28:00+00:00,745.72998046875,745.9600219726562,745.719970703125,745.72998046875,49620,QQQ,1m
2026-06-03 14:29:00+00:00,745.719970703125,746.594970703125,745.719970703125,746.5499877929688,100454,QQQ,1m
2026-06-03 14:30:00+00:00,746.5499877929688,746.6699829101562,746.27001953125,746.3599853515625,169911,QQQ,1m
2026-06-03 14:31:00+00:00,746.3900146484375,746.5900268554688,746.1300048828125,746.4600219726562,105611,QQQ,1m
2026-06-03 14:32:00+00:00,746.4600219726562,746.489990234375,746.1600952148438,746.3900146484375,64257,QQQ,1m
2026-06-03 14:33:00+00:00,746.4199829101562,746.5701293945312,746.22998046875,746.4299926757812,108754,QQQ,1m
2026-06-03 14:34:00+00:00,746.469970703125,746.4799194335938,745.9299926757812,746.1500244140625,84643,QQQ,1m
2026-06-03 14:35:00+00:00,746.1699829101562,746.3200073242188,745.6900024414062,745.7100219726562,80813,QQQ,1m
2026-06-03 14:36:00+00:00,745.72998046875,745.7999877929688,745.219970703125,745.35498046875,410735,QQQ,1m
2026-06-03 14:37:00+00:00,745.364990234375,746.3599853515625,745.280029296875,746.330078125,92449,QQQ,1m
2026-06-03 14:38:00+00:00,746.27001953125,746.3800048828125,746.1500244140625,746.3300170898438,58498,QQQ,1m
2026-06-03 14:39:00+00:00,746.3099975585938,746.4299926757812,746.0900268554688,746.27001953125,29448,QQQ,1m
2026-06-03 14:40:00+00:00,746.3099975585938,746.6099853515625,746.2249755859375,746.510009765625,73882,QQQ,1m
2026-06-03 14:41:00+00:00,746.52001953125,746.5999755859375,746.3007202148438,746.4949951171875,46727,QQQ,1m
2026-06-03 14:42:00+00:00,746.469970703125,746.5499877929688,746.260009765625,746.469970703125,35530,QQQ,1m
2026-06-03 14:43:00+00:00,746.5,746.9500122070312,746.489990234375,746.6701049804688,133847,QQQ,1m
2026-06-03 14:44:00+00:00,746.6699829101562,746.7100219726562,745.9400024414062,746.010009765625,122054,QQQ,1m
2026-06-03 14:45:00+00:00,746.02001953125,746.2949829101562,746.02001953125,746.0449829101562,92501,QQQ,1m
2026-06-03 14:46:00+00:00,746.0850219726562,746.4500122070312,746.0850219726562,746.1900024414062,42289,QQQ,1m
2026-06-03 14:47:00+00:00,746.2100219726562,746.530029296875,745.9160766601562,746.1636962890625,87309,QQQ,1m
2026-06-03 14:48:00+00:00,746.1300048828125,746.2241821289062,745.6699829101562,745.7000122070312,59358,QQQ,1m
2026-06-03 14:49:00+00:00,745.6749877929688,745.869873046875,745.3800048828125,745.5349731445312,81110,QQQ,1m
2026-06-03 14:50:00+00:00,745.489990234375,745.5999755859375,744.9500122070312,744.969970703125,121974,QQQ,1m
2026-06-03 14:51:00+00:00,744.97998046875,745.989990234375,744.97998046875,745.9349975585938,74775,QQQ,1m
2026-06-03 14:52:00+00:00,745.9149780273438,745.989990234375,745.469970703125,745.5401000976562,48919,QQQ,1m
2026-06-03 14:53:00+00:00,745.5399169921875,745.8201293945312,745.4299926757812,745.7949829101562,28933,QQQ,1m
2026-06-03 14:54:00+00:00,745.822998046875,745.9600219726562,745.5357055664062,745.635009765625,54871,QQQ,1m
2026-06-03 14:55:00+00:00,745.6300048828125,745.6900024414062,745.39501953125,745.4400024414062,42735,QQQ,1m
2026-06-03 14:56:00+00:00,745.4400024414062,745.5181274414062,745.2000122070312,745.22998046875,141684,QQQ,1m
2026-06-03 14:57:00+00:00,745.25,745.2890014648438,744.7249755859375,744.7800903320312,52278,QQQ,1m
2026-06-03 14:58:00+00:00,744.7750244140625,744.9500122070312,744.6810302734375,744.8300170898438,108223,QQQ,1m
2026-06-03 14:59:00+00:00,744.9299926757812,745.2055053710938,744.6799926757812,745.1900024414062,49592,QQQ,1m
2026-06-03 15:00:00+00:00,745.2050170898438,745.8400268554688,745.1400146484375,745.52001953125,102994,QQQ,1m
2026-06-03 15:01:00+00:00,745.5299072265625,745.8699951171875,745.4099731445312,745.739990234375,88965,QQQ,1m
2026-06-03 15:02:00+00:00,745.739990234375,745.8499755859375,745.469970703125,745.780029296875,33218,QQQ,1m
2026-06-03 15:03:00+00:00,745.8300170898438,746.1199951171875,745.7000122070312,746.0999755859375,58881,QQQ,1m
2026-06-03 15:04:00+00:00,746.1300048828125,746.1500244140625,745.8599853515625,745.8599853515625,79618,QQQ,1m
2026-06-03 15:05:00+00:00,745.8300170898438,745.8699951171875,745.4901123046875,745.5499877929688,36760,QQQ,1m
2026-06-03 15:06:00+00:00,745.530029296875,745.8200073242188,745.530029296875,745.6699829101562,29290,QQQ,1m
2026-06-03 15:07:00+00:00,745.6849975585938,745.7349853515625,745.3499755859375,745.4099731445312,69904,QQQ,1m
2026-06-03 15:08:00+00:00,745.4349975585938,745.869873046875,745.3699951171875,745.8499755859375,24503,QQQ,1m
2026-06-03 15:09:00+00:00,745.8599853515625,745.9199829101562,745.5499877929688,745.60498046875,30202,QQQ,1m
2026-06-03 15:10:00+00:00,745.6199951171875,746.2999877929688,745.5700073242188,746.2794799804688,55523,QQQ,1m
2026-06-03 15:11:00+00:00,746.280029296875,746.3699951171875,745.8499755859375,745.8499755859375,36146,QQQ,1m
2026-06-03 15:12:00+00:00,745.9199829101562,746.176025390625,745.5900268554688,745.6799926757812,71621,QQQ,1m
2026-06-03 15:13:00+00:00,745.6799926757812,745.97900390625,745.6599731445312,745.8400268554688,15606,QQQ,1m
2026-06-03 15:14:00+00:00,745.8400268554688,745.9100952148438,745.7100219726562,745.8300170898438,15679,QQQ,1m
2026-06-03 15:15:00+00:00,745.8300170898438,745.9099731445312,745.3499755859375,745.5,36281,QQQ,1m
2026-06-03 15:16:00+00:00,745.510009765625,745.9299926757812,745.5,745.7999877929688,36104,QQQ,1m
2026-06-03 15:17:00+00:00,745.7899780273438,745.9000244140625,745.4199829101562,745.469970703125,22486,QQQ,1m
2026-06-03 15:18:00+00:00,745.469970703125,745.5800170898438,745.260009765625,745.4010009765625,34634,QQQ,1m
2026-06-03 15:19:00+00:00,745.3150024414062,745.6300048828125,745.2999877929688,745.489990234375,25125,QQQ,1m
2026-06-03 15:20:00+00:00,745.52001953125,745.8150024414062,745.3900146484375,745.4299926757812,29410,QQQ,1m
2026-06-03 15:21:00+00:00,745.4600219726562,745.4600219726562,744.97998046875,745.1799926757812,100934,QQQ,1m
2026-06-03 15:22:00+00:00,745.219970703125,745.2999877929688,744.3400268554688,744.3400268554688,65277,QQQ,1m
2026-06-03 15:23:00+00:00,744.3300170898438,744.4299926757812,744.2100219726562,744.364990234375,145893,QQQ,1m
2026-06-03 15:24:00+00:00,744.3900146484375,744.6199951171875,744.1799926757812,744.4400024414062,67055,QQQ,1m
2026-06-03 15:25:00+00:00,744.4099731445312,744.4298706054688,743.9450073242188,743.9749755859375,104946,QQQ,1m
2026-06-03 15:26:00+00:00,743.97998046875,744.3400268554688,743.9400024414062,744.125,92036,QQQ,1m
2026-06-03 15:27:00+00:00,744.090087890625,744.8300170898438,744.0700073242188,744.8300170898438,134028,QQQ,1m
2026-06-03 15:28:00+00:00,744.780517578125,745.0700073242188,744.25,744.9299926757812,81185,QQQ,1m
2026-06-03 15:29:00+00:00,744.89501953125,745.2899780273438,744.8599853515625,745.219970703125,33646,QQQ,1m
2026-06-03 15:30:00+00:00,745.1900024414062,745.7000122070312,745.02001953125,745.6500244140625,81610,QQQ,1m
2026-06-03 15:31:00+00:00,745.6400146484375,745.669921875,745.47998046875,745.64501953125,27380,QQQ,1m
2026-06-03 15:32:00+00:00,745.6699829101562,745.7999877929688,745.4099731445312,745.4299926757812,40684,QQQ,1m
2026-06-03 15:33:00+00:00,745.469970703125,745.6400146484375,745.1500244140625,745.1500244140625,41311,QQQ,1m
2026-06-03 15:34:00+00:00,745.1400146484375,745.1699829101562,744.3499755859375,744.5349731445312,79203,QQQ,1m
2026-06-03 15:35:00+00:00,744.530029296875,744.719970703125,744.4199829101562,744.7000122070312,32744,QQQ,1m
2026-06-03 15:36:00+00:00,744.7100219726562,745.02001953125,744.6400146484375,744.9598999023438,44854,QQQ,1m
2026-06-03 15:37:00+00:00,744.969970703125,745.1390991210938,744.0800170898438,744.1500244140625,72224,QQQ,1m
2026-06-03 15:38:00+00:00,744.1699829101562,744.4600219726562,743.9500122070312,744.0399780273438,59731,QQQ,1m
2026-06-03 15:39:00+00:00,744.0250244140625,744.2899780273438,744.010009765625,744.1199951171875,37222,QQQ,1m
2026-06-03 15:40:00+00:00,744.1199951171875,744.1953125,743.7999877929688,743.9050903320312,41289,QQQ,1m
2026-06-03 15:41:00+00:00,743.9000244140625,744.22998046875,743.7999877929688,744.02001953125,68532,QQQ,1m
2026-06-03 15:42:00+00:00,743.989990234375,744.10498046875,743.760009765625,743.875,34891,QQQ,1m
2026-06-03 15:43:00+00:00,743.9000244140625,744.0499877929688,743.60498046875,743.7000122070312,79327,QQQ,1m
2026-06-03 15:44:00+00:00,743.6799926757812,743.8099975585938,743.5499877929688,743.6300048828125,79709,QQQ,1m
2026-06-03 15:45:00+00:00,743.5999755859375,743.7999877929688,743.25,743.4000244140625,70870,QQQ,1m
2026-06-03 15:46:00+00:00,743.4000244140625,743.4500122070312,742.8800048828125,742.9450073242188,120372,QQQ,1m
2026-06-03 15:47:00+00:00,742.9550170898438,743.0900268554688,742.7725219726562,742.989990234375,129166,QQQ,1m
2026-06-03 15:48:00+00:00,743.010009765625,743.5399780273438,743.010009765625,743.3699951171875,132386,QQQ,1m
2026-06-03 15:49:00+00:00,743.3599853515625,743.8800048828125,743.260009765625,743.6599731445312,146244,QQQ,1m
2026-06-03 15:50:00+00:00,743.6500244140625,744.3150024414062,743.625,744.2550048828125,92556,QQQ,1m
2026-06-03 15:51:00+00:00,744.219970703125,744.239990234375,743.885009765625,743.9298706054688,92119,QQQ,1m
2026-06-03 15:52:00+00:00,743.9000244140625,744.1099853515625,743.3699951171875,743.7100219726562,130532,QQQ,1m
2026-06-03 15:53:00+00:00,743.719970703125,743.8400268554688,743.6300048828125,743.72998046875,40516,QQQ,1m
2026-06-03 15:54:00+00:00,743.75,743.8800048828125,743.5999755859375,743.8150024414062,32652,QQQ,1m
2026-06-03 15:55:00+00:00,743.7999877929688,744.1300048828125,743.5399780273438,744.1300048828125,48947,QQQ,1m
2026-06-03 15:56:00+00:00,744.1300048828125,744.1400146484375,743.6300048828125,743.7050170898438,42925,QQQ,1m
2026-06-03 15:57:00+00:00,743.7000732421875,743.72998046875,743.489990234375,743.489990234375,45889,QQQ,1m
2026-06-03 15:58:00+00:00,743.5098266601562,743.8400268554688,743.469970703125,743.780029296875,38507,QQQ,1m
2026-06-03 15:59:00+00:00,743.77001953125,744.030029296875,743.6199951171875,743.6699829101562,56211,QQQ,1m
2026-06-03 16:00:00+00:00,743.7000122070312,744.0850219726562,743.580078125,743.6300048828125,46612,QQQ,1m
2026-06-03 16:01:00+00:00,743.5900268554688,743.5900268554688,743.1400146484375,743.260009765625,49559,QQQ,1m
2026-06-03 16:02:00+00:00,743.2698974609375,743.27001953125,743.0601196289062,743.2000122070312,52446,QQQ,1m
2026-06-03 16:03:00+00:00,743.1649780273438,743.5900268554688,743.1649780273438,743.4550170898438,56246,QQQ,1m
2026-06-03 16:04:00+00:00,743.47998046875,743.6900024414062,743.3300170898438,743.5999755859375,66603,QQQ,1m
2026-06-03 16:05:00+00:00,743.6400146484375,743.8699951171875,743.5599975585938,743.77001953125,39334,QQQ,1m
2026-06-03 16:06:00+00:00,743.6900024414062,743.7999877929688,743.4199829101562,743.5499267578125,19138,QQQ,1m
2026-06-03 16:07:00+00:00,743.6099853515625,743.6099853515625,743.2000732421875,743.2498779296875,28745,QQQ,1m
2026-06-03 16:08:00+00:00,743.219970703125,743.47998046875,743.0999755859375,743.3699951171875,36722,QQQ,1m
2026-06-03 16:09:00+00:00,743.3800048828125,743.5499877929688,743.3300170898438,743.3900146484375,41273,QQQ,1m
2026-06-03 16:10:00+00:00,743.4000244140625,743.7869873046875,743.3400268554688,743.7869873046875,43687,QQQ,1m
2026-06-03 16:11:00+00:00,743.8150024414062,743.8699951171875,743.6799926757812,743.85498046875,28231,QQQ,1m
2026-06-03 16:12:00+00:00,743.85498046875,744.1390991210938,743.8491821289062,744.0700073242188,33883,QQQ,1m
2026-06-03 16:13:00+00:00,744.0800170898438,744.10498046875,743.8900146484375,743.9450073242188,26388,QQQ,1m
2026-06-03 16:14:00+00:00,743.989990234375,744.0507202148438,743.7899780273438,743.8599853515625,24394,QQQ,1m
2026-06-03 16:15:00+00:00,743.8132934570312,743.8192749023438,743.4299926757812,743.760009765625,29352,QQQ,1m
2026-06-03 16:16:00+00:00,743.739990234375,743.747314453125,743.530029296875,743.7382202148438,17360,QQQ,1m
2026-06-03 16:17:00+00:00,743.739990234375,743.8099975585938,743.2921752929688,743.3200073242188,43218,QQQ,1m
2026-06-03 16:18:00+00:00,743.3250122070312,743.3399047851562,742.77001953125,742.85498046875,182673,QQQ,1m
2026-06-03 16:19:00+00:00,742.8538208007812,743.3499145507812,742.7249755859375,743.3300170898438,43512,QQQ,1m
2026-06-03 16:20:00+00:00,743.3200073242188,743.4199829101562,743.0900268554688,743.0999755859375,40252,QQQ,1m
2026-06-03 16:21:00+00:00,743.0800170898438,743.1699829101562,743.0,743.1500244140625,25482,QQQ,1m
2026-06-03 16:22:00+00:00,743.1500244140625,743.5,743.1199951171875,743.4219970703125,43891,QQQ,1m
2026-06-03 16:23:00+00:00,743.4349975585938,743.4349975585938,742.6699829101562,742.8499755859375,51721,QQQ,1m
2026-06-03 16:24:00+00:00,742.7849731445312,742.7849731445312,742.27001953125,742.2999877929688,75731,QQQ,1m
2026-06-03 16:25:00+00:00,742.280029296875,742.4398803710938,742.0,742.4398803710938,238001,QQQ,1m
2026-06-03 16:26:00+00:00,742.4199829101562,742.5,742.1799926757812,742.2000122070312,46789,QQQ,1m
2026-06-03 16:27:00+00:00,742.239990234375,742.3200073242188,741.8800048828125,742.3099975585938,114853,QQQ,1m
2026-06-03 16:28:00+00:00,742.3200073242188,742.469970703125,742.0300903320312,742.0900268554688,94723,QQQ,1m
2026-06-03 16:29:00+00:00,742.0999755859375,742.4299926757812,742.0900268554688,742.4199829101562,35582,QQQ,1m
2026-06-03 16:30:00+00:00,742.3200073242188,742.8187866210938,742.280029296875,742.6500244140625,101158,QQQ,1m
2026-06-03 16:31:00+00:00,742.6300048828125,742.9600219726562,742.4600219726562,742.5549926757812,45322,QQQ,1m
2026-06-03 16:32:00+00:00,742.5999755859375,743.0469970703125,742.5599975585938,743.010009765625,48932,QQQ,1m
2026-06-03 16:33:00+00:00,743.0,743.030029296875,742.5339965820312,742.739990234375,39704,QQQ,1m
2026-06-03 16:34:00+00:00,742.6900024414062,742.7999877929688,742.5800170898438,742.6900024414062,34934,QQQ,1m
2026-06-03 16:35:00+00:00,742.64501953125,742.64501953125,742.0349731445312,742.0349731445312,44320,QQQ,1m
2026-06-03 16:36:00+00:00,742.0601196289062,742.2100219726562,741.8800048828125,742.0750122070312,55409,QQQ,1m
2026-06-03 16:37:00+00:00,742.1099853515625,742.3200073242188,741.9099731445312,742.0499877929688,68720,QQQ,1m
2026-06-03 16:38:00+00:00,742.0599975585938,742.3900146484375,741.969970703125,742.1599731445312,47688,QQQ,1m
2026-06-03 16:39:00+00:00,742.1699829101562,742.1699829101562,741.9000854492188,741.9920043945312,17432,QQQ,1m
2026-06-03 16:40:00+00:00,741.989990234375,742.27001953125,741.9400024414062,742.0446166992188,67394,QQQ,1m
2026-06-03 16:41:00+00:00,741.9600219726562,742.0,741.3699951171875,741.409912109375,68715,QQQ,1m
2026-06-03 16:42:00+00:00,741.4099731445312,741.5250244140625,741.27001953125,741.3800048828125,107758,QQQ,1m
2026-06-03 16:43:00+00:00,741.375,741.780029296875,741.27001953125,741.6500244140625,119146,QQQ,1m
2026-06-03 16:44:00+00:00,741.6099853515625,741.6699829101562,741.6099853515625,741.6119995117188,98527,QQQ,1m
2026-06-03 16:45:00+00:00,742.0599975585938,742.2999877929688,742.0490112304688,742.2949829101562,58664,QQQ,1m
2026-06-03 16:46:00+00:00,742.3150024414062,742.3150024414062,742.0501098632812,742.1400146484375,70620,QQQ,1m
2026-06-03 16:47:00+00:00,742.6599731445312,742.7000122070312,742.4705200195312,742.6849975585938,18791,QQQ,1m
2026-06-03 16:48:00+00:00,742.6849975585938,743.0195922851562,742.5750122070312,742.9027709960938,54227,QQQ,1m
2026-06-03 16:49:00+00:00,742.8699951171875,742.8699951171875,742.7999877929688,742.7999877929688,4127,QQQ,1m
2026-06-03 16:50:00+00:00,743.0100708007812,743.2000122070312,743.010009765625,743.0999755859375,105012,QQQ,1m
2026-06-03 16:51:00+00:00,743.030029296875,743.0599975585938,742.9600219726562,743.0009155273438,14509,QQQ,1m
2026-06-03 16:52:00+00:00,743.010009765625,743.2449951171875,742.75,743.2249755859375,47256,QQQ,1m
2026-06-03 16:53:00+00:00,743.2000122070312,743.2130126953125,742.6199951171875,742.7200927734375,85566,QQQ,1m
2026-06-03 16:54:00+00:00,742.760009765625,743.1300048828125,742.760009765625,742.969970703125,58842,QQQ,1m
2026-06-03 16:55:00+00:00,742.72998046875,742.72998046875,742.7100219726562,742.7100219726562,1620,QQQ,1m
2026-06-03 16:56:00+00:00,742.72998046875,743.1799926757812,742.6599731445312,743.1799926757812,21283,QQQ,1m
2026-06-03 16:57:00+00:00,743.169921875,743.3300170898438,743.1300048828125,743.1699829101562,50486,QQQ,1m
2026-06-03 16:58:00+00:00,743.1699829101562,743.7330932617188,743.0900268554688,743.5679931640625,53547,QQQ,1m
2026-06-03 16:59:00+00:00,743.5401000976562,743.739990234375,743.510009765625,743.739990234375,69375,QQQ,1m
2026-06-03 17:00:00+00:00,743.77001953125,743.780029296875,743.3499755859375,743.469970703125,40377,QQQ,1m
2026-06-03 17:01:00+00:00,743.47998046875,743.5,743.1799926757812,743.219970703125,35549,QQQ,1m
2026-06-03 17:02:00+00:00,743.239990234375,743.239990234375,742.8800048828125,743.0999755859375,42956,QQQ,1m
2026-06-03 17:03:00+00:00,743.1300048828125,743.1599731445312,742.7899780273438,742.9500122070312,22676,QQQ,1m
2026-06-03 17:04:00+00:00,742.9849853515625,743.1300048828125,742.8049926757812,742.8150024414062,29702,QQQ,1m
2026-06-03 17:05:00+00:00,742.7999877929688,742.9199829101562,742.6699829101562,742.6799926757812,32501,QQQ,1m
2026-06-03 17:06:00+00:00,742.6599731445312,742.6599731445312,742.3099975585938,742.3201293945312,42833,QQQ,1m
2026-06-03 17:07:00+00:00,742.3599853515625,742.6898803710938,742.2349853515625,742.6699829101562,29155,QQQ,1m
2026-06-03 17:08:00+00:00,742.622314453125,743.0900268554688,742.5599975585938,743.0499877929688,53570,QQQ,1m
2026-06-03 17:09:00+00:00,743.0599975585938,743.4600219726562,742.969970703125,743.0449829101562,101965,QQQ,1m
2026-06-03 17:10:00+00:00,743.0560302734375,743.1799926757812,742.8499755859375,742.9149780273438,25465,QQQ,1m
2026-06-03 17:11:00+00:00,742.9299926757812,742.9949951171875,742.7301025390625,742.860107421875,30787,QQQ,1m
2026-06-03 17:12:00+00:00,742.8599853515625,742.9498291015625,742.380126953125,742.469970703125,51347,QQQ,1m
2026-06-03 17:13:00+00:00,742.4500122070312,742.5399780273438,742.0700073242188,742.0700073242188,46062,QQQ,1m
2026-06-03 17:14:00+00:00,742.0900268554688,742.3499755859375,741.969970703125,742.1528930664062,50634,QQQ,1m
2026-06-03 17:15:00+00:00,742.1900024414062,742.3526000976562,742.1300048828125,742.1649780273438,21354,QQQ,1m
2026-06-03 17:16:00+00:00,742.1699829101562,742.3400268554688,742.0800170898438,742.2999877929688,27268,QQQ,1m
2026-06-03 17:17:00+00:00,742.2849731445312,742.3150024414062,741.9199829101562,742.0050048828125,35436,QQQ,1m
2026-06-03 17:18:00+00:00,742.010009765625,742.0599975585938,741.6199951171875,741.6199951171875,44090,QQQ,1m
2026-06-03 17:19:00+00:00,741.6409912109375,741.989990234375,741.6002197265625,741.89990234375,40443,QQQ,1m
2026-06-03 17:20:00+00:00,741.89501953125,742.1099853515625,741.89501953125,742.0900268554688,43346,QQQ,1m
2026-06-03 17:21:00+00:00,741.9832153320312,742.1799926757812,741.9249877929688,742.135009765625,28568,QQQ,1m
2026-06-03 17:22:00+00:00,742.114990234375,742.1699829101562,741.6832275390625,741.7999877929688,55441,QQQ,1m
2026-06-03 17:23:00+00:00,741.8099975585938,742.35498046875,741.7800903320312,742.2449951171875,31499,QQQ,1m
2026-06-03 17:24:00+00:00,742.25,742.6345825195312,742.25,742.6013793945312,83592,QQQ,1m
2026-06-03 17:25:00+00:00,742.7000732421875,742.7100219726562,742.6799926757812,742.7100219726562,2850,QQQ,1m
2026-06-03 17:26:00+00:00,742.7000122070312,742.8400268554688,742.7000122070312,742.77001953125,18893,QQQ,1m
2026-06-03 17:27:00+00:00,742.7650146484375,742.8099975585938,742.655029296875,742.7999877929688,24108,QQQ,1m
2026-06-03 17:28:00+00:00,742.6900024414062,742.6900024414062,742.4299926757812,742.5650024414062,30861,QQQ,1m
2026-06-03 17:29:00+00:00,742.5499877929688,742.9683837890625,742.5404052734375,742.9210205078125,22791,QQQ,1m
2026-06-03 17:30:00+00:00,742.9199829101562,742.9199829101562,742.219970703125,742.2349853515625,179076,QQQ,1m
2026-06-03 17:31:00+00:00,742.2349853515625,742.5399780273438,742.2219848632812,742.5299072265625,19182,QQQ,1m
2026-06-03 17:32:00+00:00,742.52001953125,742.719970703125,742.3499755859375,742.7000122070312,24585,QQQ,1m
2026-06-03 17:33:00+00:00,742.7349853515625,743.0750122070312,742.72998046875,743.0399780273438,25967,QQQ,1m
2026-06-03 17:34:00+00:00,743.0399780273438,743.0800170898438,742.880126953125,742.989990234375,49012,QQQ,1m
2026-06-03 17:35:00+00:00,743.1900024414062,743.1900024414062,743.1900024414062,743.1900024414062,38458,QQQ,1m
2026-06-03 17:36:00+00:00,743.3900146484375,743.4749755859375,743.360107421875,743.4400024414062,30111,QQQ,1m
2026-06-03 17:37:00+00:00,743.4400024414062,743.6599731445312,743.3800048828125,743.5700073242188,76646,QQQ,1m
2026-06-03 17:38:00+00:00,743.5390014648438,743.5390014648438,743.2000122070312,743.2301025390625,35349,QQQ,1m
2026-06-03 17:39:00+00:00,743.219970703125,743.4498901367188,743.1799926757812,743.35498046875,28618,QQQ,1m
2026-06-03 17:40:00+00:00,743.3300170898438,743.47998046875,743.2567138671875,743.4149780273438,22730,QQQ,1m
2026-06-03 17:41:00+00:00,743.4000244140625,743.47998046875,743.1400146484375,743.4199829101562,24917,QQQ,1m
2026-06-03 17:42:00+00:00,743.4401245117188,743.7449951171875,743.4349975585938,743.635009765625,23476,QQQ,1m
2026-06-03 17:43:00+00:00,743.6300048828125,743.9000244140625,743.5999755859375,743.8800048828125,44634,QQQ,1m
2026-06-03 17:44:00+00:00,743.8900756835938,743.9149780273438,743.801025390625,743.9000244140625,74293,QQQ,1m
2026-06-03 17:45:00+00:00,743.9199829101562,744.1400146484375,743.8599853515625,743.875,95884,QQQ,1m
2026-06-03 17:46:00+00:00,743.8800048828125,743.9190063476562,743.7100219726562,743.8200073242188,60724,QQQ,1m
2026-06-03 17:47:00+00:00,743.8150024414062,744.0700073242188,743.8099975585938,743.8499755859375,40716,QQQ,1m
2026-06-03 17:48:00+00:00,743.844970703125,744.1373901367188,743.844970703125,744.0399169921875,29366,QQQ,1m
2026-06-03 17:49:00+00:00,744.0399780273438,744.0822143554688,743.8499755859375,744.010009765625,37907,QQQ,1m
2026-06-03 17:50:00+00:00,744.0499877929688,744.0999755859375,743.9000244140625,744.0399780273438,21443,QQQ,1m
2026-06-03 17:51:00+00:00,744.0449829101562,744.3200073242188,743.9949951171875,744.239990234375,47349,QQQ,1m
2026-06-03 17:52:00+00:00,744.22998046875,744.369873046875,744.1798706054688,744.3300170898438,50842,QQQ,1m
2026-06-03 17:53:00+00:00,744.3300170898438,744.3800048828125,744.2050170898438,744.2050170898438,30462,QQQ,1m
2026-06-03 17:54:00+00:00,744.2100219726562,744.469970703125,744.1199951171875,744.469970703125,38039,QQQ,1m
2026-06-03 17:55:00+00:00,744.4600830078125,744.530029296875,744.4301147460938,744.52001953125,53427,QQQ,1m
2026-06-03 17:56:00+00:00,744.510009765625,744.6300048828125,744.489990234375,744.6199951171875,45030,QQQ,1m
2026-06-03 17:57:00+00:00,744.6300048828125,744.6400146484375,744.4301147460938,744.52001953125,59685,QQQ,1m
2026-06-03 17:58:00+00:00,744.5050048828125,744.6199951171875,744.3800048828125,744.6199951171875,62107,QQQ,1m
2026-06-03 17:59:00+00:00,744.6400146484375,744.7100219726562,744.5230102539062,744.5900268554688,41757,QQQ,1m
2026-06-03 18:00:00+00:00,744.6370239257812,744.6370239257812,744.4199829101562,744.4199829101562,54449,QQQ,1m
2026-06-03 18:01:00+00:00,744.4099731445312,744.7000122070312,744.405029296875,744.6400146484375,50605,QQQ,1m
2026-06-03 18:02:00+00:00,744.6699829101562,744.7899780273438,744.5800170898438,744.7449951171875,28993,QQQ,1m
2026-06-03 18:03:00+00:00,744.7449951171875,744.8599853515625,744.5700073242188,744.75,42548,QQQ,1m
2026-06-03 18:04:00+00:00,744.739990234375,744.8308715820312,744.6500244140625,744.8099975585938,18227,QQQ,1m
2026-06-03 18:05:00+00:00,744.7899780273438,744.7999877929688,744.6300048828125,744.6826171875,32817,QQQ,1m
2026-06-03 18:06:00+00:00,744.6799926757812,744.7899780273438,744.4199829101562,744.5,42975,QQQ,1m
2026-06-03 18:07:00+00:00,744.5050048828125,744.5469970703125,744.3599853515625,744.489990234375,20325,QQQ,1m
2026-06-03 18:08:00+00:00,744.4749755859375,744.5855712890625,744.4100952148438,744.469970703125,34819,QQQ,1m
2026-06-03 18:09:00+00:00,744.47998046875,744.7100219726562,744.4600219726562,744.4949951171875,17275,QQQ,1m
2026-06-03 18:10:00+00:00,744.4719848632812,744.6480102539062,744.364990234375,744.6099853515625,35260,QQQ,1m
2026-06-03 18:11:00+00:00,744.5900268554688,744.5900268554688,744.27001953125,744.4400024414062,51009,QQQ,1m
2026-06-03 18:12:00+00:00,744.4550170898438,744.52001953125,744.27001953125,744.309814453125,31948,QQQ,1m
2026-06-03 18:13:00+00:00,744.2952270507812,744.2952270507812,744.02001953125,744.0250244140625,39287,QQQ,1m
2026-06-03 18:14:00+00:00,744.0399780273438,744.239990234375,743.8599853515625,744.135009765625,710206,QQQ,1m
2026-06-03 18:15:00+00:00,744.1599731445312,744.1599731445312,743.8400268554688,744.010009765625,273998,QQQ,1m
2026-06-03 18:16:00+00:00,744.02001953125,744.0599975585938,743.780029296875,743.8499755859375,48634,QQQ,1m
2026-06-03 18:17:00+00:00,743.844482421875,744.030029296875,743.760009765625,743.97998046875,24886,QQQ,1m
2026-06-03 18:18:00+00:00,743.9749755859375,744.135009765625,743.9400024414062,744.0549926757812,28044,QQQ,1m
2026-06-03 18:19:00+00:00,744.0399780273438,744.47998046875,743.97998046875,744.47998046875,28228,QQQ,1m
2026-06-03 18:20:00+00:00,744.4749755859375,744.4749755859375,743.9500122070312,744.4400024414062,90591,QQQ,1m
2026-06-03 18:21:00+00:00,744.4249877929688,744.6599731445312,744.3800048828125,744.5499877929688,45053,QQQ,1m
2026-06-03 18:22:00+00:00,744.5399780273438,744.6500244140625,744.4400024414062,744.6488037109375,33389,QQQ,1m
2026-06-03 18:23:00+00:00,744.6599731445312,744.760009765625,744.5900268554688,744.60009765625,23136,QQQ,1m
2026-06-03 18:24:00+00:00,744.63720703125,744.97998046875,744.63720703125,744.969970703125,37624,QQQ,1m
2026-06-03 18:25:00+00:00,744.989990234375,745.1599731445312,744.8900146484375,745.135009765625,62907,QQQ,1m
2026-06-03 18:26:00+00:00,745.135009765625,745.4400024414062,745.110107421875,745.4301147460938,60665,QQQ,1m
2026-06-03 18:27:00+00:00,745.4199829101562,745.469970703125,745.260009765625,745.3300170898438,35817,QQQ,1m
2026-06-03 18:28:00+00:00,745.3400268554688,745.4299926757812,745.219970703125,745.219970703125,46828,QQQ,1m
2026-06-03 18:29:00+00:00,745.219970703125,745.4600219726562,745.219970703125,745.4099731445312,36545,QQQ,1m
2026-06-03 18:30:00+00:00,745.4099731445312,745.5,745.3200073242188,745.3699951171875,33219,QQQ,1m
2026-06-03 18:31:00+00:00,745.3900146484375,745.5,745.25,745.5,25699,QQQ,1m
2026-06-03 18:32:00+00:00,745.510009765625,745.52001953125,745.4000244140625,745.469970703125,33930,QQQ,1m
2026-06-03 18:33:00+00:00,745.469970703125,745.489990234375,745.280029296875,745.385009765625,59001,QQQ,1m
2026-06-03 18:34:00+00:00,745.3599853515625,745.3889770507812,745.0419921875,745.0419921875,46478,QQQ,1m
2026-06-03 18:35:00+00:00,745.0449829101562,745.0800170898438,744.6099853515625,744.6649780273438,72961,QQQ,1m
2026-06-03 18:36:00+00:00,744.6199951171875,744.9400024414062,744.5700073242188,744.8200073242188,54770,QQQ,1m
2026-06-03 18:37:00+00:00,744.8099975585938,744.89501953125,744.72998046875,744.8250122070312,35770,QQQ,1m
2026-06-03 18:38:00+00:00,744.8099975585938,744.8599853515625,744.469970703125,744.5700073242188,354139,QQQ,1m
2026-06-03 18:39:00+00:00,744.5650024414062,744.7100219726562,744.47998046875,744.6400146484375,49699,QQQ,1m
2026-06-03 18:40:00+00:00,744.6500244140625,744.760009765625,744.4000244140625,744.4149780273438,730261,QQQ,1m
2026-06-03 18:41:00+00:00,744.4149780273438,744.6199951171875,744.3900146484375,744.5899047851562,41929,QQQ,1m
2026-06-03 18:42:00+00:00,744.614990234375,744.719970703125,744.5800170898438,744.6500244140625,33780,QQQ,1m
2026-06-03 18:43:00+00:00,744.655029296875,744.8800048828125,744.655029296875,744.75,37647,QQQ,1m
2026-06-03 18:44:00+00:00,744.75,744.8599853515625,744.6699829101562,744.7899780273438,148485,QQQ,1m
2026-06-03 18:45:00+00:00,744.8099975585938,745.010009765625,744.760009765625,744.9099731445312,49250,QQQ,1m
2026-06-03 18:46:00+00:00,744.9099731445312,745.0599975585938,744.9000244140625,745.040283203125,36281,QQQ,1m
2026-06-03 18:47:00+00:00,745.0449829101562,745.1599731445312,744.9600830078125,745.0700073242188,25481,QQQ,1m
2026-06-03 18:48:00+00:00,745.0499877929688,745.1699829101562,744.9949951171875,745.0001220703125,36633,QQQ,1m
2026-06-03 18:49:00+00:00,744.97998046875,745.0,744.739990234375,744.7449951171875,27832,QQQ,1m
2026-06-03 18:50:00+00:00,744.760009765625,744.8200073242188,744.6300048828125,744.7700805664062,21824,QQQ,1m
2026-06-03 18:51:00+00:00,744.760009765625,745.0499267578125,744.7000122070312,744.9199829101562,22711,QQQ,1m
2026-06-03 18:52:00+00:00,744.9398803710938,744.9398803710938,744.72998046875,744.760009765625,13932,QQQ,1m
2026-06-03 18:53:00+00:00,744.739990234375,744.760009765625,744.5499877929688,744.6199951171875,30885,QQQ,1m
2026-06-03 18:54:00+00:00,744.6699829101562,744.9400024414062,744.6699829101562,744.8300170898438,20118,QQQ,1m
2026-06-03 18:55:00+00:00,744.8150024414062,744.9099731445312,744.5850219726562,744.5850219726562,55828,QQQ,1m
2026-06-03 18:56:00+00:00,744.5850219726562,744.7949829101562,744.5,744.5147705078125,44468,QQQ,1m
2026-06-03 18:57:00+00:00,744.5050048828125,744.72998046875,744.4100952148438,744.5999755859375,51761,QQQ,1m
2026-06-03 18:58:00+00:00,744.64501953125,744.8800048828125,744.5800170898438,744.8300170898438,44292,QQQ,1m
2026-06-03 18:59:00+00:00,744.8099975585938,744.8200073242188,744.6849975585938,744.780029296875,51849,QQQ,1m
2026-06-03 19:00:00+00:00,744.7999877929688,744.7999877929688,744.3300170898438,744.5250244140625,67931,QQQ,1m
2026-06-03 19:01:00+00:00,744.5189819335938,744.5700073242188,744.219970703125,744.27001953125,42586,QQQ,1m
2026-06-03 19:02:00+00:00,744.27001953125,744.27001953125,744.0999755859375,744.1699829101562,34182,QQQ,1m
2026-06-03 19:03:00+00:00,744.1599731445312,744.2899780273438,743.9600219726562,744.2794189453125,55055,QQQ,1m
2026-06-03 19:04:00+00:00,744.22998046875,744.469970703125,744.0999755859375,744.3900146484375,51556,QQQ,1m
2026-06-03 19:05:00+00:00,744.3699951171875,744.7899780273438,744.3499755859375,744.5900268554688,38708,QQQ,1m
2026-06-03 19:06:00+00:00,744.6099853515625,744.8699951171875,744.5700073242188,744.5700073242188,26370,QQQ,1m
2026-06-03 19:07:00+00:00,744.6099853515625,744.9600219726562,744.594970703125,744.9199829101562,22473,QQQ,1m
2026-06-03 19:08:00+00:00,744.9149780273438,744.9600219726562,744.7849731445312,744.8400268554688,18625,QQQ,1m
2026-06-03 19:09:00+00:00,744.780029296875,744.8051147460938,744.4600219726562,744.47998046875,25360,QQQ,1m
2026-06-03 19:10:00+00:00,744.52001953125,744.622314453125,744.4299926757812,744.4500122070312,23658,QQQ,1m
2026-06-03 19:11:00+00:00,744.4500122070312,744.4949951171875,743.9400024414062,744.0050048828125,61533,QQQ,1m
2026-06-03 19:12:00+00:00,743.9998779296875,744.1099853515625,743.9000244140625,743.9949951171875,63776,QQQ,1m
2026-06-03 19:13:00+00:00,743.969970703125,744.25,743.9199829101562,744.25,36132,QQQ,1m
2026-06-03 19:14:00+00:00,744.2449951171875,744.4299926757812,744.1900024414062,744.4149780273438,44555,QQQ,1m
2026-06-03 19:15:00+00:00,744.4099731445312,744.4199829101562,744.0999755859375,744.1199951171875,181774,QQQ,1m
2026-06-03 19:16:00+00:00,744.1199951171875,744.47998046875,744.0999755859375,744.3599853515625,36008,QQQ,1m
2026-06-03 19:17:00+00:00,744.4199829101562,744.97998046875,744.3610229492188,744.6500244140625,104789,QQQ,1m
2026-06-03 19:18:00+00:00,744.6500244140625,744.77001953125,744.489990234375,744.489990234375,126819,QQQ,1m
2026-06-03 19:19:00+00:00,744.4801025390625,744.6099853515625,744.2999877929688,744.530029296875,35756,QQQ,1m
2026-06-03 19:20:00+00:00,744.489990234375,744.5900268554688,744.3300170898438,744.501708984375,28439,QQQ,1m
2026-06-03 19:21:00+00:00,744.5050048828125,744.52001953125,743.969970703125,743.97998046875,72675,QQQ,1m
2026-06-03 19:22:00+00:00,743.9854125976562,744.0700073242188,743.8499755859375,743.9500122070312,43192,QQQ,1m
2026-06-03 19:23:00+00:00,744.0,744.1577758789062,743.8920288085938,744.0100708007812,37502,QQQ,1m
2026-06-03 19:24:00+00:00,744.030029296875,744.2899780273438,743.989990234375,744.0,35798,QQQ,1m
2026-06-03 19:25:00+00:00,744.0900268554688,744.1099853515625,743.8800048828125,743.9949951171875,19201,QQQ,1m
2026-06-03 19:26:00+00:00,743.989990234375,744.0700073242188,743.9199829101562,743.9199829101562,122765,QQQ,1m
2026-06-03 19:27:00+00:00,743.9199829101562,744.02001953125,743.7705078125,744.0098876953125,47517,QQQ,1m
2026-06-03 19:28:00+00:00,744.0,744.1300048828125,743.8660278320312,743.9500122070312,362506,QQQ,1m
2026-06-03 19:29:00+00:00,743.951171875,744.4149780273438,743.951171875,744.3599853515625,27695,QQQ,1m
2026-06-03 19:30:00+00:00,744.344970703125,744.6699829101562,744.1699829101562,744.4199829101562,38476,QQQ,1m
2026-06-03 19:31:00+00:00,744.4099731445312,744.6400146484375,744.35498046875,744.4277954101562,30232,QQQ,1m
2026-06-03 19:32:00+00:00,744.4299926757812,744.6099853515625,744.1849975585938,744.385009765625,30501,QQQ,1m
2026-06-03 19:33:00+00:00,744.3900146484375,744.5349731445312,744.3099975585938,744.4000244140625,44824,QQQ,1m
2026-06-03 19:34:00+00:00,744.4299926757812,744.7000122070312,744.3400268554688,744.669921875,62642,QQQ,1m
2026-06-03 19:35:00+00:00,744.7000122070312,744.8699951171875,744.5501098632812,744.8599853515625,49472,QQQ,1m
2026-06-03 19:36:00+00:00,744.8699951171875,745.1699829101562,744.8400268554688,745.1500244140625,159779,QQQ,1m
2026-06-03 19:37:00+00:00,745.135009765625,745.3989868164062,745.0800170898438,745.3599853515625,271696,QQQ,1m
2026-06-03 19:38:00+00:00,745.35498046875,745.39990234375,745.1942138671875,745.3900146484375,70660,QQQ,1m
2026-06-03 19:39:00+00:00,745.3900146484375,745.5,745.2999877929688,745.330078125,84349,QQQ,1m
2026-06-03 19:40:00+00:00,745.3300170898438,745.5750122070312,745.1942138671875,745.5399780273438,59314,QQQ,1m
2026-06-03 19:41:00+00:00,745.5499877929688,745.5899047851562,745.3599853515625,745.5399780273438,104675,QQQ,1m
2026-06-03 19:42:00+00:00,745.5800170898438,745.6950073242188,745.4500122070312,745.6199951171875,51492,QQQ,1m
2026-06-03 19:43:00+00:00,745.6099853515625,745.6500244140625,745.489990234375,745.6400146484375,50745,QQQ,1m
2026-06-03 19:44:00+00:00,745.6500244140625,745.6898803710938,745.5036010742188,745.50830078125,76275,QQQ,1m
2026-06-03 19:45:00+00:00,745.489990234375,745.5599975585938,745.2750244140625,745.3400268554688,105237,QQQ,1m
2026-06-03 19:46:00+00:00,745.3400268554688,745.5800170898438,745.260009765625,745.4849853515625,74316,QQQ,1m
2026-06-03 19:47:00+00:00,745.489990234375,745.6900024414062,745.4600219726562,745.6599731445312,71477,QQQ,1m
2026-06-03 19:48:00+00:00,745.6699829101562,745.7550048828125,745.4600219726562,745.52001953125,55644,QQQ,1m
2026-06-03 19:49:00+00:00,745.530029296875,745.6500244140625,745.47998046875,745.5499877929688,143393,QQQ,1m
2026-06-03 19:50:00+00:00,745.5800170898438,745.7000122070312,744.9000244140625,745.0700073242188,255290,QQQ,1m
2026-06-03 19:51:00+00:00,745.0800170898438,745.2098999023438,745.0,745.02001953125,104977,QQQ,1m
2026-06-03 19:52:00+00:00,745.0399780273438,745.1900024414062,744.969970703125,745.02001953125,104851,QQQ,1m
2026-06-03 19:53:00+00:00,745.010009765625,745.0999755859375,744.8300170898438,745.0599975585938,183476,QQQ,1m
2026-06-03 19:54:00+00:00,745.0650024414062,745.0650024414062,744.5800170898438,744.635009765625,197593,QQQ,1m
2026-06-03 19:55:00+00:00,744.6099853515625,745.1199951171875,744.3099975585938,744.6099853515625,599023,QQQ,1m
2026-06-03 19:56:00+00:00,744.5900268554688,744.8400268554688,744.510009765625,744.6900024414062,316964,QQQ,1m
2026-06-03 19:57:00+00:00,744.6900024414062,744.7999877929688,744.4500122070312,744.5150146484375,494642,QQQ,1m
2026-06-03 19:58:00+00:00,744.5,744.5999755859375,744.3300170898438,744.3599853515625,381446,QQQ,1m
2026-06-03 19:59:00+00:00,744.3400268554688,744.469970703125,743.9400024414062,744.2542114257812,716509,QQQ,1m
2026-06-04 13:30:00+00:00,735.489990234375,735.489990234375,734.0700073242188,734.8300170898438,3274344,QQQ,1m
2026-06-04 13:31:00+00:00,734.85498046875,736.0399780273438,734.6099853515625,735.52001953125,610313,QQQ,1m
2026-06-04 13:32:00+00:00,735.614990234375,736.3099975585938,735.0399780273438,736.2150268554688,202518,QQQ,1m
2026-06-04 13:33:00+00:00,736.2000122070312,737.2100219726562,736.2000122070312,737.2100219726562,273191,QQQ,1m
2026-06-04 13:34:00+00:00,737.2000122070312,737.5599975585938,736.760009765625,737.3099975585938,282067,QQQ,1m
2026-06-04 13:35:00+00:00,737.3200073242188,737.3499755859375,736.5999755859375,736.780029296875,234094,QQQ,1m
2026-06-04 13:36:00+00:00,736.739990234375,737.0,736.4000244140625,736.5999755859375,168360,QQQ,1m
2026-06-04 13:37:00+00:00,736.60498046875,737.7999877929688,736.5499877929688,737.5599975585938,205938,QQQ,1m
2026-06-04 13:38:00+00:00,737.4600219726562,737.77001953125,736.97998046875,737.4400024414062,180954,QQQ,1m
2026-06-04 13:39:00+00:00,737.469970703125,737.469970703125,736.8300170898438,737.0599975585938,112472,QQQ,1m
2026-06-04 13:40:00+00:00,737.0700073242188,737.280029296875,736.0399780273438,736.1599731445312,211628,QQQ,1m
2026-06-04 13:41:00+00:00,736.1500244140625,736.469970703125,735.5900268554688,735.635009765625,213245,QQQ,1m
2026-06-04 13:42:00+00:00,735.6500244140625,735.885009765625,735.02001953125,735.1798706054688,230022,QQQ,1m
2026-06-04 13:43:00+00:00,735.1699829101562,735.4500122070312,734.6799926757812,734.6799926757812,213417,QQQ,1m
2026-06-04 13:44:00+00:00,734.6699829101562,735.1099853515625,734.3400268554688,734.4600219726562,295870,QQQ,1m
2026-06-04 13:45:00+00:00,734.469970703125,734.52001953125,733.5599975585938,733.8300170898438,279443,QQQ,1m
2026-06-04 13:46:00+00:00,733.8300170898438,735.1099853515625,733.6400146484375,734.4249877929688,361516,QQQ,1m
2026-06-04 13:47:00+00:00,734.4500122070312,735.530029296875,734.4450073242188,735.3350219726562,249482,QQQ,1m
2026-06-04 13:48:00+00:00,735.3499755859375,735.8099975585938,735.0900268554688,735.7412109375,124084,QQQ,1m
2026-06-04 13:49:00+00:00,735.739990234375,735.8499755859375,734.5250244140625,734.9500122070312,139627,QQQ,1m
2026-06-04 13:50:00+00:00,735.0,735.3056030273438,734.3599853515625,735.219970703125,221596,QQQ,1m
2026-06-04 13:51:00+00:00,735.1799926757812,736.0800170898438,734.9099731445312,736.02001953125,182622,QQQ,1m
2026-06-04 13:52:00+00:00,736.0,736.6099853515625,735.4201049804688,735.5150146484375,157085,QQQ,1m
2026-06-04 13:53:00+00:00,735.4849853515625,735.9299926757812,734.9400024414062,735.280029296875,119818,QQQ,1m
2026-06-04 13:54:00+00:00,735.2550048828125,735.322021484375,734.52001953125,734.969970703125,101448,QQQ,1m
2026-06-04 13:55:00+00:00,734.9249877929688,735.489990234375,734.6115112304688,734.8302001953125,120956,QQQ,1m
2026-06-04 13:56:00+00:00,734.9099731445312,735.2628173828125,734.6500244140625,735.1400146484375,98686,QQQ,1m
2026-06-04 13:57:00+00:00,735.219970703125,736.0399780273438,735.1300048828125,735.760009765625,197174,QQQ,1m
2026-06-04 13:58:00+00:00,735.7100219726562,736.510009765625,735.6599731445312,735.9600219726562,196373,QQQ,1m
2026-06-04 13:59:00+00:00,736.0150146484375,736.2999877929688,735.0,735.0,131628,QQQ,1m
2026-06-04 14:00:00+00:00,735.0,735.510009765625,734.5800170898438,734.6500244140625,199531,QQQ,1m
2026-06-04 14:01:00+00:00,734.6400146484375,735.2999877929688,734.6400146484375,734.9500122070312,122261,QQQ,1m
2026-06-04 14:02:00+00:00,734.9550170898438,735.0,734.4301147460938,734.5875244140625,124290,QQQ,1m
2026-06-04 14:03:00+00:00,734.5999755859375,734.6199951171875,734.0900268554688,734.0900268554688,148628,QQQ,1m
2026-06-04 14:04:00+00:00,734.0800170898438,734.22998046875,733.6900024414062,733.72998046875,134479,QQQ,1m
2026-06-04 14:05:00+00:00,733.7349853515625,733.8099975585938,733.0399780273438,733.2100219726562,217380,QQQ,1m
2026-06-04 14:06:00+00:00,733.2150268554688,733.6099853515625,732.630126953125,732.8900146484375,274943,QQQ,1m
2026-06-04 14:07:00+00:00,732.8900146484375,733.4420166015625,732.6300048828125,733.0399780273438,148739,QQQ,1m
2026-06-04 14:08:00+00:00,733.0599975585938,733.77001953125,733.0349731445312,733.77001953125,202888,QQQ,1m
2026-06-04 14:09:00+00:00,733.77001953125,733.9600219726562,733.2999877929688,733.4400024414062,168364,QQQ,1m
2026-06-04 14:10:00+00:00,733.4099731445312,734.5650024414062,733.3300170898438,734.510009765625,180295,QQQ,1m
2026-06-04 14:11:00+00:00,734.5599975585938,735.5900268554688,734.4299926757812,735.4299926757812,213891,QQQ,1m
2026-06-04 14:12:00+00:00,735.344970703125,735.75,735.22998046875,735.239990234375,139818,QQQ,1m
2026-06-04 14:13:00+00:00,735.2999877929688,735.5900268554688,734.760009765625,735.280029296875,147531,QQQ,1m
2026-06-04 14:14:00+00:00,735.3400268554688,735.719970703125,735.239990234375,735.6900024414062,75554,QQQ,1m
2026-06-04 14:15:00+00:00,735.6701049804688,736.0800170898438,735.6500244140625,735.969970703125,139492,QQQ,1m
2026-06-04 14:16:00+00:00,735.9299926757812,736.2899780273438,735.760009765625,736.0537719726562,66484,QQQ,1m
2026-06-04 14:17:00+00:00,736.02001953125,736.3200073242188,735.4099731445312,736.1599731445312,102371,QQQ,1m
2026-06-04 14:18:00+00:00,736.105224609375,736.1500244140625,735.4719848632812,735.75,64554,QQQ,1m
2026-06-04 14:19:00+00:00,735.760009765625,735.8499755859375,735.3300170898438,735.3300170898438,109926,QQQ,1m
2026-06-04 14:20:00+00:00,735.4299926757812,735.5700073242188,735.1300048828125,735.219970703125,68941,QQQ,1m
2026-06-04 14:21:00+00:00,735.2249755859375,735.8699951171875,735.02001953125,735.510009765625,62626,QQQ,1m
2026-06-04 14:22:00+00:00,735.52001953125,735.969970703125,735.510009765625,735.9349975585938,51653,QQQ,1m
2026-06-04 14:23:00+00:00,736.0,736.4199829101562,735.6599731445312,736.3900146484375,62671,QQQ,1m
2026-06-04 14:24:00+00:00,736.4099731445312,736.760009765625,736.0900268554688,736.760009765625,83070,QQQ,1m
2026-06-04 14:25:00+00:00,736.719970703125,736.9000244140625,736.52001953125,736.8099975585938,63019,QQQ,1m
2026-06-04 14:26:00+00:00,736.8250122070312,736.9691162109375,736.5900268554688,736.6699829101562,51619,QQQ,1m
2026-06-04 14:27:00+00:00,736.7100219726562,737.0599975585938,736.4000244140625,736.9696044921875,102208,QQQ,1m
2026-06-04 14:28:00+00:00,736.9650268554688,737.3499755859375,736.9299926757812,737.0999755859375,91396,QQQ,1m
2026-06-04 14:29:00+00:00,737.0700073242188,737.2000122070312,736.77001953125,737.1900024414062,71941,QQQ,1m
2026-06-04 14:30:00+00:00,737.1500244140625,737.3200073242188,736.6600952148438,736.77001953125,138429,QQQ,1m
2026-06-04 14:31:00+00:00,736.75,736.8900146484375,736.330078125,736.5798950195312,148699,QQQ,1m
2026-06-04 14:32:00+00:00,736.5399780273438,736.6300048828125,736.1599731445312,736.3499755859375,73196,QQQ,1m
2026-06-04 14:33:00+00:00,736.3300170898438,736.9299926757812,736.27001953125,736.7949829101562,114944,QQQ,1m
2026-06-04 14:34:00+00:00,736.77001953125,737.2100219726562,736.6099853515625,736.8250122070312,56414,QQQ,1m
2026-06-04 14:35:00+00:00,736.7999877929688,736.9299926757812,736.0800170898438,736.2401123046875,120456,QQQ,1m
2026-06-04 14:36:00+00:00,736.27001953125,736.780029296875,736.02001953125,736.4301147460938,70009,QQQ,1m
2026-06-04 14:37:00+00:00,736.4400024414062,736.763671875,736.302978515625,736.7100219726562,57836,QQQ,1m
2026-06-04 14:38:00+00:00,736.6699829101562,736.97998046875,736.5,736.5,43918,QQQ,1m
2026-06-04 14:39:00+00:00,736.5,736.6199951171875,736.2899780273438,736.47998046875,40928,QQQ,1m
2026-06-04 14:40:00+00:00,736.47998046875,737.02001953125,736.469970703125,736.9000244140625,75354,QQQ,1m
2026-06-04 14:41:00+00:00,736.909912109375,737.0900268554688,736.7999877929688,737.02001953125,41903,QQQ,1m
2026-06-04 14:42:00+00:00,736.9299926757812,736.989990234375,736.5380249023438,736.6099853515625,57534,QQQ,1m
2026-06-04 14:43:00+00:00,736.6099853515625,736.8699951171875,736.4500122070312,736.5900268554688,69156,QQQ,1m
2026-06-04 14:44:00+00:00,736.618896484375,736.6849975585938,736.130126953125,736.1799926757812,51833,QQQ,1m
2026-06-04 14:45:00+00:00,736.1599731445312,736.3800048828125,736.0900268554688,736.3099975585938,79216,QQQ,1m
2026-06-04 14:46:00+00:00,736.2899780273438,736.9199829101562,736.2100219726562,736.8400268554688,52563,QQQ,1m
2026-06-04 14:47:00+00:00,736.869873046875,736.9771728515625,736.5900268554688,736.5900268554688,105660,QQQ,1m
2026-06-04 14:48:00+00:00,736.60498046875,736.6900024414062,736.0399780273438,736.0650024414062,72105,QQQ,1m
2026-06-04 14:49:00+00:00,736.1300048828125,736.530029296875,735.98876953125,736.530029296875,39675,QQQ,1m
2026-06-04 14:50:00+00:00,736.5499877929688,736.8099975585938,736.1300048828125,736.7650146484375,63188,QQQ,1m
2026-06-04 14:51:00+00:00,736.7650146484375,736.8599853515625,736.5150146484375,736.7899780273438,37284,QQQ,1m
2026-06-04 14:52:00+00:00,736.8200073242188,736.8200073242188,736.4788818359375,736.5098876953125,70658,QQQ,1m
2026-06-04 14:53:00+00:00,736.510009765625,736.510009765625,736.1400146484375,736.2000122070312,59267,QQQ,1m
2026-06-04 14:54:00+00:00,736.239990234375,736.9000244140625,736.2000122070312,736.6699829101562,51507,QQQ,1m
2026-06-04 14:55:00+00:00,736.5900268554688,736.919921875,736.5900268554688,736.8250122070312,29461,QQQ,1m
2026-06-04 14:56:00+00:00,736.8400268554688,737.2000122070312,736.8400268554688,737.0,48233,QQQ,1m
2026-06-04 14:57:00+00:00,737.0220947265625,737.2999877929688,736.7100219726562,737.2100219726562,42972,QQQ,1m
2026-06-04 14:58:00+00:00,737.22998046875,737.3499755859375,737.1300048828125,737.3099975585938,52269,QQQ,1m
2026-06-04 14:59:00+00:00,737.3599853515625,737.5800170898438,737.280029296875,737.5200805664062,62776,QQQ,1m
2026-06-04 15:00:00+00:00,737.5700073242188,738.1599731445312,737.5399780273438,738.119873046875,152790,QQQ,1m
2026-06-04 15:01:00+00:00,738.1199951171875,738.1300048828125,737.719970703125,737.919921875,66346,QQQ,1m
2026-06-04 15:02:00+00:00,737.9099731445312,738.0900268554688,737.760009765625,737.7600708007812,27811,QQQ,1m
2026-06-04 15:03:00+00:00,737.8316040039062,737.989990234375,737.7000122070312,737.8300170898438,40027,QQQ,1m
2026-06-04 15:04:00+00:00,737.8200073242188,737.8900146484375,737.5599975585938,737.8400268554688,41330,QQQ,1m
2026-06-04 15:05:00+00:00,737.8499755859375,738.3400268554688,737.844970703125,738.239990234375,106455,QQQ,1m
2026-06-04 15:06:00+00:00,738.219970703125,738.5,738.2100219726562,738.469970703125,78642,QQQ,1m
2026-06-04 15:07:00+00:00,738.4539794921875,738.7899780273438,738.3400268554688,738.77001953125,105836,QQQ,1m
2026-06-04 15:08:00+00:00,738.780029296875,739.2000122070312,738.75,739.1500244140625,137428,QQQ,1m
2026-06-04 15:09:00+00:00,739.1799926757812,739.489990234375,739.1300048828125,739.3300170898438,120359,QQQ,1m
2026-06-04 15:10:00+00:00,739.3599853515625,739.5,739.0399780273438,739.489990234375,190340,QQQ,1m
2026-06-04 15:11:00+00:00,739.489990234375,739.6199951171875,739.2899169921875,739.4600219726562,92312,QQQ,1m
2026-06-04 15:12:00+00:00,739.456298828125,739.719970703125,739.3499755859375,739.6199951171875,98322,QQQ,1m
2026-06-04 15:13:00+00:00,739.6199951171875,739.72998046875,739.4605712890625,739.5,47602,QQQ,1m
2026-06-04 15:14:00+00:00,739.489990234375,739.9000244140625,739.489990234375,739.8300170898438,108346,QQQ,1m
2026-06-04 15:15:00+00:00,739.8499755859375,740.1099853515625,739.6500244140625,740.0499877929688,132457,QQQ,1m
2026-06-04 15:16:00+00:00,740.0599975585938,740.2000122070312,739.97998046875,740.1690063476562,67088,QQQ,1m
2026-06-04 15:17:00+00:00,740.1749877929688,740.27001953125,739.9949951171875,740.22998046875,91389,QQQ,1m
2026-06-04 15:18:00+00:00,740.2000122070312,740.260009765625,739.8699951171875,739.8800048828125,126721,QQQ,1m
2026-06-04 15:19:00+00:00,739.8400268554688,740.1400146484375,739.7999877929688,740.1099853515625,43638,QQQ,1m
2026-06-04 15:20:00+00:00,740.1024780273438,740.1408081054688,739.510009765625,739.5499877929688,139563,QQQ,1m
2026-06-04 15:21:00+00:00,739.5798950195312,739.8099975585938,739.5101928710938,739.719970703125,57603,QQQ,1m
2026-06-04 15:22:00+00:00,739.739990234375,739.8599853515625,739.6204223632812,739.6300048828125,56906,QQQ,1m
2026-06-04 15:23:00+00:00,739.5800170898438,739.6298828125,739.3599853515625,739.4000244140625,55774,QQQ,1m
2026-06-04 15:24:00+00:00,739.4000244140625,740.219970703125,739.385009765625,740.0599975585938,104482,QQQ,1m
2026-06-04 15:25:00+00:00,740.0,740.0900268554688,739.75,739.9000244140625,45432,QQQ,1m
2026-06-04 15:26:00+00:00,739.9400024414062,739.97998046875,739.7000122070312,739.739990234375,31237,QQQ,1m
2026-06-04 15:27:00+00:00,739.75,739.9351196289062,739.6500244140625,739.8900756835938,34767,QQQ,1m
2026-06-04 15:28:00+00:00,739.9199829101562,739.9749755859375,739.52001953125,739.72998046875,30108,QQQ,1m
2026-06-04 15:29:00+00:00,739.6699829101562,739.77001953125,739.5800170898438,739.6104736328125,18773,QQQ,1m
2026-06-04 15:30:00+00:00,739.6300048828125,739.7000122070312,739.4400024414062,739.4500122070312,36374,QQQ,1m
2026-06-04 15:31:00+00:00,739.4500122070312,739.5698852539062,739.3599853515625,739.5155029296875,49766,QQQ,1m
2026-06-04 15:32:00+00:00,739.5250244140625,739.739990234375,739.260009765625,739.34619140625,44120,QQQ,1m
2026-06-04 15:33:00+00:00,739.3400268554688,739.6599731445312,739.3400268554688,739.5698852539062,26413,QQQ,1m
2026-06-04 15:34:00+00:00,739.4899291992188,739.5800170898438,739.4000244140625,739.5449829101562,37071,QQQ,1m
2026-06-04 15:35:00+00:00,739.5800170898438,739.6199951171875,739.2249755859375,739.4299926757812,76763,QQQ,1m
2026-06-04 15:36:00+00:00,739.4000244140625,739.6900024414062,739.2100219726562,739.6776123046875,53706,QQQ,1m
2026-06-04 15:37:00+00:00,739.6895751953125,739.780029296875,739.3380126953125,739.3400268554688,48666,QQQ,1m
2026-06-04 15:38:00+00:00,739.3499755859375,739.6199951171875,739.3499755859375,739.5599975585938,129191,QQQ,1m
2026-06-04 15:39:00+00:00,739.5900268554688,739.6900024414062,739.5499877929688,739.6500244140625,124195,QQQ,1m
2026-06-04 15:40:00+00:00,739.6900024414062,739.760009765625,739.4400024414062,739.7249755859375,50730,QQQ,1m
2026-06-04 15:41:00+00:00,739.7050170898438,739.719970703125,739.3499755859375,739.625,149392,QQQ,1m
2026-06-04 15:42:00+00:00,739.6300048828125,739.6500244140625,739.5361938476562,739.6400146484375,17248,QQQ,1m
2026-06-04 15:43:00+00:00,739.6494750976562,739.6599731445312,739.3306274414062,739.3306274414062,22412,QQQ,1m
2026-06-04 15:44:00+00:00,739.3499755859375,739.3499755859375,738.8900146484375,739.0599975585938,70281,QQQ,1m
2026-06-04 15:45:00+00:00,739.1099853515625,739.1400146484375,738.7200927734375,738.7200927734375,37097,QQQ,1m
2026-06-04 15:46:00+00:00,738.72998046875,739.0499877929688,738.7199096679688,738.8099975585938,32690,QQQ,1m
2026-06-04 15:47:00+00:00,738.7849731445312,738.8746948242188,738.219970703125,738.25,51800,QQQ,1m
2026-06-04 15:48:00+00:00,738.22998046875,738.3699951171875,738.0599975585938,738.27001953125,67732,QQQ,1m
2026-06-04 15:49:00+00:00,738.22998046875,738.25,737.7899780273438,737.9426879882812,99767,QQQ,1m
2026-06-04 15:50:00+00:00,737.9299926757812,738.3300170898438,737.7999877929688,737.8798828125,90196,QQQ,1m
2026-06-04 15:51:00+00:00,737.8400268554688,738.1699829101562,737.719970703125,738.1699829101562,92757,QQQ,1m
2026-06-04 15:52:00+00:00,738.1400146484375,738.5700073242188,738.0999755859375,738.4600219726562,63004,QQQ,1m
2026-06-04 15:53:00+00:00,738.4299926757812,738.8300170898438,738.3900146484375,738.77001953125,69657,QQQ,1m
2026-06-04 15:54:00+00:00,738.7899780273438,738.7999877929688,738.5800170898438,738.6099853515625,104949,QQQ,1m
2026-06-04 15:55:00+00:00,738.5800170898438,738.8162231445312,738.3400268554688,738.7200927734375,70498,QQQ,1m
2026-06-04 15:56:00+00:00,738.6849975585938,738.6849975585938,738.4050903320312,738.4398803710938,34785,QQQ,1m
2026-06-04 15:57:00+00:00,738.4400024414062,738.7000122070312,738.260009765625,738.6599731445312,27385,QQQ,1m
2026-06-04 15:58:00+00:00,738.6500244140625,739.135009765625,738.6099853515625,739.0399780273438,48633,QQQ,1m
2026-06-04 15:59:00+00:00,739.0598754882812,739.1199951171875,738.7800903320312,738.9400024414062,38399,QQQ,1m
2026-06-04 16:00:00+00:00,738.9600219726562,739.010009765625,738.5,738.615478515625,36339,QQQ,1m
2026-06-04 16:01:00+00:00,738.6199951171875,739.1588134765625,738.6199951171875,739.1099853515625,31808,QQQ,1m
2026-06-04 16:02:00+00:00,739.1199951171875,739.1599731445312,738.9199829101562,739.0999755859375,34859,QQQ,1m
2026-06-04 16:03:00+00:00,739.1099853515625,739.280029296875,739.0599975585938,739.280029296875,174583,QQQ,1m
2026-06-04 16:04:00+00:00,739.2449951171875,739.3400268554688,739.0800170898438,739.1699829101562,31121,QQQ,1m
2026-06-04 16:05:00+00:00,739.1699829101562,739.1699829101562,738.9600219726562,739.0399780273438,24887,QQQ,1m
2026-06-04 16:06:00+00:00,739.0499877929688,739.5399169921875,739.0399780273438,739.4600219726562,45435,QQQ,1m
2026-06-04 16:07:00+00:00,739.510009765625,739.6400146484375,739.4099731445312,739.5499877929688,138223,QQQ,1m
2026-06-04 16:08:00+00:00,739.5599975585938,739.719970703125,739.530029296875,739.7100219726562,66399,QQQ,1m
2026-06-04 16:09:00+00:00,739.72998046875,739.8400268554688,739.5,739.6386108398438,72605,QQQ,1m
2026-06-04 16:10:00+00:00,739.6300048828125,739.7000122070312,739.4000244140625,739.5700073242188,45816,QQQ,1m
2026-06-04 16:11:00+00:00,739.5798950195312,739.7750244140625,739.5,739.719970703125,51377,QQQ,1m
2026-06-04 16:12:00+00:00,739.7050170898438,739.8800048828125,739.6519775390625,739.7999877929688,22246,QQQ,1m
2026-06-04 16:13:00+00:00,739.7833862304688,739.8800048828125,739.6107177734375,739.7100219726562,30505,QQQ,1m
2026-06-04 16:14:00+00:00,739.7100219726562,739.739990234375,739.6099853515625,739.6500244140625,12014,QQQ,1m
2026-06-04 16:15:00+00:00,739.6099853515625,739.9500122070312,739.6013793945312,739.8499755859375,31781,QQQ,1m
2026-06-04 16:16:00+00:00,739.8399047851562,740.0599975585938,739.7100219726562,740.010009765625,28304,QQQ,1m
2026-06-04 16:17:00+00:00,740.0,740.2000122070312,739.969970703125,740.0750122070312,79082,QQQ,1m
2026-06-04 16:18:00+00:00,740.0700073242188,740.1300048828125,739.8099975585938,739.8099975585938,27911,QQQ,1m
2026-06-04 16:19:00+00:00,739.8200073242188,740.0800170898438,739.77001953125,740.02001953125,28762,QQQ,1m
2026-06-04 16:20:00+00:00,740.0,740.1950073242188,739.8800048828125,740.1950073242188,16304,QQQ,1m
2026-06-04 16:21:00+00:00,740.2000122070312,740.3200073242188,740.0001831054688,740.25,43803,QQQ,1m
2026-06-04 16:22:00+00:00,740.27001953125,740.2750244140625,740.0700073242188,740.214599609375,24321,QQQ,1m
2026-06-04 16:23:00+00:00,740.22998046875,740.5850219726562,740.2050170898438,740.5750122070312,52331,QQQ,1m
2026-06-04 16:24:00+00:00,740.5900268554688,740.6749877929688,740.530029296875,740.5900268554688,69769,QQQ,1m
2026-06-04 16:25:00+00:00,740.5900268554688,740.6500244140625,740.2100219726562,740.3900146484375,44743,QQQ,1m
2026-06-04 16:26:00+00:00,740.52001953125,740.6124267578125,740.2958984375,740.4099731445312,29699,QQQ,1m
2026-06-04 16:27:00+00:00,740.4099731445312,740.6099853515625,740.3200073242188,740.5800170898438,23981,QQQ,1m
2026-06-04 16:28:00+00:00,740.5800170898438,740.6400146484375,740.4600830078125,740.6099853515625,28135,QQQ,1m
2026-06-04 16:29:00+00:00,740.6400146484375,740.6400146484375,740.510009765625,740.5499877929688,14187,QQQ,1m
2026-06-04 16:30:00+00:00,740.5549926757812,740.5700073242188,739.9099731445312,739.9099731445312,51689,QQQ,1m
2026-06-04 16:31:00+00:00,739.9099731445312,740.02001953125,739.5401000976562,739.5599975585938,63518,QQQ,1m
2026-06-04 16:32:00+00:00,739.5999755859375,739.8800048828125,739.5999755859375,739.7999877929688,47433,QQQ,1m
2026-06-04 16:33:00+00:00,739.8300170898438,739.9500122070312,739.7050170898438,739.8400268554688,56043,QQQ,1m
2026-06-04 16:34:00+00:00,739.7899780273438,739.9600219726562,739.6300048828125,739.780029296875,137026,QQQ,1m
2026-06-04 16:35:00+00:00,739.8499755859375,739.8527221679688,739.6799926757812,739.760009765625,138468,QQQ,1m
2026-06-04 16:36:00+00:00,739.77001953125,740.0999755859375,739.739990234375,740.0499877929688,26099,QQQ,1m
2026-06-04 16:37:00+00:00,740.0800170898438,740.2000122070312,740.0700073242188,740.1599731445312,22828,QQQ,1m
2026-06-04 16:38:00+00:00,740.1300048828125,740.3699951171875,740.1300048828125,740.3690185546875,42035,QQQ,1m
2026-06-04 16:39:00+00:00,740.3699951171875,740.47998046875,740.1950073242188,740.3499755859375,45768,QQQ,1m
2026-06-04 16:40:00+00:00,740.3499755859375,740.3800048828125,740.1599731445312,740.2249755859375,35744,QQQ,1m
2026-06-04 16:41:00+00:00,740.219970703125,740.5599975585938,740.1400756835938,740.5499877929688,69869,QQQ,1m
2026-06-04 16:42:00+00:00,740.5700073242188,740.6300048828125,740.4600219726562,740.6300048828125,42777,QQQ,1m
2026-06-04 16:43:00+00:00,740.6599731445312,740.7799072265625,740.6500244140625,740.7150268554688,84437,QQQ,1m
2026-06-04 16:44:00+00:00,740.7100219726562,740.7963256835938,740.52001953125,740.6300048828125,39256,QQQ,1m
2026-06-04 16:45:00+00:00,740.6400146484375,740.7000122070312,740.380126953125,740.4149780273438,55349,QQQ,1m
2026-06-04 16:46:00+00:00,740.4400024414062,740.5889282226562,740.2999877929688,740.4199829101562,32831,QQQ,1m
2026-06-04 16:47:00+00:00,740.4400024414062,740.489990234375,740.2901000976562,740.3200073242188,13696,QQQ,1m
2026-06-04 16:48:00+00:00,740.3151245117188,740.3610229492188,740.239990234375,740.3599853515625,24688,QQQ,1m
2026-06-04 16:49:00+00:00,740.3231201171875,740.5399780273438,740.2200927734375,740.3800048828125,121899,QQQ,1m
2026-06-04 16:50:00+00:00,740.4000244140625,740.6300048828125,740.4000244140625,740.6300048828125,16147,QQQ,1m
2026-06-04 16:51:00+00:00,740.6500244140625,740.7899780273438,740.5999755859375,740.6099853515625,40859,QQQ,1m
2026-06-04 16:52:00+00:00,740.639892578125,740.698486328125,740.4550170898438,740.6900024414062,16513,QQQ,1m
2026-06-04 16:53:00+00:00,740.6699829101562,740.8800048828125,740.6699829101562,740.7899780273438,64278,QQQ,1m
2026-06-04 16:54:00+00:00,740.8001098632812,740.8400268554688,740.6300048828125,740.6699829101562,30407,QQQ,1m
2026-06-04 16:55:00+00:00,740.6599731445312,740.72998046875,740.60498046875,740.7000122070312,31194,QQQ,1m
2026-06-04 16:56:00+00:00,740.6599731445312,740.8200073242188,740.6500244140625,740.7249755859375,41721,QQQ,1m
2026-06-04 16:57:00+00:00,740.7100219726562,740.72998046875,740.510009765625,740.6536865234375,44529,QQQ,1m
2026-06-04 16:58:00+00:00,740.6400146484375,740.780029296875,740.5800170898438,740.6799926757812,43459,QQQ,1m
2026-06-04 16:59:00+00:00,740.6851196289062,740.7000122070312,740.5,740.52001953125,29628,QQQ,1m
2026-06-04 17:00:00+00:00,740.52001953125,740.52001953125,740.239990234375,740.2999877929688,62297,QQQ,1m
2026-06-04 17:01:00+00:00,740.3200073242188,740.6500244140625,740.260009765625,740.5999755859375,85000,QQQ,1m
2026-06-04 17:02:00+00:00,740.60009765625,740.6599731445312,740.4500122070312,740.625,32410,QQQ,1m
2026-06-04 17:03:00+00:00,740.6699829101562,740.6900024414062,740.3400268554688,740.4299926757812,45374,QQQ,1m
2026-06-04 17:04:00+00:00,740.4600219726562,740.5399780273438,740.4149780273438,740.4199829101562,14022,QQQ,1m
2026-06-04 17:05:00+00:00,740.4199829101562,740.5,740.239990234375,740.239990234375,33036,QQQ,1m
2026-06-04 17:06:00+00:00,740.2545776367188,740.3300170898438,740.1799926757812,740.260009765625,69181,QQQ,1m
2026-06-04 17:07:00+00:00,740.260009765625,740.4299926757812,740.260009765625,740.4299926757812,20088,QQQ,1m
2026-06-04 17:08:00+00:00,740.469970703125,740.7171020507812,740.4600219726562,740.7050170898438,28190,QQQ,1m
2026-06-04 17:09:00+00:00,740.7100219726562,740.9400024414062,740.6950073242188,740.9299926757812,80756,QQQ,1m
2026-06-04 17:10:00+00:00,740.9199829101562,740.9500122070312,740.780029296875,740.8400268554688,70571,QQQ,1m
2026-06-04 17:11:00+00:00,740.8400268554688,741.0499877929688,740.8400268554688,741.030029296875,72987,QQQ,1m
2026-06-04 17:12:00+00:00,741.0308837890625,741.0700073242188,740.9650268554688,741.0,49268,QQQ,1m
2026-06-04 17:13:00+00:00,740.97998046875,741.010009765625,740.6400146484375,740.6849975585938,50422,QQQ,1m
2026-06-04 17:14:00+00:00,740.7000122070312,740.8900146484375,740.7000122070312,740.8900146484375,20658,QQQ,1m
2026-06-04 17:15:00+00:00,740.8906860351562,740.9500122070312,740.8400268554688,740.9000244140625,21278,QQQ,1m
2026-06-04 17:16:00+00:00,740.9199829101562,740.9199829101562,740.6199951171875,740.6500244140625,118785,QQQ,1m
2026-06-04 17:17:00+00:00,740.6400146484375,740.719970703125,740.52001953125,740.5599975585938,34514,QQQ,1m
2026-06-04 17:18:00+00:00,740.5700073242188,740.6900024414062,740.4400024414062,740.6898803710938,40757,QQQ,1m
2026-06-04 17:19:00+00:00,740.6699829101562,740.8499755859375,740.6400146484375,740.7750244140625,27519,QQQ,1m
2026-06-04 17:20:00+00:00,740.760009765625,740.8099975585938,740.6699829101562,740.8099975585938,30828,QQQ,1m
2026-06-04 17:21:00+00:00,740.7999877929688,740.9199829101562,740.47998046875,740.5599975585938,26449,QQQ,1m
2026-06-04 17:22:00+00:00,740.5399780273438,740.6699829101562,740.5200805664062,740.6599731445312,13985,QQQ,1m
2026-06-04 17:23:00+00:00,740.6400146484375,740.8599853515625,740.6099853515625,740.8400268554688,16440,QQQ,1m
2026-06-04 17:24:00+00:00,740.8200073242188,740.9199829101562,740.760009765625,740.85498046875,28557,QQQ,1m
2026-06-04 17:25:00+00:00,740.8599853515625,741.1799926757812,740.844970703125,741.1400146484375,57185,QQQ,1m
2026-06-04 17:26:00+00:00,741.1500244140625,741.260009765625,741.0599975585938,741.22998046875,36103,QQQ,1m
2026-06-04 17:27:00+00:00,741.260009765625,741.4000244140625,741.2056884765625,741.3900146484375,59191,QQQ,1m
2026-06-04 17:28:00+00:00,741.3997192382812,741.4500122070312,741.3400268554688,741.4099731445312,44081,QQQ,1m
2026-06-04 17:29:00+00:00,741.3900146484375,741.4500122070312,741.2249755859375,741.3900146484375,37107,QQQ,1m
2026-06-04 17:30:00+00:00,741.385009765625,741.7999877929688,741.3099975585938,741.6799926757812,75700,QQQ,1m
2026-06-04 17:31:00+00:00,741.6599731445312,741.6984252929688,741.5499877929688,741.580078125,56474,QQQ,1m
2026-06-04 17:32:00+00:00,741.5900268554688,741.9299926757812,741.5800170898438,741.9000244140625,66017,QQQ,1m
2026-06-04 17:33:00+00:00,741.9000244140625,742.02001953125,741.8499755859375,741.9749755859375,143173,QQQ,1m
2026-06-04 17:34:00+00:00,741.9749755859375,742.0,741.7750244140625,741.7899780273438,61165,QQQ,1m
2026-06-04 17:35:00+00:00,741.77001953125,741.9129028320312,741.6300048828125,741.6699829101562,125044,QQQ,1m
2026-06-04 17:36:00+00:00,741.6599731445312,741.7650146484375,741.6300048828125,741.6699829101562,24320,QQQ,1m
2026-06-04 17:37:00+00:00,741.6900024414062,741.6900024414062,741.4550170898438,741.530029296875,35967,QQQ,1m
2026-06-04 17:38:00+00:00,741.5700073242188,741.7598876953125,741.4500122070312,741.739990234375,21849,QQQ,1m
2026-06-04 17:39:00+00:00,741.7150268554688,741.7150268554688,741.4099731445312,741.4199829101562,27779,QQQ,1m
2026-06-04 17:40:00+00:00,741.4099731445312,741.5250854492188,741.3499755859375,741.4099731445312,25714,QQQ,1m
2026-06-04 17:41:00+00:00,741.4000244140625,741.6699829101562,741.3599853515625,741.6541748046875,57376,QQQ,1m
2026-06-04 17:42:00+00:00,741.610107421875,741.8400268554688,741.5449829101562,741.81298828125,20168,QQQ,1m
2026-06-04 17:43:00+00:00,741.8250122070312,742.0,741.8250122070312,741.8900146484375,23410,QQQ,1m
2026-06-04 17:44:00+00:00,741.9099731445312,741.9949951171875,741.77001953125,741.9949951171875,28841,QQQ,1m
2026-06-04 17:45:00+00:00,742.02001953125,742.1099853515625,741.8499755859375,741.8800048828125,62027,QQQ,1m
2026-06-04 17:46:00+00:00,741.8900756835938,741.9299926757812,741.7899780273438,741.8300170898438,26568,QQQ,1m
2026-06-04 17:47:00+00:00,741.8099975585938,741.9000244140625,741.6900024414062,741.7899780273438,26547,QQQ,1m
2026-06-04 17:48:00+00:00,741.8099975585938,742.1099853515625,741.7899780273438,742.0816040039062,40499,QQQ,1m
2026-06-04 17:49:00+00:00,742.10498046875,742.1199951171875,741.9600219726562,742.1199951171875,27878,QQQ,1m
2026-06-04 17:50:00+00:00,742.10498046875,742.1649780273438,742.0200805664062,742.0499877929688,52465,QQQ,1m
2026-06-04 17:51:00+00:00,742.030029296875,742.3599853515625,742.030029296875,742.3400268554688,60180,QQQ,1m
2026-06-04 17:52:00+00:00,742.3099975585938,742.3900146484375,742.2899780273438,742.2899780273438,50151,QQQ,1m
2026-06-04 17:53:00+00:00,742.27001953125,742.2899780273438,742.1400146484375,742.1500244140625,35774,QQQ,1m
2026-06-04 17:54:00+00:00,742.1500244140625,742.25,742.0999755859375,742.22998046875,16659,QQQ,1m
2026-06-04 17:55:00+00:00,742.219970703125,742.38623046875,742.10498046875,742.38623046875,20928,QQQ,1m
2026-06-04 17:56:00+00:00,742.360107421875,742.47998046875,742.3300170898438,742.3699951171875,38507,QQQ,1m
2026-06-04 17:57:00+00:00,742.3699951171875,742.47998046875,742.2600708007812,742.469970703125,13604,QQQ,1m
2026-06-04 17:58:00+00:00,742.4801025390625,742.530029296875,742.4600219726562,742.510009765625,48879,QQQ,1m
2026-06-04 17:59:00+00:00,742.530029296875,742.5700073242188,742.4299926757812,742.5,33302,QQQ,1m
2026-06-04 18:00:00+00:00,742.4949951171875,742.739990234375,742.405029296875,742.530029296875,94859,QQQ,1m
2026-06-04 18:01:00+00:00,742.5399780273438,742.760009765625,742.5106811523438,742.6799926757812,37404,QQQ,1m
2026-06-04 18:02:00+00:00,742.6900024414062,742.8200073242188,742.6900024414062,742.7999877929688,36224,QQQ,1m
2026-06-04 18:03:00+00:00,742.7899780273438,742.8699951171875,742.6599731445312,742.8699951171875,145435,QQQ,1m
2026-06-04 18:04:00+00:00,742.8699951171875,742.989990234375,742.8300170898438,742.969970703125,45079,QQQ,1m
2026-06-04 18:05:00+00:00,742.9600219726562,743.219970703125,742.9600219726562,743.1900024414062,138486,QQQ,1m
2026-06-04 18:06:00+00:00,743.1900024414062,743.3099975585938,743.1500244140625,743.22998046875,61408,QQQ,1m
2026-06-04 18:07:00+00:00,743.239990234375,743.3300170898438,743.1699829101562,743.27001953125,35411,QQQ,1m
2026-06-04 18:08:00+00:00,743.260009765625,743.3300170898438,743.0599975585938,743.0599975585938,68364,QQQ,1m
2026-06-04 18:09:00+00:00,743.0499877929688,743.2000122070312,743.02001953125,743.1699829101562,68550,QQQ,1m
2026-06-04 18:10:00+00:00,743.1799926757812,743.2299194335938,742.9826049804688,743.1599731445312,59448,QQQ,1m
2026-06-04 18:11:00+00:00,743.1500244140625,743.4000244140625,743.0999755859375,743.375,72717,QQQ,1m
2026-06-04 18:12:00+00:00,743.3699951171875,743.4299926757812,743.2600708007812,743.3499755859375,54416,QQQ,1m
2026-06-04 18:13:00+00:00,743.3699951171875,743.4000244140625,743.3200073242188,743.3599853515625,25109,QQQ,1m
2026-06-04 18:14:00+00:00,743.3690795898438,743.3800048828125,743.219970703125,743.2999877929688,32006,QQQ,1m
2026-06-04 18:15:00+00:00,743.280029296875,743.2999877929688,742.97998046875,743.0700073242188,56454,QQQ,1m
2026-06-04 18:16:00+00:00,743.0700073242188,743.1849975585938,743.023681640625,743.0700073242188,83293,QQQ,1m
2026-06-04 18:17:00+00:00,743.0599975585938,743.0800170898438,742.8499755859375,742.9299926757812,137919,QQQ,1m
2026-06-04 18:18:00+00:00,742.9349975585938,743.2999877929688,742.9099731445312,743.260009765625,42787,QQQ,1m
2026-06-04 18:19:00+00:00,743.25,743.3499755859375,743.25,743.27001953125,17425,QQQ,1m
2026-06-04 18:20:00+00:00,743.2650146484375,743.27001953125,743.0800170898438,743.2249755859375,22491,QQQ,1m
2026-06-04 18:21:00+00:00,743.22998046875,743.3389892578125,743.2100219726562,743.2249755859375,17291,QQQ,1m
2026-06-04 18:22:00+00:00,743.239990234375,743.2750244140625,743.031982421875,743.0399780273438,19722,QQQ,1m
2026-06-04 18:23:00+00:00,743.0250244140625,743.1199951171875,742.9099731445312,742.9650268554688,214179,QQQ,1m
2026-06-04 18:24:00+00:00,742.969970703125,743.0700073242188,742.9099731445312,742.97998046875,59383,QQQ,1m
2026-06-04 18:25:00+00:00,742.9998779296875,743.2100219726562,742.9600219726562,743.2000122070312,19095,QQQ,1m
2026-06-04 18:26:00+00:00,743.2000122070312,743.3499755859375,743.1849975585938,743.3499755859375,27122,QQQ,1m
2026-06-04 18:27:00+00:00,743.3499755859375,743.3800048828125,743.2000732421875,743.22998046875,34321,QQQ,1m
2026-06-04 18:28:00+00:00,743.2899780273438,743.2999877929688,743.0999755859375,743.0999755859375,89534,QQQ,1m
2026-06-04 18:29:00+00:00,743.1300048828125,743.1300048828125,743.1300048828125,743.1300048828125,0,QQQ,1m
