timestamp,open,high,low,close,volume,ticker,interval
2026-02-19 14:30:00+00:00,290.8900146484375,290.8900146484375,288.3099975585937,289.8299865722656,278222,UNH,5m
2026-02-19 14:35:00+00:00,289.7200012207031,289.8699951171875,288.3800048828125,289.3900146484375,84806,UNH,5m
2026-02-19 14:40:00+00:00,289.39208984375,290.1600036621094,288.79998779296875,290.0199890136719,162036,UNH,5m
2026-02-19 14:45:00+00:00,289.9700012207031,290.1000061035156,288.9800109863281,289.3099975585937,89097,UNH,5m
2026-02-19 14:50:00+00:00,289.3800048828125,289.3800048828125,288.3699951171875,288.5950012207031,78353,UNH,5m
2026-02-19 14:55:00+00:00,288.57501220703125,289.1499938964844,288.19000244140625,288.30499267578125,32698,UNH,5m
2026-02-19 15:00:00+00:00,288.30499267578125,289.0299987792969,288.19000244140625,288.364990234375,46488,UNH,5m
2026-02-19 15:05:00+00:00,288.364990234375,288.364990234375,287.2903137207031,287.2903137207031,43982,UNH,5m
2026-02-19 15:10:00+00:00,287.510009765625,287.9939880371094,287.3699951171875,287.42498779296875,37451,UNH,5m
2026-02-19 15:15:00+00:00,287.4100036621094,287.67999267578125,287.2200012207031,287.32000732421875,42991,UNH,5m
2026-02-19 15:20:00+00:00,287.32000732421875,287.7650146484375,287.2001037597656,287.7650146484375,64739,UNH,5m
2026-02-19 15:25:00+00:00,287.760009765625,287.7929992675781,286.8900146484375,286.9455871582031,51402,UNH,5m
2026-02-19 15:30:00+00:00,287.0150146484375,288.135009765625,286.8999938964844,288.0950927734375,59277,UNH,5m
2026-02-19 15:35:00+00:00,288.1700134277344,288.67999267578125,288.0426025390625,288.5481872558594,33597,UNH,5m
2026-02-19 15:40:00+00:00,288.54998779296875,288.95001220703125,288.29998779296875,288.4599914550781,40873,UNH,5m
2026-02-19 15:45:00+00:00,288.481201171875,289.0,288.3500061035156,288.6199951171875,28950,UNH,5m
2026-02-19 15:50:00+00:00,288.6199951171875,288.7699890136719,288.3099975585937,288.55499267578125,26095,UNH,5m
2026-02-19 15:55:00+00:00,288.5599975585937,289.0199890136719,288.5599975585937,288.94500732421875,31079,UNH,5m
2026-02-19 16:00:00+00:00,288.94000244140625,289.04400634765625,288.6099853515625,289.0350952148437,35865,UNH,5m
2026-02-19 16:05:00+00:00,289.0,289.06988525390625,288.6300048828125,288.7799987792969,16252,UNH,5m
2026-02-19 16:10:00+00:00,288.7349853515625,288.8399963378906,288.4472961425781,288.5299987792969,37772,UNH,5m
2026-02-19 16:15:00+00:00,288.5299987792969,288.6300048828125,288.3099975585937,288.4100036621094,35014,UNH,5m
2026-02-19 16:20:00+00:00,288.44000244140625,288.4700012207031,288.1166076660156,288.3598937988281,23532,UNH,5m
2026-02-19 16:25:00+00:00,288.31500244140625,288.3699951171875,287.260009765625,287.3800048828125,37595,UNH,5m
2026-02-19 16:30:00+00:00,287.42999267578125,288.0,287.42498779296875,288.0,19752,UNH,5m
2026-02-19 16:35:00+00:00,287.92999267578125,288.2900085449219,287.8399963378906,288.010009765625,36714,UNH,5m
2026-02-19 16:40:00+00:00,288.0,288.15838623046875,287.4075012207031,287.4100036621094,25904,UNH,5m
2026-02-19 16:45:00+00:00,287.4100036621094,287.5,287.177001953125,287.2349853515625,30786,UNH,5m
2026-02-19 16:50:00+00:00,287.2300109863281,287.8500061035156,287.0599975585937,287.739990234375,29072,UNH,5m
2026-02-19 16:55:00+00:00,287.8900146484375,288.1405029296875,287.67999267578125,287.94000244140625,31339,UNH,5m
2026-02-19 17:00:00+00:00,287.9599914550781,288.1050109863281,287.8110046386719,288.04998779296875,29634,UNH,5m
2026-02-19 17:05:00+00:00,288.0899963378906,288.1499938964844,287.8099975585937,287.8550109863281,30014,UNH,5m
2026-02-19 17:10:00+00:00,287.7799987792969,288.2099914550781,287.760009765625,288.1499938964844,26103,UNH,5m
2026-02-19 17:15:00+00:00,288.1600036621094,288.5400085449219,288.0899963378906,288.42498779296875,33713,UNH,5m
2026-02-19 17:20:00+00:00,288.3900146484375,288.4599914550781,288.1499938964844,288.17999267578125,29665,UNH,5m
2026-02-19 17:25:00+00:00,288.17999267578125,288.239990234375,287.8699951171875,288.2099914550781,36876,UNH,5m
2026-02-19 17:30:00+00:00,288.0799865722656,288.19000244140625,287.9200134277344,288.1400146484375,33687,UNH,5m
2026-02-19 17:35:00+00:00,288.1400146484375,288.45001220703125,288.0799865722656,288.4270935058594,41619,UNH,5m
2026-02-19 17:40:00+00:00,288.4150085449219,288.6499938964844,288.3999938964844,288.4849853515625,32033,UNH,5m
2026-02-19 17:45:00+00:00,288.4849853515625,288.4849853515625,288.0,288.1300048828125,31133,UNH,5m
2026-02-19 17:50:00+00:00,288.1000061035156,288.1300048828125,287.5,287.5799865722656,44038,UNH,5m
2026-02-19 17:55:00+00:00,287.6000061035156,287.8999938964844,287.340087890625,287.54998779296875,31622,UNH,5m
2026-02-19 18:00:00+00:00,287.54998779296875,287.54998779296875,287.1099853515625,287.1099853515625,51666,UNH,5m
2026-02-19 18:05:00+00:00,287.1499938964844,287.4200134277344,287.1400146484375,287.3500061035156,27223,UNH,5m
2026-02-19 18:10:00+00:00,287.3900146484375,287.7300109863281,287.2900085449219,287.6300048828125,35594,UNH,5m
2026-02-19 18:15:00+00:00,287.6300048828125,288.0799865722656,287.4100036621094,287.9599914550781,49604,UNH,5m
2026-02-19 18:20:00+00:00,287.8800048828125,288.49285888671875,287.7528076171875,288.2900085449219,38311,UNH,5m
2026-02-19 18:25:00+00:00,288.2900085449219,288.4800109863281,288.010009765625,288.05499267578125,33593,UNH,5m
2026-02-19 18:30:00+00:00,288.010009765625,288.3299865722656,287.9599914550781,288.1499938964844,36776,UNH,5m
2026-02-19 18:35:00+00:00,288.2200012207031,288.6400146484375,288.1801147460937,288.5599975585937,42311,UNH,5m
2026-02-19 18:40:00+00:00,288.5599975585937,288.70001220703125,288.3699951171875,288.4330139160156,39504,UNH,5m
2026-02-19 18:45:00+00:00,288.3699951171875,288.8500061035156,288.0899963378906,288.739990234375,57720,UNH,5m
2026-02-19 18:50:00+00:00,288.6600036621094,288.79998779296875,288.3999938964844,288.3999938964844,31549,UNH,5m
2026-02-19 18:55:00+00:00,288.3999938964844,288.6700134277344,288.2701110839844,288.5799865722656,27585,UNH,5m
2026-02-19 19:00:00+00:00,288.6000061035156,288.8999938964844,288.510009765625,288.55499267578125,41250,UNH,5m
2026-02-19 19:05:00+00:00,288.5199890136719,288.8399963378906,288.45001220703125,288.67999267578125,36826,UNH,5m
2026-02-19 19:10:00+00:00,288.6499938964844,288.7048034667969,288.5199890136719,288.5799865722656,33717,UNH,5m
2026-02-19 19:15:00+00:00,288.6050109863281,288.8099975585937,288.5400085449219,288.6650085449219,26749,UNH,5m
2026-02-19 19:20:00+00:00,288.6700134277344,288.8900146484375,288.4700012207031,288.8399963378906,27919,UNH,5m
2026-02-19 19:25:00+00:00,288.8399963378906,288.92999267578125,288.45001220703125,288.6199951171875,36210,UNH,5m
2026-02-19 19:30:00+00:00,288.57501220703125,288.6700134277344,288.3099975585937,288.3599853515625,39013,UNH,5m
2026-02-19 19:35:00+00:00,288.3599853515625,288.39019775390625,287.8599853515625,287.8800048828125,43504,UNH,5m
2026-02-19 19:40:00+00:00,287.9100036621094,288.4200134277344,287.8099975585937,288.3900146484375,61976,UNH,5m
2026-02-19 19:45:00+00:00,288.3999938964844,288.44000244140625,287.9740905761719,288.17999267578125,49751,UNH,5m
2026-02-19 19:50:00+00:00,288.2200012207031,288.25,287.6000061035156,287.75,47020,UNH,5m
2026-02-19 19:55:00+00:00,287.739990234375,288.0,287.5899963378906,288.0,46148,UNH,5m
2026-02-19 20:00:00+00:00,287.9200134277344,288.7300109863281,287.9200134277344,288.6199951171875,44696,UNH,5m
2026-02-19 20:05:00+00:00,288.5899963378906,289.2550048828125,288.5505065917969,288.989990234375,64075,UNH,5m
2026-02-19 20:10:00+00:00,289.0400085449219,289.3500061035156,288.82000732421875,289.3500061035156,49799,UNH,5m
2026-02-19 20:15:00+00:00,289.32000732421875,289.8299865722656,289.29998779296875,289.67999267578125,73398,UNH,5m
2026-02-19 20:20:00+00:00,289.6700134277344,289.7900085449219,289.3999938964844,289.4200134277344,49127,UNH,5m
2026-02-19 20:25:00+00:00,289.45001220703125,289.6700134277344,289.1849975585937,289.6700134277344,37351,UNH,5m
2026-02-19 20:30:00+00:00,289.6549987792969,289.7200012207031,289.4100036621094,289.57000732421875,45356,UNH,5m
2026-02-19 20:35:00+00:00,289.5899963378906,289.5899963378906,289.1600952148437,289.3399963378906,55977,UNH,5m
2026-02-19 20:40:00+00:00,289.340087890625,289.42999267578125,288.92999267578125,289.0599975585937,59719,UNH,5m
2026-02-19 20:45:00+00:00,289.0599975585937,289.1199951171875,288.9200134277344,289.0249938964844,62732,UNH,5m
2026-02-19 20:50:00+00:00,289.0,289.32000732421875,289.0,289.30499267578125,75114,UNH,5m
2026-02-19 20:55:00+00:00,289.32000732421875,289.8299865722656,289.1400146484375,289.7900085449219,258197,UNH,5m
2026-02-20 14:30:00+00:00,288.8999938964844,289.9100036621094,287.54998779296875,288.8999938964844,274194,UNH,5m
2026-02-20 14:35:00+00:00,288.7699890136719,289.1499938964844,287.3599853515625,287.5830993652344,77933,UNH,5m
2026-02-20 14:40:00+00:00,287.5097045898437,287.8699035644531,286.1199951171875,286.20001220703125,111452,UNH,5m
2026-02-20 14:45:00+00:00,286.1199951171875,287.19000244140625,285.54998779296875,286.7349853515625,140493,UNH,5m
2026-02-20 14:50:00+00:00,286.7449951171875,287.5,286.5799865722656,287.010009765625,99750,UNH,5m
2026-02-20 14:55:00+00:00,287.1000061035156,287.4200134277344,285.95001220703125,286.0599975585937,84049,UNH,5m
2026-02-20 15:00:00+00:00,286.07501220703125,287.2799987792969,285.79998779296875,286.5599975585937,120366,UNH,5m
2026-02-20 15:05:00+00:00,286.5599975585937,288.20001220703125,285.8900146484375,288.10009765625,108499,UNH,5m
2026-02-20 15:10:00+00:00,288.1000061035156,288.3299865722656,286.7933959960937,287.00250244140625,94577,UNH,5m
2026-02-20 15:15:00+00:00,287.0050048828125,287.5799865722656,286.4100036621094,287.42498779296875,46094,UNH,5m
2026-02-20 15:20:00+00:00,287.4750061035156,287.9549865722656,287.1300048828125,287.3699951171875,61924,UNH,5m
2026-02-20 15:25:00+00:00,287.4349975585937,287.4349975585937,286.7900085449219,287.0350036621094,53080,UNH,5m
2026-02-20 15:30:00+00:00,287.0350036621094,287.56988525390625,286.70001220703125,286.8999938964844,45846,UNH,5m
2026-02-20 15:35:00+00:00,286.82000732421875,287.9700012207031,286.7500915527344,287.82501220703125,39189,UNH,5m
2026-02-20 15:40:00+00:00,287.92999267578125,287.989990234375,287.0799865722656,287.5849914550781,52945,UNH,5m
2026-02-20 15:45:00+00:00,287.5899963378906,287.79998779296875,286.9800109863281,287.0350036621094,49410,UNH,5m
2026-02-20 15:50:00+00:00,287.0,287.1911926269531,286.7200012207031,286.8949890136719,44867,UNH,5m
2026-02-20 15:55:00+00:00,286.8949890136719,287.0,286.489990234375,286.6597900390625,62302,UNH,5m
2026-02-20 16:00:00+00:00,286.625,287.1000061035156,286.5899963378906,287.0199890136719,56169,UNH,5m
2026-02-20 16:05:00+00:00,287.0199890136719,287.0799865722656,286.79998779296875,286.8500061035156,209690,UNH,5m
2026-02-20 16:10:00+00:00,286.9200134277344,287.7398986816406,286.9200134277344,287.2099914550781,54685,UNH,5m
2026-02-20 16:15:00+00:00,287.2650146484375,287.3900146484375,286.62548828125,287.3099975585937,402282,UNH,5m
2026-02-20 16:20:00+00:00,287.31500244140625,287.54998779296875,287.0447998046875,287.239990234375,45567,UNH,5m
2026-02-20 16:25:00+00:00,287.2349853515625,287.57000732421875,287.0,287.2200012207031,33516,UNH,5m
2026-02-20 16:30:00+00:00,287.0899963378906,287.8099975585937,286.8800048828125,287.79998779296875,43662,UNH,5m
2026-02-20 16:35:00+00:00,287.67999267578125,287.998291015625,287.4601135253906,287.7200012207031,40364,UNH,5m
2026-02-20 16:40:00+00:00,287.70001220703125,288.32989501953125,287.6099853515625,288.0899963378906,48070,UNH,5m
2026-02-20 16:45:00+00:00,288.1000061035156,288.5,288.1000061035156,288.31500244140625,34628,UNH,5m
2026-02-20 16:50:00+00:00,288.31500244140625,288.54998779296875,288.0899963378906,288.1565856933594,35095,UNH,5m
2026-02-20 16:55:00+00:00,288.0599975585937,288.38800048828125,288.0,288.2099914550781,34724,UNH,5m
2026-02-20 17:00:00+00:00,288.1700134277344,288.2550048828125,287.5400085449219,287.6700134277344,43526,UNH,5m
2026-02-20 17:05:00+00:00,287.614990234375,287.69000244140625,287.2900085449219,287.3999938964844,27049,UNH,5m
2026-02-20 17:10:00+00:00,287.3599853515625,287.69000244140625,287.1000061035156,287.364990234375,45488,UNH,5m
2026-02-20 17:15:00+00:00,287.25,287.25,286.82000732421875,286.8999938964844,36039,UNH,5m
2026-02-20 17:20:00+00:00,286.82000732421875,287.0899963378906,286.75,286.7799987792969,34375,UNH,5m
2026-02-20 17:25:00+00:00,286.8175048828125,287.04998779296875,286.510009765625,286.5199890136719,39653,UNH,5m
2026-02-20 17:30:00+00:00,286.54998779296875,286.69000244140625,286.2300109863281,286.54998779296875,62026,UNH,5m
2026-02-20 17:35:00+00:00,286.5599975585937,286.7099914550781,286.20001220703125,286.5899963378906,42781,UNH,5m
2026-02-20 17:40:00+00:00,286.5899963378906,286.9244079589844,286.3999938964844,286.7349853515625,37199,UNH,5m
2026-02-20 17:45:00+00:00,286.6499938964844,286.9200134277344,286.5,286.8349914550781,49769,UNH,5m
2026-02-20 17:50:00+00:00,286.82000732421875,287.3299865722656,286.7699890136719,287.07000732421875,27426,UNH,5m
2026-02-20 17:55:00+00:00,287.010009765625,287.20001220703125,286.5599975585937,286.9830017089844,341700,UNH,5m
2026-02-20 18:00:00+00:00,286.9700012207031,287.375,286.8900146484375,286.9750061035156,37103,UNH,5m
2026-02-20 18:05:00+00:00,287.0198974609375,287.1300048828125,286.7149963378906,286.8299865722656,34021,UNH,5m
2026-02-20 18:10:00+00:00,286.8450012207031,287.1000061035156,286.6300048828125,287.04998779296875,28947,UNH,5m
2026-02-20 18:15:00+00:00,287.010009765625,287.0199890136719,286.69000244140625,286.989990234375,39009,UNH,5m
2026-02-20 18:20:00+00:00,286.9280090332031,287.2039794921875,286.739990234375,287.0299987792969,29108,UNH,5m
2026-02-20 18:25:00+00:00,287.0419921875,287.4999084472656,287.0249938964844,287.135009765625,431492,UNH,5m
2026-02-20 18:30:00+00:00,287.1199951171875,287.94000244140625,286.94000244140625,287.5151062011719,37487,UNH,5m
2026-02-20 18:35:00+00:00,287.6400146484375,287.9299011230469,287.0299987792969,287.7250061035156,26603,UNH,5m
2026-02-20 18:40:00+00:00,287.7250061035156,288.2200012207031,287.7185363769531,288.1402893066406,43192,UNH,5m
2026-02-20 18:45:00+00:00,288.1700134277344,288.7872009277344,288.1700134277344,288.5599975585937,39437,UNH,5m
2026-02-20 18:50:00+00:00,288.57000732421875,289.3302917480469,288.3299865722656,289.2200012207031,60128,UNH,5m
2026-02-20 18:55:00+00:00,289.2200012207031,289.44000244140625,289.07000732421875,289.4399108886719,45215,UNH,5m
2026-02-20 19:00:00+00:00,289.3800048828125,290.20001220703125,289.3099975585937,290.1600036621094,70777,UNH,5m
2026-02-20 19:05:00+00:00,290.1600036621094,290.20001220703125,289.67999267578125,289.9700012207031,52919,UNH,5m
2026-02-20 19:10:00+00:00,289.9649963378906,290.1099853515625,289.7200012207031,289.7875061035156,70337,UNH,5m
2026-02-20 19:15:00+00:00,289.760009765625,289.7875061035156,289.1875,289.20001220703125,33270,UNH,5m
2026-02-20 19:20:00+00:00,289.20001220703125,289.57000732421875,289.0299987792969,289.260009765625,35928,UNH,5m
2026-02-20 19:25:00+00:00,289.239990234375,289.45001220703125,289.1199951171875,289.1849975585937,37865,UNH,5m
2026-02-20 19:30:00+00:00,289.1849975585937,289.6300048828125,289.1849975585937,289.42999267578125,48624,UNH,5m
2026-02-20 19:35:00+00:00,289.4700012207031,289.82501220703125,289.17498779296875,289.17498779296875,32562,UNH,5m
2026-02-20 19:40:00+00:00,289.1700134277344,289.32989501953125,288.9501037597656,288.9501037597656,44147,UNH,5m
2026-02-20 19:45:00+00:00,288.95001220703125,289.0299987792969,288.7900085449219,288.82501220703125,37851,UNH,5m
2026-02-20 19:50:00+00:00,288.82501220703125,289.04669189453125,288.5,288.5450134277344,35847,UNH,5m
2026-02-20 19:55:00+00:00,288.5,288.8276062011719,288.45001220703125,288.5400085449219,47196,UNH,5m
2026-02-20 20:00:00+00:00,288.5775146484375,289.1600036621094,288.57000732421875,289.0199890136719,50008,UNH,5m
2026-02-20 20:05:00+00:00,289.010009765625,289.89990234375,289.010009765625,289.8099975585937,52312,UNH,5m
2026-02-20 20:10:00+00:00,289.7799987792969,290.1700134277344,289.7001037597656,290.135009765625,55545,UNH,5m
2026-02-20 20:15:00+00:00,290.135009765625,290.6449890136719,289.94000244140625,290.3067932128906,90944,UNH,5m
2026-02-20 20:20:00+00:00,290.29998779296875,290.6199951171875,290.20001220703125,290.5899963378906,57257,UNH,5m
2026-02-20 20:25:00+00:00,290.5899963378906,290.7200012207031,290.2099914550781,290.42999267578125,78876,UNH,5m
2026-02-20 20:30:00+00:00,290.3999938964844,290.7099914550781,290.3999938964844,290.6300048828125,71885,UNH,5m
2026-02-20 20:35:00+00:00,290.6199951171875,290.6400146484375,290.3500061035156,290.5600891113281,52709,UNH,5m
2026-02-20 20:40:00+00:00,290.5599975585937,290.79998779296875,290.4100036621094,290.739990234375,82069,UNH,5m
2026-02-20 20:45:00+00:00,290.739990234375,290.7699890136719,290.3550109863281,290.3900146484375,82786,UNH,5m
2026-02-20 20:50:00+00:00,290.3999938964844,290.510009765625,289.67999267578125,290.0799865722656,162620,UNH,5m
2026-02-20 20:55:00+00:00,290.1199951171875,290.6300048828125,289.92999267578125,290.0899963378906,433532,UNH,5m
2026-02-23 14:30:00+00:00,288.54998779296875,291.3699951171875,287.95001220703125,291.3299865722656,278343,UNH,5m
2026-02-23 14:35:00+00:00,291.375,291.375,289.510009765625,289.8399963378906,139219,UNH,5m
2026-02-23 14:40:00+00:00,289.8399963378906,291.3099975585937,289.44000244140625,291.3099975585937,89009,UNH,5m
2026-02-23 14:45:00+00:00,291.2300109863281,291.3299865722656,289.32000732421875,289.4100036621094,92188,UNH,5m
2026-02-23 14:50:00+00:00,289.3699951171875,290.0199890136719,289.19000244140625,289.44000244140625,60179,UNH,5m
2026-02-23 14:55:00+00:00,289.3800048828125,290.42999267578125,289.3299865722656,290.260009765625,52792,UNH,5m
2026-02-23 15:00:00+00:00,290.2650146484375,290.760009765625,289.9800109863281,290.3951110839844,56951,UNH,5m
2026-02-23 15:05:00+00:00,290.5,291.7699890136719,290.260009765625,291.1400146484375,97786,UNH,5m
2026-02-23 15:10:00+00:00,291.1400146484375,291.2200012207031,289.42999267578125,289.6000061035156,154099,UNH,5m
2026-02-23 15:15:00+00:00,289.6000061035156,289.6000061035156,287.7099914550781,288.5079040527344,136634,UNH,5m
2026-02-23 15:20:00+00:00,288.5498046875,288.7099914550781,288.0599975585937,288.375,91570,UNH,5m
2026-02-23 15:25:00+00:00,288.3699951171875,288.5,287.5599975585937,287.8699951171875,82990,UNH,5m
2026-02-23 15:30:00+00:00,287.7699890136719,288.1698913574219,287.5199890136719,287.9989013671875,88578,UNH,5m
2026-02-23 15:35:00+00:00,287.989990234375,288.20001220703125,287.05499267578125,287.2099914550781,80224,UNH,5m
2026-02-23 15:40:00+00:00,287.29998779296875,287.57000732421875,286.75,286.94000244140625,95247,UNH,5m
2026-02-23 15:45:00+00:00,286.989990234375,287.1499938964844,286.8099975585937,286.9892883300781,51783,UNH,5m
2026-02-23 15:50:00+00:00,287.05499267578125,287.70001220703125,286.9599914550781,287.6199951171875,55874,UNH,5m
2026-02-23 15:55:00+00:00,287.57000732421875,288.0299987792969,287.0950012207031,287.1000061035156,51795,UNH,5m
2026-02-23 16:00:00+00:00,287.0924987792969,287.4599914550781,286.489990234375,286.6199951171875,103720,UNH,5m
2026-02-23 16:05:00+00:00,286.70001220703125,287.0299987792969,286.17999267578125,286.28570556640625,78134,UNH,5m
2026-02-23 16:10:00+00:00,286.2749938964844,286.3800048828125,285.45001220703125,285.54998779296875,145180,UNH,5m
2026-02-23 16:15:00+00:00,285.4800109863281,285.75,285.0,285.5599975585937,391361,UNH,5m
2026-02-23 16:20:00+00:00,285.5599975585937,285.760009765625,285.1600036621094,285.489990234375,80044,UNH,5m
2026-02-23 16:25:00+00:00,285.3999938964844,285.8399963378906,285.13250732421875,285.56500244140625,118161,UNH,5m
2026-02-23 16:30:00+00:00,285.57000732421875,286.1000061035156,284.760009765625,284.9100036621094,179463,UNH,5m
2026-02-23 16:35:00+00:00,284.9349975585937,285.0,284.510009765625,284.92498779296875,205965,UNH,5m
2026-02-23 16:40:00+00:00,284.8599853515625,284.8599853515625,284.07000732421875,284.2049865722656,59875,UNH,5m
2026-02-23 16:45:00+00:00,284.1000061035156,284.2598876953125,283.75,283.79998779296875,75612,UNH,5m
2026-02-23 16:50:00+00:00,283.760009765625,284.3399963378906,283.6300964355469,284.239990234375,47298,UNH,5m
2026-02-23 16:55:00+00:00,284.2099914550781,284.70001220703125,284.0299987792969,284.47979736328125,40545,UNH,5m
2026-02-23 17:00:00+00:00,284.4800109863281,284.6700134277344,283.95001220703125,284.0,119185,UNH,5m
2026-02-23 17:05:00+00:00,284.0,284.0599975585937,283.6300048828125,283.75,53727,UNH,5m
2026-02-23 17:10:00+00:00,283.6499938964844,283.6499938964844,282.9100036621094,282.9200134277344,82825,UNH,5m
2026-02-23 17:15:00+00:00,282.9750061035156,283.1400146484375,282.70001220703125,282.70001220703125,56299,UNH,5m
2026-02-23 17:20:00+00:00,282.70001220703125,283.0199890136719,282.29998779296875,282.3500061035156,60773,UNH,5m
2026-02-23 17:25:00+00:00,282.3500061035156,282.83990478515625,282.29998779296875,282.5975036621094,57447,UNH,5m
2026-02-23 17:30:00+00:00,282.6199951171875,282.9292907714844,282.3099975585937,282.80499267578125,49061,UNH,5m
2026-02-23 17:35:00+00:00,282.79998779296875,282.9800109863281,282.5899963378906,282.5899963378906,45299,UNH,5m
2026-02-23 17:40:00+00:00,282.6051940917969,283.2799987792969,282.5,282.9599914550781,72994,UNH,5m
2026-02-23 17:45:00+00:00,282.92999267578125,283.4989929199219,282.82000732421875,282.82000732421875,63261,UNH,5m
2026-02-23 17:50:00+00:00,282.82000732421875,283.3900146484375,282.7206115722656,283.1099853515625,48767,UNH,5m
2026-02-23 17:55:00+00:00,283.19000244140625,283.3900146484375,282.8599853515625,282.9700012207031,57095,UNH,5m
2026-02-23 18:00:00+00:00,282.8901062011719,283.6499938964844,282.8599853515625,283.45001220703125,48952,UNH,5m
2026-02-23 18:05:00+00:00,283.4849853515625,284.2449951171875,283.4849853515625,284.1400146484375,49786,UNH,5m
2026-02-23 18:10:00+00:00,284.1449890136719,284.4798889160156,283.989990234375,284.20001220703125,38524,UNH,5m
2026-02-23 18:15:00+00:00,284.1719970703125,284.2900085449219,283.8800048828125,284.0150146484375,44281,UNH,5m
2026-02-23 18:20:00+00:00,283.9700012207031,284.1000061035156,283.739990234375,283.7799072265625,39463,UNH,5m
2026-02-23 18:25:00+00:00,283.70001220703125,283.9800109863281,283.510009765625,283.6400146484375,85583,UNH,5m
2026-02-23 18:30:00+00:00,283.57000732421875,284.0,283.20001220703125,283.69000244140625,46823,UNH,5m
2026-02-23 18:35:00+00:00,283.69000244140625,284.1700134277344,283.67999267578125,283.70001220703125,31016,UNH,5m
2026-02-23 18:40:00+00:00,283.70001220703125,283.95001220703125,283.54998779296875,283.70001220703125,42364,UNH,5m
2026-02-23 18:45:00+00:00,283.7799987792969,283.989990234375,283.5000915527344,283.8599853515625,27603,UNH,5m
2026-02-23 18:50:00+00:00,283.9200134277344,283.9200134277344,283.69000244140625,283.79998779296875,38232,UNH,5m
2026-02-23 18:55:00+00:00,283.8099975585937,283.8900146484375,283.6400146484375,283.75,28652,UNH,5m
2026-02-23 19:00:00+00:00,283.7699890136719,283.9800109863281,283.5899963378906,283.8999938964844,30892,UNH,5m
2026-02-23 19:05:00+00:00,283.8511047363281,283.9563903808594,283.7099914550781,283.92999267578125,42401,UNH,5m
2026-02-23 19:10:00+00:00,283.908203125,283.989990234375,283.67999267578125,283.8900146484375,38784,UNH,5m
2026-02-23 19:15:00+00:00,283.8900146484375,284.2099914550781,283.85009765625,284.05499267578125,36809,UNH,5m
2026-02-23 19:20:00+00:00,284.05499267578125,284.1799011230469,283.7799987792969,283.8599853515625,39339,UNH,5m
2026-02-23 19:25:00+00:00,283.8800048828125,284.1199951171875,283.8099975585937,283.9200134277344,45533,UNH,5m
2026-02-23 19:30:00+00:00,283.989990234375,284.1799011230469,283.7699890136719,283.989990234375,44077,UNH,5m
2026-02-23 19:35:00+00:00,283.9349975585937,284.0899963378906,283.6300048828125,283.67498779296875,62095,UNH,5m
2026-02-23 19:40:00+00:00,283.67498779296875,283.8500061035156,283.2349853515625,283.3349914550781,55858,UNH,5m
2026-02-23 19:45:00+00:00,283.32501220703125,283.70001220703125,283.19000244140625,283.57000732421875,38820,UNH,5m
2026-02-23 19:50:00+00:00,283.5899963378906,284.0899963378906,283.385009765625,284.0299987792969,38924,UNH,5m
2026-02-23 19:55:00+00:00,284.010009765625,284.4200134277344,284.0,284.1449890136719,56531,UNH,5m
2026-02-23 20:00:00+00:00,284.1300048828125,284.4599914550781,284.0,284.2449951171875,52196,UNH,5m
2026-02-23 20:05:00+00:00,284.2449951171875,284.3500061035156,283.42999267578125,283.5450134277344,64048,UNH,5m
2026-02-23 20:10:00+00:00,283.5450134277344,283.6600036621094,283.135986328125,283.1650085449219,65716,UNH,5m
2026-02-23 20:15:00+00:00,283.2598876953125,283.760009765625,283.090087890625,283.6499938964844,44147,UNH,5m
2026-02-23 20:20:00+00:00,283.6099853515625,283.6499938964844,283.1650085449219,283.2850036621094,56413,UNH,5m
2026-02-23 20:25:00+00:00,283.2900085449219,283.3900146484375,283.1300964355469,283.1499938964844,53260,UNH,5m
2026-02-23 20:30:00+00:00,283.1449890136719,283.3099975585937,282.8099975585937,282.8699951171875,82176,UNH,5m
2026-02-23 20:35:00+00:00,282.92498779296875,282.9684143066406,282.6199951171875,282.82000732421875,89782,UNH,5m
2026-02-23 20:40:00+00:00,282.82000732421875,283.0199890136719,282.7099914550781,282.8999938964844,69804,UNH,5m
2026-02-23 20:45:00+00:00,282.8550109863281,282.8684387207031,282.4800109863281,282.4800109863281,100710,UNH,5m
2026-02-23 20:50:00+00:00,282.6099853515625,282.67999267578125,281.8800048828125,282.1300048828125,167416,UNH,5m
2026-02-23 20:55:00+00:00,282.1400146484375,282.489990234375,281.6700134277344,282.44000244140625,417953,UNH,5m
2026-02-24 14:30:00+00:00,282.19500732421875,282.3999938964844,276.8800048828125,276.92498779296875,353440,UNH,5m
2026-02-24 14:35:00+00:00,277.0199890136719,278.7799987792969,275.8500061035156,277.2799987792969,187453,UNH,5m
2026-02-24 14:40:00+00:00,277.2799987792969,278.1549987792969,276.8500061035156,277.8399963378906,150216,UNH,5m
2026-02-24 14:45:00+00:00,277.75,278.1394958496094,277.05010986328125,277.3349914550781,146076,UNH,5m
2026-02-24 14:50:00+00:00,277.3349914550781,278.2099914550781,277.1300048828125,278.04998779296875,122352,UNH,5m
2026-02-24 14:55:00+00:00,278.0299987792969,278.19000244140625,276.4599914550781,276.6199951171875,161530,UNH,5m
2026-02-24 15:00:00+00:00,276.6099853515625,276.75,274.5,274.9490051269531,289784,UNH,5m
2026-02-24 15:05:00+00:00,274.8099975585937,275.0,274.260009765625,274.92999267578125,172820,UNH,5m
2026-02-24 15:10:00+00:00,274.8900146484375,275.3900146484375,274.2900085449219,275.29998779296875,123138,UNH,5m
2026-02-24 15:15:00+00:00,275.2099914550781,275.7699890136719,274.6499938964844,275.2200012207031,169535,UNH,5m
2026-02-24 15:20:00+00:00,275.2200012207031,276.04998779296875,275.0,275.3500061035156,109006,UNH,5m
2026-02-24 15:25:00+00:00,275.3399963378906,275.7099914550781,275.239990234375,275.5599975585937,107097,UNH,5m
2026-02-24 15:30:00+00:00,275.4700012207031,276.6300048828125,275.4700012207031,275.7049865722656,137648,UNH,5m
2026-02-24 15:35:00+00:00,275.7049865722656,276.06988525390625,274.8999938964844,274.8999938964844,126107,UNH,5m
2026-02-24 15:40:00+00:00,274.9649963378906,275.30499267578125,274.739990234375,274.95001220703125,65158,UNH,5m
2026-02-24 15:45:00+00:00,274.989990234375,275.1199035644531,274.4700012207031,274.8479919433594,113049,UNH,5m
2026-02-24 15:50:00+00:00,274.8299865722656,275.19000244140625,274.2699890136719,274.29998779296875,120195,UNH,5m
2026-02-24 15:55:00+00:00,274.3194885253906,274.3900146484375,273.4200134277344,273.7250061035156,160589,UNH,5m
2026-02-24 16:00:00+00:00,273.7200012207031,273.739990234375,273.17999267578125,273.2250061035156,118684,UNH,5m
2026-02-24 16:05:00+00:00,273.2193908691406,273.95001220703125,273.07000732421875,273.7001037597656,147415,UNH,5m
2026-02-24 16:10:00+00:00,273.7799987792969,273.7799987792969,272.95001220703125,273.1099853515625,177608,UNH,5m
2026-02-24 16:15:00+00:00,273.0350036621094,273.2900085449219,272.70001220703125,273.0599975585937,115519,UNH,5m
2026-02-24 16:20:00+00:00,273.06298828125,273.34161376953125,272.69000244140625,273.04998779296875,159619,UNH,5m
2026-02-24 16:25:00+00:00,273.1000061035156,273.44000244140625,272.9200134277344,273.31988525390625,160419,UNH,5m
2026-02-24 16:30:00+00:00,273.20001220703125,273.3999938964844,272.82000732421875,272.92999267578125,102214,UNH,5m
2026-02-24 16:35:00+00:00,272.8500061035156,272.9599914550781,272.2699890136719,272.2699890136719,128335,UNH,5m
2026-02-24 16:40:00+00:00,272.3099975585937,272.4649963378906,271.79998779296875,272.260009765625,191510,UNH,5m
2026-02-24 16:45:00+00:00,272.260009765625,273.010009765625,272.1499938964844,272.6499938964844,145749,UNH,5m
2026-02-24 16:50:00+00:00,272.6907043457031,273.1199951171875,272.42999267578125,272.9800109863281,119426,UNH,5m
2026-02-24 16:55:00+00:00,272.97088623046875,273.1700134277344,272.6300048828125,273.04998779296875,91865,UNH,5m
2026-02-24 17:00:00+00:00,273.114990234375,273.3299865722656,272.75,273.1099853515625,133143,UNH,5m
2026-02-24 17:05:00+00:00,273.1099853515625,273.2349853515625,272.70001220703125,272.9999084472656,68286,UNH,5m
2026-02-24 17:10:00+00:00,273.0,273.54998779296875,272.989990234375,273.4200134277344,113413,UNH,5m
2026-02-24 17:15:00+00:00,273.44000244140625,273.5299072265625,273.1700134277344,273.2699890136719,50860,UNH,5m
2026-02-24 17:20:00+00:00,273.26220703125,273.5299987792969,272.8999938964844,273.1099853515625,64817,UNH,5m
2026-02-24 17:25:00+00:00,273.0599975585937,273.2799987792969,272.6700134277344,273.2099914550781,96265,UNH,5m
2026-02-24 17:30:00+00:00,273.20001220703125,273.5299987792969,273.0849914550781,273.45001220703125,59469,UNH,5m
2026-02-24 17:35:00+00:00,273.4549865722656,273.95001220703125,273.25,273.8999938964844,63733,UNH,5m
2026-02-24 17:40:00+00:00,273.8999938964844,274.20001220703125,273.8099975585937,274.1400146484375,94782,UNH,5m
2026-02-24 17:45:00+00:00,274.135009765625,274.3203125,273.9700012207031,274.25,83313,UNH,5m
2026-02-24 17:50:00+00:00,274.2300109863281,274.8500061035156,274.07000732421875,274.8399963378906,104507,UNH,5m
2026-02-24 17:55:00+00:00,274.8599853515625,275.5899963378906,274.8599853515625,275.1849975585937,123390,UNH,5m
2026-02-24 18:00:00+00:00,275.1849975585937,275.57000732421875,275.1200866699219,275.1801147460937,95358,UNH,5m
2026-02-24 18:05:00+00:00,275.20001220703125,275.4898986816406,274.92999267578125,275.1000061035156,58987,UNH,5m
2026-02-24 18:10:00+00:00,274.94140625,275.0,274.6499938964844,274.92999267578125,76998,UNH,5m
2026-02-24 18:15:00+00:00,274.8699951171875,274.92498779296875,274.5599975585937,274.6000061035156,40825,UNH,5m
2026-02-24 18:20:00+00:00,274.6000061035156,274.8099975585937,274.3500061035156,274.4100036621094,74668,UNH,5m
2026-02-24 18:25:00+00:00,274.4100036621094,274.5400085449219,274.1199951171875,274.3500061035156,49967,UNH,5m
2026-02-24 18:30:00+00:00,274.3450012207031,274.6300048828125,274.2699890136719,274.510009765625,43021,UNH,5m
2026-02-24 18:35:00+00:00,274.5599975585937,274.9100036621094,274.4501037597656,274.510009765625,48021,UNH,5m
2026-02-24 18:40:00+00:00,274.5150146484375,274.81988525390625,274.4100036621094,274.6199951171875,39223,UNH,5m
2026-02-24 18:45:00+00:00,274.6499938964844,275.0,274.5899963378906,274.875,56272,UNH,5m
2026-02-24 18:50:00+00:00,274.875,274.8857116699219,274.6300964355469,274.677490234375,41422,UNH,5m
2026-02-24 18:55:00+00:00,274.69000244140625,274.8667907714844,274.610107421875,274.6449890136719,38670,UNH,5m
2026-02-24 19:00:00+00:00,274.6199951171875,275.0799865722656,274.57000732421875,275.010009765625,58982,UNH,5m
2026-02-24 19:05:00+00:00,275.0199890136719,275.2799987792969,274.95001220703125,275.1499938964844,69482,UNH,5m
2026-02-24 19:10:00+00:00,275.20001220703125,275.32000732421875,274.7799987792969,274.79998779296875,53622,UNH,5m
2026-02-24 19:15:00+00:00,274.79998779296875,275.1000061035156,274.70001220703125,274.7799987792969,48441,UNH,5m
2026-02-24 19:20:00+00:00,274.82501220703125,274.92999267578125,274.3299865722656,274.4349975585937,50368,UNH,5m
2026-02-24 19:25:00+00:00,274.4349975585937,274.6098937988281,274.04998779296875,274.04998779296875,60703,UNH,5m
2026-02-24 19:30:00+00:00,274.0599975585937,274.31500244140625,273.79998779296875,273.8439025878906,74280,UNH,5m
2026-02-24 19:35:00+00:00,273.79998779296875,274.0599975585937,273.6000061035156,273.9549865722656,58063,UNH,5m
2026-02-24 19:40:00+00:00,273.92999267578125,274.0400085449219,273.7200012207031,273.739990234375,52834,UNH,5m
2026-02-24 19:45:00+00:00,273.7699890136719,274.30499267578125,273.75,274.17449951171875,60142,UNH,5m
2026-02-24 19:50:00+00:00,274.1400146484375,274.239990234375,273.7699890136719,273.7699890136719,49849,UNH,5m
2026-02-24 19:55:00+00:00,273.7699890136719,273.9258117675781,273.6300048828125,273.78009033203125,64917,UNH,5m
2026-02-24 20:00:00+00:00,273.7799987792969,273.9750061035156,273.6499938964844,273.75,58767,UNH,5m
2026-02-24 20:05:00+00:00,273.7900085449219,274.06500244140625,273.739990234375,273.9549865722656,66996,UNH,5m
2026-02-24 20:10:00+00:00,273.92999267578125,274.0150146484375,273.82000732421875,273.9049987792969,57253,UNH,5m
2026-02-24 20:15:00+00:00,273.8999938964844,273.92498779296875,273.3700866699219,273.6199951171875,115180,UNH,5m
2026-02-24 20:20:00+00:00,273.5599975585937,273.8099975585937,273.360107421875,273.56500244140625,63244,UNH,5m
2026-02-24 20:25:00+00:00,273.56500244140625,273.57000732421875,273.1300048828125,273.1783142089844,73093,UNH,5m
2026-02-24 20:30:00+00:00,273.1300048828125,273.8299865722656,273.07000732421875,273.8299865722656,76725,UNH,5m
2026-02-24 20:35:00+00:00,273.8099975585937,274.1199035644531,273.75,273.94500732421875,95984,UNH,5m
2026-02-24 20:40:00+00:00,273.94500732421875,274.260009765625,273.7799987792969,274.1099853515625,140043,UNH,5m
2026-02-24 20:45:00+00:00,274.125,274.32000732421875,274.06500244140625,274.2650146484375,133161,UNH,5m
2026-02-24 20:50:00+00:00,274.2650146484375,274.5599975585937,274.0199890136719,274.1099853515625,235143,UNH,5m
2026-02-24 20:55:00+00:00,274.1099853515625,274.3500061035156,273.6499938964844,273.9700012207031,565188,UNH,5m
2026-02-25 14:30:00+00:00,277.2850036621094,279.0,276.8699951171875,278.5899963378906,607136,UNH,5m
2026-02-25 14:35:00+00:00,278.5199890136719,279.8399963378906,278.43719482421875,279.20001220703125,217718,UNH,5m
2026-02-25 14:40:00+00:00,279.2099914550781,280.3999938964844,279.0899963378906,280.0350036621094,226877,UNH,5m
2026-02-25 14:45:00+00:00,280.0350036621094,281.62701416015625,280.0,280.5101013183594,201264,UNH,5m
2026-02-25 14:50:00+00:00,280.510009765625,280.8399963378906,279.75,279.8599853515625,173834,UNH,5m
2026-02-25 14:55:00+00:00,279.8500061035156,280.7200012207031,279.4800109863281,280.42498779296875,119930,UNH,5m
2026-02-25 15:00:00+00:00,280.4100036621094,281.0299987792969,280.1300048828125,280.7900085449219,119828,UNH,5m
2026-02-25 15:05:00+00:00,280.7900085449219,281.2300109863281,280.6000061035156,280.7300109863281,55201,UNH,5m
2026-02-25 15:10:00+00:00,280.7300109863281,280.8399963378906,279.79998779296875,280.2349853515625,146981,UNH,5m
2026-02-25 15:15:00+00:00,280.19000244140625,281.79998779296875,280.17449951171875,281.2699890136719,114210,UNH,5m
2026-02-25 15:20:00+00:00,281.260009765625,282.010009765625,281.1600036621094,281.760009765625,77457,UNH,5m
2026-02-25 15:25:00+00:00,281.8297119140625,282.0299987792969,281.5599975585937,281.625,85305,UNH,5m
2026-02-25 15:30:00+00:00,281.625,282.29998779296875,281.4700012207031,282.0849914550781,69497,UNH,5m
2026-02-25 15:35:00+00:00,282.0799865722656,282.1099853515625,281.2300109863281,281.42999267578125,65961,UNH,5m
2026-02-25 15:40:00+00:00,281.489990234375,282.0899963378906,281.3009948730469,281.9700012207031,66244,UNH,5m
2026-02-25 15:45:00+00:00,282.010009765625,282.09490966796875,281.5,282.0,67515,UNH,5m
2026-02-25 15:50:00+00:00,282.0400085449219,282.2799987792969,281.7200012207031,281.9150085449219,87202,UNH,5m
2026-02-25 15:55:00+00:00,281.9150085449219,281.94989013671875,281.5791931152344,281.6650085449219,67125,UNH,5m
2026-02-25 16:00:00+00:00,281.6300048828125,281.9549865722656,281.5,281.5849914550781,54175,UNH,5m
2026-02-25 16:05:00+00:00,281.6000061035156,281.79998779296875,281.30499267578125,281.3949890136719,60927,UNH,5m
2026-02-25 16:10:00+00:00,281.3949890136719,281.5899963378906,280.8500061035156,280.9599914550781,84622,UNH,5m
2026-02-25 16:15:00+00:00,280.8999938964844,280.9549865722656,280.3299865722656,280.6700134277344,58570,UNH,5m
2026-02-25 16:20:00+00:00,280.6700134277344,280.8299865722656,280.3599853515625,280.8099975585937,56584,UNH,5m
2026-02-25 16:25:00+00:00,280.8099975585937,281.3999938964844,280.8099975585937,281.2749938964844,56386,UNH,5m
2026-02-25 16:30:00+00:00,281.32000732421875,281.6000061035156,281.2200012207031,281.5400085449219,48542,UNH,5m
2026-02-25 16:35:00+00:00,281.5199890136719,281.8500061035156,281.4100036621094,281.4800109863281,1721244,UNH,5m
2026-02-25 16:40:00+00:00,281.5,282.1000061035156,281.3999938964844,281.989990234375,49252,UNH,5m
2026-02-25 16:45:00+00:00,281.9800109863281,282.45001220703125,281.95001220703125,282.2085876464844,114727,UNH,5m
2026-02-25 16:50:00+00:00,282.1499938964844,282.3599853515625,281.6700134277344,281.8900146484375,69930,UNH,5m
2026-02-25 16:55:00+00:00,281.8550109863281,282.1849975585937,281.5299987792969,281.69500732421875,80848,UNH,5m
2026-02-25 17:00:00+00:00,281.6199951171875,281.8800048828125,280.989990234375,281.20001220703125,132585,UNH,5m
2026-02-25 17:05:00+00:00,281.260009765625,281.739990234375,281.1400146484375,281.5050048828125,44919,UNH,5m
2026-02-25 17:10:00+00:00,281.5050048828125,281.6099853515625,281.2001037597656,281.31744384765625,89323,UNH,5m
2026-02-25 17:15:00+00:00,281.3299865722656,281.6000061035156,281.2149963378906,281.4849853515625,33080,UNH,5m
2026-02-25 17:20:00+00:00,281.4200134277344,281.739990234375,281.4200134277344,281.54998779296875,42246,UNH,5m
2026-02-25 17:25:00+00:00,281.54010009765625,281.6199951171875,281.45001220703125,281.5599975585937,27392,UNH,5m
2026-02-25 17:30:00+00:00,281.5299987792969,281.6199951171875,281.3999938964844,281.5799865722656,37403,UNH,5m
2026-02-25 17:35:00+00:00,281.6199951171875,281.8999938964844,281.510009765625,281.69000244140625,40566,UNH,5m
2026-02-25 17:40:00+00:00,281.69000244140625,282.1099853515625,281.69000244140625,282.0799865722656,46591,UNH,5m
2026-02-25 17:45:00+00:00,282.0899963378906,282.260009765625,281.9700012207031,282.0299987792969,41430,UNH,5m
2026-02-25 17:50:00+00:00,282.0299987792969,282.25,281.989990234375,282.19500732421875,40539,UNH,5m
2026-02-25 17:55:00+00:00,282.2149963378906,282.25,282.05499267578125,282.1549987792969,31073,UNH,5m
2026-02-25 18:00:00+00:00,282.1600036621094,282.2300109863281,282.04998779296875,282.17498779296875,556368,UNH,5m
2026-02-25 18:05:00+00:00,282.17498779296875,282.3099975585937,282.0400085449219,282.1099853515625,62836,UNH,5m
2026-02-25 18:10:00+00:00,282.1199951171875,282.260009765625,281.9700012207031,282.1549987792969,69269,UNH,5m
2026-02-25 18:15:00+00:00,282.17999267578125,283.1199951171875,282.1499938964844,282.9800109863281,82504,UNH,5m
2026-02-25 18:20:00+00:00,282.9750061035156,283.07000732421875,282.12060546875,282.2099914550781,61287,UNH,5m
2026-02-25 18:25:00+00:00,282.260009765625,282.29998779296875,282.0599975585937,282.2250061035156,39173,UNH,5m
2026-02-25 18:30:00+00:00,282.25,282.489990234375,282.25,282.32000732421875,65763,UNH,5m
2026-02-25 18:35:00+00:00,282.260009765625,282.5,282.260009765625,282.385009765625,31358,UNH,5m
2026-02-25 18:40:00+00:00,282.3500061035156,282.409912109375,282.1506042480469,282.3349914550781,24493,UNH,5m
2026-02-25 18:45:00+00:00,282.32000732421875,282.3500061035156,282.1000061035156,282.1799011230469,32046,UNH,5m
2026-02-25 18:50:00+00:00,282.135009765625,282.239990234375,281.9049987792969,282.1400146484375,29329,UNH,5m
2026-02-25 18:55:00+00:00,282.135009765625,282.135009765625,281.6400146484375,281.69500732421875,30531,UNH,5m
2026-02-25 19:00:00+00:00,281.6499938964844,281.8999938964844,281.42999267578125,281.69500732421875,781555,UNH,5m
2026-02-25 19:05:00+00:00,281.69500732421875,281.8099975585937,281.5249938964844,281.6700134277344,41636,UNH,5m
2026-02-25 19:10:00+00:00,281.6700134277344,281.7099914550781,281.3099975585937,281.3987121582031,44840,UNH,5m
2026-02-25 19:15:00+00:00,281.375,281.57000732421875,281.3099975585937,281.4599914550781,43991,UNH,5m
2026-02-25 19:20:00+00:00,281.45220947265625,281.8900146484375,281.4310913085937,281.760009765625,56841,UNH,5m
2026-02-25 19:25:00+00:00,281.7900085449219,281.8999938964844,281.7099914550781,281.8999938964844,51171,UNH,5m
2026-02-25 19:30:00+00:00,281.9100036621094,282.57000732421875,281.8900146484375,282.5375061035156,78195,UNH,5m
2026-02-25 19:35:00+00:00,282.5050048828125,283.0599975585937,282.45001220703125,282.6099853515625,87967,UNH,5m
2026-02-25 19:40:00+00:00,282.57000732421875,283.3999938964844,282.510009765625,283.0274963378906,142602,UNH,5m
2026-02-25 19:45:00+00:00,283.0,283.489990234375,283.0,283.4200134277344,92386,UNH,5m
2026-02-25 19:50:00+00:00,283.375,283.6199951171875,283.29998779296875,283.45001220703125,58101,UNH,5m
2026-02-25 19:55:00+00:00,283.4599914550781,283.75,283.42999267578125,283.739990234375,82146,UNH,5m
2026-02-25 20:00:00+00:00,283.739990234375,283.92999267578125,283.54998779296875,283.6000061035156,69364,UNH,5m
2026-02-25 20:05:00+00:00,283.625,284.116455078125,283.6199951171875,284.0050048828125,68351,UNH,5m
2026-02-25 20:10:00+00:00,283.9974975585937,284.20001220703125,283.8099975585937,283.9750061035156,69573,UNH,5m
2026-02-25 20:15:00+00:00,283.989990234375,284.2799987792969,283.9200134277344,284.2699890136719,86744,UNH,5m
2026-02-25 20:20:00+00:00,284.2701110839844,284.739990234375,283.9800109863281,284.010009765625,90131,UNH,5m
2026-02-25 20:25:00+00:00,284.0,284.2099914550781,283.70001220703125,283.8099975585937,59090,UNH,5m
2026-02-25 20:30:00+00:00,283.8099975585937,283.8800048828125,283.3099975585937,283.5,65716,UNH,5m
2026-02-25 20:35:00+00:00,283.489990234375,283.6400146484375,283.3900146484375,283.489990234375,58348,UNH,5m
2026-02-25 20:40:00+00:00,283.489990234375,283.8699951171875,283.3900146484375,283.6600036621094,156836,UNH,5m
2026-02-25 20:45:00+00:00,283.67498779296875,284.489990234375,283.67498779296875,284.3374938964844,96253,UNH,5m
2026-02-25 20:50:00+00:00,284.2799987792969,284.489990234375,284.03009033203125,284.1650085449219,159166,UNH,5m
2026-02-25 20:55:00+00:00,284.1400146484375,284.5,283.7799987792969,284.17999267578125,538759,UNH,5m
2026-02-26 14:30:00+00:00,286.9800109863281,289.498291015625,285.739990234375,288.635009765625,440880,UNH,5m
2026-02-26 14:35:00+00:00,288.635009765625,292.6000061035156,288.4200134277344,292.44000244140625,344661,UNH,5m
2026-02-26 14:40:00+00:00,292.44000244140625,293.4849853515625,292.1700134277344,292.4100036621094,229273,UNH,5m
2026-02-26 14:45:00+00:00,292.4200134277344,293.3800048828125,291.8399963378906,293.3599853515625,202273,UNH,5m
2026-02-26 14:50:00+00:00,293.29998779296875,295.17999267578125,293.260009765625,294.9413146972656,440812,UNH,5m
2026-02-26 14:55:00+00:00,294.9700012207031,295.260009765625,292.3599853515625,292.4349975585937,270402,UNH,5m
2026-02-26 15:00:00+00:00,292.4100036621094,294.0199890136719,292.3099975585937,293.9100036621094,131611,UNH,5m
2026-02-26 15:05:00+00:00,293.95001220703125,293.95001220703125,292.6199951171875,292.7950134277344,126281,UNH,5m
2026-02-26 15:10:00+00:00,292.7950134277344,293.3699951171875,291.5,291.7799987792969,135347,UNH,5m
2026-02-26 15:15:00+00:00,291.7699890136719,291.9301147460937,289.5599975585937,289.8900146484375,180151,UNH,5m
2026-02-26 15:20:00+00:00,289.92999267578125,290.2900085449219,289.07000732421875,289.4150085449219,101170,UNH,5m
2026-02-26 15:25:00+00:00,289.3999938964844,289.3999938964844,288.1300048828125,288.17999267578125,122404,UNH,5m
2026-02-26 15:30:00+00:00,288.1300048828125,289.1700134277344,287.6099853515625,288.6513977050781,84589,UNH,5m
2026-02-26 15:35:00+00:00,288.54998779296875,289.3099975585937,288.44000244140625,289.29998779296875,66390,UNH,5m
2026-02-26 15:40:00+00:00,289.3299865722656,289.3699951171875,288.57000732421875,288.9700012207031,54357,UNH,5m
2026-02-26 15:45:00+00:00,289.0,289.0,288.0899963378906,288.69000244140625,47776,UNH,5m
2026-02-26 15:50:00+00:00,288.6424865722656,289.3937072753906,288.6424865722656,288.8949890136719,41469,UNH,5m
2026-02-26 15:55:00+00:00,289.0,289.7300109863281,288.989990234375,289.2349853515625,52157,UNH,5m
2026-02-26 16:00:00+00:00,289.19000244140625,289.239990234375,288.1099853515625,288.42999267578125,39723,UNH,5m
2026-02-26 16:05:00+00:00,288.42498779296875,288.9849853515625,288.1199951171875,288.7349853515625,55536,UNH,5m
2026-02-26 16:10:00+00:00,288.6600036621094,288.9750061035156,288.4313049316406,288.70001220703125,42926,UNH,5m
2026-02-26 16:15:00+00:00,288.7099914550781,288.8500061035156,288.260009765625,288.3523864746094,37697,UNH,5m
2026-02-26 16:20:00+00:00,288.2950134277344,288.54998779296875,287.73651123046875,287.8800048828125,44913,UNH,5m
2026-02-26 16:25:00+00:00,287.94000244140625,288.0226135253906,287.31500244140625,287.7200012207031,67417,UNH,5m
2026-02-26 16:30:00+00:00,287.75,288.0,287.3200988769531,287.4599914550781,38703,UNH,5m
2026-02-26 16:35:00+00:00,287.535400390625,287.6400146484375,287.2237243652344,287.5899963378906,33894,UNH,5m
2026-02-26 16:40:00+00:00,287.6000061035156,287.7099914550781,287.3900146484375,287.6400146484375,29211,UNH,5m
2026-02-26 16:45:00+00:00,287.6451110839844,288.3599853515625,287.44000244140625,288.1400146484375,32527,UNH,5m
2026-02-26 16:50:00+00:00,288.1449890136719,288.2099914550781,287.1000061035156,287.239990234375,33758,UNH,5m
2026-02-26 16:55:00+00:00,287.17999267578125,287.4100036621094,286.8500061035156,286.8500061035156,40958,UNH,5m
2026-02-26 17:00:00+00:00,286.8399963378906,287.0799865722656,286.79998779296875,286.8442077636719,53079,UNH,5m
2026-02-26 17:05:00+00:00,286.864990234375,287.0356140136719,286.5,286.57000732421875,41054,UNH,5m
2026-02-26 17:10:00+00:00,286.6199951171875,287.2099914550781,286.5599975585937,286.8500061035156,39094,UNH,5m
2026-02-26 17:15:00+00:00,287.0799865722656,287.1099853515625,286.6499938964844,286.8999938964844,26585,UNH,5m
2026-02-26 17:20:00+00:00,286.9200134277344,287.07000732421875,286.3450012207031,286.57501220703125,49849,UNH,5m
2026-02-26 17:25:00+00:00,286.5574951171875,286.9649963378906,286.4800109863281,286.79998779296875,32213,UNH,5m
2026-02-26 17:30:00+00:00,286.7850036621094,287.0400085449219,286.7001037597656,286.7049865722656,35565,UNH,5m
2026-02-26 17:35:00+00:00,286.6499938964844,286.8699951171875,286.2200012207031,286.3724975585937,58882,UNH,5m
2026-02-26 17:40:00+00:00,286.3399963378906,286.5599975585937,285.8800048828125,286.0199890136719,58502,UNH,5m
2026-02-26 17:45:00+00:00,285.9800109863281,286.3399963378906,285.92999267578125,286.0950012207031,38478,UNH,5m
2026-02-26 17:50:00+00:00,286.0950012207031,286.2998962402344,286.00079345703125,286.135009765625,36647,UNH,5m
2026-02-26 17:55:00+00:00,286.1099853515625,286.19000244140625,285.45001220703125,285.6000061035156,90424,UNH,5m
2026-02-26 18:00:00+00:00,285.5799865722656,285.6993103027344,285.44000244140625,285.57000732421875,46012,UNH,5m
2026-02-26 18:05:00+00:00,285.57000732421875,285.8450012207031,285.3800048828125,285.4551086425781,38171,UNH,5m
2026-02-26 18:10:00+00:00,285.4700012207031,285.9549865722656,285.4700012207031,285.9100036621094,28770,UNH,5m
2026-02-26 18:15:00+00:00,285.81500244140625,285.876708984375,285.4200134277344,285.6000061035156,55167,UNH,5m
2026-02-26 18:20:00+00:00,285.5299987792969,285.6600036621094,285.2300109863281,285.3450012207031,34809,UNH,5m
2026-02-26 18:25:00+00:00,285.2699890136719,285.7439880371094,285.2699890136719,285.29998779296875,54663,UNH,5m
2026-02-26 18:30:00+00:00,285.31500244140625,286.7200012207031,285.31500244140625,286.6409912109375,66268,UNH,5m
2026-02-26 18:35:00+00:00,286.5799865722656,286.989990234375,286.3099975585937,286.5799865722656,49130,UNH,5m
2026-02-26 18:40:00+00:00,286.5799865722656,286.6499938964844,286.29998779296875,286.4800109863281,48284,UNH,5m
2026-02-26 18:45:00+00:00,286.4800109863281,286.59991455078125,286.20001220703125,286.54449462890625,33208,UNH,5m
2026-02-26 18:50:00+00:00,286.6000061035156,286.6935119628906,286.010009765625,286.4750061035156,43108,UNH,5m
2026-02-26 18:55:00+00:00,286.44000244140625,286.4549865722656,286.0801086425781,286.3099975585937,35996,UNH,5m
2026-02-26 19:00:00+00:00,286.29998779296875,286.5299987792969,286.010009765625,286.010009765625,211126,UNH,5m
2026-02-26 19:05:00+00:00,286.1050109863281,286.5599975585937,286.04998779296875,286.42498779296875,28151,UNH,5m
2026-02-26 19:10:00+00:00,286.42498779296875,286.92999267578125,286.4100036621094,286.6050109863281,41807,UNH,5m
2026-02-26 19:15:00+00:00,286.6300048828125,287.1199951171875,286.4800109863281,287.0599975585937,60243,UNH,5m
2026-02-26 19:20:00+00:00,287.04998779296875,287.1400146484375,286.5907897949219,286.7200012207031,54967,UNH,5m
2026-02-26 19:25:00+00:00,286.7099914550781,287.2898864746094,286.4349975585937,287.2898864746094,54504,UNH,5m
2026-02-26 19:30:00+00:00,287.2449035644531,287.6597900390625,287.20001220703125,287.510009765625,44262,UNH,5m
2026-02-26 19:35:00+00:00,287.4800109863281,287.7950134277344,287.19000244140625,287.19000244140625,48178,UNH,5m
2026-02-26 19:40:00+00:00,287.21929931640625,287.4100036621094,287.0150146484375,287.28729248046875,0,UNH,5m
2026-02-26 19:45:00+00:00,287.2650146484375,288.0,287.239990234375,287.989990234375,48293,UNH,5m
2026-02-26 19:50:00+00:00,287.9800109863281,288.04998779296875,287.114990234375,287.29998779296875,53300,UNH,5m
2026-02-26 19:55:00+00:00,287.2900085449219,287.32000732421875,286.82000732421875,287.0249938964844,48727,UNH,5m
2026-02-26 20:00:00+00:00,287.0799865722656,287.8399963378906,286.9599914550781,287.82000732421875,49721,UNH,5m
2026-02-26 20:05:00+00:00,287.82000732421875,288.1600036621094,287.739990234375,287.989990234375,1961624,UNH,5m
2026-02-26 20:10:00+00:00,288.0400085449219,288.1400146484375,287.5000915527344,287.5299987792969,46253,UNH,5m
2026-02-26 20:15:00+00:00,287.5599975585937,287.6499938964844,287.17999267578125,287.5849914550781,52864,UNH,5m
2026-02-26 20:20:00+00:00,287.6400146484375,287.75,287.2701110839844,287.44000244140625,37669,UNH,5m
2026-02-26 20:25:00+00:00,287.44000244140625,287.6000061035156,287.1099853515625,287.260009765625,43672,UNH,5m
2026-02-26 20:30:00+00:00,287.2449951171875,287.3299865722656,286.79998779296875,286.96270751953125,48297,UNH,5m
2026-02-26 20:35:00+00:00,286.9849853515625,287.0899963378906,286.6499938964844,286.9549865722656,49070,UNH,5m
2026-02-26 20:40:00+00:00,286.9200134277344,287.1300048828125,286.7101135253906,287.0899963378906,63612,UNH,5m
2026-02-26 20:45:00+00:00,287.0799865722656,287.17999267578125,286.5799865722656,286.6300048828125,132478,UNH,5m
2026-02-26 20:50:00+00:00,286.6000061035156,286.75,286.2699890136719,286.6499938964844,133096,UNH,5m
2026-02-26 20:55:00+00:00,286.57000732421875,286.760009765625,286.3299865722656,286.69000244140625,291735,UNH,5m
2026-02-27 14:30:00+00:00,284.70001220703125,286.1099853515625,284.2300109863281,285.1000061035156,237963,UNH,5m
2026-02-27 14:35:00+00:00,285.2900085449219,286.8999938964844,285.2900085449219,286.7200012207031,72778,UNH,5m
2026-02-27 14:40:00+00:00,286.8055114746094,286.9800109863281,285.57000732421875,285.6199951171875,107868,UNH,5m
2026-02-27 14:45:00+00:00,285.57000732421875,285.6700134277344,284.0899963378906,284.8550109863281,66705,UNH,5m
2026-02-27 14:50:00+00:00,284.8575134277344,285.3399963378906,284.5299987792969,284.9808959960937,73001,UNH,5m
2026-02-27 14:55:00+00:00,285.0,285.19000244140625,283.8500061035156,284.8399963378906,102253,UNH,5m
2026-02-27 15:00:00+00:00,284.9599914550781,285.8500061035156,284.5199890136719,285.44000244140625,50032,UNH,5m
2026-02-27 15:05:00+00:00,285.4800109863281,287.29998779296875,285.3399963378906,287.2300109863281,80911,UNH,5m
2026-02-27 15:10:00+00:00,287.1700134277344,287.3299865722656,286.8699951171875,286.9750061035156,41704,UNH,5m
2026-02-27 15:15:00+00:00,287.0,287.8299865722656,286.9700012207031,287.8099975585937,82425,UNH,5m
2026-02-27 15:20:00+00:00,287.7799987792969,288.29998779296875,287.44000244140625,287.8299865722656,46140,UNH,5m
2026-02-27 15:25:00+00:00,287.8299865722656,287.8299865722656,287.0700988769531,287.3223876953125,42076,UNH,5m
2026-02-27 15:30:00+00:00,287.4100036621094,287.92999267578125,287.2850036621094,287.7900085449219,45734,UNH,5m
2026-02-27 15:35:00+00:00,287.7875061035156,288.6799011230469,287.7300109863281,288.4480895996094,60060,UNH,5m
2026-02-27 15:40:00+00:00,288.4649963378906,288.79998779296875,288.3299865722656,288.44500732421875,60887,UNH,5m
2026-02-27 15:45:00+00:00,288.5350036621094,288.6700134277344,287.92999267578125,288.2900085449219,28314,UNH,5m
2026-02-27 15:50:00+00:00,288.2550048828125,289.0299987792969,288.2550048828125,288.989990234375,37692,UNH,5m
2026-02-27 15:55:00+00:00,289.0400085449219,289.8099975585937,288.9872131347656,289.3099975585937,60655,UNH,5m
2026-02-27 16:00:00+00:00,289.25,289.8900146484375,289.25,289.53619384765625,68371,UNH,5m
2026-02-27 16:05:00+00:00,289.4949951171875,289.7699890136719,289.3299865722656,289.5150146484375,38112,UNH,5m
2026-02-27 16:10:00+00:00,289.510009765625,290.9599914550781,289.38800048828125,290.86968994140625,150274,UNH,5m
2026-02-27 16:15:00+00:00,290.8500061035156,292.0,290.7900085449219,291.9400939941406,146883,UNH,5m
2026-02-27 16:20:00+00:00,291.9750061035156,292.7799987792969,291.7500915527344,292.7300109863281,259216,UNH,5m
2026-02-27 16:25:00+00:00,292.69000244140625,292.69000244140625,291.17999267578125,291.4259948730469,137272,UNH,5m
2026-02-27 16:30:00+00:00,291.4100036621094,291.6899108886719,291.1199951171875,291.5299987792969,47486,UNH,5m
2026-02-27 16:35:00+00:00,291.5299987792969,291.8800048828125,291.1000061035156,291.42498779296875,62005,UNH,5m
2026-02-27 16:40:00+00:00,291.42498779296875,291.5400085449219,291.07000732421875,291.3299865722656,70289,UNH,5m
2026-02-27 16:45:00+00:00,291.3299865722656,291.8500061035156,291.17498779296875,291.7200012207031,78123,UNH,5m
2026-02-27 16:50:00+00:00,291.7200012207031,292.5299987792969,291.7200012207031,292.19000244140625,72301,UNH,5m
2026-02-27 16:55:00+00:00,292.214111328125,292.5190124511719,291.3699951171875,291.4100036621094,67350,UNH,5m
2026-02-27 17:00:00+00:00,291.4100036621094,292.2200012207031,291.3900146484375,291.989990234375,63704,UNH,5m
2026-02-27 17:05:00+00:00,291.9800109863281,292.57000732421875,291.9100036621094,292.32000732421875,48513,UNH,5m
2026-02-27 17:10:00+00:00,292.32000732421875,292.37530517578125,291.92999267578125,292.239990234375,39438,UNH,5m
2026-02-27 17:15:00+00:00,292.23541259765625,292.3999938964844,291.32000732421875,291.3800048828125,81507,UNH,5m
2026-02-27 17:20:00+00:00,291.3699951171875,291.659912109375,291.1099853515625,291.659912109375,35573,UNH,5m
2026-02-27 17:25:00+00:00,291.6050109863281,292.2499084472656,291.3399963378906,291.95001220703125,206936,UNH,5m
2026-02-27 17:30:00+00:00,291.875,292.45001220703125,291.875,292.45001220703125,208624,UNH,5m
2026-02-27 17:35:00+00:00,292.3999938964844,292.6199951171875,292.1099853515625,292.2977905273437,48963,UNH,5m
2026-02-27 17:40:00+00:00,292.2650146484375,292.5,292.0,292.3699951171875,30271,UNH,5m
2026-02-27 17:45:00+00:00,292.4200134277344,292.4299011230469,292.07000732421875,292.1849975585937,28818,UNH,5m
2026-02-27 17:50:00+00:00,292.21990966796875,292.5498962402344,291.94000244140625,292.3999938964844,40441,UNH,5m
2026-02-27 17:55:00+00:00,292.364990234375,293.2799987792969,292.25,293.2049865722656,96941,UNH,5m
2026-02-27 18:00:00+00:00,293.260009765625,293.4049987792969,293.0350036621094,293.0899963378906,34494,UNH,5m
2026-02-27 18:05:00+00:00,293.17999267578125,293.489990234375,292.8999938964844,293.1700134277344,68812,UNH,5m
2026-02-27 18:10:00+00:00,293.19000244140625,293.44500732421875,293.010009765625,293.44000244140625,47243,UNH,5m
2026-02-27 18:15:00+00:00,293.3999938964844,293.5299987792969,293.0,293.1099853515625,51708,UNH,5m
2026-02-27 18:20:00+00:00,293.1050109863281,293.2099914550781,292.82000732421875,293.1449890136719,64740,UNH,5m
2026-02-27 18:25:00+00:00,293.0899963378906,293.20001220703125,292.8700866699219,293.1549987792969,34625,UNH,5m
2026-02-27 18:30:00+00:00,293.1990051269531,293.260009765625,292.78009033203125,292.8299865722656,39946,UNH,5m
2026-02-27 18:35:00+00:00,292.8299865722656,292.9100036621094,292.3700866699219,292.4849853515625,34714,UNH,5m
2026-02-27 18:40:00+00:00,292.5400085449219,293.2099914550781,292.42999267578125,293.20001220703125,57452,UNH,5m
2026-02-27 18:45:00+00:00,293.19000244140625,293.3999938964844,293.0,293.1700134277344,55844,UNH,5m
2026-02-27 18:50:00+00:00,293.1849975585937,293.8299865722656,293.04998779296875,293.739990234375,98688,UNH,5m
2026-02-27 18:55:00+00:00,293.7799987792969,293.79998779296875,292.5700988769531,292.6000061035156,53215,UNH,5m
2026-02-27 19:00:00+00:00,292.6000061035156,293.3999938964844,292.4800109863281,293.29998779296875,55293,UNH,5m
2026-02-27 19:05:00+00:00,293.3399963378906,293.45001220703125,292.44000244140625,292.44000244140625,382106,UNH,5m
2026-02-27 19:10:00+00:00,292.4800109863281,292.5400085449219,291.92999267578125,292.0299987792969,64277,UNH,5m
2026-02-27 19:15:00+00:00,292.0199890136719,292.0199890136719,291.42999267578125,291.6099853515625,551723,UNH,5m
2026-02-27 19:20:00+00:00,291.6199951171875,292.1600036621094,291.4259948730469,291.6600036621094,61832,UNH,5m
2026-02-27 19:25:00+00:00,291.70001220703125,291.8399963378906,291.5,291.5950927734375,59621,UNH,5m
2026-02-27 19:30:00+00:00,291.6600036621094,291.8500061035156,291.32000732421875,291.81329345703125,41837,UNH,5m
2026-02-27 19:35:00+00:00,291.7900085449219,291.9200134277344,291.6400146484375,291.7650146484375,24125,UNH,5m
2026-02-27 19:40:00+00:00,291.7001037597656,291.8299865722656,291.2099914550781,291.4599914550781,38036,UNH,5m
2026-02-27 19:45:00+00:00,291.5,291.92999267578125,291.3700866699219,291.7900085449219,60267,UNH,5m
2026-02-27 19:50:00+00:00,291.7900085449219,291.9599914550781,291.6600036621094,291.7200012207031,38120,UNH,5m
2026-02-27 19:55:00+00:00,291.8399963378906,292.010009765625,291.7300109863281,291.9200134277344,29956,UNH,5m
2026-02-27 20:00:00+00:00,291.989990234375,292.6099853515625,291.8800964355469,292.55810546875,31084,UNH,5m
2026-02-27 20:05:00+00:00,292.5599975585937,292.5599975585937,292.2900085449219,292.3299865722656,37542,UNH,5m
2026-02-27 20:10:00+00:00,292.3340148925781,292.7250061035156,292.3099975585937,292.7132873535156,61926,UNH,5m
2026-02-27 20:15:00+00:00,292.7250061035156,293.1499938964844,292.610107421875,293.114990234375,49218,UNH,5m
2026-02-27 20:20:00+00:00,293.114990234375,293.260009765625,292.8900146484375,293.239990234375,49862,UNH,5m
2026-02-27 20:25:00+00:00,293.239990234375,293.29998779296875,293.0205993652344,293.07000732421875,51602,UNH,5m
2026-02-27 20:30:00+00:00,293.04998779296875,293.3688049316406,292.9849853515625,293.2699890136719,60695,UNH,5m
2026-02-27 20:35:00+00:00,293.2799987792969,293.57000732421875,292.8599853515625,293.4599914550781,85991,UNH,5m
2026-02-27 20:40:00+00:00,293.4599914550781,294.1300048828125,293.3999938964844,294.1000061035156,95647,UNH,5m
2026-02-27 20:45:00+00:00,294.0899963378906,294.1050109863281,293.7300109863281,294.010009765625,122468,UNH,5m
2026-02-27 20:50:00+00:00,294.010009765625,294.04998779296875,293.07000732421875,293.0892028808594,180347,UNH,5m
2026-02-27 20:55:00+00:00,293.1050109863281,293.385009765625,292.5400085449219,293.32501220703125,498179,UNH,5m
2026-03-02 14:30:00+00:00,288.1600036621094,293.7900085449219,287.5,293.4512023925781,539923,UNH,5m
2026-03-02 14:35:00+00:00,293.5199890136719,294.3599853515625,292.54998779296875,292.69000244140625,174485,UNH,5m
2026-03-02 14:40:00+00:00,292.6455078125,292.7799987792969,291.1099853515625,292.3500061035156,99408,UNH,5m
2026-03-02 14:45:00+00:00,292.4601135253906,293.6400146484375,291.7900085449219,291.7900085449219,88894,UNH,5m
2026-03-02 14:50:00+00:00,291.7200012207031,292.67999267578125,291.6889038085937,292.2149963378906,99604,UNH,5m
2026-03-02 14:55:00+00:00,292.28369140625,292.82501220703125,292.0199890136719,292.3399963378906,63565,UNH,5m
2026-03-02 15:00:00+00:00,292.44000244140625,292.989990234375,291.510009765625,292.7699890136719,111474,UNH,5m
2026-03-02 15:05:00+00:00,292.7998962402344,293.1099853515625,291.2200012207031,291.2200012207031,65299,UNH,5m
2026-03-02 15:10:00+00:00,291.4349975585937,291.95001220703125,290.9599914550781,290.9700012207031,58492,UNH,5m
2026-03-02 15:15:00+00:00,290.94000244140625,292.8999938964844,290.8999938964844,291.8955078125,91481,UNH,5m
2026-03-02 15:20:00+00:00,291.9049987792969,291.989990234375,291.29998779296875,291.8699951171875,70702,UNH,5m
2026-03-02 15:25:00+00:00,291.8699951171875,292.1700134277344,291.0,291.6400146484375,62597,UNH,5m
2026-03-02 15:30:00+00:00,291.67498779296875,291.9599914550781,291.0899963378906,291.17498779296875,58016,UNH,5m
2026-03-02 15:35:00+00:00,291.05010986328125,293.2900085449219,291.05010986328125,293.07501220703125,67744,UNH,5m
2026-03-02 15:40:00+00:00,293.0238952636719,293.4200134277344,292.760009765625,293.25,61867,UNH,5m
2026-03-02 15:45:00+00:00,293.2724914550781,293.6899108886719,292.85009765625,293.44000244140625,74896,UNH,5m
2026-03-02 15:50:00+00:00,293.44000244140625,293.6300048828125,292.65289306640625,292.875,63321,UNH,5m
2026-03-02 15:55:00+00:00,292.8724975585937,293.760009765625,292.5,293.5150146484375,61433,UNH,5m
2026-03-02 16:00:00+00:00,293.57501220703125,293.7099914550781,292.1099853515625,293.0400085449219,85918,UNH,5m
2026-03-02 16:05:00+00:00,293.010009765625,293.33990478515625,292.2799987792969,292.3500061035156,50337,UNH,5m
2026-03-02 16:10:00+00:00,292.3999938964844,292.6099853515625,291.4100036621094,292.6000061035156,54170,UNH,5m
2026-03-02 16:15:00+00:00,292.614990234375,292.70001220703125,292.0899963378906,292.635009765625,45956,UNH,5m
2026-03-02 16:20:00+00:00,292.6700134277344,292.8927917480469,292.1600036621094,292.57501220703125,45161,UNH,5m
2026-03-02 16:25:00+00:00,292.5400085449219,292.7300109863281,291.9100036621094,292.4599914550781,51187,UNH,5m
2026-03-02 16:30:00+00:00,292.44000244140625,292.67999267578125,291.489990234375,291.6600036621094,49948,UNH,5m
2026-03-02 16:35:00+00:00,291.6600036621094,291.9200134277344,291.2200012207031,291.32000732421875,49476,UNH,5m
2026-03-02 16:40:00+00:00,291.32000732421875,292.239990234375,291.2300109863281,292.0950012207031,42824,UNH,5m
2026-03-02 16:45:00+00:00,292.0950012207031,292.0950012207031,291.42498779296875,291.5400085449219,41663,UNH,5m
2026-03-02 16:50:00+00:00,291.5599975585937,291.760009765625,290.7799987792969,290.8500061035156,62919,UNH,5m
2026-03-02 16:55:00+00:00,290.9700012207031,291.2499084472656,290.8550109863281,291.0,47277,UNH,5m
2026-03-02 17:00:00+00:00,291.1000061035156,291.9049987792969,291.04998779296875,291.2550048828125,60148,UNH,5m
2026-03-02 17:05:00+00:00,291.2550048828125,291.3399963378906,290.6499938964844,290.6600952148437,54114,UNH,5m
2026-03-02 17:10:00+00:00,290.6499938964844,291.1000061035156,290.4700012207031,291.0150146484375,46312,UNH,5m
2026-03-02 17:15:00+00:00,291.0450134277344,291.7699890136719,291.0450134277344,291.4200134277344,49002,UNH,5m
2026-03-02 17:20:00+00:00,291.4200134277344,291.54998779296875,290.3800048828125,290.6499938964844,43464,UNH,5m
2026-03-02 17:25:00+00:00,290.69000244140625,290.79998779296875,290.0400085449219,290.1400146484375,49833,UNH,5m
2026-03-02 17:30:00+00:00,290.1400146484375,290.6499938964844,289.94000244140625,290.04998779296875,500529,UNH,5m
2026-03-02 17:35:00+00:00,290.1099853515625,290.3800048828125,289.8999938964844,290.19000244140625,33909,UNH,5m
2026-03-02 17:40:00+00:00,290.239990234375,290.7950134277344,289.8599853515625,290.53009033203125,50174,UNH,5m
2026-03-02 17:45:00+00:00,290.6000061035156,291.5849914550781,290.54998779296875,291.1700134277344,55618,UNH,5m
2026-03-02 17:50:00+00:00,291.1700134277344,291.8999938964844,291.1099853515625,291.44000244140625,60856,UNH,5m
2026-03-02 17:55:00+00:00,291.57989501953125,291.7099914550781,290.739990234375,291.4100036621094,87226,UNH,5m
2026-03-02 18:00:00+00:00,291.3450012207031,291.6499938964844,290.6050109863281,290.7904968261719,36990,UNH,5m
2026-03-02 18:05:00+00:00,290.79998779296875,291.3099975585937,290.04998779296875,290.92999267578125,54246,UNH,5m
2026-03-02 18:10:00+00:00,290.8599853515625,291.29998779296875,290.5400085449219,291.2749938964844,48621,UNH,5m
2026-03-02 18:15:00+00:00,291.29998779296875,291.510009765625,290.3599853515625,290.67498779296875,54767,UNH,5m
2026-03-02 18:20:00+00:00,290.6000061035156,291.3599853515625,290.3599853515625,290.9599914550781,40025,UNH,5m
2026-03-02 18:25:00+00:00,290.8999938964844,291.17999267578125,290.82000732421875,291.17999267578125,49534,UNH,5m
2026-03-02 18:30:00+00:00,291.19000244140625,291.44000244140625,290.9800109863281,291.1199951171875,43783,UNH,5m
2026-03-02 18:35:00+00:00,291.1199951171875,291.42999267578125,290.92999267578125,291.42999267578125,29638,UNH,5m
2026-03-02 18:40:00+00:00,291.4013977050781,292.0,291.260009765625,291.8500061035156,86651,UNH,5m
2026-03-02 18:45:00+00:00,291.80499267578125,292.8399963378906,291.6400146484375,292.6600036621094,91342,UNH,5m
2026-03-02 18:50:00+00:00,292.69000244140625,292.8699951171875,292.0299987792969,292.1400146484375,75074,UNH,5m
2026-03-02 18:55:00+00:00,292.1650085449219,292.1849975585937,291.32501220703125,291.32501220703125,73634,UNH,5m
2026-03-02 19:00:00+00:00,291.29058837890625,291.8099975585937,290.7099914550781,290.9150085449219,87992,UNH,5m
2026-03-02 19:05:00+00:00,290.9150085449219,292.1799011230469,290.8299865722656,292.0450134277344,158058,UNH,5m
2026-03-02 19:10:00+00:00,292.0450134277344,292.5599975585937,291.52398681640625,292.5400085449219,100425,UNH,5m
2026-03-02 19:15:00+00:00,292.5899963378906,293.8800048828125,292.5899963378906,293.8599853515625,124352,UNH,5m
2026-03-02 19:20:00+00:00,293.8800048828125,294.42999267578125,293.87451171875,294.3599853515625,90422,UNH,5m
2026-03-02 19:25:00+00:00,294.3599853515625,295.0799865722656,294.25,294.9100952148437,112270,UNH,5m
2026-03-02 19:30:00+00:00,294.9949951171875,295.0199890136719,294.19000244140625,294.29998779296875,72843,UNH,5m
2026-03-02 19:35:00+00:00,294.3099975585937,294.760009765625,294.2749938964844,294.5299987792969,38124,UNH,5m
2026-03-02 19:40:00+00:00,294.5,294.7300109863281,293.8699951171875,294.114990234375,63586,UNH,5m
2026-03-02 19:45:00+00:00,294.1199951171875,294.44000244140625,293.860107421875,294.3349914550781,54322,UNH,5m
2026-03-02 19:50:00+00:00,294.3399963378906,294.4599914550781,294.1099853515625,294.19500732421875,46269,UNH,5m
2026-03-02 19:55:00+00:00,294.2200012207031,294.6282043457031,294.0199890136719,294.0899963378906,47847,UNH,5m
2026-03-02 20:00:00+00:00,294.1600036621094,294.5799865722656,294.0599975585937,294.4100036621094,52995,UNH,5m
2026-03-02 20:05:00+00:00,294.4100036621094,294.4599914550781,293.4200134277344,293.4200134277344,66085,UNH,5m
2026-03-02 20:10:00+00:00,293.4349975585937,293.625,292.9800109863281,293.4200134277344,73122,UNH,5m
2026-03-02 20:15:00+00:00,293.3699951171875,293.94000244140625,293.25,293.72149658203125,61283,UNH,5m
2026-03-02 20:20:00+00:00,293.75,294.1400146484375,293.6099853515625,293.9200134277344,61172,UNH,5m
2026-03-02 20:25:00+00:00,293.92498779296875,294.29998779296875,293.7449951171875,293.79998779296875,58076,UNH,5m
2026-03-02 20:30:00+00:00,293.82000732421875,293.9800109863281,293.4457092285156,293.79998779296875,66089,UNH,5m
2026-03-02 20:35:00+00:00,293.79998779296875,293.9100036621094,293.5,293.8500061035156,70179,UNH,5m
2026-03-02 20:40:00+00:00,293.8500061035156,294.3349914550781,293.5799865722656,294.2200012207031,108436,UNH,5m
2026-03-02 20:45:00+00:00,294.2749938964844,294.75,294.1000061035156,294.67498779296875,132977,UNH,5m
2026-03-02 20:50:00+00:00,294.6600036621094,295.1700134277344,294.5,294.5350036621094,261952,UNH,5m
2026-03-02 20:55:00+00:00,294.5350036621094,295.3099975585937,294.29998779296875,294.8900146484375,529076,UNH,5m
2026-03-03 14:30:00+00:00,288.989990234375,293.739990234375,288.989990234375,290.8999938964844,650158,UNH,5m
2026-03-03 14:35:00+00:00,290.7200012207031,290.75,288.44000244140625,288.5899963378906,165872,UNH,5m
2026-03-03 14:40:00+00:00,288.489990234375,289.2149963378906,288.0,288.1499938964844,91239,UNH,5m
2026-03-03 14:45:00+00:00,288.0400085449219,288.1700134277344,285.57000732421875,285.79998779296875,142710,UNH,5m
2026-03-03 14:50:00+00:00,285.8550109863281,286.1600036621094,285.32000732421875,285.6499938964844,98937,UNH,5m
2026-03-03 14:55:00+00:00,286.0610046386719,286.0610046386719,284.75,285.5,188753,UNH,5m
2026-03-03 15:00:00+00:00,285.3699951171875,286.07000732421875,284.94000244140625,285.5599975585937,105283,UNH,5m
2026-03-03 15:05:00+00:00,285.45001220703125,286.159912109375,284.3637084960937,285.1400146484375,84700,UNH,5m
2026-03-03 15:10:00+00:00,285.2099914550781,286.5899963378906,284.9599914550781,285.6000061035156,84225,UNH,5m
2026-03-03 15:15:00+00:00,285.5400085449219,285.989990234375,284.989990234375,285.2890014648437,48580,UNH,5m
2026-03-03 15:20:00+00:00,285.2900085449219,286.010009765625,284.7799987792969,285.9303894042969,85373,UNH,5m
2026-03-03 15:25:00+00:00,285.9999084472656,286.8599853515625,285.9800109863281,286.6549987792969,78035,UNH,5m
2026-03-03 15:30:00+00:00,286.5899963378906,286.8099975585937,285.32000732421875,285.4301147460937,83240,UNH,5m
2026-03-03 15:35:00+00:00,285.5450134277344,286.1700134277344,285.29998779296875,285.6199951171875,82821,UNH,5m
2026-03-03 15:40:00+00:00,285.5599975585937,286.2195129394531,285.1300048828125,285.20001220703125,73488,UNH,5m
2026-03-03 15:45:00+00:00,285.4800109863281,285.9800109863281,285.1600036621094,285.5950012207031,49133,UNH,5m
2026-03-03 15:50:00+00:00,285.5950012207031,285.67999267578125,284.7099914550781,284.95001220703125,67470,UNH,5m
2026-03-03 15:55:00+00:00,284.989990234375,285.6000061035156,284.7799987792969,285.3999938964844,56943,UNH,5m
2026-03-03 16:00:00+00:00,285.4150085449219,285.7900085449219,284.6000061035156,285.6600036621094,63729,UNH,5m
2026-03-03 16:05:00+00:00,285.70001220703125,286.8099975585937,285.5899963378906,286.7799987792969,64977,UNH,5m
2026-03-03 16:10:00+00:00,286.7900085449219,287.8800048828125,286.7900085449219,287.6400146484375,61235,UNH,5m
2026-03-03 16:15:00+00:00,287.6549987792969,288.3800048828125,287.5600891113281,287.90008544921875,57859,UNH,5m
2026-03-03 16:20:00+00:00,288.07000732421875,288.8800048828125,287.8699951171875,288.8699951171875,60351,UNH,5m
2026-03-03 16:25:00+00:00,288.8800048828125,288.8800048828125,287.67999267578125,287.7300109863281,55061,UNH,5m
2026-03-03 16:30:00+00:00,287.6099853515625,288.235595703125,287.54998779296875,287.9549865722656,44622,UNH,5m
2026-03-03 16:35:00+00:00,288.0199890136719,288.09991455078125,287.45001220703125,287.75,42554,UNH,5m
2026-03-03 16:40:00+00:00,287.8500061035156,288.5799865722656,287.7900085449219,288.3240051269531,29132,UNH,5m
2026-03-03 16:45:00+00:00,288.45001220703125,289.239990234375,288.340087890625,288.69000244140625,46619,UNH,5m
2026-03-03 16:50:00+00:00,288.6849975585937,288.8099975585937,288.2300109863281,288.375,46503,UNH,5m
2026-03-03 16:55:00+00:00,288.4349975585937,288.5400085449219,287.6918029785156,287.7950134277344,39091,UNH,5m
2026-03-03 17:00:00+00:00,287.7699890136719,287.9100036621094,287.0450134277344,287.1499938964844,77010,UNH,5m
2026-03-03 17:05:00+00:00,287.1499938964844,287.5,286.8800048828125,286.989990234375,37900,UNH,5m
2026-03-03 17:10:00+00:00,286.9849853515625,287.1099853515625,286.70001220703125,286.93359375,33314,UNH,5m
2026-03-03 17:15:00+00:00,286.9700012207031,287.19000244140625,286.79998779296875,287.07501220703125,31485,UNH,5m
2026-03-03 17:20:00+00:00,287.1199951171875,287.42999267578125,286.8044128417969,287.4100036621094,28110,UNH,5m
2026-03-03 17:25:00+00:00,287.3399963378906,287.4200134277344,286.9849853515625,287.19000244140625,44184,UNH,5m
2026-03-03 17:30:00+00:00,287.1600036621094,287.1600036621094,286.1944885253906,286.2300109863281,39534,UNH,5m
2026-03-03 17:35:00+00:00,286.2099914550781,286.510009765625,285.42999267578125,285.9800109863281,52865,UNH,5m
2026-03-03 17:40:00+00:00,286.0199890136719,286.4898986816406,285.6300048828125,286.3900146484375,44526,UNH,5m
2026-03-03 17:45:00+00:00,286.364990234375,286.7200012207031,286.3099975585937,286.5599975585937,32592,UNH,5m
2026-03-03 17:50:00+00:00,286.5599975585937,286.7699890136719,285.95001220703125,286.07501220703125,45387,UNH,5m
2026-03-03 17:55:00+00:00,286.0299987792969,287.0599060058594,285.92498779296875,286.9800109863281,35105,UNH,5m
2026-03-03 18:00:00+00:00,286.9800109863281,287.8699951171875,286.9200134277344,287.7650146484375,58403,UNH,5m
2026-03-03 18:05:00+00:00,287.8800048828125,288.3133850097656,287.65008544921875,288.2200012207031,34337,UNH,5m
2026-03-03 18:10:00+00:00,288.16119384765625,288.3599853515625,287.6600036621094,287.7300109863281,32275,UNH,5m
2026-03-03 18:15:00+00:00,287.79998779296875,288.6199951171875,287.79998779296875,288.3500061035156,26670,UNH,5m
2026-03-03 18:20:00+00:00,288.3500061035156,288.4599914550781,288.0199890136719,288.114990234375,36061,UNH,5m
2026-03-03 18:25:00+00:00,288.17999267578125,288.4999084472656,287.95001220703125,288.44000244140625,56156,UNH,5m
2026-03-03 18:30:00+00:00,288.4800109863281,288.8800048828125,288.2001037597656,288.625,58331,UNH,5m
2026-03-03 18:35:00+00:00,288.625,288.7799987792969,288.17999267578125,288.5393981933594,40803,UNH,5m
2026-03-03 18:40:00+00:00,288.57501220703125,288.8299865722656,288.3599853515625,288.67498779296875,35380,UNH,5m
2026-03-03 18:45:00+00:00,288.67498779296875,289.0096130371094,288.510009765625,288.94000244140625,132899,UNH,5m
2026-03-03 18:50:00+00:00,288.8999938964844,289.0599975585937,288.44000244140625,288.5950012207031,32180,UNH,5m
2026-03-03 18:55:00+00:00,288.5950012207031,288.95001220703125,288.42999267578125,288.69000244140625,29243,UNH,5m
2026-03-03 19:00:00+00:00,288.7300109863281,288.7998962402344,288.2510070800781,288.5150146484375,47372,UNH,5m
2026-03-03 19:05:00+00:00,288.5150146484375,288.589111328125,287.8088073730469,287.8088073730469,51411,UNH,5m
2026-03-03 19:10:00+00:00,287.8450012207031,288.8800048828125,287.82000732421875,288.79998779296875,33827,UNH,5m
2026-03-03 19:15:00+00:00,288.8599853515625,289.57000732421875,288.7799987792969,289.4971008300781,49158,UNH,5m
2026-03-03 19:20:00+00:00,289.5,289.6499938964844,288.9809875488281,288.9809875488281,31114,UNH,5m
2026-03-03 19:25:00+00:00,289.0199890136719,289.29998779296875,288.8999938964844,289.0400085449219,31076,UNH,5m
2026-03-03 19:30:00+00:00,289.0799865722656,289.1400146484375,288.5400085449219,288.5851135253906,53575,UNH,5m
2026-03-03 19:35:00+00:00,288.54998779296875,289.625,288.45001220703125,289.20001220703125,68236,UNH,5m
2026-03-03 19:40:00+00:00,289.2300109863281,290.0799865722656,289.1700134277344,289.6400146484375,59048,UNH,5m
2026-03-03 19:45:00+00:00,289.6400146484375,289.760009765625,289.3999938964844,289.4800109863281,32475,UNH,5m
2026-03-03 19:50:00+00:00,289.4700012207031,289.8599853515625,289.4700012207031,289.69000244140625,38619,UNH,5m
2026-03-03 19:55:00+00:00,289.69000244140625,289.8699951171875,289.04998779296875,289.489990234375,48843,UNH,5m
2026-03-03 20:00:00+00:00,289.4800109863281,289.760009765625,289.1099853515625,289.25,32165,UNH,5m
2026-03-03 20:05:00+00:00,289.25,289.6199951171875,289.04998779296875,289.3900146484375,35003,UNH,5m
2026-03-03 20:10:00+00:00,289.3900146484375,289.5299987792969,289.0599975585937,289.06500244140625,32166,UNH,5m
2026-03-03 20:15:00+00:00,289.04998779296875,289.1000061035156,288.510009765625,288.92999267578125,84220,UNH,5m
2026-03-03 20:20:00+00:00,288.92999267578125,289.0899963378906,288.70001220703125,288.8472900390625,39792,UNH,5m
2026-03-03 20:25:00+00:00,288.8973999023437,288.9599914550781,288.45001220703125,288.45001220703125,47472,UNH,5m
2026-03-03 20:30:00+00:00,288.45001220703125,288.82501220703125,288.3999938964844,288.739990234375,37647,UNH,5m
2026-03-03 20:35:00+00:00,288.7449951171875,289.07000732421875,288.70001220703125,289.0299987792969,51225,UNH,5m
2026-03-03 20:40:00+00:00,289.0299987792969,289.3800048828125,288.95001220703125,289.2200012207031,59716,UNH,5m
2026-03-03 20:45:00+00:00,289.2699890136719,289.54998779296875,289.17999267578125,289.3699035644531,85982,UNH,5m
2026-03-03 20:50:00+00:00,289.2799987792969,289.30499267578125,288.489990234375,288.5849914550781,147384,UNH,5m
2026-03-03 20:55:00+00:00,288.57000732421875,288.8299865722656,288.5299987792969,288.8299865722656,28669,UNH,5m
2026-03-04 14:30:00+00:00,289.010009765625,291.3900146484375,288.8800048828125,289.385009765625,558623,UNH,5m
2026-03-04 14:35:00+00:00,289.510009765625,290.3999938964844,288.0809936523437,290.1499938964844,120750,UNH,5m
2026-03-04 14:40:00+00:00,290.07000732421875,291.0,289.6499938964844,290.19000244140625,75171,UNH,5m
2026-03-04 14:45:00+00:00,290.0899963378906,290.2099914550781,288.5400085449219,288.8561096191406,117545,UNH,5m
2026-03-04 14:50:00+00:00,288.7900085449219,288.9100036621094,288.1000061035156,288.44000244140625,65154,UNH,5m
2026-03-04 14:55:00+00:00,288.4200134277344,289.0899963378906,287.6801147460937,289.0,70409,UNH,5m
2026-03-04 15:00:00+00:00,289.0,290.25,288.8999938964844,289.8077087402344,85790,UNH,5m
2026-03-04 15:05:00+00:00,289.9377136230469,290.3999938964844,289.2200012207031,290.3836975097656,54985,UNH,5m
2026-03-04 15:10:00+00:00,290.3463134765625,290.92999267578125,290.1650085449219,290.8900146484375,60614,UNH,5m
2026-03-04 15:15:00+00:00,290.9049987792969,292.3096008300781,290.8500061035156,292.2250061035156,61142,UNH,5m
2026-03-04 15:20:00+00:00,292.1300048828125,292.7799987792969,292.0799865722656,292.3999938964844,116702,UNH,5m
2026-03-04 15:25:00+00:00,292.3299865722656,292.82000732421875,291.6300048828125,291.760009765625,64799,UNH,5m
2026-03-04 15:30:00+00:00,291.739990234375,292.29998779296875,291.4700012207031,291.6499938964844,51100,UNH,5m
2026-03-04 15:35:00+00:00,291.56500244140625,291.82000732421875,291.29998779296875,291.3999938964844,38760,UNH,5m
2026-03-04 15:40:00+00:00,291.4200134277344,291.57000732421875,290.9599914550781,291.3399963378906,40820,UNH,5m
2026-03-04 15:45:00+00:00,291.260009765625,292.15008544921875,291.1499938964844,292.07000732421875,66953,UNH,5m
2026-03-04 15:50:00+00:00,292.0425109863281,292.79998779296875,291.75,292.73748779296875,37552,UNH,5m
2026-03-04 15:55:00+00:00,292.7300109863281,292.8299865722656,292.1099853515625,292.3399963378906,103115,UNH,5m
2026-03-04 16:00:00+00:00,292.31500244140625,292.5899963378906,291.8299865722656,291.8363037109375,48522,UNH,5m
2026-03-04 16:05:00+00:00,291.8349914550781,292.46990966796875,291.67010498046875,292.1300048828125,55489,UNH,5m
2026-03-04 16:10:00+00:00,292.1300048828125,292.3999938964844,291.8200988769531,291.95001220703125,78763,UNH,5m
2026-03-04 16:15:00+00:00,291.9599914550781,292.9800109863281,291.8999938964844,292.9200134277344,52888,UNH,5m
2026-03-04 16:20:00+00:00,292.8999938964844,293.0299987792969,292.2449951171875,292.7900085449219,65369,UNH,5m
2026-03-04 16:25:00+00:00,292.885009765625,293.3800048828125,292.70001220703125,293.2049865722656,50644,UNH,5m
2026-03-04 16:30:00+00:00,293.239990234375,293.739990234375,293.0000915527344,293.625,49087,UNH,5m
2026-03-04 16:35:00+00:00,293.6000061035156,293.95001220703125,293.3900146484375,293.760009765625,48871,UNH,5m
2026-03-04 16:40:00+00:00,293.75,293.8500061035156,293.239990234375,293.25,134090,UNH,5m
2026-03-04 16:45:00+00:00,293.3099975585937,293.7900085449219,293.19000244140625,293.614990234375,49489,UNH,5m
2026-03-04 16:50:00+00:00,293.6700134277344,294.1000061035156,293.5299987792969,293.8800048828125,82774,UNH,5m
2026-03-04 16:55:00+00:00,293.92999267578125,294.0400085449219,293.4200134277344,294.0150146484375,43690,UNH,5m
2026-03-04 17:00:00+00:00,294.0150146484375,294.239990234375,293.8099975585937,293.92999267578125,92605,UNH,5m
2026-03-04 17:05:00+00:00,293.8599853515625,294.3399963378906,293.6099853515625,293.9100036621094,35311,UNH,5m
2026-03-04 17:10:00+00:00,293.82000732421875,293.9599914550781,293.54998779296875,293.56549072265625,23134,UNH,5m
2026-03-04 17:15:00+00:00,293.614990234375,293.8099975585937,293.2699890136719,293.57000732421875,33681,UNH,5m
2026-03-04 17:20:00+00:00,293.5400085449219,293.6499938964844,293.2301025390625,293.3999938964844,29305,UNH,5m
2026-03-04 17:25:00+00:00,293.4150085449219,293.4599914550781,292.3800048828125,292.3800048828125,41274,UNH,5m
2026-03-04 17:30:00+00:00,292.4700012207031,292.6600036621094,291.79998779296875,292.1499938964844,38205,UNH,5m
2026-03-04 17:35:00+00:00,292.1600036621094,292.3299865722656,291.5599975585937,291.9700012207031,57321,UNH,5m
2026-03-04 17:40:00+00:00,291.9700012207031,292.1099853515625,291.6700134277344,291.75,39361,UNH,5m
2026-03-04 17:45:00+00:00,291.81500244140625,292.0199890136719,291.6099853515625,291.7099914550781,29056,UNH,5m
2026-03-04 17:50:00+00:00,291.7300109863281,291.9700012207031,291.70001220703125,291.82000732421875,28686,UNH,5m
2026-03-04 17:55:00+00:00,291.82000732421875,291.8500061035156,291.5000915527344,291.8399963378906,41806,UNH,5m
2026-03-04 18:00:00+00:00,291.8699951171875,292.07000732421875,291.6300048828125,291.6317138671875,25568,UNH,5m
2026-03-04 18:05:00+00:00,291.6300048828125,292.0599975585937,291.54998779296875,291.92498779296875,30948,UNH,5m
2026-03-04 18:10:00+00:00,292.0,292.29998779296875,291.9200134277344,292.2699890136719,42936,UNH,5m
2026-03-04 18:15:00+00:00,292.19500732421875,292.3500061035156,292.0400085449219,292.125,25370,UNH,5m
2026-03-04 18:20:00+00:00,292.0400085449219,292.2300109863281,291.8599853515625,292.0199890136719,28524,UNH,5m
2026-03-04 18:25:00+00:00,292.0425109863281,292.25,291.8299865722656,292.2200012207031,20861,UNH,5m
2026-03-04 18:30:00+00:00,292.1300048828125,292.20001220703125,291.739990234375,291.8800048828125,26818,UNH,5m
2026-03-04 18:35:00+00:00,291.8999938964844,292.1400146484375,291.8999938964844,291.9825134277344,30932,UNH,5m
2026-03-04 18:40:00+00:00,292.0199890136719,292.0400085449219,291.3500061035156,291.3949890136719,43186,UNH,5m
2026-03-04 18:45:00+00:00,291.3949890136719,291.7898864746094,291.3599853515625,291.6718139648437,23801,UNH,5m
2026-03-04 18:50:00+00:00,291.7099914550781,291.9101867675781,291.3800048828125,291.5,55447,UNH,5m
2026-03-04 18:55:00+00:00,291.4599914550781,291.489990234375,291.2200012207031,291.3299865722656,17952,UNH,5m
2026-03-04 19:00:00+00:00,291.3599853515625,291.44000244140625,291.0299987792969,291.3699951171875,37718,UNH,5m
2026-03-04 19:05:00+00:00,291.3800048828125,291.67999267578125,290.92999267578125,291.0799865722656,64848,UNH,5m
2026-03-04 19:10:00+00:00,291.1400146484375,291.3999938964844,290.7300109863281,291.330810546875,25101,UNH,5m
2026-03-04 19:15:00+00:00,291.33209228515625,291.69000244140625,291.33209228515625,291.6300048828125,29420,UNH,5m
2026-03-04 19:20:00+00:00,291.6000061035156,291.7099914550781,291.4100036621094,291.57000732421875,18536,UNH,5m
2026-03-04 19:25:00+00:00,291.6549987792969,291.7099914550781,290.94500732421875,290.9501037597656,31987,UNH,5m
2026-03-04 19:30:00+00:00,290.9800109863281,291.29998779296875,290.9800109863281,291.125,29801,UNH,5m
2026-03-04 19:35:00+00:00,291.20001220703125,291.5,291.15509033203125,291.2966003417969,32927,UNH,5m
2026-03-04 19:40:00+00:00,291.3299865722656,291.6700134277344,291.3299865722656,291.6099853515625,29985,UNH,5m
2026-03-04 19:45:00+00:00,291.6300048828125,291.94000244140625,291.3699951171875,291.7699890136719,41701,UNH,5m
2026-03-04 19:50:00+00:00,291.7850036621094,292.0899963378906,291.7200012207031,291.9700012207031,46032,UNH,5m
2026-03-04 19:55:00+00:00,291.997314453125,292.07000732421875,291.6600036621094,291.6600036621094,730262,UNH,5m
2026-03-04 20:00:00+00:00,291.6401062011719,291.8500061035156,291.5400085449219,291.7200012207031,39856,UNH,5m
2026-03-04 20:05:00+00:00,291.7149963378906,291.92999267578125,291.3800048828125,291.42999267578125,32187,UNH,5m
2026-03-04 20:10:00+00:00,291.44000244140625,291.6199951171875,291.20001220703125,291.3284912109375,65062,UNH,5m
2026-03-04 20:15:00+00:00,291.2900085449219,291.4700012207031,290.989990234375,291.085693359375,1043128,UNH,5m
2026-03-04 20:20:00+00:00,291.1247863769531,291.2550048828125,290.8699951171875,291.2550048828125,45429,UNH,5m
2026-03-04 20:25:00+00:00,291.260009765625,291.44000244140625,291.2099914550781,291.260009765625,39326,UNH,5m
2026-03-04 20:30:00+00:00,291.260009765625,291.79998779296875,291.260009765625,291.385009765625,53111,UNH,5m
2026-03-04 20:35:00+00:00,291.3699951171875,291.4700012207031,291.2900085449219,291.3900146484375,40012,UNH,5m
2026-03-04 20:40:00+00:00,291.3900146484375,291.8500061035156,291.3299865722656,291.6849975585937,62157,UNH,5m
2026-03-04 20:45:00+00:00,291.6700134277344,291.70001220703125,291.32000732421875,291.3599853515625,64912,UNH,5m
2026-03-04 20:50:00+00:00,291.3299865722656,291.3800048828125,290.3500061035156,291.3699951171875,141082,UNH,5m
2026-03-04 20:55:00+00:00,291.364990234375,292.3500061035156,291.3099975585937,291.7799987792969,365057,UNH,5m
2026-03-05 14:30:00+00:00,290.04998779296875,290.9468994140625,288.4200134277344,290.1300048828125,215254,UNH,5m
2026-03-05 14:35:00+00:00,290.1050109863281,291.0249938964844,289.0899963378906,290.8699951171875,158937,UNH,5m
2026-03-05 14:40:00+00:00,290.9775085449219,291.3900146484375,289.1300048828125,289.44000244140625,63216,UNH,5m
2026-03-05 14:45:00+00:00,289.4649963378906,289.57000732421875,288.4700012207031,289.0,77971,UNH,5m
2026-03-05 14:50:00+00:00,288.95001220703125,290.8699951171875,288.8500061035156,290.5450134277344,46658,UNH,5m
2026-03-05 14:55:00+00:00,290.54998779296875,291.20001220703125,290.0,290.9800109863281,67143,UNH,5m
2026-03-05 15:00:00+00:00,291.010009765625,291.17999267578125,289.2699890136719,290.239990234375,87629,UNH,5m
2026-03-05 15:05:00+00:00,290.1400146484375,291.1000061035156,289.8699951171875,290.3999938964844,53673,UNH,5m
2026-03-05 15:10:00+00:00,290.5199890136719,290.6600036621094,289.522705078125,290.2349853515625,60621,UNH,5m
2026-03-05 15:15:00+00:00,290.239990234375,290.3299865722656,289.1199951171875,289.5450134277344,55650,UNH,5m
2026-03-05 15:20:00+00:00,289.5450134277344,289.7099914550781,288.7300109863281,289.114990234375,51987,UNH,5m
2026-03-05 15:25:00+00:00,289.114990234375,289.42498779296875,288.5799865722656,288.9649963378906,73846,UNH,5m
2026-03-05 15:30:00+00:00,289.0050048828125,289.9200134277344,288.79998779296875,289.0050048828125,74518,UNH,5m
2026-03-05 15:35:00+00:00,288.989990234375,289.114990234375,287.5199890136719,287.6050109863281,104284,UNH,5m
2026-03-05 15:40:00+00:00,287.6000061035156,287.9999084472656,287.1600036621094,287.42999267578125,59221,UNH,5m
2026-03-05 15:45:00+00:00,287.3999938964844,288.9200134277344,287.239990234375,288.2099914550781,69132,UNH,5m
2026-03-05 15:50:00+00:00,288.20001220703125,288.5899963378906,288.0400085449219,288.1000061035156,57897,UNH,5m
2026-03-05 15:55:00+00:00,288.1400146484375,288.2099914550781,287.7200012207031,287.9200134277344,49694,UNH,5m
2026-03-05 16:00:00+00:00,287.7699890136719,288.989990234375,287.6000061035156,288.5,70813,UNH,5m
2026-03-05 16:05:00+00:00,288.5150146484375,288.71990966796875,288.010009765625,288.6099853515625,51707,UNH,5m
2026-03-05 16:10:00+00:00,288.6099853515625,288.8399963378906,287.07000732421875,287.1099853515625,97650,UNH,5m
2026-03-05 16:15:00+00:00,287.1199951171875,287.9090881347656,287.0,287.8324890136719,48325,UNH,5m
2026-03-05 16:20:00+00:00,287.7950134277344,288.29998779296875,287.6050109863281,287.8900146484375,65322,UNH,5m
2026-03-05 16:25:00+00:00,287.94000244140625,288.9599914550781,287.8800964355469,288.8399963378906,58747,UNH,5m
2026-03-05 16:30:00+00:00,288.95001220703125,289.04998779296875,288.3949890136719,288.6000061035156,43374,UNH,5m
2026-03-05 16:35:00+00:00,288.5599975585937,288.7650146484375,288.3099975585937,288.54998779296875,23089,UNH,5m
2026-03-05 16:40:00+00:00,288.5450134277344,288.7699890136719,288.3599853515625,288.7699890136719,28982,UNH,5m
2026-03-05 16:45:00+00:00,288.8299865722656,289.19000244140625,288.7799987792969,289.1050109863281,30660,UNH,5m
2026-03-05 16:50:00+00:00,289.18310546875,289.3599853515625,288.5799865722656,288.99530029296875,35082,UNH,5m
2026-03-05 16:55:00+00:00,288.989990234375,289.6400146484375,288.95001220703125,289.5249938964844,28716,UNH,5m
2026-03-05 17:00:00+00:00,289.6199951171875,289.84991455078125,289.3399963378906,289.5599975585937,29559,UNH,5m
2026-03-05 17:05:00+00:00,289.5599975585937,289.6600036621094,289.2200012207031,289.489990234375,28716,UNH,5m
2026-03-05 17:10:00+00:00,289.3900146484375,289.4100036621094,288.8999938964844,289.1199951171875,43329,UNH,5m
2026-03-05 17:15:00+00:00,289.135009765625,289.29998779296875,288.67999267578125,288.69000244140625,36951,UNH,5m
2026-03-05 17:20:00+00:00,288.6499938964844,288.8399963378906,288.3900146484375,288.6199951171875,28964,UNH,5m
2026-03-05 17:25:00+00:00,288.6050109863281,288.69500732421875,287.8900146484375,288.20001220703125,44438,UNH,5m
2026-03-05 17:30:00+00:00,288.2607116699219,288.4599914550781,288.04998779296875,288.2200012207031,20367,UNH,5m
2026-03-05 17:35:00+00:00,288.32000732421875,288.7900085449219,287.8599853515625,288.6600036621094,50135,UNH,5m
2026-03-05 17:40:00+00:00,288.6400146484375,288.8399963378906,288.20001220703125,288.69000244140625,27974,UNH,5m
2026-03-05 17:45:00+00:00,288.75,289.5,288.5199890136719,289.125,28319,UNH,5m
2026-03-05 17:50:00+00:00,289.1199951171875,289.3299865722656,288.82000732421875,288.8599853515625,26813,UNH,5m
2026-03-05 17:55:00+00:00,288.8399963378906,288.989990234375,288.32000732421875,288.7149963378906,45880,UNH,5m
2026-03-05 18:00:00+00:00,288.6700134277344,288.95001220703125,288.4700012207031,288.6549987792969,30780,UNH,5m
2026-03-05 18:05:00+00:00,288.6000061035156,288.69000244140625,287.8900146484375,288.57000732421875,46572,UNH,5m
2026-03-05 18:10:00+00:00,288.6000061035156,288.8299865722656,288.32000732421875,288.489990234375,29960,UNH,5m
2026-03-05 18:15:00+00:00,288.4100036621094,288.9999084472656,288.3699951171875,288.8599853515625,52386,UNH,5m
2026-03-05 18:20:00+00:00,288.8900146484375,289.54998779296875,288.79998779296875,289.3999938964844,48709,UNH,5m
2026-03-05 18:25:00+00:00,289.45001220703125,289.739990234375,288.6099853515625,288.8125,62189,UNH,5m
2026-03-05 18:30:00+00:00,288.81500244140625,289.45001220703125,288.7850036621094,289.0899963378906,57831,UNH,5m
2026-03-05 18:35:00+00:00,289.17999267578125,289.5398864746094,288.75,289.2900085449219,33068,UNH,5m
2026-03-05 18:40:00+00:00,289.2900085449219,289.7900085449219,289.2488098144531,289.5599975585937,34808,UNH,5m
2026-03-05 18:45:00+00:00,289.5799865722656,289.8500061035156,289.4700012207031,289.69000244140625,39158,UNH,5m
2026-03-05 18:50:00+00:00,289.7300109863281,290.04998779296875,289.3900146484375,289.8900146484375,41369,UNH,5m
2026-03-05 18:55:00+00:00,289.8800048828125,289.9100036621094,289.6000061035156,289.69000244140625,24620,UNH,5m
2026-03-05 19:00:00+00:00,289.7300109863281,289.92999267578125,289.6099853515625,289.7200927734375,35387,UNH,5m
2026-03-05 19:05:00+00:00,289.82000732421875,289.9999084472656,289.44000244140625,289.5799865722656,30186,UNH,5m
2026-03-05 19:10:00+00:00,289.6000061035156,289.8471984863281,289.29010009765625,289.8099975585937,28346,UNH,5m
2026-03-05 19:15:00+00:00,289.81500244140625,289.8999938964844,289.4599914550781,289.8699951171875,28411,UNH,5m
2026-03-05 19:20:00+00:00,289.8699951171875,290.0199890136719,289.3999938964844,289.6300964355469,38389,UNH,5m
2026-03-05 19:25:00+00:00,289.7099914550781,289.8699951171875,289.260009765625,289.4549865722656,43508,UNH,5m
2026-03-05 19:30:00+00:00,289.4549865722656,289.4549865722656,288.3500061035156,288.5199890136719,72745,UNH,5m
2026-03-05 19:35:00+00:00,288.5,288.9200134277344,288.1400146484375,288.4750061035156,47260,UNH,5m
2026-03-05 19:40:00+00:00,288.5,288.6000061035156,288.125,288.24139404296875,42589,UNH,5m
2026-03-05 19:45:00+00:00,288.239990234375,288.54998779296875,288.1600036621094,288.4100036621094,34539,UNH,5m
2026-03-05 19:50:00+00:00,288.4100036621094,288.7200012207031,288.25,288.25,28963,UNH,5m
2026-03-05 19:55:00+00:00,288.25,288.6600036621094,288.1659851074219,288.32501220703125,34334,UNH,5m
2026-03-05 20:00:00+00:00,288.2200927734375,288.3800048828125,286.739990234375,287.57000732421875,95503,UNH,5m
2026-03-05 20:05:00+00:00,287.57000732421875,287.8999938964844,287.1700134277344,287.6650085449219,37293,UNH,5m
2026-03-05 20:10:00+00:00,287.6650085449219,288.2300109863281,287.5599975585937,288.1000061035156,45583,UNH,5m
2026-03-05 20:15:00+00:00,288.04998779296875,288.3999938964844,287.92999267578125,288.28289794921875,32456,UNH,5m
2026-03-05 20:20:00+00:00,288.2900085449219,288.7099914550781,288.1000061035156,288.6650085449219,41890,UNH,5m
2026-03-05 20:25:00+00:00,288.6400146484375,288.8999938964844,288.3500061035156,288.3599853515625,46934,UNH,5m
2026-03-05 20:30:00+00:00,288.32000732421875,288.57000732421875,288.2106018066406,288.4349975585937,36307,UNH,5m
2026-03-05 20:35:00+00:00,288.4800109863281,288.9599914550781,288.4649963378906,288.6099853515625,53856,UNH,5m
2026-03-05 20:40:00+00:00,288.625,288.7200012207031,288.2099914550781,288.4800109863281,76198,UNH,5m
2026-03-05 20:45:00+00:00,288.45001220703125,288.79998779296875,288.3299865722656,288.57000732421875,89509,UNH,5m
2026-03-05 20:50:00+00:00,288.6000061035156,289.0,287.92999267578125,288.8399963378906,138865,UNH,5m
2026-03-05 20:55:00+00:00,288.8349914550781,289.0799865722656,288.45001220703125,288.6499938964844,276803,UNH,5m
2026-03-06 14:30:00+00:00,287.3399963378906,291.32501220703125,285.3299865722656,285.84991455078125,340141,UNH,5m
2026-03-06 14:35:00+00:00,285.760009765625,286.6050109863281,284.6600036621094,285.239990234375,136192,UNH,5m
2026-03-06 14:40:00+00:00,285.1802978515625,286.20001220703125,284.5899963378906,285.510009765625,98563,UNH,5m
2026-03-06 14:45:00+00:00,285.5,285.5,284.57000732421875,284.8599853515625,85102,UNH,5m
2026-03-06 14:50:00+00:00,284.92999267578125,285.1000061035156,283.7449951171875,283.8399963378906,139581,UNH,5m
2026-03-06 14:55:00+00:00,283.7799987792969,284.2099914550781,283.2799987792969,283.29998779296875,87548,UNH,5m
2026-03-06 15:00:00+00:00,283.30499267578125,284.3799133300781,283.04998779296875,283.80499267578125,113672,UNH,5m
2026-03-06 15:05:00+00:00,283.739990234375,283.8599853515625,283.13800048828125,283.81500244140625,79522,UNH,5m
2026-03-06 15:10:00+00:00,283.9200134277344,284.20001220703125,283.6000061035156,283.7449951171875,59017,UNH,5m
2026-03-06 15:15:00+00:00,283.739990234375,284.2698974609375,283.2300109863281,283.3699951171875,83842,UNH,5m
2026-03-06 15:20:00+00:00,283.32000732421875,283.9700012207031,283.1700134277344,283.7300109863281,65837,UNH,5m
2026-03-06 15:25:00+00:00,283.74090576171875,284.5899963378906,283.7300109863281,284.2099914550781,443512,UNH,5m
2026-03-06 15:30:00+00:00,284.1650085449219,284.95001220703125,284.0849914550781,284.8598937988281,92743,UNH,5m
2026-03-06 15:35:00+00:00,284.7401123046875,285.3999938964844,284.7401123046875,285.1300048828125,75128,UNH,5m
2026-03-06 15:40:00+00:00,285.0849914550781,285.5400085449219,284.6401062011719,285.42010498046875,48320,UNH,5m
2026-03-06 15:45:00+00:00,285.4750061035156,285.67999267578125,285.2799987792969,285.6000061035156,46819,UNH,5m
2026-03-06 15:50:00+00:00,285.56500244140625,285.70001220703125,285.1199951171875,285.5899963378906,52698,UNH,5m
2026-03-06 15:55:00+00:00,285.6400146484375,286.19000244140625,285.5899963378906,285.9700012207031,46375,UNH,5m
2026-03-06 16:00:00+00:00,286.0,286.2049865722656,285.760009765625,285.8699951171875,44741,UNH,5m
2026-03-06 16:05:00+00:00,285.989990234375,285.989990234375,285.4100036621094,285.739990234375,39612,UNH,5m
2026-03-06 16:10:00+00:00,285.6600036621094,285.8900146484375,285.4599914550781,285.67010498046875,35973,UNH,5m
2026-03-06 16:15:00+00:00,285.7300109863281,286.3399963378906,285.5199890136719,285.7716064453125,47889,UNH,5m
2026-03-06 16:20:00+00:00,285.92498779296875,285.92498779296875,285.19000244140625,285.5400085449219,33075,UNH,5m
2026-03-06 16:25:00+00:00,285.5400085449219,285.81988525390625,285.4313049316406,285.7300109863281,34142,UNH,5m
2026-03-06 16:30:00+00:00,285.7300109863281,285.7699890136719,284.0799865722656,284.2950134277344,102320,UNH,5m
2026-03-06 16:35:00+00:00,284.260009765625,285.25,284.1400146484375,285.1849975585937,36749,UNH,5m
2026-03-06 16:40:00+00:00,285.25,285.6000061035156,284.8999938964844,284.989990234375,40292,UNH,5m
2026-03-06 16:45:00+00:00,285.0599975585937,285.74371337890625,284.9949951171875,285.5450134277344,44728,UNH,5m
2026-03-06 16:50:00+00:00,285.5450134277344,286.2998962402344,285.5,286.04998779296875,51810,UNH,5m
2026-03-06 16:55:00+00:00,286.010009765625,286.3999938964844,285.8399963378906,286.1900939941406,40868,UNH,5m
2026-03-06 17:00:00+00:00,286.3085021972656,286.5849914550781,285.5899963378906,286.3299865722656,58606,UNH,5m
2026-03-06 17:05:00+00:00,286.32000732421875,286.32000732421875,285.260009765625,285.6099853515625,44429,UNH,5m
2026-03-06 17:10:00+00:00,285.46600341796875,286.0,285.3699951171875,285.56500244140625,33049,UNH,5m
2026-03-06 17:15:00+00:00,285.57000732421875,285.7799072265625,285.2099914550781,285.6600036621094,27980,UNH,5m
2026-03-06 17:20:00+00:00,285.6499938964844,286.010009765625,285.5899963378906,285.739990234375,25694,UNH,5m
2026-03-06 17:25:00+00:00,285.7850036621094,285.7850036621094,285.20001220703125,285.3599853515625,32805,UNH,5m
2026-03-06 17:30:00+00:00,285.3399963378906,285.57000732421875,285.13299560546875,285.2250061035156,29188,UNH,5m
2026-03-06 17:35:00+00:00,285.2049865722656,285.2099914550781,284.4100036621094,284.635009765625,54309,UNH,5m
2026-03-06 17:40:00+00:00,284.6199951171875,284.7098999023437,283.4100036621094,284.0899963378906,111406,UNH,5m
2026-03-06 17:45:00+00:00,284.07501220703125,284.3099975585937,283.8999938964844,284.25,39842,UNH,5m
2026-03-06 17:50:00+00:00,284.260009765625,284.635009765625,283.8299865722656,283.8299865722656,41054,UNH,5m
2026-03-06 17:55:00+00:00,283.7950134277344,284.32000732421875,283.6700134277344,284.17498779296875,36694,UNH,5m
2026-03-06 18:00:00+00:00,284.1400146484375,285.010009765625,284.1400146484375,284.5350036621094,52648,UNH,5m
2026-03-06 18:05:00+00:00,284.6000061035156,285.0,284.4700012207031,284.81500244140625,31829,UNH,5m
2026-03-06 18:10:00+00:00,284.8450012207031,285.2550048828125,284.7850036621094,285.0801086425781,70916,UNH,5m
2026-03-06 18:15:00+00:00,285.0,285.3468017578125,284.7699890136719,285.2349853515625,35193,UNH,5m
2026-03-06 18:20:00+00:00,285.25,285.3699951171875,285.0,285.0299987792969,28015,UNH,5m
2026-03-06 18:25:00+00:00,285.0950012207031,285.2200012207031,284.8373107910156,284.9100036621094,26976,UNH,5m
2026-03-06 18:30:00+00:00,284.8399963378906,285.260009765625,284.7049865722656,284.8299865722656,36490,UNH,5m
2026-03-06 18:35:00+00:00,284.81500244140625,284.8299865722656,284.5,284.760009765625,24627,UNH,5m
2026-03-06 18:40:00+00:00,284.8089904785156,285.3456115722656,284.7550048828125,285.2062072753906,29085,UNH,5m
2026-03-06 18:45:00+00:00,285.260009765625,285.385009765625,285.0400085449219,285.385009765625,29388,UNH,5m
2026-03-06 18:50:00+00:00,285.3900146484375,285.4700012207031,284.9849853515625,285.093994140625,41864,UNH,5m
2026-03-06 18:55:00+00:00,285.0541076660156,285.32000732421875,284.8500061035156,285.04998779296875,31214,UNH,5m
2026-03-06 19:00:00+00:00,285.06500244140625,285.25,284.8099975585937,285.0899963378906,33023,UNH,5m
2026-03-06 19:05:00+00:00,285.1000061035156,285.4599914550781,284.96600341796875,285.2699890136719,42579,UNH,5m
2026-03-06 19:10:00+00:00,285.3599853515625,285.7799987792969,285.3500061035156,285.4100036621094,51510,UNH,5m
2026-03-06 19:15:00+00:00,285.4100036621094,285.75,285.3599853515625,285.75,32678,UNH,5m
2026-03-06 19:20:00+00:00,285.6000061035156,285.7200012207031,285.29998779296875,285.29998779296875,39543,UNH,5m
2026-03-06 19:25:00+00:00,285.29998779296875,285.7099914550781,285.239990234375,285.6549987792969,32429,UNH,5m
2026-03-06 19:30:00+00:00,285.6099853515625,285.7699890136719,285.44000244140625,285.5350036621094,30172,UNH,5m
2026-03-06 19:35:00+00:00,285.5400085449219,286.0,285.5199890136719,285.5799865722656,45446,UNH,5m
2026-03-06 19:40:00+00:00,285.6148986816406,286.2200012207031,285.5799865722656,285.8399963378906,128243,UNH,5m
2026-03-06 19:45:00+00:00,285.82501220703125,285.8999938964844,285.6600036621094,285.8500061035156,28759,UNH,5m
2026-03-06 19:50:00+00:00,285.82000732421875,286.39990234375,285.78009033203125,286.3450927734375,29564,UNH,5m
2026-03-06 19:55:00+00:00,286.3099975585937,286.4200134277344,286.1300048828125,286.1654968261719,35465,UNH,5m
2026-03-06 20:00:00+00:00,286.19000244140625,286.4800109863281,286.1400146484375,286.45001220703125,39637,UNH,5m
2026-03-06 20:05:00+00:00,286.4339904785156,286.6300048828125,286.1199951171875,286.5450134277344,48811,UNH,5m
2026-03-06 20:10:00+00:00,286.5350036621094,286.6199951171875,286.2200012207031,286.364990234375,56317,UNH,5m
2026-03-06 20:15:00+00:00,286.3599853515625,286.4700012207031,286.1099853515625,286.31500244140625,42846,UNH,5m
2026-03-06 20:20:00+00:00,286.2900085449219,286.760009765625,286.04998779296875,286.67498779296875,72016,UNH,5m
2026-03-06 20:25:00+00:00,286.6549987792969,287.1099853515625,286.3900146484375,286.8900146484375,90345,UNH,5m
2026-03-06 20:30:00+00:00,286.864990234375,287.0199890136719,286.3399963378906,286.4700012207031,76071,UNH,5m
2026-03-06 20:35:00+00:00,286.4700012207031,286.9800109863281,286.2701110839844,286.9599914550781,70662,UNH,5m
2026-03-06 20:40:00+00:00,286.9700012207031,287.4100036621094,286.92010498046875,287.125,80089,UNH,5m
2026-03-06 20:45:00+00:00,287.1700134277344,287.5799865722656,287.1549987792969,287.2950134277344,99902,UNH,5m
2026-03-06 20:50:00+00:00,287.3399963378906,287.3500061035156,286.3450012207031,286.375,187228,UNH,5m
2026-03-06 20:55:00+00:00,286.3399963378906,286.8800048828125,286.32000732421875,286.4700012207031,371911,UNH,5m
2026-03-09 13:30:00+00:00,282.0,283.8999938964844,279.69000244140625,280.6000061035156,327220,UNH,5m
2026-03-09 13:35:00+00:00,280.42999267578125,281.3999938964844,279.1099853515625,279.2749938964844,164953,UNH,5m
2026-03-09 13:40:00+00:00,279.2860107421875,280.0799865722656,278.70001220703125,279.760009765625,211676,UNH,5m
2026-03-09 13:45:00+00:00,279.760009765625,280.260009765625,279.29998779296875,279.57000732421875,109445,UNH,5m
2026-03-09 13:50:00+00:00,279.57501220703125,280.0400085449219,279.12078857421875,279.69000244140625,96806,UNH,5m
2026-03-09 13:55:00+00:00,279.69000244140625,280.57000732421875,279.6499938964844,280.5299987792969,99209,UNH,5m
2026-03-09 14:00:00+00:00,280.4599914550781,281.29998779296875,280.3299865722656,280.7200012207031,96598,UNH,5m
2026-03-09 14:05:00+00:00,280.6820983886719,280.9075012207031,278.8500061035156,278.8900146484375,85642,UNH,5m
2026-03-09 14:10:00+00:00,278.9100036621094,279.1400146484375,278.6600036621094,278.95001220703125,74349,UNH,5m
2026-03-09 14:15:00+00:00,278.9599914550781,280.29998779296875,278.7799987792969,279.7900085449219,107543,UNH,5m
2026-03-09 14:20:00+00:00,279.760009765625,280.2200012207031,279.6600036621094,280.17999267578125,55764,UNH,5m
2026-03-09 14:25:00+00:00,280.1549987792969,280.3800048828125,279.4002990722656,279.57000732421875,58458,UNH,5m
2026-03-09 14:30:00+00:00,279.57000732421875,281.1000061035156,279.57000732421875,280.9150085449219,127730,UNH,5m
2026-03-09 14:35:00+00:00,280.8599853515625,282.1050109863281,280.70001220703125,281.6600036621094,132674,UNH,5m
2026-03-09 14:40:00+00:00,281.6600036621094,282.7900085449219,281.4100036621094,282.2099914550781,153333,UNH,5m
2026-03-09 14:45:00+00:00,282.25,282.55499267578125,281.8511047363281,282.0299987792969,80155,UNH,5m
2026-03-09 14:50:00+00:00,282.0199890136719,283.19500732421875,282.010009765625,282.9700012207031,110491,UNH,5m
2026-03-09 14:55:00+00:00,282.94000244140625,283.0899963378906,282.2799987792969,282.4049987792969,95552,UNH,5m
2026-03-09 15:00:00+00:00,282.4049987792969,283.3599853515625,282.0299987792969,282.8099975585937,78562,UNH,5m
2026-03-09 15:05:00+00:00,282.8099975585937,284.8099975585937,282.8099975585937,284.0299987792969,123688,UNH,5m
2026-03-09 15:10:00+00:00,284.0199890136719,284.8299865722656,283.75,284.0599975585937,83126,UNH,5m
2026-03-09 15:15:00+00:00,284.1000061035156,284.32000732421875,283.6000061035156,283.9700012207031,47905,UNH,5m
2026-03-09 15:20:00+00:00,283.9800109863281,284.17999267578125,283.6499938964844,284.1549987792969,38318,UNH,5m
2026-03-09 15:25:00+00:00,284.114990234375,284.114990234375,283.6700134277344,283.94000244140625,61894,UNH,5m
2026-03-09 15:30:00+00:00,283.9549865722656,283.9549865722656,283.0899963378906,283.0899963378906,49547,UNH,5m
2026-03-09 15:35:00+00:00,283.0400085449219,283.1600036621094,282.82000732421875,282.8399963378906,46519,UNH,5m
2026-03-09 15:40:00+00:00,282.7799987792969,283.0599975585937,282.5199890136719,282.8301086425781,56578,UNH,5m
2026-03-09 15:45:00+00:00,282.9399108886719,283.1099853515625,282.5799865722656,282.7200012207031,30754,UNH,5m
2026-03-09 15:50:00+00:00,282.6499938964844,282.8599853515625,282.5599975585937,282.5950012207031,41529,UNH,5m
2026-03-09 15:55:00+00:00,282.6000061035156,282.6000061035156,282.19000244140625,282.2799987792969,540167,UNH,5m
2026-03-09 16:00:00+00:00,282.2799987792969,282.32000732421875,281.5799865722656,281.7300109863281,65844,UNH,5m
2026-03-09 16:05:00+00:00,281.760009765625,282.5299987792969,281.7074890136719,282.1199951171875,86923,UNH,5m
2026-03-09 16:10:00+00:00,282.135009765625,282.8800048828125,281.9599914550781,282.6449890136719,51735,UNH,5m
2026-03-09 16:15:00+00:00,282.6449890136719,283.07000732421875,282.6199951171875,282.8949890136719,52690,UNH,5m
2026-03-09 16:20:00+00:00,282.8949890136719,283.57501220703125,282.375,283.29998779296875,59493,UNH,5m
2026-03-09 16:25:00+00:00,283.29998779296875,283.8299865722656,283.29010009765625,283.5199890136719,69420,UNH,5m
2026-03-09 16:30:00+00:00,283.5199890136719,283.6600036621094,282.8599853515625,283.2149963378906,44952,UNH,5m
2026-03-09 16:35:00+00:00,283.2099914550781,283.3500061035156,282.8999938964844,282.9750061035156,1229873,UNH,5m
2026-03-09 16:40:00+00:00,282.95001220703125,283.29998779296875,282.6801147460937,283.1600036621094,36016,UNH,5m
2026-03-09 16:45:00+00:00,283.17999267578125,283.57000732421875,283.1499938964844,283.510009765625,49717,UNH,5m
2026-03-09 16:50:00+00:00,283.5599975585937,283.82501220703125,283.2200012207031,283.2850036621094,440725,UNH,5m
2026-03-09 16:55:00+00:00,283.2200012207031,283.2900085449219,282.6400146484375,282.9649963378906,39038,UNH,5m
2026-03-09 17:00:00+00:00,282.9649963378906,283.07501220703125,282.4599914550781,282.7300109863281,39018,UNH,5m
2026-03-09 17:05:00+00:00,282.7099914550781,283.1000061035156,282.7099914550781,282.80499267578125,37087,UNH,5m
2026-03-09 17:10:00+00:00,282.8699951171875,282.8800048828125,282.3099975585937,282.3399963378906,44606,UNH,5m
2026-03-09 17:15:00+00:00,282.3099975585937,282.32000732421875,280.8900146484375,281.0,56137,UNH,5m
2026-03-09 17:20:00+00:00,280.9849853515625,281.0400085449219,280.42999267578125,280.5350036621094,57833,UNH,5m
2026-03-09 17:25:00+00:00,280.5375061035156,280.59588623046875,279.5400085449219,279.9200134277344,197543,UNH,5m
2026-03-09 17:30:00+00:00,279.92999267578125,280.5769958496094,279.8699951171875,280.510009765625,88509,UNH,5m
2026-03-09 17:35:00+00:00,280.3999938964844,280.4700012207031,280.04998779296875,280.1499938964844,45669,UNH,5m
2026-03-09 17:40:00+00:00,280.1549987792969,280.6099853515625,279.9800109863281,280.54998779296875,82756,UNH,5m
2026-03-09 17:45:00+00:00,280.5599975585937,281.6050109863281,280.4700012207031,281.3599853515625,101075,UNH,5m
2026-03-09 17:50:00+00:00,281.3999938964844,281.8900146484375,281.3999938964844,281.6849975585937,34923,UNH,5m
2026-03-09 17:55:00+00:00,281.6849975585937,281.989990234375,281.3599853515625,281.5350036621094,62692,UNH,5m
2026-03-09 18:00:00+00:00,281.54998779296875,282.1199951171875,281.4300537109375,282.0199890136719,52025,UNH,5m
2026-03-09 18:05:00+00:00,281.8901062011719,282.54998779296875,281.760986328125,281.82000732421875,72397,UNH,5m
2026-03-09 18:10:00+00:00,281.82000732421875,281.8500061035156,281.19000244140625,281.239990234375,114312,UNH,5m
2026-03-09 18:15:00+00:00,281.260009765625,281.70001220703125,281.07000732421875,281.6600036621094,66130,UNH,5m
2026-03-09 18:20:00+00:00,281.70001220703125,281.70001220703125,280.70001220703125,280.760009765625,128196,UNH,5m
2026-03-09 18:25:00+00:00,280.9200134277344,281.3450012207031,280.7900085449219,281.3450012207031,37174,UNH,5m
2026-03-09 18:30:00+00:00,281.3450012207031,281.4049987792969,280.6700134277344,281.19000244140625,109664,UNH,5m
2026-03-09 18:35:00+00:00,281.1849975585937,281.9599914550781,281.1849975585937,281.75,90620,UNH,5m
2026-03-09 18:40:00+00:00,281.70001220703125,281.92999267578125,281.3700866699219,281.67498779296875,58322,UNH,5m
2026-03-09 18:45:00+00:00,281.6700134277344,282.07000732421875,281.5299987792969,282.0,73378,UNH,5m
2026-03-09 18:50:00+00:00,282.0599975585937,282.0599975585937,281.24200439453125,281.5224914550781,99186,UNH,5m
2026-03-09 18:55:00+00:00,281.45001220703125,281.5061950683594,280.8868103027344,281.20001220703125,64563,UNH,5m
2026-03-09 19:00:00+00:00,281.1449890136719,282.2099914550781,281.1449890136719,281.9700012207031,101400,UNH,5m
2026-03-09 19:05:00+00:00,281.90771484375,281.9649963378906,281.30010986328125,281.44500732421875,43032,UNH,5m
2026-03-09 19:10:00+00:00,281.4800109863281,281.7799987792969,281.42999267578125,281.510009765625,43287,UNH,5m
2026-03-09 19:15:00+00:00,281.510009765625,282.0,281.15008544921875,281.8599853515625,98454,UNH,5m
2026-03-09 19:20:00+00:00,281.9200134277344,283.3999938964844,281.69000244140625,282.9549865722656,105951,UNH,5m
2026-03-09 19:25:00+00:00,282.9100036621094,283.4700012207031,282.6155090332031,283.42498779296875,131407,UNH,5m
2026-03-09 19:30:00+00:00,283.42498779296875,284.1099853515625,282.8399963378906,284.0849914550781,105909,UNH,5m
2026-03-09 19:35:00+00:00,284.04998779296875,284.7900085449219,283.4747009277344,284.6300964355469,111547,UNH,5m
2026-03-09 19:40:00+00:00,284.7099914550781,284.9700012207031,284.3399963378906,284.385009765625,132466,UNH,5m
2026-03-09 19:45:00+00:00,284.385009765625,284.4798889160156,283.7799987792969,283.89801025390625,107812,UNH,5m
2026-03-09 19:50:00+00:00,283.82000732421875,284.31500244140625,283.0199890136719,284.1099853515625,201203,UNH,5m
2026-03-09 19:55:00+00:00,284.1400146484375,285.1600036621094,283.94000244140625,285.0400085449219,430658,UNH,5m
2026-03-10 13:30:00+00:00,287.3800048828125,287.5799865722656,284.75,286.1099853515625,229899,UNH,5m
2026-03-10 13:35:00+00:00,286.010009765625,286.1000061035156,283.0,283.4649963378906,84321,UNH,5m
2026-03-10 13:40:00+00:00,283.4200134277344,283.4200134277344,280.1600036621094,280.6499938964844,163321,UNH,5m
2026-03-10 13:45:00+00:00,280.5299987792969,281.79998779296875,280.3299865722656,281.2149963378906,99868,UNH,5m
2026-03-10 13:50:00+00:00,281.3500061035156,281.67999267578125,280.3900146484375,280.6099853515625,101419,UNH,5m
2026-03-10 13:55:00+00:00,280.6199951171875,281.0599975585937,279.10009765625,279.3500061035156,149755,UNH,5m
2026-03-10 14:00:00+00:00,279.25,279.82000732421875,279.1300048828125,279.4100036621094,143331,UNH,5m
2026-03-10 14:05:00+00:00,279.45001220703125,280.1199951171875,279.0299987792969,279.3599853515625,108176,UNH,5m
2026-03-10 14:10:00+00:00,279.3599853515625,279.79998779296875,278.8999938964844,279.5150146484375,117145,UNH,5m
2026-03-10 14:15:00+00:00,279.5350036621094,280.3887023925781,279.2900085449219,280.20001220703125,75794,UNH,5m
2026-03-10 14:20:00+00:00,280.20001220703125,281.2699890136719,280.1801147460937,280.9999084472656,87785,UNH,5m
2026-03-10 14:25:00+00:00,280.8900146484375,281.4700012207031,280.7001037597656,281.114990234375,56359,UNH,5m
2026-03-10 14:30:00+00:00,281.1099853515625,281.3900146484375,280.8299865722656,281.2499084472656,57327,UNH,5m
2026-03-10 14:35:00+00:00,281.125,281.5,281.0000915527344,281.3299865722656,46222,UNH,5m
2026-03-10 14:40:00+00:00,281.25,282.6993103027344,281.19000244140625,282.6449890136719,62738,UNH,5m
2026-03-10 14:45:00+00:00,282.69000244140625,282.79998779296875,282.010009765625,282.42999267578125,67445,UNH,5m
2026-03-10 14:50:00+00:00,282.42498779296875,283.3500061035156,282.29998779296875,283.32000732421875,66922,UNH,5m
2026-03-10 14:55:00+00:00,283.29998779296875,283.95001220703125,283.2900085449219,283.6625061035156,66222,UNH,5m
2026-03-10 15:00:00+00:00,283.6625061035156,284.71990966796875,283.1000061035156,284.489990234375,89333,UNH,5m
2026-03-10 15:05:00+00:00,284.489990234375,284.5168151855469,283.6654052734375,283.864990234375,78122,UNH,5m
2026-03-10 15:10:00+00:00,283.94000244140625,284.3799133300781,283.8599853515625,284.3299865722656,57763,UNH,5m
2026-03-10 15:15:00+00:00,284.3699951171875,284.9800109863281,284.2850036621094,284.75,85274,UNH,5m
2026-03-10 15:20:00+00:00,284.79998779296875,284.8299865722656,283.989990234375,284.25,98686,UNH,5m
2026-03-10 15:25:00+00:00,284.2001037597656,284.5599975585937,283.6600036621094,283.8550109863281,60406,UNH,5m
2026-03-10 15:30:00+00:00,283.8099975585937,284.5199890136719,283.69000244140625,284.0799865722656,48117,UNH,5m
2026-03-10 15:35:00+00:00,284.1300048828125,284.2799987792969,283.8700866699219,284.1300048828125,49502,UNH,5m
2026-03-10 15:40:00+00:00,284.2799987792969,285.0,284.0,284.75,58122,UNH,5m
2026-03-10 15:45:00+00:00,284.75,285.2900085449219,284.6499938964844,285.2900085449219,41249,UNH,5m
2026-03-10 15:50:00+00:00,285.20001220703125,286.0,284.8344116210937,285.0000915527344,70325,UNH,5m
2026-03-10 15:55:00+00:00,285.04998779296875,285.6700134277344,284.7799987792969,285.5050048828125,46827,UNH,5m
2026-03-10 16:00:00+00:00,285.4115905761719,285.44000244140625,284.4800109863281,284.5299987792969,49111,UNH,5m
2026-03-10 16:05:00+00:00,284.5249938964844,284.54998779296875,282.6400146484375,282.9150085449219,77629,UNH,5m
2026-03-10 16:10:00+00:00,282.9150085449219,283.2098999023437,282.7300109863281,283.125,49506,UNH,5m
2026-03-10 16:15:00+00:00,283.125,283.3599853515625,282.79998779296875,282.79998779296875,57988,UNH,5m
2026-03-10 16:20:00+00:00,282.79998779296875,282.8599853515625,282.0000915527344,282.2699890136719,50813,UNH,5m
2026-03-10 16:25:00+00:00,282.2699890136719,283.239990234375,282.23150634765625,282.885009765625,43541,UNH,5m
2026-03-10 16:30:00+00:00,282.9681091308594,283.8399963378906,282.82000732421875,283.8399963378906,33312,UNH,5m
2026-03-10 16:35:00+00:00,283.8399963378906,284.0350036621094,283.5799865722656,283.9700012207031,43996,UNH,5m
2026-03-10 16:40:00+00:00,283.92498779296875,284.4949951171875,283.42999267578125,284.3800048828125,27857,UNH,5m
2026-03-10 16:45:00+00:00,284.402099609375,284.402099609375,283.8599853515625,283.8599853515625,25112,UNH,5m
2026-03-10 16:50:00+00:00,283.9100036621094,284.29998779296875,283.75,284.110107421875,23492,UNH,5m
2026-03-10 16:55:00+00:00,284.17999267578125,284.3500061035156,284.0899963378906,284.19500732421875,23978,UNH,5m
2026-03-10 17:00:00+00:00,284.19000244140625,284.5899963378906,284.04998779296875,284.53985595703125,24571,UNH,5m
2026-03-10 17:05:00+00:00,284.5151062011719,284.7998962402344,284.3099975585937,284.3599853515625,27160,UNH,5m
2026-03-10 17:10:00+00:00,284.3500061035156,284.3500061035156,283.6099853515625,283.6849975585937,31805,UNH,5m
2026-03-10 17:15:00+00:00,283.6849975585937,284.0599060058594,283.3500061035156,283.7200012207031,37809,UNH,5m
2026-03-10 17:20:00+00:00,283.7200012207031,284.4200134277344,283.6400146484375,284.3949890136719,26597,UNH,5m
2026-03-10 17:25:00+00:00,284.3900146484375,284.6099853515625,284.3299865722656,284.6099853515625,33518,UNH,5m
2026-03-10 17:30:00+00:00,284.6099853515625,284.6099853515625,283.8299865722656,283.8299865722656,36167,UNH,5m
2026-03-10 17:35:00+00:00,283.7900085449219,283.7900085449219,282.125,282.4049987792969,58130,UNH,5m
2026-03-10 17:40:00+00:00,282.45001220703125,283.0400085449219,282.30499267578125,282.6000061035156,48307,UNH,5m
2026-03-10 17:45:00+00:00,282.54998779296875,284.45001220703125,282.54998779296875,284.1499938964844,70509,UNH,5m
2026-03-10 17:50:00+00:00,284.0700988769531,284.6000061035156,283.989990234375,284.2799987792969,53534,UNH,5m
2026-03-10 17:55:00+00:00,284.20001220703125,284.3900146484375,283.8901062011719,283.94000244140625,40869,UNH,5m
2026-03-10 18:00:00+00:00,283.95001220703125,284.2300109863281,283.75,283.885009765625,57817,UNH,5m
2026-03-10 18:05:00+00:00,283.9200134277344,283.94000244140625,283.4849853515625,283.5400085449219,36930,UNH,5m
2026-03-10 18:10:00+00:00,283.5599060058594,283.7099914550781,282.3299865722656,282.3800048828125,55866,UNH,5m
2026-03-10 18:15:00+00:00,282.3836975097656,282.92999267578125,282.1199951171875,282.19500732421875,65287,UNH,5m
2026-03-10 18:20:00+00:00,282.19000244140625,283.2699890136719,281.7001037597656,282.625,81007,UNH,5m
2026-03-10 18:25:00+00:00,282.69000244140625,283.44879150390625,282.6000061035156,282.8599853515625,35560,UNH,5m
2026-03-10 18:30:00+00:00,282.80499267578125,283.44000244140625,282.6199951171875,282.70001220703125,54400,UNH,5m
2026-03-10 18:35:00+00:00,282.70001220703125,283.0199890136719,282.239990234375,282.69000244140625,34667,UNH,5m
2026-03-10 18:40:00+00:00,282.69000244140625,282.94000244140625,282.5599975585937,282.6400146484375,43108,UNH,5m
2026-03-10 18:45:00+00:00,282.6000061035156,283.04998779296875,282.54998779296875,282.82000732421875,60270,UNH,5m
2026-03-10 18:50:00+00:00,282.82000732421875,283.1650085449219,282.6099853515625,282.7597961425781,46740,UNH,5m
2026-03-10 18:55:00+00:00,282.7850036621094,283.0400085449219,282.489990234375,282.875,45749,UNH,5m
2026-03-10 19:00:00+00:00,282.8800048828125,283.0400085449219,282.80499267578125,282.860107421875,28700,UNH,5m
2026-03-10 19:05:00+00:00,282.8599853515625,282.9200134277344,282.5,282.802490234375,62639,UNH,5m
2026-03-10 19:10:00+00:00,282.80499267578125,283.260009765625,282.5899963378906,283.07000732421875,54349,UNH,5m
2026-03-10 19:15:00+00:00,283.0567932128906,283.2463073730469,282.8800048828125,283.20001220703125,38586,UNH,5m
2026-03-10 19:20:00+00:00,283.19000244140625,283.32000732421875,282.760009765625,283.0599975585937,44472,UNH,5m
2026-03-10 19:25:00+00:00,283.010009765625,283.0801086425781,282.75,282.760009765625,37223,UNH,5m
2026-03-10 19:30:00+00:00,282.75,282.8999938964844,282.44000244140625,282.7149963378906,44217,UNH,5m
2026-03-10 19:35:00+00:00,282.7250061035156,282.9798889160156,282.3999938964844,282.7650146484375,66054,UNH,5m
2026-03-10 19:40:00+00:00,282.7650146484375,283.614990234375,282.5,283.3599853515625,108185,UNH,5m
2026-03-10 19:45:00+00:00,283.3800048828125,283.54998779296875,283.0,283.07501220703125,104133,UNH,5m
2026-03-10 19:50:00+00:00,283.0400085449219,283.0400085449219,282.2200012207031,282.30499267578125,128174,UNH,5m
2026-03-10 19:55:00+00:00,282.32000732421875,282.38238525390625,281.94000244140625,282.3800048828125,259157,UNH,5m
2026-03-11 13:30:00+00:00,282.3800048828125,283.95001220703125,281.6099853515625,283.2300109863281,223353,UNH,5m
2026-03-11 13:35:00+00:00,283.375,283.67999267578125,282.3999938964844,282.9800109863281,53253,UNH,5m
2026-03-11 13:40:00+00:00,282.9800109863281,283.29998779296875,281.6600036621094,281.95001220703125,47987,UNH,5m
2026-03-11 13:45:00+00:00,281.94500732421875,282.489990234375,281.4172058105469,281.9804992675781,69696,UNH,5m
2026-03-11 13:50:00+00:00,281.8099975585937,282.3035888671875,281.42999267578125,281.6300048828125,54784,UNH,5m
2026-03-11 13:55:00+00:00,281.5299987792969,281.8529968261719,281.010009765625,281.3299865722656,51813,UNH,5m
2026-03-11 14:00:00+00:00,281.4599914550781,282.7200012207031,281.04998779296875,281.94000244140625,96451,UNH,5m
2026-03-11 14:05:00+00:00,281.95001220703125,282.1300048828125,281.3299865722656,281.5,46487,UNH,5m
2026-03-11 14:10:00+00:00,281.4200134277344,281.6575012207031,280.75,281.3949890136719,57500,UNH,5m
2026-03-11 14:15:00+00:00,281.489990234375,282.8900146484375,281.2900085449219,282.4750061035156,113348,UNH,5m
2026-03-11 14:20:00+00:00,282.4750061035156,282.4750061035156,280.8999938964844,281.1449890136719,68277,UNH,5m
2026-03-11 14:25:00+00:00,281.1449890136719,281.3299865722656,280.6000061035156,281.3099975585937,84445,UNH,5m
2026-03-11 14:30:00+00:00,281.3099975585937,282.2699890136719,281.0899963378906,282.0400085449219,101417,UNH,5m
2026-03-11 14:35:00+00:00,282.0799865722656,282.82000732421875,281.92999267578125,282.82000732421875,57410,UNH,5m
2026-03-11 14:40:00+00:00,282.82000732421875,283.9200134277344,282.5,283.610107421875,123955,UNH,5m
2026-03-11 14:45:00+00:00,283.70001220703125,283.8500061035156,283.2300109863281,283.69000244140625,70485,UNH,5m
2026-03-11 14:50:00+00:00,283.739990234375,284.0599975585937,283.56500244140625,283.9100036621094,44548,UNH,5m
2026-03-11 14:55:00+00:00,283.8599853515625,284.07501220703125,283.4700012207031,283.5924987792969,62957,UNH,5m
2026-03-11 15:00:00+00:00,283.6400146484375,283.7300109863281,282.6000061035156,283.0205078125,61535,UNH,5m
2026-03-11 15:05:00+00:00,282.989990234375,283.6698913574219,282.70001220703125,282.8999938964844,40522,UNH,5m
2026-03-11 15:10:00+00:00,282.875,282.9800109863281,281.8999938964844,281.9200134277344,53605,UNH,5m
2026-03-11 15:15:00+00:00,281.94000244140625,283.17999267578125,281.8800048828125,283.0498962402344,64649,UNH,5m
2026-03-11 15:20:00+00:00,282.9800109863281,283.3299865722656,282.7099914550781,283.3299865722656,37208,UNH,5m
2026-03-11 15:25:00+00:00,283.3299865722656,283.4700012207031,282.3945007324219,282.3945007324219,30918,UNH,5m
2026-03-11 15:30:00+00:00,282.4599914550781,282.7200012207031,282.3800048828125,282.6099853515625,29889,UNH,5m
2026-03-11 15:35:00+00:00,282.6400146484375,283.1199951171875,282.6400146484375,282.875,32144,UNH,5m
2026-03-11 15:40:00+00:00,282.95001220703125,283.1700134277344,282.5799865722656,282.5799865722656,23224,UNH,5m
2026-03-11 15:45:00+00:00,282.5899963378906,282.70001220703125,282.25,282.6449890136719,38217,UNH,5m
2026-03-11 15:50:00+00:00,282.70001220703125,283.1499938964844,282.5799865722656,282.94000244140625,45232,UNH,5m
2026-03-11 15:55:00+00:00,282.989990234375,283.7099914550781,282.989990234375,283.0599975585937,60269,UNH,5m
2026-03-11 16:00:00+00:00,283.0599975585937,283.4700012207031,282.95001220703125,283.1700134277344,40207,UNH,5m
2026-03-11 16:05:00+00:00,283.1849975585937,283.3099975585937,282.8599853515625,283.1000061035156,41842,UNH,5m
2026-03-11 16:10:00+00:00,283.1600036621094,283.3900146484375,282.8539123535156,283.3099975585937,41986,UNH,5m
2026-03-11 16:15:00+00:00,283.2799987792969,283.45001220703125,282.8999938964844,283.11700439453125,30852,UNH,5m
2026-03-11 16:20:00+00:00,283.1099853515625,283.6499938964844,282.9700012207031,283.2568664550781,43393,UNH,5m
2026-03-11 16:25:00+00:00,283.2799987792969,283.5599975585937,283.20001220703125,283.49835205078125,27037,UNH,5m
2026-03-11 16:30:00+00:00,283.510009765625,283.5899963378906,283.2049865722656,283.44500732421875,42632,UNH,5m
2026-03-11 16:35:00+00:00,283.3450012207031,283.9200134277344,283.3100891113281,283.6099853515625,32418,UNH,5m
2026-03-11 16:40:00+00:00,283.5599975585937,284.1099853515625,283.5599975585937,283.92999267578125,41575,UNH,5m
2026-03-11 16:45:00+00:00,283.92999267578125,284.1000061035156,283.6300048828125,283.739990234375,27451,UNH,5m
2026-03-11 16:50:00+00:00,283.7699890136719,284.0299987792969,283.7200012207031,284.0299987792969,21243,UNH,5m
2026-03-11 16:55:00+00:00,284.0,284.25,283.760009765625,284.25,23159,UNH,5m
2026-03-11 17:00:00+00:00,284.2099914550781,284.42999267578125,284.0199890136719,284.2699890136719,33352,UNH,5m
2026-03-11 17:05:00+00:00,284.260009765625,284.85479736328125,284.2200927734375,284.45001220703125,30781,UNH,5m
2026-03-11 17:10:00+00:00,284.4549865722656,284.4549865722656,283.9800109863281,284.04998779296875,25746,UNH,5m
2026-03-11 17:15:00+00:00,284.0950012207031,284.5498962402344,284.0799865722656,284.3299865722656,324470,UNH,5m
2026-03-11 17:20:00+00:00,284.3999938964844,284.8500061035156,284.1400146484375,284.4949951171875,70807,UNH,5m
2026-03-11 17:25:00+00:00,284.3900146484375,284.42999267578125,284.0101013183594,284.04998779296875,25657,UNH,5m
2026-03-11 17:30:00+00:00,284.2099914550781,284.2099914550781,283.7200012207031,283.9700012207031,24728,UNH,5m
2026-03-11 17:35:00+00:00,284.0,284.0899963378906,283.3099975585937,283.55889892578125,41189,UNH,5m
2026-03-11 17:40:00+00:00,283.6000061035156,283.760009765625,283.1000061035156,283.39910888671875,30360,UNH,5m
2026-03-11 17:45:00+00:00,283.3450012207031,283.4800109863281,283.0799865722656,283.2589111328125,20482,UNH,5m
2026-03-11 17:50:00+00:00,283.260009765625,283.7200012207031,283.19000244140625,283.3399963378906,30941,UNH,5m
2026-03-11 17:55:00+00:00,283.3099975585937,283.4700012207031,282.9700012207031,283.2900085449219,41705,UNH,5m
2026-03-11 18:00:00+00:00,283.2550048828125,284.0799865722656,283.15008544921875,283.8500061035156,49785,UNH,5m
2026-03-11 18:05:00+00:00,283.9200134277344,283.989990234375,283.6099853515625,283.7200012207031,97098,UNH,5m
2026-03-11 18:10:00+00:00,283.739990234375,283.8399963378906,283.2699890136719,283.6600036621094,36317,UNH,5m
2026-03-11 18:15:00+00:00,283.5950012207031,284.3999938964844,283.4200134277344,284.3500061035156,43809,UNH,5m
2026-03-11 18:20:00+00:00,284.32000732421875,284.3500061035156,284.0299987792969,284.2850036621094,23145,UNH,5m
2026-03-11 18:25:00+00:00,284.3399963378906,284.5400085449219,284.1300048828125,284.5400085449219,753093,UNH,5m
2026-03-11 18:30:00+00:00,284.489990234375,284.8800048828125,284.430908203125,284.6600036621094,95914,UNH,5m
2026-03-11 18:35:00+00:00,284.625,284.70001220703125,284.3599853515625,284.3900146484375,17332,UNH,5m
2026-03-11 18:40:00+00:00,284.29998779296875,284.8399963378906,284.239990234375,284.8399963378906,48249,UNH,5m
2026-03-11 18:45:00+00:00,284.79998779296875,285.0199890136719,284.4700012207031,284.58990478515625,124015,UNH,5m
2026-03-11 18:50:00+00:00,284.5199890136719,285.1099853515625,284.3099975585937,285.0509033203125,55631,UNH,5m
2026-03-11 18:55:00+00:00,284.989990234375,285.20001220703125,284.8500061035156,284.9849853515625,96788,UNH,5m
2026-03-11 19:00:00+00:00,284.989990234375,285.20001220703125,284.5400085449219,284.69000244140625,37232,UNH,5m
2026-03-11 19:05:00+00:00,284.6400146484375,284.82000732421875,284.260009765625,284.7099914550781,43786,UNH,5m
2026-03-11 19:10:00+00:00,284.7200012207031,284.8699951171875,284.6400146484375,284.7650146484375,60251,UNH,5m
2026-03-11 19:15:00+00:00,284.7799987792969,285.20001220703125,284.7099914550781,285.17999267578125,102040,UNH,5m
2026-03-11 19:20:00+00:00,285.17999267578125,285.4100036621094,285.1099853515625,285.3999938964844,30478,UNH,5m
2026-03-11 19:25:00+00:00,285.3700866699219,285.7300109863281,285.3269958496094,285.3999938964844,74569,UNH,5m
2026-03-11 19:30:00+00:00,285.489990234375,285.760009765625,284.6199951171875,285.75,139496,UNH,5m
2026-03-11 19:35:00+00:00,285.75,285.9100036621094,285.0199890136719,285.3699951171875,145791,UNH,5m
2026-03-11 19:40:00+00:00,285.3699951171875,285.8299865722656,285.1499938964844,285.7900085449219,60238,UNH,5m
2026-03-11 19:45:00+00:00,285.7900085449219,286.0,285.6499938964844,285.70001220703125,195077,UNH,5m
2026-03-11 19:50:00+00:00,285.6199951171875,285.6199951171875,285.0201110839844,285.3500061035156,90667,UNH,5m
2026-03-11 19:55:00+00:00,285.3800048828125,286.2200012207031,285.1700134277344,285.32000732421875,504264,UNH,5m
2026-03-12 13:30:00+00:00,284.7749938964844,287.5599975585937,284.3500061035156,284.5249938964844,540270,UNH,5m
2026-03-12 13:35:00+00:00,284.5249938964844,284.8299865722656,283.2349853515625,283.8450012207031,157046,UNH,5m
2026-03-12 13:40:00+00:00,283.8540954589844,283.92999267578125,282.3800048828125,282.7149963378906,105226,UNH,5m
2026-03-12 13:45:00+00:00,282.6050109863281,283.5799865722656,281.79998779296875,283.45001220703125,122276,UNH,5m
2026-03-12 13:50:00+00:00,283.45001220703125,283.8500061035156,282.79998779296875,283.2749938964844,92030,UNH,5m
2026-03-12 13:55:00+00:00,283.3500061035156,283.7432861328125,282.57000732421875,282.7250061035156,96591,UNH,5m
2026-03-12 14:00:00+00:00,282.7250061035156,283.6700134277344,282.45001220703125,283.2550048828125,73877,UNH,5m
2026-03-12 14:05:00+00:00,283.2550048828125,284.42999267578125,282.8999938964844,284.2349853515625,78863,UNH,5m
2026-03-12 14:10:00+00:00,284.2349853515625,284.69000244140625,283.4700012207031,283.5,88375,UNH,5m
2026-03-12 14:15:00+00:00,283.6400146484375,284.1199951171875,283.3399963378906,283.44000244140625,61362,UNH,5m
2026-03-12 14:20:00+00:00,283.44000244140625,283.5299987792969,283.0740051269531,283.3500061035156,67567,UNH,5m
2026-03-12 14:25:00+00:00,283.3500061035156,283.79998779296875,283.1470031738281,283.19500732421875,58588,UNH,5m
2026-03-12 14:30:00+00:00,283.19500732421875,283.6252136230469,283.010009765625,283.6000061035156,59127,UNH,5m
2026-03-12 14:35:00+00:00,283.6050109863281,283.8599853515625,283.114990234375,283.7049865722656,66654,UNH,5m
2026-03-12 14:40:00+00:00,283.7049865722656,283.8999938964844,282.69000244140625,282.7950134277344,114922,UNH,5m
2026-03-12 14:45:00+00:00,282.7950134277344,284.1199951171875,282.19000244140625,282.3550109863281,141990,UNH,5m
2026-03-12 14:50:00+00:00,282.4599914550781,282.989990234375,281.9200134277344,282.44000244140625,101332,UNH,5m
2026-03-12 14:55:00+00:00,282.44000244140625,282.7449951171875,282.2200012207031,282.44000244140625,77556,UNH,5m
2026-03-12 15:00:00+00:00,282.4800109863281,282.6499938964844,282.052001953125,282.1650085449219,76339,UNH,5m
2026-03-12 15:05:00+00:00,282.1650085449219,282.2699890136719,281.239990234375,281.3099975585937,100271,UNH,5m
2026-03-12 15:10:00+00:00,281.31500244140625,281.5,280.29998779296875,280.4800109863281,97488,UNH,5m
2026-03-12 15:15:00+00:00,280.44000244140625,281.1098937988281,280.44000244140625,280.6199951171875,89939,UNH,5m
2026-03-12 15:20:00+00:00,280.6099853515625,280.9800109863281,279.8999938964844,280.1300048828125,124037,UNH,5m
2026-03-12 15:25:00+00:00,280.1300048828125,280.5,279.7200012207031,279.7650146484375,81836,UNH,5m
2026-03-12 15:30:00+00:00,279.739990234375,280.2850036621094,279.6000061035156,280.1199951171875,85854,UNH,5m
2026-03-12 15:35:00+00:00,280.0799865722656,280.7099914550781,279.6700134277344,280.6600036621094,86439,UNH,5m
2026-03-12 15:40:00+00:00,280.67999267578125,280.6897888183594,279.8999938964844,280.1050109863281,95922,UNH,5m
2026-03-12 15:45:00+00:00,280.1099853515625,280.4599914550781,279.29998779296875,279.3999938964844,113477,UNH,5m
2026-03-12 15:50:00+00:00,279.3999938964844,280.0599975585937,279.15728759765625,280.0599975585937,88998,UNH,5m
2026-03-12 15:55:00+00:00,280.0599975585937,280.19000244140625,279.6300048828125,279.7049865722656,80932,UNH,5m
2026-03-12 16:00:00+00:00,279.7300109863281,280.3500061035156,279.4800109863281,280.0950012207031,109400,UNH,5m
2026-03-12 16:05:00+00:00,280.0,280.3500061035156,278.4100952148437,278.45001220703125,181613,UNH,5m
2026-03-12 16:10:00+00:00,278.45001220703125,278.6600036621094,277.8999938964844,278.4800109863281,135266,UNH,5m
2026-03-12 16:15:00+00:00,278.489990234375,279.3399963378906,278.3500061035156,279.125,106064,UNH,5m
2026-03-12 16:20:00+00:00,279.1129150390625,280.159912109375,278.94000244140625,279.54998779296875,149109,UNH,5m
2026-03-12 16:25:00+00:00,279.54998779296875,279.6300048828125,279.1700134277344,279.3800048828125,75275,UNH,5m
2026-03-12 16:30:00+00:00,279.3800048828125,279.6199951171875,279.0,279.42498779296875,91341,UNH,5m
2026-03-12 16:35:00+00:00,279.4200134277344,280.0400085449219,279.3900146484375,279.8800048828125,76519,UNH,5m
2026-03-12 16:40:00+00:00,279.8800048828125,280.6000061035156,279.7699890136719,280.2900085449219,180155,UNH,5m
2026-03-12 16:45:00+00:00,280.2699890136719,280.2699890136719,279.1700134277344,279.989990234375,123815,UNH,5m
2026-03-12 16:50:00+00:00,279.9949951171875,280.20001220703125,279.635009765625,279.635009765625,112224,UNH,5m
2026-03-12 16:55:00+00:00,279.635009765625,279.8299865722656,279.1300048828125,279.2724914550781,79146,UNH,5m
2026-03-12 17:00:00+00:00,279.2799987792969,280.2799987792969,279.239990234375,280.239990234375,92656,UNH,5m
2026-03-12 17:05:00+00:00,280.239990234375,280.3099975585937,279.45001220703125,279.45001220703125,81524,UNH,5m
2026-03-12 17:10:00+00:00,279.45001220703125,280.0199890136719,279.45001220703125,280.0,66159,UNH,5m
2026-03-12 17:15:00+00:00,279.9599914550781,280.7300109863281,279.47088623046875,279.4849853515625,115178,UNH,5m
2026-03-12 17:20:00+00:00,279.4700012207031,279.5,278.92999267578125,279.2699890136719,84121,UNH,5m
2026-03-12 17:25:00+00:00,279.2300109863281,279.55499267578125,278.635009765625,278.6700134277344,91132,UNH,5m
2026-03-12 17:30:00+00:00,278.70001220703125,279.1050109863281,278.5899963378906,279.0,99875,UNH,5m
2026-03-12 17:35:00+00:00,278.9949951171875,279.4800109863281,278.54998779296875,278.9100036621094,183547,UNH,5m
2026-03-12 17:40:00+00:00,279.010009765625,279.2300109863281,278.1000061035156,278.1650085449219,108162,UNH,5m
2026-03-12 17:45:00+00:00,278.1400146484375,278.5350036621094,277.95001220703125,278.44500732421875,96313,UNH,5m
2026-03-12 17:50:00+00:00,278.44500732421875,278.69000244140625,278.2699890136719,278.6549987792969,72089,UNH,5m
2026-03-12 17:55:00+00:00,278.6549987792969,278.81500244140625,278.1499938964844,278.5201110839844,112976,UNH,5m
2026-03-12 18:00:00+00:00,278.5799865722656,278.8799133300781,278.20001220703125,278.6700134277344,120861,UNH,5m
2026-03-12 18:05:00+00:00,278.6700134277344,278.7099914550781,277.69000244140625,277.8099975585937,121513,UNH,5m
2026-03-12 18:10:00+00:00,277.80499267578125,278.0815124511719,277.760009765625,277.9200134277344,94233,UNH,5m
2026-03-12 18:15:00+00:00,277.9200134277344,278.489990234375,277.82000732421875,277.864990234375,122151,UNH,5m
2026-03-12 18:20:00+00:00,277.864990234375,278.07000732421875,277.8399963378906,278.0350036621094,94218,UNH,5m
2026-03-12 18:25:00+00:00,278.0,278.0799865722656,277.6499938964844,277.7349853515625,115043,UNH,5m
2026-03-12 18:30:00+00:00,277.7349853515625,278.1499938964844,277.67999267578125,277.94000244140625,79306,UNH,5m
2026-03-12 18:35:00+00:00,277.94000244140625,278.2449951171875,277.7900085449219,278.0400085449219,83218,UNH,5m
2026-03-12 18:40:00+00:00,278.0,278.44000244140625,277.9649963378906,278.010009765625,103783,UNH,5m
2026-03-12 18:45:00+00:00,278.010009765625,278.1300048828125,277.95001220703125,278.0050048828125,113580,UNH,5m
2026-03-12 18:50:00+00:00,277.9949951171875,278.489990234375,277.8609924316406,278.0249938964844,114241,UNH,5m
2026-03-12 18:55:00+00:00,277.989990234375,278.1449890136719,277.70001220703125,278.0199890136719,86849,UNH,5m
2026-03-12 19:00:00+00:00,278.0199890136719,278.3399963378906,277.9200134277344,278.3349914550781,102583,UNH,5m
2026-03-12 19:05:00+00:00,278.32000732421875,278.864013671875,278.0199890136719,278.1098937988281,108180,UNH,5m
2026-03-12 19:10:00+00:00,278.06500244140625,278.3599853515625,277.9100036621094,278.2550048828125,124299,UNH,5m
2026-03-12 19:15:00+00:00,278.2550048828125,278.760009765625,278.1099853515625,278.5,159606,UNH,5m
2026-03-12 19:20:00+00:00,278.44500732421875,279.1199951171875,278.3949890136719,279.0849914550781,113151,UNH,5m
2026-03-12 19:25:00+00:00,279.0849914550781,279.7645874023437,278.67498779296875,278.7550048828125,178901,UNH,5m
2026-03-12 19:30:00+00:00,278.7550048828125,278.8800048828125,278.4375,278.5,71450,UNH,5m
2026-03-12 19:35:00+00:00,278.4849853515625,278.5799865722656,278.2099914550781,278.2850036621094,101618,UNH,5m
2026-03-12 19:40:00+00:00,278.2850036621094,278.4700012207031,277.72900390625,277.73980712890625,117086,UNH,5m
2026-03-12 19:45:00+00:00,277.7300109863281,277.9100036621094,277.2200012207031,277.32000732421875,117384,UNH,5m
2026-03-12 19:50:00+00:00,277.2799987792969,277.5,276.2900085449219,277.4750061035156,267536,UNH,5m
2026-03-12 19:55:00+00:00,277.4750061035156,277.79998779296875,276.9800109863281,277.0599975585937,867651,UNH,5m
2026-03-13 13:30:00+00:00,278.0599975585937,281.79998779296875,277.8099975585937,281.3478088378906,265805,UNH,5m
2026-03-13 13:35:00+00:00,281.57000732421875,281.8299865722656,280.6199951171875,281.3949890136719,93910,UNH,5m
2026-03-13 13:40:00+00:00,281.3900146484375,282.4200134277344,280.7301025390625,282.25,121994,UNH,5m
2026-03-13 13:45:00+00:00,282.29998779296875,282.6400146484375,281.7900085449219,282.45001220703125,152739,UNH,5m
2026-03-13 13:50:00+00:00,282.5,282.5799865722656,281.1000061035156,282.1000061035156,82148,UNH,5m
2026-03-13 13:55:00+00:00,282.1098937988281,282.8800048828125,282.0307006835937,282.0307006835937,59487,UNH,5m
2026-03-13 14:00:00+00:00,282.1000061035156,282.8500061035156,281.2099914550781,281.79998779296875,74195,UNH,5m
2026-03-13 14:05:00+00:00,281.92999267578125,282.0,280.79998779296875,280.9150085449219,50415,UNH,5m
2026-03-13 14:10:00+00:00,281.0199890136719,281.1300048828125,280.1310119628906,280.45001220703125,65004,UNH,5m
2026-03-13 14:15:00+00:00,280.3399963378906,280.3699951171875,279.6400146484375,279.6400146484375,50302,UNH,5m
2026-03-13 14:20:00+00:00,279.8900146484375,280.6499938964844,279.7900085449219,280.2900085449219,65410,UNH,5m
2026-03-13 14:25:00+00:00,280.2699890136719,280.94000244140625,280.1199951171875,280.8601989746094,51474,UNH,5m
2026-03-13 14:30:00+00:00,280.8599853515625,281.3900146484375,280.7699890136719,281.2099914550781,56240,UNH,5m
2026-03-13 14:35:00+00:00,281.2200012207031,282.1465148925781,281.17999267578125,281.9200134277344,59290,UNH,5m
2026-03-13 14:40:00+00:00,281.9700012207031,282.20001220703125,281.510009765625,281.8900146484375,62659,UNH,5m
2026-03-13 14:45:00+00:00,281.8450012207031,282.1099853515625,281.45001220703125,281.7900085449219,79327,UNH,5m
2026-03-13 14:50:00+00:00,281.79998779296875,282.1099853515625,281.2099914550781,281.2381896972656,51402,UNH,5m
2026-03-13 14:55:00+00:00,281.20001220703125,281.510009765625,280.9200134277344,281.2250061035156,35580,UNH,5m
2026-03-13 15:00:00+00:00,281.3099975585937,281.3599853515625,280.4599914550781,280.8999938964844,69279,UNH,5m
2026-03-13 15:05:00+00:00,280.9049987792969,281.2799987792969,280.7449951171875,281.17999267578125,47820,UNH,5m
2026-03-13 15:10:00+00:00,281.0899963378906,281.42999267578125,280.760009765625,281.0400085449219,32429,UNH,5m
2026-03-13 15:15:00+00:00,281.1000061035156,281.2099914550781,280.6199951171875,280.81500244140625,36802,UNH,5m
2026-03-13 15:20:00+00:00,280.837890625,281.25,280.489990234375,280.54998779296875,41887,UNH,5m
2026-03-13 15:25:00+00:00,280.5259094238281,280.95001220703125,280.35009765625,280.8500061035156,30518,UNH,5m
2026-03-13 15:30:00+00:00,280.7900085449219,281.4200134277344,280.5400085449219,281.2799987792969,33958,UNH,5m
2026-03-13 15:35:00+00:00,281.2799987792969,281.489990234375,280.7699890136719,281.17498779296875,44152,UNH,5m
2026-03-13 15:40:00+00:00,281.2699890136719,281.2699890136719,280.45001220703125,280.70098876953125,31030,UNH,5m
2026-03-13 15:45:00+00:00,280.8099975585937,281.3599853515625,280.4501037597656,280.8550109863281,34976,UNH,5m
2026-03-13 15:50:00+00:00,280.8500061035156,281.0299987792969,280.42010498046875,280.635009765625,38325,UNH,5m
2026-03-13 15:55:00+00:00,280.6000061035156,281.1099853515625,280.54998779296875,280.8599853515625,25101,UNH,5m
2026-03-13 16:00:00+00:00,280.864990234375,281.25,280.65008544921875,281.0950012207031,26851,UNH,5m
2026-03-13 16:05:00+00:00,281.06500244140625,281.2099914550781,280.7799987792969,281.1499938964844,28663,UNH,5m
2026-03-13 16:10:00+00:00,281.1499938964844,281.3699951171875,280.1300048828125,280.2025146484375,39854,UNH,5m
2026-03-13 16:15:00+00:00,280.2049865722656,280.5,280.1099853515625,280.3500061035156,42398,UNH,5m
2026-03-13 16:20:00+00:00,280.3500061035156,280.57000732421875,280.0600891113281,280.25,29378,UNH,5m
2026-03-13 16:25:00+00:00,280.3399963378906,280.572509765625,279.9599914550781,280.5,69608,UNH,5m
2026-03-13 16:30:00+00:00,280.54620361328125,280.8299865722656,280.3299865722656,280.5400085449219,29585,UNH,5m
2026-03-13 16:35:00+00:00,280.57501220703125,280.95001220703125,280.340087890625,280.3699951171875,36915,UNH,5m
2026-03-13 16:40:00+00:00,280.340087890625,281.010009765625,280.1801147460937,280.1801147460937,31682,UNH,5m
2026-03-13 16:45:00+00:00,280.29998779296875,280.8599853515625,280.2200012207031,280.8599853515625,27322,UNH,5m
2026-03-13 16:50:00+00:00,280.864990234375,281.25,280.7799987792969,281.17498779296875,38173,UNH,5m
2026-03-13 16:55:00+00:00,281.239990234375,281.239990234375,280.6000061035156,280.7900085449219,35537,UNH,5m
2026-03-13 17:00:00+00:00,280.7099914550781,280.92999267578125,280.3999938964844,280.4800109863281,29942,UNH,5m
2026-03-13 17:05:00+00:00,280.44000244140625,280.760009765625,280.29998779296875,280.7099914550781,63675,UNH,5m
2026-03-13 17:10:00+00:00,280.7074890136719,281.0,280.5199890136719,280.9549865722656,23010,UNH,5m
2026-03-13 17:15:00+00:00,280.94000244140625,281.3099975585937,280.739990234375,281.0599975585937,54793,UNH,5m
2026-03-13 17:20:00+00:00,281.06500244140625,281.1700134277344,280.3999938964844,280.8399963378906,45691,UNH,5m
2026-03-13 17:25:00+00:00,280.9200134277344,281.2300109863281,280.78009033203125,281.1849975585937,74969,UNH,5m
2026-03-13 17:30:00+00:00,281.25,281.2900085449219,280.7900085449219,280.95001220703125,19493,UNH,5m
2026-03-13 17:35:00+00:00,280.8804016113281,281.29998779296875,280.5201110839844,281.2799987792969,21964,UNH,5m
2026-03-13 17:40:00+00:00,281.239990234375,281.7900085449219,281.1499938964844,281.7900085449219,55638,UNH,5m
2026-03-13 17:45:00+00:00,281.739990234375,281.9200134277344,280.8299865722656,280.9150085449219,31039,UNH,5m
2026-03-13 17:50:00+00:00,280.8299865722656,280.94000244140625,280.5599975585937,280.8500061035156,28548,UNH,5m
2026-03-13 17:55:00+00:00,280.7699890136719,281.239990234375,280.6600036621094,281.239990234375,25305,UNH,5m
2026-03-13 18:00:00+00:00,281.25,281.9700012207031,281.25,281.9100036621094,30259,UNH,5m
2026-03-13 18:05:00+00:00,281.9200134277344,281.989990234375,281.47100830078125,281.5710144042969,23485,UNH,5m
2026-03-13 18:10:00+00:00,281.67999267578125,281.7900085449219,281.4700012207031,281.6700134277344,25411,UNH,5m
2026-03-13 18:15:00+00:00,281.6000061035156,281.67999267578125,281.239990234375,281.37548828125,37279,UNH,5m
2026-03-13 18:20:00+00:00,281.45001220703125,281.57000732421875,281.2900085449219,281.44000244140625,22399,UNH,5m
2026-03-13 18:25:00+00:00,281.44000244140625,281.67999267578125,281.2099914550781,281.3699951171875,38839,UNH,5m
2026-03-13 18:30:00+00:00,281.3699951171875,282.0799865722656,281.2850036621094,282.0,47619,UNH,5m
2026-03-13 18:35:00+00:00,282.0050048828125,282.239990234375,281.8511962890625,282.0284118652344,23186,UNH,5m
2026-03-13 18:40:00+00:00,282.0599975585937,282.1099853515625,281.8599853515625,282.0849914550781,38100,UNH,5m
2026-03-13 18:45:00+00:00,281.95001220703125,282.1499938964844,281.9200134277344,282.125,18135,UNH,5m
2026-03-13 18:50:00+00:00,282.1000061035156,282.1600036621094,281.681884765625,281.8949890136719,32755,UNH,5m
2026-03-13 18:55:00+00:00,281.8900146484375,281.92999267578125,281.5093994140625,281.9200134277344,29323,UNH,5m
2026-03-13 19:00:00+00:00,281.8999938964844,281.95001220703125,281.610107421875,281.7699890136719,27338,UNH,5m
2026-03-13 19:05:00+00:00,281.7650146484375,282.114990234375,281.54998779296875,281.8550109863281,49107,UNH,5m
2026-03-13 19:10:00+00:00,281.8599853515625,282.1416931152344,281.57391357421875,281.7900085449219,29556,UNH,5m
2026-03-13 19:15:00+00:00,281.79998779296875,282.2799987792969,281.79998779296875,282.239990234375,41474,UNH,5m
2026-03-13 19:20:00+00:00,282.2650146484375,282.3900146484375,282.1099853515625,282.17999267578125,37484,UNH,5m
2026-03-13 19:25:00+00:00,282.1650085449219,282.25,281.8699951171875,282.0,38207,UNH,5m
2026-03-13 19:30:00+00:00,281.9949951171875,282.25,281.5599975585937,281.67510986328125,72001,UNH,5m
2026-03-13 19:35:00+00:00,281.6824951171875,281.739990234375,281.07000732421875,281.125,52935,UNH,5m
2026-03-13 19:40:00+00:00,281.0799865722656,281.29998779296875,281.0299987792969,281.17498779296875,63161,UNH,5m
2026-03-13 19:45:00+00:00,281.2099914550781,281.5559997558594,280.9100036621094,281.4349975585937,72751,UNH,5m
2026-03-13 19:50:00+00:00,281.42999267578125,281.69000244140625,281.2701110839844,281.57000732421875,85162,UNH,5m
2026-03-13 19:55:00+00:00,281.5599975585937,282.239990234375,281.3900146484375,282.0400085449219,277623,UNH,5m
2026-03-16 13:30:00+00:00,283.9800109863281,284.6000061035156,281.7799987792969,282.489990234375,254794,UNH,5m
2026-03-16 13:35:00+00:00,282.489990234375,282.8399963378906,281.0400085449219,281.739990234375,175860,UNH,5m
2026-03-16 13:40:00+00:00,281.80499267578125,284.8800048828125,281.80499267578125,284.53009033203125,111546,UNH,5m
2026-03-16 13:45:00+00:00,284.6499938964844,285.6000061035156,284.5849914550781,285.4700012207031,116391,UNH,5m
2026-03-16 13:50:00+00:00,285.4700012207031,285.8900146484375,285.2799987792969,285.54998779296875,73621,UNH,5m
2026-03-16 13:55:00+00:00,285.5249938964844,285.5249938964844,284.7300109863281,285.0400085449219,55968,UNH,5m
2026-03-16 14:00:00+00:00,285.04998779296875,286.8800048828125,284.6000061035156,286.0199890136719,130203,UNH,5m
2026-03-16 14:05:00+00:00,285.9049987792969,286.5,285.260009765625,286.1400146484375,56990,UNH,5m
2026-03-16 14:10:00+00:00,286.1400146484375,286.42999267578125,285.82000732421875,286.19500732421875,59860,UNH,5m
2026-03-16 14:15:00+00:00,286.25,286.29998779296875,285.5799865722656,285.70001220703125,48553,UNH,5m
2026-03-16 14:20:00+00:00,285.6600036621094,285.8900146484375,285.44000244140625,285.6700134277344,42348,UNH,5m
2026-03-16 14:25:00+00:00,285.57000732421875,285.9898986816406,285.1400146484375,285.3949890136719,40833,UNH,5m
2026-03-16 14:30:00+00:00,285.4800109863281,285.6600036621094,284.7799987792969,284.8900146484375,60550,UNH,5m
2026-03-16 14:35:00+00:00,284.8900146484375,285.4999084472656,284.8399963378906,285.07000732421875,51078,UNH,5m
2026-03-16 14:40:00+00:00,285.1000061035156,285.1885070800781,284.4100036621094,284.6600036621094,38279,UNH,5m
2026-03-16 14:45:00+00:00,284.7049865722656,284.92999267578125,284.3900146484375,284.6050109863281,51587,UNH,5m
2026-03-16 14:50:00+00:00,284.5599975585937,285.20001220703125,284.42999267578125,285.1499938964844,88800,UNH,5m
2026-03-16 14:55:00+00:00,285.1650085449219,285.20001220703125,284.7799987792969,284.92999267578125,45788,UNH,5m
2026-03-16 15:00:00+00:00,285.0199890136719,285.6849975585937,284.6300048828125,285.5,45665,UNH,5m
2026-03-16 15:05:00+00:00,285.4700012207031,285.4800109863281,285.0400085449219,285.3399963378906,28201,UNH,5m
2026-03-16 15:10:00+00:00,285.385009765625,285.5299987792969,284.8999938964844,285.29010009765625,33927,UNH,5m
2026-03-16 15:15:00+00:00,285.3699951171875,285.739990234375,285.090087890625,285.6499938964844,28740,UNH,5m
2026-03-16 15:20:00+00:00,285.5635070800781,285.8900146484375,285.5635070800781,285.625,37573,UNH,5m
2026-03-16 15:25:00+00:00,285.5599975585937,286.20001220703125,285.5299987792969,286.19000244140625,44579,UNH,5m
2026-03-16 15:30:00+00:00,286.17498779296875,286.57000732421875,286.17498779296875,286.3999938964844,45142,UNH,5m
2026-03-16 15:35:00+00:00,286.3100891113281,286.57000732421875,285.92999267578125,286.1300048828125,43957,UNH,5m
2026-03-16 15:40:00+00:00,286.0899963378906,286.1499938964844,285.1000061035156,285.2300109863281,31498,UNH,5m
2026-03-16 15:45:00+00:00,285.29998779296875,286.0599975585937,285.0899963378906,285.8800048828125,26873,UNH,5m
2026-03-16 15:50:00+00:00,285.8999938964844,286.0,285.6400146484375,285.9599914550781,35877,UNH,5m
2026-03-16 15:55:00+00:00,285.8500061035156,286.6199951171875,285.760009765625,285.9349975585937,62143,UNH,5m
2026-03-16 16:00:00+00:00,285.8599853515625,285.8900146484375,285.4599914550781,285.6300048828125,40974,UNH,5m
2026-03-16 16:05:00+00:00,285.6099853515625,286.1300048828125,285.6099853515625,286.07000732421875,43755,UNH,5m
2026-03-16 16:10:00+00:00,286.1400146484375,286.3399963378906,285.7550048828125,286.1400146484375,56541,UNH,5m
2026-03-16 16:15:00+00:00,286.2300109863281,286.8699951171875,286.1400146484375,286.6000061035156,47927,UNH,5m
2026-03-16 16:20:00+00:00,286.67999267578125,286.67999267578125,285.20001220703125,285.25,85192,UNH,5m
2026-03-16 16:25:00+00:00,285.239990234375,285.54998779296875,284.9054870605469,285.3949890136719,29087,UNH,5m
2026-03-16 16:30:00+00:00,285.3900146484375,285.6700134277344,285.1400146484375,285.5849914550781,31171,UNH,5m
2026-03-16 16:35:00+00:00,285.5899963378906,285.69000244140625,285.4100036621094,285.67498779296875,23572,UNH,5m
2026-03-16 16:40:00+00:00,285.69500732421875,286.3399963378906,285.6180114746094,286.3099975585937,37112,UNH,5m
2026-03-16 16:45:00+00:00,286.2950134277344,286.54998779296875,286.010009765625,286.3949890136719,29755,UNH,5m
2026-03-16 16:50:00+00:00,286.4800109863281,286.77740478515625,286.2550048828125,286.2950134277344,39855,UNH,5m
2026-03-16 16:55:00+00:00,286.3900146484375,286.67999267578125,286.1000061035156,286.4100952148437,49041,UNH,5m
2026-03-16 17:00:00+00:00,286.3999938964844,286.8099975585937,286.3999938964844,286.5899963378906,31846,UNH,5m
2026-03-16 17:05:00+00:00,286.6199951171875,286.8800048828125,286.3399963378906,286.3399963378906,26038,UNH,5m
2026-03-16 17:10:00+00:00,286.385009765625,286.5299987792969,286.010009765625,286.010009765625,41160,UNH,5m
2026-03-16 17:15:00+00:00,286.07000732421875,286.1300048828125,285.1549987792969,285.4800109863281,38332,UNH,5m
2026-03-16 17:20:00+00:00,285.5350036621094,286.5,285.4700012207031,286.4049987792969,41467,UNH,5m
2026-03-16 17:25:00+00:00,286.4049987792969,286.6600036621094,286.0799865722656,286.0799865722656,32921,UNH,5m
2026-03-16 17:30:00+00:00,286.135009765625,286.5,285.9800109863281,286.1600036621094,39281,UNH,5m
2026-03-16 17:35:00+00:00,286.1099853515625,286.69000244140625,285.92999267578125,286.5299987792969,48857,UNH,5m
2026-03-16 17:40:00+00:00,286.5299987792969,286.6600036621094,286.29998779296875,286.3500061035156,40569,UNH,5m
2026-03-16 17:45:00+00:00,286.3500061035156,286.67999267578125,285.9599914550781,286.1300048828125,33885,UNH,5m
2026-03-16 17:50:00+00:00,286.0950012207031,286.2898864746094,285.8299865722656,286.19000244140625,29621,UNH,5m
2026-03-16 17:55:00+00:00,286.19000244140625,286.69000244140625,286.1400146484375,286.6099853515625,24974,UNH,5m
2026-03-16 18:00:00+00:00,286.6050109863281,287.1600036621094,286.58160400390625,286.69000244140625,66477,UNH,5m
2026-03-16 18:05:00+00:00,286.70001220703125,286.8500061035156,286.3999938964844,286.7650146484375,23471,UNH,5m
2026-03-16 18:10:00+00:00,286.8099975585937,287.29998779296875,286.7900085449219,286.92999267578125,59188,UNH,5m
2026-03-16 18:15:00+00:00,286.9150085449219,287.2300109863281,286.7909851074219,287.125,41166,UNH,5m
2026-03-16 18:20:00+00:00,287.125,287.39990234375,287.0599975585937,287.2099914550781,39583,UNH,5m
2026-03-16 18:25:00+00:00,287.2099914550781,287.32000732421875,287.1000061035156,287.20001220703125,29568,UNH,5m
2026-03-16 18:30:00+00:00,287.2099914550781,287.3699951171875,287.1300048828125,287.2914123535156,24204,UNH,5m
2026-03-16 18:35:00+00:00,287.2850036621094,287.32000732421875,286.7699890136719,287.1300048828125,33059,UNH,5m
2026-03-16 18:40:00+00:00,287.1700134277344,287.260009765625,287.0101013183594,287.1300048828125,26930,UNH,5m
2026-03-16 18:45:00+00:00,287.1300048828125,287.20001220703125,286.8999938964844,286.9100036621094,27778,UNH,5m
2026-03-16 18:50:00+00:00,286.9150085449219,286.989990234375,286.7099914550781,286.7099914550781,35303,UNH,5m
2026-03-16 18:55:00+00:00,286.739990234375,286.739990234375,286.4700012207031,286.6000061035156,23743,UNH,5m
2026-03-16 19:00:00+00:00,286.6400146484375,286.9700012207031,286.5799865722656,286.8699951171875,24289,UNH,5m
2026-03-16 19:05:00+00:00,286.8699951171875,286.8999938964844,286.57000732421875,286.79998779296875,37439,UNH,5m
2026-03-16 19:10:00+00:00,286.8999938964844,287.1300048828125,286.2300109863281,286.2699890136719,37194,UNH,5m
2026-03-16 19:15:00+00:00,286.3900146484375,286.4800109863281,285.82000732421875,285.856689453125,45222,UNH,5m
2026-03-16 19:20:00+00:00,285.7799987792969,286.3999938964844,285.7099914550781,286.2799987792969,45680,UNH,5m
2026-03-16 19:25:00+00:00,286.1499938964844,286.1650085449219,285.5299987792969,285.8299865722656,46203,UNH,5m
2026-03-16 19:30:00+00:00,285.8399963378906,285.8699951171875,285.4400939941406,285.6849975585937,47224,UNH,5m
2026-03-16 19:35:00+00:00,285.6849975585937,285.7699890136719,285.3999938964844,285.47149658203125,38713,UNH,5m
2026-03-16 19:40:00+00:00,285.47198486328125,285.6700134277344,285.0,285.1400146484375,47610,UNH,5m
2026-03-16 19:45:00+00:00,285.20001220703125,285.57000732421875,285.1900939941406,285.56500244140625,54034,UNH,5m
2026-03-16 19:50:00+00:00,285.5899963378906,285.989990234375,285.2900085449219,285.95001220703125,96541,UNH,5m
2026-03-16 19:55:00+00:00,285.989990234375,286.2200012207031,285.3999938964844,285.4800109863281,274907,UNH,5m
2026-03-17 13:30:00+00:00,287.79998779296875,288.94000244140625,286.8699951171875,288.2900085449219,253484,UNH,5m
2026-03-17 13:35:00+00:00,288.3299865722656,288.8999938964844,287.0799865722656,287.8699035644531,75394,UNH,5m
2026-03-17 13:40:00+00:00,287.7300109863281,288.75,287.5799865722656,288.0249938964844,57987,UNH,5m
2026-03-17 13:45:00+00:00,288.0249938964844,288.7900085449219,287.79998779296875,288.1099853515625,115497,UNH,5m
2026-03-17 13:50:00+00:00,288.1000061035156,288.6600036621094,287.5199890136719,287.80499267578125,64727,UNH,5m
2026-03-17 13:55:00+00:00,287.8099975585937,288.3500061035156,287.5849914550781,288.19500732421875,70023,UNH,5m
2026-03-17 14:00:00+00:00,288.1099853515625,288.7699890136719,287.5,288.45001220703125,88152,UNH,5m
2026-03-17 14:05:00+00:00,288.5,288.989990234375,288.2799987792969,288.7250061035156,100791,UNH,5m
2026-03-17 14:10:00+00:00,288.7300109863281,288.8900146484375,287.7900085449219,288.0599975585937,114228,UNH,5m
2026-03-17 14:15:00+00:00,288.0350036621094,288.17999267578125,287.0199890136719,287.3699951171875,79904,UNH,5m
2026-03-17 14:20:00+00:00,287.34100341796875,287.5150146484375,287.04998779296875,287.1300048828125,35366,UNH,5m
2026-03-17 14:25:00+00:00,287.1650085449219,287.19000244140625,286.7550048828125,287.1600036621094,38719,UNH,5m
2026-03-17 14:30:00+00:00,287.1600036621094,287.25,286.75,287.04998779296875,52624,UNH,5m
2026-03-17 14:35:00+00:00,287.04998779296875,287.17999267578125,286.42010498046875,287.1099853515625,53117,UNH,5m
2026-03-17 14:40:00+00:00,286.9989929199219,288.0801086425781,286.70001220703125,288.0799865722656,40178,UNH,5m
2026-03-17 14:45:00+00:00,288.0899963378906,288.1199951171875,287.6600036621094,287.6973876953125,24583,UNH,5m
2026-03-17 14:50:00+00:00,287.7300109863281,288.4800109863281,287.70001220703125,288.0350036621094,76598,UNH,5m
2026-03-17 14:55:00+00:00,288.0350036621094,288.1400146484375,286.8599853515625,286.9049987792969,39264,UNH,5m
2026-03-17 15:00:00+00:00,286.95001220703125,287.5400085449219,286.8800964355469,287.2650146484375,28582,UNH,5m
2026-03-17 15:05:00+00:00,287.2900085449219,288.25,287.2900085449219,287.9800109863281,32565,UNH,5m
2026-03-17 15:10:00+00:00,287.9800109863281,288.32000732421875,287.45001220703125,287.6300048828125,37552,UNH,5m
2026-03-17 15:15:00+00:00,287.6849975585937,288.29998779296875,287.6300048828125,287.6400146484375,38269,UNH,5m
2026-03-17 15:20:00+00:00,287.6000061035156,287.739990234375,287.17498779296875,287.17999267578125,33023,UNH,5m
2026-03-17 15:25:00+00:00,287.260009765625,287.4800109863281,287.0299987792969,287.1000061035156,22653,UNH,5m
2026-03-17 15:30:00+00:00,287.1499938964844,287.32000732421875,286.25,286.25,50680,UNH,5m
2026-03-17 15:35:00+00:00,286.20001220703125,286.32501220703125,285.8699951171875,286.1050109863281,36521,UNH,5m
2026-03-17 15:40:00+00:00,286.04998779296875,286.3699951171875,285.94500732421875,286.260009765625,20683,UNH,5m
2026-03-17 15:45:00+00:00,286.239990234375,286.4200134277344,285.8299865722656,285.8301086425781,20942,UNH,5m
2026-03-17 15:50:00+00:00,285.864990234375,286.1199951171875,285.8099975585937,286.1050109863281,29398,UNH,5m
2026-03-17 15:55:00+00:00,286.1099853515625,286.3999938964844,285.7250061035156,286.0400085449219,28523,UNH,5m
2026-03-17 16:00:00+00:00,286.0350952148437,286.3999938964844,286.0350952148437,286.260009765625,25407,UNH,5m
2026-03-17 16:05:00+00:00,286.3399963378906,286.4200134277344,285.8599853515625,286.0,23197,UNH,5m
2026-03-17 16:10:00+00:00,286.0799865722656,286.4200134277344,286.0,286.0199890136719,25027,UNH,5m
2026-03-17 16:15:00+00:00,286.07000732421875,286.2900085449219,285.9501037597656,286.2300109863281,26388,UNH,5m
2026-03-17 16:20:00+00:00,286.2149963378906,286.2300109863281,285.3099975585937,285.7699890136719,52144,UNH,5m
2026-03-17 16:25:00+00:00,285.7250061035156,286.2300109863281,285.5299987792969,285.8399963378906,26095,UNH,5m
2026-03-17 16:30:00+00:00,285.8500061035156,285.9200134277344,284.8399963378906,285.5400085449219,50818,UNH,5m
2026-03-17 16:35:00+00:00,285.57000732421875,285.79998779296875,285.2099914550781,285.5899963378906,37035,UNH,5m
2026-03-17 16:40:00+00:00,285.70001220703125,286.0299987792969,285.4789123535156,286.0299987792969,26171,UNH,5m
2026-03-17 16:45:00+00:00,286.07000732421875,286.1400146484375,285.8599853515625,285.8808898925781,33343,UNH,5m
2026-03-17 16:50:00+00:00,285.8900146484375,286.4100036621094,285.8371887207031,286.14190673828125,36081,UNH,5m
2026-03-17 16:55:00+00:00,286.1849975585937,286.4200134277344,285.8999938964844,286.3900146484375,866306,UNH,5m
2026-03-17 17:00:00+00:00,286.42498779296875,287.1400146484375,286.3599853515625,286.8500061035156,70249,UNH,5m
2026-03-17 17:05:00+00:00,286.85400390625,287.3800048828125,286.79998779296875,287.2300109863281,32901,UNH,5m
2026-03-17 17:10:00+00:00,287.2300109863281,287.8800048828125,287.04998779296875,287.8500061035156,47384,UNH,5m
2026-03-17 17:15:00+00:00,287.8500061035156,288.07501220703125,287.5400085449219,287.8399963378906,89119,UNH,5m
2026-03-17 17:20:00+00:00,287.8399963378906,287.9599914550781,287.260009765625,287.9599914550781,24456,UNH,5m
2026-03-17 17:25:00+00:00,287.85009765625,288.3999938964844,287.82000732421875,288.3999938964844,45396,UNH,5m
2026-03-17 17:30:00+00:00,288.32501220703125,288.4800109863281,288.1099853515625,288.2650146484375,34146,UNH,5m
2026-03-17 17:35:00+00:00,288.2650146484375,288.4599914550781,288.0899963378906,288.3349914550781,25276,UNH,5m
2026-03-17 17:40:00+00:00,288.3299865722656,288.3599853515625,287.9599914550781,287.9800109863281,21664,UNH,5m
2026-03-17 17:45:00+00:00,288.0299987792969,288.1098937988281,287.75,287.75,23783,UNH,5m
2026-03-17 17:50:00+00:00,287.7950134277344,287.8999938964844,287.1600036621094,287.3699951171875,88814,UNH,5m
2026-03-17 17:55:00+00:00,287.3599853515625,287.3949890136719,286.81500244140625,287.0,38603,UNH,5m
2026-03-17 18:00:00+00:00,287.0599975585937,287.17999267578125,286.760009765625,286.8800048828125,29174,UNH,5m
2026-03-17 18:05:00+00:00,286.9150085449219,286.9150085449219,286.54998779296875,286.7250061035156,30074,UNH,5m
2026-03-17 18:10:00+00:00,286.7900085449219,286.82000732421875,286.25,286.6000061035156,45099,UNH,5m
2026-03-17 18:15:00+00:00,286.6300048828125,287.0899963378906,286.5599975585937,286.6499938964844,29352,UNH,5m
2026-03-17 18:20:00+00:00,286.67999267578125,286.7799072265625,286.3999938964844,286.3999938964844,22182,UNH,5m
2026-03-17 18:25:00+00:00,286.3550109863281,286.6600036621094,286.2049865722656,286.6400146484375,27726,UNH,5m
2026-03-17 18:30:00+00:00,286.70001220703125,287.9100036621094,286.635009765625,287.2449951171875,105360,UNH,5m
2026-03-17 18:35:00+00:00,287.1400146484375,287.2449951171875,286.7200012207031,286.75,21348,UNH,5m
2026-03-17 18:40:00+00:00,286.7699890136719,286.9200134277344,286.5,286.82000732421875,35951,UNH,5m
2026-03-17 18:45:00+00:00,286.8699951171875,287.7300109863281,286.8599853515625,287.7200012207031,25953,UNH,5m
2026-03-17 18:50:00+00:00,287.6650085449219,287.6650085449219,287.3800048828125,287.5799865722656,28345,UNH,5m
2026-03-17 18:55:00+00:00,287.5799865722656,287.5899963378906,287.1499938964844,287.32000732421875,27678,UNH,5m
2026-03-17 19:00:00+00:00,287.375,287.6400146484375,287.29998779296875,287.5400085449219,22492,UNH,5m
2026-03-17 19:05:00+00:00,287.5400085449219,287.69000244140625,287.4800109863281,287.5,24394,UNH,5m
2026-03-17 19:10:00+00:00,287.5599975585937,287.6101989746094,287.3817138671875,287.4800109863281,22192,UNH,5m
2026-03-17 19:15:00+00:00,287.4849853515625,287.5899963378906,287.0,287.0400085449219,44082,UNH,5m
2026-03-17 19:20:00+00:00,287.0,287.1499938964844,286.8500061035156,287.07501220703125,30442,UNH,5m
2026-03-17 19:25:00+00:00,287.0799865722656,287.364990234375,286.989990234375,287.1199951171875,33163,UNH,5m
2026-03-17 19:30:00+00:00,287.0849914550781,287.20001220703125,286.8099975585937,286.9100036621094,32680,UNH,5m
2026-03-17 19:35:00+00:00,286.8699951171875,287.010009765625,286.7049865722656,286.7650146484375,40584,UNH,5m
2026-03-17 19:40:00+00:00,286.7650146484375,287.1199951171875,286.6700134277344,286.9599914550781,49600,UNH,5m
2026-03-17 19:45:00+00:00,286.9599914550781,287.29998779296875,286.8399963378906,287.2799987792969,67172,UNH,5m
2026-03-17 19:50:00+00:00,287.2950134277344,287.5799865722656,286.79998779296875,287.010009765625,78324,UNH,5m
2026-03-17 19:55:00+00:00,287.0,287.7099914550781,286.9200134277344,287.6499938964844,274235,UNH,5m
2026-03-18 13:30:00+00:00,285.20001220703125,287.989990234375,284.6400146484375,287.3800964355469,187536,UNH,5m
2026-03-18 13:35:00+00:00,287.5150146484375,288.07000732421875,287.2640075683594,287.989990234375,41742,UNH,5m
2026-03-18 13:40:00+00:00,287.94000244140625,288.3999938964844,287.2200012207031,287.5979919433594,55822,UNH,5m
2026-03-18 13:45:00+00:00,287.5199890136719,288.29998779296875,287.29998779296875,287.7900085449219,44667,UNH,5m
2026-03-18 13:50:00+00:00,287.8699951171875,288.25,287.5299987792969,287.7966003417969,39549,UNH,5m
2026-03-18 13:55:00+00:00,287.8500061035156,287.94000244140625,287.0,287.70440673828125,31427,UNH,5m
2026-03-18 14:00:00+00:00,287.7699890136719,287.8999938964844,286.82501220703125,286.8999938964844,33810,UNH,5m
2026-03-18 14:05:00+00:00,286.8999938964844,287.2998962402344,286.7799987792969,286.9200134277344,32583,UNH,5m
2026-03-18 14:10:00+00:00,286.79998779296875,286.8099975585937,285.95001220703125,286.1000061035156,54154,UNH,5m
2026-03-18 14:15:00+00:00,286.13751220703125,286.7898864746094,285.8999938964844,286.6549987792969,33461,UNH,5m
2026-03-18 14:20:00+00:00,286.6650085449219,286.70001220703125,286.3399963378906,286.3399963378906,20309,UNH,5m
2026-03-18 14:25:00+00:00,286.4800109863281,286.4800109863281,285.4100036621094,285.71990966796875,33461,UNH,5m
2026-03-18 14:30:00+00:00,285.67999267578125,286.2900085449219,285.5849914550781,286.0,31294,UNH,5m
2026-03-18 14:35:00+00:00,286.0299987792969,286.17999267578125,285.8699951171875,285.9200134277344,20497,UNH,5m
2026-03-18 14:40:00+00:00,285.9200134277344,285.927001953125,285.5299987792969,285.6300048828125,27529,UNH,5m
2026-03-18 14:45:00+00:00,285.6199951171875,285.75,285.4100036621094,285.4549865722656,19751,UNH,5m
2026-03-18 14:50:00+00:00,285.5,285.7449951171875,285.4200134277344,285.4200134277344,20098,UNH,5m
2026-03-18 14:55:00+00:00,285.4200134277344,285.6000061035156,285.1499938964844,285.4200134277344,38113,UNH,5m
2026-03-18 15:00:00+00:00,285.5299987792969,285.7799987792969,285.2300109863281,285.4349975585937,28649,UNH,5m
2026-03-18 15:05:00+00:00,285.42999267578125,285.8670959472656,285.3900146484375,285.6650085449219,19948,UNH,5m
2026-03-18 15:10:00+00:00,285.6600036621094,285.96160888671875,285.5599975585937,285.5599975585937,13280,UNH,5m
2026-03-18 15:15:00+00:00,285.6199951171875,285.8900146484375,285.5,285.7300109863281,26313,UNH,5m
2026-03-18 15:20:00+00:00,285.70001220703125,285.81500244140625,285.260009765625,285.7099914550781,26048,UNH,5m
2026-03-18 15:25:00+00:00,285.760009765625,285.8599853515625,285.489990234375,285.5599975585937,37152,UNH,5m
2026-03-18 15:30:00+00:00,285.5599975585937,286.0232849121094,285.5199890136719,285.7601013183594,15553,UNH,5m
2026-03-18 15:35:00+00:00,285.760009765625,286.0299987792969,285.6400146484375,285.9349975585937,15848,UNH,5m
2026-03-18 15:40:00+00:00,285.92498779296875,285.989990234375,285.7200012207031,285.989990234375,16292,UNH,5m
2026-03-18 15:45:00+00:00,286.0,286.1499938964844,285.760009765625,285.9100036621094,19657,UNH,5m
2026-03-18 15:50:00+00:00,285.9100036621094,286.04998779296875,285.6199951171875,286.04998779296875,17953,UNH,5m
2026-03-18 15:55:00+00:00,286.04998779296875,286.2799987792969,285.8399963378906,286.1050109863281,21325,UNH,5m
2026-03-18 16:00:00+00:00,286.1050109863281,286.1700134277344,285.8999938964844,286.0799865722656,22284,UNH,5m
2026-03-18 16:05:00+00:00,286.0400085449219,286.239990234375,285.8800048828125,286.0199890136719,41483,UNH,5m
2026-03-18 16:10:00+00:00,285.9549865722656,286.2200012207031,285.7699890136719,285.95001220703125,42155,UNH,5m
2026-03-18 16:15:00+00:00,286.0199890136719,286.1000061035156,285.8099975585937,286.0,24236,UNH,5m
2026-03-18 16:20:00+00:00,286.010009765625,286.1700134277344,285.94500732421875,286.0899963378906,34010,UNH,5m
2026-03-18 16:25:00+00:00,286.0899963378906,286.4800109863281,285.9599914550781,286.360107421875,24893,UNH,5m
2026-03-18 16:30:00+00:00,286.2900085449219,286.58990478515625,286.0299987792969,286.0299987792969,30926,UNH,5m
2026-03-18 16:35:00+00:00,286.0400085449219,286.0450134277344,285.2099914550781,285.7699890136719,64438,UNH,5m
2026-03-18 16:40:00+00:00,285.8315124511719,285.8699951171875,285.3900146484375,285.4779968261719,22809,UNH,5m
2026-03-18 16:45:00+00:00,285.5050048828125,286.0899963378906,285.5050048828125,286.04998779296875,16677,UNH,5m
2026-03-18 16:50:00+00:00,286.0249938964844,286.6000061035156,286.0,286.6000061035156,24447,UNH,5m
2026-03-18 16:55:00+00:00,286.6000061035156,286.70001220703125,286.3399963378906,286.4700012207031,22191,UNH,5m
2026-03-18 17:00:00+00:00,286.4339904785156,286.75,286.3399963378906,286.75,32662,UNH,5m
2026-03-18 17:05:00+00:00,286.6820068359375,286.989990234375,286.4700012207031,286.7099914550781,23797,UNH,5m
2026-03-18 17:10:00+00:00,286.7864074707031,286.8800048828125,286.6600036621094,286.8099975585937,17163,UNH,5m
2026-03-18 17:15:00+00:00,286.80499267578125,287.04998779296875,286.6400146484375,287.0299987792969,25084,UNH,5m
2026-03-18 17:20:00+00:00,287.010009765625,287.010009765625,286.5000915527344,286.6849975585937,26362,UNH,5m
2026-03-18 17:25:00+00:00,286.6849975585937,286.7168884277344,286.3999938964844,286.5199890136719,30271,UNH,5m
2026-03-18 17:30:00+00:00,286.5199890136719,286.5899963378906,285.88250732421875,286.3299865722656,32350,UNH,5m
2026-03-18 17:35:00+00:00,286.2900085449219,286.69000244140625,286.04998779296875,286.2099914550781,24591,UNH,5m
2026-03-18 17:40:00+00:00,286.1099853515625,286.135009765625,285.6700134277344,285.7699890136719,33510,UNH,5m
2026-03-18 17:45:00+00:00,285.739990234375,286.0199890136719,285.6700134277344,285.78619384765625,23518,UNH,5m
2026-03-18 17:50:00+00:00,285.7449951171875,286.1199951171875,285.6499938964844,286.1199951171875,20989,UNH,5m
2026-03-18 17:55:00+00:00,286.1000061035156,286.5599975585937,285.92999267578125,286.44500732421875,26892,UNH,5m
2026-03-18 18:00:00+00:00,286.44500732421875,286.8299865722656,285.8599853515625,286.1304931640625,78755,UNH,5m
2026-03-18 18:05:00+00:00,286.1099853515625,286.2099914550781,285.70001220703125,285.9049987792969,53115,UNH,5m
2026-03-18 18:10:00+00:00,285.95001220703125,286.239990234375,285.6400146484375,286.0400085449219,54876,UNH,5m
2026-03-18 18:15:00+00:00,286.0199890136719,286.0201110839844,285.239990234375,285.3699951171875,53454,UNH,5m
2026-03-18 18:20:00+00:00,285.3399963378906,285.760009765625,285.29010009765625,285.7250061035156,36449,UNH,5m
2026-03-18 18:25:00+00:00,285.7099914550781,285.9100036621094,285.5199890136719,285.67999267578125,52034,UNH,5m
2026-03-18 18:30:00+00:00,285.67999267578125,285.8399963378906,285.1700134277344,285.1700134277344,44388,UNH,5m
2026-03-18 18:35:00+00:00,285.1400146484375,285.5899963378906,285.0714111328125,285.1982116699219,28014,UNH,5m
2026-03-18 18:40:00+00:00,285.17999267578125,285.25,284.7749938964844,284.8800048828125,60030,UNH,5m
2026-03-18 18:45:00+00:00,284.8699951171875,285.1099853515625,284.8099975585937,284.9150085449219,25112,UNH,5m
2026-03-18 18:50:00+00:00,284.9100036621094,285.010009765625,284.32501220703125,284.385009765625,41243,UNH,5m
2026-03-18 18:55:00+00:00,284.3800048828125,284.5299987792969,284.1700134277344,284.2300109863281,31580,UNH,5m
2026-03-18 19:00:00+00:00,284.25,284.6400146484375,284.1700134277344,284.6099853515625,36364,UNH,5m
2026-03-18 19:05:00+00:00,284.6400146484375,285.3599853515625,284.6000061035156,285.2850036621094,31785,UNH,5m
2026-03-18 19:10:00+00:00,285.25,285.3900146484375,285.0849914550781,285.3218994140625,27679,UNH,5m
2026-03-18 19:15:00+00:00,285.3742980957031,285.5249938964844,284.8999938964844,284.8999938964844,34016,UNH,5m
2026-03-18 19:20:00+00:00,284.8599853515625,285.0804138183594,284.8500061035156,284.86749267578125,28889,UNH,5m
2026-03-18 19:25:00+00:00,284.8900146484375,285.0,284.5899963378906,284.67999267578125,30814,UNH,5m
2026-03-18 19:30:00+00:00,284.7200012207031,284.8500061035156,284.4700012207031,284.8399963378906,84970,UNH,5m
2026-03-18 19:35:00+00:00,284.7900085449219,284.79998779296875,284.3299865722656,284.42498779296875,40907,UNH,5m
2026-03-18 19:40:00+00:00,284.42498779296875,284.4800109863281,283.8550109863281,283.95001220703125,55708,UNH,5m
2026-03-18 19:45:00+00:00,283.94000244140625,283.9599914550781,283.4100036621094,283.4549865722656,73429,UNH,5m
2026-03-18 19:50:00+00:00,283.4800109863281,284.0899963378906,283.07000732421875,283.4800109863281,121257,UNH,5m
2026-03-18 19:55:00+00:00,283.4700012207031,284.3099975585937,283.4247131347656,284.2699890136719,342160,UNH,5m
2026-03-19 13:30:00+00:00,284.0,286.44000244140625,284.0,285.87530517578125,382381,UNH,5m
2026-03-19 13:35:00+00:00,285.739990234375,286.0299987792969,284.29998779296875,286.0,136318,UNH,5m
2026-03-19 13:40:00+00:00,286.0199890136719,287.5450134277344,285.44000244140625,287.1449890136719,152683,UNH,5m
2026-03-19 13:45:00+00:00,287.0899963378906,287.1449890136719,285.70001220703125,286.19000244140625,90698,UNH,5m
2026-03-19 13:50:00+00:00,286.0799865722656,286.3699951171875,284.5,285.0299987792969,59081,UNH,5m
2026-03-19 13:55:00+00:00,285.0199890136719,285.17999267578125,284.19500732421875,284.2950134277344,52443,UNH,5m
2026-03-19 14:00:00+00:00,284.2850036621094,284.8699951171875,283.5,283.7799987792969,93926,UNH,5m
2026-03-19 14:05:00+00:00,283.7799987792969,284.32000732421875,283.3299865722656,284.010009765625,63422,UNH,5m
2026-03-19 14:10:00+00:00,283.9750061035156,284.4200134277344,283.3999938964844,283.7049865722656,57208,UNH,5m
2026-03-19 14:15:00+00:00,283.5299987792969,283.6600036621094,282.5801086425781,282.7900085449219,55655,UNH,5m
2026-03-19 14:20:00+00:00,282.7950134277344,283.20001220703125,282.70001220703125,282.885009765625,31143,UNH,5m
2026-03-19 14:25:00+00:00,282.8999938964844,283.4100036621094,282.75,283.2799987792969,44399,UNH,5m
2026-03-19 14:30:00+00:00,283.239990234375,284.1600036621094,283.1801147460937,284.1600036621094,46395,UNH,5m
2026-03-19 14:35:00+00:00,284.2099914550781,284.6300048828125,283.8800964355469,283.885009765625,74942,UNH,5m
2026-03-19 14:40:00+00:00,283.885009765625,284.57000732421875,283.885009765625,284.3500061035156,33278,UNH,5m
2026-03-19 14:45:00+00:00,284.2300109863281,284.3999938964844,283.9800109863281,284.1449890136719,31425,UNH,5m
2026-03-19 14:50:00+00:00,284.1300048828125,284.5299987792969,283.9100952148437,284.0799865722656,32960,UNH,5m
2026-03-19 14:55:00+00:00,284.114990234375,284.114990234375,283.7300109863281,283.75,26809,UNH,5m
2026-03-19 15:00:00+00:00,283.7200012207031,283.8699951171875,283.07000732421875,283.67498779296875,46895,UNH,5m
2026-03-19 15:05:00+00:00,283.57000732421875,283.9150085449219,283.29998779296875,283.3599853515625,29961,UNH,5m
2026-03-19 15:10:00+00:00,283.29998779296875,283.4700012207031,282.989990234375,283.260009765625,42181,UNH,5m
2026-03-19 15:15:00+00:00,283.2550048828125,283.3399963378906,282.8500061035156,282.9700012207031,49927,UNH,5m
2026-03-19 15:20:00+00:00,282.9700012207031,283.1400146484375,282.45001220703125,282.510009765625,65796,UNH,5m
2026-03-19 15:25:00+00:00,282.510009765625,282.8949890136719,282.3500061035156,282.7799987792969,45529,UNH,5m
2026-03-19 15:30:00+00:00,282.7799987792969,283.197509765625,282.62451171875,282.635009765625,41206,UNH,5m
2026-03-19 15:35:00+00:00,282.635009765625,282.6899108886719,282.1400146484375,282.3999938964844,65428,UNH,5m
2026-03-19 15:40:00+00:00,282.4200134277344,282.4898986816406,282.1499938964844,282.32000732421875,39671,UNH,5m
2026-03-19 15:45:00+00:00,282.2699890136719,282.70001220703125,282.1600036621094,282.50860595703125,29090,UNH,5m
2026-03-19 15:50:00+00:00,282.4800109863281,282.5150146484375,282.010009765625,282.1700134277344,36472,UNH,5m
2026-03-19 15:55:00+00:00,282.1549987792969,282.75,282.0599975585937,282.614990234375,53545,UNH,5m
2026-03-19 16:00:00+00:00,282.614990234375,283.04998779296875,282.3099975585937,282.7950134277344,35078,UNH,5m
2026-03-19 16:05:00+00:00,282.7925109863281,282.9200134277344,282.6000061035156,282.7099914550781,53865,UNH,5m
2026-03-19 16:10:00+00:00,282.67498779296875,282.70001220703125,282.32501220703125,282.3349914550781,33251,UNH,5m
2026-03-19 16:15:00+00:00,282.3699951171875,282.6499938964844,282.25,282.5849914550781,61494,UNH,5m
2026-03-19 16:20:00+00:00,282.5400085449219,283.0201110839844,282.510009765625,282.9150085449219,35976,UNH,5m
2026-03-19 16:25:00+00:00,282.9150085449219,283.0599975585937,282.5299987792969,282.7699890136719,33327,UNH,5m
2026-03-19 16:30:00+00:00,282.7850036621094,283.1099853515625,282.6499938964844,282.8800048828125,39061,UNH,5m
2026-03-19 16:35:00+00:00,282.8599853515625,283.0400085449219,282.54998779296875,282.94000244140625,43193,UNH,5m
2026-03-19 16:40:00+00:00,282.9200134277344,283.20001220703125,282.7550048828125,282.9800109863281,23979,UNH,5m
2026-03-19 16:45:00+00:00,282.9849853515625,283.04998779296875,282.3999938964844,282.4800109863281,35901,UNH,5m
2026-03-19 16:50:00+00:00,282.4750061035156,282.5299987792969,281.69000244140625,281.8500061035156,61495,UNH,5m
2026-03-19 16:55:00+00:00,281.7749938964844,282.1400146484375,281.67999267578125,282.07501220703125,36989,UNH,5m
2026-03-19 17:00:00+00:00,282.0799865722656,282.1098937988281,281.44000244140625,281.4700012207031,69708,UNH,5m
2026-03-19 17:05:00+00:00,281.42999267578125,281.8299865722656,281.3699951171875,281.6000061035156,61667,UNH,5m
2026-03-19 17:10:00+00:00,281.6099853515625,281.9649963378906,281.4599914550781,281.8699951171875,37199,UNH,5m
2026-03-19 17:15:00+00:00,281.8699951171875,282.29998779296875,281.8299865722656,282.2699890136719,25803,UNH,5m
2026-03-19 17:20:00+00:00,282.2799987792969,282.625,281.9200134277344,282.4549865722656,43516,UNH,5m
2026-03-19 17:25:00+00:00,282.4549865722656,282.7200012207031,282.3099975585937,282.57000732421875,31610,UNH,5m
2026-03-19 17:30:00+00:00,282.5599975585937,282.5799865722656,282.0299987792969,282.19000244140625,30309,UNH,5m
2026-03-19 17:35:00+00:00,282.1300048828125,282.2799987792969,282.1000061035156,282.2099914550781,37135,UNH,5m
2026-03-19 17:40:00+00:00,282.17730712890625,282.510009765625,282.04998779296875,282.364990234375,30787,UNH,5m
2026-03-19 17:45:00+00:00,282.364990234375,282.4150085449219,282.1549987792969,282.3349914550781,29046,UNH,5m
2026-03-19 17:50:00+00:00,282.32501220703125,282.9800109863281,282.29998779296875,282.8500061035156,29351,UNH,5m
2026-03-19 17:55:00+00:00,282.79998779296875,282.9599914550781,282.69000244140625,282.7749938964844,24084,UNH,5m
2026-03-19 18:00:00+00:00,282.7799987792969,282.7799987792969,282.2650146484375,282.510009765625,25207,UNH,5m
2026-03-19 18:05:00+00:00,282.4100036621094,282.8800048828125,282.3900146484375,282.5799865722656,28433,UNH,5m
2026-03-19 18:10:00+00:00,282.6199951171875,283.1099853515625,282.4801025390625,282.8949890136719,42567,UNH,5m
2026-03-19 18:15:00+00:00,282.8999938964844,283.0199890136719,282.7099914550781,282.92999267578125,41733,UNH,5m
2026-03-19 18:20:00+00:00,282.9599914550781,283.010009765625,282.6300048828125,282.6600036621094,29887,UNH,5m
2026-03-19 18:25:00+00:00,282.6600036621094,282.7900085449219,282.375,282.40435791015625,31357,UNH,5m
2026-03-19 18:30:00+00:00,282.3900146484375,282.6499938964844,282.19000244140625,282.6199951171875,48325,UNH,5m
2026-03-19 18:35:00+00:00,282.5849914550781,282.8500061035156,282.4400939941406,282.6199951171875,53564,UNH,5m
2026-03-19 18:40:00+00:00,282.6300048828125,282.89990234375,282.3999938964844,282.6449890136719,43276,UNH,5m
2026-03-19 18:45:00+00:00,282.6099853515625,283.4700012207031,282.6000061035156,283.2749938964844,52178,UNH,5m
2026-03-19 18:50:00+00:00,283.2650146484375,283.7900085449219,283.04998779296875,283.7200012207031,35715,UNH,5m
2026-03-19 18:55:00+00:00,283.7900085449219,284.54998779296875,283.7200012207031,284.3900146484375,59867,UNH,5m
2026-03-19 19:00:00+00:00,284.3900146484375,285.3599853515625,284.3699951171875,284.92498779296875,69889,UNH,5m
2026-03-19 19:05:00+00:00,284.92999267578125,285.75,284.8900146484375,285.0,82518,UNH,5m
2026-03-19 19:10:00+00:00,284.92999267578125,285.3299865722656,284.3699951171875,284.57000732421875,47248,UNH,5m
2026-03-19 19:15:00+00:00,284.5599975585937,284.7300109863281,284.0346069335937,284.409912109375,60026,UNH,5m
2026-03-19 19:20:00+00:00,284.4100036621094,284.69500732421875,284.1849975585937,284.375,48445,UNH,5m
2026-03-19 19:25:00+00:00,284.3299865722656,284.42999267578125,283.8099975585937,284.3599853515625,41795,UNH,5m
2026-03-19 19:30:00+00:00,284.29998779296875,284.32501220703125,283.87701416015625,283.9100036621094,39525,UNH,5m
2026-03-19 19:35:00+00:00,283.875,283.9700012207031,282.7650146484375,283.7250061035156,79971,UNH,5m
2026-03-19 19:40:00+00:00,283.7250061035156,283.7799987792969,283.25,283.2998962402344,47073,UNH,5m
2026-03-19 19:45:00+00:00,283.2200012207031,283.2200012207031,280.8599853515625,281.07000732421875,164252,UNH,5m
2026-03-19 19:50:00+00:00,280.9700012207031,281.9800109863281,280.9700012207031,281.70001220703125,150235,UNH,5m
2026-03-19 19:55:00+00:00,281.6700134277344,281.7099914550781,280.07000732421875,280.44000244140625,388469,UNH,5m
2026-03-20 13:30:00+00:00,278.989990234375,279.7099914550781,276.7174072265625,279.0,1437384,UNH,5m
2026-03-20 13:35:00+00:00,279.0975036621094,280.1700134277344,278.5199890136719,280.07989501953125,814108,UNH,5m
2026-03-20 13:40:00+00:00,280.0220947265625,281.75,280.0220947265625,281.75,185471,UNH,5m
2026-03-20 13:45:00+00:00,281.7250061035156,282.82000732421875,281.3999938964844,281.989990234375,86767,UNH,5m
2026-03-20 13:50:00+00:00,282.010009765625,282.1499938964844,281.2200012207031,281.6499938964844,1160176,UNH,5m
2026-03-20 13:55:00+00:00,281.70001220703125,282.1199951171875,281.2699890136719,281.5599975585937,76485,UNH,5m
2026-03-20 14:00:00+00:00,281.5199890136719,281.9100036621094,279.8100891113281,280.5299987792969,63217,UNH,5m
2026-03-20 14:05:00+00:00,280.57000732421875,281.2900085449219,280.57000732421875,280.75,41359,UNH,5m
2026-03-20 14:10:00+00:00,280.760009765625,281.2200012207031,280.5400085449219,280.8500061035156,40689,UNH,5m
2026-03-20 14:15:00+00:00,280.7799987792969,281.6000061035156,280.5599975585937,281.5274963378906,60429,UNH,5m
2026-03-20 14:20:00+00:00,281.4849853515625,281.6400146484375,280.5799865722656,281.29998779296875,39788,UNH,5m
2026-03-20 14:25:00+00:00,281.1600036621094,281.3815002441406,280.2900085449219,280.45001220703125,40047,UNH,5m
2026-03-20 14:30:00+00:00,280.5400085449219,281.1300048828125,280.3999938964844,280.8699951171875,35282,UNH,5m
2026-03-20 14:35:00+00:00,280.875,281.0199890136719,280.1300048828125,280.4599914550781,204539,UNH,5m
2026-03-20 14:40:00+00:00,280.3999938964844,280.739990234375,280.06500244140625,280.3299865722656,43302,UNH,5m
2026-03-20 14:45:00+00:00,280.3900146484375,281.2699890136719,280.3800048828125,281.0400085449219,144972,UNH,5m
2026-03-20 14:50:00+00:00,281.0199890136719,282.1000061035156,280.9200134277344,281.4649963378906,60066,UNH,5m
2026-03-20 14:55:00+00:00,281.4549865722656,282.2900085449219,280.95001220703125,281.3125,55787,UNH,5m
2026-03-20 15:00:00+00:00,281.2200012207031,282.29998779296875,281.2099914550781,282.114990234375,58577,UNH,5m
2026-03-20 15:05:00+00:00,282.1000061035156,282.3500061035156,281.8999938964844,282.0799865722656,46787,UNH,5m
2026-03-20 15:10:00+00:00,282.0799865722656,282.95001220703125,282.0799865722656,282.8949890136719,70761,UNH,5m
2026-03-20 15:15:00+00:00,282.9700012207031,283.0199890136719,281.8999938964844,282.0299987792969,61336,UNH,5m
2026-03-20 15:20:00+00:00,281.9700012207031,283.1000061035156,281.7099914550781,282.45001220703125,72222,UNH,5m
2026-03-20 15:25:00+00:00,282.32000732421875,282.4736022949219,281.75,281.9200134277344,294830,UNH,5m
2026-03-20 15:30:00+00:00,281.8399963378906,281.989990234375,281.32000732421875,281.8699951171875,49045,UNH,5m
2026-03-20 15:35:00+00:00,281.7799987792969,281.95001220703125,281.3699951171875,281.82501220703125,41566,UNH,5m
2026-03-20 15:40:00+00:00,281.7900085449219,282.0,281.3999938964844,281.5799865722656,38935,UNH,5m
2026-03-20 15:45:00+00:00,281.57000732421875,281.659912109375,281.17999267578125,281.2650146484375,46627,UNH,5m
2026-03-20 15:50:00+00:00,281.2699890136719,281.2699890136719,280.6600036621094,280.95001220703125,51192,UNH,5m
2026-03-20 15:55:00+00:00,280.92999267578125,281.9200134277344,280.760009765625,281.9150085449219,43542,UNH,5m
2026-03-20 16:00:00+00:00,281.8909912109375,282.54998779296875,281.8009948730469,282.1499938964844,51316,UNH,5m
2026-03-20 16:05:00+00:00,282.1199951171875,282.2099914550781,281.4200134277344,282.1000061035156,63230,UNH,5m
2026-03-20 16:10:00+00:00,282.0799865722656,282.32000732421875,281.32000732421875,281.32000732421875,69112,UNH,5m
2026-03-20 16:15:00+00:00,281.29998779296875,282.239990234375,281.25,282.17999267578125,41983,UNH,5m
2026-03-20 16:20:00+00:00,282.239990234375,282.3399963378906,281.9700012207031,282.3299865722656,31196,UNH,5m
2026-03-20 16:25:00+00:00,282.3299865722656,282.5599975585937,281.8999938964844,282.4399108886719,66405,UNH,5m
2026-03-20 16:30:00+00:00,282.3099975585937,282.3699951171875,281.6300048828125,282.3299865722656,36480,UNH,5m
2026-03-20 16:35:00+00:00,282.2200012207031,282.3900146484375,282.07000732421875,282.385009765625,119346,UNH,5m
2026-03-20 16:40:00+00:00,282.385009765625,282.7300109863281,282.3500061035156,282.42999267578125,34651,UNH,5m
2026-03-20 16:45:00+00:00,282.4200134277344,282.4700012207031,281.9150085449219,282.3550109863281,40864,UNH,5m
2026-03-20 16:50:00+00:00,282.4100036621094,282.5400085449219,281.8999938964844,282.3099975585937,23871,UNH,5m
2026-03-20 16:55:00+00:00,282.1600036621094,282.3212890625,281.6849975585937,281.9200134277344,28487,UNH,5m
2026-03-20 17:00:00+00:00,282.0400085449219,282.1099853515625,281.6449890136719,282.0,28238,UNH,5m
2026-03-20 17:05:00+00:00,281.9100036621094,282.1600036621094,281.3800048828125,281.8299865722656,51860,UNH,5m
2026-03-20 17:10:00+00:00,281.8999938964844,281.92999267578125,281.20001220703125,281.2799987792969,36901,UNH,5m
2026-03-20 17:15:00+00:00,281.3399963378906,281.70001220703125,281.29998779296875,281.614990234375,38447,UNH,5m
2026-03-20 17:20:00+00:00,281.6000061035156,282.1400146484375,281.5899963378906,281.9150085449219,112405,UNH,5m
2026-03-20 17:25:00+00:00,281.9150085449219,282.389892578125,281.70001220703125,281.9601135253906,48187,UNH,5m
2026-03-20 17:30:00+00:00,282.0400085449219,282.0400085449219,280.7099914550781,280.7699890136719,65653,UNH,5m
2026-03-20 17:35:00+00:00,280.7699890136719,281.44000244140625,280.42999267578125,281.4200134277344,44179,UNH,5m
2026-03-20 17:40:00+00:00,281.3900146484375,281.94000244140625,281.3312072753906,281.5799865722656,46930,UNH,5m
2026-03-20 17:45:00+00:00,281.5400085449219,281.5849914550781,281.1099853515625,281.44488525390625,34212,UNH,5m
2026-03-20 17:50:00+00:00,281.3999938964844,281.7300109863281,281.239990234375,281.6199951171875,33409,UNH,5m
2026-03-20 17:55:00+00:00,281.57501220703125,281.8800048828125,281.3500061035156,281.79998779296875,30734,UNH,5m
2026-03-20 18:00:00+00:00,281.79998779296875,281.79998779296875,280.44000244140625,280.739990234375,92700,UNH,5m
2026-03-20 18:05:00+00:00,280.7699890136719,280.7699890136719,279.7149963378906,280.0602111816406,115587,UNH,5m
2026-03-20 18:10:00+00:00,280.07000732421875,280.5,280.010009765625,280.19000244140625,50938,UNH,5m
2026-03-20 18:15:00+00:00,280.1300048828125,280.4200134277344,280.0400085449219,280.260009765625,61023,UNH,5m
2026-03-20 18:20:00+00:00,280.3099975585937,280.5,279.0599975585937,279.2550048828125,61935,UNH,5m
2026-03-20 18:25:00+00:00,279.2650146484375,279.7099914550781,279.2099914550781,279.5899963378906,75573,UNH,5m
2026-03-20 18:30:00+00:00,279.5199890136719,279.7099914550781,279.0,279.0,70614,UNH,5m
2026-03-20 18:35:00+00:00,279.0,279.07000732421875,278.4700012207031,278.92498779296875,54921,UNH,5m
2026-03-20 18:40:00+00:00,278.92498779296875,279.20001220703125,278.8999938964844,279.0599975585937,37977,UNH,5m
2026-03-20 18:45:00+00:00,279.10400390625,279.3599853515625,278.7200012207031,278.7200012207031,41396,UNH,5m
2026-03-20 18:50:00+00:00,278.70001220703125,279.0,278.5599975585937,278.6400146484375,68608,UNH,5m
2026-03-20 18:55:00+00:00,278.5600891113281,278.82000732421875,278.4700012207031,278.489990234375,51313,UNH,5m
2026-03-20 19:00:00+00:00,278.4750061035156,278.82000732421875,278.3399963378906,278.3699951171875,65693,UNH,5m
2026-03-20 19:05:00+00:00,278.3900146484375,278.6000061035156,278.19000244140625,278.3500061035156,76017,UNH,5m
2026-03-20 19:10:00+00:00,278.3399963378906,278.409912109375,277.6499938964844,277.9299011230469,97821,UNH,5m
2026-03-20 19:15:00+00:00,277.885009765625,277.885009765625,277.32000732421875,277.3999938964844,89273,UNH,5m
2026-03-20 19:20:00+00:00,277.3999938964844,277.8999938964844,277.0,277.2099914550781,104185,UNH,5m
2026-03-20 19:25:00+00:00,277.1700134277344,277.45001220703125,277.010009765625,277.2250061035156,142472,UNH,5m
2026-03-20 19:30:00+00:00,277.260009765625,278.25,277.2349853515625,277.75,194087,UNH,5m
2026-03-20 19:35:00+00:00,277.75,277.94000244140625,277.1199951171875,277.3399963378906,200971,UNH,5m
2026-03-20 19:40:00+00:00,277.3699951171875,278.4200134277344,277.3399963378906,277.94000244140625,230048,UNH,5m
2026-03-20 19:45:00+00:00,277.95001220703125,277.95001220703125,275.82000732421875,275.8800048828125,404019,UNH,5m
2026-03-20 19:50:00+00:00,275.9100036621094,277.989990234375,275.0,277.989990234375,467436,UNH,5m
2026-03-20 19:55:00+00:00,277.94000244140625,278.739990234375,275.75,276.1499938964844,1340318,UNH,5m
2026-03-23 13:30:00+00:00,279.1400146484375,280.7449951171875,278.5199890136719,278.6549987792969,541625,UNH,5m
2026-03-23 13:35:00+00:00,278.6549987792969,278.7799987792969,276.5,276.8399963378906,142005,UNH,5m
2026-03-23 13:40:00+00:00,276.9381103515625,277.59991455078125,276.3599853515625,277.2749938964844,107202,UNH,5m
2026-03-23 13:45:00+00:00,277.1099853515625,277.7699890136719,276.5599975585937,277.260009765625,132484,UNH,5m
2026-03-23 13:50:00+00:00,277.2749938964844,277.7699890136719,276.2950134277344,276.3900146484375,82712,UNH,5m
2026-03-23 13:55:00+00:00,276.3800048828125,277.69989013671875,276.0201110839844,277.06500244140625,71528,UNH,5m
2026-03-23 14:00:00+00:00,277.06500244140625,277.9800109863281,276.6300048828125,276.7349853515625,89667,UNH,5m
2026-03-23 14:05:00+00:00,276.6499938964844,277.3500061035156,276.3500061035156,277.1400146484375,51818,UNH,5m
2026-03-23 14:10:00+00:00,277.0899963378906,277.0899963378906,276.32000732421875,276.7149963378906,53737,UNH,5m
2026-03-23 14:15:00+00:00,276.7149963378906,277.760009765625,276.7149963378906,277.3999938964844,124451,UNH,5m
2026-03-23 14:20:00+00:00,277.3949890136719,277.39990234375,276.5199890136719,276.69000244140625,65287,UNH,5m
2026-03-23 14:25:00+00:00,276.6650085449219,277.07000732421875,276.2200012207031,276.4800109863281,101638,UNH,5m
2026-03-23 14:30:00+00:00,276.45001220703125,276.70001220703125,276.3099975585937,276.6700134277344,47412,UNH,5m
2026-03-23 14:35:00+00:00,276.6700134277344,276.9200134277344,276.25,276.8099975585937,51262,UNH,5m
2026-03-23 14:40:00+00:00,276.8500061035156,277.25,276.739990234375,276.8399963378906,67823,UNH,5m
2026-03-23 14:45:00+00:00,276.8399963378906,277.2300109863281,276.6000061035156,276.8699951171875,59003,UNH,5m
2026-03-23 14:50:00+00:00,276.875,277.0799865722656,276.54998779296875,276.6700134277344,36161,UNH,5m
2026-03-23 14:55:00+00:00,276.67498779296875,277.010009765625,276.5199890136719,276.5199890136719,44670,UNH,5m
2026-03-23 15:00:00+00:00,276.5199890136719,277.1099853515625,276.510009765625,276.7699890136719,51299,UNH,5m
2026-03-23 15:05:00+00:00,276.79998779296875,277.20001220703125,276.44000244140625,276.52398681640625,53670,UNH,5m
2026-03-23 15:10:00+00:00,276.4601135253906,276.6469421386719,276.17999267578125,276.2200012207031,48399,UNH,5m
2026-03-23 15:15:00+00:00,276.2200012207031,276.3999938964844,275.5199890136719,275.6600036621094,82119,UNH,5m
2026-03-23 15:20:00+00:00,275.6300048828125,276.1499938964844,275.5,275.9800109863281,58003,UNH,5m
2026-03-23 15:25:00+00:00,275.95001220703125,276.0799865722656,274.17999267578125,274.3699951171875,136889,UNH,5m
2026-03-23 15:30:00+00:00,274.3699951171875,274.95001220703125,274.2200012207031,274.614990234375,109917,UNH,5m
2026-03-23 15:35:00+00:00,274.67999267578125,274.739990234375,273.7300109863281,273.92999267578125,117237,UNH,5m
2026-03-23 15:40:00+00:00,273.95001220703125,274.19000244140625,273.6200866699219,273.92999267578125,67135,UNH,5m
2026-03-23 15:45:00+00:00,273.9375,273.94000244140625,273.1199951171875,273.2768859863281,82415,UNH,5m
2026-03-23 15:50:00+00:00,273.260009765625,273.2898864746094,272.2300109863281,272.2300109863281,131810,UNH,5m
2026-03-23 15:55:00+00:00,272.20001220703125,272.2300109863281,271.3800048828125,271.5350036621094,126285,UNH,5m
2026-03-23 16:00:00+00:00,271.489990234375,272.010009765625,271.4804992675781,271.54998779296875,117796,UNH,5m
2026-03-23 16:05:00+00:00,271.5799865722656,271.79998779296875,270.3999938964844,270.4100036621094,192215,UNH,5m
2026-03-23 16:10:00+00:00,270.3999938964844,270.92999267578125,269.8500061035156,269.989990234375,311770,UNH,5m
2026-03-23 16:15:00+00:00,269.989990234375,270.4100036621094,269.4100036621094,269.7149963378906,202230,UNH,5m
2026-03-23 16:20:00+00:00,269.7340087890625,270.04998779296875,269.4200134277344,269.5,122016,UNH,5m
2026-03-23 16:25:00+00:00,269.510009765625,269.760009765625,269.20001220703125,269.54998779296875,115189,UNH,5m
2026-03-23 16:30:00+00:00,269.5150146484375,270.3999938964844,269.3002014160156,270.3999938964844,94789,UNH,5m
2026-03-23 16:35:00+00:00,270.4200134277344,270.510009765625,269.70001220703125,270.2900085449219,112728,UNH,5m
2026-03-23 16:40:00+00:00,270.2900085449219,270.5450134277344,269.70001220703125,270.23260498046875,101806,UNH,5m
2026-03-23 16:45:00+00:00,270.20001220703125,270.45001220703125,269.091796875,269.8800048828125,122889,UNH,5m
2026-03-23 16:50:00+00:00,269.8699951171875,270.1099853515625,269.4801025390625,269.5899963378906,135033,UNH,5m
2026-03-23 16:55:00+00:00,269.6199951171875,269.8999938964844,269.5400085449219,269.6499938964844,59483,UNH,5m
2026-03-23 17:00:00+00:00,269.6849975585937,270.3299865722656,269.6199951171875,270.2799987792969,186373,UNH,5m
2026-03-23 17:05:00+00:00,270.2799987792969,270.4100036621094,270.0400085449219,270.0599975585937,104599,UNH,5m
2026-03-23 17:10:00+00:00,270.0799865722656,270.54998779296875,269.9501037597656,270.125,96693,UNH,5m
2026-03-23 17:15:00+00:00,270.125,270.5599975585937,269.9100036621094,270.20001220703125,86176,UNH,5m
2026-03-23 17:20:00+00:00,270.17999267578125,270.4200134277344,269.8999938964844,270.3550109863281,52693,UNH,5m
2026-03-23 17:25:00+00:00,270.3099975585937,270.5400085449219,270.2200012207031,270.260009765625,61977,UNH,5m
2026-03-23 17:30:00+00:00,270.29998779296875,271.3099975585937,270.2699890136719,271.2699890136719,125367,UNH,5m
2026-03-23 17:35:00+00:00,271.29998779296875,272.70001220703125,271.260009765625,272.44000244140625,144768,UNH,5m
2026-03-23 17:40:00+00:00,272.4100036621094,272.7499084472656,272.0599975585937,272.2799987792969,101482,UNH,5m
2026-03-23 17:45:00+00:00,272.2900085449219,272.3299865722656,271.5,271.75,71092,UNH,5m
2026-03-23 17:50:00+00:00,271.7099914550781,271.7226867675781,271.1199951171875,271.3599853515625,59998,UNH,5m
2026-03-23 17:55:00+00:00,271.3699951171875,271.4700012207031,271.20001220703125,271.4551086425781,46886,UNH,5m
2026-03-23 18:00:00+00:00,271.4549865722656,271.6300048828125,271.19000244140625,271.4501037597656,85223,UNH,5m
2026-03-23 18:05:00+00:00,271.5249938964844,271.6300048828125,270.6300048828125,270.6300048828125,81867,UNH,5m
2026-03-23 18:10:00+00:00,270.8099975585937,270.8099975585937,270.0799865722656,270.1000061035156,76106,UNH,5m
2026-03-23 18:15:00+00:00,270.1000061035156,270.260009765625,269.67999267578125,269.8900146484375,84110,UNH,5m
2026-03-23 18:20:00+00:00,269.8900146484375,270.1400146484375,269.8900146484375,270.0450134277344,59705,UNH,5m
2026-03-23 18:25:00+00:00,270.06500244140625,270.1700134277344,269.9200134277344,269.9200134277344,62063,UNH,5m
2026-03-23 18:30:00+00:00,269.95001220703125,270.56500244140625,269.9100036621094,270.54998779296875,104402,UNH,5m
2026-03-23 18:35:00+00:00,270.57000732421875,270.75,270.3599853515625,270.4800109863281,73156,UNH,5m
2026-03-23 18:40:00+00:00,270.4800109863281,270.6698913574219,270.2699890136719,270.45001220703125,62246,UNH,5m
2026-03-23 18:45:00+00:00,270.45001220703125,270.8800048828125,270.3099975585937,270.82000732421875,67515,UNH,5m
2026-03-23 18:50:00+00:00,270.82000732421875,271.239990234375,270.7200012207031,271.0199890136719,63428,UNH,5m
2026-03-23 18:55:00+00:00,271.010009765625,271.1400146484375,270.6499938964844,270.8700866699219,61350,UNH,5m
2026-03-23 19:00:00+00:00,270.8999938964844,270.9399108886719,270.239990234375,270.7900085449219,160666,UNH,5m
2026-03-23 19:05:00+00:00,270.7900085449219,270.96990966796875,270.6199951171875,270.6849975585937,90941,UNH,5m
2026-03-23 19:10:00+00:00,270.69000244140625,271.05499267578125,270.29998779296875,270.8399963378906,140769,UNH,5m
2026-03-23 19:15:00+00:00,270.8349914550781,270.8699951171875,270.510009765625,270.78399658203125,87913,UNH,5m
2026-03-23 19:20:00+00:00,270.7650146484375,270.7650146484375,270.260009765625,270.4100036621094,83087,UNH,5m
2026-03-23 19:25:00+00:00,270.3699951171875,270.4175109863281,269.82000732421875,269.82501220703125,152346,UNH,5m
2026-03-23 19:30:00+00:00,269.8099975585937,270.07000732421875,269.7300109863281,269.8900146484375,111037,UNH,5m
2026-03-23 19:35:00+00:00,269.9100036621094,270.0,269.510009765625,269.6099853515625,175203,UNH,5m
2026-03-23 19:40:00+00:00,269.6000061035156,270.2900085449219,269.44000244140625,270.2099914550781,171845,UNH,5m
2026-03-23 19:45:00+00:00,270.2300109863281,271.0799865722656,269.9800109863281,270.2049865722656,256423,UNH,5m
2026-03-23 19:50:00+00:00,270.2049865722656,270.5899963378906,269.5400085449219,269.7449951171875,417188,UNH,5m
2026-03-23 19:55:00+00:00,269.69000244140625,270.1499938964844,269.260009765625,269.5199890136719,650263,UNH,5m
2026-03-24 13:30:00+00:00,268.8699951171875,269.7499084472656,267.5899963378906,269.1300048828125,234576,UNH,5m
2026-03-24 13:35:00+00:00,269.2900085449219,269.3099975585937,267.8999938964844,268.375,102095,UNH,5m
2026-03-24 13:40:00+00:00,268.3800048828125,269.69000244140625,267.7500915527344,269.29998779296875,68568,UNH,5m
2026-03-24 13:45:00+00:00,269.29998779296875,270.1499938964844,269.1600036621094,269.5899963378906,79215,UNH,5m
2026-03-24 13:50:00+00:00,269.5899963378906,270.07000732421875,269.3908996582031,269.7550048828125,44751,UNH,5m
2026-03-24 13:55:00+00:00,269.6499938964844,269.9700012207031,269.3099975585937,269.82000732421875,44840,UNH,5m
2026-03-24 14:00:00+00:00,269.8699951171875,270.5249938964844,269.75,270.2200012207031,61899,UNH,5m
2026-03-24 14:05:00+00:00,270.2799072265625,270.6000061035156,269.6099853515625,270.5199890136719,46224,UNH,5m
2026-03-24 14:10:00+00:00,270.6400146484375,270.7200012207031,270.010009765625,270.54998779296875,93942,UNH,5m
2026-03-24 14:15:00+00:00,270.3699951171875,270.4096984863281,270.0400085449219,270.19000244140625,35520,UNH,5m
2026-03-24 14:20:00+00:00,270.17498779296875,270.760009765625,269.95001220703125,270.635009765625,102154,UNH,5m
2026-03-24 14:25:00+00:00,270.5799865722656,270.9700012207031,270.5,270.614990234375,57123,UNH,5m
2026-03-24 14:30:00+00:00,270.5799865722656,271.17999267578125,270.4649963378906,271.06500244140625,70850,UNH,5m
2026-03-24 14:35:00+00:00,271.06500244140625,271.06500244140625,270.5199890136719,270.610107421875,59156,UNH,5m
2026-03-24 14:40:00+00:00,270.610107421875,271.25830078125,270.5899963378906,271.2300109863281,50946,UNH,5m
2026-03-24 14:45:00+00:00,271.2300109863281,271.5,270.8299865722656,270.8450927734375,68756,UNH,5m
2026-03-24 14:50:00+00:00,270.8450012207031,271.7629089355469,270.1199951171875,270.3999938964844,103041,UNH,5m
2026-03-24 14:55:00+00:00,270.3999938964844,271.4700012207031,270.2699890136719,271.3399963378906,58018,UNH,5m
2026-03-24 15:00:00+00:00,271.3900146484375,272.1400146484375,271.3500061035156,271.989990234375,317246,UNH,5m
2026-03-24 15:05:00+00:00,271.8599853515625,272.1199951171875,271.3700866699219,272.0199890136719,57606,UNH,5m
2026-03-24 15:10:00+00:00,272.0199890136719,272.8399963378906,271.9100036621094,272.7300109863281,97978,UNH,5m
2026-03-24 15:15:00+00:00,272.7099914550781,273.3500061035156,272.489990234375,273.3099975585937,75554,UNH,5m
2026-03-24 15:20:00+00:00,273.25,273.3800048828125,272.8409118652344,273.0299987792969,51010,UNH,5m
2026-03-24 15:25:00+00:00,273.0150146484375,273.0299987792969,272.3900146484375,272.6000061035156,39587,UNH,5m
2026-03-24 15:30:00+00:00,272.5950012207031,272.67999267578125,271.9100036621094,272.07501220703125,35207,UNH,5m
2026-03-24 15:35:00+00:00,272.07000732421875,272.75,271.9800109863281,272.3699951171875,29726,UNH,5m
2026-03-24 15:40:00+00:00,272.3800048828125,272.8800048828125,272.3399963378906,272.6700134277344,75795,UNH,5m
2026-03-24 15:45:00+00:00,272.5799865722656,272.75,272.510009765625,272.7099914550781,38079,UNH,5m
2026-03-24 15:50:00+00:00,272.7099914550781,273.0450134277344,272.5000915527344,272.6000061035156,36155,UNH,5m
2026-03-24 15:55:00+00:00,272.5849914550781,272.6600036621094,271.79010009765625,272.0400085449219,36548,UNH,5m
2026-03-24 16:00:00+00:00,272.010009765625,272.5899963378906,271.94000244140625,272.2449951171875,29464,UNH,5m
2026-03-24 16:05:00+00:00,272.1600952148437,272.32000732421875,271.9100036621094,272.1050109863281,28585,UNH,5m
2026-03-24 16:10:00+00:00,272.1099853515625,272.2799987792969,271.9844055175781,272.2149963378906,20567,UNH,5m
2026-03-24 16:15:00+00:00,272.2300109863281,272.59991455078125,272.1099853515625,272.2900085449219,27529,UNH,5m
2026-03-24 16:20:00+00:00,272.2349853515625,272.2900085449219,271.95001220703125,271.9949951171875,23370,UNH,5m
2026-03-24 16:25:00+00:00,271.92999267578125,272.2900085449219,271.8100891113281,272.2898864746094,24214,UNH,5m
2026-03-24 16:30:00+00:00,272.1600036621094,272.3900146484375,272.1199951171875,272.29998779296875,40803,UNH,5m
2026-03-24 16:35:00+00:00,272.29998779296875,272.29998779296875,271.739990234375,272.1700134277344,37621,UNH,5m
2026-03-24 16:40:00+00:00,272.1449890136719,272.7699890136719,271.94000244140625,272.7699890136719,30449,UNH,5m
2026-03-24 16:45:00+00:00,272.82501220703125,273.0599975585937,272.2699890136719,272.3099975585937,30710,UNH,5m
2026-03-24 16:50:00+00:00,272.32000732421875,272.67999267578125,272.260009765625,272.510009765625,20351,UNH,5m
2026-03-24 16:55:00+00:00,272.5799865722656,272.7300109863281,272.3699951171875,272.6849975585937,27057,UNH,5m
2026-03-24 17:00:00+00:00,272.7149963378906,272.8450012207031,271.95001220703125,272.0599975585937,40910,UNH,5m
2026-03-24 17:05:00+00:00,271.94000244140625,272.635009765625,271.8500061035156,272.5,50628,UNH,5m
2026-03-24 17:10:00+00:00,272.57000732421875,272.70001220703125,272.2799987792969,272.4349975585937,66793,UNH,5m
2026-03-24 17:15:00+00:00,272.35009765625,272.5299987792969,271.79998779296875,272.3099975585937,51865,UNH,5m
2026-03-24 17:20:00+00:00,272.2749938964844,272.45001220703125,271.8699951171875,272.17999267578125,120528,UNH,5m
2026-03-24 17:25:00+00:00,272.2300109863281,272.70001220703125,272.1499938964844,272.4549865722656,38028,UNH,5m
2026-03-24 17:30:00+00:00,272.4549865722656,272.8599853515625,271.82000732421875,272.6300048828125,53171,UNH,5m
2026-03-24 17:35:00+00:00,272.6099853515625,272.7998962402344,272.4800109863281,272.6650085449219,34207,UNH,5m
2026-03-24 17:40:00+00:00,272.7099914550781,272.989990234375,271.8500061035156,271.92999267578125,90633,UNH,5m
2026-03-24 17:45:00+00:00,271.9100036621094,271.9949951171875,271.2699890136719,271.364990234375,59701,UNH,5m
2026-03-24 17:50:00+00:00,271.364990234375,271.3699951171875,270.7200012207031,271.2699890136719,48345,UNH,5m
2026-03-24 17:55:00+00:00,271.2449951171875,272.1499938964844,271.19500732421875,272.0400085449219,48808,UNH,5m
2026-03-24 18:00:00+00:00,272.1000061035156,272.375,271.9364013671875,272.2850036621094,60302,UNH,5m
2026-03-24 18:05:00+00:00,272.2409973144531,272.3999938964844,271.8299865722656,271.8341979980469,47750,UNH,5m
2026-03-24 18:10:00+00:00,271.8999938964844,272.06988525390625,271.42010498046875,271.5599975585937,36797,UNH,5m
2026-03-24 18:15:00+00:00,271.56500244140625,271.57000732421875,270.67999267578125,271.0400085449219,66695,UNH,5m
2026-03-24 18:20:00+00:00,271.1000061035156,271.1600036621094,270.7099914550781,270.9100036621094,31887,UNH,5m
2026-03-24 18:25:00+00:00,270.94000244140625,271.1000061035156,270.6199951171875,271.05499267578125,40599,UNH,5m
2026-03-24 18:30:00+00:00,271.05499267578125,271.6099853515625,270.9815979003906,271.5151062011719,45040,UNH,5m
2026-03-24 18:35:00+00:00,271.5199890136719,272.1300048828125,271.42999267578125,272.1099853515625,33970,UNH,5m
2026-03-24 18:40:00+00:00,272.1000061035156,272.1000061035156,271.20001220703125,271.489990234375,59443,UNH,5m
2026-03-24 18:45:00+00:00,271.5150146484375,271.8900146484375,271.32000732421875,271.760009765625,34503,UNH,5m
2026-03-24 18:50:00+00:00,271.760009765625,272.1300048828125,271.6199951171875,272.1000061035156,50673,UNH,5m
2026-03-24 18:55:00+00:00,272.0450134277344,272.2550048828125,271.8699951171875,272.2300109863281,39853,UNH,5m
2026-03-24 19:00:00+00:00,272.20001220703125,272.42999267578125,271.9800109863281,272.239990234375,52446,UNH,5m
2026-03-24 19:05:00+00:00,272.239990234375,272.3599853515625,271.9200134277344,272.0899963378906,29293,UNH,5m
2026-03-24 19:10:00+00:00,272.0899963378906,272.4700012207031,271.9949951171875,271.9949951171875,57135,UNH,5m
2026-03-24 19:15:00+00:00,271.9800109863281,272.0599975585937,271.82000732421875,271.9599914550781,44307,UNH,5m
2026-03-24 19:20:00+00:00,271.9601135253906,272.510009765625,271.9601135253906,272.4200134277344,56295,UNH,5m
2026-03-24 19:25:00+00:00,272.42498779296875,272.5400085449219,272.1300048828125,272.1700134277344,31781,UNH,5m
2026-03-24 19:30:00+00:00,272.1653137207031,272.45001220703125,271.79058837890625,271.79058837890625,56775,UNH,5m
2026-03-24 19:35:00+00:00,271.7915954589844,271.9198913574219,271.32000732421875,271.5899963378906,60361,UNH,5m
2026-03-24 19:40:00+00:00,271.5899963378906,271.64990234375,271.3599853515625,271.4200134277344,55379,UNH,5m
2026-03-24 19:45:00+00:00,271.4200134277344,271.6300048828125,271.20001220703125,271.510009765625,66915,UNH,5m
2026-03-24 19:50:00+00:00,271.57000732421875,271.9599914550781,271.2799987792969,271.864990234375,218681,UNH,5m
2026-03-24 19:55:00+00:00,271.8599853515625,272.44500732421875,271.5899963378906,272.2799987792969,332530,UNH,5m
2026-03-25 13:30:00+00:00,275.0,276.0799865722656,273.7799987792969,273.864990234375,284331,UNH,5m
2026-03-25 13:35:00+00:00,273.75,273.75,272.5599975585937,273.0350036621094,141908,UNH,5m
2026-03-25 13:40:00+00:00,273.0350036621094,273.2799987792969,271.4800109863281,271.5249938964844,116557,UNH,5m
2026-03-25 13:45:00+00:00,271.57000732421875,271.909912109375,270.92999267578125,271.2900085449219,107898,UNH,5m
2026-03-25 13:50:00+00:00,271.3399963378906,271.4700012207031,270.5799865722656,270.875,115958,UNH,5m
2026-03-25 13:55:00+00:00,270.875,271.489990234375,270.4200134277344,270.4800109863281,92845,UNH,5m
2026-03-25 14:00:00+00:00,270.5400085449219,270.8500061035156,269.7200012207031,270.3699951171875,102612,UNH,5m
2026-03-25 14:05:00+00:00,270.3599853515625,270.45001220703125,269.1499938964844,269.67999267578125,98636,UNH,5m
2026-03-25 14:10:00+00:00,269.6449890136719,270.510009765625,269.6449890136719,270.510009765625,80566,UNH,5m
2026-03-25 14:15:00+00:00,270.4599914550781,270.6300048828125,269.5299987792969,269.6499938964844,87691,UNH,5m
2026-03-25 14:20:00+00:00,269.70001220703125,269.9800109863281,269.2799987792969,269.3999938964844,80413,UNH,5m
2026-03-25 14:25:00+00:00,269.42999267578125,270.0400085449219,269.2799987792969,269.875,81594,UNH,5m
2026-03-25 14:30:00+00:00,269.8299865722656,269.889892578125,269.239990234375,269.6650085449219,78535,UNH,5m
2026-03-25 14:35:00+00:00,269.6000061035156,269.6400146484375,268.86138916015625,268.95001220703125,85156,UNH,5m
2026-03-25 14:40:00+00:00,268.95001220703125,269.3500061035156,268.7300109863281,268.7300109863281,101854,UNH,5m
2026-03-25 14:45:00+00:00,268.7300109863281,269.0899963378906,268.57000732421875,268.7950134277344,116987,UNH,5m
2026-03-25 14:50:00+00:00,268.8099975585937,269.06500244140625,268.6499938964844,268.92999267578125,55836,UNH,5m
2026-03-25 14:55:00+00:00,268.92999267578125,269.29998779296875,268.9200134277344,269.07000732421875,72488,UNH,5m
2026-03-25 15:00:00+00:00,269.1050109863281,269.25,269.010009765625,269.1000061035156,62885,UNH,5m
2026-03-25 15:05:00+00:00,269.1299133300781,269.17999267578125,268.2799987792969,268.29998779296875,146776,UNH,5m
2026-03-25 15:10:00+00:00,268.2799987792969,268.46990966796875,267.20001220703125,267.4100036621094,362117,UNH,5m
2026-03-25 15:15:00+00:00,267.3800048828125,267.5899963378906,267.1141052246094,267.45001220703125,133718,UNH,5m
2026-03-25 15:20:00+00:00,267.5,268.69000244140625,267.42999267578125,268.489990234375,69615,UNH,5m
2026-03-25 15:25:00+00:00,268.4800109863281,269.0899963378906,268.2101135253906,269.0899963378906,102283,UNH,5m
2026-03-25 15:30:00+00:00,269.07000732421875,269.4150085449219,268.92999267578125,269.1099853515625,68116,UNH,5m
2026-03-25 15:35:00+00:00,269.1499938964844,269.2900085449219,268.94000244140625,269.1499938964844,52976,UNH,5m
2026-03-25 15:40:00+00:00,269.1499938964844,269.3599853515625,268.79998779296875,269.2449951171875,52425,UNH,5m
2026-03-25 15:45:00+00:00,269.20001220703125,269.3999938964844,269.0599975585937,269.260009765625,39658,UNH,5m
2026-03-25 15:50:00+00:00,269.29998779296875,269.3900146484375,268.8200988769531,268.92999267578125,44040,UNH,5m
2026-03-25 15:55:00+00:00,269.0299987792969,269.2300109863281,268.79998779296875,268.79998779296875,36194,UNH,5m
2026-03-25 16:00:00+00:00,268.79998779296875,269.1400146484375,268.5199890136719,268.82501220703125,35810,UNH,5m
2026-03-25 16:05:00+00:00,268.80499267578125,268.8399963378906,268.5799865722656,268.67498779296875,38274,UNH,5m
2026-03-25 16:10:00+00:00,268.6499938964844,268.6600036621094,268.20001220703125,268.45001220703125,45375,UNH,5m
2026-03-25 16:15:00+00:00,268.3999938964844,268.9685974121094,268.239990234375,268.92498779296875,144446,UNH,5m
2026-03-25 16:20:00+00:00,268.9200134277344,269.3099975585937,268.8800048828125,269.23748779296875,809060,UNH,5m
2026-03-25 16:25:00+00:00,269.3500061035156,269.6199951171875,268.739990234375,268.8599853515625,91757,UNH,5m
2026-03-25 16:30:00+00:00,268.8599853515625,269.3299865722656,268.6400146484375,268.7799987792969,85551,UNH,5m
2026-03-25 16:35:00+00:00,268.7950134277344,269.010009765625,268.7099914550781,268.8349914550781,48271,UNH,5m
2026-03-25 16:40:00+00:00,268.8599853515625,269.04998779296875,268.8099975585937,268.94000244140625,30469,UNH,5m
2026-03-25 16:45:00+00:00,268.9200134277344,269.1400146484375,268.67999267578125,268.81500244140625,30679,UNH,5m
2026-03-25 16:50:00+00:00,268.81500244140625,268.9276123046875,268.3999938964844,268.8699951171875,37627,UNH,5m
2026-03-25 16:55:00+00:00,268.8599853515625,268.8999938964844,268.3999938964844,268.614990234375,62531,UNH,5m
2026-03-25 17:00:00+00:00,268.614990234375,268.79998779296875,268.510009765625,268.67999267578125,36754,UNH,5m
2026-03-25 17:05:00+00:00,268.7200012207031,269.20001220703125,268.7200012207031,268.9549865722656,51939,UNH,5m
2026-03-25 17:10:00+00:00,268.9100036621094,269.19000244140625,268.8699951171875,269.17999267578125,58654,UNH,5m
2026-03-25 17:15:00+00:00,269.1499938964844,269.3500061035156,269.07000732421875,269.32000732421875,58751,UNH,5m
2026-03-25 17:20:00+00:00,269.3299865722656,269.4700012207031,269.2200012207031,269.3999938964844,41298,UNH,5m
2026-03-25 17:25:00+00:00,269.4200134277344,269.79998779296875,269.4200134277344,269.739990234375,31482,UNH,5m
2026-03-25 17:30:00+00:00,269.75,270.1499938964844,269.6499938964844,269.79998779296875,70446,UNH,5m
2026-03-25 17:35:00+00:00,269.8099975585937,269.9700012207031,269.29998779296875,269.42999267578125,82104,UNH,5m
2026-03-25 17:40:00+00:00,269.42999267578125,269.7499084472656,269.22119140625,269.6600036621094,58121,UNH,5m
2026-03-25 17:45:00+00:00,269.7099914550781,269.7300109863281,269.2650146484375,269.30499267578125,40458,UNH,5m
2026-03-25 17:50:00+00:00,269.260009765625,269.3999938964844,268.8999938964844,268.9700012207031,35885,UNH,5m
2026-03-25 17:55:00+00:00,268.9501037597656,269.3599853515625,268.8699951171875,269.17999267578125,41273,UNH,5m
2026-03-25 18:00:00+00:00,269.1099853515625,269.3949890136719,269.0,269.364990234375,31733,UNH,5m
2026-03-25 18:05:00+00:00,269.3500061035156,269.7279052734375,269.2900085449219,269.5,36311,UNH,5m
2026-03-25 18:10:00+00:00,269.4949951171875,269.5599975585937,269.3599853515625,269.5199890136719,31140,UNH,5m
2026-03-25 18:15:00+00:00,269.5150146484375,269.6499938964844,269.0599975585937,269.0710144042969,77416,UNH,5m
2026-03-25 18:20:00+00:00,269.1000061035156,269.2799987792969,269.0199890136719,269.2200012207031,61104,UNH,5m
2026-03-25 18:25:00+00:00,269.2200012207031,269.3599853515625,269.1199951171875,269.2799987792969,38830,UNH,5m
2026-03-25 18:30:00+00:00,269.2900085449219,269.4700012207031,269.1400146484375,269.32110595703125,41895,UNH,5m
2026-03-25 18:35:00+00:00,269.364990234375,269.6300048828125,269.2300109863281,269.5400085449219,30942,UNH,5m
2026-03-25 18:40:00+00:00,269.5400085449219,269.7300109863281,269.44500732421875,269.44500732421875,41646,UNH,5m
2026-03-25 18:45:00+00:00,269.44000244140625,269.6499938964844,269.3999938964844,269.54998779296875,42854,UNH,5m
2026-03-25 18:50:00+00:00,269.5400085449219,269.69000244140625,269.4100036621094,269.4599914550781,289009,UNH,5m
2026-03-25 18:55:00+00:00,269.489990234375,269.67999267578125,269.17999267578125,269.6099853515625,59104,UNH,5m
2026-03-25 19:00:00+00:00,269.5950012207031,270.1499938964844,269.3099975585937,270.0350036621094,62487,UNH,5m
2026-03-25 19:05:00+00:00,270.0050048828125,270.1499938964844,269.6499938964844,269.8550109863281,48163,UNH,5m
2026-03-25 19:10:00+00:00,269.8550109863281,270.04998779296875,269.75,269.8299865722656,35976,UNH,5m
2026-03-25 19:15:00+00:00,269.8299865722656,270.239990234375,269.7699890136719,270.1499938964844,63350,UNH,5m
2026-03-25 19:20:00+00:00,270.1600036621094,270.4800109863281,270.0899963378906,270.42999267578125,85094,UNH,5m
2026-03-25 19:25:00+00:00,270.4700012207031,270.4800109863281,270.19000244140625,270.260009765625,47387,UNH,5m
2026-03-25 19:30:00+00:00,270.19000244140625,270.239990234375,269.8500061035156,269.94000244140625,50879,UNH,5m
2026-03-25 19:35:00+00:00,269.9200134277344,269.9700012207031,269.6700134277344,269.9100036621094,48426,UNH,5m
2026-03-25 19:40:00+00:00,269.8900146484375,270.139892578125,269.79998779296875,269.92999267578125,78629,UNH,5m
2026-03-25 19:45:00+00:00,269.8999938964844,270.0899963378906,269.7300109863281,269.8299865722656,84471,UNH,5m
2026-03-25 19:50:00+00:00,269.8500061035156,270.3599853515625,269.7799987792969,270.3500061035156,137406,UNH,5m
2026-03-25 19:55:00+00:00,270.3500061035156,270.8900146484375,270.260009765625,270.5899963378906,379673,UNH,5m
2026-03-26 13:30:00+00:00,269.989990234375,270.8900146484375,269.0199890136719,269.760009765625,217854,UNH,5m
2026-03-26 13:35:00+00:00,269.7699890136719,271.6499938964844,269.5299987792969,271.3599853515625,147821,UNH,5m
2026-03-26 13:40:00+00:00,271.3900146484375,272.6099853515625,271.0,272.5400085449219,150844,UNH,5m
2026-03-26 13:45:00+00:00,272.4725036621094,273.69000244140625,272.4725036621094,273.3800048828125,137567,UNH,5m
2026-03-26 13:50:00+00:00,273.3800048828125,274.5899963378906,273.3800048828125,273.881591796875,167537,UNH,5m
2026-03-26 13:55:00+00:00,274.0400085449219,274.6400146484375,273.6199951171875,274.4800109863281,102161,UNH,5m
2026-03-26 14:00:00+00:00,274.510009765625,274.6300048828125,274.07000732421875,274.25,138548,UNH,5m
2026-03-26 14:05:00+00:00,274.3900146484375,274.5,273.3599853515625,273.8550109863281,120229,UNH,5m
2026-03-26 14:10:00+00:00,273.8800048828125,273.92498779296875,273.20001220703125,273.5050048828125,67341,UNH,5m
2026-03-26 14:15:00+00:00,273.489990234375,273.5199890136719,272.8900146484375,273.0899963378906,48914,UNH,5m
2026-03-26 14:20:00+00:00,273.1000061035156,273.33990478515625,272.9100952148437,273.1700134277344,38546,UNH,5m
2026-03-26 14:25:00+00:00,273.1300048828125,273.17999267578125,272.8800048828125,273.1050109863281,39404,UNH,5m
2026-03-26 14:30:00+00:00,273.1099853515625,273.3500061035156,273.0,273.20001220703125,35670,UNH,5m
2026-03-26 14:35:00+00:00,273.2349853515625,273.2349853515625,272.65008544921875,272.7099914550781,29355,UNH,5m
2026-03-26 14:40:00+00:00,272.7099914550781,273.0400085449219,272.1050109863281,272.4800109863281,54182,UNH,5m
2026-03-26 14:45:00+00:00,272.4599914550781,272.57000732421875,272.04998779296875,272.3949890136719,51746,UNH,5m
2026-03-26 14:50:00+00:00,272.3999938964844,272.6650085449219,272.2200012207031,272.31500244140625,39031,UNH,5m
2026-03-26 14:55:00+00:00,272.260009765625,272.7200012207031,272.1499938964844,272.5450134277344,69380,UNH,5m
2026-03-26 15:00:00+00:00,272.5450134277344,272.6485900878906,272.1018981933594,272.20001220703125,25834,UNH,5m
2026-03-26 15:05:00+00:00,272.20001220703125,272.3999938964844,271.79998779296875,271.8399963378906,34276,UNH,5m
2026-03-26 15:10:00+00:00,271.8940124511719,272.1000061035156,271.6050109863281,271.9049987792969,50611,UNH,5m
2026-03-26 15:15:00+00:00,271.9100036621094,272.0,271.6199951171875,271.8999938964844,37118,UNH,5m
2026-03-26 15:20:00+00:00,271.9100036621094,271.94000244140625,271.67999267578125,271.8450012207031,39336,UNH,5m
2026-03-26 15:25:00+00:00,271.8599853515625,271.989990234375,271.739990234375,271.75,39122,UNH,5m
2026-03-26 15:30:00+00:00,271.75,271.7799987792969,271.1199951171875,271.4750061035156,32359,UNH,5m
2026-03-26 15:35:00+00:00,271.4750061035156,271.8999938964844,271.4100036621094,271.7401123046875,26038,UNH,5m
2026-03-26 15:40:00+00:00,271.8099975585937,271.822509765625,271.2300109863281,271.3599853515625,41818,UNH,5m
2026-03-26 15:45:00+00:00,271.3699951171875,271.6000061035156,271.2200012207031,271.4599914550781,64014,UNH,5m
2026-03-26 15:50:00+00:00,271.42498779296875,271.6499938964844,271.2099914550781,271.510009765625,39645,UNH,5m
2026-03-26 15:55:00+00:00,271.510009765625,271.6400146484375,271.3599853515625,271.4800109863281,22697,UNH,5m
2026-03-26 16:00:00+00:00,271.4549865722656,271.6400146484375,271.17999267578125,271.3299865722656,40120,UNH,5m
2026-03-26 16:05:00+00:00,271.2699890136719,271.489990234375,271.0400085449219,271.2200927734375,25017,UNH,5m
2026-03-26 16:10:00+00:00,271.3699951171875,271.3800048828125,271.0299987792969,271.1300048828125,27801,UNH,5m
2026-03-26 16:15:00+00:00,271.1300048828125,271.19989013671875,270.4100036621094,270.8500061035156,33953,UNH,5m
2026-03-26 16:20:00+00:00,270.99200439453125,271.0,270.1513061523437,270.3550109863281,29638,UNH,5m
2026-03-26 16:25:00+00:00,270.3599853515625,270.4407958984375,269.9599914550781,270.0350036621094,66767,UNH,5m
2026-03-26 16:30:00+00:00,269.9700927734375,270.0799865722656,269.6099853515625,269.7799987792969,52793,UNH,5m
2026-03-26 16:35:00+00:00,269.8599853515625,269.9599914550781,269.45001220703125,269.4700012207031,34728,UNH,5m
2026-03-26 16:40:00+00:00,269.45001220703125,269.95001220703125,269.4100036621094,269.8699951171875,39800,UNH,5m
2026-03-26 16:45:00+00:00,269.8699951171875,270.17999267578125,269.8699951171875,270.0199890136719,48034,UNH,5m
2026-03-26 16:50:00+00:00,270.010009765625,270.04998779296875,269.70001220703125,269.7650146484375,48764,UNH,5m
2026-03-26 16:55:00+00:00,269.760009765625,269.989990234375,269.6600036621094,269.7900085449219,33390,UNH,5m
2026-03-26 17:00:00+00:00,269.7900085449219,270.0295104980469,269.6600036621094,269.69000244140625,48070,UNH,5m
2026-03-26 17:05:00+00:00,269.6849975585937,269.7799987792969,269.4700012207031,269.5400085449219,38715,UNH,5m
2026-03-26 17:10:00+00:00,269.5799865722656,269.5950012207031,269.0,269.0,79421,UNH,5m
2026-03-26 17:15:00+00:00,269.04998779296875,269.1700134277344,268.8999938964844,269.1099853515625,50542,UNH,5m
2026-03-26 17:20:00+00:00,269.1099853515625,269.8099975585937,269.0,269.3500061035156,82878,UNH,5m
2026-03-26 17:25:00+00:00,269.3999938964844,269.8949890136719,269.3900146484375,269.6099853515625,29953,UNH,5m
2026-03-26 17:30:00+00:00,269.67999267578125,269.75,269.2799987792969,269.375,31720,UNH,5m
2026-03-26 17:35:00+00:00,269.29010009765625,269.54998779296875,269.17999267578125,269.3399963378906,20806,UNH,5m
2026-03-26 17:40:00+00:00,269.340087890625,269.340087890625,268.8599853515625,268.8599853515625,30884,UNH,5m
2026-03-26 17:45:00+00:00,268.9200134277344,269.0899963378906,268.7699890136719,268.82000732421875,32367,UNH,5m
2026-03-26 17:50:00+00:00,268.8099975585937,269.0,268.260009765625,268.3374938964844,60669,UNH,5m
2026-03-26 17:55:00+00:00,268.3351135253906,268.3999938964844,268.0400085449219,268.2300109863281,62200,UNH,5m
2026-03-26 18:00:00+00:00,268.20001220703125,268.4700012207031,268.0400085449219,268.2799987792969,43673,UNH,5m
2026-03-26 18:05:00+00:00,268.3399963378906,268.6400146484375,268.2799987792969,268.44000244140625,37488,UNH,5m
2026-03-26 18:10:00+00:00,268.4100036621094,268.4150085449219,267.8399963378906,268.25,109954,UNH,5m
2026-03-26 18:15:00+00:00,268.2799987792969,268.4100036621094,268.1400146484375,268.25,29294,UNH,5m
2026-03-26 18:20:00+00:00,268.19000244140625,268.2698974609375,267.9100036621094,268.19500732421875,38042,UNH,5m
2026-03-26 18:25:00+00:00,268.2250061035156,268.2900085449219,267.6600036621094,267.7900085449219,50869,UNH,5m
2026-03-26 18:30:00+00:00,267.8399963378906,267.92999267578125,267.5599975585937,267.7820129394531,211101,UNH,5m
2026-03-26 18:35:00+00:00,267.8099975585937,268.0899963378906,267.7300109863281,268.07000732421875,41316,UNH,5m
2026-03-26 18:40:00+00:00,268.0599975585937,268.1400146484375,267.8099975585937,267.885009765625,50467,UNH,5m
2026-03-26 18:45:00+00:00,267.94000244140625,267.94000244140625,267.6300048828125,267.7900085449219,44521,UNH,5m
2026-03-26 18:50:00+00:00,267.7799987792969,268.2200012207031,267.6300048828125,267.8399963378906,64668,UNH,5m
2026-03-26 18:55:00+00:00,267.8500061035156,267.9700012207031,267.69000244140625,267.95001220703125,37126,UNH,5m
2026-03-26 19:00:00+00:00,267.885009765625,268.3099975585937,267.8099975585937,267.9700012207031,60279,UNH,5m
2026-03-26 19:05:00+00:00,268.0199890136719,268.1499938964844,267.92999267578125,268.0599975585937,44189,UNH,5m
2026-03-26 19:10:00+00:00,268.0,268.0599975585937,267.44000244140625,267.6099853515625,68109,UNH,5m
2026-03-26 19:15:00+00:00,267.5799865722656,267.7699890136719,267.4200134277344,267.70001220703125,51941,UNH,5m
2026-03-26 19:20:00+00:00,267.7699890136719,267.95001220703125,267.69000244140625,267.7699890136719,40286,UNH,5m
2026-03-26 19:25:00+00:00,267.739990234375,267.9549865722656,267.6000061035156,267.7200012207031,46918,UNH,5m
2026-03-26 19:30:00+00:00,267.69000244140625,267.8999938964844,267.5299987792969,267.7850036621094,51590,UNH,5m
2026-03-26 19:35:00+00:00,267.760009765625,267.8900146484375,267.510009765625,267.510009765625,51145,UNH,5m
2026-03-26 19:40:00+00:00,267.5599975585937,267.69000244140625,267.5,267.6050109863281,57617,UNH,5m
2026-03-26 19:45:00+00:00,267.6300048828125,267.9700012207031,267.5400085449219,267.7900085449219,82932,UNH,5m
2026-03-26 19:50:00+00:00,267.7699890136719,267.8500061035156,267.42999267578125,267.7799987792969,110147,UNH,5m
2026-03-26 19:55:00+00:00,267.760009765625,268.1400146484375,267.17999267578125,267.7099914550781,648074,UNH,5m
2026-03-27 13:30:00+00:00,267.5,267.67401123046875,265.6700134277344,267.239990234375,293309,UNH,5m
2026-03-27 13:35:00+00:00,267.20001220703125,267.3934936523437,265.8800048828125,265.9200134277344,76357,UNH,5m
2026-03-27 13:40:00+00:00,265.9150085449219,267.2200012207031,265.3724060058594,266.4599914550781,97141,UNH,5m
2026-03-27 13:45:00+00:00,266.45001220703125,266.837890625,266.0199890136719,266.1000061035156,91539,UNH,5m
2026-03-27 13:50:00+00:00,266.1000061035156,266.44989013671875,265.8399963378906,265.94000244140625,88467,UNH,5m
2026-03-27 13:55:00+00:00,265.9599914550781,265.9700012207031,265.2900085449219,265.5302124023437,86978,UNH,5m
2026-03-27 14:00:00+00:00,265.510009765625,265.8999938964844,264.70001220703125,265.0400085449219,208137,UNH,5m
2026-03-27 14:05:00+00:00,265.04998779296875,265.1099853515625,263.79998779296875,264.17999267578125,142524,UNH,5m
2026-03-27 14:10:00+00:00,264.17999267578125,264.5599975585937,264.05010986328125,264.5199890136719,68490,UNH,5m
2026-03-27 14:15:00+00:00,264.5199890136719,265.2200012207031,264.3800048828125,264.8099975585937,69387,UNH,5m
2026-03-27 14:20:00+00:00,264.81500244140625,265.1050109863281,263.8999938964844,263.9100036621094,88049,UNH,5m
2026-03-27 14:25:00+00:00,263.8999938964844,264.489990234375,262.6199951171875,262.6449890136719,151175,UNH,5m
2026-03-27 14:30:00+00:00,262.5899963378906,263.19000244140625,262.4599914550781,262.70001220703125,100111,UNH,5m
2026-03-27 14:35:00+00:00,262.69000244140625,262.92999267578125,261.75,261.82000732421875,127577,UNH,5m
2026-03-27 14:40:00+00:00,261.79998779296875,262.8399963378906,261.54998779296875,262.8399963378906,140353,UNH,5m
2026-03-27 14:45:00+00:00,262.79998779296875,263.57000732421875,262.6700134277344,263.385009765625,79918,UNH,5m
2026-03-27 14:50:00+00:00,263.375,263.69000244140625,263.0484924316406,263.06500244140625,103935,UNH,5m
2026-03-27 14:55:00+00:00,263.1000061035156,263.45001220703125,263.0400085449219,263.04998779296875,42644,UNH,5m
2026-03-27 15:00:00+00:00,263.0849914550781,263.3999938964844,262.95001220703125,263.1549987792969,55789,UNH,5m
2026-03-27 15:05:00+00:00,263.1549987792969,263.2200012207031,261.67999267578125,261.8299865722656,133074,UNH,5m
2026-03-27 15:10:00+00:00,261.739990234375,261.8900146484375,261.4800109863281,261.8900146484375,56787,UNH,5m
2026-03-27 15:15:00+00:00,261.8800048828125,261.9800109863281,260.5,260.6737976074219,95490,UNH,5m
2026-03-27 15:20:00+00:00,260.6000061035156,261.5,260.4100036621094,260.8399963378906,131815,UNH,5m
2026-03-27 15:25:00+00:00,260.8900146484375,261.0,260.489990234375,260.6600036621094,92920,UNH,5m
2026-03-27 15:30:00+00:00,260.6000061035156,261.4598999023437,260.5599975585937,260.9800109863281,79100,UNH,5m
2026-03-27 15:35:00+00:00,261.0,261.3299865722656,260.510009765625,260.6000061035156,87523,UNH,5m
2026-03-27 15:40:00+00:00,260.5199890136719,260.6700134277344,260.2799987792969,260.42999267578125,103457,UNH,5m
2026-03-27 15:45:00+00:00,260.3900146484375,260.54998779296875,260.0199890136719,260.239990234375,77814,UNH,5m
2026-03-27 15:50:00+00:00,260.19000244140625,260.3999938964844,259.6000061035156,259.760009765625,106397,UNH,5m
2026-03-27 15:55:00+00:00,259.760009765625,259.82000732421875,259.1199951171875,259.5150146484375,93126,UNH,5m
2026-03-27 16:00:00+00:00,259.5199890136719,259.75,259.2799987792969,259.29998779296875,77631,UNH,5m
2026-03-27 16:05:00+00:00,259.260009765625,259.3399963378906,258.1300048828125,258.1700134277344,139906,UNH,5m
2026-03-27 16:10:00+00:00,258.1700134277344,258.260009765625,257.5899963378906,257.7349853515625,230261,UNH,5m
2026-03-27 16:15:00+00:00,257.7349853515625,258.0799865722656,257.5,257.57000732421875,122518,UNH,5m
2026-03-27 16:20:00+00:00,257.6000061035156,257.9800109863281,257.3900146484375,257.6499938964844,128197,UNH,5m
2026-03-27 16:25:00+00:00,257.6499938964844,257.7449951171875,257.1499938964844,257.4574890136719,130156,UNH,5m
2026-03-27 16:30:00+00:00,257.489990234375,257.6400146484375,257.04998779296875,257.056884765625,91940,UNH,5m
2026-03-27 16:35:00+00:00,257.07000732421875,257.5899963378906,257.0599975585937,257.3900146484375,79022,UNH,5m
2026-03-27 16:40:00+00:00,257.3900146484375,257.3900146484375,256.6700134277344,256.8599853515625,131705,UNH,5m
2026-03-27 16:45:00+00:00,256.8599853515625,257.1600036621094,255.96499633789065,257.0599975585937,136990,UNH,5m
2026-03-27 16:50:00+00:00,257.1000061035156,258.1199951171875,256.8301086425781,258.05499267578125,136282,UNH,5m
2026-03-27 16:55:00+00:00,258.07000732421875,258.6000061035156,257.4700012207031,257.92999267578125,185712,UNH,5m
2026-03-27 17:00:00+00:00,257.94000244140625,258.2300109863281,257.6499938964844,257.8999938964844,86617,UNH,5m
2026-03-27 17:05:00+00:00,257.9049987792969,258.1099853515625,257.2900085449219,257.5400085449219,88931,UNH,5m
2026-03-27 17:10:00+00:00,257.54998779296875,257.8299865722656,257.1600036621094,257.7300109863281,75248,UNH,5m
2026-03-27 17:15:00+00:00,257.7300109863281,257.94000244140625,257.4200134277344,257.510009765625,110887,UNH,5m
2026-03-27 17:20:00+00:00,257.5,257.5502014160156,256.8800048828125,257.27880859375,68119,UNH,5m
2026-03-27 17:25:00+00:00,257.260009765625,257.3900146484375,256.8099975585937,256.8099975585937,64863,UNH,5m
2026-03-27 17:30:00+00:00,256.8399963378906,257.989990234375,256.8399963378906,257.94500732421875,52276,UNH,5m
2026-03-27 17:35:00+00:00,257.92999267578125,258.2099914550781,257.5299987792969,258.0199890136719,89808,UNH,5m
2026-03-27 17:40:00+00:00,258.0199890136719,258.139892578125,257.6099853515625,257.90008544921875,75358,UNH,5m
2026-03-27 17:45:00+00:00,257.9200134277344,258.1499938964844,257.1499938964844,257.1499938964844,62464,UNH,5m
2026-03-27 17:50:00+00:00,257.20001220703125,257.3879089355469,256.8599853515625,257.2300109863281,129382,UNH,5m
2026-03-27 17:55:00+00:00,257.17999267578125,257.489990234375,257.0400085449219,257.177490234375,61844,UNH,5m
2026-03-27 18:00:00+00:00,257.177001953125,257.239990234375,256.5199890136719,256.5599975585937,100624,UNH,5m
2026-03-27 18:05:00+00:00,256.5400085449219,256.6650085449219,256.04998779296875,256.17999267578125,113899,UNH,5m
2026-03-27 18:10:00+00:00,256.20001220703125,256.8399963378906,256.17999267578125,256.70001220703125,79680,UNH,5m
2026-03-27 18:15:00+00:00,256.70001220703125,257.8800048828125,256.6700134277344,257.79998779296875,69524,UNH,5m
2026-03-27 18:20:00+00:00,257.9200134277344,258.1099853515625,257.5799865722656,257.79998779296875,107877,UNH,5m
2026-03-27 18:25:00+00:00,257.8500061035156,258.1099853515625,257.69000244140625,258.0,62286,UNH,5m
2026-03-27 18:30:00+00:00,258.0,258.260009765625,257.8800048828125,258.0899963378906,59615,UNH,5m
2026-03-27 18:35:00+00:00,258.1099853515625,259.3800048828125,257.9599914550781,259.3099975585937,191430,UNH,5m
2026-03-27 18:40:00+00:00,259.3099975585937,260.1700134277344,259.260009765625,259.8949890136719,286908,UNH,5m
2026-03-27 18:45:00+00:00,259.92999267578125,259.95001220703125,259.20001220703125,259.6700134277344,88427,UNH,5m
2026-03-27 18:50:00+00:00,259.6549987792969,259.95001220703125,259.1199951171875,259.3099975585937,173044,UNH,5m
2026-03-27 18:55:00+00:00,259.3099975585937,259.6700134277344,258.6099853515625,258.7149963378906,116356,UNH,5m
2026-03-27 19:00:00+00:00,258.7200012207031,258.7200012207031,257.8299865722656,258.1400146484375,84283,UNH,5m
2026-03-27 19:05:00+00:00,258.1400146484375,258.2200012207031,257.760009765625,257.92999267578125,73335,UNH,5m
2026-03-27 19:10:00+00:00,257.9800109863281,258.25,257.8900146484375,257.94000244140625,83862,UNH,5m
2026-03-27 19:15:00+00:00,257.8900146484375,258.42999267578125,257.2900085449219,258.07501220703125,197411,UNH,5m
2026-03-27 19:20:00+00:00,258.07501220703125,258.7699890136719,257.8900146484375,258.54998779296875,180661,UNH,5m
2026-03-27 19:25:00+00:00,258.5400085449219,258.5799865722656,257.7699890136719,258.1000061035156,82587,UNH,5m
2026-03-27 19:30:00+00:00,258.0599975585937,258.1199951171875,257.6499938964844,257.6700134277344,87503,UNH,5m
2026-03-27 19:35:00+00:00,257.6499938964844,257.6700134277344,257.0299987792969,257.04998779296875,129838,UNH,5m
2026-03-27 19:40:00+00:00,257.0799865722656,257.2300109863281,256.8299865722656,256.94500732421875,144145,UNH,5m
2026-03-27 19:45:00+00:00,256.94500732421875,256.9800109863281,256.1300048828125,256.7799987792969,245770,UNH,5m
2026-03-27 19:50:00+00:00,256.7799987792969,257.6199951171875,256.7300109863281,257.6050109863281,303881,UNH,5m
2026-03-27 19:55:00+00:00,257.6050109863281,259.2300109863281,257.510009765625,258.8399963378906,667625,UNH,5m
2026-03-30 13:30:00+00:00,260.17999267578125,260.70001220703125,259.5260009765625,259.6700134277344,276180,UNH,5m
2026-03-30 13:35:00+00:00,259.6199951171875,259.9200134277344,258.7900085449219,259.8500061035156,68729,UNH,5m
2026-03-30 13:40:00+00:00,259.864990234375,260.44500732421875,258.1400146484375,258.1849975585937,157456,UNH,5m
2026-03-30 13:45:00+00:00,258.1700134277344,258.6344909667969,256.7900085449219,256.885009765625,154434,UNH,5m
2026-03-30 13:50:00+00:00,256.8599853515625,258.32000732421875,256.6700134277344,257.79998779296875,219432,UNH,5m
2026-03-30 13:55:00+00:00,257.8399963378906,258.3299865722656,257.05499267578125,257.1000061035156,126435,UNH,5m
2026-03-30 14:00:00+00:00,257.0799865722656,258.45001220703125,257.0,258.1600036621094,114311,UNH,5m
2026-03-30 14:05:00+00:00,258.260009765625,258.4800109863281,257.5299987792969,257.6600036621094,49905,UNH,5m
2026-03-30 14:10:00+00:00,257.739990234375,258.1499938964844,257.5,257.54998779296875,96997,UNH,5m
2026-03-30 14:15:00+00:00,257.5799865722656,257.7200012207031,257.0899963378906,257.6050109863281,62939,UNH,5m
2026-03-30 14:20:00+00:00,257.6400146484375,258.8550109863281,257.5400085449219,258.5899963378906,99993,UNH,5m
2026-03-30 14:25:00+00:00,258.54010009765625,259.3349914550781,258.0400085449219,259.17498779296875,66292,UNH,5m
2026-03-30 14:30:00+00:00,259.17498779296875,260.0,259.0535888671875,259.6499938964844,77490,UNH,5m
2026-03-30 14:35:00+00:00,259.6099853515625,259.6549987792969,258.8399963378906,259.0849914550781,73374,UNH,5m
2026-03-30 14:40:00+00:00,259.0199890136719,259.1499938964844,258.4700012207031,259.0,129493,UNH,5m
2026-03-30 14:45:00+00:00,259.0350036621094,259.8099975585937,258.7799987792969,258.9200134277344,112800,UNH,5m
2026-03-30 14:50:00+00:00,259.0199890136719,259.20001220703125,258.4750061035156,258.760009765625,38722,UNH,5m
2026-03-30 14:55:00+00:00,258.7900085449219,259.760009765625,258.69500732421875,259.3599853515625,77387,UNH,5m
2026-03-30 15:00:00+00:00,259.3699951171875,259.8299865722656,259.1700134277344,259.7650146484375,129131,UNH,5m
2026-03-30 15:05:00+00:00,259.7650146484375,259.95001220703125,258.9100036621094,259.92999267578125,62478,UNH,5m
2026-03-30 15:10:00+00:00,259.8599853515625,260.4693908691406,259.5799865722656,260.1700134277344,108914,UNH,5m
2026-03-30 15:15:00+00:00,260.1400146484375,260.3999938964844,259.6400146484375,260.25,98266,UNH,5m
2026-03-30 15:20:00+00:00,260.25,260.3800048828125,259.6099853515625,259.9200134277344,70522,UNH,5m
2026-03-30 15:25:00+00:00,259.93701171875,260.0,259.1099853515625,259.2799987792969,53379,UNH,5m
2026-03-30 15:30:00+00:00,259.3299865722656,259.7099914550781,258.8100891113281,258.95001220703125,84180,UNH,5m
2026-03-30 15:35:00+00:00,259.0400085449219,259.95001220703125,258.8999938964844,259.6700134277344,67667,UNH,5m
2026-03-30 15:40:00+00:00,259.6400146484375,260.1499938964844,259.4800109863281,259.8999938964844,51899,UNH,5m
2026-03-30 15:45:00+00:00,259.8999938964844,259.95001220703125,259.4599914550781,259.8349914550781,39904,UNH,5m
2026-03-30 15:50:00+00:00,259.760009765625,260.3399963378906,259.67999267578125,259.95001220703125,35491,UNH,5m
2026-03-30 15:55:00+00:00,259.95001220703125,260.0400085449219,259.3900146484375,259.5,39359,UNH,5m
2026-03-30 16:00:00+00:00,259.45001220703125,259.5599975585937,259.3399963378906,259.4949951171875,43853,UNH,5m
2026-03-30 16:05:00+00:00,259.4949951171875,259.6499938964844,259.3099975585937,259.56500244140625,44481,UNH,5m
2026-03-30 16:10:00+00:00,259.56500244140625,260.2300109863281,259.56500244140625,260.1600036621094,52912,UNH,5m
2026-03-30 16:15:00+00:00,260.2099914550781,260.5,260.17999267578125,260.3599853515625,48903,UNH,5m
2026-03-30 16:20:00+00:00,260.4100036621094,260.95001220703125,260.17999267578125,260.95001220703125,34216,UNH,5m
2026-03-30 16:25:00+00:00,260.8900146484375,261.4800109863281,260.8500061035156,261.0950012207031,82409,UNH,5m
2026-03-30 16:30:00+00:00,261.0950012207031,261.1640014648437,260.8399963378906,261.0599975585937,43171,UNH,5m
2026-03-30 16:35:00+00:00,261.1099853515625,261.29998779296875,260.6400146484375,260.8099975585937,44141,UNH,5m
2026-03-30 16:40:00+00:00,260.7749938964844,260.8399963378906,260.07000732421875,260.6499938964844,56377,UNH,5m
2026-03-30 16:45:00+00:00,260.5950012207031,260.5950927734375,259.6300048828125,260.3299865722656,91780,UNH,5m
2026-03-30 16:50:00+00:00,260.32000732421875,260.32000732421875,259.7538146972656,259.7538146972656,41976,UNH,5m
2026-03-30 16:55:00+00:00,259.7650146484375,259.95001220703125,259.5685119628906,259.95001220703125,48461,UNH,5m
2026-03-30 17:00:00+00:00,260.0,260.489990234375,259.9750061035156,260.2300109863281,38662,UNH,5m
2026-03-30 17:05:00+00:00,260.2099914550781,260.9200134277344,260.17498779296875,260.44500732421875,50440,UNH,5m
2026-03-30 17:10:00+00:00,260.44000244140625,260.58990478515625,260.2900085449219,260.42999267578125,36943,UNH,5m
2026-03-30 17:15:00+00:00,260.45001220703125,260.5400085449219,260.19000244140625,260.239990234375,40493,UNH,5m
2026-03-30 17:20:00+00:00,260.2300109863281,260.4898986816406,259.8194885253906,260.2699890136719,52240,UNH,5m
2026-03-30 17:25:00+00:00,260.30499267578125,260.510009765625,260.2200012207031,260.375,35083,UNH,5m
2026-03-30 17:30:00+00:00,260.3999938964844,260.5,259.6099853515625,259.8949890136719,92297,UNH,5m
2026-03-30 17:35:00+00:00,259.8949890136719,260.44000244140625,259.5599975585937,260.3900146484375,46749,UNH,5m
2026-03-30 17:40:00+00:00,260.3900146484375,260.59991455078125,260.3096923828125,260.57000732421875,40985,UNH,5m
2026-03-30 17:45:00+00:00,260.57000732421875,260.7200012207031,260.0299987792969,260.135009765625,91606,UNH,5m
2026-03-30 17:50:00+00:00,260.13250732421875,260.1400146484375,259.54998779296875,259.7749938964844,58214,UNH,5m
2026-03-30 17:55:00+00:00,259.8099975585937,260.0899963378906,259.7300109863281,260.010009765625,29270,UNH,5m
2026-03-30 18:00:00+00:00,260.1000061035156,260.56988525390625,260.0400085449219,260.3949890136719,48439,UNH,5m
2026-03-30 18:05:00+00:00,260.4700012207031,260.8399963378906,260.4100036621094,260.7799987792969,54942,UNH,5m
2026-03-30 18:10:00+00:00,260.7699890136719,261.32000732421875,260.5899963378906,260.5899963378906,71044,UNH,5m
2026-03-30 18:15:00+00:00,260.6300048828125,260.9800109863281,260.44000244140625,260.95001220703125,40189,UNH,5m
2026-03-30 18:20:00+00:00,260.94488525390625,261.3500061035156,260.8699951171875,260.8999938964844,48823,UNH,5m
2026-03-30 18:25:00+00:00,260.8901062011719,261.0799865722656,260.7099914550781,260.7099914550781,38755,UNH,5m
2026-03-30 18:30:00+00:00,260.739990234375,261.125,260.7099914550781,261.0450134277344,39359,UNH,5m
2026-03-30 18:35:00+00:00,261.0599975585937,261.44500732421875,260.9599914550781,261.20001220703125,53695,UNH,5m
2026-03-30 18:40:00+00:00,261.1700134277344,261.3299865722656,260.82000732421875,261.2998962402344,58427,UNH,5m
2026-03-30 18:45:00+00:00,261.239990234375,261.4700012207031,261.1300048828125,261.29998779296875,52523,UNH,5m
2026-03-30 18:50:00+00:00,261.3900146484375,261.6600036621094,261.2699890136719,261.57000732421875,55774,UNH,5m
2026-03-30 18:55:00+00:00,261.57000732421875,261.8399963378906,261.3900146484375,261.7950134277344,64297,UNH,5m
2026-03-30 19:00:00+00:00,261.83990478515625,261.95001220703125,261.5299987792969,261.69500732421875,64880,UNH,5m
2026-03-30 19:05:00+00:00,261.6700134277344,261.8099975585937,260.8099975585937,260.8999938964844,68992,UNH,5m
2026-03-30 19:10:00+00:00,260.8999938964844,260.94000244140625,260.3299865722656,260.3500061035156,67924,UNH,5m
2026-03-30 19:15:00+00:00,260.3699951171875,260.6099853515625,260.0299987792969,260.04998779296875,142742,UNH,5m
2026-03-30 19:20:00+00:00,260.0299987792969,260.3515930175781,259.8099975585937,259.9100036621094,92125,UNH,5m
2026-03-30 19:25:00+00:00,259.9150085449219,260.15679931640625,259.7699890136719,259.8500061035156,121681,UNH,5m
2026-03-30 19:30:00+00:00,259.9100036621094,260.45001220703125,259.8500061035156,260.2300109863281,76715,UNH,5m
2026-03-30 19:35:00+00:00,260.2325134277344,260.9100036621094,260.1099853515625,260.9049987792969,78256,UNH,5m
2026-03-30 19:40:00+00:00,260.860107421875,261.4150085449219,260.760009765625,261.1400146484375,89065,UNH,5m
2026-03-30 19:45:00+00:00,261.1199951171875,261.8500061035156,261.0899963378906,261.4049987792969,133501,UNH,5m
2026-03-30 19:50:00+00:00,261.4100036621094,261.9200134277344,261.2099914550781,261.8999938964844,167413,UNH,5m
2026-03-30 19:55:00+00:00,261.9200134277344,262.3299865722656,261.57000732421875,261.8500061035156,436676,UNH,5m
2026-03-31 13:30:00+00:00,263.0,264.70001220703125,262.6099853515625,264.0799865722656,328009,UNH,5m
2026-03-31 13:35:00+00:00,263.9649963378906,264.739990234375,263.1600036621094,264.739990234375,89054,UNH,5m
2026-03-31 13:40:00+00:00,264.75,265.5,264.07000732421875,264.3299865722656,101873,UNH,5m
2026-03-31 13:45:00+00:00,264.3399963378906,265.9700012207031,264.0799865722656,265.79998779296875,91124,UNH,5m
2026-03-31 13:50:00+00:00,265.7799987792969,266.3699951171875,265.2799987792969,265.6700134277344,98015,UNH,5m
2026-03-31 13:55:00+00:00,265.57000732421875,266.2200012207031,264.9599914550781,265.989990234375,87247,UNH,5m
2026-03-31 14:00:00+00:00,265.8599853515625,266.44000244140625,265.6400146484375,265.9649963378906,65399,UNH,5m
2026-03-31 14:05:00+00:00,266.0,266.10272216796875,265.489990234375,265.5299987792969,56352,UNH,5m
2026-03-31 14:10:00+00:00,265.5,265.7300109863281,265.010009765625,265.1549987792969,89698,UNH,5m
2026-03-31 14:15:00+00:00,265.2300109863281,265.9200134277344,264.5,265.6199951171875,70794,UNH,5m
2026-03-31 14:20:00+00:00,265.5799865722656,266.739990234375,265.3900146484375,266.7300109863281,42691,UNH,5m
2026-03-31 14:25:00+00:00,266.6099853515625,266.79998779296875,266.3900146484375,266.7200012207031,37972,UNH,5m
2026-03-31 14:30:00+00:00,266.69000244140625,266.95001220703125,266.3699951171875,266.70001220703125,56238,UNH,5m
2026-03-31 14:35:00+00:00,266.6099853515625,266.7449951171875,266.19000244140625,266.5101013183594,45807,UNH,5m
2026-03-31 14:40:00+00:00,266.625,267.25,266.29998779296875,266.5,56896,UNH,5m
2026-03-31 14:45:00+00:00,266.45001220703125,266.7799987792969,266.0599975585937,266.0899963378906,43656,UNH,5m
2026-03-31 14:50:00+00:00,266.0899963378906,266.29998779296875,265.6099853515625,265.760009765625,50249,UNH,5m
2026-03-31 14:55:00+00:00,265.7699890136719,266.20001220703125,265.6400146484375,265.9700012207031,1442603,UNH,5m
2026-03-31 15:00:00+00:00,265.9800109863281,267.010009765625,265.8699951171875,266.7950134277344,43530,UNH,5m
2026-03-31 15:05:00+00:00,266.80499267578125,267.3900146484375,266.7001037597656,266.9949951171875,41069,UNH,5m
2026-03-31 15:10:00+00:00,266.9849853515625,267.3335876464844,266.9200134277344,267.32000732421875,45440,UNH,5m
2026-03-31 15:15:00+00:00,267.3099975585937,267.7300109863281,267.1099853515625,267.4100036621094,203078,UNH,5m
2026-03-31 15:20:00+00:00,267.4100036621094,267.6700134277344,266.95001220703125,267.489990234375,40608,UNH,5m
2026-03-31 15:25:00+00:00,267.489990234375,267.6099853515625,266.7200012207031,266.7699890136719,38949,UNH,5m
2026-03-31 15:30:00+00:00,266.7200012207031,267.29998779296875,266.4400939941406,267.2250061035156,36424,UNH,5m
2026-03-31 15:35:00+00:00,267.3099975585937,267.9800109863281,267.3099975585937,267.7149963378906,32830,UNH,5m
2026-03-31 15:40:00+00:00,267.8500061035156,268.1000061035156,267.5,268.0150146484375,53892,UNH,5m
2026-03-31 15:45:00+00:00,267.989990234375,268.1099853515625,267.7645874023437,267.8901062011719,44351,UNH,5m
2026-03-31 15:50:00+00:00,267.8599853515625,268.3699951171875,267.82000732421875,268.0,38203,UNH,5m
2026-03-31 15:55:00+00:00,268.0199890136719,268.02508544921875,267.6199951171875,267.739990234375,45968,UNH,5m
2026-03-31 16:00:00+00:00,267.7200012207031,268.3888854980469,267.6401062011719,268.1600036621094,33295,UNH,5m
2026-03-31 16:05:00+00:00,268.1650085449219,268.29998779296875,268.03009033203125,268.1400146484375,36221,UNH,5m
2026-03-31 16:10:00+00:00,268.125,268.5899963378906,268.04998779296875,268.489990234375,31512,UNH,5m
2026-03-31 16:15:00+00:00,268.4750061035156,268.7684936523437,268.114990234375,268.2250061035156,38874,UNH,5m
2026-03-31 16:20:00+00:00,268.2300109863281,268.7799987792969,268.1099853515625,268.6600036621094,54022,UNH,5m
2026-03-31 16:25:00+00:00,268.70001220703125,268.9700012207031,268.5799865722656,268.8949890136719,29654,UNH,5m
2026-03-31 16:30:00+00:00,268.82000732421875,268.87890625,268.3399963378906,268.8500061035156,31993,UNH,5m
2026-03-31 16:35:00+00:00,268.9100036621094,270.4200134277344,268.7200012207031,270.4200134277344,68590,UNH,5m
2026-03-31 16:40:00+00:00,270.3699951171875,271.8800048828125,270.0599975585937,270.17999267578125,144349,UNH,5m
2026-03-31 16:45:00+00:00,270.0599975585937,270.114990234375,269.2900085449219,269.6849975585937,69913,UNH,5m
2026-03-31 16:50:00+00:00,269.55010986328125,270.29998779296875,269.4800109863281,269.5899963378906,51321,UNH,5m
2026-03-31 16:55:00+00:00,269.6099853515625,269.760009765625,269.3299865722656,269.7200012207031,44643,UNH,5m
2026-03-31 17:00:00+00:00,269.67999267578125,270.19000244140625,269.57000732421875,270.0799865722656,64185,UNH,5m
2026-03-31 17:05:00+00:00,270.0599975585937,270.2900085449219,269.6499938964844,269.8099975585937,46127,UNH,5m
2026-03-31 17:10:00+00:00,269.8450012207031,270.5,269.67999267578125,270.4700012207031,43388,UNH,5m
2026-03-31 17:15:00+00:00,270.45001220703125,270.94000244140625,270.45001220703125,270.8399963378906,35074,UNH,5m
2026-03-31 17:20:00+00:00,270.9100036621094,270.9100036621094,270.3099975585937,270.3099975585937,39753,UNH,5m
2026-03-31 17:25:00+00:00,270.3399963378906,270.3699951171875,269.42010498046875,269.5150146484375,51407,UNH,5m
2026-03-31 17:30:00+00:00,269.489990234375,269.739990234375,269.239990234375,269.6700134277344,34492,UNH,5m
2026-03-31 17:35:00+00:00,269.7200012207031,270.0,269.0716857910156,269.3999938964844,37630,UNH,5m
2026-03-31 17:40:00+00:00,269.3500061035156,269.6199951171875,269.1000061035156,269.260009765625,24272,UNH,5m
2026-03-31 17:45:00+00:00,269.2850036621094,269.6300048828125,269.239990234375,269.3299865722656,28394,UNH,5m
2026-03-31 17:50:00+00:00,269.364990234375,269.7149963378906,269.0,269.7149963378906,30386,UNH,5m
2026-03-31 17:55:00+00:00,269.6700134277344,269.7698974609375,269.3800964355469,269.6099853515625,61727,UNH,5m
2026-03-31 18:00:00+00:00,269.6099853515625,269.94000244140625,269.6099853515625,269.7799987792969,32788,UNH,5m
2026-03-31 18:05:00+00:00,269.760009765625,270.20001220703125,269.739990234375,270.1600036621094,28727,UNH,5m
2026-03-31 18:10:00+00:00,270.1400146484375,270.2799987792969,269.739990234375,270.1199951171875,28832,UNH,5m
2026-03-31 18:15:00+00:00,270.1300048828125,270.5299987792969,270.0599975585937,270.5,31423,UNH,5m
2026-03-31 18:20:00+00:00,270.489990234375,270.6000061035156,270.2200012207031,270.29998779296875,28676,UNH,5m
2026-03-31 18:25:00+00:00,270.2650146484375,270.6600036621094,270.1600036621094,270.375,31287,UNH,5m
2026-03-31 18:30:00+00:00,270.3399963378906,270.489990234375,270.06500244140625,270.489990234375,32507,UNH,5m
2026-03-31 18:35:00+00:00,270.42999267578125,270.8999938964844,270.3999938964844,270.8500061035156,34052,UNH,5m
2026-03-31 18:40:00+00:00,270.8999938964844,271.06500244140625,270.375,270.5299987792969,58411,UNH,5m
2026-03-31 18:45:00+00:00,270.5263977050781,270.7799987792969,270.1650085449219,270.3550109863281,60731,UNH,5m
2026-03-31 18:50:00+00:00,270.3900146484375,270.8500061035156,270.29998779296875,270.5599975585937,36877,UNH,5m
2026-03-31 18:55:00+00:00,270.6000061035156,270.95001220703125,270.6000061035156,270.7349853515625,57071,UNH,5m
2026-03-31 19:00:00+00:00,270.7207946777344,270.9599914550781,270.42999267578125,270.4700012207031,53337,UNH,5m
2026-03-31 19:05:00+00:00,270.489990234375,270.5299072265625,270.2200012207031,270.4200134277344,58217,UNH,5m
2026-03-31 19:10:00+00:00,270.3900146484375,270.8500061035156,270.3800964355469,270.614990234375,55647,UNH,5m
2026-03-31 19:15:00+00:00,270.6401062011719,270.9200134277344,270.42999267578125,270.4349975585937,73020,UNH,5m
2026-03-31 19:20:00+00:00,270.45001220703125,270.6400146484375,270.0201110839844,270.0299987792969,84984,UNH,5m
2026-03-31 19:25:00+00:00,270.0299987792969,270.3800048828125,269.8099975585937,270.2550048828125,85657,UNH,5m
2026-03-31 19:30:00+00:00,270.2699890136719,270.510009765625,270.07000732421875,270.30499267578125,92199,UNH,5m
2026-03-31 19:35:00+00:00,270.290283203125,270.510009765625,270.0799865722656,270.19000244140625,85906,UNH,5m
2026-03-31 19:40:00+00:00,270.19000244140625,270.31500244140625,269.6700134277344,270.0400085449219,121469,UNH,5m
2026-03-31 19:45:00+00:00,270.010009765625,270.8450012207031,269.989990234375,270.4599914550781,188263,UNH,5m
2026-03-31 19:50:00+00:00,270.5050048828125,270.6000061035156,270.0799865722656,270.1600036621094,157540,UNH,5m
2026-03-31 19:55:00+00:00,270.1199951171875,270.6000061035156,270.0400085449219,270.5,387498,UNH,5m
2026-04-01 13:30:00+00:00,274.2099914550781,274.5799865722656,272.0599975585937,273.1080017089844,330604,UNH,5m
2026-04-01 13:35:00+00:00,273.1993103027344,274.1499938964844,272.135009765625,273.20001220703125,106127,UNH,5m
2026-04-01 13:40:00+00:00,273.3699035644531,273.3699035644531,271.67999267578125,272.2749938964844,79169,UNH,5m
2026-04-01 13:45:00+00:00,272.19000244140625,272.6199951171875,271.20001220703125,271.7200012207031,124832,UNH,5m
2026-04-01 13:50:00+00:00,271.6400146484375,272.0299987792969,270.7900085449219,271.8500061035156,88569,UNH,5m
2026-04-01 13:55:00+00:00,272.0299987792969,272.3900146484375,271.4100036621094,271.9349975585937,55005,UNH,5m
2026-04-01 14:00:00+00:00,271.82000732421875,272.7799987792969,271.5,272.2300109863281,87194,UNH,5m
2026-04-01 14:05:00+00:00,272.19000244140625,272.2300109863281,271.1404113769531,271.5721130371094,41271,UNH,5m
2026-04-01 14:10:00+00:00,271.7799987792969,271.7799987792969,270.760009765625,271.3900146484375,59304,UNH,5m
2026-04-01 14:15:00+00:00,271.3900146484375,271.9700012207031,271.3099975585937,271.92498779296875,51290,UNH,5m
2026-04-01 14:20:00+00:00,271.92498779296875,272.2699890136719,271.57000732421875,272.1099853515625,65860,UNH,5m
2026-04-01 14:25:00+00:00,272.03009033203125,272.1000061035156,271.3599853515625,271.3599853515625,31685,UNH,5m
2026-04-01 14:30:00+00:00,271.21099853515625,271.67999267578125,271.0599975585937,271.5849914550781,35551,UNH,5m
2026-04-01 14:35:00+00:00,271.5849914550781,271.8999938964844,270.8800048828125,271.69000244140625,46900,UNH,5m
2026-04-01 14:40:00+00:00,271.510009765625,272.0,271.20001220703125,271.9393005371094,23025,UNH,5m
2026-04-01 14:45:00+00:00,272.0,272.760009765625,271.8999938964844,272.7099914550781,47546,UNH,5m
2026-04-01 14:50:00+00:00,272.7099914550781,273.1199951171875,272.5199890136719,272.95001220703125,43612,UNH,5m
2026-04-01 14:55:00+00:00,272.95001220703125,273.43798828125,272.70001220703125,272.8399963378906,43520,UNH,5m
2026-04-01 15:00:00+00:00,272.7099914550781,273.1400146484375,272.510009765625,272.5548095703125,38897,UNH,5m
2026-04-01 15:05:00+00:00,272.6199951171875,273.54998779296875,272.4901123046875,273.385009765625,58227,UNH,5m
2026-04-01 15:10:00+00:00,273.3800048828125,273.8800048828125,273.1050109863281,273.7300109863281,42653,UNH,5m
2026-04-01 15:15:00+00:00,273.7699890136719,274.0599975585937,273.3299865722656,273.9200134277344,42940,UNH,5m
2026-04-01 15:20:00+00:00,273.8999938964844,274.3399963378906,273.75,273.8299865722656,38419,UNH,5m
2026-04-01 15:25:00+00:00,273.864990234375,274.0599975585937,273.4400939941406,273.6449890136719,44673,UNH,5m
2026-04-01 15:30:00+00:00,273.57000732421875,273.5899963378906,273.0,273.2850036621094,43314,UNH,5m
2026-04-01 15:35:00+00:00,273.2799987792969,273.95001220703125,273.1401062011719,273.8399963378906,28107,UNH,5m
2026-04-01 15:40:00+00:00,273.75,273.8399963378906,273.45001220703125,273.70001220703125,34641,UNH,5m
2026-04-01 15:45:00+00:00,273.67999267578125,274.0299072265625,273.6099853515625,273.7650146484375,30985,UNH,5m
2026-04-01 15:50:00+00:00,273.7650146484375,273.7650146484375,273.3399963378906,273.3900146484375,31721,UNH,5m
2026-04-01 15:55:00+00:00,273.44500732421875,274.0798034667969,273.239990234375,273.5599975585937,72855,UNH,5m
2026-04-01 16:00:00+00:00,273.7200012207031,273.94000244140625,273.32000732421875,273.57000732421875,34807,UNH,5m
2026-04-01 16:05:00+00:00,273.6099853515625,273.8175048828125,273.4800109863281,273.6600036621094,31243,UNH,5m
2026-04-01 16:10:00+00:00,273.6099853515625,273.63250732421875,273.1700134277344,273.44000244140625,33876,UNH,5m
2026-04-01 16:15:00+00:00,273.375,273.70001220703125,272.95001220703125,273.0299987792969,54902,UNH,5m
2026-04-01 16:20:00+00:00,273.0299987792969,273.0963134765625,272.6400146484375,272.9200134277344,38427,UNH,5m
2026-04-01 16:25:00+00:00,272.9599914550781,273.0325012207031,272.57000732421875,272.6394958496094,35439,UNH,5m
2026-04-01 16:30:00+00:00,272.625,273.260009765625,272.5199890136719,273.2099914550781,39457,UNH,5m
2026-04-01 16:35:00+00:00,273.2550048828125,273.33990478515625,272.79998779296875,273.29998779296875,36834,UNH,5m
2026-04-01 16:40:00+00:00,273.2300109863281,273.4700012207031,273.010009765625,273.010009765625,29126,UNH,5m
2026-04-01 16:45:00+00:00,273.0899963378906,273.3900146484375,272.8099975585937,273.3399963378906,31050,UNH,5m
2026-04-01 16:50:00+00:00,273.3099975585937,273.5,273.1801147460937,273.20001220703125,25888,UNH,5m
2026-04-01 16:55:00+00:00,273.2349853515625,273.57000732421875,273.0899963378906,273.5249938964844,43738,UNH,5m
2026-04-01 17:00:00+00:00,273.5400085449219,273.6300048828125,273.2049865722656,273.614990234375,27932,UNH,5m
2026-04-01 17:05:00+00:00,273.614990234375,273.70001220703125,273.47918701171875,273.6499938964844,24386,UNH,5m
2026-04-01 17:10:00+00:00,273.6600036621094,273.739990234375,273.4100036621094,273.5,34786,UNH,5m
2026-04-01 17:15:00+00:00,273.3800048828125,273.7850036621094,273.3500061035156,273.7850036621094,521709,UNH,5m
2026-04-01 17:20:00+00:00,273.7799987792969,273.8800048828125,273.6000061035156,273.8699951171875,46331,UNH,5m
2026-04-01 17:25:00+00:00,273.8599853515625,273.9100036621094,273.5199890136719,273.6059875488281,42584,UNH,5m
2026-04-01 17:30:00+00:00,273.5874938964844,274.1000061035156,273.5640869140625,273.94500732421875,33260,UNH,5m
2026-04-01 17:35:00+00:00,273.92498779296875,274.3500061035156,273.8700866699219,274.2950134277344,44422,UNH,5m
2026-04-01 17:40:00+00:00,274.3380126953125,274.95001220703125,274.3299865722656,274.7200012207031,68605,UNH,5m
2026-04-01 17:45:00+00:00,274.7099914550781,274.95001220703125,274.5400085449219,274.760009765625,25807,UNH,5m
2026-04-01 17:50:00+00:00,274.7300109863281,275.2980041503906,274.7300109863281,274.8299865722656,54437,UNH,5m
2026-04-01 17:55:00+00:00,274.8399963378906,274.9700012207031,273.8349914550781,274.039306640625,79504,UNH,5m
2026-04-01 18:00:00+00:00,273.95001220703125,273.9949951171875,273.3999938964844,273.5849914550781,46787,UNH,5m
2026-04-01 18:05:00+00:00,273.6700134277344,274.1178894042969,273.6400146484375,273.9100036621094,43677,UNH,5m
2026-04-01 18:10:00+00:00,273.8949890136719,274.20001220703125,273.8949890136719,274.0849914550781,22386,UNH,5m
2026-04-01 18:15:00+00:00,274.0400085449219,274.0400085449219,273.2900085449219,273.5350036621094,37240,UNH,5m
2026-04-01 18:20:00+00:00,273.5799865722656,273.7650146484375,272.8999938964844,273.1499938964844,49031,UNH,5m
2026-04-01 18:25:00+00:00,273.114990234375,273.4200134277344,273.090087890625,273.25,27158,UNH,5m
2026-04-01 18:30:00+00:00,273.2799987792969,273.3099975585937,273.0,273.04998779296875,31183,UNH,5m
2026-04-01 18:35:00+00:00,272.9800109863281,273.79998779296875,272.8999938964844,273.69000244140625,66791,UNH,5m
2026-04-01 18:40:00+00:00,273.6400146484375,274.1600036621094,273.6300048828125,274.1199951171875,48253,UNH,5m
2026-04-01 18:45:00+00:00,274.1299133300781,274.510009765625,274.0199890136719,274.06500244140625,51246,UNH,5m
2026-04-01 18:50:00+00:00,274.1199951171875,274.7499084472656,273.989990234375,274.6499938964844,39353,UNH,5m
2026-04-01 18:55:00+00:00,274.5799865722656,274.8099060058594,274.489990234375,274.7650146484375,42142,UNH,5m
2026-04-01 19:00:00+00:00,274.739990234375,275.0249938964844,274.510009765625,274.510009765625,42384,UNH,5m
2026-04-01 19:05:00+00:00,274.54998779296875,274.739990234375,274.510009765625,274.6099853515625,27926,UNH,5m
2026-04-01 19:10:00+00:00,274.6600036621094,274.760009765625,274.29998779296875,274.5050048828125,55212,UNH,5m
2026-04-01 19:15:00+00:00,274.5050048828125,274.5762023925781,273.79998779296875,274.010009765625,78489,UNH,5m
2026-04-01 19:20:00+00:00,274.010009765625,274.3599853515625,273.82000732421875,273.95001220703125,55100,UNH,5m
2026-04-01 19:25:00+00:00,273.95001220703125,274.5299987792969,273.95001220703125,274.260009765625,94203,UNH,5m
2026-04-01 19:30:00+00:00,274.260009765625,274.2650146484375,273.8699951171875,274.0299987792969,49008,UNH,5m
2026-04-01 19:35:00+00:00,274.1099853515625,274.2799987792969,273.94000244140625,274.0799865722656,51948,UNH,5m
2026-04-01 19:40:00+00:00,274.1199951171875,274.2449951171875,273.8901062011719,273.9849853515625,42313,UNH,5m
2026-04-01 19:45:00+00:00,273.9849853515625,274.0400085449219,273.5599975585937,273.70001220703125,69359,UNH,5m
2026-04-01 19:50:00+00:00,273.70001220703125,273.75,273.2401123046875,273.5599975585937,101644,UNH,5m
2026-04-01 19:55:00+00:00,273.5599975585937,274.1099853515625,273.4700012207031,273.9599914550781,327884,UNH,5m
2026-04-02 13:30:00+00:00,272.2900085449219,273.8099975585937,272.0,272.7699890136719,243936,UNH,5m
2026-04-02 13:35:00+00:00,272.760009765625,273.0682067871094,271.5299987792969,271.6549987792969,56679,UNH,5m
2026-04-02 13:40:00+00:00,271.739990234375,273.20001220703125,271.5899963378906,272.8380126953125,47314,UNH,5m
2026-04-02 13:45:00+00:00,272.9100036621094,273.7699890136719,272.7699890136719,273.67498779296875,48720,UNH,5m
2026-04-02 13:50:00+00:00,273.73809814453125,274.3999938964844,273.6849975585937,274.0599975585937,76062,UNH,5m
2026-04-02 13:55:00+00:00,274.010009765625,274.6799011230469,273.9200134277344,274.5625,63365,UNH,5m
2026-04-02 14:00:00+00:00,274.5249938964844,274.760009765625,273.7449951171875,274.19000244140625,58396,UNH,5m
2026-04-02 14:05:00+00:00,274.19000244140625,274.7099914550781,273.7782897949219,274.2250061035156,40702,UNH,5m
2026-04-02 14:10:00+00:00,274.2250061035156,274.3999938964844,273.8699951171875,274.3099975585937,36110,UNH,5m
2026-04-02 14:15:00+00:00,274.3598937988281,274.5,273.7099914550781,273.8099975585937,42536,UNH,5m
2026-04-02 14:20:00+00:00,273.7799987792969,274.6369934082031,273.7099914550781,274.5799865722656,23117,UNH,5m
2026-04-02 14:25:00+00:00,274.510009765625,275.2300109863281,274.510009765625,275.0400085449219,55175,UNH,5m
2026-04-02 14:30:00+00:00,275.0201110839844,276.29998779296875,274.9700012207031,276.2900085449219,49219,UNH,5m
2026-04-02 14:35:00+00:00,276.32000732421875,279.0400085449219,276.32000732421875,277.4800109863281,157435,UNH,5m
2026-04-02 14:40:00+00:00,277.4800109863281,277.57989501953125,276.07000732421875,277.0,55961,UNH,5m
2026-04-02 14:45:00+00:00,277.0,277.1199951171875,276.44000244140625,276.90728759765625,93956,UNH,5m
2026-04-02 14:50:00+00:00,276.9200134277344,277.0,276.44000244140625,276.7900085449219,65682,UNH,5m
2026-04-02 14:55:00+00:00,276.75,278.0,276.739990234375,277.3721923828125,63771,UNH,5m
2026-04-02 15:00:00+00:00,277.3699951171875,277.3900146484375,276.510009765625,277.05499267578125,45614,UNH,5m
2026-04-02 15:05:00+00:00,277.05499267578125,277.1199951171875,276.5799865722656,276.875,44833,UNH,5m
2026-04-02 15:10:00+00:00,276.8133850097656,277.2699890136719,276.80499267578125,277.04998779296875,30200,UNH,5m
2026-04-02 15:15:00+00:00,277.1300048828125,277.3999938964844,277.0,277.2099914550781,42937,UNH,5m
2026-04-02 15:20:00+00:00,277.17999267578125,277.2799072265625,276.7900085449219,277.1199951171875,43666,UNH,5m
2026-04-02 15:25:00+00:00,277.0899963378906,277.3099975585937,276.8299865722656,277.06500244140625,43507,UNH,5m
2026-04-02 15:30:00+00:00,277.07000732421875,277.07000732421875,276.5,276.57000732421875,37973,UNH,5m
2026-04-02 15:35:00+00:00,276.6698913574219,276.989990234375,276.6000061035156,276.6000061035156,28341,UNH,5m
2026-04-02 15:40:00+00:00,276.6000061035156,276.6400146484375,276.0799865722656,276.3900146484375,29202,UNH,5m
2026-04-02 15:45:00+00:00,276.4200134277344,276.5899963378906,276.1499938964844,276.4200134277344,38327,UNH,5m
2026-04-02 15:50:00+00:00,276.44000244140625,276.5899963378906,276.17999267578125,276.5799865722656,38995,UNH,5m
2026-04-02 15:55:00+00:00,276.5751037597656,276.7221984863281,276.0,276.2200012207031,28931,UNH,5m
2026-04-02 16:00:00+00:00,276.2200012207031,277.2049865722656,276.1549987792969,277.1813049316406,52603,UNH,5m
2026-04-02 16:05:00+00:00,277.20001220703125,277.25,276.590087890625,276.9551086425781,34470,UNH,5m
2026-04-02 16:10:00+00:00,276.947509765625,277.260009765625,276.75,277.1600036621094,587042,UNH,5m
2026-04-02 16:15:00+00:00,277.2051086425781,277.2699890136719,276.44000244140625,276.6199951171875,39941,UNH,5m
2026-04-02 16:20:00+00:00,276.5450134277344,276.9800109863281,276.45001220703125,276.8550109863281,20926,UNH,5m
2026-04-02 16:25:00+00:00,276.79998779296875,276.8900146484375,276.1700134277344,276.8500061035156,37964,UNH,5m
2026-04-02 16:30:00+00:00,276.8500061035156,277.45001220703125,276.8299865722656,277.1600036621094,53277,UNH,5m
2026-04-02 16:35:00+00:00,277.1600036621094,277.5,277.0400085449219,277.42999267578125,21933,UNH,5m
2026-04-02 16:40:00+00:00,277.42498779296875,278.0,277.42498779296875,277.92498779296875,480765,UNH,5m
2026-04-02 16:45:00+00:00,277.92498779296875,278.010009765625,277.53009033203125,277.6199951171875,530653,UNH,5m
2026-04-02 16:50:00+00:00,277.70001220703125,277.82000732421875,277.489990234375,277.55499267578125,18183,UNH,5m
2026-04-02 16:55:00+00:00,277.5400085449219,277.5899963378906,276.864990234375,276.864990234375,26937,UNH,5m
2026-04-02 17:00:00+00:00,276.8800048828125,276.9999084472656,276.59619140625,276.92999267578125,16648,UNH,5m
2026-04-02 17:05:00+00:00,276.9599914550781,277.010009765625,276.82000732421875,277.010009765625,27480,UNH,5m
2026-04-02 17:10:00+00:00,277.0249938964844,277.07000732421875,276.5299987792969,276.8100891113281,22595,UNH,5m
2026-04-02 17:15:00+00:00,276.875,277.1600036621094,276.7099914550781,276.9349975585937,32251,UNH,5m
2026-04-02 17:20:00+00:00,276.9800109863281,277.3099975585937,276.8949890136719,277.239990234375,20108,UNH,5m
2026-04-02 17:25:00+00:00,277.2474975585937,277.32000732421875,276.67999267578125,276.7799987792969,18830,UNH,5m
2026-04-02 17:30:00+00:00,276.8099975585937,277.489990234375,276.8099975585937,277.3550109863281,29193,UNH,5m
2026-04-02 17:35:00+00:00,277.3099975585937,277.3340148925781,276.8999938964844,277.0249938964844,21260,UNH,5m
2026-04-02 17:40:00+00:00,277.0669860839844,277.2349853515625,276.82000732421875,277.1700134277344,29653,UNH,5m
2026-04-02 17:45:00+00:00,277.1499938964844,277.20001220703125,276.4049987792969,276.489990234375,22682,UNH,5m
2026-04-02 17:50:00+00:00,276.4599914550781,276.7749938964844,276.4200134277344,276.7749938964844,30257,UNH,5m
2026-04-02 17:55:00+00:00,276.7799987792969,276.8900146484375,276.6300048828125,276.7799987792969,24404,UNH,5m
2026-04-02 18:00:00+00:00,276.760009765625,277.1199035644531,276.69000244140625,277.0899963378906,50615,UNH,5m
2026-04-02 18:05:00+00:00,277.0950012207031,277.2449951171875,276.78009033203125,277.04998779296875,28953,UNH,5m
2026-04-02 18:10:00+00:00,277.04998779296875,277.4100036621094,276.79998779296875,276.8800048828125,35114,UNH,5m
2026-04-02 18:15:00+00:00,276.8442077636719,276.8900146484375,276.5,276.6300048828125,24715,UNH,5m
2026-04-02 18:20:00+00:00,276.6000061035156,276.7200012207031,276.0599975585937,276.1899108886719,28886,UNH,5m
2026-04-02 18:25:00+00:00,276.135009765625,276.2200012207031,275.6099853515625,276.05499267578125,37624,UNH,5m
2026-04-02 18:30:00+00:00,276.0899963378906,276.1300048828125,275.6499938964844,276.0400085449219,29117,UNH,5m
2026-04-02 18:35:00+00:00,276.0199890136719,276.1300048828125,275.3999938964844,275.5299987792969,34008,UNH,5m
2026-04-02 18:40:00+00:00,275.4700012207031,275.6400146484375,275.1700134277344,275.19000244140625,39053,UNH,5m
2026-04-02 18:45:00+00:00,275.2149963378906,275.6700134277344,275.1199951171875,275.4599914550781,38032,UNH,5m
2026-04-02 18:50:00+00:00,275.489990234375,276.04998779296875,275.3800048828125,275.83160400390625,39241,UNH,5m
2026-04-02 18:55:00+00:00,275.8450012207031,275.875,275.6499938964844,275.8349914550781,29832,UNH,5m
2026-04-02 19:00:00+00:00,275.8599853515625,275.9100036621094,275.5,275.7300109863281,37761,UNH,5m
2026-04-02 19:05:00+00:00,275.635009765625,276.2200012207031,275.5299987792969,276.17999267578125,45159,UNH,5m
2026-04-02 19:10:00+00:00,276.1650085449219,276.4119873046875,276.0599975585937,276.19940185546875,33537,UNH,5m
2026-04-02 19:15:00+00:00,276.19000244140625,276.3599853515625,276.1499938964844,276.3299865722656,59863,UNH,5m
2026-04-02 19:20:00+00:00,276.3299865722656,276.3699951171875,275.8900146484375,276.2699890136719,56270,UNH,5m
2026-04-02 19:25:00+00:00,276.2699890136719,276.2799987792969,275.6300048828125,275.7699890136719,53660,UNH,5m
2026-04-02 19:30:00+00:00,275.75,276.2699890136719,275.7449951171875,276.2699890136719,47756,UNH,5m
2026-04-02 19:35:00+00:00,276.2699890136719,276.7900085449219,276.25,276.5899963378906,49935,UNH,5m
2026-04-02 19:40:00+00:00,276.6099853515625,276.67999267578125,276.42999267578125,276.6300964355469,47996,UNH,5m
2026-04-02 19:45:00+00:00,276.6499938964844,276.8599853515625,276.4200134277344,276.4700012207031,95516,UNH,5m
2026-04-02 19:50:00+00:00,276.4599914550781,277.0,276.3800048828125,276.9324951171875,125724,UNH,5m
2026-04-02 19:55:00+00:00,276.95001220703125,277.3999938964844,276.6849975585937,277.25,278232,UNH,5m
2026-04-06 13:30:00+00:00,277.875,279.44000244140625,277.25,279.1499938964844,152548,UNH,5m
2026-04-06 13:35:00+00:00,279.20001220703125,279.989990234375,278.17010498046875,279.2699890136719,64059,UNH,5m
2026-04-06 13:40:00+00:00,279.2699890136719,279.9346008300781,279.0,279.6050109863281,68974,UNH,5m
2026-04-06 13:45:00+00:00,279.6000061035156,280.2699890136719,279.20001220703125,280.1199951171875,86519,UNH,5m
2026-04-06 13:50:00+00:00,280.09619140625,281.3900146484375,279.760009765625,280.989990234375,90758,UNH,5m
2026-04-06 13:55:00+00:00,281.0199890136719,282.20001220703125,280.8528137207031,282.1449890136719,73620,UNH,5m
2026-04-06 14:00:00+00:00,282.0799865722656,282.7200012207031,281.70001220703125,282.2200012207031,91776,UNH,5m
2026-04-06 14:05:00+00:00,282.19000244140625,282.7300109863281,281.8450012207031,282.44000244140625,101084,UNH,5m
2026-04-06 14:10:00+00:00,282.45001220703125,282.8099975585937,281.7650146484375,282.0400085449219,103234,UNH,5m
2026-04-06 14:15:00+00:00,282.2099914550781,282.5,281.82989501953125,282.3099975585937,54038,UNH,5m
2026-04-06 14:20:00+00:00,282.2900085449219,282.9620056152344,282.2850036621094,282.6199951171875,60621,UNH,5m
2026-04-06 14:25:00+00:00,282.5799865722656,283.29998779296875,282.3299865722656,282.82598876953125,63697,UNH,5m
2026-04-06 14:30:00+00:00,282.7699890136719,283.1499938964844,282.67999267578125,282.70001220703125,37382,UNH,5m
2026-04-06 14:35:00+00:00,282.75,282.92498779296875,281.8099975585937,282.0799865722656,52619,UNH,5m
2026-04-06 14:40:00+00:00,281.8800048828125,282.2499084472656,281.70001220703125,281.98199462890625,38376,UNH,5m
2026-04-06 14:45:00+00:00,281.85009765625,281.9898986816406,281.20001220703125,281.6099853515625,56628,UNH,5m
2026-04-06 14:50:00+00:00,281.6400146484375,282.010009765625,281.5,282.010009765625,51798,UNH,5m
2026-04-06 14:55:00+00:00,282.05499267578125,282.114990234375,281.6300048828125,281.739990234375,44754,UNH,5m
2026-04-06 15:00:00+00:00,281.7799987792969,281.8399963378906,281.6200866699219,281.7349853515625,30517,UNH,5m
2026-04-06 15:05:00+00:00,281.7349853515625,281.9700012207031,281.6199951171875,281.8099975585937,109611,UNH,5m
2026-04-06 15:10:00+00:00,281.82000732421875,281.9700012207031,281.6000061035156,281.92498779296875,42476,UNH,5m
2026-04-06 15:15:00+00:00,281.9100036621094,282.29998779296875,281.6400146484375,281.739990234375,40403,UNH,5m
2026-04-06 15:20:00+00:00,281.69000244140625,281.9150085449219,281.45001220703125,281.7699890136719,40005,UNH,5m
2026-04-06 15:25:00+00:00,281.8599853515625,282.0,281.6600952148437,281.75,29578,UNH,5m
2026-04-06 15:30:00+00:00,281.7699890136719,282.04998779296875,281.7349853515625,281.9849853515625,45286,UNH,5m
2026-04-06 15:35:00+00:00,281.9700012207031,282.0198974609375,281.239990234375,281.5299987792969,36172,UNH,5m
2026-04-06 15:40:00+00:00,281.5249938964844,281.6700134277344,281.0899963378906,281.59100341796875,26943,UNH,5m
2026-04-06 15:45:00+00:00,281.6499938964844,281.79998779296875,281.54998779296875,281.760009765625,22419,UNH,5m
2026-04-06 15:50:00+00:00,281.7699890136719,281.8799133300781,281.44500732421875,281.635009765625,29519,UNH,5m
2026-04-06 15:55:00+00:00,281.6400146484375,282.20001220703125,281.6109924316406,282.07501220703125,39345,UNH,5m
2026-04-06 16:00:00+00:00,282.07000732421875,282.1300048828125,281.8800048828125,281.8800048828125,29140,UNH,5m
2026-04-06 16:05:00+00:00,281.9599914550781,282.19000244140625,281.7699890136719,281.8299865722656,18775,UNH,5m
2026-04-06 16:10:00+00:00,281.8699951171875,282.0799865722656,281.7900085449219,282.0,23107,UNH,5m
2026-04-06 16:15:00+00:00,282.0599975585937,282.19989013671875,281.9200134277344,282.1449890136719,64813,UNH,5m
2026-04-06 16:20:00+00:00,282.1700134277344,282.3500061035156,282.04010009765625,282.2200012207031,36790,UNH,5m
2026-04-06 16:25:00+00:00,282.2250061035156,282.2799072265625,281.6700134277344,281.75,40471,UNH,5m
2026-04-06 16:30:00+00:00,281.7250061035156,282.239990234375,281.69000244140625,282.1400146484375,21864,UNH,5m
2026-04-06 16:35:00+00:00,282.1000061035156,282.3500061035156,281.8349914550781,282.2900085449219,27923,UNH,5m
2026-04-06 16:40:00+00:00,282.3099975585937,282.3099975585937,281.9603881835937,282.2099914550781,41798,UNH,5m
2026-04-06 16:45:00+00:00,282.2099914550781,282.5299987792969,282.05499267578125,282.2250061035156,48348,UNH,5m
2026-04-06 16:50:00+00:00,282.17999267578125,282.659912109375,282.0899963378906,282.3410949707031,30575,UNH,5m
2026-04-06 16:55:00+00:00,282.3699951171875,282.8349914550781,282.3299865722656,282.739990234375,31629,UNH,5m
2026-04-06 17:00:00+00:00,282.7449951171875,282.7799987792969,282.3399963378906,282.54998779296875,46615,UNH,5m
2026-04-06 17:05:00+00:00,282.5299987792969,282.739990234375,282.4200134277344,282.6849975585937,28187,UNH,5m
2026-04-06 17:10:00+00:00,282.6400146484375,282.6400146484375,281.7799987792969,282.0199890136719,44632,UNH,5m
2026-04-06 17:15:00+00:00,282.0199890136719,282.29998779296875,281.94000244140625,281.9549865722656,31441,UNH,5m
2026-04-06 17:20:00+00:00,281.95001220703125,282.4798889160156,281.7850036621094,282.4100036621094,44296,UNH,5m
2026-04-06 17:25:00+00:00,282.3699951171875,282.6199951171875,282.260009765625,282.4700012207031,36435,UNH,5m
2026-04-06 17:30:00+00:00,282.4599914550781,282.6400146484375,282.2200012207031,282.3999938964844,24693,UNH,5m
2026-04-06 17:35:00+00:00,282.44000244140625,282.7099914550781,281.95001220703125,282.2650146484375,53104,UNH,5m
2026-04-06 17:40:00+00:00,282.2650146484375,282.3800048828125,281.510009765625,281.6167907714844,35726,UNH,5m
2026-04-06 17:45:00+00:00,281.5849914550781,281.6300048828125,280.8299865722656,280.9100952148437,37014,UNH,5m
2026-04-06 17:50:00+00:00,280.9599914550781,281.2598876953125,280.9200134277344,281.125,24149,UNH,5m
2026-04-06 17:55:00+00:00,281.1700134277344,281.3949890136719,281.010009765625,281.0799865722656,22720,UNH,5m
2026-04-06 18:00:00+00:00,281.1199951171875,281.389892578125,281.010009765625,281.32000732421875,17511,UNH,5m
2026-04-06 18:05:00+00:00,281.2699890136719,281.4381103515625,281.1700134277344,281.2320861816406,17087,UNH,5m
2026-04-06 18:10:00+00:00,281.239990234375,281.70001220703125,281.1099853515625,281.20001220703125,28048,UNH,5m
2026-04-06 18:15:00+00:00,281.239990234375,281.37359619140625,281.1642150878906,281.2900085449219,17721,UNH,5m
2026-04-06 18:20:00+00:00,281.3399963378906,281.489990234375,281.1099853515625,281.32000732421875,17063,UNH,5m
2026-04-06 18:25:00+00:00,281.32000732421875,281.6600036621094,281.17999267578125,281.5400085449219,29281,UNH,5m
2026-04-06 18:30:00+00:00,281.5450134277344,281.6199951171875,281.19000244140625,281.2900085449219,20955,UNH,5m
2026-04-06 18:35:00+00:00,281.260009765625,281.393798828125,280.7864990234375,280.7864990234375,19287,UNH,5m
2026-04-06 18:40:00+00:00,280.8500061035156,280.8699951171875,280.5299987792969,280.75,28736,UNH,5m
2026-04-06 18:45:00+00:00,280.7300109863281,280.8800048828125,280.67999267578125,280.7449951171875,25516,UNH,5m
2026-04-06 18:50:00+00:00,280.7449951171875,281.2699890136719,280.67999267578125,281.19000244140625,40799,UNH,5m
2026-04-06 18:55:00+00:00,281.19500732421875,281.3900146484375,281.1000061035156,281.2550048828125,30696,UNH,5m
2026-04-06 19:00:00+00:00,281.2300109863281,281.5599975585937,280.9800109863281,281.5599975585937,28928,UNH,5m
2026-04-06 19:05:00+00:00,281.4801025390625,281.6000061035156,281.1400146484375,281.3900146484375,28141,UNH,5m
2026-04-06 19:10:00+00:00,281.3699951171875,281.45001220703125,281.20001220703125,281.2149963378906,39883,UNH,5m
2026-04-06 19:15:00+00:00,281.2200012207031,281.6099853515625,281.2149963378906,281.5350036621094,43077,UNH,5m
2026-04-06 19:20:00+00:00,281.5299987792969,281.82000732421875,280.79998779296875,280.875,79485,UNH,5m
2026-04-06 19:25:00+00:00,280.875,281.17999267578125,280.5899963378906,281.0899963378906,38264,UNH,5m
2026-04-06 19:30:00+00:00,281.0799865722656,281.2900085449219,281.0599975585937,281.251708984375,58802,UNH,5m
2026-04-06 19:35:00+00:00,281.239990234375,281.239990234375,280.510009765625,280.6099853515625,128199,UNH,5m
2026-04-06 19:40:00+00:00,280.6400146484375,281.0599975585937,280.5299987792969,281.010009765625,67280,UNH,5m
2026-04-06 19:45:00+00:00,281.0,281.239990234375,280.94000244140625,281.0950012207031,78528,UNH,5m
2026-04-06 19:50:00+00:00,281.04998779296875,281.6600036621094,280.8599853515625,281.6600036621094,120753,UNH,5m
2026-04-06 19:55:00+00:00,281.6499938964844,281.8500061035156,281.260009765625,281.4200134277344,335644,UNH,5m
2026-04-07 13:30:00+00:00,308.8450012207031,310.0,304.1499938964844,306.2900085449219,3204608,UNH,5m
2026-04-07 13:35:00+00:00,306.2875061035156,306.5799865722656,302.4800109863281,304.04998779296875,971331,UNH,5m
2026-04-07 13:40:00+00:00,304.0,305.489990234375,303.2900085449219,304.614990234375,700660,UNH,5m
2026-04-07 13:45:00+00:00,304.510009765625,304.6099853515625,301.8699951171875,303.6499938964844,505380,UNH,5m
2026-04-07 13:50:00+00:00,303.5400085449219,304.79998779296875,303.010009765625,303.3450012207031,529463,UNH,5m
2026-04-07 13:55:00+00:00,303.4898986816406,304.70001220703125,301.7099914550781,302.0350036621094,343346,UNH,5m
2026-04-07 14:00:00+00:00,302.0,302.6499938964844,300.75,302.42498779296875,377158,UNH,5m
2026-04-07 14:05:00+00:00,302.4349975585937,303.0199890136719,301.45001220703125,302.7449951171875,281437,UNH,5m
2026-04-07 14:10:00+00:00,302.7799987792969,303.6000061035156,301.5299987792969,302.1700134277344,254099,UNH,5m
2026-04-07 14:15:00+00:00,302.17999267578125,302.8500061035156,301.29998779296875,302.5799865722656,168968,UNH,5m
2026-04-07 14:20:00+00:00,302.6499938964844,303.760009765625,301.3999938964844,303.5150146484375,319365,UNH,5m
2026-04-07 14:25:00+00:00,303.44000244140625,304.67999267578125,303.3999938964844,304.2300109863281,293491,UNH,5m
2026-04-07 14:30:00+00:00,304.260009765625,304.9800109863281,303.2799987792969,304.5799865722656,246289,UNH,5m
2026-04-07 14:35:00+00:00,304.5799865722656,305.2250061035156,303.8299865722656,305.1650085449219,333484,UNH,5m
2026-04-07 14:40:00+00:00,305.114990234375,305.45001220703125,304.6600036621094,305.20001220703125,271005,UNH,5m
2026-04-07 14:45:00+00:00,305.135009765625,305.2950134277344,304.4200134277344,305.010009765625,188895,UNH,5m
2026-04-07 14:50:00+00:00,305.0050048828125,305.1499938964844,304.20001220703125,304.9549865722656,237848,UNH,5m
2026-04-07 14:55:00+00:00,305.0450134277344,305.8599853515625,304.67999267578125,304.8200988769531,251977,UNH,5m
2026-04-07 15:00:00+00:00,304.8599853515625,306.44000244140625,304.510009765625,305.5899963378906,283236,UNH,5m
2026-04-07 15:05:00+00:00,305.510009765625,306.0,304.8999938964844,305.2900085449219,193554,UNH,5m
2026-04-07 15:10:00+00:00,305.5599975585937,306.5599975585937,305.17010498046875,305.4549865722656,365767,UNH,5m
2026-04-07 15:15:00+00:00,305.5,306.0,305.0,305.5975036621094,216481,UNH,5m
2026-04-07 15:20:00+00:00,305.5799865722656,305.75,304.7200012207031,305.010009765625,177966,UNH,5m
2026-04-07 15:25:00+00:00,304.9800109863281,305.94000244140625,304.6300048828125,305.94000244140625,172630,UNH,5m
2026-04-07 15:30:00+00:00,305.95001220703125,306.3599853515625,305.1300048828125,305.44000244140625,123587,UNH,5m
2026-04-07 15:35:00+00:00,305.3900146484375,306.87921142578125,305.3900146484375,306.75,187527,UNH,5m
2026-04-07 15:40:00+00:00,306.70001220703125,306.8099975585937,305.75,305.92999267578125,144418,UNH,5m
2026-04-07 15:45:00+00:00,305.9599914550781,306.8999938964844,305.94000244140625,306.8500061035156,145956,UNH,5m
2026-04-07 15:50:00+00:00,306.80010986328125,307.5299987792969,306.614990234375,307.5299987792969,211944,UNH,5m
2026-04-07 15:55:00+00:00,307.54998779296875,307.8699951171875,306.7200012207031,307.6700134277344,126754,UNH,5m
2026-04-07 16:00:00+00:00,307.6700134277344,308.989990234375,307.6099853515625,308.8900146484375,335508,UNH,5m
2026-04-07 16:05:00+00:00,308.8900146484375,310.4999084472656,308.7799987792969,310.1000061035156,480806,UNH,5m
2026-04-07 16:10:00+00:00,310.1000061035156,311.5,310.090087890625,310.7998962402344,285747,UNH,5m
2026-04-07 16:15:00+00:00,310.7250061035156,310.9599914550781,310.0400085449219,310.1000061035156,195572,UNH,5m
2026-04-07 16:20:00+00:00,310.1199951171875,310.4700012207031,309.3699951171875,309.739990234375,184239,UNH,5m
2026-04-07 16:25:00+00:00,309.739990234375,310.5,309.3399963378906,310.260009765625,200319,UNH,5m
2026-04-07 16:30:00+00:00,310.20001220703125,310.7200012207031,309.6099853515625,309.6300048828125,197967,UNH,5m
2026-04-07 16:35:00+00:00,309.6300048828125,310.139892578125,309.1099853515625,309.3399963378906,177038,UNH,5m
2026-04-07 16:40:00+00:00,309.3807983398437,309.70001220703125,308.5899963378906,308.7799987792969,125761,UNH,5m
2026-04-07 16:45:00+00:00,308.760009765625,309.6300048828125,308.75,308.7699890136719,146764,UNH,5m
2026-04-07 16:50:00+00:00,308.79998779296875,309.69000244140625,308.7401123046875,309.3399963378906,130249,UNH,5m
2026-04-07 16:55:00+00:00,309.3099975585937,309.7898864746094,309.2301025390625,309.4649963378906,126568,UNH,5m
2026-04-07 17:00:00+00:00,309.4100036621094,309.5299987792969,308.9324951171875,309.4150085449219,126582,UNH,5m
2026-04-07 17:05:00+00:00,309.4150085449219,310.29998779296875,309.3099975585937,310.2550048828125,214990,UNH,5m
2026-04-07 17:10:00+00:00,310.2349853515625,311.0,310.17498779296875,310.80499267578125,163081,UNH,5m
2026-04-07 17:15:00+00:00,310.80499267578125,310.9700012207031,310.2900085449219,310.5150146484375,142880,UNH,5m
2026-04-07 17:20:00+00:00,310.5199890136719,310.5400085449219,309.6499938964844,310.17999267578125,141427,UNH,5m
2026-04-07 17:25:00+00:00,310.1400146484375,310.3399963378906,309.7121887207031,309.875,114258,UNH,5m
2026-04-07 17:30:00+00:00,309.8900146484375,310.75,309.6600036621094,310.7449951171875,159488,UNH,5m
2026-04-07 17:35:00+00:00,310.7449951171875,311.6000061035156,310.7449951171875,311.510009765625,168994,UNH,5m
2026-04-07 17:40:00+00:00,311.510009765625,312.2799072265625,311.3299865722656,312.19000244140625,241099,UNH,5m
2026-04-07 17:45:00+00:00,312.1700134277344,312.42999267578125,310.8500061035156,310.94000244140625,186526,UNH,5m
2026-04-07 17:50:00+00:00,310.9599914550781,311.2699890136719,310.82000732421875,311.1199951171875,139633,UNH,5m
2026-04-07 17:55:00+00:00,311.0599975585937,311.2900085449219,310.6600952148437,310.92999267578125,104272,UNH,5m
2026-04-07 18:00:00+00:00,310.989990234375,311.159912109375,310.6600036621094,311.0050048828125,92703,UNH,5m
2026-04-07 18:05:00+00:00,310.9801025390625,311.3900146484375,310.7300109863281,311.1640014648437,103400,UNH,5m
2026-04-07 18:10:00+00:00,311.1723022460937,311.19989013671875,310.6300048828125,310.82000732421875,104182,UNH,5m
2026-04-07 18:15:00+00:00,310.7699890136719,311.06500244140625,310.6600036621094,311.0299987792969,130029,UNH,5m
2026-04-07 18:20:00+00:00,311.0400085449219,311.0899963378906,310.5599975585937,310.67999267578125,99395,UNH,5m
2026-04-07 18:25:00+00:00,310.6600036621094,311.1424865722656,310.57000732421875,311.12811279296875,86027,UNH,5m
2026-04-07 18:30:00+00:00,311.1000061035156,311.44000244140625,310.5400085449219,310.75,160415,UNH,5m
2026-04-07 18:35:00+00:00,310.7349853515625,311.0,310.25,310.4349975585937,151181,UNH,5m
2026-04-07 18:40:00+00:00,310.4100036621094,310.57000732421875,309.8399963378906,309.9750061035156,146416,UNH,5m
2026-04-07 18:45:00+00:00,309.9750061035156,310.3999938964844,309.4599914550781,309.69500732421875,250952,UNH,5m
2026-04-07 18:50:00+00:00,309.70001220703125,309.70001220703125,308.6099853515625,308.6449890136719,134761,UNH,5m
2026-04-07 18:55:00+00:00,308.69000244140625,309.07000732421875,308.4237060546875,308.6000061035156,146007,UNH,5m
2026-04-07 19:00:00+00:00,308.6000061035156,308.8599853515625,308.2200012207031,308.7550048828125,150522,UNH,5m
2026-04-07 19:05:00+00:00,308.739990234375,308.9100036621094,307.760009765625,307.9599914550781,145989,UNH,5m
2026-04-07 19:10:00+00:00,307.9599914550781,308.3099975585937,307.0600891113281,307.5409851074219,219838,UNH,5m
2026-04-07 19:15:00+00:00,307.57000732421875,307.7900085449219,306.70001220703125,307.3299865722656,160970,UNH,5m
2026-04-07 19:20:00+00:00,307.260009765625,308.0199890136719,307.239990234375,307.9486083984375,121503,UNH,5m
2026-04-07 19:25:00+00:00,307.9200134277344,308.45001220703125,307.4150085449219,308.4150085449219,154775,UNH,5m
2026-04-07 19:30:00+00:00,308.4150085449219,308.6600036621094,307.7200012207031,307.82501220703125,167352,UNH,5m
2026-04-07 19:35:00+00:00,307.80059814453125,307.94000244140625,306.5599975585937,306.57000732421875,153983,UNH,5m
2026-04-07 19:40:00+00:00,306.6050109863281,307.4800109863281,306.57000732421875,307.2987060546875,154937,UNH,5m
2026-04-07 19:45:00+00:00,307.32000732421875,308.1300048828125,306.69000244140625,306.8699951171875,251837,UNH,5m
2026-04-07 19:50:00+00:00,306.9100036621094,307.2829895019531,306.5799865722656,307.07501220703125,264900,UNH,5m
2026-04-07 19:55:00+00:00,307.07000732421875,307.82000732421875,306.95001220703125,307.7200012207031,615438,UNH,5m
2026-04-08 13:30:00+00:00,312.0,312.9700012207031,310.8179931640625,311.75,697907,UNH,5m
2026-04-08 13:35:00+00:00,311.75,312.5,310.52508544921875,311.20001220703125,173617,UNH,5m
2026-04-08 13:40:00+00:00,311.239990234375,311.7900085449219,309.375,309.989990234375,217802,UNH,5m
2026-04-08 13:45:00+00:00,310.0299987792969,310.1099853515625,308.54998779296875,309.2950134277344,138725,UNH,5m
2026-04-08 13:50:00+00:00,309.3500061035156,309.989990234375,308.8599853515625,309.8900146484375,174821,UNH,5m
2026-04-08 13:55:00+00:00,309.8186950683594,310.639892578125,309.6600036621094,309.7699890136719,141339,UNH,5m
2026-04-08 14:00:00+00:00,309.7099914550781,310.1600036621094,308.5,309.3681945800781,138955,UNH,5m
2026-04-08 14:05:00+00:00,309.29998779296875,309.29998779296875,307.0509948730469,307.3800048828125,132560,UNH,5m
2026-04-08 14:10:00+00:00,307.3399963378906,308.1300048828125,306.6400146484375,307.2200012207031,99787,UNH,5m
2026-04-08 14:15:00+00:00,307.2250061035156,308.2300109863281,306.8399963378906,307.19000244140625,102952,UNH,5m
2026-04-08 14:20:00+00:00,307.1700134277344,307.82000732421875,306.5,307.6849975585937,115912,UNH,5m
2026-04-08 14:25:00+00:00,307.67498779296875,308.0299987792969,306.44000244140625,306.4949951171875,120004,UNH,5m
2026-04-08 14:30:00+00:00,306.6000061035156,306.9200134277344,306.010009765625,306.5,76940,UNH,5m
2026-04-08 14:35:00+00:00,306.5,306.6400146484375,305.9200134277344,306.32000732421875,79502,UNH,5m
2026-04-08 14:40:00+00:00,306.2850036621094,306.7300109863281,306.0,306.42999267578125,101235,UNH,5m
2026-04-08 14:45:00+00:00,306.5799865722656,306.5799865722656,306.0,306.1600952148437,65558,UNH,5m
2026-04-08 14:50:00+00:00,306.2145080566406,306.5,305.82000732421875,306.44000244140625,59962,UNH,5m
2026-04-08 14:55:00+00:00,306.45001220703125,306.5150146484375,305.3999938964844,305.5249938964844,71225,UNH,5m
2026-04-08 15:00:00+00:00,305.6099853515625,305.8699951171875,305.29998779296875,305.6600036621094,53293,UNH,5m
2026-04-08 15:05:00+00:00,305.625,305.92840576171875,305.4800109863281,305.82501220703125,66692,UNH,5m
2026-04-08 15:10:00+00:00,305.8299865722656,306.1600036621094,305.0599975585937,305.92999267578125,125468,UNH,5m
2026-04-08 15:15:00+00:00,305.95001220703125,306.2001037597656,305.6300048828125,305.79998779296875,72658,UNH,5m
2026-04-08 15:20:00+00:00,305.81500244140625,306.0400085449219,305.4693908691406,306.0,71872,UNH,5m
2026-04-08 15:25:00+00:00,306.0150146484375,306.0150146484375,304.9100036621094,305.614990234375,133860,UNH,5m
2026-04-08 15:30:00+00:00,305.6000061035156,305.8500061035156,305.2799987792969,305.79998779296875,63745,UNH,5m
2026-04-08 15:35:00+00:00,305.7699890136719,306.1340026855469,305.3599853515625,306.1000061035156,66190,UNH,5m
2026-04-08 15:40:00+00:00,306.04998779296875,306.09991455078125,305.0,305.0799865722656,86883,UNH,5m
2026-04-08 15:45:00+00:00,305.0899963378906,305.9800109863281,305.0899963378906,305.8299865722656,93680,UNH,5m
2026-04-08 15:50:00+00:00,305.8800048828125,306.1000061035156,305.54998779296875,305.6004943847656,75811,UNH,5m
2026-04-08 15:55:00+00:00,305.6050109863281,306.1000061035156,305.5599975585937,305.8999938964844,50594,UNH,5m
2026-04-08 16:00:00+00:00,305.92999267578125,306.260009765625,305.309814453125,305.67498779296875,68615,UNH,5m
2026-04-08 16:05:00+00:00,305.67498779296875,305.760009765625,305.17999267578125,305.2900085449219,82089,UNH,5m
2026-04-08 16:10:00+00:00,305.2699890136719,306.6099853515625,304.8316955566406,306.2699890136719,124043,UNH,5m
2026-04-08 16:15:00+00:00,306.25,307.6199951171875,306.20001220703125,307.54998779296875,121102,UNH,5m
2026-04-08 16:20:00+00:00,307.5849914550781,307.6199951171875,306.92999267578125,306.9700012207031,56306,UNH,5m
2026-04-08 16:25:00+00:00,306.989990234375,307.4200134277344,306.5899963378906,307.2799987792969,156427,UNH,5m
2026-04-08 16:30:00+00:00,307.2749938964844,307.4100036621094,306.95001220703125,306.9800109863281,55037,UNH,5m
2026-04-08 16:35:00+00:00,306.9700012207031,307.2200012207031,305.2699890136719,305.4549865722656,75184,UNH,5m
2026-04-08 16:40:00+00:00,305.4100036621094,306.1700134277344,305.3500061035156,305.6099853515625,198230,UNH,5m
2026-04-08 16:45:00+00:00,305.6549987792969,305.8099975585937,305.0400085449219,305.54998779296875,72203,UNH,5m
2026-04-08 16:50:00+00:00,305.5899963378906,306.14990234375,305.3299865722656,305.90069580078125,100436,UNH,5m
2026-04-08 16:55:00+00:00,305.864990234375,306.19000244140625,305.7699890136719,306.0599975585937,587545,UNH,5m
2026-04-08 17:00:00+00:00,306.06500244140625,306.5050048828125,305.8999938964844,306.5050048828125,59099,UNH,5m
2026-04-08 17:05:00+00:00,306.5050048828125,306.8900146484375,306.4800109863281,306.80499267578125,46150,UNH,5m
2026-04-08 17:10:00+00:00,306.760009765625,306.7799987792969,306.0450134277344,306.15380859375,65623,UNH,5m
2026-04-08 17:15:00+00:00,306.1300048828125,306.3599853515625,305.77081298828125,306.19000244140625,56319,UNH,5m
2026-04-08 17:20:00+00:00,306.19500732421875,306.5299987792969,306.0,306.4800109863281,82909,UNH,5m
2026-04-08 17:25:00+00:00,306.5199890136719,307.0979919433594,306.4200134277344,307.010009765625,65144,UNH,5m
2026-04-08 17:30:00+00:00,307.04998779296875,307.3900146484375,306.7699890136719,307.2200012207031,52608,UNH,5m
2026-04-08 17:35:00+00:00,307.2514038085937,308.45001220703125,307.2449951171875,308.45001220703125,68229,UNH,5m
2026-04-08 17:40:00+00:00,308.4159851074219,308.5599975585937,307.6300048828125,307.8699951171875,80528,UNH,5m
2026-04-08 17:45:00+00:00,307.8500061035156,308.0,307.51141357421875,307.7349853515625,57707,UNH,5m
2026-04-08 17:50:00+00:00,307.7349853515625,307.7799987792969,307.07000732421875,307.25,54688,UNH,5m
2026-04-08 17:55:00+00:00,307.20001220703125,307.3099975585937,307.0,307.114990234375,36839,UNH,5m
2026-04-08 18:00:00+00:00,307.114990234375,307.3399963378906,306.9100036621094,306.9200134277344,39126,UNH,5m
2026-04-08 18:05:00+00:00,306.8909912109375,307.0,306.6400146484375,306.7900085449219,49148,UNH,5m
2026-04-08 18:10:00+00:00,306.7900085449219,306.79998779296875,306.2699890136719,306.2699890136719,49060,UNH,5m
2026-04-08 18:15:00+00:00,306.2799987792969,306.489990234375,305.32000732421875,305.364990234375,58648,UNH,5m
2026-04-08 18:20:00+00:00,305.3299865722656,305.9700012207031,305.3099975585937,305.5799865722656,62957,UNH,5m
2026-04-08 18:25:00+00:00,305.5799865722656,306.19000244140625,305.4599914550781,306.1700134277344,45088,UNH,5m
2026-04-08 18:30:00+00:00,306.1600036621094,306.3800048828125,305.79998779296875,305.82000732421875,49857,UNH,5m
2026-04-08 18:35:00+00:00,305.760009765625,305.94989013671875,305.6000061035156,305.69000244140625,60047,UNH,5m
2026-04-08 18:40:00+00:00,305.7099914550781,305.739990234375,305.1400146484375,305.2799987792969,48972,UNH,5m
2026-04-08 18:45:00+00:00,305.239990234375,305.4700012207031,305.07000732421875,305.0975036621094,75407,UNH,5m
2026-04-08 18:50:00+00:00,305.0849914550781,305.6199951171875,305.0199890136719,305.6099853515625,51474,UNH,5m
2026-04-08 18:55:00+00:00,305.60009765625,305.6600036621094,305.1700134277344,305.2749938964844,67137,UNH,5m
2026-04-08 19:00:00+00:00,305.260009765625,305.6700134277344,305.07000732421875,305.5249938964844,58965,UNH,5m
2026-04-08 19:05:00+00:00,305.52490234375,305.67999267578125,305.260009765625,305.4750061035156,46535,UNH,5m
2026-04-08 19:10:00+00:00,305.510009765625,306.0,305.4599914550781,305.67999267578125,74339,UNH,5m
2026-04-08 19:15:00+00:00,305.7200012207031,305.760009765625,305.19000244140625,305.3599853515625,63047,UNH,5m
2026-04-08 19:20:00+00:00,305.3550109863281,305.5799865722656,305.1400146484375,305.42999267578125,49518,UNH,5m
2026-04-08 19:25:00+00:00,305.489990234375,305.94000244140625,305.3800048828125,305.70001220703125,76010,UNH,5m
2026-04-08 19:30:00+00:00,305.6000061035156,306.1199951171875,305.5599975585937,305.7749938964844,73469,UNH,5m
2026-04-08 19:35:00+00:00,305.79998779296875,306.0,305.7099914550781,305.989990234375,67428,UNH,5m
2026-04-08 19:40:00+00:00,305.9800109863281,306.1400146484375,305.6199951171875,306.0299987792969,82429,UNH,5m
2026-04-08 19:45:00+00:00,306.01080322265625,306.5599975585937,306.0,306.1499938964844,93597,UNH,5m
2026-04-08 19:50:00+00:00,306.1400146484375,306.5899963378906,306.1199951171875,306.56500244140625,151780,UNH,5m
2026-04-08 19:55:00+00:00,306.5799865722656,306.8299865722656,305.8599853515625,305.8900146484375,371148,UNH,5m
2026-04-09 13:30:00+00:00,305.82000732421875,307.0,305.0,305.7900085449219,464421,UNH,5m
2026-04-09 13:35:00+00:00,305.6000061035156,306.8999938964844,305.5799865722656,306.7300109863281,100108,UNH,5m
2026-04-09 13:40:00+00:00,306.80487060546875,307.375,306.2900085449219,306.639892578125,86997,UNH,5m
2026-04-09 13:45:00+00:00,306.6000061035156,306.6099853515625,304.5599975585937,305.0899963378906,119201,UNH,5m
2026-04-09 13:50:00+00:00,305.07000732421875,305.29998779296875,304.2113037109375,304.4700012207031,75679,UNH,5m
2026-04-09 13:55:00+00:00,304.3550109863281,305.4800109863281,304.1400146484375,305.1600036621094,155947,UNH,5m
2026-04-09 14:00:00+00:00,305.07000732421875,305.3099975585937,304.5,304.5899963378906,50623,UNH,5m
2026-04-09 14:05:00+00:00,304.6449890136719,305.375,304.42999267578125,304.6199951171875,44051,UNH,5m
2026-04-09 14:10:00+00:00,304.6199951171875,305.0,304.4301147460937,304.65008544921875,41506,UNH,5m
2026-04-09 14:15:00+00:00,304.7099914550781,305.9599914550781,304.6099853515625,305.6600036621094,62647,UNH,5m
2026-04-09 14:20:00+00:00,305.6449890136719,306.1000061035156,305.635009765625,306.1000061035156,26545,UNH,5m
2026-04-09 14:25:00+00:00,306.0450134277344,307.0,305.8299865722656,306.8999938964844,56847,UNH,5m
2026-04-09 14:30:00+00:00,306.8599853515625,307.17999267578125,306.2900085449219,306.3800964355469,36123,UNH,5m
2026-04-09 14:35:00+00:00,306.489990234375,306.8800048828125,306.4100036621094,306.82501220703125,31157,UNH,5m
2026-04-09 14:40:00+00:00,306.822509765625,306.82501220703125,306.4599914550781,306.4599914550781,47155,UNH,5m
2026-04-09 14:45:00+00:00,306.45001220703125,306.54998779296875,305.79998779296875,305.8550109863281,35353,UNH,5m
2026-04-09 14:50:00+00:00,305.79998779296875,306.31500244140625,305.6400146484375,306.2950134277344,55664,UNH,5m
2026-04-09 14:55:00+00:00,306.260009765625,306.6300048828125,306.260009765625,306.5799865722656,29045,UNH,5m
2026-04-09 15:00:00+00:00,306.5799865722656,306.7550048828125,305.8999938964844,306.489990234375,36707,UNH,5m
2026-04-09 15:05:00+00:00,306.5199890136719,306.8778076171875,306.0799865722656,306.29998779296875,245725,UNH,5m
2026-04-09 15:10:00+00:00,306.3341979980469,306.9700012207031,306.2799987792969,306.8800048828125,24697,UNH,5m
2026-04-09 15:15:00+00:00,306.875,307.0799865722656,306.4815979003906,306.7200012207031,27463,UNH,5m
2026-04-09 15:20:00+00:00,306.7898864746094,306.8099975585937,306.2099914550781,306.32501220703125,22362,UNH,5m
2026-04-09 15:25:00+00:00,306.3299865722656,306.42999267578125,306.0400085449219,306.07501220703125,43060,UNH,5m
2026-04-09 15:30:00+00:00,306.07501220703125,306.44000244140625,305.510009765625,306.1600036621094,45547,UNH,5m
2026-04-09 15:35:00+00:00,306.1650085449219,306.3691101074219,305.760009765625,305.92498779296875,284961,UNH,5m
2026-04-09 15:40:00+00:00,305.8899230957031,306.260009765625,305.82000732421875,306.1600036621094,23961,UNH,5m
2026-04-09 15:45:00+00:00,306.0799865722656,306.4800109863281,306.0799865722656,306.239990234375,26524,UNH,5m
2026-04-09 15:50:00+00:00,306.239990234375,306.75,306.1600036621094,306.67498779296875,29133,UNH,5m
2026-04-09 15:55:00+00:00,306.70001220703125,307.17999267578125,306.65008544921875,306.7200012207031,36045,UNH,5m
2026-04-09 16:00:00+00:00,306.7650146484375,307.25,306.7650146484375,306.95001220703125,44487,UNH,5m
2026-04-09 16:05:00+00:00,306.82000732421875,307.0299987792969,306.79998779296875,306.8500061035156,22066,UNH,5m
2026-04-09 16:10:00+00:00,306.8099975585937,307.0199890136719,306.68280029296875,306.8399963378906,51887,UNH,5m
2026-04-09 16:15:00+00:00,306.8800048828125,307.3099975585937,306.82281494140625,307.2200012207031,16627,UNH,5m
2026-04-09 16:20:00+00:00,307.2200012207031,307.239990234375,306.25,306.364990234375,22772,UNH,5m
2026-04-09 16:25:00+00:00,306.46990966796875,306.82000732421875,306.3299865722656,306.82000732421875,27692,UNH,5m
2026-04-09 16:30:00+00:00,306.7699890136719,306.8890991210937,306.5,306.8399963378906,24813,UNH,5m
2026-04-09 16:35:00+00:00,306.8399963378906,306.9649963378906,306.75,306.75,14432,UNH,5m
2026-04-09 16:40:00+00:00,306.82501220703125,306.82501220703125,306.50469970703125,306.69500732421875,19648,UNH,5m
2026-04-09 16:45:00+00:00,306.6400146484375,306.8099975585937,306.510009765625,306.7900085449219,29445,UNH,5m
2026-04-09 16:50:00+00:00,306.8399963378906,306.9800109863281,306.739990234375,306.8099060058594,24413,UNH,5m
2026-04-09 16:55:00+00:00,306.7749938964844,306.79998779296875,306.6000061035156,306.6650085449219,20289,UNH,5m
2026-04-09 17:00:00+00:00,306.70001220703125,306.8599853515625,305.7200012207031,306.2200012207031,57451,UNH,5m
2026-04-09 17:05:00+00:00,306.2650146484375,306.4540100097656,306.0899963378906,306.29998779296875,21597,UNH,5m
2026-04-09 17:10:00+00:00,306.29998779296875,306.4200134277344,305.9200134277344,305.9800109863281,31695,UNH,5m
2026-04-09 17:15:00+00:00,305.9750061035156,306.4150085449219,305.9255065917969,306.2699890136719,25378,UNH,5m
2026-04-09 17:20:00+00:00,306.2699890136719,306.2898864746094,306.05499267578125,306.17999267578125,25588,UNH,5m
2026-04-09 17:25:00+00:00,306.15008544921875,306.2900085449219,306.1099853515625,306.1600036621094,29785,UNH,5m
2026-04-09 17:30:00+00:00,306.17498779296875,306.8179016113281,305.8599853515625,306.7359924316406,42263,UNH,5m
2026-04-09 17:35:00+00:00,306.70001220703125,307.489990234375,306.70001220703125,307.1195983886719,53773,UNH,5m
2026-04-09 17:40:00+00:00,307.1199951171875,307.20001220703125,306.9601135253906,307.1000061035156,23305,UNH,5m
2026-04-09 17:45:00+00:00,307.0899963378906,307.4200134277344,307.0299987792969,307.3399963378906,32248,UNH,5m
2026-04-09 17:50:00+00:00,307.3399963378906,307.4200134277344,307.17999267578125,307.3399963378906,20745,UNH,5m
2026-04-09 17:55:00+00:00,307.3999938964844,307.3999938964844,307.1199951171875,307.17999267578125,18162,UNH,5m
2026-04-09 18:00:00+00:00,307.1868896484375,307.239990234375,306.6000061035156,306.8900146484375,36722,UNH,5m
2026-04-09 18:05:00+00:00,306.8500061035156,307.20001220703125,306.63018798828125,306.92999267578125,108971,UNH,5m
2026-04-09 18:10:00+00:00,306.9100036621094,307.0599975585937,306.67999267578125,306.7449951171875,22095,UNH,5m
2026-04-09 18:15:00+00:00,306.69000244140625,306.9649963378906,306.67999267578125,306.8299865722656,23368,UNH,5m
2026-04-09 18:20:00+00:00,306.8299865722656,306.8800048828125,306.3900146484375,306.6000061035156,27587,UNH,5m
2026-04-09 18:25:00+00:00,306.6000061035156,307.06500244140625,306.5599975585937,306.7749938964844,36646,UNH,5m
2026-04-09 18:30:00+00:00,306.7699890136719,307.0199890136719,306.5950012207031,306.5950012207031,21912,UNH,5m
2026-04-09 18:35:00+00:00,306.57501220703125,306.8099975585937,306.510009765625,306.7200012207031,99992,UNH,5m
2026-04-09 18:40:00+00:00,306.7799987792969,306.864501953125,306.5899963378906,306.6650085449219,26263,UNH,5m
2026-04-09 18:45:00+00:00,306.6400146484375,306.7200012207031,306.20001220703125,306.2799987792969,41196,UNH,5m
2026-04-09 18:50:00+00:00,306.239990234375,306.3210144042969,306.0,306.07989501953125,0,UNH,5m
2026-04-09 18:55:00+00:00,306.1400146484375,306.1449890136719,305.95001220703125,305.95001220703125,398236,UNH,5m
2026-04-09 19:00:00+00:00,306.0,306.3949890136719,305.92999267578125,306.3599853515625,34127,UNH,5m
2026-04-09 19:05:00+00:00,306.3949890136719,306.44000244140625,306.0400085449219,306.2699890136719,21597,UNH,5m
2026-04-09 19:10:00+00:00,306.2749938964844,306.4200134277344,306.2200012207031,306.2900085449219,21750,UNH,5m
2026-04-09 19:15:00+00:00,306.3299865722656,306.7749938964844,306.2799987792969,306.2900085449219,57300,UNH,5m
2026-04-09 19:20:00+00:00,306.3699951171875,306.6700134277344,306.2200012207031,306.6099853515625,36921,UNH,5m
2026-04-09 19:25:00+00:00,306.6099853515625,306.7099914550781,306.5199890136719,306.5299987792969,31450,UNH,5m
2026-04-09 19:30:00+00:00,306.5799865722656,306.8900146484375,306.54998779296875,306.6600036621094,60171,UNH,5m
2026-04-09 19:35:00+00:00,306.6650085449219,306.7799987792969,306.32000732421875,306.4599914550781,54740,UNH,5m
2026-04-09 19:40:00+00:00,306.3999938964844,307.2950134277344,306.3999938964844,307.260009765625,61249,UNH,5m
2026-04-09 19:45:00+00:00,307.2300109863281,307.4200134277344,306.9700012207031,307.1778869628906,66513,UNH,5m
2026-04-09 19:50:00+00:00,307.1849975585937,307.7300109863281,306.9700012207031,307.6700134277344,93552,UNH,5m
2026-04-09 19:55:00+00:00,307.6700134277344,307.885009765625,306.8900146484375,307.04998779296875,334626,UNH,5m
2026-04-10 13:30:00+00:00,307.95001220703125,309.5,307.0,308.54998779296875,181958,UNH,5m
2026-04-10 13:35:00+00:00,308.69000244140625,309.8999938964844,307.69000244140625,309.5632019042969,86056,UNH,5m
2026-04-10 13:40:00+00:00,309.489990234375,310.3699035644531,309.3699951171875,310.05499267578125,120801,UNH,5m
2026-04-10 13:45:00+00:00,310.1199951171875,310.1849975585937,308.1801147460937,308.2900085449219,133419,UNH,5m
2026-04-10 13:50:00+00:00,308.2200927734375,308.57000732421875,306.1099853515625,307.19000244140625,100654,UNH,5m
2026-04-10 13:55:00+00:00,307.0899963378906,308.1300048828125,306.6499938964844,308.010009765625,72610,UNH,5m
2026-04-10 14:00:00+00:00,307.82000732421875,308.5,307.44000244140625,308.0144958496094,64455,UNH,5m
2026-04-10 14:05:00+00:00,307.9100036621094,308.739990234375,307.9100036621094,308.5899963378906,32223,UNH,5m
2026-04-10 14:10:00+00:00,308.6650085449219,309.5799865722656,308.3800048828125,309.45001220703125,78407,UNH,5m
2026-04-10 14:15:00+00:00,309.5,309.6400146484375,309.17999267578125,309.2250061035156,44760,UNH,5m
2026-04-10 14:20:00+00:00,309.2300109863281,309.45001220703125,309.010009765625,309.2900085449219,46452,UNH,5m
2026-04-10 14:25:00+00:00,309.2749938964844,309.2799987792969,308.7200012207031,308.8699951171875,27739,UNH,5m
2026-04-10 14:30:00+00:00,308.8900146484375,308.9200134277344,308.54998779296875,308.6000061035156,73668,UNH,5m
2026-04-10 14:35:00+00:00,308.5600891113281,309.20001220703125,308.5600891113281,309.0,41515,UNH,5m
2026-04-10 14:40:00+00:00,309.0,309.1050109863281,308.2200012207031,308.5299987792969,38436,UNH,5m
2026-04-10 14:45:00+00:00,308.4800109863281,308.7850036621094,308.20001220703125,308.2799987792969,34942,UNH,5m
2026-04-10 14:50:00+00:00,308.2900085449219,308.760009765625,308.17999267578125,308.6000061035156,32471,UNH,5m
2026-04-10 14:55:00+00:00,308.5599975585937,308.8299865722656,308.5,308.7250061035156,42304,UNH,5m
2026-04-10 15:00:00+00:00,308.760009765625,309.0050048828125,308.6199951171875,308.7650146484375,48212,UNH,5m
2026-04-10 15:05:00+00:00,308.7113037109375,309.1300048828125,308.50250244140625,309.0474853515625,55783,UNH,5m
2026-04-10 15:10:00+00:00,309.0450134277344,309.44000244140625,308.9599914550781,309.0,63061,UNH,5m
2026-04-10 15:15:00+00:00,308.9599914550781,309.2900085449219,308.7799987792969,309.1650085449219,51064,UNH,5m
2026-04-10 15:20:00+00:00,309.160888671875,309.2699890136719,308.5599975585937,308.75,56616,UNH,5m
2026-04-10 15:25:00+00:00,308.7200012207031,309.0400085449219,308.5899963378906,309.0299987792969,36094,UNH,5m
2026-04-10 15:30:00+00:00,309.0799865722656,309.2699890136719,308.9700012207031,309.20001220703125,49593,UNH,5m
2026-04-10 15:35:00+00:00,309.2099914550781,309.260009765625,308.8599853515625,308.8999938964844,47114,UNH,5m
2026-04-10 15:40:00+00:00,308.8949890136719,308.95001220703125,308.5201110839844,308.739990234375,33038,UNH,5m
2026-04-10 15:45:00+00:00,308.7550048828125,309.0,308.5,308.57000732421875,37378,UNH,5m
2026-04-10 15:50:00+00:00,308.635009765625,308.6600036621094,308.2300109863281,308.3500061035156,69113,UNH,5m
2026-04-10 15:55:00+00:00,308.3251037597656,308.3500061035156,307.6600036621094,307.82000732421875,38083,UNH,5m
2026-04-10 16:00:00+00:00,307.7799987792969,308.0199890136719,307.625,307.7699890136719,38066,UNH,5m
2026-04-10 16:05:00+00:00,307.8099975585937,308.0,307.6499938964844,307.78009033203125,38446,UNH,5m
2026-04-10 16:10:00+00:00,307.81500244140625,308.07000732421875,307.739990234375,308.07000732421875,29453,UNH,5m
2026-04-10 16:15:00+00:00,308.07000732421875,308.4200134277344,307.7699890136719,307.9700012207031,36216,UNH,5m
2026-04-10 16:20:00+00:00,307.9349975585937,308.1600036621094,307.7749938964844,308.1000061035156,33284,UNH,5m
2026-04-10 16:25:00+00:00,308.1505126953125,308.29150390625,308.0299987792969,308.0899963378906,22053,UNH,5m
2026-04-10 16:30:00+00:00,308.1000061035156,308.3399963378906,307.9849853515625,307.989990234375,25258,UNH,5m
2026-04-10 16:35:00+00:00,308.0899963378906,308.0899963378906,307.760009765625,307.8800048828125,19993,UNH,5m
2026-04-10 16:40:00+00:00,307.8612976074219,307.9798889160156,307.489990234375,307.8500061035156,42426,UNH,5m
2026-04-10 16:45:00+00:00,307.8099975585937,307.9100036621094,307.5400085449219,307.88751220703125,19991,UNH,5m
2026-04-10 16:50:00+00:00,307.8599853515625,308.0,307.7799987792969,307.8500061035156,27796,UNH,5m
2026-04-10 16:55:00+00:00,307.8500061035156,308.0430908203125,307.3399963378906,307.375,34118,UNH,5m
2026-04-10 17:00:00+00:00,307.3800048828125,307.57000732421875,307.1199951171875,307.4049987792969,42316,UNH,5m
2026-04-10 17:05:00+00:00,307.4100036621094,307.4100036621094,306.69000244140625,306.7049865722656,39593,UNH,5m
2026-04-10 17:10:00+00:00,306.70001220703125,307.2900085449219,306.57000732421875,306.885009765625,30305,UNH,5m
2026-04-10 17:15:00+00:00,306.885009765625,306.9750061035156,306.20001220703125,306.3399963378906,36904,UNH,5m
2026-04-10 17:20:00+00:00,306.3900146484375,306.4700012207031,306.20001220703125,306.3399963378906,27173,UNH,5m
2026-04-10 17:25:00+00:00,306.3699951171875,306.5599975585937,306.1400146484375,306.239990234375,31227,UNH,5m
2026-04-10 17:30:00+00:00,306.2200012207031,306.5899963378906,305.9599914550781,306.5884094238281,52782,UNH,5m
2026-04-10 17:35:00+00:00,306.5199890136719,306.67999267578125,306.1099853515625,306.239990234375,36365,UNH,5m
2026-04-10 17:40:00+00:00,306.20001220703125,306.3900146484375,306.0799865722656,306.0799865722656,35146,UNH,5m
2026-04-10 17:45:00+00:00,306.0799865722656,306.2699890136719,305.79998779296875,305.82000732421875,88851,UNH,5m
2026-04-10 17:50:00+00:00,305.8500061035156,306.0299987792969,305.760009765625,305.95001220703125,29885,UNH,5m
2026-04-10 17:55:00+00:00,305.9100036621094,305.92999267578125,305.3399963378906,305.81500244140625,67458,UNH,5m
2026-04-10 18:00:00+00:00,305.8399963378906,305.8399963378906,305.260009765625,305.3399963378906,35241,UNH,5m
2026-04-10 18:05:00+00:00,305.364990234375,305.5899963378906,305.2300109863281,305.4100036621094,41853,UNH,5m
2026-04-10 18:10:00+00:00,305.42999267578125,305.42999267578125,305.04998779296875,305.1400146484375,37308,UNH,5m
2026-04-10 18:15:00+00:00,305.1099853515625,305.58990478515625,305.1099853515625,305.4849853515625,19391,UNH,5m
2026-04-10 18:20:00+00:00,305.44000244140625,305.4849853515625,305.20001220703125,305.2449951171875,25606,UNH,5m
2026-04-10 18:25:00+00:00,305.20098876953125,305.59991455078125,305.20001220703125,305.54998779296875,23493,UNH,5m
2026-04-10 18:30:00+00:00,305.5199890136719,305.5899963378906,305.29010009765625,305.4549865722656,32421,UNH,5m
2026-04-10 18:35:00+00:00,305.4200134277344,305.4750061035156,305.2200012207031,305.3999938964844,23338,UNH,5m
2026-04-10 18:40:00+00:00,305.3999938964844,305.3999938964844,305.07000732421875,305.3599853515625,40423,UNH,5m
2026-04-10 18:45:00+00:00,305.3800048828125,305.4725952148437,305.0899963378906,305.1400146484375,25427,UNH,5m
2026-04-10 18:50:00+00:00,305.0799865722656,305.1199951171875,304.760009765625,304.7799987792969,25813,UNH,5m
2026-04-10 18:55:00+00:00,304.79998779296875,304.94000244140625,304.70001220703125,304.8349914550781,29397,UNH,5m
2026-04-10 19:00:00+00:00,304.8099975585937,305.0682067871094,304.7049865722656,304.9700927734375,28319,UNH,5m
2026-04-10 19:05:00+00:00,304.9700012207031,305.00909423828125,304.5000915527344,304.7250061035156,27971,UNH,5m
2026-04-10 19:10:00+00:00,304.67999267578125,304.8399963378906,304.6099853515625,304.8099975585937,33130,UNH,5m
2026-04-10 19:15:00+00:00,304.81640625,305.0899963378906,304.6153869628906,304.6400146484375,33698,UNH,5m
2026-04-10 19:20:00+00:00,304.6849975585937,304.8299865722656,304.5,304.8299865722656,40948,UNH,5m
2026-04-10 19:25:00+00:00,304.9100036621094,305.0,304.5,304.5350036621094,58031,UNH,5m
2026-04-10 19:30:00+00:00,304.5199890136719,304.6300048828125,304.29998779296875,304.5599975585937,62394,UNH,5m
2026-04-10 19:35:00+00:00,304.58990478515625,304.6300048828125,304.20001220703125,304.2300109863281,80232,UNH,5m
2026-04-10 19:40:00+00:00,304.2799987792969,304.82000732421875,304.239990234375,304.7200012207031,63322,UNH,5m
2026-04-10 19:45:00+00:00,304.7099914550781,305.0799865722656,304.5400085449219,304.9800109863281,95474,UNH,5m
2026-04-10 19:50:00+00:00,304.9200134277344,305.0599060058594,304.5199890136719,304.56500244140625,104967,UNH,5m
2026-04-10 19:55:00+00:00,304.5299987792969,304.9700012207031,304.3349914550781,304.4599914550781,271374,UNH,5m
2026-04-13 13:30:00+00:00,303.25,304.2698974609375,302.9200134277344,303.82000732421875,205562,UNH,5m
2026-04-13 13:35:00+00:00,303.8099975585937,304.42999267578125,303.07000732421875,304.29998779296875,115230,UNH,5m
2026-04-13 13:40:00+00:00,304.24383544921875,305.4800109863281,303.760009765625,305.3999938964844,97796,UNH,5m
2026-04-13 13:45:00+00:00,305.44000244140625,307.0,305.010009765625,306.9200134277344,94357,UNH,5m
2026-04-13 13:50:00+00:00,306.82000732421875,308.19000244140625,306.5,307.6499938964844,121750,UNH,5m
2026-04-13 13:55:00+00:00,307.6499938964844,308.6199951171875,307.6499938964844,308.6199951171875,69574,UNH,5m
2026-04-13 14:00:00+00:00,308.5350036621094,308.5599975585937,307.0,307.20001220703125,101554,UNH,5m
2026-04-13 14:05:00+00:00,307.1000061035156,307.7289123535156,305.8999938964844,306.0,69028,UNH,5m
2026-04-13 14:10:00+00:00,306.0299987792969,306.639892578125,306.01495361328125,306.2699890136719,47096,UNH,5m
2026-04-13 14:15:00+00:00,306.2200012207031,306.2200012207031,305.64111328125,306.0199890136719,45671,UNH,5m
2026-04-13 14:20:00+00:00,306.0199890136719,306.0400085449219,305.385009765625,306.010009765625,56286,UNH,5m
2026-04-13 14:25:00+00:00,306.0050048828125,306.7799987792969,305.8699951171875,306.7149963378906,42726,UNH,5m
2026-04-13 14:30:00+00:00,306.7799987792969,307.0,306.42999267578125,306.67999267578125,35943,UNH,5m
2026-04-13 14:35:00+00:00,306.67999267578125,306.8500061035156,306.3500061035156,306.7250061035156,535089,UNH,5m
2026-04-13 14:40:00+00:00,306.7300109863281,307.20001220703125,306.69000244140625,306.92999267578125,39431,UNH,5m
2026-04-13 14:45:00+00:00,306.92999267578125,306.9769897460937,306.6499938964844,306.7300109863281,37447,UNH,5m
2026-04-13 14:50:00+00:00,306.7300109863281,306.8399963378906,306.5400085449219,306.8399963378906,39268,UNH,5m
2026-04-13 14:55:00+00:00,306.81500244140625,307.04998779296875,306.3900146484375,306.9700012207031,40847,UNH,5m
2026-04-13 15:00:00+00:00,306.9700012207031,307.1482849121094,306.6400146484375,306.82000732421875,34437,UNH,5m
2026-04-13 15:05:00+00:00,306.8074951171875,307.05841064453125,306.6499938964844,306.885009765625,121710,UNH,5m
2026-04-13 15:10:00+00:00,306.9349975585937,307.6600036621094,306.8099975585937,307.4049987792969,57779,UNH,5m
2026-04-13 15:15:00+00:00,307.4200134277344,307.5,306.79998779296875,307.2850036621094,64032,UNH,5m
2026-04-13 15:20:00+00:00,307.2950134277344,307.7499084472656,307.2200012207031,307.2850036621094,46447,UNH,5m
2026-04-13 15:25:00+00:00,307.2300109863281,307.6300048828125,307.1099853515625,307.6199951171875,41116,UNH,5m
2026-04-13 15:30:00+00:00,307.6300048828125,307.6300048828125,306.8399963378906,306.9200134277344,38794,UNH,5m
2026-04-13 15:35:00+00:00,306.95001220703125,307.17999267578125,306.7799987792969,306.7799987792969,31487,UNH,5m
2026-04-13 15:40:00+00:00,306.8399963378906,307.0,306.739990234375,306.7449951171875,28640,UNH,5m
2026-04-13 15:45:00+00:00,306.7449951171875,307.0400085449219,306.6099853515625,307.0,242006,UNH,5m
2026-04-13 15:50:00+00:00,307.0400085449219,307.5150146484375,307.03009033203125,307.29998779296875,36698,UNH,5m
2026-04-13 15:55:00+00:00,307.2900085449219,307.6600036621094,307.20001220703125,307.5249938964844,21062,UNH,5m
2026-04-13 16:00:00+00:00,307.54998779296875,308.1700134277344,307.5,307.8699951171875,62020,UNH,5m
2026-04-13 16:05:00+00:00,307.864990234375,308.4049987792969,307.864990234375,308.2049865722656,38534,UNH,5m
2026-04-13 16:10:00+00:00,308.20001220703125,308.8500061035156,308.20001220703125,308.7099914550781,41848,UNH,5m
2026-04-13 16:15:00+00:00,308.760009765625,309.3999938964844,308.739990234375,309.3819885253906,432894,UNH,5m
2026-04-13 16:20:00+00:00,309.3999938964844,309.9599914550781,309.2799987792969,309.510009765625,54117,UNH,5m
2026-04-13 16:25:00+00:00,309.57000732421875,309.6499938964844,309.2900085449219,309.489990234375,55175,UNH,5m
2026-04-13 16:30:00+00:00,309.4800109863281,309.5,309.1000061035156,309.3699951171875,29069,UNH,5m
2026-04-13 16:35:00+00:00,309.3099975585937,309.9100036621094,309.2699890136719,309.8699951171875,35091,UNH,5m
2026-04-13 16:40:00+00:00,309.8299865722656,310.1400146484375,309.6199951171875,310.07501220703125,74132,UNH,5m
2026-04-13 16:45:00+00:00,310.06500244140625,310.92999267578125,309.9200134277344,310.7200012207031,72078,UNH,5m
2026-04-13 16:50:00+00:00,310.67999267578125,311.2900085449219,310.3500061035156,310.6675109863281,68147,UNH,5m
2026-04-13 16:55:00+00:00,310.760009765625,311.1000061035156,310.67999267578125,311.04998779296875,46273,UNH,5m
2026-04-13 17:00:00+00:00,311.04998779296875,311.54998779296875,310.9700012207031,311.44000244140625,52486,UNH,5m
2026-04-13 17:05:00+00:00,311.4800109863281,311.5299987792969,311.2699890136719,311.489990234375,36744,UNH,5m
2026-04-13 17:10:00+00:00,311.4599914550781,311.70001220703125,311.42999267578125,311.44000244140625,43386,UNH,5m
2026-04-13 17:15:00+00:00,311.44000244140625,311.6499938964844,311.3699951171875,311.510009765625,124987,UNH,5m
2026-04-13 17:20:00+00:00,311.5400085449219,311.6000061035156,311.4179992675781,311.5050048828125,29468,UNH,5m
2026-04-13 17:25:00+00:00,311.4800109863281,311.5799865722656,311.3699951171875,311.5,55133,UNH,5m
2026-04-13 17:30:00+00:00,311.5050048828125,311.7799987792969,311.3800964355469,311.5199890136719,59538,UNH,5m
2026-04-13 17:35:00+00:00,311.5198974609375,311.6400146484375,311.2300109863281,311.510009765625,56884,UNH,5m
2026-04-13 17:40:00+00:00,311.4800109863281,311.7300109863281,311.3500061035156,311.5899963378906,50269,UNH,5m
2026-04-13 17:45:00+00:00,311.6000061035156,311.6000061035156,311.1400146484375,311.3800048828125,75184,UNH,5m
2026-04-13 17:50:00+00:00,311.385009765625,311.45001220703125,311.0299987792969,311.1499938964844,53785,UNH,5m
2026-04-13 17:55:00+00:00,311.1400146484375,311.20001220703125,311.0400085449219,311.1700134277344,39792,UNH,5m
2026-04-13 18:00:00+00:00,311.1700134277344,311.6099853515625,311.1600036621094,311.5599975585937,55183,UNH,5m
2026-04-13 18:05:00+00:00,311.6000061035156,311.8299865722656,311.6000061035156,311.8099060058594,48445,UNH,5m
2026-04-13 18:10:00+00:00,311.6801147460937,311.8699951171875,311.3619079589844,311.7900085449219,51954,UNH,5m
2026-04-13 18:15:00+00:00,311.7900085449219,311.8099975585937,311.6199951171875,311.6700134277344,36609,UNH,5m
2026-04-13 18:20:00+00:00,311.67999267578125,312.04998779296875,311.6400146484375,312.0050048828125,79243,UNH,5m
2026-04-13 18:25:00+00:00,311.9599914550781,312.2049865722656,311.79998779296875,312.0899963378906,56670,UNH,5m
2026-04-13 18:30:00+00:00,312.1199951171875,312.2099914550781,311.71710205078125,311.739990234375,48744,UNH,5m
2026-04-13 18:35:00+00:00,311.7900085449219,311.7900085449219,311.5050048828125,311.6400146484375,47253,UNH,5m
2026-04-13 18:40:00+00:00,311.69989013671875,311.8800048828125,311.59210205078125,311.7099914550781,42938,UNH,5m
2026-04-13 18:45:00+00:00,311.6700134277344,311.8399963378906,311.4700012207031,311.7950134277344,31920,UNH,5m
2026-04-13 18:50:00+00:00,311.7724914550781,312.19000244140625,311.75,312.04998779296875,64338,UNH,5m
2026-04-13 18:55:00+00:00,312.0450134277344,312.125,311.44000244140625,311.54998779296875,39495,UNH,5m
2026-04-13 19:00:00+00:00,311.5400085449219,311.67999267578125,311.3999938964844,311.5050048828125,38360,UNH,5m
2026-04-13 19:05:00+00:00,311.5050048828125,311.5599975585937,311.1000061035156,311.2749938964844,57490,UNH,5m
2026-04-13 19:10:00+00:00,311.2799987792969,311.2900085449219,310.760009765625,310.8999938964844,57569,UNH,5m
2026-04-13 19:15:00+00:00,310.8800048828125,311.1499938964844,310.7099914550781,311.0801086425781,46741,UNH,5m
2026-04-13 19:20:00+00:00,311.0950012207031,311.54998779296875,311.0799865722656,311.3949890136719,56175,UNH,5m
2026-04-13 19:25:00+00:00,311.4200134277344,311.4700012207031,311.25,311.4700012207031,66400,UNH,5m
2026-04-13 19:30:00+00:00,311.4599914550781,311.510009765625,311.1400146484375,311.2179870605469,85744,UNH,5m
2026-04-13 19:35:00+00:00,311.17999267578125,311.4349975585937,311.1000061035156,311.2049865722656,64353,UNH,5m
2026-04-13 19:40:00+00:00,311.19000244140625,311.3599853515625,311.0599975585937,311.1499938964844,98259,UNH,5m
2026-04-13 19:45:00+00:00,311.1199951171875,311.6630859375,311.07000732421875,311.4599914550781,93434,UNH,5m
2026-04-13 19:50:00+00:00,311.489990234375,312.1400146484375,311.4599914550781,312.1000061035156,134655,UNH,5m
2026-04-13 19:55:00+00:00,312.1199951171875,313.32000732421875,312.0874938964844,312.9800109863281,423954,UNH,5m
2026-04-14 13:30:00+00:00,312.510009765625,314.79998779296875,312.510009765625,314.6199951171875,217699,UNH,5m
2026-04-14 13:35:00+00:00,314.614990234375,317.6600036621094,314.614990234375,317.6600036621094,190230,UNH,5m
2026-04-14 13:40:00+00:00,317.6050109863281,318.20001220703125,315.74139404296875,316.625,141057,UNH,5m
2026-04-14 13:45:00+00:00,316.7200012207031,317.82000732421875,316.6856994628906,317.6199951171875,103505,UNH,5m
2026-04-14 13:50:00+00:00,317.5599975585937,318.1430053710937,316.94500732421875,317.0299987792969,120465,UNH,5m
2026-04-14 13:55:00+00:00,317.04998779296875,317.5,316.75,317.1400146484375,86933,UNH,5m
2026-04-14 14:00:00+00:00,317.1400146484375,318.489990234375,316.94000244140625,318.3949890136719,98718,UNH,5m
2026-04-14 14:05:00+00:00,318.4700012207031,319.375,318.07000732421875,319.0498962402344,144190,UNH,5m
2026-04-14 14:10:00+00:00,318.9700012207031,319.3599853515625,318.2900085449219,318.9150085449219,90555,UNH,5m
2026-04-14 14:15:00+00:00,318.9700012207031,318.989990234375,318.19000244140625,318.42999267578125,71652,UNH,5m
2026-04-14 14:20:00+00:00,318.4299011230469,318.42999267578125,317.9830017089844,318.2300109863281,64177,UNH,5m
2026-04-14 14:25:00+00:00,318.2900085449219,319.44000244140625,318.2807006835937,319.3999938964844,71974,UNH,5m
2026-04-14 14:30:00+00:00,319.4399108886719,319.6199951171875,318.0899963378906,318.2300109863281,58167,UNH,5m
2026-04-14 14:35:00+00:00,318.25,318.3099975585937,317.7950134277344,317.95001220703125,41700,UNH,5m
2026-04-14 14:40:00+00:00,317.9549865722656,318.04998779296875,317.4200134277344,317.42498779296875,49778,UNH,5m
2026-04-14 14:45:00+00:00,317.4200134277344,318.0799865722656,317.3399963378906,317.7850036621094,58375,UNH,5m
2026-04-14 14:50:00+00:00,317.8599853515625,318.1000061035156,317.4100036621094,317.92999267578125,33271,UNH,5m
2026-04-14 14:55:00+00:00,317.9700012207031,318.2699890136719,317.7749938964844,318.0799865722656,43682,UNH,5m
2026-04-14 15:00:00+00:00,318.0400085449219,318.5400085449219,318.0,318.4200134277344,62632,UNH,5m
2026-04-14 15:05:00+00:00,318.42999267578125,318.57000732421875,317.8299865722656,317.875,31334,UNH,5m
2026-04-14 15:10:00+00:00,317.875,317.9700012207031,317.1211853027344,317.3299865722656,47076,UNH,5m
2026-04-14 15:15:00+00:00,317.3299865722656,317.7699890136719,317.2300109863281,317.6849975585937,55260,UNH,5m
2026-04-14 15:20:00+00:00,317.7049865722656,317.9570007324219,317.5400085449219,317.8800048828125,34330,UNH,5m
2026-04-14 15:25:00+00:00,317.9200134277344,318.2699890136719,317.7900085449219,318.1300048828125,50210,UNH,5m
2026-04-14 15:30:00+00:00,318.1000061035156,318.4849853515625,318.0400085449219,318.2749938964844,66639,UNH,5m
2026-04-14 15:35:00+00:00,318.2650146484375,318.3999938964844,318.0,318.1724853515625,42046,UNH,5m
2026-04-14 15:40:00+00:00,318.19000244140625,318.25,317.860107421875,318.0799865722656,33819,UNH,5m
2026-04-14 15:45:00+00:00,318.07501220703125,318.32000732421875,317.9599914550781,318.1499938964844,41250,UNH,5m
2026-04-14 15:50:00+00:00,318.1549987792969,318.3699951171875,317.94000244140625,318.0350036621094,34552,UNH,5m
2026-04-14 15:55:00+00:00,318.0350036621094,318.29998779296875,317.95001220703125,318.0,32039,UNH,5m
2026-04-14 16:00:00+00:00,317.9800109863281,317.9949951171875,317.5299987792969,317.7749938964844,41323,UNH,5m
2026-04-14 16:05:00+00:00,317.79998779296875,317.8699951171875,317.44000244140625,317.5400085449219,44448,UNH,5m
2026-04-14 16:10:00+00:00,317.5599975585937,317.70001220703125,317.1600036621094,317.2349853515625,40150,UNH,5m
2026-04-14 16:15:00+00:00,317.2349853515625,317.2799987792969,317.010009765625,317.1260070800781,24978,UNH,5m
2026-04-14 16:20:00+00:00,317.1300048828125,317.239990234375,316.5799865722656,317.0950012207031,49841,UNH,5m
2026-04-14 16:25:00+00:00,317.0950012207031,317.17999267578125,316.739990234375,316.7799987792969,32354,UNH,5m
2026-04-14 16:30:00+00:00,316.7900085449219,316.8599853515625,316.7300109863281,316.8357849121094,28292,UNH,5m
2026-04-14 16:35:00+00:00,316.82000732421875,316.9393920898437,316.6700134277344,316.760009765625,236458,UNH,5m
2026-04-14 16:40:00+00:00,316.82501220703125,316.94500732421875,316.3399963378906,316.3949890136719,161309,UNH,5m
2026-04-14 16:45:00+00:00,316.4049987792969,316.510009765625,316.1499938964844,316.3999938964844,33191,UNH,5m
2026-04-14 16:50:00+00:00,316.3999938964844,316.5,316.010009765625,316.0799865722656,23778,UNH,5m
2026-04-14 16:55:00+00:00,316.114990234375,316.1499938964844,315.6449890136719,315.69500732421875,4110,UNH,5m
2026-04-14 17:00:00+00:00,315.739990234375,316.0299987792969,315.7101135253906,315.7449951171875,26838,UNH,5m
2026-04-14 17:05:00+00:00,315.7103881835937,315.92999267578125,315.2900085449219,315.44000244140625,38082,UNH,5m
2026-04-14 17:10:00+00:00,315.4700012207031,315.57000732421875,315.260009765625,315.31500244140625,30809,UNH,5m
2026-04-14 17:15:00+00:00,315.30499267578125,315.30499267578125,314.8900146484375,314.9301147460937,49100,UNH,5m
2026-04-14 17:20:00+00:00,314.9750061035156,315.0799865722656,314.8599853515625,315.04998779296875,27112,UNH,5m
2026-04-14 17:25:00+00:00,315.0299987792969,315.09991455078125,314.8349914550781,315.0400085449219,27308,UNH,5m
2026-04-14 17:30:00+00:00,315.0722961425781,315.3699951171875,315.0199890136719,315.25,29760,UNH,5m
2026-04-14 17:35:00+00:00,315.2300109863281,315.3399963378906,315.07000732421875,315.2007141113281,43095,UNH,5m
2026-04-14 17:40:00+00:00,315.2099914550781,315.2900085449219,314.8999938964844,315.0675048828125,46003,UNH,5m
2026-04-14 17:45:00+00:00,315.0599975585937,315.3500061035156,314.94500732421875,315.2349853515625,31023,UNH,5m
2026-04-14 17:50:00+00:00,315.29998779296875,315.5450134277344,315.20001220703125,315.2449951171875,28513,UNH,5m
2026-04-14 17:55:00+00:00,315.239990234375,315.26251220703125,314.9599914550781,314.989990234375,22872,UNH,5m
2026-04-14 18:00:00+00:00,315.0249938964844,315.2200012207031,314.70001220703125,314.760009765625,42766,UNH,5m
2026-04-14 18:05:00+00:00,314.73150634765625,314.8399963378906,314.3099975585937,314.8299865722656,24296,UNH,5m
2026-04-14 18:10:00+00:00,314.82000732421875,314.8743896484375,314.6199951171875,314.8399963378906,34966,UNH,5m
2026-04-14 18:15:00+00:00,314.8398132324219,314.9100036621094,314.3900146484375,314.6099853515625,23948,UNH,5m
2026-04-14 18:20:00+00:00,314.5849914550781,314.6400146484375,314.1400146484375,314.1549987792969,26854,UNH,5m
2026-04-14 18:25:00+00:00,314.1549987792969,314.3800048828125,314.0205993652344,314.1499938964844,24500,UNH,5m
2026-04-14 18:30:00+00:00,314.1499938964844,314.4198913574219,314.1000061035156,314.2250061035156,30611,UNH,5m
2026-04-14 18:35:00+00:00,314.19000244140625,314.2900085449219,314.1600036621094,314.260009765625,26659,UNH,5m
2026-04-14 18:40:00+00:00,314.2749938964844,314.3800048828125,313.95001220703125,314.04998779296875,31251,UNH,5m
2026-04-14 18:45:00+00:00,314.04998779296875,314.1499938964844,313.9700012207031,314.0000915527344,21663,UNH,5m
2026-04-14 18:50:00+00:00,314.010009765625,314.1199951171875,313.8900146484375,314.010009765625,26887,UNH,5m
2026-04-14 18:55:00+00:00,314.0899963378906,314.239990234375,314.0199890136719,314.2349853515625,19167,UNH,5m
2026-04-14 19:00:00+00:00,314.17999267578125,314.5,314.1510009765625,314.3949890136719,25869,UNH,5m
2026-04-14 19:05:00+00:00,314.3500061035156,314.57000732421875,314.2900085449219,314.4700012207031,21710,UNH,5m
2026-04-14 19:10:00+00:00,314.4849853515625,314.70001220703125,314.20001220703125,314.57000732421875,34406,UNH,5m
2026-04-14 19:15:00+00:00,314.57000732421875,314.6400146484375,314.5,314.5616149902344,28908,UNH,5m
2026-04-14 19:20:00+00:00,314.5849914550781,314.864990234375,314.5599975585937,314.8500061035156,38508,UNH,5m
2026-04-14 19:25:00+00:00,314.8599853515625,315.0394897460937,314.79998779296875,314.95001220703125,58994,UNH,5m
2026-04-14 19:30:00+00:00,314.95001220703125,315.3599853515625,314.95001220703125,315.2300109863281,52449,UNH,5m
2026-04-14 19:35:00+00:00,315.2099914550781,315.6000061035156,315.0400085449219,315.5199890136719,70566,UNH,5m
2026-04-14 19:40:00+00:00,315.5199890136719,315.6000061035156,315.25,315.3599853515625,63163,UNH,5m
2026-04-14 19:45:00+00:00,315.3349914550781,315.489990234375,315.260009765625,315.3299865722656,72010,UNH,5m
2026-04-14 19:50:00+00:00,315.3500061035156,315.4100036621094,314.9049987792969,314.9949951171875,102038,UNH,5m
2026-04-14 19:55:00+00:00,315.010009765625,315.0799865722656,314.0,314.2799987792969,281235,UNH,5m
2026-04-15 13:30:00+00:00,316.0,317.760009765625,314.3900146484375,315.0,202205,UNH,5m
2026-04-15 13:35:00+00:00,315.1099853515625,315.9399108886719,314.5299987792969,314.5599975585937,122785,UNH,5m
2026-04-15 13:40:00+00:00,314.6449890136719,315.19000244140625,312.3699951171875,312.3800048828125,110973,UNH,5m
2026-04-15 13:45:00+00:00,312.45001220703125,313.2200012207031,312.239990234375,312.82000732421875,110902,UNH,5m
2026-04-15 13:50:00+00:00,312.9200134277344,313.07000732421875,311.3277893066406,311.9800109863281,92017,UNH,5m
2026-04-15 13:55:00+00:00,311.9049987792969,312.69000244140625,311.9049987792969,312.5199890136719,73333,UNH,5m
2026-04-15 14:00:00+00:00,312.5299987792969,313.1600036621094,312.010009765625,312.5,112967,UNH,5m
2026-04-15 14:05:00+00:00,312.5000915527344,312.6698913574219,311.3900146484375,311.489990234375,79004,UNH,5m
2026-04-15 14:10:00+00:00,311.42999267578125,312.5,311.20001220703125,312.19000244140625,69375,UNH,5m
2026-04-15 14:15:00+00:00,312.2300109863281,312.54998779296875,311.5599975585937,311.6000061035156,62479,UNH,5m
2026-04-15 14:20:00+00:00,311.6000061035156,311.8099060058594,311.2041931152344,311.5599975585937,46166,UNH,5m
2026-04-15 14:25:00+00:00,311.57501220703125,311.75,311.3900146484375,311.5150146484375,60043,UNH,5m
2026-04-15 14:30:00+00:00,311.5150146484375,311.8699951171875,311.29998779296875,311.760009765625,49282,UNH,5m
2026-04-15 14:35:00+00:00,311.760009765625,312.0,311.54998779296875,311.54998779296875,53486,UNH,5m
2026-04-15 14:40:00+00:00,311.5599975585937,311.7200012207031,311.2900085449219,311.6499938964844,44489,UNH,5m
2026-04-15 14:45:00+00:00,311.6099853515625,312.1000061035156,311.1449890136719,311.9200134277344,61890,UNH,5m
2026-04-15 14:50:00+00:00,311.8399963378906,312.29998779296875,311.7099914550781,312.0050048828125,80896,UNH,5m
2026-04-15 14:55:00+00:00,312.0299987792969,312.3699951171875,311.8800048828125,312.1650085449219,44239,UNH,5m
2026-04-15 15:00:00+00:00,312.17999267578125,312.510009765625,312.1600036621094,312.2699890136719,43175,UNH,5m
2026-04-15 15:05:00+00:00,312.2699890136719,312.92999267578125,312.0,312.8299865722656,91701,UNH,5m
2026-04-15 15:10:00+00:00,312.7799987792969,313.3011779785156,312.4200134277344,313.2654113769531,41639,UNH,5m
2026-04-15 15:15:00+00:00,313.3399963378906,313.9800109863281,313.2099914550781,313.9100036621094,117150,UNH,5m
2026-04-15 15:20:00+00:00,313.9800109863281,313.9800109863281,313.5,313.79998779296875,47838,UNH,5m
2026-04-15 15:25:00+00:00,313.7799987792969,314.0199890136719,313.1499938964844,313.20001220703125,74820,UNH,5m
2026-04-15 15:30:00+00:00,313.2004089355469,313.239990234375,312.739990234375,312.8500061035156,98790,UNH,5m
2026-04-15 15:35:00+00:00,312.92999267578125,313.0899963378906,312.2900085449219,313.07501220703125,53521,UNH,5m
2026-04-15 15:40:00+00:00,313.06500244140625,313.06500244140625,312.5199890136719,312.5899963378906,57233,UNH,5m
2026-04-15 15:45:00+00:00,312.5810852050781,312.760009765625,312.4849853515625,312.69000244140625,25493,UNH,5m
2026-04-15 15:50:00+00:00,312.6669921875,312.7300109863281,312.32000732421875,312.3349914550781,27902,UNH,5m
2026-04-15 15:55:00+00:00,312.3399963378906,312.4100036621094,312.0,312.17999267578125,42751,UNH,5m
2026-04-15 16:00:00+00:00,312.1849975585937,312.2149963378906,311.7358093261719,312.0000915527344,59473,UNH,5m
2026-04-15 16:05:00+00:00,312.0,312.6199951171875,311.92999267578125,312.5199890136719,103425,UNH,5m
2026-04-15 16:10:00+00:00,312.5299987792969,312.5299987792969,312.1600036621094,312.3599853515625,27126,UNH,5m
2026-04-15 16:15:00+00:00,312.3500061035156,312.3500061035156,312.0950012207031,312.2200012207031,34840,UNH,5m
2026-04-15 16:20:00+00:00,312.2699890136719,312.67999267578125,312.20001220703125,312.6000061035156,67415,UNH,5m
2026-04-15 16:25:00+00:00,312.54998779296875,312.760009765625,312.54998779296875,312.6199951171875,24236,UNH,5m
2026-04-15 16:30:00+00:00,312.6199951171875,312.84991455078125,312.5801086425781,312.79998779296875,30270,UNH,5m
2026-04-15 16:35:00+00:00,312.82000732421875,312.9200134277344,312.69000244140625,312.760009765625,35374,UNH,5m
2026-04-15 16:40:00+00:00,312.7200012207031,312.760009765625,312.5000915527344,312.56500244140625,31872,UNH,5m
2026-04-15 16:45:00+00:00,312.5799865722656,313.07000732421875,312.5599975585937,313.07000732421875,37020,UNH,5m
2026-04-15 16:50:00+00:00,313.0599975585937,313.3500061035156,313.0047912597656,313.19000244140625,26973,UNH,5m
2026-04-15 16:55:00+00:00,313.2296142578125,313.2349853515625,312.9599914550781,313.1600036621094,21068,UNH,5m
2026-04-15 17:00:00+00:00,313.2049865722656,313.5299987792969,313.010009765625,313.4700012207031,44753,UNH,5m
2026-04-15 17:05:00+00:00,313.5,313.6700134277344,313.28009033203125,313.489990234375,23611,UNH,5m
2026-04-15 17:10:00+00:00,313.4349975585937,313.5,313.0603942871094,313.2900085449219,23726,UNH,5m
2026-04-15 17:15:00+00:00,313.2799987792969,313.5,313.260009765625,313.44000244140625,17426,UNH,5m
2026-04-15 17:20:00+00:00,313.4700012207031,313.6099853515625,313.3599853515625,313.54998779296875,20866,UNH,5m
2026-04-15 17:25:00+00:00,313.5011901855469,313.6700134277344,313.4515991210937,313.6695861816406,21473,UNH,5m
2026-04-15 17:30:00+00:00,313.6400146484375,313.6799011230469,313.2300109863281,313.2799987792969,34022,UNH,5m
2026-04-15 17:35:00+00:00,313.2699890136719,313.385009765625,313.0450134277344,313.20001220703125,33315,UNH,5m
2026-04-15 17:40:00+00:00,313.19000244140625,313.2699890136719,313.0199890136719,313.2699890136719,29120,UNH,5m
2026-04-15 17:45:00+00:00,313.2749938964844,313.44000244140625,312.70001220703125,312.8299865722656,38536,UNH,5m
2026-04-15 17:50:00+00:00,312.82000732421875,313.1400146484375,312.760009765625,312.9800109863281,21600,UNH,5m
2026-04-15 17:55:00+00:00,313.0,313.0150146484375,312.67999267578125,312.6849975585937,23374,UNH,5m
2026-04-15 18:00:00+00:00,312.6986083984375,313.2900085449219,312.6300048828125,313.1000061035156,34092,UNH,5m
2026-04-15 18:05:00+00:00,313.1300048828125,313.29998779296875,312.9200134277344,313.0010070800781,25752,UNH,5m
2026-04-15 18:10:00+00:00,313.0400085449219,313.0400085449219,312.7909851074219,312.8999938964844,25633,UNH,5m
2026-04-15 18:15:00+00:00,312.8900146484375,313.1099853515625,312.8599853515625,312.8699951171875,27582,UNH,5m
2026-04-15 18:20:00+00:00,312.8949890136719,313.06500244140625,312.70001220703125,313.04998779296875,25948,UNH,5m
2026-04-15 18:25:00+00:00,313.0,313.1351928710937,312.9599914550781,313.04998779296875,21349,UNH,5m
2026-04-15 18:30:00+00:00,313.0115051269531,313.1600036621094,312.8800048828125,312.9599914550781,22303,UNH,5m
2026-04-15 18:35:00+00:00,312.9599914550781,313.5199890136719,312.94000244140625,313.5,24920,UNH,5m
2026-04-15 18:40:00+00:00,313.4800109863281,313.4849853515625,313.1210021972656,313.281494140625,26293,UNH,5m
2026-04-15 18:45:00+00:00,313.3349914550781,313.590087890625,313.3349914550781,313.5249938964844,25716,UNH,5m
2026-04-15 18:50:00+00:00,313.54998779296875,314.0,313.5299987792969,313.9609069824219,35562,UNH,5m
2026-04-15 18:55:00+00:00,313.9599914550781,314.6000061035156,313.92999267578125,314.4800109863281,47339,UNH,5m
2026-04-15 19:00:00+00:00,314.54998779296875,315.0,314.42999267578125,314.95001220703125,59518,UNH,5m
2026-04-15 19:05:00+00:00,314.9518127441406,315.3424987792969,314.5799865722656,314.67999267578125,57567,UNH,5m
2026-04-15 19:10:00+00:00,314.67999267578125,314.81988525390625,314.25,314.4700012207031,35046,UNH,5m
2026-04-15 19:15:00+00:00,314.4549865722656,314.6000061035156,314.2300109863281,314.44000244140625,45089,UNH,5m
2026-04-15 19:20:00+00:00,314.4360046386719,314.6000061035156,314.2300109863281,314.5599975585937,39090,UNH,5m
2026-04-15 19:25:00+00:00,314.5199890136719,314.6400146484375,314.3699951171875,314.4200134277344,31873,UNH,5m
2026-04-15 19:30:00+00:00,314.4100036621094,314.6000061035156,314.3500061035156,314.56500244140625,37057,UNH,5m
2026-04-15 19:35:00+00:00,314.57000732421875,314.9100036621094,314.5400085449219,314.7200012207031,39712,UNH,5m
2026-04-15 19:40:00+00:00,314.67999267578125,314.92999267578125,314.5799865722656,314.6499938964844,58162,UNH,5m
2026-04-15 19:45:00+00:00,314.6300048828125,314.70001220703125,314.0799865722656,314.1400146484375,52770,UNH,5m
2026-04-15 19:50:00+00:00,314.1600036621094,314.6000061035156,313.8900146484375,314.5799865722656,121729,UNH,5m
2026-04-15 19:55:00+00:00,314.5799865722656,314.8999938964844,314.0,314.1099853515625,204229,UNH,5m
2026-04-16 13:30:00+00:00,315.0,316.84991455078125,313.79998779296875,313.9100952148437,196161,UNH,5m
2026-04-16 13:35:00+00:00,313.9750061035156,314.8299865722656,313.3099975585937,313.6650085449219,54379,UNH,5m
2026-04-16 13:40:00+00:00,313.6937255859375,314.1099853515625,313.2004089355469,313.7799987792969,51447,UNH,5m
2026-04-16 13:45:00+00:00,313.8550109863281,313.8978881835937,313.3099975585937,313.8599853515625,36108,UNH,5m
2026-04-16 13:50:00+00:00,313.7099914550781,314.6499938964844,313.7099914550781,314.44000244140625,58173,UNH,5m
2026-04-16 13:55:00+00:00,314.44500732421875,314.5400085449219,313.7121887207031,314.2900085449219,43578,UNH,5m
2026-04-16 14:00:00+00:00,314.32000732421875,314.45001220703125,313.4599914550781,313.6199951171875,41133,UNH,5m
2026-04-16 14:05:00+00:00,313.6199951171875,313.739990234375,313.110107421875,313.3999938964844,53323,UNH,5m
2026-04-16 14:10:00+00:00,313.4049987792969,314.2699890136719,313.4049987792969,314.0849914550781,50853,UNH,5m
2026-04-16 14:15:00+00:00,314.0299987792969,314.3064880371094,314.010009765625,314.2864074707031,25208,UNH,5m
2026-04-16 14:20:00+00:00,314.29998779296875,314.409912109375,313.7799987792969,313.7900085449219,38752,UNH,5m
2026-04-16 14:25:00+00:00,313.7799987792969,313.8099060058594,313.5,313.69500732421875,27818,UNH,5m
2026-04-16 14:30:00+00:00,313.69000244140625,314.260009765625,313.6000061035156,314.25,40103,UNH,5m
2026-04-16 14:35:00+00:00,314.239990234375,314.260009765625,313.739990234375,314.1099853515625,39275,UNH,5m
2026-04-16 14:40:00+00:00,314.1000061035156,314.1199951171875,313.8399963378906,313.95001220703125,24861,UNH,5m
2026-04-16 14:45:00+00:00,313.989990234375,314.2200012207031,313.8699951171875,313.9200134277344,37644,UNH,5m
2026-04-16 14:50:00+00:00,313.92999267578125,314.0799865722656,313.7699890136719,313.8374938964844,36106,UNH,5m
2026-04-16 14:55:00+00:00,313.8301086425781,313.9200134277344,313.3599853515625,313.4150085449219,38506,UNH,5m
2026-04-16 15:00:00+00:00,313.3699951171875,313.6514892578125,313.3099975585937,313.3999938964844,26460,UNH,5m
2026-04-16 15:05:00+00:00,313.44000244140625,313.8299865722656,313.3869934082031,313.489990234375,37712,UNH,5m
2026-04-16 15:10:00+00:00,313.5050048828125,314.0,313.4949951171875,313.9200134277344,34392,UNH,5m
2026-04-16 15:15:00+00:00,313.9200134277344,314.260009765625,313.7900085449219,313.8399963378906,39053,UNH,5m
2026-04-16 15:20:00+00:00,313.79998779296875,313.8999938964844,313.4200134277344,313.70001220703125,25065,UNH,5m
2026-04-16 15:25:00+00:00,313.7699890136719,313.9219970703125,313.510009765625,313.6700134277344,25461,UNH,5m
2026-04-16 15:30:00+00:00,313.7099914550781,314.0599975585937,313.70001220703125,313.9100036621094,34190,UNH,5m
2026-04-16 15:35:00+00:00,313.9200134277344,314.5145874023437,313.7699890136719,314.2349853515625,38013,UNH,5m
2026-04-16 15:40:00+00:00,314.19000244140625,314.32000732421875,314.0599975585937,314.19000244140625,26492,UNH,5m
2026-04-16 15:45:00+00:00,314.19000244140625,314.5,314.1700134277344,314.4599914550781,25889,UNH,5m
2026-04-16 15:50:00+00:00,314.4700012207031,314.9184875488281,314.3999938964844,314.8699951171875,41876,UNH,5m
2026-04-16 15:55:00+00:00,314.875,315.17340087890625,314.7250061035156,315.1600036621094,51176,UNH,5m
2026-04-16 16:00:00+00:00,315.1700134277344,315.75,315.1400146484375,315.5899963378906,48106,UNH,5m
2026-04-16 16:05:00+00:00,315.57000732421875,315.6600036621094,315.25,315.4100036621094,54549,UNH,5m
2026-04-16 16:10:00+00:00,315.4100036621094,315.5599975585937,315.2401123046875,315.2514038085937,53217,UNH,5m
2026-04-16 16:15:00+00:00,315.25,315.6099853515625,315.25,315.32000732421875,44857,UNH,5m
2026-04-16 16:20:00+00:00,315.2799987792969,315.4700012207031,315.0199890136719,315.1117858886719,35868,UNH,5m
2026-04-16 16:25:00+00:00,315.1099853515625,315.2493896484375,314.989990234375,315.0369873046875,32653,UNH,5m
2026-04-16 16:30:00+00:00,315.0599975585937,315.25,314.7300109863281,315.2250061035156,40658,UNH,5m
2026-04-16 16:35:00+00:00,315.2349853515625,315.3299865722656,315.1099853515625,315.25,19409,UNH,5m
2026-04-16 16:40:00+00:00,315.25,315.3099975585937,314.7200012207031,314.9349975585937,31939,UNH,5m
2026-04-16 16:45:00+00:00,314.9349975585937,315.04998779296875,314.760009765625,314.8349914550781,22050,UNH,5m
2026-04-16 16:50:00+00:00,314.8399963378906,314.989990234375,314.7900085449219,314.885009765625,26094,UNH,5m
2026-04-16 16:55:00+00:00,314.8999938964844,315.44000244140625,314.8999938964844,315.29998779296875,33611,UNH,5m
2026-04-16 17:00:00+00:00,315.32000732421875,315.6600036621094,315.2449951171875,315.614990234375,40558,UNH,5m
2026-04-16 17:05:00+00:00,315.614990234375,315.8999938964844,315.42999267578125,315.8721008300781,40166,UNH,5m
2026-04-16 17:10:00+00:00,315.85009765625,316.0299987792969,315.7900085449219,315.9700012207031,40610,UNH,5m
2026-04-16 17:15:00+00:00,315.9700012207031,316.1000061035156,315.7699890136719,315.9949951171875,43180,UNH,5m
2026-04-16 17:20:00+00:00,315.9949951171875,316.42999267578125,315.7699890136719,316.4100036621094,41681,UNH,5m
2026-04-16 17:25:00+00:00,316.42999267578125,316.4674987792969,316.0599975585937,316.2449951171875,37044,UNH,5m
2026-04-16 17:30:00+00:00,316.2449951171875,316.72821044921875,316.2300109863281,316.54058837890625,32177,UNH,5m
2026-04-16 17:35:00+00:00,316.5400085449219,316.84490966796875,316.42999267578125,316.84490966796875,43065,UNH,5m
2026-04-16 17:40:00+00:00,316.8526916503906,317.2099914550781,316.8399963378906,317.0150146484375,62959,UNH,5m
2026-04-16 17:45:00+00:00,317.0299987792969,317.2300109863281,316.9549865722656,317.1400146484375,43750,UNH,5m
2026-04-16 17:50:00+00:00,317.1700134277344,317.69000244140625,317.1600036621094,317.4314880371094,63357,UNH,5m
2026-04-16 17:55:00+00:00,317.4200134277344,317.739990234375,317.3699951171875,317.739990234375,38206,UNH,5m
2026-04-16 18:00:00+00:00,317.7300109863281,318.4624938964844,317.6401062011719,318.364990234375,76635,UNH,5m
2026-04-16 18:05:00+00:00,318.3500061035156,318.6099853515625,317.78228759765625,317.989990234375,77641,UNH,5m
2026-04-16 18:10:00+00:00,317.989990234375,318.0899963378906,317.5799865722656,317.6400146484375,41639,UNH,5m
2026-04-16 18:15:00+00:00,317.5799865722656,317.5799865722656,317.1400146484375,317.3450012207031,41859,UNH,5m
2026-04-16 18:20:00+00:00,317.3500061035156,317.4599914550781,317.0799865722656,317.1099853515625,28351,UNH,5m
2026-04-16 18:25:00+00:00,317.1199951171875,317.2900085449219,316.96099853515625,317.2349853515625,36583,UNH,5m
2026-04-16 18:30:00+00:00,317.2349853515625,317.4800109863281,317.2200012207031,317.45001220703125,35254,UNH,5m
2026-04-16 18:35:00+00:00,317.44000244140625,317.67559814453125,317.4200134277344,317.489990234375,32403,UNH,5m
2026-04-16 18:40:00+00:00,317.5,317.92999267578125,317.5,317.9200134277344,34178,UNH,5m
2026-04-16 18:45:00+00:00,317.9150085449219,318.1300048828125,317.8399963378906,317.9549865722656,39280,UNH,5m
2026-04-16 18:50:00+00:00,317.95001220703125,317.95001220703125,317.54998779296875,317.6549987792969,30293,UNH,5m
2026-04-16 18:55:00+00:00,317.67999267578125,317.8550109863281,317.5799865722656,317.7850036621094,27114,UNH,5m
2026-04-16 19:00:00+00:00,317.7799987792969,317.9700012207031,317.70001220703125,317.760009765625,46454,UNH,5m
2026-04-16 19:05:00+00:00,317.739990234375,317.7900085449219,317.4201965332031,317.7099914550781,34468,UNH,5m
2026-04-16 19:10:00+00:00,317.7099914550781,317.7099914550781,317.20001220703125,317.2950134277344,45807,UNH,5m
2026-04-16 19:15:00+00:00,317.30279541015625,317.4399108886719,317.0809936523437,317.239990234375,49980,UNH,5m
2026-04-16 19:20:00+00:00,317.2300109863281,317.2300109863281,317.0199890136719,317.19000244140625,37110,UNH,5m
2026-04-16 19:25:00+00:00,317.2099914550781,317.3699951171875,316.8800048828125,316.8800048828125,63034,UNH,5m
2026-04-16 19:30:00+00:00,316.8699951171875,317.3800048828125,316.8699951171875,317.3500061035156,56935,UNH,5m
2026-04-16 19:35:00+00:00,317.3299865722656,317.5350952148437,316.70098876953125,316.739990234375,156239,UNH,5m
2026-04-16 19:40:00+00:00,316.739990234375,317.7300109863281,316.6199951171875,316.95001220703125,273889,UNH,5m
2026-04-16 19:45:00+00:00,316.8900146484375,317.3099975585937,316.8800048828125,316.8900146484375,126316,UNH,5m
2026-04-16 19:50:00+00:00,316.8999938964844,317.04998779296875,316.5799865722656,316.70001220703125,104486,UNH,5m
2026-04-16 19:55:00+00:00,316.70001220703125,316.75,316.2099914550781,316.3900146484375,299755,UNH,5m
2026-04-17 13:30:00+00:00,320.04998779296875,321.4599914550781,317.135009765625,319.7023010253906,702110,UNH,5m
2026-04-17 13:35:00+00:00,319.9100036621094,320.19000244140625,319.0321960449219,319.625,96443,UNH,5m
2026-04-17 13:40:00+00:00,319.625,320.92999267578125,319.6000061035156,319.8699951171875,126004,UNH,5m
2026-04-17 13:45:00+00:00,319.875,320.7300109863281,319.70001220703125,320.2099914550781,133220,UNH,5m
2026-04-17 13:50:00+00:00,320.19500732421875,321.7300109863281,320.1700134277344,321.6700134277344,127552,UNH,5m
2026-04-17 13:55:00+00:00,321.6400146484375,322.5199890136719,321.4700012207031,322.2200012207031,158725,UNH,5m
2026-04-17 14:00:00+00:00,322.2300109863281,323.3900146484375,322.0,323.2049865722656,144484,UNH,5m
2026-04-17 14:05:00+00:00,323.07000732421875,323.8299865722656,322.5299987792969,323.7850036621094,200356,UNH,5m
2026-04-17 14:10:00+00:00,323.8299865722656,323.92999267578125,322.8599853515625,323.32000732421875,148654,UNH,5m
2026-04-17 14:15:00+00:00,323.32000732421875,324.0400085449219,323.25,323.8800048828125,113216,UNH,5m
2026-04-17 14:20:00+00:00,323.8399963378906,324.57000732421875,323.67999267578125,323.864990234375,117014,UNH,5m
2026-04-17 14:25:00+00:00,323.94000244140625,323.989990234375,322.7900085449219,323.0199890136719,112452,UNH,5m
2026-04-17 14:30:00+00:00,323.0299987792969,323.42999267578125,322.8800048828125,323.0350036621094,54495,UNH,5m
2026-04-17 14:35:00+00:00,323.010009765625,323.5799865722656,322.67999267578125,322.7579040527344,49469,UNH,5m
2026-04-17 14:40:00+00:00,322.75,322.9800109863281,322.5600891113281,322.8399963378906,58879,UNH,5m
2026-04-17 14:45:00+00:00,322.79998779296875,322.9599914550781,322.4100036621094,322.92999267578125,58546,UNH,5m
2026-04-17 14:50:00+00:00,322.92999267578125,323.3999938964844,322.6600036621094,323.2099914550781,65396,UNH,5m
2026-04-17 14:55:00+00:00,323.2449951171875,323.2449951171875,322.6600036621094,323.010009765625,63007,UNH,5m
2026-04-17 15:00:00+00:00,322.989990234375,323.260009765625,322.7699890136719,323.1499938964844,65129,UNH,5m
2026-04-17 15:05:00+00:00,323.1499938964844,323.5,323.1300048828125,323.1300048828125,44072,UNH,5m
2026-04-17 15:10:00+00:00,323.1300048828125,323.6000061035156,322.9349975585937,323.3599853515625,93782,UNH,5m
2026-04-17 15:15:00+00:00,323.3599853515625,323.9700012207031,323.32000732421875,323.64990234375,55170,UNH,5m
2026-04-17 15:20:00+00:00,323.6000061035156,323.739990234375,323.3699951171875,323.6600036621094,68231,UNH,5m
2026-04-17 15:25:00+00:00,323.69000244140625,323.69000244140625,323.1199951171875,323.3500061035156,105316,UNH,5m
2026-04-17 15:30:00+00:00,323.4100036621094,323.8999938964844,323.1499938964844,323.4800109863281,86161,UNH,5m
2026-04-17 15:35:00+00:00,323.44000244140625,323.82000732421875,323.17999267578125,323.5481872558594,146281,UNH,5m
2026-04-17 15:40:00+00:00,323.5249938964844,323.9100036621094,323.2900085449219,323.5400085449219,98662,UNH,5m
2026-04-17 15:45:00+00:00,323.5400085449219,324.5299987792969,323.3511962890625,324.409912109375,104723,UNH,5m
2026-04-17 15:50:00+00:00,324.3999938964844,324.6300048828125,324.29998779296875,324.4549865722656,69461,UNH,5m
2026-04-17 15:55:00+00:00,324.4700012207031,324.70001220703125,324.29998779296875,324.3599853515625,50619,UNH,5m
2026-04-17 16:00:00+00:00,324.29998779296875,324.760009765625,324.19000244140625,324.7200012207031,56059,UNH,5m
2026-04-17 16:05:00+00:00,324.7300109863281,324.7749938964844,324.114990234375,324.1199951171875,50273,UNH,5m
2026-04-17 16:10:00+00:00,324.1000061035156,324.6000061035156,324.1000061035156,324.5950012207031,51495,UNH,5m
2026-04-17 16:15:00+00:00,324.6000061035156,324.8900146484375,324.5799865722656,324.8699951171875,58254,UNH,5m
2026-04-17 16:20:00+00:00,324.8699951171875,325.0400085449219,324.67999267578125,324.75,149075,UNH,5m
2026-04-17 16:25:00+00:00,324.7474975585937,325.25,324.6600036621094,325.1199951171875,88457,UNH,5m
2026-04-17 16:30:00+00:00,325.1199951171875,325.1499938964844,324.7799987792969,325.0,57025,UNH,5m
2026-04-17 16:35:00+00:00,325.05499267578125,325.2699890136719,324.70001220703125,324.79998779296875,64835,UNH,5m
2026-04-17 16:40:00+00:00,324.7950134277344,325.0,324.75,324.82000732421875,53032,UNH,5m
2026-04-17 16:45:00+00:00,324.78009033203125,325.0599975585937,324.6278076171875,325.0299987792969,56117,UNH,5m
2026-04-17 16:50:00+00:00,325.0299987792969,325.0299987792969,324.7149963378906,324.9200134277344,55189,UNH,5m
2026-04-17 16:55:00+00:00,324.92999267578125,325.04998779296875,324.70001220703125,324.80499267578125,45549,UNH,5m
2026-04-17 17:00:00+00:00,324.80499267578125,324.9200134277344,324.57000732421875,324.8299865722656,69854,UNH,5m
2026-04-17 17:05:00+00:00,324.8299865722656,324.92999267578125,324.3299865722656,324.6000061035156,56367,UNH,5m
2026-04-17 17:10:00+00:00,324.5899963378906,324.7200012207031,324.32501220703125,324.6099853515625,42446,UNH,5m
2026-04-17 17:15:00+00:00,324.6199951171875,324.8399963378906,324.5899963378906,324.739990234375,44256,UNH,5m
2026-04-17 17:20:00+00:00,324.7099914550781,324.7300109863281,323.5899963378906,323.8949890136719,95942,UNH,5m
2026-04-17 17:25:00+00:00,323.8299865722656,324.0,323.5599975585937,323.69000244140625,66552,UNH,5m
2026-04-17 17:30:00+00:00,323.6700134277344,323.8900146484375,323.57000732421875,323.82000732421875,37916,UNH,5m
2026-04-17 17:35:00+00:00,323.760009765625,324.0,323.6499938964844,323.79998779296875,44164,UNH,5m
2026-04-17 17:40:00+00:00,323.82000732421875,324.1000061035156,323.70001220703125,323.8450012207031,66977,UNH,5m
2026-04-17 17:45:00+00:00,323.8450012207031,324.0299987792969,323.54998779296875,323.8099975585937,55159,UNH,5m
2026-04-17 17:50:00+00:00,323.8500061035156,323.9100036621094,323.54998779296875,323.7699890136719,56264,UNH,5m
2026-04-17 17:55:00+00:00,323.7850036621094,324.0799865722656,323.6000061035156,323.69000244140625,55503,UNH,5m
2026-04-17 18:00:00+00:00,323.7349853515625,324.010009765625,323.5,323.6600036621094,44278,UNH,5m
2026-04-17 18:05:00+00:00,323.6300048828125,323.7200012207031,323.2950134277344,323.375,48678,UNH,5m
2026-04-17 18:10:00+00:00,323.3699951171875,323.5400085449219,323.239990234375,323.29998779296875,52647,UNH,5m
2026-04-17 18:15:00+00:00,323.2799987792969,323.4349975585937,323.2101135253906,323.3500061035156,28554,UNH,5m
2026-04-17 18:20:00+00:00,323.3450012207031,323.67999267578125,323.19000244140625,323.6400146484375,42835,UNH,5m
2026-04-17 18:25:00+00:00,323.6199951171875,323.8900146484375,323.2749938964844,323.4599914550781,52939,UNH,5m
2026-04-17 18:30:00+00:00,323.5,323.715087890625,323.4700012207031,323.715087890625,42758,UNH,5m
2026-04-17 18:35:00+00:00,323.6600036621094,323.8772888183594,323.6199951171875,323.7799987792969,57111,UNH,5m
2026-04-17 18:40:00+00:00,323.7900085449219,323.8099975585937,323.55010986328125,323.7699890136719,51483,UNH,5m
2026-04-17 18:45:00+00:00,323.739990234375,324.1600036621094,323.67999267578125,323.9750061035156,93782,UNH,5m
2026-04-17 18:50:00+00:00,323.9750061035156,324.1499938964844,323.7699890136719,323.7799987792969,47161,UNH,5m
2026-04-17 18:55:00+00:00,323.76031494140625,323.95001220703125,323.489990234375,323.5899963378906,44506,UNH,5m
2026-04-17 19:00:00+00:00,323.6099853515625,323.69000244140625,323.42999267578125,323.5216979980469,40442,UNH,5m
2026-04-17 19:05:00+00:00,323.5199890136719,323.5199890136719,323.17999267578125,323.2900085449219,59326,UNH,5m
2026-04-17 19:10:00+00:00,323.2900085449219,323.2998962402344,322.8999938964844,323.05499267578125,44062,UNH,5m
2026-04-17 19:15:00+00:00,323.0599975585937,323.5299987792969,323.04840087890625,323.45001220703125,43354,UNH,5m
2026-04-17 19:20:00+00:00,323.4200134277344,323.5299987792969,323.0599975585937,323.1499938964844,42706,UNH,5m
2026-04-17 19:25:00+00:00,323.1499938964844,323.42999267578125,323.1499938964844,323.260009765625,47080,UNH,5m
2026-04-17 19:30:00+00:00,323.2799987792969,323.8099975585937,323.2799987792969,323.67498779296875,61136,UNH,5m
2026-04-17 19:35:00+00:00,323.67498779296875,324.0299987792969,323.5249938964844,323.8999938964844,70095,UNH,5m
2026-04-17 19:40:00+00:00,323.8999938964844,324.19000244140625,323.5799865722656,323.760009765625,134879,UNH,5m
2026-04-17 19:45:00+00:00,323.739990234375,324.0050048828125,323.5299987792969,323.9200134277344,184243,UNH,5m
2026-04-17 19:50:00+00:00,323.94000244140625,324.2300109863281,323.5899963378906,323.9800109863281,233215,UNH,5m
2026-04-17 19:55:00+00:00,323.989990234375,324.5599975585937,323.80499267578125,324.510009765625,304587,UNH,5m
2026-04-20 13:30:00+00:00,324.19000244140625,325.3999938964844,323.0263061523437,325.010009765625,338753,UNH,5m
2026-04-20 13:35:00+00:00,324.9800109863281,325.3500061035156,323.15869140625,323.15869140625,167944,UNH,5m
2026-04-20 13:40:00+00:00,323.17999267578125,323.7900085449219,322.6499938964844,323.3599853515625,144725,UNH,5m
2026-04-20 13:45:00+00:00,323.29998779296875,323.92999267578125,322.8900146484375,323.4349975585937,68514,UNH,5m
2026-04-20 13:50:00+00:00,323.42498779296875,323.75,323.0,323.6300048828125,78031,UNH,5m
2026-04-20 13:55:00+00:00,323.5899963378906,323.7449951171875,323.0400085449219,323.1600036621094,62832,UNH,5m
2026-04-20 14:00:00+00:00,323.1300048828125,323.81500244140625,323.0199890136719,323.2749938964844,85404,UNH,5m
2026-04-20 14:05:00+00:00,323.2301025390625,323.2799987792969,322.1000061035156,322.1300048828125,112556,UNH,5m
2026-04-20 14:10:00+00:00,322.1099853515625,322.2550048828125,321.0,321.67999267578125,97706,UNH,5m
2026-04-20 14:15:00+00:00,321.7349853515625,323.0,321.67999267578125,322.739990234375,137231,UNH,5m
2026-04-20 14:20:00+00:00,322.7650146484375,322.94500732421875,322.0899963378906,322.3349914550781,87947,UNH,5m
2026-04-20 14:25:00+00:00,322.3349914550781,322.6199951171875,321.8500061035156,322.4750061035156,94254,UNH,5m
2026-04-20 14:30:00+00:00,322.5,322.5400085449219,321.510009765625,321.5400085449219,55165,UNH,5m
2026-04-20 14:35:00+00:00,321.57000732421875,322.04888916015625,321.4100036621094,321.9100036621094,58145,UNH,5m
2026-04-20 14:40:00+00:00,321.9200134277344,321.9200134277344,321.2200012207031,321.2300109863281,45428,UNH,5m
2026-04-20 14:45:00+00:00,321.20001220703125,321.8349914550781,320.54400634765625,321.8099975585937,505152,UNH,5m
2026-04-20 14:50:00+00:00,321.79998779296875,322.1600036621094,321.3500061035156,321.6199951171875,154496,UNH,5m
2026-04-20 14:55:00+00:00,321.5400085449219,321.8500061035156,321.2117004394531,321.36968994140625,81836,UNH,5m
2026-04-20 15:00:00+00:00,321.3949890136719,321.489990234375,320.9161071777344,321.0799865722656,53818,UNH,5m
2026-04-20 15:05:00+00:00,321.0400085449219,321.1499938964844,320.4599914550781,320.5299987792969,59113,UNH,5m
2026-04-20 15:10:00+00:00,320.5050048828125,320.6499938964844,320.2300109863281,320.3900146484375,43546,UNH,5m
2026-04-20 15:15:00+00:00,320.39068603515625,320.4100036621094,320.1199951171875,320.3500061035156,45944,UNH,5m
2026-04-20 15:20:00+00:00,320.29998779296875,320.6449890136719,320.1499938964844,320.3800048828125,67111,UNH,5m
2026-04-20 15:25:00+00:00,320.3699951171875,321.0899963378906,320.17498779296875,321.0899963378906,117852,UNH,5m
2026-04-20 15:30:00+00:00,321.0199890136719,321.8500061035156,320.79998779296875,321.6499938964844,63501,UNH,5m
2026-04-20 15:35:00+00:00,321.6300048828125,322.0,321.45001220703125,321.8999938964844,84286,UNH,5m
2026-04-20 15:40:00+00:00,321.8999938964844,322.6600036621094,321.8999938964844,322.6499938964844,76770,UNH,5m
2026-04-20 15:45:00+00:00,322.625,322.989990234375,322.5299987792969,322.9100036621094,54711,UNH,5m
2026-04-20 15:50:00+00:00,322.9049987792969,323.0,322.5400085449219,322.9599914550781,113136,UNH,5m
2026-04-20 15:55:00+00:00,322.95001220703125,323.8900146484375,322.8699951171875,323.8450012207031,85169,UNH,5m
2026-04-20 16:00:00+00:00,323.8299865722656,324.1000061035156,323.6400146484375,323.94000244140625,136111,UNH,5m
2026-04-20 16:05:00+00:00,323.885009765625,324.1499938964844,323.5299987792969,323.7200012207031,88570,UNH,5m
2026-04-20 16:10:00+00:00,323.7099914550781,324.30499267578125,323.70001220703125,324.30499267578125,44250,UNH,5m
2026-04-20 16:15:00+00:00,324.2799987792969,324.3399963378906,323.7699890136719,323.9849853515625,77648,UNH,5m
2026-04-20 16:20:00+00:00,324.0299987792969,324.2998962402344,323.8599853515625,323.9649963378906,40380,UNH,5m
2026-04-20 16:25:00+00:00,323.9649963378906,324.2149963378906,323.8949890136719,324.1650085449219,56295,UNH,5m
2026-04-20 16:30:00+00:00,324.1700134277344,324.3299865722656,324.0400085449219,324.239990234375,50738,UNH,5m
2026-04-20 16:35:00+00:00,324.239990234375,324.260009765625,323.42498779296875,323.4349975585937,42385,UNH,5m
2026-04-20 16:40:00+00:00,323.4349975585937,323.8550109863281,323.3599853515625,323.5599975585937,64792,UNH,5m
2026-04-20 16:45:00+00:00,323.5,323.6099853515625,323.0199890136719,323.2900085449219,34166,UNH,5m
2026-04-20 16:50:00+00:00,323.3299865722656,323.3299865722656,323.0,323.07000732421875,63233,UNH,5m
2026-04-20 16:55:00+00:00,323.07000732421875,323.489990234375,323.04998779296875,323.4599914550781,45477,UNH,5m
2026-04-20 17:00:00+00:00,323.4750061035156,323.6499938964844,323.32501220703125,323.44000244140625,41240,UNH,5m
2026-04-20 17:05:00+00:00,323.4100036621094,323.6300048828125,323.2099914550781,323.2699890136719,44615,UNH,5m
2026-04-20 17:10:00+00:00,323.2699890136719,323.57000732421875,323.1400146484375,323.5450134277344,48535,UNH,5m
2026-04-20 17:15:00+00:00,323.5450134277344,323.8099975585937,323.42999267578125,323.6400146484375,69047,UNH,5m
2026-04-20 17:20:00+00:00,323.6400146484375,324.3399963378906,323.5799865722656,324.29998779296875,64236,UNH,5m
2026-04-20 17:25:00+00:00,324.29998779296875,324.4800109863281,323.9599914550781,324.05499267578125,68628,UNH,5m
2026-04-20 17:30:00+00:00,324.04998779296875,324.1300048828125,323.54998779296875,323.614990234375,68011,UNH,5m
2026-04-20 17:35:00+00:00,323.6499938964844,323.7298889160156,322.8800048828125,323.31500244140625,102185,UNH,5m
2026-04-20 17:40:00+00:00,323.2974853515625,323.5249938964844,323.0599975585937,323.260009765625,46604,UNH,5m
2026-04-20 17:45:00+00:00,323.2099914550781,323.2699890136719,322.3500061035156,322.3793029785156,130730,UNH,5m
2026-04-20 17:50:00+00:00,322.385009765625,322.5,321.69000244140625,322.20001220703125,203763,UNH,5m
2026-04-20 17:55:00+00:00,322.25,322.5199890136719,321.8999938964844,322.5199890136719,49863,UNH,5m
2026-04-20 18:00:00+00:00,322.5050048828125,322.6050109863281,322.1099853515625,322.1700134277344,51248,UNH,5m
2026-04-20 18:05:00+00:00,322.17999267578125,322.260009765625,321.989990234375,322.0409851074219,53935,UNH,5m
2026-04-20 18:10:00+00:00,322.0400085449219,322.2349853515625,321.9549865722656,322.2300109863281,51047,UNH,5m
2026-04-20 18:15:00+00:00,322.2300109863281,322.5,322.1099853515625,322.489990234375,43593,UNH,5m
2026-04-20 18:20:00+00:00,322.489990234375,322.9150085449219,322.4599914550781,322.8599853515625,73882,UNH,5m
2026-04-20 18:25:00+00:00,322.9200134277344,323.0498962402344,322.7099914550781,323.0498962402344,52955,UNH,5m
2026-04-20 18:30:00+00:00,323.0050048828125,323.010009765625,322.739990234375,322.80499267578125,66854,UNH,5m
2026-04-20 18:35:00+00:00,322.8399963378906,322.8699951171875,322.5299987792969,322.5599975585937,92866,UNH,5m
2026-04-20 18:40:00+00:00,322.5849914550781,322.69500732421875,322.3599853515625,322.4849853515625,67134,UNH,5m
2026-04-20 18:45:00+00:00,322.4700012207031,322.8399963378906,322.45001220703125,322.65509033203125,66112,UNH,5m
2026-04-20 18:50:00+00:00,322.6650085449219,322.8699951171875,322.6451110839844,322.8299865722656,55221,UNH,5m
2026-04-20 18:55:00+00:00,322.82000732421875,322.8299865722656,322.32000732421875,322.4700012207031,50254,UNH,5m
2026-04-20 19:00:00+00:00,322.4700012207031,323.0400085449219,322.46759033203125,322.92999267578125,69382,UNH,5m
2026-04-20 19:05:00+00:00,322.94500732421875,323.3004150390625,322.8999938964844,323.29998779296875,75731,UNH,5m
2026-04-20 19:10:00+00:00,323.3349914550781,323.4100036621094,322.9150085449219,323.239990234375,67074,UNH,5m
2026-04-20 19:15:00+00:00,323.2449951171875,323.3999938964844,322.989990234375,323.3699951171875,62129,UNH,5m
2026-04-20 19:20:00+00:00,323.3799133300781,323.6099853515625,323.2900085449219,323.6000061035156,71105,UNH,5m
2026-04-20 19:25:00+00:00,323.5899963378906,323.739990234375,323.32000732421875,323.3599853515625,62348,UNH,5m
2026-04-20 19:30:00+00:00,323.2950134277344,323.5799865722656,322.6700134277344,322.739990234375,109177,UNH,5m
2026-04-20 19:35:00+00:00,322.7449951171875,323.2099914550781,322.6300048828125,323.04998779296875,91021,UNH,5m
2026-04-20 19:40:00+00:00,323.0249938964844,323.1499938964844,322.9150085449219,322.94500732421875,94192,UNH,5m
2026-04-20 19:45:00+00:00,322.9800109863281,323.3900146484375,322.8800048828125,322.9200134277344,143877,UNH,5m
2026-04-20 19:50:00+00:00,322.9200134277344,323.75,322.8099975585937,323.7099914550781,207437,UNH,5m
2026-04-20 19:55:00+00:00,323.7300109863281,323.92999267578125,323.2300109863281,323.510009765625,459744,UNH,5m
2026-04-21 13:30:00+00:00,353.010009765625,355.0799865722656,348.6400146484375,352.0299987792969,4148262,UNH,5m
2026-04-21 13:35:00+00:00,352.2699890136719,353.75,349.1000061035156,352.42498779296875,1086256,UNH,5m
2026-04-21 13:40:00+00:00,352.29998779296875,355.29998779296875,351.25,354.7049865722656,1015014,UNH,5m
2026-04-21 13:45:00+00:00,354.82000732421875,357.67999267578125,354.1400146484375,354.4150085449219,978515,UNH,5m
2026-04-21 13:50:00+00:00,354.3599853515625,355.21990966796875,351.32000732421875,353.79998779296875,716314,UNH,5m
2026-04-21 13:55:00+00:00,353.79998779296875,354.6700134277344,352.3103942871094,352.45001220703125,469864,UNH,5m
2026-04-21 14:00:00+00:00,352.5,354.36529541015625,351.6400146484375,354.2300109863281,434951,UNH,5m
2026-04-21 14:05:00+00:00,354.2749938964844,356.0,353.1099853515625,353.75,476024,UNH,5m
2026-04-21 14:10:00+00:00,353.8800048828125,354.82000732421875,353.1000061035156,353.5599975585937,298866,UNH,5m
2026-04-21 14:15:00+00:00,353.6650085449219,355.3699951171875,353.07000732421875,354.67999267578125,348799,UNH,5m
2026-04-21 14:20:00+00:00,354.7449951171875,355.70001220703125,354.260009765625,354.92498779296875,252820,UNH,5m
2026-04-21 14:25:00+00:00,354.79998779296875,355.92999267578125,354.67999267578125,355.0,228851,UNH,5m
2026-04-21 14:30:00+00:00,355.04998779296875,356.70001220703125,354.75,356.489990234375,316364,UNH,5m
2026-04-21 14:35:00+00:00,356.42999267578125,357.1499938964844,354.7650146484375,354.7900085449219,373058,UNH,5m
2026-04-21 14:40:00+00:00,354.8599853515625,355.04998779296875,352.5,352.79998779296875,367329,UNH,5m
2026-04-21 14:45:00+00:00,352.7900085449219,352.88800048828125,349.5,350.1650085449219,424052,UNH,5m
2026-04-21 14:50:00+00:00,350.03009033203125,350.3900146484375,346.5,346.7349853515625,489870,UNH,5m
2026-04-21 14:55:00+00:00,346.82000732421875,347.69000244140625,345.3800048828125,345.94500732421875,502202,UNH,5m
2026-04-21 15:00:00+00:00,345.8835144042969,348.643310546875,345.2300109863281,348.44000244140625,369834,UNH,5m
2026-04-21 15:05:00+00:00,348.4200134277344,349.94000244140625,347.5,348.2598876953125,305845,UNH,5m
2026-04-21 15:10:00+00:00,348.1351013183594,348.7099914550781,347.2701110839844,348.6849975585937,204490,UNH,5m
2026-04-21 15:15:00+00:00,348.7439880371094,349.3399963378906,348.2101135253906,348.5950012207031,200115,UNH,5m
2026-04-21 15:20:00+00:00,348.5950012207031,349.33990478515625,347.17999267578125,347.70001220703125,226715,UNH,5m
2026-04-21 15:25:00+00:00,347.67498779296875,348.1400146484375,347.20001220703125,347.4175109863281,423206,UNH,5m
2026-04-21 15:30:00+00:00,347.4700012207031,348.1300048828125,347.1199951171875,347.4750061035156,426103,UNH,5m
2026-04-21 15:35:00+00:00,347.6099853515625,348.1300048828125,346.5799865722656,347.0400085449219,0,UNH,5m
2026-04-21 15:40:00+00:00,347.010009765625,347.8399963378906,346.8800048828125,347.2099914550781,100525,UNH,5m
2026-04-21 15:45:00+00:00,347.2101135253906,348.1300048828125,347.0299987792969,347.9861145019531,120571,UNH,5m
2026-04-21 15:50:00+00:00,348.1199951171875,348.57000732421875,347.92138671875,348.0,121774,UNH,5m
2026-04-21 15:55:00+00:00,348.0,350.0,348.0,349.95001220703125,185625,UNH,5m
2026-04-21 16:00:00+00:00,349.92999267578125,351.8999938964844,349.92999267578125,351.79998779296875,277304,UNH,5m
2026-04-21 16:05:00+00:00,351.79998779296875,352.1300048828125,350.7099914550781,351.92498779296875,266575,UNH,5m
2026-04-21 16:10:00+00:00,351.92498779296875,352.6700134277344,351.1199951171875,351.29998779296875,292453,UNH,5m
2026-04-21 16:15:00+00:00,351.3349914550781,351.9800109863281,350.4200134277344,350.6000061035156,169914,UNH,5m
2026-04-21 16:20:00+00:00,350.3800048828125,351.5599975585937,350.04998779296875,351.5400085449219,144625,UNH,5m
2026-04-21 16:25:00+00:00,351.4849853515625,351.7799987792969,350.8901062011719,351.70001220703125,125551,UNH,5m
2026-04-21 16:30:00+00:00,351.7250061035156,351.7699890136719,350.7099914550781,350.7850036621094,117412,UNH,5m
2026-04-21 16:35:00+00:00,350.7850036621094,350.8999938964844,349.9599914550781,350.5799865722656,135696,UNH,5m
2026-04-21 16:40:00+00:00,350.5899963378906,351.2699890136719,349.989990234375,349.989990234375,147813,UNH,5m
2026-04-21 16:45:00+00:00,349.989990234375,350.9200134277344,349.6499938964844,349.9049987792969,171806,UNH,5m
2026-04-21 16:50:00+00:00,349.8500061035156,351.54998779296875,349.6499938964844,351.0050048828125,153507,UNH,5m
2026-04-21 16:55:00+00:00,351.1000061035156,351.1600036621094,350.0,350.19500732421875,189346,UNH,5m
2026-04-21 17:00:00+00:00,350.260009765625,351.3500061035156,350.1300048828125,350.6200866699219,178852,UNH,5m
2026-04-21 17:05:00+00:00,350.739990234375,351.31500244140625,350.0,351.2051086425781,125090,UNH,5m
2026-04-21 17:10:00+00:00,351.12420654296875,351.739990234375,351.0199890136719,351.32000732421875,104114,UNH,5m
2026-04-21 17:15:00+00:00,351.24920654296875,351.42999267578125,350.75,350.8299865722656,108464,UNH,5m
2026-04-21 17:20:00+00:00,350.75,351.29998779296875,350.0050048828125,351.2699890136719,151688,UNH,5m
2026-04-21 17:25:00+00:00,351.2099914550781,351.9999084472656,350.7699890136719,350.7950134277344,118009,UNH,5m
2026-04-21 17:30:00+00:00,350.7900085449219,351.3699951171875,349.92999267578125,351.19000244140625,143220,UNH,5m
2026-04-21 17:35:00+00:00,351.04998779296875,351.20001220703125,350.2049865722656,351.010009765625,125155,UNH,5m
2026-04-21 17:40:00+00:00,351.0150146484375,351.8599853515625,350.6499938964844,351.6199951171875,134654,UNH,5m
2026-04-21 17:45:00+00:00,351.7099914550781,352.260009765625,351.0899963378906,352.260009765625,137408,UNH,5m
2026-04-21 17:50:00+00:00,352.239990234375,352.3599853515625,351.54998779296875,352.0799865722656,85398,UNH,5m
2026-04-21 17:55:00+00:00,352.0450134277344,352.54998779296875,351.69000244140625,352.42999267578125,118610,UNH,5m
2026-04-21 18:00:00+00:00,352.40509033203125,352.70001220703125,352.1499938964844,352.2799987792969,123214,UNH,5m
2026-04-21 18:05:00+00:00,352.2799987792969,352.5899963378906,351.69000244140625,351.989990234375,212725,UNH,5m
2026-04-21 18:10:00+00:00,352.0849914550781,352.45001220703125,351.989990234375,352.1199951171875,82864,UNH,5m
2026-04-21 18:15:00+00:00,352.1351013183594,352.72149658203125,352.1000061035156,352.4599914550781,107050,UNH,5m
2026-04-21 18:20:00+00:00,352.4599914550781,352.4599914550781,351.87030029296875,352.32000732421875,131266,UNH,5m
2026-04-21 18:25:00+00:00,352.32000732421875,352.5350036621094,351.739990234375,351.8399963378906,353519,UNH,5m
2026-04-21 18:30:00+00:00,351.7449951171875,351.989990234375,351.17999267578125,351.7850036621094,135585,UNH,5m
2026-04-21 18:35:00+00:00,351.8699951171875,352.0899963378906,351.4200134277344,351.42999267578125,114291,UNH,5m
2026-04-21 18:40:00+00:00,351.4200134277344,351.6600036621094,350.5516052246094,350.88751220703125,146677,UNH,5m
2026-04-21 18:45:00+00:00,350.9150085449219,350.9150085449219,350.04998779296875,350.2699890136719,98600,UNH,5m
2026-04-21 18:50:00+00:00,350.2699890136719,350.4800109863281,349.5299987792969,350.1300048828125,171118,UNH,5m
2026-04-21 18:55:00+00:00,350.1300048828125,350.1600952148437,348.8099975585937,349.0199890136719,118184,UNH,5m
2026-04-21 19:00:00+00:00,349.0199890136719,349.6400146484375,348.7601013183594,349.04998779296875,150528,UNH,5m
2026-04-21 19:05:00+00:00,349.05499267578125,349.5599975585937,348.3999938964844,348.57000732421875,156226,UNH,5m
2026-04-21 19:10:00+00:00,348.4849853515625,349.14990234375,348.0,348.310791015625,183086,UNH,5m
2026-04-21 19:15:00+00:00,348.44000244140625,348.6099853515625,347.82000732421875,348.1600952148437,152716,UNH,5m
2026-04-21 19:20:00+00:00,348.1000061035156,348.9700012207031,348.0599975585937,348.5350036621094,134313,UNH,5m
2026-04-21 19:25:00+00:00,348.5599975585937,348.739990234375,348.2200012207031,348.375,111071,UNH,5m
2026-04-21 19:30:00+00:00,348.4100036621094,348.82000732421875,348.29998779296875,348.4049987792969,115103,UNH,5m
2026-04-21 19:35:00+00:00,348.3699951171875,348.42999267578125,347.1849975585937,347.42498779296875,167021,UNH,5m
2026-04-21 19:40:00+00:00,347.510009765625,347.8699951171875,346.55010986328125,346.92498779296875,189078,UNH,5m
2026-04-21 19:45:00+00:00,346.95001220703125,348.32000732421875,346.8099975585937,347.8800048828125,234910,UNH,5m
2026-04-21 19:50:00+00:00,347.8999938964844,348.1000061035156,346.7099914550781,346.8900146484375,322970,UNH,5m
2026-04-21 19:55:00+00:00,346.8699951171875,346.9200134277344,345.75,346.0199890136719,644258,UNH,5m
2026-04-22 13:30:00+00:00,350.8800048828125,355.1899108886719,350.0599975585937,353.5899963378906,811133,UNH,5m
2026-04-22 13:35:00+00:00,353.760009765625,354.94000244140625,350.95001220703125,351.3706970214844,326327,UNH,5m
2026-04-22 13:40:00+00:00,351.385009765625,352.4100036621094,351.1400146484375,352.0400085449219,229801,UNH,5m
2026-04-22 13:45:00+00:00,352.0,354.20001220703125,351.989990234375,353.7829895019531,221484,UNH,5m
2026-04-22 13:50:00+00:00,353.6499938964844,355.42999267578125,353.6499938964844,354.25,362854,UNH,5m
2026-04-22 13:55:00+00:00,354.2699890136719,354.4490051269531,353.04998779296875,353.3599853515625,245399,UNH,5m
2026-04-22 14:00:00+00:00,353.364990234375,354.75,353.1000061035156,354.1925048828125,193507,UNH,5m
2026-04-22 14:05:00+00:00,354.1300048828125,355.1499938964844,353.92999267578125,354.8251037597656,284453,UNH,5m
2026-04-22 14:10:00+00:00,354.79998779296875,355.3099975585937,354.3399963378906,355.1000061035156,195788,UNH,5m
2026-04-22 14:15:00+00:00,355.05010986328125,355.3599853515625,354.29998779296875,355.20001220703125,189419,UNH,5m
2026-04-22 14:20:00+00:00,355.17999267578125,356.25,355.07000732421875,355.8099975585937,182112,UNH,5m
2026-04-22 14:25:00+00:00,355.75,356.20001220703125,355.2799987792969,355.4100036621094,129935,UNH,5m
2026-04-22 14:30:00+00:00,355.3900146484375,355.4798889160156,354.5599975585937,354.989990234375,190692,UNH,5m
2026-04-22 14:35:00+00:00,355.0299987792969,355.77349853515625,354.79998779296875,355.69000244140625,136661,UNH,5m
2026-04-22 14:40:00+00:00,355.6849975585937,355.8500061035156,355.1300048828125,355.7900085449219,117066,UNH,5m
2026-04-22 14:45:00+00:00,355.7900085449219,356.5400085449219,355.4901123046875,356.4949951171875,134671,UNH,5m
2026-04-22 14:50:00+00:00,356.5400085449219,357.5,356.3299865722656,356.5199890136719,212988,UNH,5m
2026-04-22 14:55:00+00:00,356.4200134277344,356.7049865722656,355.3999938964844,355.7950134277344,154938,UNH,5m
2026-04-22 15:00:00+00:00,355.7200012207031,357.1650085449219,355.69000244140625,357.1000061035156,148034,UNH,5m
2026-04-22 15:05:00+00:00,357.1549987792969,357.8399963378906,356.9800109863281,357.7799987792969,153858,UNH,5m
2026-04-22 15:10:00+00:00,357.7950134277344,358.25,357.1600036621094,357.2099914550781,218846,UNH,5m
2026-04-22 15:15:00+00:00,357.2099914550781,358.0,357.2099914550781,357.9101867675781,102878,UNH,5m
2026-04-22 15:20:00+00:00,357.95001220703125,358.5599975585937,357.4700012207031,357.5350036621094,168279,UNH,5m
2026-04-22 15:25:00+00:00,357.5350036621094,357.5985107421875,356.5899963378906,356.6400146484375,99699,UNH,5m
2026-04-22 15:30:00+00:00,356.6600036621094,356.9349975585937,355.31658935546875,356.0899963378906,170135,UNH,5m
2026-04-22 15:35:00+00:00,356.1499938964844,356.5899963378906,355.0,355.5899963378906,129741,UNH,5m
2026-04-22 15:40:00+00:00,355.57501220703125,355.75,355.0,355.6499938964844,111209,UNH,5m
2026-04-22 15:45:00+00:00,355.7041931152344,355.8799133300781,354.3599853515625,354.3999938964844,104853,UNH,5m
2026-04-22 15:50:00+00:00,354.3800048828125,355.07000732421875,353.95001220703125,354.7200012207031,105777,UNH,5m
2026-04-22 15:55:00+00:00,354.7200012207031,355.45001220703125,354.6600952148437,355.30499267578125,72313,UNH,5m
2026-04-22 16:00:00+00:00,355.3800048828125,355.5799865722656,354.8399963378906,355.40008544921875,228168,UNH,5m
2026-04-22 16:05:00+00:00,355.45001220703125,355.8500061035156,355.3599853515625,355.7099914550781,102998,UNH,5m
2026-04-22 16:10:00+00:00,355.70001220703125,356.2300109863281,355.70001220703125,356.19500732421875,81807,UNH,5m
2026-04-22 16:15:00+00:00,356.1300964355469,356.3800048828125,355.95001220703125,356.1700134277344,84919,UNH,5m
2026-04-22 16:20:00+00:00,356.17999267578125,356.3299865722656,355.739990234375,355.739990234375,67514,UNH,5m
2026-04-22 16:25:00+00:00,355.7099914550781,356.260009765625,355.6499938964844,356.0899963378906,107189,UNH,5m
2026-04-22 16:30:00+00:00,356.0899963378906,356.1099853515625,355.4200134277344,355.7049865722656,84407,UNH,5m
2026-04-22 16:35:00+00:00,355.7242126464844,356.1700134277344,355.5119934082031,355.9750061035156,86750,UNH,5m
2026-04-22 16:40:00+00:00,355.9750061035156,356.239990234375,355.82000732421875,355.9849853515625,68682,UNH,5m
2026-04-22 16:45:00+00:00,355.9849853515625,356.260009765625,355.8399963378906,355.8500061035156,61549,UNH,5m
2026-04-22 16:50:00+00:00,355.8399963378906,356.010009765625,355.3103942871094,355.7149963378906,78564,UNH,5m
2026-04-22 16:55:00+00:00,355.6900939941406,356.1199951171875,355.6099853515625,356.1000061035156,80239,UNH,5m
2026-04-22 17:00:00+00:00,356.1000061035156,356.2699890136719,355.8299865722656,355.8500061035156,52166,UNH,5m
2026-04-22 17:05:00+00:00,355.8699951171875,356.010009765625,355.2200012207031,355.65478515625,59923,UNH,5m
2026-04-22 17:10:00+00:00,355.5801086425781,355.9200134277344,354.8099975585937,354.94500732421875,79220,UNH,5m
2026-04-22 17:15:00+00:00,354.8800048828125,355.20001220703125,354.3699951171875,354.5350036621094,59298,UNH,5m
2026-04-22 17:20:00+00:00,354.5350036621094,354.6000061035156,353.85009765625,353.9100036621094,97915,UNH,5m
2026-04-22 17:25:00+00:00,353.92999267578125,354.45001220703125,353.80499267578125,354.3800048828125,57587,UNH,5m
2026-04-22 17:30:00+00:00,354.4100036621094,354.5199890136719,353.5711975097656,353.7099914550781,65083,UNH,5m
2026-04-22 17:35:00+00:00,353.7300109863281,353.8800048828125,353.2300109863281,353.4150085449219,73273,UNH,5m
2026-04-22 17:40:00+00:00,353.4200134277344,353.4349975585937,352.8099975585937,352.8500061035156,62887,UNH,5m
2026-04-22 17:45:00+00:00,352.8500061035156,352.9349975585937,352.3299865722656,352.3299865722656,71983,UNH,5m
2026-04-22 17:50:00+00:00,352.3599853515625,353.239990234375,352.3599853515625,353.0899963378906,59995,UNH,5m
2026-04-22 17:55:00+00:00,353.1449890136719,353.3699951171875,353.0799865722656,353.17999267578125,79604,UNH,5m
2026-04-22 18:00:00+00:00,353.1600036621094,353.2900085449219,352.5,352.5799865722656,61729,UNH,5m
2026-04-22 18:05:00+00:00,352.6050109863281,352.7300109863281,352.3599853515625,352.6000061035156,51021,UNH,5m
2026-04-22 18:10:00+00:00,352.5899963378906,352.864990234375,352.4700012207031,352.70001220703125,55312,UNH,5m
2026-04-22 18:15:00+00:00,352.69000244140625,352.95001220703125,352.57000732421875,352.635009765625,47758,UNH,5m
2026-04-22 18:20:00+00:00,352.6300048828125,352.67999267578125,352.17999267578125,352.4599914550781,53195,UNH,5m
2026-04-22 18:25:00+00:00,352.4800109863281,352.57000732421875,352.1300048828125,352.4800109863281,77093,UNH,5m
2026-04-22 18:30:00+00:00,352.4800109863281,352.8800048828125,351.3299865722656,351.7900085449219,188579,UNH,5m
2026-04-22 18:35:00+00:00,351.7900085449219,352.9599914550781,351.7705993652344,352.6099853515625,79948,UNH,5m
2026-04-22 18:40:00+00:00,352.6000061035156,353.1600036621094,352.5899963378906,353.1400146484375,55750,UNH,5m
2026-04-22 18:45:00+00:00,353.1449890136719,353.1700134277344,352.1000061035156,352.3572998046875,56835,UNH,5m
2026-04-22 18:50:00+00:00,352.3349914550781,352.8299865722656,352.0799865722656,352.1600036621094,61085,UNH,5m
2026-04-22 18:55:00+00:00,352.1600036621094,352.67999267578125,352.1499938964844,352.6199951171875,93704,UNH,5m
2026-04-22 19:00:00+00:00,352.6300048828125,353.0,349.1000061035156,352.8999938964844,99068,UNH,5m
2026-04-22 19:05:00+00:00,352.8900146484375,354.260009765625,352.8500061035156,354.07000732421875,99310,UNH,5m
2026-04-22 19:10:00+00:00,354.1400146484375,354.2699890136719,353.6400146484375,353.7449951171875,90308,UNH,5m
2026-04-22 19:15:00+00:00,353.7449951171875,354.0599975585937,353.55718994140625,353.9599914550781,75350,UNH,5m
2026-04-22 19:20:00+00:00,353.9949951171875,354.19989013671875,353.739990234375,353.989990234375,89153,UNH,5m
2026-04-22 19:25:00+00:00,354.010009765625,354.4700012207031,353.80010986328125,353.9150085449219,83206,UNH,5m
2026-04-22 19:30:00+00:00,353.9049987792969,354.5799865722656,353.8599853515625,353.9349975585937,103989,UNH,5m
2026-04-22 19:35:00+00:00,353.9349975585937,354.4200134277344,353.8099975585937,354.30499267578125,116278,UNH,5m
2026-04-22 19:40:00+00:00,354.3599853515625,354.54998779296875,354.010009765625,354.20001220703125,230132,UNH,5m
2026-04-22 19:45:00+00:00,354.2300109863281,354.3399963378906,353.17999267578125,353.42498779296875,178651,UNH,5m
2026-04-22 19:50:00+00:00,353.42999267578125,354.3099975585937,353.3500061035156,353.9800109863281,256645,UNH,5m
2026-04-22 19:55:00+00:00,353.9849853515625,354.0299987792969,352.7099914550781,353.4100036621094,489672,UNH,5m
2026-04-23 13:30:00+00:00,354.67999267578125,356.8500061035156,353.6499938964844,354.8999938964844,404926,UNH,5m
2026-04-23 13:35:00+00:00,354.7900085449219,355.9599914550781,353.239990234375,353.6099853515625,150629,UNH,5m
2026-04-23 13:40:00+00:00,353.4891052246094,353.760009765625,351.75,352.3599853515625,106404,UNH,5m
2026-04-23 13:45:00+00:00,352.25,353.2300109863281,352.2200012207031,352.5799865722656,87290,UNH,5m
2026-04-23 13:50:00+00:00,352.5799865722656,353.32000732421875,352.3900146484375,352.8099975585937,75618,UNH,5m
2026-04-23 13:55:00+00:00,352.8800048828125,354.54998779296875,352.7850036621094,354.2699890136719,123479,UNH,5m
2026-04-23 14:00:00+00:00,354.1549987792969,354.7799987792969,353.9549865722656,354.2699890136719,94022,UNH,5m
2026-04-23 14:05:00+00:00,354.2650146484375,355.5400085449219,354.17999267578125,355.1300048828125,116415,UNH,5m
2026-04-23 14:10:00+00:00,355.20001220703125,356.1600036621094,355.1400146484375,356.1199951171875,124726,UNH,5m
2026-04-23 14:15:00+00:00,356.19000244140625,356.32000732421875,354.760009765625,355.385009765625,104985,UNH,5m
2026-04-23 14:20:00+00:00,355.260009765625,355.3900146484375,354.0799865722656,354.2099914550781,60895,UNH,5m
2026-04-23 14:25:00+00:00,354.2799987792969,354.3800048828125,353.8800048828125,354.3800048828125,54412,UNH,5m
2026-04-23 14:30:00+00:00,354.27081298828125,354.79998779296875,353.57000732421875,353.875,127885,UNH,5m
2026-04-23 14:35:00+00:00,353.8699951171875,354.0799865722656,353.0899963378906,353.9949951171875,67298,UNH,5m
2026-04-23 14:40:00+00:00,354.010009765625,354.4757080078125,353.82501220703125,354.0,49303,UNH,5m
2026-04-23 14:45:00+00:00,353.92999267578125,355.4999084472656,353.92999267578125,355.25,92511,UNH,5m
2026-04-23 14:50:00+00:00,355.2850036621094,356.0599975585937,355.1199951171875,355.32000732421875,112357,UNH,5m
2026-04-23 14:55:00+00:00,355.4800109863281,355.7900085449219,355.20001220703125,355.55499267578125,63045,UNH,5m
2026-04-23 15:00:00+00:00,355.6099853515625,355.6400146484375,354.57000732421875,354.70001220703125,90850,UNH,5m
2026-04-23 15:05:00+00:00,354.7099914550781,354.8500061035156,353.79998779296875,353.8954772949219,63078,UNH,5m
2026-04-23 15:10:00+00:00,353.9599914550781,354.69000244140625,353.8800048828125,354.69000244140625,83213,UNH,5m
2026-04-23 15:15:00+00:00,354.7099914550781,355.3599853515625,354.5199890136719,354.6400146484375,84237,UNH,5m
2026-04-23 15:20:00+00:00,354.6199951171875,355.12799072265625,354.5599975585937,355.0249938964844,66929,UNH,5m
2026-04-23 15:25:00+00:00,355.07000732421875,355.45001220703125,354.8399963378906,354.875,59777,UNH,5m
2026-04-23 15:30:00+00:00,354.9100036621094,355.2449951171875,354.7449951171875,355.1400146484375,98350,UNH,5m
2026-04-23 15:35:00+00:00,355.1650085449219,355.7200012207031,354.9100036621094,355.3699951171875,113512,UNH,5m
2026-04-23 15:40:00+00:00,355.3599853515625,355.4800109863281,355.07000732421875,355.17999267578125,46831,UNH,5m
2026-04-23 15:45:00+00:00,355.17999267578125,355.17999267578125,354.7149963378906,354.8800048828125,47755,UNH,5m
2026-04-23 15:50:00+00:00,354.8900146484375,355.19500732421875,354.54998779296875,355.1199951171875,50462,UNH,5m
2026-04-23 15:55:00+00:00,355.1499938964844,355.4800109863281,354.8599853515625,355.2099914550781,51590,UNH,5m
2026-04-23 16:00:00+00:00,355.1600036621094,355.3999938964844,354.8999938964844,355.07000732421875,47636,UNH,5m
2026-04-23 16:05:00+00:00,355.0199890136719,355.25,354.7799987792969,354.885009765625,50044,UNH,5m
2026-04-23 16:10:00+00:00,354.8699951171875,355.8099975585937,354.8699951171875,355.7950134277344,87439,UNH,5m
2026-04-23 16:15:00+00:00,355.7550048828125,356.0899963378906,355.4649963378906,355.4750061035156,72781,UNH,5m
2026-04-23 16:20:00+00:00,355.4700012207031,355.4750061035156,354.75,355.135009765625,35797,UNH,5m
2026-04-23 16:25:00+00:00,355.1499938964844,355.45001220703125,354.7699890136719,354.82000732421875,46339,UNH,5m
2026-04-23 16:30:00+00:00,354.7950134277344,354.8500061035156,354.19000244140625,354.2799987792969,51830,UNH,5m
2026-04-23 16:35:00+00:00,354.2799987792969,354.5199890136719,353.8500061035156,354.17999267578125,74343,UNH,5m
2026-04-23 16:40:00+00:00,354.25,354.4750061035156,354.0400085449219,354.2200012207031,44656,UNH,5m
2026-04-23 16:45:00+00:00,354.2650146484375,354.42999267578125,354.0,354.260009765625,51818,UNH,5m
2026-04-23 16:50:00+00:00,354.125,354.2300109863281,353.90008544921875,354.0799865722656,81823,UNH,5m
2026-04-23 16:55:00+00:00,354.0799865722656,354.1099853515625,353.2799987792969,353.5050048828125,73886,UNH,5m
2026-04-23 17:00:00+00:00,353.489990234375,353.989990234375,353.21240234375,353.2850036621094,70453,UNH,5m
2026-04-23 17:05:00+00:00,353.29998779296875,353.8099975585937,353.0799865722656,353.2799987792969,126580,UNH,5m
2026-04-23 17:10:00+00:00,353.2200012207031,353.3800048828125,352.8800048828125,353.0299987792969,92390,UNH,5m
2026-04-23 17:15:00+00:00,352.9849853515625,353.17498779296875,352.6304016113281,352.79998779296875,81370,UNH,5m
2026-04-23 17:20:00+00:00,352.739990234375,353.3299865722656,352.6600036621094,353.2300109863281,59018,UNH,5m
2026-04-23 17:25:00+00:00,353.2749938964844,353.6400146484375,352.8099975585937,353.0599975585937,60359,UNH,5m
2026-04-23 17:30:00+00:00,353.0,353.25,352.70001220703125,353.1549987792969,49557,UNH,5m
2026-04-23 17:35:00+00:00,353.1549987792969,353.2799987792969,352.1400146484375,352.1731872558594,60850,UNH,5m
2026-04-23 17:40:00+00:00,352.1700134277344,352.1700134277344,350.75,350.989990234375,79363,UNH,5m
2026-04-23 17:45:00+00:00,350.9800109863281,351.6000061035156,350.5,351.4100036621094,93474,UNH,5m
2026-04-23 17:50:00+00:00,351.4800109863281,353.3900146484375,351.2724914550781,352.6400146484375,97916,UNH,5m
2026-04-23 17:55:00+00:00,352.6449890136719,353.2900085449219,352.54998779296875,352.94000244140625,58568,UNH,5m
2026-04-23 18:00:00+00:00,352.92999267578125,353.6300048828125,352.5,353.25,62182,UNH,5m
2026-04-23 18:05:00+00:00,353.25,353.4172058105469,353.05499267578125,353.25,38263,UNH,5m
2026-04-23 18:10:00+00:00,353.2149963378906,353.44000244140625,352.9100036621094,353.2799987792969,55578,UNH,5m
2026-04-23 18:15:00+00:00,353.3299865722656,353.5899963378906,353.2200012207031,353.5249938964844,29664,UNH,5m
2026-04-23 18:20:00+00:00,353.5199890136719,353.8099975585937,353.1849975585937,353.29998779296875,69318,UNH,5m
2026-04-23 18:25:00+00:00,353.2101135253906,353.70001220703125,353.0721130371094,353.70001220703125,62623,UNH,5m
2026-04-23 18:30:00+00:00,353.6600036621094,354.1099853515625,353.6600036621094,353.82000732421875,62459,UNH,5m
2026-04-23 18:35:00+00:00,353.82000732421875,354.45001220703125,353.6188049316406,354.0950012207031,63574,UNH,5m
2026-04-23 18:40:00+00:00,354.07000732421875,354.4100036621094,353.92999267578125,354.239990234375,43118,UNH,5m
2026-04-23 18:45:00+00:00,354.239990234375,354.44000244140625,353.9100036621094,353.9599914550781,37452,UNH,5m
2026-04-23 18:50:00+00:00,353.9599914550781,354.0299987792969,353.5,353.7200012207031,48678,UNH,5m
2026-04-23 18:55:00+00:00,353.69500732421875,353.7699890136719,352.8599853515625,353.05499267578125,36662,UNH,5m
2026-04-23 19:00:00+00:00,353.0,353.1000061035156,352.7550048828125,352.95001220703125,32005,UNH,5m
2026-04-23 19:05:00+00:00,352.9599914550781,353.1449890136719,352.7300109863281,352.9200134277344,42889,UNH,5m
2026-04-23 19:10:00+00:00,352.9200134277344,353.1849975585937,352.7149963378906,353.1549987792969,49353,UNH,5m
2026-04-23 19:15:00+00:00,353.1300048828125,353.4049987792969,353.0314025878906,353.3099975585937,62397,UNH,5m
2026-04-23 19:20:00+00:00,353.3099975585937,353.389892578125,352.8699951171875,353.1600036621094,52882,UNH,5m
2026-04-23 19:25:00+00:00,353.1499938964844,353.2900085449219,352.92010498046875,353.17999267578125,59459,UNH,5m
2026-04-23 19:30:00+00:00,353.20001220703125,353.8999938964844,353.1549987792969,353.79998779296875,70964,UNH,5m
2026-04-23 19:35:00+00:00,353.79998779296875,354.1700134277344,353.44000244140625,353.72509765625,102352,UNH,5m
2026-04-23 19:40:00+00:00,353.8399963378906,354.0150146484375,353.7099914550781,353.7900085449219,105382,UNH,5m
2026-04-23 19:45:00+00:00,353.8099975585937,354.0150146484375,353.32000732421875,353.3699951171875,105984,UNH,5m
2026-04-23 19:50:00+00:00,353.3299865722656,354.32000732421875,352.739990234375,354.2099914550781,184627,UNH,5m
2026-04-23 19:55:00+00:00,354.17999267578125,354.8599853515625,354.1650085449219,354.5199890136719,318647,UNH,5m
2026-04-24 13:30:00+00:00,356.489990234375,358.2799987792969,354.7699890136719,354.94000244140625,399306,UNH,5m
2026-04-24 13:35:00+00:00,354.8900146484375,355.010009765625,353.3999938964844,353.3999938964844,98084,UNH,5m
2026-04-24 13:40:00+00:00,353.5,353.8999938964844,352.42999267578125,352.625,89026,UNH,5m
2026-04-24 13:45:00+00:00,352.6099853515625,353.29998779296875,352.3599853515625,353.1199951171875,98723,UNH,5m
2026-04-24 13:50:00+00:00,353.0199890136719,353.6400146484375,352.5,352.70001220703125,72603,UNH,5m
2026-04-24 13:55:00+00:00,352.6400146484375,352.80718994140625,352.29010009765625,352.54998779296875,87103,UNH,5m
2026-04-24 14:00:00+00:00,352.510009765625,352.8299865722656,352.1000061035156,352.6700134277344,98484,UNH,5m
2026-04-24 14:05:00+00:00,352.6600036621094,353.44000244140625,352.04998779296875,353.2699890136719,108488,UNH,5m
2026-04-24 14:10:00+00:00,353.17999267578125,353.9700012207031,352.92999267578125,353.8299865722656,87030,UNH,5m
2026-04-24 14:15:00+00:00,353.8299865722656,354.260009765625,353.489990234375,353.95001220703125,85127,UNH,5m
2026-04-24 14:20:00+00:00,353.9200134277344,354.2900085449219,353.28009033203125,353.5799865722656,60875,UNH,5m
2026-04-24 14:25:00+00:00,353.5450134277344,354.3599853515625,353.4100952148437,354.3599853515625,82544,UNH,5m
2026-04-24 14:30:00+00:00,354.30499267578125,354.7099914550781,354.2699890136719,354.3999938964844,50293,UNH,5m
2026-04-24 14:35:00+00:00,354.4200134277344,354.8900146484375,353.87750244140625,354.0,81361,UNH,5m
2026-04-24 14:40:00+00:00,353.95001220703125,354.385009765625,353.8299865722656,354.239990234375,34090,UNH,5m
2026-04-24 14:45:00+00:00,354.125,354.4599914550781,353.6099853515625,353.75,49731,UNH,5m
2026-04-24 14:50:00+00:00,353.6400146484375,353.7098999023437,353.0899963378906,353.36138916015625,46146,UNH,5m
2026-04-24 14:55:00+00:00,353.3399963378906,353.54998779296875,352.5799865722656,352.8599853515625,71218,UNH,5m
2026-04-24 15:00:00+00:00,352.8599853515625,353.385986328125,352.7099914550781,353.2215881347656,101219,UNH,5m
2026-04-24 15:05:00+00:00,353.2250061035156,353.3500061035156,352.80499267578125,353.20001220703125,67777,UNH,5m
2026-04-24 15:10:00+00:00,353.2099914550781,353.4200134277344,352.54998779296875,352.6499938964844,120896,UNH,5m
2026-04-24 15:15:00+00:00,352.6499938964844,353.5,352.6400146484375,353.2900085449219,83563,UNH,5m
2026-04-24 15:20:00+00:00,353.2449951171875,353.79998779296875,353.2200012207031,353.54998779296875,48477,UNH,5m
2026-04-24 15:25:00+00:00,353.54998779296875,353.54998779296875,353.0101013183594,353.1400146484375,86600,UNH,5m
2026-04-24 15:30:00+00:00,353.0950012207031,353.17999267578125,352.2799987792969,352.6700134277344,69406,UNH,5m
2026-04-24 15:35:00+00:00,352.6700134277344,352.69000244140625,352.1000061035156,352.3299865722656,55009,UNH,5m
2026-04-24 15:40:00+00:00,352.2699890136719,352.9700012207031,352.2300109863281,352.8299865722656,111214,UNH,5m
2026-04-24 15:45:00+00:00,352.8949890136719,353.0899963378906,352.5599975585937,352.7900085449219,49182,UNH,5m
2026-04-24 15:50:00+00:00,352.8399963378906,353.19000244140625,352.6499938964844,353.125,51722,UNH,5m
2026-04-24 15:55:00+00:00,353.1099853515625,353.32000732421875,353.0199890136719,353.1300048828125,73163,UNH,5m
2026-04-24 16:00:00+00:00,353.0201110839844,353.1164855957031,352.6000061035156,352.7300109863281,80706,UNH,5m
2026-04-24 16:05:00+00:00,352.75,352.79998779296875,352.489990234375,352.79998779296875,43221,UNH,5m
2026-04-24 16:10:00+00:00,352.8800048828125,353.0599975585937,352.510009765625,352.7200012207031,61227,UNH,5m
2026-04-24 16:15:00+00:00,352.70001220703125,352.8799133300781,352.65008544921875,352.8299865722656,40520,UNH,5m
2026-04-24 16:20:00+00:00,352.7554016113281,352.8599853515625,352.4150085449219,352.69000244140625,1204282,UNH,5m
2026-04-24 16:25:00+00:00,352.739990234375,352.7699890136719,351.625,351.7200012207031,48738,UNH,5m
2026-04-24 16:30:00+00:00,351.739990234375,352.3900146484375,351.57501220703125,352.0,71767,UNH,5m
2026-04-24 16:35:00+00:00,352.0,352.1499938964844,351.385009765625,351.510009765625,81563,UNH,5m
2026-04-24 16:40:00+00:00,351.489990234375,351.8900146484375,351.45001220703125,351.54998779296875,48720,UNH,5m
2026-04-24 16:45:00+00:00,351.6400146484375,351.9800109863281,351.4301147460937,351.9100036621094,45787,UNH,5m
2026-04-24 16:50:00+00:00,351.9800109863281,352.239990234375,351.8999938964844,351.9700012207031,35443,UNH,5m
2026-04-24 16:55:00+00:00,351.9549865722656,352.1000061035156,351.69000244140625,351.989990234375,46391,UNH,5m
2026-04-24 17:00:00+00:00,351.9649963378906,352.3999938964844,351.9649963378906,352.2701110839844,253088,UNH,5m
2026-04-24 17:05:00+00:00,352.3599853515625,352.54998779296875,352.0799865722656,352.5299987792969,55549,UNH,5m
2026-04-24 17:10:00+00:00,352.5400085449219,353.0799865722656,352.44158935546875,352.6099853515625,55463,UNH,5m
2026-04-24 17:15:00+00:00,352.45001220703125,352.82000732421875,352.1900939941406,352.7300109863281,32814,UNH,5m
2026-04-24 17:20:00+00:00,352.69000244140625,352.8500061035156,352.4849853515625,352.82000732421875,41051,UNH,5m
2026-04-24 17:25:00+00:00,352.8500061035156,352.95001220703125,352.5719909667969,352.6000061035156,854684,UNH,5m
2026-04-24 17:30:00+00:00,352.6000061035156,352.67999267578125,352.3999938964844,352.42999267578125,50797,UNH,5m
2026-04-24 17:35:00+00:00,352.4200134277344,352.6000061035156,352.260009765625,352.3500061035156,44648,UNH,5m
2026-04-24 17:40:00+00:00,352.30499267578125,352.82000732421875,352.2099914550781,352.82000732421875,39809,UNH,5m
2026-04-24 17:45:00+00:00,352.6700134277344,352.7799987792969,352.5101013183594,352.5150146484375,26020,UNH,5m
2026-04-24 17:50:00+00:00,352.5150146484375,352.79998779296875,352.3200988769531,352.6199951171875,29872,UNH,5m
2026-04-24 17:55:00+00:00,352.6300048828125,353.2799987792969,352.6000061035156,353.1549987792969,42504,UNH,5m
2026-04-24 18:00:00+00:00,353.1549987792969,353.3800048828125,353.04998779296875,353.1700134277344,74959,UNH,5m
2026-04-24 18:05:00+00:00,353.1549987792969,353.8800048828125,353.07000732421875,353.8800048828125,75917,UNH,5m
2026-04-24 18:10:00+00:00,353.8800048828125,354.1099853515625,353.6650085449219,353.7200012207031,50374,UNH,5m
2026-04-24 18:15:00+00:00,353.625,353.7398986816406,353.010009765625,353.3598937988281,30057,UNH,5m
2026-04-24 18:20:00+00:00,353.2699890136719,353.4700012207031,352.8601989746094,353.46990966796875,32460,UNH,5m
2026-04-24 18:25:00+00:00,353.4150085449219,353.6300048828125,353.30010986328125,353.3900146484375,27302,UNH,5m
2026-04-24 18:30:00+00:00,353.3800048828125,354.0050048828125,353.30010986328125,353.95001220703125,33133,UNH,5m
2026-04-24 18:35:00+00:00,353.989990234375,354.32000732421875,353.7349853515625,354.0849914550781,60078,UNH,5m
2026-04-24 18:40:00+00:00,354.0849914550781,354.239990234375,353.875,354.1499938964844,57093,UNH,5m
2026-04-24 18:45:00+00:00,354.19000244140625,354.19000244140625,353.9700012207031,354.010009765625,36422,UNH,5m
2026-04-24 18:50:00+00:00,354.0151062011719,354.1449890136719,353.9100036621094,353.9100036621094,34192,UNH,5m
2026-04-24 18:55:00+00:00,353.8800048828125,353.9700012207031,353.7099914550781,353.8949890136719,25625,UNH,5m
2026-04-24 19:00:00+00:00,353.8949890136719,354.1300048828125,353.8500061035156,354.0299987792969,37121,UNH,5m
2026-04-24 19:05:00+00:00,354.0450134277344,354.1499938964844,353.8800048828125,354.0849914550781,39765,UNH,5m
2026-04-24 19:10:00+00:00,354.0849914550781,354.1499938964844,353.710205078125,353.885009765625,56657,UNH,5m
2026-04-24 19:15:00+00:00,353.8952941894531,353.95001220703125,353.70001220703125,353.7799987792969,41409,UNH,5m
2026-04-24 19:20:00+00:00,353.760009765625,353.8699951171875,353.6499938964844,353.7349853515625,35556,UNH,5m
2026-04-24 19:25:00+00:00,353.7300109863281,353.8599853515625,353.6700134277344,353.7799987792969,101665,UNH,5m
2026-04-24 19:30:00+00:00,353.8099975585937,353.9700012207031,353.2200012207031,353.635009765625,76982,UNH,5m
2026-04-24 19:35:00+00:00,353.6000061035156,354.4200134277344,353.5899963378906,354.1199951171875,146436,UNH,5m
2026-04-24 19:40:00+00:00,354.1199951171875,354.67999267578125,354.0899963378906,354.6600036621094,127623,UNH,5m
2026-04-24 19:45:00+00:00,354.6400146484375,355.260009765625,354.6400146484375,354.8299865722656,212369,UNH,5m
2026-04-24 19:50:00+00:00,354.8599853515625,355.2799987792969,354.20001220703125,355.20001220703125,180995,UNH,5m
2026-04-24 19:55:00+00:00,355.1400146484375,355.44000244140625,354.7200012207031,354.8999938964844,329277,UNH,5m
2026-04-27 13:30:00+00:00,353.9100036621094,356.489990234375,353.3800048828125,353.4849853515625,447065,UNH,5m
2026-04-27 13:35:00+00:00,353.5799865722656,353.8800048828125,352.3299865722656,353.0400085449219,85331,UNH,5m
2026-04-27 13:40:00+00:00,353.0729675292969,353.3999938964844,351.8800048828125,352.5,81720,UNH,5m
2026-04-27 13:45:00+00:00,352.75,352.989990234375,351.45001220703125,352.2218017578125,77251,UNH,5m
2026-04-27 13:50:00+00:00,352.29998779296875,352.760009765625,351.8399963378906,352.0799865722656,67774,UNH,5m
2026-04-27 13:55:00+00:00,352.0899963378906,352.32000732421875,350.8999938964844,351.0899963378906,72746,UNH,5m
2026-04-27 14:00:00+00:00,351.1700134277344,351.9200134277344,350.760009765625,350.760009765625,92436,UNH,5m
2026-04-27 14:05:00+00:00,350.7850036621094,351.3500061035156,350.25,351.2099914550781,153827,UNH,5m
2026-04-27 14:10:00+00:00,351.20001220703125,351.260009765625,350.5299987792969,350.8039855957031,75267,UNH,5m
2026-04-27 14:15:00+00:00,350.9100036621094,351.410400390625,350.8800048828125,351.2099914550781,72295,UNH,5m
2026-04-27 14:20:00+00:00,351.2699890136719,351.9200134277344,350.9208068847656,351.0799865722656,95071,UNH,5m
2026-04-27 14:25:00+00:00,351.1600036621094,352.114990234375,351.1499938964844,351.8699951171875,102156,UNH,5m
2026-04-27 14:30:00+00:00,351.8999938964844,352.5937805175781,351.8999938964844,352.4750061035156,61853,UNH,5m
2026-04-27 14:35:00+00:00,352.4800109863281,352.9049987792969,352.3949890136719,352.45001220703125,69633,UNH,5m
2026-04-27 14:40:00+00:00,352.4549865722656,352.69000244140625,351.9700012207031,352.05499267578125,44805,UNH,5m
2026-04-27 14:45:00+00:00,352.0899963378906,352.1199951171875,350.7300109863281,350.75,38533,UNH,5m
2026-04-27 14:50:00+00:00,350.7099914550781,350.8399963378906,349.760009765625,349.80499267578125,108595,UNH,5m
2026-04-27 14:55:00+00:00,349.8099975585937,350.5,349.4599914550781,349.6000061035156,143889,UNH,5m
2026-04-27 15:00:00+00:00,349.6650085449219,349.7699890136719,349.0899963378906,349.1000061035156,60570,UNH,5m
2026-04-27 15:05:00+00:00,349.1199951171875,349.6299133300781,348.95001220703125,349.5199890136719,71486,UNH,5m
2026-04-27 15:10:00+00:00,349.5599975585937,349.8598937988281,349.3599853515625,349.6300048828125,34997,UNH,5m
2026-04-27 15:15:00+00:00,349.5801086425781,349.94000244140625,349.3399963378906,349.3699951171875,71515,UNH,5m
2026-04-27 15:20:00+00:00,349.4349975585937,349.7699890136719,349.17999267578125,349.7349853515625,42248,UNH,5m
2026-04-27 15:25:00+00:00,349.739990234375,349.989990234375,349.6700134277344,349.7550048828125,64686,UNH,5m
2026-04-27 15:30:00+00:00,349.7550048828125,349.8999938964844,349.6300048828125,349.8399963378906,25642,UNH,5m
2026-04-27 15:35:00+00:00,349.8599853515625,349.8800048828125,349.43121337890625,349.6676940917969,58149,UNH,5m
2026-04-27 15:40:00+00:00,349.6449890136719,350.0400085449219,349.57000732421875,350.0400085449219,37673,UNH,5m
2026-04-27 15:45:00+00:00,350.0350036621094,350.3099975585937,349.6099853515625,349.6449890136719,50164,UNH,5m
2026-04-27 15:50:00+00:00,349.6499938964844,350.07000732421875,349.5,349.95001220703125,34684,UNH,5m
2026-04-27 15:55:00+00:00,349.95001220703125,349.95001220703125,349.4800109863281,349.64990234375,43936,UNH,5m
2026-04-27 16:00:00+00:00,349.5899963378906,349.6700134277344,349.1499938964844,349.4100036621094,39373,UNH,5m
2026-04-27 16:05:00+00:00,349.4599914550781,349.7099914550781,349.3699951171875,349.6549987792969,40921,UNH,5m
2026-04-27 16:10:00+00:00,349.6700134277344,350.3699951171875,349.6700134277344,350.3399963378906,51972,UNH,5m
2026-04-27 16:15:00+00:00,350.32000732421875,350.44000244140625,349.7502136230469,349.8699951171875,26327,UNH,5m
2026-04-27 16:20:00+00:00,349.8999938964844,349.9898986816406,349.6000061035156,349.6499938964844,27966,UNH,5m
2026-04-27 16:25:00+00:00,349.6000061035156,350.0,349.55499267578125,349.9700012207031,21992,UNH,5m
2026-04-27 16:30:00+00:00,349.9800109863281,350.2300109863281,349.875,349.875,26278,UNH,5m
2026-04-27 16:35:00+00:00,349.9100036621094,350.239990234375,349.7300109863281,350.1199951171875,23899,UNH,5m
2026-04-27 16:40:00+00:00,350.1499938964844,350.3900146484375,350.0299987792969,350.364990234375,26446,UNH,5m
2026-04-27 16:45:00+00:00,350.3900146484375,350.7099914550781,350.3800048828125,350.67999267578125,57922,UNH,5m
2026-04-27 16:50:00+00:00,350.7099914550781,350.9649963378906,350.6650085449219,350.7950134277344,33663,UNH,5m
2026-04-27 16:55:00+00:00,350.8599853515625,350.8699951171875,350.5799865722656,350.5899963378906,25445,UNH,5m
2026-04-27 17:00:00+00:00,350.6650085449219,350.7598876953125,350.5799865722656,350.6700134277344,28570,UNH,5m
2026-04-27 17:05:00+00:00,350.6700134277344,350.7699890136719,350.4100036621094,350.7149963378906,30901,UNH,5m
2026-04-27 17:10:00+00:00,350.7149963378906,350.9200134277344,350.5,350.5400085449219,31311,UNH,5m
2026-04-27 17:15:00+00:00,350.5350036621094,350.64990234375,350.375,350.6199951171875,34228,UNH,5m
2026-04-27 17:20:00+00:00,350.5899963378906,350.5899963378906,350.1499938964844,350.2701110839844,32151,UNH,5m
2026-04-27 17:25:00+00:00,350.3500061035156,350.7799987792969,350.17498779296875,350.4700012207031,69057,UNH,5m
2026-04-27 17:30:00+00:00,350.4649963378906,351.239990234375,350.44500732421875,351.18719482421875,53555,UNH,5m
2026-04-27 17:35:00+00:00,351.1700134277344,351.5,350.75,351.0,68530,UNH,5m
2026-04-27 17:40:00+00:00,350.95001220703125,351.2900085449219,350.8500061035156,351.2349853515625,36971,UNH,5m
2026-04-27 17:45:00+00:00,351.2799987792969,351.3399963378906,350.8299865722656,350.94000244140625,27361,UNH,5m
2026-04-27 17:50:00+00:00,350.9599914550781,351.54998779296875,350.9599914550781,351.5199890136719,58895,UNH,5m
2026-04-27 17:55:00+00:00,351.5400085449219,351.5599975585937,351.31500244140625,351.5,40837,UNH,5m
2026-04-27 18:00:00+00:00,351.5299987792969,351.75,351.340087890625,351.4549865722656,43555,UNH,5m
2026-04-27 18:05:00+00:00,351.4150085449219,351.70001220703125,351.3399963378906,351.6164245605469,42868,UNH,5m
2026-04-27 18:10:00+00:00,351.5799865722656,352.17498779296875,351.5299987792969,352.125,47766,UNH,5m
2026-04-27 18:15:00+00:00,352.12750244140625,352.239990234375,351.8099975585937,352.20001220703125,56541,UNH,5m
2026-04-27 18:20:00+00:00,352.239990234375,352.5799865722656,352.17999267578125,352.3599853515625,59859,UNH,5m
2026-04-27 18:25:00+00:00,352.3900146484375,352.3900146484375,352.1910095214844,352.3900146484375,53779,UNH,5m
2026-04-27 18:30:00+00:00,352.3349914550781,352.4700012207031,352.07000732421875,352.1400146484375,47991,UNH,5m
2026-04-27 18:35:00+00:00,352.1449890136719,352.95001220703125,352.1449890136719,352.8500061035156,64111,UNH,5m
2026-04-27 18:40:00+00:00,352.8699951171875,353.3399963378906,352.7300109863281,352.8800048828125,74474,UNH,5m
2026-04-27 18:45:00+00:00,352.8951110839844,353.3900146484375,352.8599853515625,353.29998779296875,38061,UNH,5m
2026-04-27 18:50:00+00:00,353.3099975585937,353.3299865722656,352.6499938964844,353.17999267578125,85343,UNH,5m
2026-04-27 18:55:00+00:00,353.17999267578125,353.260009765625,352.6199951171875,352.7200012207031,49601,UNH,5m
2026-04-27 19:00:00+00:00,352.7650146484375,352.8999938964844,352.5599975585937,352.8900146484375,547895,UNH,5m
2026-04-27 19:05:00+00:00,352.8999938964844,353.7749938964844,352.8599853515625,353.1300048828125,138079,UNH,5m
2026-04-27 19:10:00+00:00,353.07000732421875,353.2300109863281,352.92999267578125,352.9599914550781,38573,UNH,5m
2026-04-27 19:15:00+00:00,352.9800109863281,353.1099853515625,352.79998779296875,353.0,36398,UNH,5m
2026-04-27 19:20:00+00:00,352.9599914550781,353.1899108886719,352.8800048828125,352.9100036621094,105268,UNH,5m
2026-04-27 19:25:00+00:00,352.8999938964844,354.44000244140625,352.8399963378906,354.3999938964844,123595,UNH,5m
2026-04-27 19:30:00+00:00,354.4100036621094,354.7850036621094,354.25,354.6700134277344,93777,UNH,5m
2026-04-27 19:35:00+00:00,354.7200012207031,355.3299865722656,354.6099853515625,355.3299865722656,113282,UNH,5m
2026-04-27 19:40:00+00:00,355.3299865722656,355.79998779296875,355.1816101074219,355.19500732421875,109751,UNH,5m
2026-04-27 19:45:00+00:00,355.17999267578125,355.7998962402344,354.94000244140625,355.7550048828125,79614,UNH,5m
2026-04-27 19:50:00+00:00,355.7200012207031,355.8299865722656,355.2200012207031,355.25,126719,UNH,5m
2026-04-27 19:55:00+00:00,355.2699890136719,355.2900085449219,354.5,354.7300109863281,315141,UNH,5m
2026-04-28 13:30:00+00:00,356.8399963378906,357.7200012207031,355.7200012207031,356.4574890136719,317314,UNH,5m
2026-04-28 13:35:00+00:00,356.3541564941406,357.260009765625,355.8599853515625,356.4100036621094,82385,UNH,5m
2026-04-28 13:40:00+00:00,356.239990234375,357.5,355.8299865722656,357.42999267578125,67793,UNH,5m
2026-04-28 13:45:00+00:00,357.4100036621094,360.25,357.3800048828125,360.25,306421,UNH,5m
2026-04-28 13:50:00+00:00,360.239013671875,360.9800109863281,359.9700012207031,360.3299865722656,176451,UNH,5m
2026-04-28 13:55:00+00:00,360.3999938964844,360.4800109863281,359.5899963378906,360.2200012207031,129648,UNH,5m
2026-04-28 14:00:00+00:00,360.0599975585937,361.3800048828125,359.9649963378906,360.3500061035156,142087,UNH,5m
2026-04-28 14:05:00+00:00,360.3399963378906,361.2999877929688,360.110107421875,361.2300109863281,75086,UNH,5m
2026-04-28 14:10:00+00:00,361.2200012207031,362.1299133300781,361.0700073242188,361.739990234375,172918,UNH,5m
2026-04-28 14:15:00+00:00,361.7991943359375,361.8599853515625,360.5,361.4100036621094,142727,UNH,5m
2026-04-28 14:20:00+00:00,361.4599914550781,362.2000122070313,361.4500122070313,362.0,121683,UNH,5m
2026-04-28 14:25:00+00:00,361.989990234375,362.1199951171875,360.9100036621094,360.9949951171875,98455,UNH,5m
2026-04-28 14:30:00+00:00,361.0799865722656,361.9500122070313,361.0400085449219,361.1300964355469,55081,UNH,5m
2026-04-28 14:35:00+00:00,361.2850036621094,362.3999938964844,361.2349853515625,362.3399963378906,66288,UNH,5m
2026-04-28 14:40:00+00:00,362.3299865722656,362.9599914550781,362.010009765625,362.8399963378906,111862,UNH,5m
2026-04-28 14:45:00+00:00,362.864990234375,363.2199096679688,362.510009765625,362.9700012207031,96162,UNH,5m
2026-04-28 14:50:00+00:00,362.9750061035156,363.0700073242188,362.2999877929688,362.8399963378906,63546,UNH,5m
2026-04-28 14:55:00+00:00,362.7950134277344,363.2999877929688,362.4800109863281,363.25,111828,UNH,5m
2026-04-28 15:00:00+00:00,363.239990234375,364.8399963378906,363.239990234375,364.7248840332031,146651,UNH,5m
2026-04-28 15:05:00+00:00,364.73870849609375,364.8299865722656,364.0,364.6499938964844,111244,UNH,5m
2026-04-28 15:10:00+00:00,364.6449890136719,364.9800109863281,364.2001037597656,364.2799987792969,116652,UNH,5m
2026-04-28 15:15:00+00:00,364.2799987792969,364.9299926757813,364.2699890136719,364.4681091308594,100726,UNH,5m
2026-04-28 15:20:00+00:00,364.5199890136719,364.8999938964844,364.1322021484375,364.5499877929688,85505,UNH,5m
2026-04-28 15:25:00+00:00,364.5299987792969,365.1300048828125,364.3049926757813,365.0750122070313,156220,UNH,5m
2026-04-28 15:30:00+00:00,365.0499877929688,365.8800048828125,364.9700012207031,365.1600036621094,158003,UNH,5m
2026-04-28 15:35:00+00:00,365.1600036621094,365.6000061035156,364.7250061035156,365.0899963378906,83937,UNH,5m
2026-04-28 15:40:00+00:00,365.2149963378906,365.489990234375,364.1000061035156,364.1600036621094,193172,UNH,5m
2026-04-28 15:45:00+00:00,364.2000122070313,365.2099914550781,364.1600036621094,364.3100891113281,80229,UNH,5m
2026-04-28 15:50:00+00:00,364.3851013183594,365.09619140625,364.3667907714844,364.9945068359375,46588,UNH,5m
2026-04-28 15:55:00+00:00,364.9400024414063,365.5,364.6000061035156,365.4400024414063,62371,UNH,5m
2026-04-28 16:00:00+00:00,365.4649963378906,366.739990234375,365.3599853515625,366.6900024414063,162999,UNH,5m
2026-04-28 16:05:00+00:00,366.75,367.4299926757813,366.3399963378906,367.2000122070313,183352,UNH,5m
2026-04-28 16:10:00+00:00,367.30999755859375,367.8999938964844,367.1300048828125,367.8374938964844,137949,UNH,5m
2026-04-28 16:15:00+00:00,367.8385925292969,368.5299987792969,367.6600036621094,368.4599914550781,222655,UNH,5m
2026-04-28 16:20:00+00:00,368.4599914550781,368.6300048828125,367.739990234375,368.43499755859375,154771,UNH,5m
2026-04-28 16:25:00+00:00,368.489990234375,369.0700073242188,368.3999938964844,368.75,159477,UNH,5m
2026-04-28 16:30:00+00:00,368.6510925292969,368.8999938964844,368.1099853515625,368.8999938964844,87778,UNH,5m
2026-04-28 16:35:00+00:00,368.8399963378906,369.1600036621094,368.4400939941406,369.0950012207031,124091,UNH,5m
2026-04-28 16:40:00+00:00,369.0950012207031,369.239990234375,368.1716918945313,368.5799865722656,126911,UNH,5m
2026-04-28 16:45:00+00:00,368.5299987792969,368.7175903320313,367.55999755859375,367.7650146484375,130851,UNH,5m
2026-04-28 16:50:00+00:00,367.7702941894531,368.4049987792969,367.2099914550781,367.260009765625,110153,UNH,5m
2026-04-28 16:55:00+00:00,367.2300109863281,367.6300048828125,366.7000122070313,367.0700073242188,84556,UNH,5m
2026-04-28 17:00:00+00:00,367.0249938964844,367.9699096679688,366.9500122070313,367.9299926757813,91761,UNH,5m
2026-04-28 17:05:00+00:00,367.9299926757813,368.3550109863281,367.8009948730469,368.2699890136719,62708,UNH,5m
2026-04-28 17:10:00+00:00,368.2099914550781,368.5,368.0414123535156,368.43499755859375,69599,UNH,5m
2026-04-28 17:15:00+00:00,368.43499755859375,368.4699096679688,367.7300109863281,367.8699951171875,54899,UNH,5m
2026-04-28 17:20:00+00:00,367.8299865722656,368.3900146484375,367.6799926757813,368.1000061035156,67197,UNH,5m
2026-04-28 17:25:00+00:00,368.0700073242188,368.4800109863281,368.0,368.4500122070313,52718,UNH,5m
2026-04-28 17:30:00+00:00,368.4500122070313,368.75,368.0499877929688,368.7200012207031,87049,UNH,5m
2026-04-28 17:35:00+00:00,368.75,368.8999938964844,368.3200073242188,368.7000122070313,84004,UNH,5m
2026-04-28 17:40:00+00:00,368.6950073242188,369.4400024414063,368.53759765625,369.4200134277344,92811,UNH,5m
2026-04-28 17:45:00+00:00,369.3900146484375,369.5799865722656,369.0,369.0799865722656,108856,UNH,5m
2026-04-28 17:50:00+00:00,369.0700073242188,369.0700073242188,368.114990234375,368.260009765625,110606,UNH,5m
2026-04-28 17:55:00+00:00,368.2200012207031,368.4800109863281,368.0700073242188,368.1749877929688,88558,UNH,5m
2026-04-28 18:00:00+00:00,368.1749877929688,368.6700134277344,367.8900146484375,368.6300048828125,60752,UNH,5m
2026-04-28 18:05:00+00:00,368.6400146484375,368.7200012207031,368.3699951171875,368.7000122070313,93833,UNH,5m
2026-04-28 18:10:00+00:00,368.6499938964844,368.8800048828125,367.8999938964844,367.989990234375,104234,UNH,5m
2026-04-28 18:15:00+00:00,368.0199890136719,368.1700134277344,367.260009765625,367.3900146484375,100241,UNH,5m
2026-04-28 18:20:00+00:00,367.25,368.1799926757813,366.7149963378906,368.0400085449219,118421,UNH,5m
2026-04-28 18:25:00+00:00,368.0400085449219,368.1799926757813,367.4400024414063,368.0700073242188,63536,UNH,5m
2026-04-28 18:30:00+00:00,368.0549926757813,368.3982849121094,368.0,368.3299865722656,67288,UNH,5m
2026-04-28 18:35:00+00:00,368.2999877929688,368.364990234375,367.9249877929688,368.1900939941406,44306,UNH,5m
2026-04-28 18:40:00+00:00,368.2799987792969,369.1109924316406,368.1600036621094,369.0899963378906,85064,UNH,5m
2026-04-28 18:45:00+00:00,369.1000061035156,369.6300048828125,368.7000122070313,368.739990234375,125319,UNH,5m
2026-04-28 18:50:00+00:00,368.7999877929688,368.989990234375,368.4100036621094,368.75,45174,UNH,5m
2026-04-28 18:55:00+00:00,368.8150024414063,368.8150024414063,367.9500122070313,368.1000061035156,57379,UNH,5m
2026-04-28 19:00:00+00:00,368.0849914550781,368.0849914550781,367.6099853515625,367.7149963378906,102057,UNH,5m
2026-04-28 19:05:00+00:00,367.7149963378906,368.2900085449219,367.5,367.5299987792969,73973,UNH,5m
2026-04-28 19:10:00+00:00,367.5,367.8900146484375,367.3800048828125,367.5700073242188,68896,UNH,5m
2026-04-28 19:15:00+00:00,367.5299987792969,367.5698852539063,366.9054870605469,367.3599853515625,77493,UNH,5m
2026-04-28 19:20:00+00:00,367.3299865722656,368.010009765625,367.3200073242188,367.93499755859375,87047,UNH,5m
2026-04-28 19:25:00+00:00,367.9150085449219,368.1499938964844,367.5499877929688,367.8299865722656,63174,UNH,5m
2026-04-28 19:30:00+00:00,367.8399963378906,368.4100036621094,367.8299865722656,368.1400146484375,170528,UNH,5m
2026-04-28 19:35:00+00:00,368.1400146484375,368.2398986816406,366.9599914550781,367.1000061035156,111048,UNH,5m
2026-04-28 19:40:00+00:00,367.1400146484375,367.6499938964844,367.110107421875,367.4299926757813,82397,UNH,5m
2026-04-28 19:45:00+00:00,367.3699951171875,367.8699951171875,366.7699890136719,367.3299865722656,94398,UNH,5m
2026-04-28 19:50:00+00:00,367.3599853515625,367.5700073242188,366.5499877929688,366.625,147092,UNH,5m
2026-04-28 19:55:00+00:00,366.6300048828125,366.8500061035156,366.1200866699219,366.739990234375,323263,UNH,5m
2026-04-29 13:30:00+00:00,366.0,367.0950012207031,365.0400085449219,365.4450073242188,388297,UNH,5m
2026-04-29 13:35:00+00:00,365.2999877929688,367.5,365.010009765625,366.9599914550781,142037,UNH,5m
2026-04-29 13:40:00+00:00,366.8800048828125,369.0899963378906,366.7799987792969,367.6300048828125,208726,UNH,5m
2026-04-29 13:45:00+00:00,367.5799865722656,369.6050109863281,367.010009765625,369.3699951171875,141128,UNH,5m
2026-04-29 13:50:00+00:00,369.3599853515625,369.6300048828125,367.635009765625,367.9299926757813,105204,UNH,5m
2026-04-29 13:55:00+00:00,367.7950134277344,368.4599914550781,367.2878112792969,367.3800048828125,93642,UNH,5m
2026-04-29 14:00:00+00:00,367.25,368.0,366.72601318359375,367.6799926757813,114339,UNH,5m
2026-04-29 14:05:00+00:00,367.5899963378906,368.7000122070313,366.7699890136719,367.8949890136719,175071,UNH,5m
2026-04-29 14:10:00+00:00,367.9249877929688,368.239990234375,367.6499938964844,367.8399963378906,82074,UNH,5m
2026-04-29 14:15:00+00:00,367.8599853515625,369.75,367.7000122070313,369.0150146484375,105176,UNH,5m
2026-04-29 14:20:00+00:00,368.9500122070313,369.5,368.25,368.7550048828125,84962,UNH,5m
2026-04-29 14:25:00+00:00,368.7550048828125,370.1600036621094,368.7550048828125,369.1900024414063,261842,UNH,5m
2026-04-29 14:30:00+00:00,369.1900024414063,370.0,368.7650146484375,369.0650024414063,159788,UNH,5m
2026-04-29 14:35:00+00:00,369.1499938964844,369.6000061035156,368.4100036621094,368.7900085449219,184139,UNH,5m
2026-04-29 14:40:00+00:00,368.75,369.4200134277344,367.9200134277344,368.1199951171875,120431,UNH,5m
2026-04-29 14:45:00+00:00,368.2099914550781,369.0,368.0,368.5499877929688,104333,UNH,5m
2026-04-29 14:50:00+00:00,368.6600036621094,368.7699890136719,367.6000061035156,367.6600036621094,52882,UNH,5m
2026-04-29 14:55:00+00:00,367.7000122070313,368.0,367.239990234375,367.8900146484375,110684,UNH,5m
2026-04-29 15:00:00+00:00,367.8800048828125,368.7900085449219,367.8599853515625,368.7900085449219,138009,UNH,5m
2026-04-29 15:05:00+00:00,368.7200012207031,369.4200134277344,368.6499938964844,368.9200134277344,107547,UNH,5m
2026-04-29 15:10:00+00:00,368.9100036621094,369.25,368.0745849609375,368.1899108886719,66657,UNH,5m
2026-04-29 15:15:00+00:00,368.1300048828125,368.6799926757813,367.2200012207031,367.30670166015625,62365,UNH,5m
2026-04-29 15:20:00+00:00,367.28509521484375,367.8699951171875,366.8299865722656,367.385009765625,73448,UNH,5m
2026-04-29 15:25:00+00:00,367.3312072753906,367.9400024414063,366.8001098632813,367.9400024414063,126037,UNH,5m
2026-04-29 15:30:00+00:00,367.8500061035156,367.9400024414063,366.9500122070313,367.0199890136719,58513,UNH,5m
2026-04-29 15:35:00+00:00,367.0199890136719,367.2999877929688,366.8299865722656,367.2301025390625,75231,UNH,5m
2026-04-29 15:40:00+00:00,367.2301025390625,367.8900146484375,367.2301025390625,367.4400024414063,44711,UNH,5m
2026-04-29 15:45:00+00:00,367.4700012207031,367.8550109863281,367.3901062011719,367.75,37170,UNH,5m
2026-04-29 15:50:00+00:00,367.7099914550781,367.9200134277344,367.1976013183594,367.7800903320313,71220,UNH,5m
2026-04-29 15:55:00+00:00,367.7799987792969,368.2550048828125,367.510009765625,368.2300109863281,61680,UNH,5m
2026-04-29 16:00:00+00:00,368.2300109863281,369.1799926757813,368.0888977050781,369.0499877929688,66705,UNH,5m
2026-04-29 16:05:00+00:00,369.0899963378906,369.3200073242188,368.0700073242188,369.0249938964844,127695,UNH,5m
2026-04-29 16:10:00+00:00,369.0400085449219,369.5650024414063,368.7000122070313,369.4249877929688,82766,UNH,5m
2026-04-29 16:15:00+00:00,369.4150085449219,369.5700073242188,369.3168029785156,369.5150146484375,41619,UNH,5m
2026-04-29 16:20:00+00:00,369.5700073242188,369.6799926757813,369.0849914550781,369.1600036621094,69745,UNH,5m
2026-04-29 16:25:00+00:00,369.1300048828125,369.3699951171875,368.74310302734375,368.7699890136719,62586,UNH,5m
2026-04-29 16:30:00+00:00,368.7200012207031,368.7587890625,368.1050109863281,368.2149963378906,58443,UNH,5m
2026-04-29 16:35:00+00:00,368.239990234375,368.8999938964844,367.8500061035156,367.8500061035156,88431,UNH,5m
2026-04-29 16:40:00+00:00,367.93499755859375,368.3349914550781,367.8349914550781,368.2101135253906,58162,UNH,5m
2026-04-29 16:45:00+00:00,368.25,368.5199890136719,367.6400146484375,368.5199890136719,72703,UNH,5m
2026-04-29 16:50:00+00:00,368.4150085449219,369.0249938964844,368.3468933105469,369.010009765625,38545,UNH,5m
2026-04-29 16:55:00+00:00,369.010009765625,369.1600036621094,368.3900146484375,368.989990234375,96473,UNH,5m
2026-04-29 17:00:00+00:00,368.9800109863281,369.0750122070313,368.6749877929688,368.7900085449219,40112,UNH,5m
2026-04-29 17:05:00+00:00,368.7999877929688,369.1199951171875,368.6099853515625,368.7000122070313,43271,UNH,5m
2026-04-29 17:10:00+00:00,368.6499938964844,368.7030029296875,368.3599853515625,368.5899963378906,29635,UNH,5m
2026-04-29 17:15:00+00:00,368.6300048828125,368.6499938964844,368.3999938964844,368.6199951171875,29392,UNH,5m
2026-04-29 17:20:00+00:00,368.6099853515625,368.8953857421875,368.3999938964844,368.4299926757813,24816,UNH,5m
2026-04-29 17:25:00+00:00,368.5,368.6499938964844,368.0849914550781,368.0849914550781,36505,UNH,5m
2026-04-29 17:30:00+00:00,368.1400146484375,368.3800048828125,368.0,368.1449890136719,36261,UNH,5m
2026-04-29 17:35:00+00:00,368.1449890136719,368.4249877929688,368.0299987792969,368.1400146484375,33184,UNH,5m
2026-04-29 17:40:00+00:00,368.1000061035156,368.1000061035156,367.4599914550781,367.6661071777344,34055,UNH,5m
2026-04-29 17:45:00+00:00,367.7099914550781,368.2000122070313,367.5899963378906,368.1401062011719,40213,UNH,5m
2026-04-29 17:50:00+00:00,368.1400146484375,368.4800109863281,368.010009765625,368.1000061035156,35016,UNH,5m
2026-04-29 17:55:00+00:00,368.10150146484375,368.3200073242188,367.9200134277344,368.30999755859375,27631,UNH,5m
2026-04-29 18:00:00+00:00,368.2699890136719,368.2699890136719,367.6300964355469,367.7724914550781,40420,UNH,5m
2026-04-29 18:05:00+00:00,367.8399963378906,367.9299926757813,367.5,367.8049926757813,39299,UNH,5m
2026-04-29 18:10:00+00:00,367.7900085449219,368.1400146484375,367.6549987792969,368.0700073242188,41366,UNH,5m
2026-04-29 18:15:00+00:00,368.0199890136719,368.30999755859375,367.8349914550781,368.2049865722656,36841,UNH,5m
2026-04-29 18:20:00+00:00,368.1900024414063,368.2650146484375,367.8324890136719,367.9299926757813,28981,UNH,5m
2026-04-29 18:25:00+00:00,367.9200134277344,367.9599914550781,367.5400085449219,367.5700073242188,47590,UNH,5m
2026-04-29 18:30:00+00:00,367.55999755859375,367.7999877929688,367.3200073242188,367.7550048828125,56252,UNH,5m
2026-04-29 18:35:00+00:00,367.7550048828125,368.5299987792969,367.7550048828125,368.3611145019531,65265,UNH,5m
2026-04-29 18:40:00+00:00,368.3699951171875,368.7999877929688,368.1600036621094,368.30999755859375,74432,UNH,5m
2026-04-29 18:45:00+00:00,368.3200073242188,368.5,368.2200012207031,368.4500122070313,40654,UNH,5m
2026-04-29 18:50:00+00:00,368.4500122070313,368.7900085449219,368.3999938964844,368.5201110839844,67766,UNH,5m
2026-04-29 18:55:00+00:00,368.5700073242188,368.7799987792969,368.260009765625,368.4700012207031,54364,UNH,5m
2026-04-29 19:00:00+00:00,368.489990234375,368.5799865722656,368.2900085449219,368.4299926757813,45044,UNH,5m
2026-04-29 19:05:00+00:00,368.4166870117188,368.7650146484375,368.2799987792969,368.7250061035156,65094,UNH,5m
2026-04-29 19:10:00+00:00,368.739990234375,368.989990234375,368.6400146484375,368.9599914550781,51275,UNH,5m
2026-04-29 19:15:00+00:00,368.9800109863281,369.6799926757813,368.7300109863281,369.6799926757813,133350,UNH,5m
2026-04-29 19:20:00+00:00,369.6900024414063,370.0799865722656,369.6600036621094,369.760009765625,135119,UNH,5m
2026-04-29 19:25:00+00:00,369.7999877929688,369.9599914550781,369.3599853515625,369.5499877929688,97884,UNH,5m
2026-04-29 19:30:00+00:00,369.5450134277344,370.30999755859375,369.5299987792969,370.0,150067,UNH,5m
2026-04-29 19:35:00+00:00,370.0199890136719,370.0499877929688,369.3699951171875,369.9500122070313,110547,UNH,5m
2026-04-29 19:40:00+00:00,369.9700012207031,370.0450134277344,369.1400146484375,369.2099914550781,92955,UNH,5m
2026-04-29 19:45:00+00:00,369.1700134277344,370.4200134277344,369.1300048828125,370.3825073242188,126314,UNH,5m
2026-04-29 19:50:00+00:00,370.3800048828125,370.6600036621094,370.010009765625,370.4049987792969,198971,UNH,5m
2026-04-29 19:55:00+00:00,370.3900146484375,370.8399963378906,370.1799926757813,370.7099914550781,427956,UNH,5m
2026-04-30 13:30:00+00:00,368.510009765625,369.5650024414063,365.8699951171875,366.8699951171875,248256,UNH,5m
2026-04-30 13:35:00+00:00,367.0350036621094,367.25,364.5299987792969,365.2900085449219,105930,UNH,5m
2026-04-30 13:40:00+00:00,365.1400146484375,365.7200012207031,363.7999877929688,364.6099853515625,114142,UNH,5m
2026-04-30 13:45:00+00:00,364.7200012207031,366.2000122070313,364.35009765625,365.4400024414063,65231,UNH,5m
2026-04-30 13:50:00+00:00,365.5,366.375,365.3200988769531,365.739990234375,58424,UNH,5m
2026-04-30 13:55:00+00:00,365.5700073242188,366.1700134277344,364.0400085449219,364.0400085449219,92630,UNH,5m
2026-04-30 14:00:00+00:00,364.0899963378906,364.5400085449219,363.5299987792969,363.760009765625,131991,UNH,5m
2026-04-30 14:05:00+00:00,363.7950134277344,364.2699890136719,363.0036010742188,363.3500061035156,79070,UNH,5m
2026-04-30 14:10:00+00:00,363.3500061035156,365.7999877929688,363.3500061035156,365.739990234375,94362,UNH,5m
2026-04-30 14:15:00+00:00,365.8299865722656,366.6600036621094,365.7999877929688,366.125,61901,UNH,5m
2026-04-30 14:20:00+00:00,366.1300048828125,367.2250061035156,365.7799987792969,366.3500061035156,95916,UNH,5m
2026-04-30 14:25:00+00:00,366.4880065917969,366.8699951171875,365.860107421875,366.5750122070313,50777,UNH,5m
2026-04-30 14:30:00+00:00,366.5,367.5,366.3699951171875,367.4249877929688,82688,UNH,5m
2026-04-30 14:35:00+00:00,367.3500061035156,368.1199951171875,367.1000061035156,368.0650024414063,65406,UNH,5m
2026-04-30 14:40:00+00:00,368.1000061035156,368.3800048828125,367.5299987792969,368.1950073242188,48518,UNH,5m
2026-04-30 14:45:00+00:00,368.3299865722656,368.5,367.9100036621094,368.1400146484375,48902,UNH,5m
2026-04-30 14:50:00+00:00,368.05999755859375,368.9200134277344,368.0299987792969,368.7644958496094,386728,UNH,5m
2026-04-30 14:55:00+00:00,368.7793884277344,368.8200073242188,368.0750122070313,368.7099914550781,34609,UNH,5m
2026-04-30 15:00:00+00:00,368.7999877929688,368.9200134277344,368.0,368.1199951171875,35433,UNH,5m
2026-04-30 15:05:00+00:00,368.0400085449219,368.5249938964844,367.8949890136719,368.0499877929688,38092,UNH,5m
2026-04-30 15:10:00+00:00,368.1600036621094,368.4100036621094,367.6300964355469,367.875,43403,UNH,5m
2026-04-30 15:15:00+00:00,367.9500122070313,368.2200012207031,367.6099853515625,368.2000122070313,45654,UNH,5m
2026-04-30 15:20:00+00:00,368.2000122070313,369.0400085449219,368.2000122070313,368.9500122070313,68292,UNH,5m
2026-04-30 15:25:00+00:00,368.8700866699219,369.2850036621094,368.8500061035156,368.8999938964844,39472,UNH,5m
2026-04-30 15:30:00+00:00,368.8559875488281,369.4599914550781,368.739990234375,369.2300109863281,40993,UNH,5m
2026-04-30 15:35:00+00:00,369.2300109863281,369.4800109863281,368.340087890625,368.510009765625,52139,UNH,5m
2026-04-30 15:40:00+00:00,368.5400085449219,368.6900024414063,368.239990234375,368.239990234375,31844,UNH,5m
2026-04-30 15:45:00+00:00,368.2699890136719,368.5700073242188,368.0549926757813,368.4200134277344,28180,UNH,5m
2026-04-30 15:50:00+00:00,368.375,368.7550048828125,368.2300109863281,368.5899963378906,51763,UNH,5m
2026-04-30 15:55:00+00:00,368.6050109863281,369.1449890136719,368.5499877929688,369.05999755859375,38635,UNH,5m
2026-04-30 16:00:00+00:00,369.0499877929688,370.2000122070313,368.9800109863281,369.8999938964844,74160,UNH,5m
2026-04-30 16:05:00+00:00,369.8999938964844,370.0799865722656,369.7000122070313,369.9599914550781,66246,UNH,5m
2026-04-30 16:10:00+00:00,370.010009765625,370.2999877929688,369.9049987792969,369.9400024414063,57412,UNH,5m
2026-04-30 16:15:00+00:00,369.9400024414063,370.05999755859375,369.6700134277344,369.9249877929688,27939,UNH,5m
2026-04-30 16:20:00+00:00,369.9800109863281,370.0899963378906,369.6900024414063,369.9299926757813,33656,UNH,5m
2026-04-30 16:25:00+00:00,369.989990234375,370.0700073242188,369.7300109863281,369.9150085449219,39689,UNH,5m
2026-04-30 16:30:00+00:00,369.9700012207031,370.3299865722656,369.7699890136719,369.7699890136719,36473,UNH,5m
2026-04-30 16:35:00+00:00,369.7200012207031,370.8399963378906,369.7200012207031,370.7875061035156,33509,UNH,5m
2026-04-30 16:40:00+00:00,370.8299865722656,371.25,370.239990234375,370.489990234375,79186,UNH,5m
2026-04-30 16:45:00+00:00,370.5400085449219,371.6799926757813,370.5400085449219,371.6661987304688,45751,UNH,5m
2026-04-30 16:50:00+00:00,371.6549987792969,371.7999877929688,371.4200134277344,371.68499755859375,64902,UNH,5m
2026-04-30 16:55:00+00:00,371.7200012207031,371.8800048828125,371.4700012207031,371.639892578125,48875,UNH,5m
2026-04-30 17:00:00+00:00,371.6050109863281,371.9500122070313,371.0299987792969,371.1400146484375,54512,UNH,5m
2026-04-30 17:05:00+00:00,371.2099914550781,371.2699890136719,370.75,371.0299987792969,63243,UNH,5m
2026-04-30 17:10:00+00:00,371.0,371.6799926757813,371.0,371.5299987792969,48260,UNH,5m
2026-04-30 17:15:00+00:00,371.5299987792969,371.989990234375,371.510009765625,371.8349914550781,43737,UNH,5m
2026-04-30 17:20:00+00:00,371.7799987792969,371.7990112304688,370.6199951171875,370.9100036621094,58970,UNH,5m
2026-04-30 17:25:00+00:00,370.8999938964844,370.9700012207031,370.1799926757813,370.34619140625,49527,UNH,5m
2026-04-30 17:30:00+00:00,370.3999938964844,371.2000122070313,370.2999877929688,370.3380126953125,91146,UNH,5m
2026-04-30 17:35:00+00:00,370.4100036621094,370.5098876953125,369.9800109863281,370.1199951171875,37407,UNH,5m
2026-04-30 17:40:00+00:00,370.1099853515625,370.260009765625,369.2999877929688,369.6700134277344,50410,UNH,5m
2026-04-30 17:45:00+00:00,369.6700134277344,370.0450134277344,369.55999755859375,369.739990234375,27204,UNH,5m
2026-04-30 17:50:00+00:00,369.6900024414063,369.7699890136719,369.3399963378906,369.6200866699219,41209,UNH,5m
2026-04-30 17:55:00+00:00,369.6400146484375,370.0,369.5600891113281,369.8999938964844,30727,UNH,5m
2026-04-30 18:00:00+00:00,369.8999938964844,370.0,369.3299865722656,369.3599853515625,27574,UNH,5m
2026-04-30 18:05:00+00:00,369.3699951171875,369.4299926757813,368.8200073242188,369.0199890136719,64188,UNH,5m
2026-04-30 18:10:00+00:00,368.9700012207031,369.3599853515625,368.9299926757813,368.9500122070313,59044,UNH,5m
2026-04-30 18:15:00+00:00,368.8599853515625,369.1300048828125,368.7900085449219,368.9249877929688,58097,UNH,5m
2026-04-30 18:20:00+00:00,368.9800109863281,368.9800109863281,368.7099914550781,368.7550048828125,46774,UNH,5m
2026-04-30 18:25:00+00:00,368.7550048828125,368.7900085449219,367.9078063964844,367.9078063964844,58445,UNH,5m
2026-04-30 18:30:00+00:00,367.9299926757813,368.2300109863281,367.6000061035156,367.6700134277344,74190,UNH,5m
2026-04-30 18:35:00+00:00,367.6449890136719,368.6099853515625,367.6099853515625,368.5400085449219,77941,UNH,5m
2026-04-30 18:40:00+00:00,368.5400085449219,369.3900146484375,368.4800109863281,368.7300109863281,50023,UNH,5m
2026-04-30 18:45:00+00:00,368.8299865722656,369.1400146484375,368.6600036621094,369.1400146484375,34722,UNH,5m
2026-04-30 18:50:00+00:00,369.0400085449219,369.090087890625,368.5400085449219,368.5549926757813,34293,UNH,5m
2026-04-30 18:55:00+00:00,368.5549926757813,369.4500122070313,368.5201110839844,368.8200073242188,56410,UNH,5m
2026-04-30 19:00:00+00:00,368.8150024414063,369.0400085449219,368.7511901855469,368.989990234375,26240,UNH,5m
2026-04-30 19:05:00+00:00,369.0260009765625,369.30999755859375,368.8800048828125,369.260009765625,31461,UNH,5m
2026-04-30 19:10:00+00:00,369.2550048828125,369.6900024414063,369.2550048828125,369.6700134277344,36512,UNH,5m
2026-04-30 19:15:00+00:00,369.6300048828125,369.6700134277344,369.1000061035156,369.3157958984375,46171,UNH,5m
2026-04-30 19:20:00+00:00,369.2401123046875,369.30999755859375,368.9200134277344,369.0400085449219,46966,UNH,5m
2026-04-30 19:25:00+00:00,369.0499877929688,369.4299926757813,368.9800109863281,369.3999938964844,54754,UNH,5m
2026-04-30 19:30:00+00:00,369.4100036621094,369.7300109863281,369.05999755859375,369.6799926757813,56286,UNH,5m
2026-04-30 19:35:00+00:00,369.7099914550781,369.9800109863281,369.3299865722656,369.9000854492188,71803,UNH,5m
2026-04-30 19:40:00+00:00,369.9898986816406,370.1499938964844,369.6799926757813,370.0849914550781,71120,UNH,5m
2026-04-30 19:45:00+00:00,370.0849914550781,370.1400146484375,369.5499877929688,369.9400024414063,100797,UNH,5m
2026-04-30 19:50:00+00:00,369.9400024414063,371.7000122070313,369.9299926757813,371.5425109863281,213759,UNH,5m
2026-04-30 19:55:00+00:00,371.5150146484375,371.5350036621094,370.489990234375,370.489990234375,461654,UNH,5m
2026-05-01 13:30:00+00:00,371.9599914550781,372.8999938964844,369.3599853515625,369.3999938964844,169350,UNH,5m
2026-05-01 13:35:00+00:00,369.3900146484375,370.4543151855469,368.8800048828125,369.3313903808594,66288,UNH,5m
2026-05-01 13:40:00+00:00,369.1749877929688,369.68499755859375,367.5,367.9400024414063,44052,UNH,5m
2026-05-01 13:45:00+00:00,367.7799987792969,368.8999938964844,367.2402038574219,367.3150024414063,59636,UNH,5m
2026-05-01 13:50:00+00:00,367.3500061035156,368.4299926757813,367.0199890136719,368.4100036621094,60327,UNH,5m
2026-05-01 13:55:00+00:00,368.3800048828125,368.80999755859375,367.75,368.2699890136719,151550,UNH,5m
2026-05-01 14:00:00+00:00,368.1799926757813,369.30999755859375,367.2999877929688,369.1400146484375,60459,UNH,5m
2026-05-01 14:05:00+00:00,369.1400146484375,370.2049865722656,369.0,369.4200134277344,69494,UNH,5m
2026-05-01 14:10:00+00:00,369.2699890136719,369.4800109863281,368.7999877929688,369.2699890136719,50864,UNH,5m
2026-05-01 14:15:00+00:00,369.2999877929688,369.8399963378906,368.9100036621094,369.05999755859375,55829,UNH,5m
2026-05-01 14:20:00+00:00,369.0199890136719,369.239990234375,368.2532958984375,369.1600036621094,39935,UNH,5m
2026-05-01 14:25:00+00:00,369.1600036621094,369.2799987792969,368.2799987792969,368.8247985839844,27776,UNH,5m
2026-05-01 14:30:00+00:00,368.8299865722656,368.9200134277344,368.0501098632813,368.1099853515625,36921,UNH,5m
2026-05-01 14:35:00+00:00,368.1499938964844,368.3799133300781,367.8699951171875,368.3799133300781,51180,UNH,5m
2026-05-01 14:40:00+00:00,368.2099914550781,368.5400085449219,367.9150085449219,368.2699890136719,23136,UNH,5m
2026-05-01 14:45:00+00:00,368.25,368.8118896484375,368.2300109863281,368.7749938964844,18748,UNH,5m
2026-05-01 14:50:00+00:00,368.7900085449219,368.9150085449219,367.8999938964844,368.0700073242188,41673,UNH,5m
2026-05-01 14:55:00+00:00,368.0950927734375,368.7999877929688,367.8500061035156,368.75,31654,UNH,5m
2026-05-01 15:00:00+00:00,368.7099914550781,369.260009765625,368.510009765625,368.9249877929688,27038,UNH,5m
2026-05-01 15:05:00+00:00,368.9249877929688,369.5799865722656,368.9200134277344,369.5199890136719,22414,UNH,5m
2026-05-01 15:10:00+00:00,369.5199890136719,369.6698913574219,368.9299926757813,369.0450134277344,35911,UNH,5m
2026-05-01 15:15:00+00:00,369.1000061035156,369.5199890136719,368.9400024414063,369.4501037597656,28678,UNH,5m
2026-05-01 15:20:00+00:00,369.5199890136719,369.8999938964844,369.3699951171875,369.5050048828125,31277,UNH,5m
2026-05-01 15:25:00+00:00,369.4200134277344,369.5799865722656,369.25,369.5,16605,UNH,5m
2026-05-01 15:30:00+00:00,369.5400085449219,369.6900024414063,369.0799865722656,369.2149963378906,22376,UNH,5m
2026-05-01 15:35:00+00:00,369.3287963867188,369.8999938964844,369.2349853515625,369.7099914550781,42522,UNH,5m
2026-05-01 15:40:00+00:00,369.7099914550781,369.9500122070313,369.4710083007813,369.9500122070313,19909,UNH,5m
2026-05-01 15:45:00+00:00,370.0,370.0,369.6300048828125,369.8800048828125,29268,UNH,5m
2026-05-01 15:50:00+00:00,369.8800048828125,369.9500122070313,369.1900939941406,369.6199951171875,44605,UNH,5m
2026-05-01 15:55:00+00:00,369.6199951171875,369.726806640625,369.2300109863281,369.4400024414063,25428,UNH,5m
2026-05-01 16:00:00+00:00,369.4400024414063,369.6400146484375,369.2999877929688,369.5950012207031,29985,UNH,5m
2026-05-01 16:05:00+00:00,369.5799865722656,370.2000122070313,369.5799865722656,369.9700012207031,44294,UNH,5m
2026-05-01 16:10:00+00:00,369.9450073242188,370.3299865722656,369.8999938964844,370.3298950195313,33843,UNH,5m
2026-05-01 16:15:00+00:00,370.2650146484375,370.80999755859375,370.2650146484375,370.80999755859375,30956,UNH,5m
2026-05-01 16:20:00+00:00,370.7699890136719,371.0700073242188,370.5101013183594,370.9949951171875,53454,UNH,5m
2026-05-01 16:25:00+00:00,370.9949951171875,371.2349853515625,370.760009765625,370.8955078125,28767,UNH,5m
2026-05-01 16:30:00+00:00,370.9909057617188,371.1499938964844,370.4801025390625,370.6300048828125,36001,UNH,5m
2026-05-01 16:35:00+00:00,370.6199951171875,370.9100036621094,370.5289916992188,370.8599853515625,25364,UNH,5m
2026-05-01 16:40:00+00:00,370.9200134277344,371.13958740234375,370.75,371.0474853515625,29288,UNH,5m
2026-05-01 16:45:00+00:00,371.0549926757813,371.0799865722656,370.6799926757813,370.8500061035156,23202,UNH,5m
2026-05-01 16:50:00+00:00,370.8900146484375,371.2099914550781,370.8299865722656,371.1499938964844,37171,UNH,5m
2026-05-01 16:55:00+00:00,371.1400146484375,371.19439697265625,370.9100036621094,370.9800109863281,21718,UNH,5m
2026-05-01 17:00:00+00:00,370.9400024414063,371.114990234375,370.8699951171875,370.8999938964844,31155,UNH,5m
2026-05-01 17:05:00+00:00,370.8999938964844,370.993896484375,370.4100036621094,370.4200134277344,28428,UNH,5m
2026-05-01 17:10:00+00:00,370.510009765625,370.5700073242188,370.3299865722656,370.4649963378906,31942,UNH,5m
2026-05-01 17:15:00+00:00,370.5299987792969,370.55999755859375,370.010009765625,370.0950012207031,51359,UNH,5m
2026-05-01 17:20:00+00:00,370.0899963378906,370.43499755859375,370.0499877929688,370.2999877929688,21459,UNH,5m
2026-05-01 17:25:00+00:00,370.2999877929688,370.7900085449219,370.2300109863281,370.5799865722656,732637,UNH,5m
2026-05-01 17:30:00+00:00,370.5400085449219,370.6994018554688,370.1199951171875,370.1499938964844,24138,UNH,5m
2026-05-01 17:35:00+00:00,370.1499938964844,370.260009765625,369.193603515625,369.55950927734375,35594,UNH,5m
2026-05-01 17:40:00+00:00,369.5,369.8714904785156,369.4400024414063,369.7699890136719,24369,UNH,5m
2026-05-01 17:45:00+00:00,369.8900146484375,370.3599853515625,369.8450012207031,370.2999877929688,27625,UNH,5m
2026-05-01 17:50:00+00:00,370.260009765625,370.3999938964844,370.0801086425781,370.2550048828125,24658,UNH,5m
2026-05-01 17:55:00+00:00,370.2325134277344,370.30999755859375,370.0799865722656,370.1449890136719,25484,UNH,5m
2026-05-01 18:00:00+00:00,370.1799926757813,370.6000061035156,370.1799926757813,370.5350036621094,30145,UNH,5m
2026-05-01 18:05:00+00:00,370.489990234375,370.5700073242188,370.05999755859375,370.5350036621094,27844,UNH,5m
2026-05-01 18:10:00+00:00,370.5150146484375,370.5799865722656,370.3299865722656,370.3299865722656,35711,UNH,5m
2026-05-01 18:15:00+00:00,370.3599853515625,370.4551086425781,370.2001037597656,370.3999938964844,23227,UNH,5m
2026-05-01 18:20:00+00:00,370.3900146484375,370.5499877929688,370.2001037597656,370.335693359375,29327,UNH,5m
2026-05-01 18:25:00+00:00,370.2999877929688,370.5,370.0799865722656,370.3599853515625,26505,UNH,5m
2026-05-01 18:30:00+00:00,370.3175048828125,370.4100036621094,369.8900146484375,370.1600036621094,39353,UNH,5m
2026-05-01 18:35:00+00:00,370.1600036621094,370.2099914550781,369.8200073242188,369.8949890136719,39772,UNH,5m
2026-05-01 18:40:00+00:00,369.885009765625,370.05999755859375,369.6300048828125,369.7598876953125,31813,UNH,5m
2026-05-01 18:45:00+00:00,369.6700134277344,370.0,369.6099853515625,369.9150085449219,24374,UNH,5m
2026-05-01 18:50:00+00:00,369.9700012207031,370.0700073242188,369.8599853515625,369.8999938964844,24052,UNH,5m
2026-05-01 18:55:00+00:00,369.8699951171875,370.0,369.6600036621094,369.6700134277344,30746,UNH,5m
2026-05-01 19:00:00+00:00,369.7898864746094,369.9699096679688,369.6000061035156,369.8200073242188,24860,UNH,5m
2026-05-01 19:05:00+00:00,369.8200073242188,370.0299987792969,369.760009765625,369.7900085449219,43726,UNH,5m
2026-05-01 19:10:00+00:00,369.7799987792969,370.0499877929688,369.1000061035156,369.2200012207031,101219,UNH,5m
2026-05-01 19:15:00+00:00,369.30999755859375,369.9599914550781,369.2850036621094,369.864990234375,50282,UNH,5m
2026-05-01 19:20:00+00:00,369.864990234375,369.989990234375,369.7799987792969,369.8399963378906,31667,UNH,5m
2026-05-01 19:25:00+00:00,369.8500061035156,370.1799926757813,369.6900024414063,369.8200073242188,39991,UNH,5m
2026-05-01 19:30:00+00:00,369.8299865722656,369.9500122070313,369.6400146484375,369.7739868164063,32926,UNH,5m
2026-05-01 19:35:00+00:00,369.8500061035156,370.1199951171875,369.7900085449219,370.0750122070313,36749,UNH,5m
2026-05-01 19:40:00+00:00,370.0750122070313,370.1799926757813,369.7999877929688,370.1300048828125,70521,UNH,5m
2026-05-01 19:45:00+00:00,370.1400146484375,370.3699951171875,369.760009765625,369.8699951171875,75006,UNH,5m
2026-05-01 19:50:00+00:00,369.8399963378906,369.8800048828125,369.25,369.510009765625,78910,UNH,5m
2026-05-01 19:55:00+00:00,369.5299987792969,370.1400146484375,368.5799865722656,368.8299865722656,277780,UNH,5m
2026-05-04 13:30:00+00:00,368.54998779296875,370.4800109863281,367.6000061035156,367.79998779296875,171268,UNH,5m
2026-05-04 13:35:00+00:00,367.8800048828125,368.0899963378906,365.57000732421875,365.7300109863281,94448,UNH,5m
2026-05-04 13:40:00+00:00,365.800537109375,365.80499267578125,364.6499938964844,365.3500061035156,136380,UNH,5m
2026-05-04 13:45:00+00:00,365.260009765625,367.92999267578125,365.0299987792969,367.92999267578125,68151,UNH,5m
2026-05-04 13:50:00+00:00,368.0,368.260986328125,366.6199951171875,366.9198913574219,112564,UNH,5m
2026-05-04 13:55:00+00:00,366.9200134277344,367.7699890136719,366.9200134277344,367.6099853515625,39277,UNH,5m
2026-05-04 14:00:00+00:00,367.4031982421875,367.54998779296875,366.10009765625,366.3999938964844,45114,UNH,5m
2026-05-04 14:05:00+00:00,366.3999938964844,367.0799865722656,366.3599853515625,366.4100036621094,58591,UNH,5m
2026-05-04 14:10:00+00:00,366.4750061035156,367.0400085449219,366.20001220703125,366.926513671875,36920,UNH,5m
2026-05-04 14:15:00+00:00,366.9200134277344,367.5,366.7250061035156,367.2200012207031,50096,UNH,5m
2026-05-04 14:20:00+00:00,367.260009765625,367.4800109863281,366.79998779296875,366.92999267578125,39398,UNH,5m
2026-05-04 14:25:00+00:00,366.92498779296875,367.3500061035156,366.739990234375,367.260009765625,20330,UNH,5m
2026-05-04 14:30:00+00:00,367.260009765625,367.5799865722656,367.0,367.0,54914,UNH,5m
2026-05-04 14:35:00+00:00,367.0,367.30999755859375,366.989990234375,367.0950012207031,35729,UNH,5m
2026-05-04 14:40:00+00:00,367.0899963378906,367.68499755859375,367.05999755859375,367.67498779296875,53746,UNH,5m
2026-05-04 14:45:00+00:00,367.67498779296875,367.94000244140625,367.3500061035156,367.7799987792969,50871,UNH,5m
2026-05-04 14:50:00+00:00,367.7900085449219,368.17999267578125,367.7099914550781,368.1449890136719,37658,UNH,5m
2026-05-04 14:55:00+00:00,368.17999267578125,368.8900146484375,368.04998779296875,368.8900146484375,47266,UNH,5m
2026-05-04 15:00:00+00:00,368.875,369.1700134277344,368.3599853515625,368.489990234375,38844,UNH,5m
2026-05-04 15:05:00+00:00,368.4649963378906,368.9898986816406,368.3299865722656,368.8349914550781,55093,UNH,5m
2026-05-04 15:10:00+00:00,368.8399963378906,369.1400146484375,368.5,368.6549987792969,108571,UNH,5m
2026-05-04 15:15:00+00:00,368.6099853515625,368.79998779296875,368.17010498046875,368.2300109863281,49737,UNH,5m
2026-05-04 15:20:00+00:00,368.3699951171875,368.3699951171875,367.9100036621094,368.3699951171875,63373,UNH,5m
2026-05-04 15:25:00+00:00,368.3949890136719,369.0400085449219,368.3299865722656,369.0400085449219,41791,UNH,5m
2026-05-04 15:30:00+00:00,369.0400085449219,369.2099914550781,368.2550048828125,368.42498779296875,35707,UNH,5m
2026-05-04 15:35:00+00:00,368.42498779296875,368.6000061035156,368.1549987792969,368.4624938964844,27870,UNH,5m
2026-05-04 15:40:00+00:00,368.5050048828125,368.8800048828125,368.169189453125,368.5799865722656,40549,UNH,5m
2026-05-04 15:45:00+00:00,368.6400146484375,368.80999755859375,368.3695068359375,368.4587097167969,34293,UNH,5m
2026-05-04 15:50:00+00:00,368.44000244140625,368.70001220703125,368.1083984375,368.54998779296875,39770,UNH,5m
2026-05-04 15:55:00+00:00,368.6199951171875,368.9100036621094,368.4800109863281,368.79998779296875,31518,UNH,5m
2026-05-04 16:00:00+00:00,368.739990234375,368.8699951171875,368.2099914550781,368.2950134277344,35507,UNH,5m
2026-05-04 16:05:00+00:00,368.2900085449219,368.6099853515625,367.510009765625,368.07000732421875,85071,UNH,5m
2026-05-04 16:10:00+00:00,368.0400085449219,368.6549987792969,368.0,368.5400085449219,30083,UNH,5m
2026-05-04 16:15:00+00:00,368.5350036621094,368.8550109863281,367.7349853515625,368.82000732421875,76940,UNH,5m
2026-05-04 16:20:00+00:00,368.7950134277344,369.3299865722656,368.6000061035156,369.0,30749,UNH,5m
2026-05-04 16:25:00+00:00,368.989990234375,369.0899963378906,368.7040100097656,368.82000732421875,20958,UNH,5m
2026-05-04 16:30:00+00:00,368.7799987792969,369.0299987792969,368.5801086425781,368.8500061035156,17391,UNH,5m
2026-05-04 16:35:00+00:00,368.79998779296875,368.9599914550781,368.6000061035156,368.82000732421875,21473,UNH,5m
2026-05-04 16:40:00+00:00,368.80999755859375,368.9186096191406,368.55999755859375,368.6549987792969,37304,UNH,5m
2026-05-04 16:45:00+00:00,368.6099853515625,368.8399963378906,368.3999938964844,368.7349853515625,52789,UNH,5m
2026-05-04 16:50:00+00:00,368.70001220703125,368.9100036621094,368.3699951171875,368.5,31826,UNH,5m
2026-05-04 16:55:00+00:00,368.4949951171875,368.56988525390625,368.0400085449219,368.19000244140625,27387,UNH,5m
2026-05-04 17:00:00+00:00,368.2099914550781,368.6000061035156,368.1300048828125,368.2900085449219,25513,UNH,5m
2026-05-04 17:05:00+00:00,368.3349914550781,368.8699951171875,368.3349914550781,368.7850036621094,28874,UNH,5m
2026-05-04 17:10:00+00:00,368.7900085449219,368.79998779296875,368.5700988769531,368.7149963378906,14411,UNH,5m
2026-05-04 17:15:00+00:00,368.7099914550781,369.5400085449219,368.7049865722656,369.4849853515625,45398,UNH,5m
2026-05-04 17:20:00+00:00,369.3981018066406,369.8999938964844,369.3981018066406,369.489990234375,36163,UNH,5m
2026-05-04 17:25:00+00:00,369.489990234375,369.5400085449219,369.1700134277344,369.2449951171875,30879,UNH,5m
2026-05-04 17:30:00+00:00,369.2449951171875,369.79998779296875,369.2449951171875,369.75,27136,UNH,5m
2026-05-04 17:35:00+00:00,369.7300109863281,369.9100036621094,369.45001220703125,369.739990234375,42246,UNH,5m
2026-05-04 17:40:00+00:00,369.7699890136719,369.9700012207031,369.67999267578125,369.9700012207031,35683,UNH,5m
2026-05-04 17:45:00+00:00,369.989990234375,370.0400085449219,369.4649963378906,369.5050048828125,39760,UNH,5m
2026-05-04 17:50:00+00:00,369.510009765625,369.510009765625,368.260009765625,368.3351135253906,21130,UNH,5m
2026-05-04 17:55:00+00:00,368.3599853515625,368.70770263671875,368.0000915527344,368.1300048828125,29081,UNH,5m
2026-05-04 18:00:00+00:00,368.1070861816406,368.69000244140625,368.05010986328125,368.6050109863281,18773,UNH,5m
2026-05-04 18:05:00+00:00,368.5799865722656,368.7699890136719,368.1809997558594,368.6000061035156,22269,UNH,5m
2026-05-04 18:10:00+00:00,368.6000061035156,368.6000061035156,368.1300048828125,368.2799987792969,19866,UNH,5m
2026-05-04 18:15:00+00:00,368.2900085449219,368.5,368.0710144042969,368.44000244140625,19322,UNH,5m
2026-05-04 18:20:00+00:00,368.4800109863281,368.57000732421875,368.3699951171875,368.489990234375,24899,UNH,5m
2026-05-04 18:25:00+00:00,368.5,368.52069091796875,368.239990234375,368.489990234375,20386,UNH,5m
2026-05-04 18:30:00+00:00,368.4800109863281,368.6299133300781,368.42999267578125,368.510009765625,26035,UNH,5m
2026-05-04 18:35:00+00:00,368.4800109863281,368.8299865722656,368.3399963378906,368.77850341796875,18245,UNH,5m
2026-05-04 18:40:00+00:00,368.79998779296875,368.82000732421875,368.6050109863281,368.67999267578125,31244,UNH,5m
2026-05-04 18:45:00+00:00,368.67999267578125,369.1899108886719,368.6000061035156,369.1499938964844,27096,UNH,5m
2026-05-04 18:50:00+00:00,369.19000244140625,369.2699890136719,368.6700134277344,368.7149963378906,27578,UNH,5m
2026-05-04 18:55:00+00:00,368.7598876953125,369.0,368.6700134277344,368.93499755859375,22928,UNH,5m
2026-05-04 19:00:00+00:00,368.98748779296875,369.2099914550781,368.94000244140625,369.1499938964844,23524,UNH,5m
2026-05-04 19:05:00+00:00,369.1300048828125,369.3974914550781,368.86309814453125,368.9599914550781,26954,UNH,5m
2026-05-04 19:10:00+00:00,368.9100036621094,369.3299865722656,368.8299865722656,369.1929016113281,48923,UNH,5m
2026-05-04 19:15:00+00:00,369.25,369.6300048828125,369.0899963378906,369.5400085449219,34338,UNH,5m
2026-05-04 19:20:00+00:00,369.5400085449219,369.8299865722656,369.5299987792969,369.8299865722656,54607,UNH,5m
2026-05-04 19:25:00+00:00,369.8500061035156,369.9700012207031,369.610107421875,369.7900085449219,59173,UNH,5m
2026-05-04 19:30:00+00:00,369.7900085449219,369.9100036621094,369.6600036621094,369.8500061035156,54096,UNH,5m
2026-05-04 19:35:00+00:00,369.8500061035156,370.0,369.6300048828125,369.8299865722656,77203,UNH,5m
2026-05-04 19:40:00+00:00,369.80499267578125,370.2850036621094,369.7799987792969,370.10931396484375,66198,UNH,5m
2026-05-04 19:45:00+00:00,370.135009765625,370.6842956542969,370.1199951171875,370.635009765625,107257,UNH,5m
2026-05-04 19:50:00+00:00,370.5799865722656,370.6199951171875,369.92999267578125,370.1700134277344,93427,UNH,5m
2026-05-04 19:55:00+00:00,370.1499938964844,370.8299865722656,369.75,370.75,338180,UNH,5m
2026-05-05 13:30:00+00:00,370.4750061035156,371.79998779296875,369.6000061035156,370.2900085449219,184012,UNH,5m
2026-05-05 13:35:00+00:00,370.2149963378906,370.55499267578125,369.3500061035156,370.3699951171875,63755,UNH,5m
2026-05-05 13:40:00+00:00,370.32843017578125,370.94500732421875,369.9700012207031,370.1000061035156,81637,UNH,5m
2026-05-05 13:45:00+00:00,370.04998779296875,370.7325134277344,369.9825134277344,370.4884033203125,59621,UNH,5m
2026-05-05 13:50:00+00:00,370.5400085449219,370.79998779296875,368.635009765625,368.635009765625,66961,UNH,5m
2026-05-05 13:55:00+00:00,368.69000244140625,369.0,368.010009765625,368.7349853515625,80381,UNH,5m
2026-05-05 14:00:00+00:00,368.6700134277344,369.0,367.3700866699219,367.57000732421875,85909,UNH,5m
2026-05-05 14:05:00+00:00,367.510009765625,368.4200134277344,367.4501037597656,368.1700134277344,45478,UNH,5m
2026-05-05 14:10:00+00:00,368.239990234375,369.0,367.9400939941406,368.5710144042969,70001,UNH,5m
2026-05-05 14:15:00+00:00,368.57501220703125,368.6300048828125,367.94000244140625,368.30999755859375,57324,UNH,5m
2026-05-05 14:20:00+00:00,368.260009765625,368.30999755859375,366.1499938964844,366.1549987792969,96820,UNH,5m
2026-05-05 14:25:00+00:00,366.1549987792969,366.67999267578125,365.110107421875,365.5450134277344,59540,UNH,5m
2026-05-05 14:30:00+00:00,365.4949951171875,366.3500061035156,365.3219909667969,366.07000732421875,63899,UNH,5m
2026-05-05 14:35:00+00:00,366.0799865722656,366.2821960449219,365.7099914550781,366.1700134277344,49067,UNH,5m
2026-05-05 14:40:00+00:00,366.1449890136719,366.70001220703125,366.04998779296875,366.3399963378906,106764,UNH,5m
2026-05-05 14:45:00+00:00,366.3399963378906,366.3399963378906,364.3800048828125,364.7049865722656,85130,UNH,5m
2026-05-05 14:50:00+00:00,364.69000244140625,365.3999938964844,364.3299865722656,365.239990234375,55777,UNH,5m
2026-05-05 14:55:00+00:00,365.32000732421875,365.90899658203125,365.1499938964844,365.489990234375,42882,UNH,5m
2026-05-05 15:00:00+00:00,365.4849853515625,365.5400085449219,364.05999755859375,364.5199890136719,70670,UNH,5m
2026-05-05 15:05:00+00:00,364.489990234375,364.6600036621094,363.6499938964844,364.2950134277344,54106,UNH,5m
2026-05-05 15:10:00+00:00,364.2950134277344,364.2950134277344,363.510009765625,363.635009765625,62376,UNH,5m
2026-05-05 15:15:00+00:00,363.69500732421875,364.2250061035156,363.5199890136719,364.20001220703125,61806,UNH,5m
2026-05-05 15:20:00+00:00,364.20001220703125,364.8550109863281,363.75,363.9130859375,55373,UNH,5m
2026-05-05 15:25:00+00:00,363.8900146484375,364.5,363.510009765625,363.5430908203125,54735,UNH,5m
2026-05-05 15:30:00+00:00,363.5849914550781,363.8800048828125,363.29998779296875,363.6449890136719,49995,UNH,5m
2026-05-05 15:35:00+00:00,363.6650085449219,364.0,363.5101013183594,363.7950134277344,31898,UNH,5m
2026-05-05 15:40:00+00:00,363.80999755859375,364.385009765625,363.6499938964844,363.8450012207031,47471,UNH,5m
2026-05-05 15:45:00+00:00,363.8399963378906,364.3099060058594,363.8399963378906,364.0199890136719,29680,UNH,5m
2026-05-05 15:50:00+00:00,364.0199890136719,364.05999755859375,363.1099853515625,363.2200012207031,43760,UNH,5m
2026-05-05 15:55:00+00:00,363.2200012207031,363.239990234375,362.25,362.2699890136719,85524,UNH,5m
2026-05-05 16:00:00+00:00,362.29998779296875,363.1600036621094,362.2099914550781,362.8999938964844,74855,UNH,5m
2026-05-05 16:05:00+00:00,362.9800109863281,363.3999938964844,362.7200012207031,363.3399963378906,58953,UNH,5m
2026-05-05 16:10:00+00:00,363.28009033203125,363.3800048828125,362.260009765625,362.3699951171875,48597,UNH,5m
2026-05-05 16:15:00+00:00,362.30999755859375,362.8500061035156,362.1700134277344,362.70001220703125,43114,UNH,5m
2026-05-05 16:20:00+00:00,362.739990234375,363.3800048828125,362.739990234375,363.32501220703125,50449,UNH,5m
2026-05-05 16:25:00+00:00,363.32501220703125,363.45001220703125,363.0899963378906,363.1300048828125,37716,UNH,5m
2026-05-05 16:30:00+00:00,363.2099914550781,363.2099914550781,362.6000061035156,362.69500732421875,29773,UNH,5m
2026-05-05 16:35:00+00:00,362.7300109863281,363.25,362.4599914550781,363.1099853515625,48220,UNH,5m
2026-05-05 16:40:00+00:00,363.1499938964844,363.2699890136719,362.7699890136719,362.9200134277344,24379,UNH,5m
2026-05-05 16:45:00+00:00,362.9150085449219,363.44000244140625,362.375,363.44000244140625,38041,UNH,5m
2026-05-05 16:50:00+00:00,363.44000244140625,363.510009765625,362.9200134277344,363.10400390625,35091,UNH,5m
2026-05-05 16:55:00+00:00,363.1600036621094,363.3800048828125,362.9599914550781,362.9599914550781,32819,UNH,5m
2026-05-05 17:00:00+00:00,362.94000244140625,363.5,362.8349914550781,363.2149963378906,41285,UNH,5m
2026-05-05 17:05:00+00:00,363.29998779296875,363.44000244140625,363.1400146484375,363.3500061035156,24126,UNH,5m
2026-05-05 17:10:00+00:00,363.3900146484375,363.54998779296875,363.0400085449219,363.1600036621094,46293,UNH,5m
2026-05-05 17:15:00+00:00,363.1650085449219,363.4100036621094,363.04010009765625,363.32000732421875,24932,UNH,5m
2026-05-05 17:20:00+00:00,363.3450012207031,364.489990234375,363.30999755859375,364.29998779296875,78226,UNH,5m
2026-05-05 17:25:00+00:00,364.31500244140625,364.4599914550781,363.6600036621094,364.1300048828125,533351,UNH,5m
2026-05-05 17:30:00+00:00,364.1199951171875,364.1700134277344,363.5,363.56500244140625,28855,UNH,5m
2026-05-05 17:35:00+00:00,363.56500244140625,363.6199951171875,363.1199951171875,363.1549987792969,33144,UNH,5m
2026-05-05 17:40:00+00:00,363.15008544921875,363.2099914550781,362.79998779296875,362.8699951171875,33377,UNH,5m
2026-05-05 17:45:00+00:00,362.8550109863281,363.33990478515625,362.83538818359375,363.28009033203125,44514,UNH,5m
2026-05-05 17:50:00+00:00,363.260009765625,363.4200134277344,363.1050109863281,363.1050109863281,28656,UNH,5m
2026-05-05 17:55:00+00:00,363.05999755859375,363.3599853515625,362.94000244140625,362.94000244140625,28455,UNH,5m
2026-05-05 18:00:00+00:00,362.9999084472656,363.0299987792969,362.6600036621094,362.6600036621094,36359,UNH,5m
2026-05-05 18:05:00+00:00,362.70001220703125,363.1600036621094,362.5,362.6792907714844,123500,UNH,5m
2026-05-05 18:10:00+00:00,362.6000061035156,362.8500061035156,362.2699890136719,362.5,36737,UNH,5m
2026-05-05 18:15:00+00:00,362.42999267578125,362.739990234375,362.42999267578125,362.6805114746094,32037,UNH,5m
2026-05-05 18:20:00+00:00,362.7300109863281,362.94000244140625,362.6200866699219,362.7300109863281,31369,UNH,5m
2026-05-05 18:25:00+00:00,362.67498779296875,362.8799133300781,362.4800109863281,362.4800109863281,30081,UNH,5m
2026-05-05 18:30:00+00:00,362.44610595703125,362.9200134277344,362.43499755859375,362.70001220703125,42892,UNH,5m
2026-05-05 18:35:00+00:00,362.75,362.9898986816406,362.6059875488281,362.6449890136719,29973,UNH,5m
2026-05-05 18:40:00+00:00,362.6449890136719,362.6449890136719,362.3399963378906,362.3399963378906,37678,UNH,5m
2026-05-05 18:45:00+00:00,362.31500244140625,362.3399963378906,361.8124084472656,362.1400146484375,57490,UNH,5m
2026-05-05 18:50:00+00:00,362.1400146484375,362.3900146484375,361.8900146484375,362.3900146484375,47728,UNH,5m
2026-05-05 18:55:00+00:00,362.4525146484375,362.4525146484375,361.8900146484375,361.8999938964844,31999,UNH,5m
2026-05-05 19:00:00+00:00,361.82000732421875,362.4100036621094,361.810791015625,362.4100036621094,34237,UNH,5m
2026-05-05 19:05:00+00:00,362.3900146484375,362.8500061035156,362.3299865722656,362.6549987792969,47726,UNH,5m
2026-05-05 19:10:00+00:00,362.6499938964844,362.7300109863281,362.2300109863281,362.2300109863281,51889,UNH,5m
2026-05-05 19:15:00+00:00,362.2250061035156,362.5299987792969,362.0199890136719,362.0799865722656,52748,UNH,5m
2026-05-05 19:20:00+00:00,362.1300048828125,362.6099853515625,362.1300048828125,362.4200134277344,46872,UNH,5m
2026-05-05 19:25:00+00:00,362.45001220703125,362.66009521484375,362.19000244140625,362.3299865722656,60910,UNH,5m
2026-05-05 19:30:00+00:00,362.3599853515625,362.79998779296875,362.3599853515625,362.5799865722656,59802,UNH,5m
2026-05-05 19:35:00+00:00,362.5799865722656,363.0899963378906,362.5799865722656,363.0899963378906,81097,UNH,5m
2026-05-05 19:40:00+00:00,363.1000061035156,363.7749938964844,363.0799865722656,363.739990234375,83551,UNH,5m
2026-05-05 19:45:00+00:00,363.7099914550781,363.9599914550781,363.29998779296875,363.7099914550781,99307,UNH,5m
2026-05-05 19:50:00+00:00,363.6099853515625,363.75,363.1099853515625,363.54998779296875,157228,UNH,5m
2026-05-05 19:55:00+00:00,363.5400085449219,364.07000732421875,363.1400146484375,363.7850036621094,337780,UNH,5m
2026-05-06 13:30:00+00:00,363.1000061035156,363.4700012207031,358.25,358.739990234375,379896,UNH,5m
2026-05-06 13:35:00+00:00,358.739990234375,364.30999755859375,358.42498779296875,364.2950134277344,181846,UNH,5m
2026-05-06 13:40:00+00:00,364.32000732421875,366.239990234375,363.7699890136719,366.19500732421875,123108,UNH,5m
2026-05-06 13:45:00+00:00,366.2900085449219,367.0299987792969,365.32000732421875,366.6499938964844,96093,UNH,5m
2026-05-06 13:50:00+00:00,366.70001220703125,367.5299987792969,366.6731872558594,366.94500732421875,88278,UNH,5m
2026-05-06 13:55:00+00:00,366.9581298828125,367.9800109863281,366.4599914550781,367.9700012207031,63479,UNH,5m
2026-05-06 14:00:00+00:00,367.9800109863281,368.29998779296875,367.6499938964844,367.760009765625,84806,UNH,5m
2026-05-06 14:05:00+00:00,367.70001220703125,367.989990234375,366.64678955078125,367.25,56283,UNH,5m
2026-05-06 14:10:00+00:00,367.1300048828125,368.1400146484375,367.0199890136719,367.7101135253906,63055,UNH,5m
2026-05-06 14:15:00+00:00,367.7950134277344,368.07000732421875,367.44000244140625,368.07000732421875,114233,UNH,5m
2026-05-06 14:20:00+00:00,368.0299987792969,368.5,367.760009765625,368.2300109863281,57609,UNH,5m
2026-05-06 14:25:00+00:00,368.1700134277344,368.5,367.9599914550781,368.5,63795,UNH,5m
2026-05-06 14:30:00+00:00,368.4700012207031,368.5,367.7950134277344,367.9200134277344,76069,UNH,5m
2026-05-06 14:35:00+00:00,368.0,368.54998779296875,367.80999755859375,368.20001220703125,83570,UNH,5m
2026-05-06 14:40:00+00:00,368.2900085449219,368.45001220703125,367.864990234375,368.17498779296875,36983,UNH,5m
2026-05-06 14:45:00+00:00,368.17999267578125,368.5,367.8999938964844,368.0700988769531,57640,UNH,5m
2026-05-06 14:50:00+00:00,368.0700988769531,368.54998779296875,367.8599853515625,368.2049865722656,178756,UNH,5m
2026-05-06 14:55:00+00:00,368.2001037597656,368.5,367.9549865722656,368.1499938964844,39924,UNH,5m
2026-05-06 15:00:00+00:00,368.1600036621094,368.5,367.7900085449219,367.92999267578125,74350,UNH,5m
2026-05-06 15:05:00+00:00,367.93499755859375,368.2099914550781,367.8999938964844,368.1401062011719,59877,UNH,5m
2026-05-06 15:10:00+00:00,368.2300109863281,368.5,368.0,368.04998779296875,38191,UNH,5m
2026-05-06 15:15:00+00:00,368.0899963378906,368.4100036621094,368.0299987792969,368.1199951171875,25390,UNH,5m
2026-05-06 15:20:00+00:00,368.1199951171875,368.30999755859375,368.0,368.17999267578125,34444,UNH,5m
2026-05-06 15:25:00+00:00,368.25,368.2900085449219,368.0,368.1300048828125,604157,UNH,5m
2026-05-06 15:30:00+00:00,368.1300048828125,368.2699890136719,367.92999267578125,368.07000732421875,68828,UNH,5m
2026-05-06 15:35:00+00:00,368.07501220703125,368.3399963378906,368.0299987792969,368.0660095214844,38373,UNH,5m
2026-05-06 15:40:00+00:00,368.1000061035156,368.510009765625,368.05999755859375,368.1700134277344,55911,UNH,5m
2026-05-06 15:45:00+00:00,368.1000061035156,368.5199890136719,368.05999755859375,368.2699890136719,91585,UNH,5m
2026-05-06 15:50:00+00:00,368.260009765625,368.4200134277344,367.40008544921875,368.0799865722656,51786,UNH,5m
2026-05-06 15:55:00+00:00,368.1099853515625,368.3599853515625,367.8900146484375,367.9949951171875,39857,UNH,5m
2026-05-06 16:00:00+00:00,368.0299987792969,368.1199951171875,367.7319030761719,367.8699951171875,35623,UNH,5m
2026-05-06 16:05:00+00:00,367.95001220703125,368.0,367.3699951171875,367.7799987792969,42747,UNH,5m
2026-05-06 16:10:00+00:00,367.7200012207031,368.0299987792969,367.2049865722656,367.4700012207031,51201,UNH,5m
2026-05-06 16:15:00+00:00,367.45001220703125,367.94000244140625,367.3800048828125,367.7699890136719,34489,UNH,5m
2026-05-06 16:20:00+00:00,367.7699890136719,367.94000244140625,367.42999267578125,367.5050048828125,27549,UNH,5m
2026-05-06 16:25:00+00:00,367.489990234375,367.54998779296875,366.9649963378906,367.05999755859375,35803,UNH,5m
2026-05-06 16:30:00+00:00,367.1400146484375,367.6499938964844,367.1400146484375,367.614990234375,31125,UNH,5m
2026-05-06 16:35:00+00:00,367.67999267578125,367.79998779296875,367.2099914550781,367.6549987792969,29692,UNH,5m
2026-05-06 16:40:00+00:00,367.67999267578125,367.739990234375,367.2699890136719,367.44500732421875,57968,UNH,5m
2026-05-06 16:45:00+00:00,367.40008544921875,367.57000732421875,367.1600036621094,367.5199890136719,21309,UNH,5m
2026-05-06 16:50:00+00:00,367.5199890136719,367.7300109863281,367.3699951171875,367.5150146484375,21578,UNH,5m
2026-05-06 16:55:00+00:00,367.4307861328125,367.6499938964844,367.4100036621094,367.4599914550781,24330,UNH,5m
2026-05-06 17:00:00+00:00,367.40008544921875,367.4200134277344,367.0299987792969,367.2550048828125,28110,UNH,5m
2026-05-06 17:05:00+00:00,367.25,367.45001220703125,367.0899963378906,367.3399963378906,25103,UNH,5m
2026-05-06 17:10:00+00:00,367.364990234375,367.54998779296875,367.2300109863281,367.5249938964844,29227,UNH,5m
2026-05-06 17:15:00+00:00,367.5299987792969,367.5299987792969,367.2900085449219,367.5,25013,UNH,5m
2026-05-06 17:20:00+00:00,367.4599914550781,367.63861083984375,367.090087890625,367.5799865722656,30417,UNH,5m
2026-05-06 17:25:00+00:00,367.55999755859375,367.67999267578125,367.4800109863281,367.6300048828125,24211,UNH,5m
2026-05-06 17:30:00+00:00,367.6755065917969,367.6871032714844,367.44000244140625,367.5899963378906,23719,UNH,5m
2026-05-06 17:35:00+00:00,367.57501220703125,367.57501220703125,367.3299865722656,367.44000244140625,23519,UNH,5m
2026-05-06 17:40:00+00:00,367.440185546875,367.4834899902344,367.0299987792969,367.3500061035156,23465,UNH,5m
2026-05-06 17:45:00+00:00,367.3349914550781,367.4700012207031,367.1400146484375,367.1401062011719,21033,UNH,5m
2026-05-06 17:50:00+00:00,367.17999267578125,367.739990234375,367.17999267578125,367.4849853515625,35457,UNH,5m
2026-05-06 17:55:00+00:00,367.5400085449219,367.5400085449219,366.989990234375,367.1300048828125,31694,UNH,5m
2026-05-06 18:00:00+00:00,367.1300048828125,367.510009765625,367.0849914550781,367.42999267578125,32503,UNH,5m
2026-05-06 18:05:00+00:00,367.4049987792969,367.4049987792969,367.0299987792969,367.1099853515625,22553,UNH,5m
2026-05-06 18:10:00+00:00,367.1400146484375,367.9800109863281,367.1400146484375,367.8699951171875,51146,UNH,5m
2026-05-06 18:15:00+00:00,367.8699951171875,367.96990966796875,367.54998779296875,367.57501220703125,27710,UNH,5m
2026-05-06 18:20:00+00:00,367.5299987792969,367.9200134277344,367.5299987792969,367.80499267578125,59823,UNH,5m
2026-05-06 18:25:00+00:00,367.7699890136719,367.8699951171875,367.5799865722656,367.5799865722656,29637,UNH,5m
2026-05-06 18:30:00+00:00,367.6000061035156,367.7300109863281,367.30999755859375,367.610107421875,31405,UNH,5m
2026-05-06 18:35:00+00:00,367.6400146484375,367.8399963378906,367.57000732421875,367.69000244140625,37115,UNH,5m
2026-05-06 18:40:00+00:00,367.73199462890625,367.73199462890625,366.8500061035156,366.95001220703125,48875,UNH,5m
2026-05-06 18:45:00+00:00,366.8699951171875,367.3699951171875,366.75,367.3500061035156,34529,UNH,5m
2026-05-06 18:50:00+00:00,367.30499267578125,367.3299865722656,366.8800048828125,367.0350036621094,36309,UNH,5m
2026-05-06 18:55:00+00:00,367.0350036621094,367.2900085449219,366.9599914550781,367.135009765625,34893,UNH,5m
2026-05-06 19:00:00+00:00,367.135009765625,367.7099914550781,367.0299987792969,367.5398864746094,51978,UNH,5m
2026-05-06 19:05:00+00:00,367.5400085449219,367.80999755859375,367.510009765625,367.5400085449219,68528,UNH,5m
2026-05-06 19:10:00+00:00,367.57501220703125,367.79998779296875,367.5400085449219,367.69000244140625,42331,UNH,5m
2026-05-06 19:15:00+00:00,367.69000244140625,367.739990234375,367.489990234375,367.739990234375,39726,UNH,5m
2026-05-06 19:20:00+00:00,367.739990234375,367.8299865722656,367.360107421875,367.3900146484375,55343,UNH,5m
2026-05-06 19:25:00+00:00,367.3699951171875,367.8500061035156,367.239990234375,367.7149963378906,57995,UNH,5m
2026-05-06 19:30:00+00:00,367.70001220703125,367.9549865722656,367.64190673828125,367.7799987792969,40279,UNH,5m
2026-05-06 19:35:00+00:00,367.78009033203125,367.9599914550781,367.7699890136719,367.79998779296875,42438,UNH,5m
2026-05-06 19:40:00+00:00,367.82501220703125,367.9700012207031,367.7699890136719,367.7850036621094,65034,UNH,5m
2026-05-06 19:45:00+00:00,367.760009765625,368.010009765625,367.6650085449219,368.0,87843,UNH,5m
2026-05-06 19:50:00+00:00,368.0,368.5,367.69000244140625,367.8399963378906,142403,UNH,5m
2026-05-06 19:55:00+00:00,367.7799987792969,367.79998779296875,366.94000244140625,367.1000061035156,260784,UNH,5m
2026-05-07 13:30:00+00:00,366.6400146484375,367.44000244140625,365.6300048828125,366.05999755859375,160933,UNH,5m
2026-05-07 13:35:00+00:00,366.05999755859375,366.8999938964844,365.7099914550781,366.32000732421875,66066,UNH,5m
2026-05-07 13:40:00+00:00,366.2799987792969,368.5,366.2799987792969,368.0,58728,UNH,5m
2026-05-07 13:45:00+00:00,368.0,368.5299987792969,367.79998779296875,368.2300109863281,104106,UNH,5m
2026-05-07 13:50:00+00:00,368.1650085449219,368.3900146484375,367.4657897949219,367.6449890136719,51859,UNH,5m
2026-05-07 13:55:00+00:00,367.7300109863281,368.29998779296875,367.5101013183594,367.9599914550781,48579,UNH,5m
2026-05-07 14:00:00+00:00,368.0299987792969,368.239990234375,367.5150146484375,367.8599853515625,39878,UNH,5m
2026-05-07 14:05:00+00:00,367.82501220703125,367.9800109863281,366.17999267578125,366.4399108886719,42651,UNH,5m
2026-05-07 14:10:00+00:00,366.3399963378906,366.78009033203125,365.2300109863281,365.3800048828125,68358,UNH,5m
2026-05-07 14:15:00+00:00,365.29998779296875,365.6000061035156,364.7200012207031,365.2049865722656,80082,UNH,5m
2026-05-07 14:20:00+00:00,365.2049865722656,365.9700012207031,365.0000915527344,365.6199951171875,50160,UNH,5m
2026-05-07 14:25:00+00:00,365.5950012207031,365.739990234375,364.7799987792969,364.8949890136719,52432,UNH,5m
2026-05-07 14:30:00+00:00,364.9200134277344,365.7149963378906,364.9100036621094,365.2799987792969,33770,UNH,5m
2026-05-07 14:35:00+00:00,365.1650085449219,365.7298889160156,365.0400085449219,365.6499938964844,46817,UNH,5m
2026-05-07 14:40:00+00:00,365.63580322265625,366.0299072265625,365.44000244140625,365.6449890136719,39843,UNH,5m
2026-05-07 14:45:00+00:00,365.75,366.1799011230469,365.3299865722656,365.8500061035156,61938,UNH,5m
2026-05-07 14:50:00+00:00,365.80999755859375,366.2698974609375,365.80999755859375,366.19000244140625,27109,UNH,5m
2026-05-07 14:55:00+00:00,366.17999267578125,366.67999267578125,366.0400085449219,366.6600036621094,44173,UNH,5m
2026-05-07 15:00:00+00:00,366.6050109863281,366.69000244140625,365.92999267578125,366.54998779296875,36943,UNH,5m
2026-05-07 15:05:00+00:00,366.5400085449219,367.1050109863281,366.4599914550781,366.7149963378906,54399,UNH,5m
2026-05-07 15:10:00+00:00,366.7149963378906,367.0,366.3800048828125,366.57000732421875,32542,UNH,5m
2026-05-07 15:15:00+00:00,366.5249938964844,366.9599914550781,366.20001220703125,366.260009765625,37970,UNH,5m
2026-05-07 15:20:00+00:00,366.2250061035156,366.25,365.8800048828125,366.0199890136719,35088,UNH,5m
2026-05-07 15:25:00+00:00,366.0199890136719,366.80999755859375,365.9400939941406,366.80999755859375,43666,UNH,5m
2026-05-07 15:30:00+00:00,366.760009765625,367.19000244140625,366.4549865722656,367.19000244140625,32219,UNH,5m
2026-05-07 15:35:00+00:00,367.125,367.30999755859375,367.0400085449219,367.1499938964844,25670,UNH,5m
2026-05-07 15:40:00+00:00,367.0899963378906,367.30999755859375,367.05999755859375,367.2300109863281,25638,UNH,5m
2026-05-07 15:45:00+00:00,367.2749938964844,367.9100036621094,367.04998779296875,367.7850036621094,44042,UNH,5m
2026-05-07 15:50:00+00:00,367.7651062011719,368.1400146484375,367.7300109863281,367.95001220703125,38111,UNH,5m
2026-05-07 15:55:00+00:00,367.95001220703125,368.1300048828125,367.78009033203125,367.9200134277344,37302,UNH,5m
2026-05-07 16:00:00+00:00,367.95001220703125,368.0299987792969,367.5201110839844,367.875,45610,UNH,5m
2026-05-07 16:05:00+00:00,367.8800048828125,368.1600036621094,367.79998779296875,367.989990234375,53002,UNH,5m
2026-05-07 16:10:00+00:00,367.94500732421875,368.1499938964844,367.8800048828125,367.8901062011719,33736,UNH,5m
2026-05-07 16:15:00+00:00,367.8800048828125,368.2300109863281,367.7900085449219,368.114990234375,50589,UNH,5m
2026-05-07 16:20:00+00:00,368.1300048828125,368.2300109863281,367.75,367.94000244140625,44578,UNH,5m
2026-05-07 16:25:00+00:00,367.9150085449219,368.2900085449219,367.9150085449219,368.2550048828125,25274,UNH,5m
2026-05-07 16:30:00+00:00,368.2015075683594,368.2699890136719,368.0199890136719,368.0199890136719,30174,UNH,5m
2026-05-07 16:35:00+00:00,368.07000732421875,368.1300048828125,367.7676086425781,367.8900146484375,55401,UNH,5m
2026-05-07 16:40:00+00:00,367.8900146484375,367.93499755859375,367.1499938964844,367.29998779296875,42805,UNH,5m
2026-05-07 16:45:00+00:00,367.28240966796875,367.4200134277344,367.0707092285156,367.1700134277344,29284,UNH,5m
2026-05-07 16:50:00+00:00,367.1199951171875,367.5899963378906,366.92999267578125,367.510009765625,34185,UNH,5m
2026-05-07 16:55:00+00:00,367.5799865722656,367.5799865722656,367.2300109863281,367.4100036621094,21452,UNH,5m
2026-05-07 17:00:00+00:00,367.4599914550781,367.5799865722656,367.1040954589844,367.42999267578125,28773,UNH,5m
2026-05-07 17:05:00+00:00,367.385009765625,367.75,367.3299865722656,367.55499267578125,35183,UNH,5m
2026-05-07 17:10:00+00:00,367.6000061035156,367.69000244140625,367.35009765625,367.62200927734375,26833,UNH,5m
2026-05-07 17:15:00+00:00,367.6549987792969,367.9800109863281,367.5801086425781,367.80499267578125,37455,UNH,5m
2026-05-07 17:20:00+00:00,367.8399963378906,367.8500061035156,367.4648132324219,367.8299865722656,37936,UNH,5m
2026-05-07 17:25:00+00:00,367.8399963378906,367.9100036621094,367.1199951171875,367.1199951171875,33977,UNH,5m
2026-05-07 17:30:00+00:00,367.2300109863281,367.5,367.0751037597656,367.5,25881,UNH,5m
2026-05-07 17:35:00+00:00,367.4549865722656,367.8900146484375,367.4100036621094,367.6400146484375,33228,UNH,5m
2026-05-07 17:40:00+00:00,367.5849914550781,367.7300109863281,367.25,367.2668151855469,24274,UNH,5m
2026-05-07 17:45:00+00:00,367.2550048828125,367.69000244140625,367.15008544921875,367.31500244140625,20860,UNH,5m
2026-05-07 17:50:00+00:00,367.3599853515625,367.6400146484375,367.07501220703125,367.45001220703125,33127,UNH,5m
2026-05-07 17:55:00+00:00,367.4800109863281,367.74969482421875,367.4100036621094,367.6499938964844,22022,UNH,5m
2026-05-07 18:00:00+00:00,367.67999267578125,367.69000244140625,367.239990234375,367.3699951171875,25165,UNH,5m
2026-05-07 18:05:00+00:00,367.42999267578125,367.8299865722656,367.3301086425781,367.55999755859375,29006,UNH,5m
2026-05-07 18:10:00+00:00,367.489990234375,368.0199890136719,367.47100830078125,368.010009765625,22375,UNH,5m
2026-05-07 18:15:00+00:00,368.010009765625,368.12799072265625,367.9100036621094,368.010009765625,23787,UNH,5m
2026-05-07 18:20:00+00:00,368.0,368.135009765625,367.8399963378906,368.0199890136719,39166,UNH,5m
2026-05-07 18:25:00+00:00,368.0199890136719,368.1023864746094,367.8399963378906,367.885009765625,27243,UNH,5m
2026-05-07 18:30:00+00:00,367.85009765625,367.8528137207031,367.4100036621094,367.8299865722656,39615,UNH,5m
2026-05-07 18:35:00+00:00,367.8299865722656,368.06988525390625,367.6199951171875,367.75,37025,UNH,5m
2026-05-07 18:40:00+00:00,367.7200012207031,367.9200134277344,367.4599914550781,367.6099853515625,35157,UNH,5m
2026-05-07 18:45:00+00:00,367.6000061035156,367.7598876953125,367.42999267578125,367.4800109863281,23617,UNH,5m
2026-05-07 18:50:00+00:00,367.42999267578125,368.0,367.4200134277344,367.94000244140625,19841,UNH,5m
2026-05-07 18:55:00+00:00,367.8999938964844,368.0400085449219,367.80999755859375,367.94000244140625,26577,UNH,5m
2026-05-07 19:00:00+00:00,367.95001220703125,368.25,367.8349914550781,368.2200012207031,32982,UNH,5m
2026-05-07 19:05:00+00:00,368.2060852050781,368.29998779296875,368.0899963378906,368.239990234375,35059,UNH,5m
2026-05-07 19:10:00+00:00,368.2546081542969,368.4399108886719,368.17999267578125,368.32501220703125,48055,UNH,5m
2026-05-07 19:15:00+00:00,368.3299865722656,368.4100036621094,368.1300048828125,368.2300109863281,45452,UNH,5m
2026-05-07 19:20:00+00:00,368.2049865722656,368.4800109863281,368.07000732421875,368.1499938964844,41098,UNH,5m
2026-05-07 19:25:00+00:00,368.114990234375,368.5,368.114990234375,368.1700134277344,54750,UNH,5m
2026-05-07 19:30:00+00:00,368.20001220703125,368.5,368.010009765625,368.05010986328125,52377,UNH,5m
2026-05-07 19:35:00+00:00,368.0849914550781,368.4700012207031,367.989990234375,368.41009521484375,66979,UNH,5m
2026-05-07 19:40:00+00:00,368.3900146484375,368.54998779296875,368.2699890136719,368.4849853515625,95832,UNH,5m
2026-05-07 19:45:00+00:00,368.4999084472656,368.9700012207031,368.4200134277344,368.82000732421875,195719,UNH,5m
2026-05-07 19:50:00+00:00,368.8599853515625,369.0299987792969,368.5400085449219,368.92498779296875,169719,UNH,5m
2026-05-07 19:55:00+00:00,368.95001220703125,369.79998779296875,368.7900085449219,369.6499938964844,350665,UNH,5m
2026-05-08 13:30:00+00:00,371.989990234375,374.5,371.989990234375,373.5,291577,UNH,5m
2026-05-08 13:35:00+00:00,373.5199890136719,374.9599914550781,373.45001220703125,374.31500244140625,107933,UNH,5m
2026-05-08 13:40:00+00:00,374.3275146484375,374.989990234375,373.0622863769531,373.3800048828125,88242,UNH,5m
2026-05-08 13:45:00+00:00,373.3399963378906,373.989990234375,372.3399963378906,373.1700134277344,134105,UNH,5m
2026-05-08 13:50:00+00:00,373.1549987792969,373.510009765625,372.2049865722656,372.3399963378906,60806,UNH,5m
2026-05-08 13:55:00+00:00,372.3900146484375,373.6499938964844,372.1700134277344,372.31500244140625,140124,UNH,5m
2026-05-08 14:00:00+00:00,372.13848876953125,373.7099914550781,372.1199951171875,373.6700134277344,63355,UNH,5m
2026-05-08 14:05:00+00:00,373.69000244140625,373.95001220703125,373.2099914550781,373.8399963378906,57383,UNH,5m
2026-05-08 14:10:00+00:00,373.8599853515625,373.989990234375,373.1499938964844,373.2099914550781,47037,UNH,5m
2026-05-08 14:15:00+00:00,373.2099914550781,373.81500244140625,373.1000061035156,373.20001220703125,63861,UNH,5m
2026-05-08 14:20:00+00:00,373.20001220703125,373.6700134277344,373.1000061035156,373.6300048828125,49002,UNH,5m
2026-05-08 14:25:00+00:00,373.6300048828125,374.0299987792969,373.5,373.8399963378906,62405,UNH,5m
2026-05-08 14:30:00+00:00,373.8900146484375,374.57000732421875,373.760009765625,374.31500244140625,134803,UNH,5m
2026-05-08 14:35:00+00:00,374.32000732421875,374.6000061035156,374.0199890136719,374.42999267578125,41734,UNH,5m
2026-05-08 14:40:00+00:00,374.3900146484375,374.9599914550781,374.32501220703125,374.55999755859375,58801,UNH,5m
2026-05-08 14:45:00+00:00,374.55999755859375,375.3699951171875,374.5400085449219,374.67999267578125,117415,UNH,5m
2026-05-08 14:50:00+00:00,374.6400146484375,374.6600036621094,374.260009765625,374.3800048828125,44870,UNH,5m
2026-05-08 14:55:00+00:00,374.4100036621094,374.56500244140625,374.1600036621094,374.2900085449219,31497,UNH,5m
2026-05-08 15:00:00+00:00,374.2650146484375,374.4700012207031,373.8900146484375,374.1700134277344,44527,UNH,5m
2026-05-08 15:05:00+00:00,374.11199951171875,374.29998779296875,373.82000732421875,373.9599914550781,37222,UNH,5m
2026-05-08 15:10:00+00:00,373.94000244140625,374.1099853515625,373.7799987792969,373.9599914550781,38602,UNH,5m
2026-05-08 15:15:00+00:00,374.0,374.2300109863281,373.739990234375,373.82000732421875,47535,UNH,5m
2026-05-08 15:20:00+00:00,373.82000732421875,373.9800109863281,373.5400085449219,373.7149963378906,41268,UNH,5m
2026-05-08 15:25:00+00:00,373.7799987792969,373.95001220703125,373.6000061035156,373.8599853515625,57339,UNH,5m
2026-05-08 15:30:00+00:00,373.8599853515625,374.0400085449219,373.5,373.614990234375,61488,UNH,5m
2026-05-08 15:35:00+00:00,373.67999267578125,373.8900146484375,373.55999755859375,373.7099914550781,45803,UNH,5m
2026-05-08 15:40:00+00:00,373.6400146484375,373.8599853515625,373.5400085449219,373.6050109863281,48640,UNH,5m
2026-05-08 15:45:00+00:00,373.6099853515625,374.4700012207031,373.55999755859375,374.4150085449219,36808,UNH,5m
2026-05-08 15:50:00+00:00,374.4278564453125,374.69000244140625,374.2099914550781,374.6400146484375,41133,UNH,5m
2026-05-08 15:55:00+00:00,374.625,374.9700012207031,374.5,374.92999267578125,57996,UNH,5m
2026-05-08 16:00:00+00:00,374.94500732421875,375.2699890136719,374.55999755859375,374.9150085449219,82537,UNH,5m
2026-05-08 16:05:00+00:00,374.94500732421875,375.4599914550781,374.7699890136719,375.07000732421875,52389,UNH,5m
2026-05-08 16:10:00+00:00,375.07501220703125,375.1050109863281,374.57000732421875,374.9700012207031,41356,UNH,5m
2026-05-08 16:15:00+00:00,374.9599914550781,375.20001220703125,374.739990234375,374.95001220703125,34769,UNH,5m
2026-05-08 16:20:00+00:00,375.0,375.0,373.989990234375,374.0,34789,UNH,5m
2026-05-08 16:25:00+00:00,373.989990234375,374.1199951171875,373.7099914550781,373.82000732421875,38804,UNH,5m
2026-05-08 16:30:00+00:00,373.82000732421875,373.8599853515625,373.0,373.3399963378906,31245,UNH,5m
2026-05-08 16:35:00+00:00,373.1700134277344,373.4800109863281,372.6401062011719,372.7300109863281,29350,UNH,5m
2026-05-08 16:40:00+00:00,372.67010498046875,372.8599853515625,372.17999267578125,372.79998779296875,33872,UNH,5m
2026-05-08 16:45:00+00:00,372.79998779296875,373.19000244140625,372.6400146484375,373.1650085449219,21660,UNH,5m
2026-05-08 16:50:00+00:00,373.17169189453125,373.31988525390625,372.6300048828125,372.7149963378906,28566,UNH,5m
2026-05-08 16:55:00+00:00,372.7349853515625,373.2099914550781,372.4200134277344,372.5150146484375,35801,UNH,5m
2026-05-08 17:00:00+00:00,372.510009765625,373.1098937988281,372.4800109863281,373.04998779296875,18735,UNH,5m
2026-05-08 17:05:00+00:00,373.04998779296875,373.5,372.3299865722656,372.43499755859375,63154,UNH,5m
2026-05-08 17:10:00+00:00,372.42498779296875,372.8999938964844,372.32501220703125,372.6499938964844,22687,UNH,5m
2026-05-08 17:15:00+00:00,372.6300048828125,373.1000061035156,372.5899963378906,373.0,32075,UNH,5m
2026-05-08 17:20:00+00:00,373.05999755859375,373.44000244140625,373.0101013183594,373.1549987792969,20814,UNH,5m
2026-05-08 17:25:00+00:00,373.20001220703125,373.5,373.0899963378906,373.4849853515625,20242,UNH,5m
2026-05-08 17:30:00+00:00,373.4800109863281,373.4800109863281,373.07000732421875,373.2300109863281,36441,UNH,5m
2026-05-08 17:35:00+00:00,373.2699890136719,374.2300109863281,373.2699890136719,373.6700134277344,34291,UNH,5m
2026-05-08 17:40:00+00:00,373.6400146484375,374.0,373.6203918457031,373.864990234375,24712,UNH,5m
2026-05-08 17:45:00+00:00,373.8599853515625,374.4599914550781,373.82000732421875,374.3399963378906,27249,UNH,5m
2026-05-08 17:50:00+00:00,374.3800048828125,374.8500061035156,374.2900085449219,374.7300109863281,42893,UNH,5m
2026-05-08 17:55:00+00:00,374.79998779296875,375.260009765625,374.7099914550781,375.2300109863281,59060,UNH,5m
2026-05-08 18:00:00+00:00,375.25,375.3999938964844,374.9100036621094,375.0,59537,UNH,5m
2026-05-08 18:05:00+00:00,375.0450134277344,375.2699890136719,374.55010986328125,374.6700134277344,44124,UNH,5m
2026-05-08 18:10:00+00:00,374.7200012207031,375.5,374.7200012207031,375.44000244140625,31431,UNH,5m
2026-05-08 18:15:00+00:00,375.489990234375,376.0,375.44000244140625,375.875,61411,UNH,5m
2026-05-08 18:20:00+00:00,375.875,375.95001220703125,375.66009521484375,375.7799987792969,36428,UNH,5m
2026-05-08 18:25:00+00:00,375.75,375.7799987792969,375.44000244140625,375.6510925292969,43462,UNH,5m
2026-05-08 18:30:00+00:00,375.67999267578125,375.79998779296875,375.3500061035156,375.510009765625,27981,UNH,5m
2026-05-08 18:35:00+00:00,375.6000061035156,375.6099853515625,375.42999267578125,375.4898986816406,32163,UNH,5m
2026-05-08 18:40:00+00:00,375.4549865722656,375.5400085449219,375.0,375.1034851074219,45530,UNH,5m
2026-05-08 18:45:00+00:00,375.0801086425781,375.1000061035156,374.3900146484375,374.489990234375,31735,UNH,5m
2026-05-08 18:50:00+00:00,374.4200134277344,375.3699951171875,374.3900146484375,375.2900085449219,33898,UNH,5m
2026-05-08 18:55:00+00:00,375.3599853515625,375.94989013671875,375.18499755859375,375.94989013671875,65065,UNH,5m
2026-05-08 19:00:00+00:00,375.94989013671875,376.7300109863281,375.8200988769531,376.6300048828125,91180,UNH,5m
2026-05-08 19:05:00+00:00,376.625,376.739990234375,376.3699951171875,376.6300048828125,48976,UNH,5m
2026-05-08 19:10:00+00:00,376.6499938964844,376.9599914550781,376.42999267578125,376.7749938964844,65616,UNH,5m
2026-05-08 19:15:00+00:00,376.7850036621094,377.3699951171875,376.4100036621094,377.3699951171875,74767,UNH,5m
2026-05-08 19:20:00+00:00,377.3699951171875,377.94000244140625,377.3399963378906,377.55999755859375,79859,UNH,5m
2026-05-08 19:25:00+00:00,377.55999755859375,377.8500061035156,377.4800109863281,377.5899963378906,71831,UNH,5m
2026-05-08 19:30:00+00:00,377.6300048828125,377.94000244140625,377.489990234375,377.7701110839844,69600,UNH,5m
2026-05-08 19:35:00+00:00,377.7699890136719,378.17999267578125,377.75,378.1499938964844,95745,UNH,5m
2026-05-08 19:40:00+00:00,378.1499938964844,378.6099853515625,378.0400085449219,378.14691162109375,110398,UNH,5m
2026-05-08 19:45:00+00:00,378.1499938964844,379.30999755859375,378.07000732421875,379.1700134277344,181501,UNH,5m
2026-05-08 19:50:00+00:00,379.1700134277344,379.3500061035156,378.364990234375,378.80999755859375,190981,UNH,5m
2026-05-08 19:55:00+00:00,378.760009765625,379.82000732421875,378.760009765625,379.82000732421875,428292,UNH,5m
2026-05-11 13:30:00+00:00,380.45001220703125,384.0899963378906,380.2099914550781,383.8299865722656,411312,UNH,5m
2026-05-11 13:35:00+00:00,383.989990234375,384.80999755859375,381.1199951171875,382.3450012207031,153962,UNH,5m
2026-05-11 13:40:00+00:00,382.35906982421875,382.6499938964844,380.8699951171875,381.04998779296875,71349,UNH,5m
2026-05-11 13:45:00+00:00,381.19000244140625,381.4649963378906,379.1199951171875,379.70001220703125,84976,UNH,5m
2026-05-11 13:50:00+00:00,379.70001220703125,379.8299865722656,378.239990234375,378.239990234375,79697,UNH,5m
2026-05-11 13:55:00+00:00,378.2950134277344,378.3599853515625,377.05999755859375,377.2300109863281,98979,UNH,5m
2026-05-11 14:00:00+00:00,377.2300109863281,377.3789978027344,376.0707092285156,376.9849853515625,91625,UNH,5m
2026-05-11 14:05:00+00:00,376.8999938964844,378.5,376.82000732421875,377.90240478515625,84076,UNH,5m
2026-05-11 14:10:00+00:00,378.0,378.301513671875,377.1099853515625,377.2099914550781,47202,UNH,5m
2026-05-11 14:15:00+00:00,377.2250061035156,377.5450134277344,376.7300109863281,376.95001220703125,58268,UNH,5m
2026-05-11 14:20:00+00:00,376.9700927734375,378.4849853515625,376.92999267578125,378.3900146484375,82869,UNH,5m
2026-05-11 14:25:00+00:00,378.3999938964844,378.3999938964844,377.6600036621094,377.6700134277344,35535,UNH,5m
2026-05-11 14:30:00+00:00,377.7049865722656,378.010009765625,377.0899963378906,377.8900146484375,34158,UNH,5m
2026-05-11 14:35:00+00:00,377.8900146484375,378.6000061035156,377.625,378.2156066894531,55014,UNH,5m
2026-05-11 14:40:00+00:00,378.18499755859375,379.1199951171875,378.110107421875,378.8599853515625,150165,UNH,5m
2026-05-11 14:45:00+00:00,378.75,379.69000244140625,378.75,379.32000732421875,97650,UNH,5m
2026-05-11 14:50:00+00:00,379.42999267578125,380.3949890136719,379.3890075683594,380.2449951171875,52448,UNH,5m
2026-05-11 14:55:00+00:00,380.32000732421875,380.760009765625,379.44500732421875,380.7088928222656,62828,UNH,5m
2026-05-11 15:00:00+00:00,380.70001220703125,381.4325866699219,380.60009765625,381.2699890136719,48486,UNH,5m
2026-05-11 15:05:00+00:00,381.1499938964844,381.62249755859375,380.79998779296875,381.3599853515625,34833,UNH,5m
2026-05-11 15:10:00+00:00,381.3699951171875,382.0950012207031,381.2099914550781,381.489990234375,67658,UNH,5m
2026-05-11 15:15:00+00:00,381.5,381.57000732421875,381.0,381.2659912109375,59802,UNH,5m
2026-05-11 15:20:00+00:00,381.3299865722656,381.52349853515625,381.04998779296875,381.1099853515625,56481,UNH,5m
2026-05-11 15:25:00+00:00,381.1600036621094,381.5199890136719,380.9599914550781,381.04998779296875,54836,UNH,5m
2026-05-11 15:30:00+00:00,381.0450134277344,381.760009765625,381.0400085449219,381.42999267578125,74473,UNH,5m
2026-05-11 15:35:00+00:00,381.489990234375,381.5299987792969,380.4750061035156,380.7850036621094,80672,UNH,5m
2026-05-11 15:40:00+00:00,380.67999267578125,381.04998779296875,380.3999938964844,381.0,44773,UNH,5m
2026-05-11 15:45:00+00:00,381.0,381.2799987792969,380.1199951171875,380.2300109863281,42135,UNH,5m
2026-05-11 15:50:00+00:00,380.20001220703125,380.3500061035156,379.75,379.8800048828125,36752,UNH,5m
2026-05-11 15:55:00+00:00,379.82000732421875,380.1499938964844,379.75,379.92498779296875,27296,UNH,5m
2026-05-11 16:00:00+00:00,379.92498779296875,379.92999267578125,379.32000732421875,379.5950012207031,42244,UNH,5m
2026-05-11 16:05:00+00:00,379.6000061035156,379.8900146484375,379.4700012207031,379.6499938964844,41737,UNH,5m
2026-05-11 16:10:00+00:00,379.6499938964844,379.80999755859375,379.13128662109375,379.2799987792969,46579,UNH,5m
2026-05-11 16:15:00+00:00,379.2799987792969,379.8699951171875,379.1400146484375,379.8599853515625,40895,UNH,5m
2026-05-11 16:20:00+00:00,379.8299865722656,379.9949951171875,379.4599914550781,379.79998779296875,59171,UNH,5m
2026-05-11 16:25:00+00:00,379.79998779296875,379.79998779296875,378.9599914550781,379.3699951171875,43242,UNH,5m
2026-05-11 16:30:00+00:00,379.375,379.6000061035156,379.20001220703125,379.364990234375,33901,UNH,5m
2026-05-11 16:35:00+00:00,379.3699951171875,379.69000244140625,379.19000244140625,379.5450134277344,48643,UNH,5m
2026-05-11 16:40:00+00:00,379.5400085449219,379.6499938964844,379.0,379.5,44817,UNH,5m
2026-05-11 16:45:00+00:00,379.54998779296875,380.0,379.4100036621094,379.5799865722656,50942,UNH,5m
2026-05-11 16:50:00+00:00,379.5751037597656,379.5751037597656,379.07000732421875,379.3800048828125,49187,UNH,5m
2026-05-11 16:55:00+00:00,379.42999267578125,379.9599914550781,379.1199951171875,379.1400146484375,47828,UNH,5m
2026-05-11 17:00:00+00:00,379.1400146484375,379.2699890136719,378.739990234375,379.20001220703125,42192,UNH,5m
2026-05-11 17:05:00+00:00,379.1400146484375,379.739990234375,379.1000061035156,379.5849914550781,28121,UNH,5m
2026-05-11 17:10:00+00:00,379.5450134277344,379.69000244140625,379.0899963378906,379.6050109863281,28939,UNH,5m
2026-05-11 17:15:00+00:00,379.6050109863281,379.7349853515625,379.5299987792969,379.7250061035156,23783,UNH,5m
2026-05-11 17:20:00+00:00,379.67999267578125,380.22540283203125,379.6300048828125,380.1499938964844,36322,UNH,5m
2026-05-11 17:25:00+00:00,380.1400146484375,380.2200012207031,379.8399963378906,380.0,29028,UNH,5m
2026-05-11 17:30:00+00:00,380.0299987792969,380.3299865722656,379.8599853515625,380.32000732421875,33165,UNH,5m
2026-05-11 17:35:00+00:00,380.31500244140625,381.30499267578125,380.2900085449219,381.2099914550781,71526,UNH,5m
2026-05-11 17:40:00+00:00,381.2099914550781,381.5400085449219,380.9800109863281,381.5299987792969,47364,UNH,5m
2026-05-11 17:45:00+00:00,381.56500244140625,381.8699951171875,381.29998779296875,381.45001220703125,48927,UNH,5m
2026-05-11 17:50:00+00:00,381.4200134277344,381.8399963378906,381.3999938964844,381.7850036621094,62631,UNH,5m
2026-05-11 17:55:00+00:00,381.7850036621094,382.2699890136719,381.7850036621094,382.1600036621094,42855,UNH,5m
2026-05-11 18:00:00+00:00,382.1700134277344,382.3900146484375,381.84600830078125,382.1600036621094,68633,UNH,5m
2026-05-11 18:05:00+00:00,382.239990234375,382.4100036621094,381.8299865722656,381.8800048828125,65746,UNH,5m
2026-05-11 18:10:00+00:00,381.864990234375,381.9200134277344,381.614990234375,381.75,38639,UNH,5m
2026-05-11 18:15:00+00:00,381.739990234375,381.82000732421875,381.4200134277344,381.614990234375,40566,UNH,5m
2026-05-11 18:20:00+00:00,381.6449890136719,381.67999267578125,381.2799987792969,381.2799987792969,32841,UNH,5m
2026-05-11 18:25:00+00:00,381.30499267578125,381.5400085449219,381.2200012207031,381.4700012207031,36524,UNH,5m
2026-05-11 18:30:00+00:00,381.4700012207031,381.489990234375,381.2099914550781,381.2633972167969,54275,UNH,5m
2026-05-11 18:35:00+00:00,381.239990234375,381.57000732421875,380.79998779296875,380.9100036621094,42323,UNH,5m
2026-05-11 18:40:00+00:00,380.864990234375,381.1199951171875,380.739990234375,380.95001220703125,32905,UNH,5m
2026-05-11 18:45:00+00:00,380.910888671875,381.5299987792969,380.79998779296875,381.44500732421875,37351,UNH,5m
2026-05-11 18:50:00+00:00,381.45001220703125,381.5799865722656,381.2099914550781,381.5799865722656,50161,UNH,5m
2026-05-11 18:55:00+00:00,381.57989501953125,381.8299865722656,381.44000244140625,381.5199890136719,45298,UNH,5m
2026-05-11 19:00:00+00:00,381.5199890136719,381.94000244140625,381.44000244140625,381.7699890136719,33068,UNH,5m
2026-05-11 19:05:00+00:00,381.7349853515625,382.2449951171875,381.6000061035156,382.2149963378906,46362,UNH,5m
2026-05-11 19:10:00+00:00,382.2149963378906,383.0,382.20001220703125,382.8500061035156,77176,UNH,5m
2026-05-11 19:15:00+00:00,382.80499267578125,383.9800109863281,382.80499267578125,383.8999938964844,102724,UNH,5m
2026-05-11 19:20:00+00:00,383.8699951171875,384.2300109863281,383.70001220703125,384.1600036621094,85791,UNH,5m
2026-05-11 19:25:00+00:00,384.1700134277344,384.239990234375,383.4100036621094,383.510009765625,129492,UNH,5m
2026-05-11 19:30:00+00:00,383.5199890136719,384.1099853515625,383.30999755859375,383.8900146484375,83092,UNH,5m
2026-05-11 19:35:00+00:00,383.9100036621094,383.989990234375,383.3599853515625,383.55499267578125,71721,UNH,5m
2026-05-11 19:40:00+00:00,383.52508544921875,384.0849914550781,383.44000244140625,383.8999938964844,96647,UNH,5m
2026-05-11 19:45:00+00:00,383.885009765625,384.4599914550781,383.8599853515625,384.06500244140625,123566,UNH,5m
2026-05-11 19:50:00+00:00,384.0350036621094,384.19000244140625,383.6400146484375,384.1499938964844,175516,UNH,5m
2026-05-11 19:55:00+00:00,384.17999267578125,384.75,384.1600036621094,384.44000244140625,367107,UNH,5m
2026-05-12 13:30:00+00:00,382.8500061035156,385.29998779296875,382.0711975097656,383.0849914550781,295903,UNH,5m
2026-05-12 13:35:00+00:00,383.05999755859375,383.760009765625,382.5,382.7001037597656,93473,UNH,5m
2026-05-12 13:40:00+00:00,383.010009765625,383.56500244140625,382.10009765625,382.6000061035156,68159,UNH,5m
2026-05-12 13:45:00+00:00,382.54998779296875,383.75,382.1199951171875,383.3800048828125,89996,UNH,5m
2026-05-12 13:50:00+00:00,383.3800048828125,383.5799865722656,382.3599853515625,382.8299865722656,63143,UNH,5m
2026-05-12 13:55:00+00:00,382.8599853515625,383.9800109863281,382.510009765625,382.6600036621094,67831,UNH,5m
2026-05-12 14:00:00+00:00,382.6300048828125,385.44000244140625,382.010009765625,385.2900085449219,111448,UNH,5m
2026-05-12 14:05:00+00:00,385.2900085449219,386.48699951171875,384.6000061035156,384.7449951171875,123171,UNH,5m
2026-05-12 14:10:00+00:00,384.7449951171875,385.82000732421875,384.7449951171875,385.6499938964844,82209,UNH,5m
2026-05-12 14:15:00+00:00,385.55999755859375,385.55999755859375,383.489990234375,383.67999267578125,80668,UNH,5m
2026-05-12 14:20:00+00:00,383.6700134277344,384.6050109863281,383.1199951171875,384.3999938964844,85246,UNH,5m
2026-05-12 14:25:00+00:00,384.3999938964844,384.6099853515625,384.1400146484375,384.43499755859375,47909,UNH,5m
2026-05-12 14:30:00+00:00,384.3999938964844,384.5899963378906,383.9800109863281,384.17498779296875,44398,UNH,5m
2026-05-12 14:35:00+00:00,384.1700134277344,384.510009765625,383.947509765625,384.4949951171875,58650,UNH,5m
2026-05-12 14:40:00+00:00,384.5050964355469,385.0,384.2200012207031,384.8800048828125,33281,UNH,5m
2026-05-12 14:45:00+00:00,384.92999267578125,385.57989501953125,384.6711120605469,385.55499267578125,79058,UNH,5m
2026-05-12 14:50:00+00:00,385.6000061035156,385.95001220703125,385.1033935546875,385.3800048828125,53531,UNH,5m
2026-05-12 14:55:00+00:00,385.3800048828125,385.95001220703125,385.2699890136719,385.677490234375,42883,UNH,5m
2026-05-12 15:00:00+00:00,385.7900085449219,386.97479248046875,385.6000061035156,386.0,85276,UNH,5m
2026-05-12 15:05:00+00:00,386.0,386.67999267578125,385.9549865722656,386.5299987792969,99941,UNH,5m
2026-05-12 15:10:00+00:00,386.5400085449219,386.79998779296875,386.0899963378906,386.1499938964844,67987,UNH,5m
2026-05-12 15:15:00+00:00,386.19000244140625,386.3399963378906,384.9866027832031,385.15069580078125,56880,UNH,5m
2026-05-12 15:20:00+00:00,385.17999267578125,386.3599853515625,384.3900146484375,385.885009765625,93628,UNH,5m
2026-05-12 15:25:00+00:00,385.7900085449219,387.17999267578125,385.6600036621094,386.7850036621094,131896,UNH,5m
2026-05-12 15:30:00+00:00,386.8900146484375,389.0,386.6650085449219,387.8299865722656,163755,UNH,5m
2026-05-12 15:35:00+00:00,387.8599853515625,388.5899963378906,387.0,388.2799987792969,114257,UNH,5m
2026-05-12 15:40:00+00:00,388.2699890136719,388.8999938964844,387.4949951171875,388.7699890136719,99121,UNH,5m
2026-05-12 15:45:00+00:00,388.7900085449219,389.1470031738281,388.20001220703125,388.2699890136719,94645,UNH,5m
2026-05-12 15:50:00+00:00,388.1700134277344,389.8800048828125,388.0799865722656,389.8399963378906,75056,UNH,5m
2026-05-12 15:55:00+00:00,389.82501220703125,390.32000732421875,389.0199890136719,389.5400085449219,189859,UNH,5m
2026-05-12 16:00:00+00:00,389.6099853515625,390.5799865722656,388.7900085449219,390.4599914550781,122503,UNH,5m
2026-05-12 16:05:00+00:00,390.4599914550781,390.9800109863281,390.2699890136719,390.32501220703125,84424,UNH,5m
2026-05-12 16:10:00+00:00,390.2900085449219,390.5299987792969,389.8299865722656,390.489990234375,65615,UNH,5m
2026-05-12 16:15:00+00:00,390.489990234375,390.6000061035156,390.0,390.2099914550781,73661,UNH,5m
2026-05-12 16:20:00+00:00,390.17498779296875,390.4599914550781,389.2250061035156,389.2799987792969,53892,UNH,5m
2026-05-12 16:25:00+00:00,389.32000732421875,389.69000244140625,389.2200927734375,389.3450012207031,52160,UNH,5m
2026-05-12 16:30:00+00:00,389.3399963378906,389.44000244140625,388.8900146484375,388.92498779296875,68281,UNH,5m
2026-05-12 16:35:00+00:00,388.95001220703125,389.7200012207031,388.84478759765625,389.3800048828125,36853,UNH,5m
2026-05-12 16:40:00+00:00,389.44500732421875,389.6700134277344,389.05999755859375,389.1400146484375,34165,UNH,5m
2026-05-12 16:45:00+00:00,389.1549987792969,390.32000732421875,389.1400146484375,390.32000732421875,60785,UNH,5m
2026-05-12 16:50:00+00:00,390.2699890136719,391.70001220703125,390.2139892578125,391.6199951171875,112851,UNH,5m
2026-05-12 16:55:00+00:00,391.6199951171875,392.44000244140625,391.193115234375,392.3999938964844,125242,UNH,5m
2026-05-12 17:00:00+00:00,392.44000244140625,393.25,392.05999755859375,393.15960693359375,85044,UNH,5m
2026-05-12 17:05:00+00:00,393.0801086425781,393.67999267578125,392.9549865722656,393.2799987792969,91009,UNH,5m
2026-05-12 17:10:00+00:00,393.2300109863281,393.67999267578125,392.95001220703125,393.05999755859375,81356,UNH,5m
2026-05-12 17:15:00+00:00,393.05999755859375,393.7699890136719,392.9100036621094,393.510009765625,92883,UNH,5m
2026-05-12 17:20:00+00:00,393.5299987792969,394.3699951171875,393.5299987792969,394.0249938964844,74830,UNH,5m
2026-05-12 17:25:00+00:00,394.0400085449219,394.760009765625,393.8500061035156,394.17999267578125,79715,UNH,5m
2026-05-12 17:30:00+00:00,394.1300048828125,394.9200134277344,393.8999938964844,394.7300109863281,310974,UNH,5m
2026-05-12 17:35:00+00:00,394.7200012207031,394.7699890136719,393.601806640625,394.3949890136719,121698,UNH,5m
2026-05-12 17:40:00+00:00,394.3699951171875,394.57501220703125,393.9100036621094,393.9200134277344,85331,UNH,5m
2026-05-12 17:45:00+00:00,393.8900146484375,394.0,391.6979064941406,392.2333984375,78415,UNH,5m
2026-05-12 17:50:00+00:00,392.1700134277344,392.67999267578125,391.989990234375,392.4700012207031,75994,UNH,5m
2026-05-12 17:55:00+00:00,392.4700012207031,392.67999267578125,391.5,392.1700134277344,73270,UNH,5m
2026-05-12 18:00:00+00:00,392.1650085449219,392.82000732421875,391.92999267578125,392.7799987792969,65014,UNH,5m
2026-05-12 18:05:00+00:00,392.7799987792969,393.14990234375,391.9800109863281,392.5299987792969,61500,UNH,5m
2026-05-12 18:10:00+00:00,392.5,393.0,392.2300109863281,392.8800964355469,43192,UNH,5m
2026-05-12 18:15:00+00:00,393.0,394.17498779296875,393.0,393.6050109863281,119661,UNH,5m
2026-05-12 18:20:00+00:00,393.6050109863281,395.4667053222656,393.560302734375,395.4667053222656,166710,UNH,5m
2026-05-12 18:25:00+00:00,395.42010498046875,396.17999267578125,393.9247131347656,396.010009765625,148155,UNH,5m
2026-05-12 18:30:00+00:00,396.010009765625,396.2699890136719,395.4800109863281,396.21868896484375,90985,UNH,5m
2026-05-12 18:35:00+00:00,396.18499755859375,396.4599914550781,395.8450012207031,395.93499755859375,98075,UNH,5m
2026-05-12 18:40:00+00:00,395.92999267578125,396.8800048828125,395.9100036621094,396.5,136997,UNH,5m
2026-05-12 18:45:00+00:00,396.5249938964844,396.7200012207031,395.9700012207031,396.4949951171875,124835,UNH,5m
2026-05-12 18:50:00+00:00,396.44500732421875,396.80999755859375,394.6000061035156,394.9200134277344,147381,UNH,5m
2026-05-12 18:55:00+00:00,394.9200134277344,395.25,393.6099853515625,393.85809326171875,114365,UNH,5m
2026-05-12 19:00:00+00:00,393.760009765625,394.5899963378906,393.6499938964844,394.3800048828125,72065,UNH,5m
2026-05-12 19:05:00+00:00,394.3800048828125,394.95989990234375,394.20001220703125,394.20001220703125,86620,UNH,5m
2026-05-12 19:10:00+00:00,394.19500732421875,395.193603515625,393.79998779296875,394.7349853515625,241855,UNH,5m
2026-05-12 19:15:00+00:00,394.69000244140625,394.94000244140625,394.010009765625,394.3949890136719,103066,UNH,5m
2026-05-12 19:20:00+00:00,394.3800048828125,395.19000244140625,394.010009765625,395.1000061035156,111696,UNH,5m
2026-05-12 19:25:00+00:00,395.1499938964844,396.1000061035156,394.9599914550781,395.375,104269,UNH,5m
2026-05-12 19:30:00+00:00,395.364990234375,396.54998779296875,395.364990234375,396.2799987792969,100969,UNH,5m
2026-05-12 19:35:00+00:00,396.2149963378906,397.4150085449219,396.1099853515625,397.05999755859375,109897,UNH,5m
2026-05-12 19:40:00+00:00,397.0400085449219,397.0400085449219,395.6600036621094,395.69000244140625,122049,UNH,5m
2026-05-12 19:45:00+00:00,395.6600036621094,396.56201171875,395.489990234375,396.5199890136719,136852,UNH,5m
2026-05-12 19:50:00+00:00,396.55999755859375,396.8699951171875,396.1600036621094,396.4800109863281,222410,UNH,5m
2026-05-12 19:55:00+00:00,396.5199890136719,397.17999267578125,396.2200012207031,396.510009765625,633946,UNH,5m
2026-05-13 13:30:00+00:00,396.5,397.4198913574219,394.0,394.19000244140625,386684,UNH,5m
2026-05-13 13:35:00+00:00,394.19000244140625,395.5799865722656,393.0,395.44500732421875,119383,UNH,5m
2026-05-13 13:40:00+00:00,395.44500732421875,396.7950134277344,394.6700134277344,396.4508056640625,154960,UNH,5m
2026-05-13 13:45:00+00:00,396.5199890136719,397.70001220703125,395.3399963378906,395.8550109863281,147486,UNH,5m
2026-05-13 13:50:00+00:00,395.9179992675781,396.1471862792969,394.80999755859375,395.4700012207031,87491,UNH,5m
2026-05-13 13:55:00+00:00,395.45001220703125,396.3800048828125,393.760009765625,396.3500061035156,126977,UNH,5m
2026-05-13 14:00:00+00:00,396.3900146484375,397.4700012207031,396.2099914550781,397.2550048828125,98956,UNH,5m
2026-05-13 14:05:00+00:00,397.30999755859375,397.8500061035156,396.67999267578125,397.7200927734375,74669,UNH,5m
2026-05-13 14:10:00+00:00,397.7200012207031,398.44000244140625,397.0799865722656,398.385009765625,95242,UNH,5m
2026-05-13 14:15:00+00:00,398.4599914550781,399.4399108886719,398.07000732421875,399.260009765625,139183,UNH,5m
2026-05-13 14:20:00+00:00,399.2799987792969,400.5,398.8699951171875,400.3399963378906,222872,UNH,5m
2026-05-13 14:25:00+00:00,400.4100036621094,401.7650146484375,400.4100036621094,401.2149963378906,208982,UNH,5m
2026-05-13 14:30:00+00:00,401.0899963378906,401.989990234375,400.2799987792969,401.8399963378906,167200,UNH,5m
2026-05-13 14:35:00+00:00,401.9100036621094,402.5,401.4949951171875,402.2850036621094,127701,UNH,5m
2026-05-13 14:40:00+00:00,402.3699951171875,402.69000244140625,401.90850830078125,402.29998779296875,115006,UNH,5m
2026-05-13 14:45:00+00:00,402.3349914550781,403.1700134277344,402.1874084472656,402.7650146484375,188831,UNH,5m
2026-05-13 14:50:00+00:00,402.6600036621094,404.1499938964844,402.6600036621094,402.80999755859375,126288,UNH,5m
2026-05-13 14:55:00+00:00,402.80999755859375,403.8900146484375,402.80999755859375,403.7699890136719,209621,UNH,5m
2026-05-13 15:00:00+00:00,403.75,403.92498779296875,401.45001220703125,401.510009765625,100700,UNH,5m
2026-05-13 15:05:00+00:00,401.5,401.6700134277344,400.20001220703125,401.1549987792969,102462,UNH,5m
2026-05-13 15:10:00+00:00,401.1549987792969,401.8949890136719,400.6549987792969,401.4049987792969,119989,UNH,5m
2026-05-13 15:15:00+00:00,401.4700012207031,402.5299987792969,401.4700012207031,401.8450012207031,69208,UNH,5m
2026-05-13 15:20:00+00:00,401.7799987792969,402.1499938964844,401.2799987792969,401.6400146484375,72737,UNH,5m
2026-05-13 15:25:00+00:00,401.6400146484375,401.9700012207031,399.8362121582031,400.0,72858,UNH,5m
2026-05-13 15:30:00+00:00,399.8699951171875,400.7300109863281,399.510009765625,400.7300109863281,63651,UNH,5m
2026-05-13 15:35:00+00:00,400.7149963378906,401.1600036621094,400.42999267578125,400.8550109863281,62022,UNH,5m
2026-05-13 15:40:00+00:00,400.8500061035156,400.8500061035156,399.4700012207031,400.3550109863281,73199,UNH,5m
2026-05-13 15:45:00+00:00,400.3299865722656,400.45001220703125,399.2709045410156,399.3450012207031,44843,UNH,5m
2026-05-13 15:50:00+00:00,399.3999938964844,400.06500244140625,399.2749938964844,399.4549865722656,51290,UNH,5m
2026-05-13 15:55:00+00:00,399.4549865722656,399.55999755859375,398.2950134277344,398.43499755859375,62655,UNH,5m
2026-05-13 16:00:00+00:00,398.42999267578125,398.8299865722656,398.05230712890625,398.75,51545,UNH,5m
2026-05-13 16:05:00+00:00,398.75,399.2349853515625,398.510009765625,398.8299865722656,45368,UNH,5m
2026-05-13 16:10:00+00:00,398.8599853515625,399.42999267578125,398.6499938964844,399.3741149902344,78397,UNH,5m
2026-05-13 16:15:00+00:00,399.45001220703125,400.6099853515625,399.2950134277344,400.3450012207031,94188,UNH,5m
2026-05-13 16:20:00+00:00,400.3399963378906,400.3900146484375,399.6099853515625,399.9549865722656,67718,UNH,5m
2026-05-13 16:25:00+00:00,399.95001220703125,400.0,399.0,399.0,51059,UNH,5m
2026-05-13 16:30:00+00:00,399.010009765625,399.67999267578125,398.8800048828125,399.2658996582031,48265,UNH,5m
2026-05-13 16:35:00+00:00,399.2900085449219,399.8900146484375,399.2300109863281,399.2699890136719,49154,UNH,5m
2026-05-13 16:40:00+00:00,399.2900085449219,399.9800109863281,399.2300109863281,399.7200012207031,34135,UNH,5m
2026-05-13 16:45:00+00:00,399.7699890136719,399.8900146484375,399.1099853515625,399.2799987792969,40075,UNH,5m
2026-05-13 16:50:00+00:00,399.2701110839844,399.3299865722656,398.55999755859375,399.04998779296875,38413,UNH,5m
2026-05-13 16:55:00+00:00,399.04998779296875,399.5199890136719,399.010009765625,399.5199890136719,29047,UNH,5m
2026-05-13 17:00:00+00:00,399.489990234375,399.9700012207031,399.3699951171875,399.5119934082031,45460,UNH,5m
2026-05-13 17:05:00+00:00,399.5400085449219,399.9800109863281,399.3699951171875,399.8399963378906,40284,UNH,5m
2026-05-13 17:10:00+00:00,399.8599853515625,400.489990234375,399.7699890136719,400.3550109863281,60025,UNH,5m
2026-05-13 17:15:00+00:00,400.32501220703125,400.8699951171875,400.2850036621094,400.82000732421875,42694,UNH,5m
2026-05-13 17:20:00+00:00,400.8299865722656,400.8800048828125,400.69000244140625,400.8349914550781,29651,UNH,5m
2026-05-13 17:25:00+00:00,400.8599853515625,400.95001220703125,400.510009765625,400.6000061035156,28372,UNH,5m
2026-05-13 17:30:00+00:00,400.5400085449219,401.3599853515625,400.489990234375,400.7850036621094,68250,UNH,5m
2026-05-13 17:35:00+00:00,400.760009765625,401.07000732421875,400.4800109863281,401.07000732421875,53158,UNH,5m
2026-05-13 17:40:00+00:00,401.0299987792969,401.2300109863281,400.7799987792969,401.20001220703125,65128,UNH,5m
2026-05-13 17:45:00+00:00,401.2099914550781,401.30999755859375,400.0199890136719,400.1700134277344,49356,UNH,5m
2026-05-13 17:50:00+00:00,400.2099914550781,401.2099914550781,400.2099914550781,400.760009765625,51031,UNH,5m
2026-05-13 17:55:00+00:00,400.94000244140625,402.1600036621094,400.94000244140625,402.07000732421875,77383,UNH,5m
2026-05-13 18:00:00+00:00,402.04998779296875,402.7799987792969,402.04998779296875,402.2799987792969,60098,UNH,5m
2026-05-13 18:05:00+00:00,402.2650146484375,402.2900085449219,401.30999755859375,401.375,86559,UNH,5m
2026-05-13 18:10:00+00:00,401.3699951171875,401.9150085449219,401.19500732421875,401.82501220703125,65100,UNH,5m
2026-05-13 18:15:00+00:00,401.7799987792969,402.2149963378906,401.7200012207031,402.1213073730469,41739,UNH,5m
2026-05-13 18:20:00+00:00,402.20001220703125,402.82989501953125,402.05499267578125,402.072509765625,44046,UNH,5m
2026-05-13 18:25:00+00:00,402.0450134277344,402.2300109863281,401.1658935546875,401.3999938964844,59297,UNH,5m
2026-05-13 18:30:00+00:00,401.4800109863281,401.7699890136719,401.1099853515625,401.2250061035156,68699,UNH,5m
2026-05-13 18:35:00+00:00,401.19000244140625,401.2699890136719,400.30999755859375,400.8999938964844,40223,UNH,5m
2026-05-13 18:40:00+00:00,401.0199890136719,401.9100036621094,400.6099853515625,401.625,59344,UNH,5m
2026-05-13 18:45:00+00:00,401.6000061035156,402.4800109863281,401.6000061035156,402.2449951171875,60451,UNH,5m
2026-05-13 18:50:00+00:00,402.2200012207031,402.6499938964844,402.1099853515625,402.54998779296875,32877,UNH,5m
2026-05-13 18:55:00+00:00,402.5350036621094,402.5899963378906,402.0,402.2200012207031,72560,UNH,5m
2026-05-13 19:00:00+00:00,402.18499755859375,402.364990234375,401.5849914550781,401.7799987792969,74908,UNH,5m
2026-05-13 19:05:00+00:00,401.7799987792969,401.8699951171875,401.2900085449219,401.44000244140625,59282,UNH,5m
2026-05-13 19:10:00+00:00,401.4700012207031,401.79998779296875,401.0350036621094,401.2300109863281,60401,UNH,5m
2026-05-13 19:15:00+00:00,401.2200927734375,401.31500244140625,400.7099914550781,401.05999755859375,44893,UNH,5m
2026-05-13 19:20:00+00:00,401.1199951171875,401.5,401.07000732421875,401.2200012207031,58921,UNH,5m
2026-05-13 19:25:00+00:00,401.2149963378906,401.5,401.1499938964844,401.44000244140625,69116,UNH,5m
2026-05-13 19:30:00+00:00,401.4700012207031,401.6099853515625,400.5450134277344,400.7650146484375,65677,UNH,5m
2026-05-13 19:35:00+00:00,400.7900085449219,401.5299987792969,400.67999267578125,401.20001220703125,106417,UNH,5m
2026-05-13 19:40:00+00:00,401.2900085449219,401.5,400.54998779296875,400.8900146484375,88578,UNH,5m
2026-05-13 19:45:00+00:00,400.8900146484375,401.7799987792969,400.8599853515625,401.7571105957031,94528,UNH,5m
2026-05-13 19:50:00+00:00,401.7200012207031,401.7200012207031,400.6199951171875,401.0450134277344,202485,UNH,5m
2026-05-13 19:55:00+00:00,401.010009765625,401.17999267578125,400.1499938964844,401.1099853515625,338174,UNH,5m
2026-05-14 13:30:00+00:00,401.0,401.89898681640625,396.0,396.57000732421875,227538,UNH,5m
2026-05-14 13:35:00+00:00,396.4150085449219,397.79998779296875,396.25,397.56500244140625,74780,UNH,5m
2026-05-14 13:40:00+00:00,397.60150146484375,399.0199890136719,397.2200012207031,398.8500061035156,49844,UNH,5m
2026-05-14 13:45:00+00:00,399.07000732421875,399.7099914550781,397.8949890136719,398.2507629394531,110052,UNH,5m
2026-05-14 13:50:00+00:00,398.2911071777344,399.7799987792969,398.2200012207031,399.04998779296875,53521,UNH,5m
2026-05-14 13:55:00+00:00,399.19000244140625,399.8299865722656,398.8599853515625,399.6400146484375,47222,UNH,5m
2026-05-14 14:00:00+00:00,399.57000732421875,399.75,398.17999267578125,399.69000244140625,131345,UNH,5m
2026-05-14 14:05:00+00:00,399.6371154785156,400.19000244140625,398.8599853515625,398.9649963378906,57618,UNH,5m
2026-05-14 14:10:00+00:00,398.80999755859375,399.07000732421875,397.27099609375,397.70001220703125,52857,UNH,5m
2026-05-14 14:15:00+00:00,397.739013671875,398.94000244140625,397.4700927734375,398.3800048828125,36629,UNH,5m
2026-05-14 14:20:00+00:00,398.375,398.3800048828125,397.19000244140625,397.25,47825,UNH,5m
2026-05-14 14:25:00+00:00,397.29998779296875,397.7200012207031,396.69000244140625,397.3699951171875,59959,UNH,5m
2026-05-14 14:30:00+00:00,397.4150085449219,397.47100830078125,396.6080017089844,397.2749938964844,53560,UNH,5m
2026-05-14 14:35:00+00:00,397.17010498046875,397.44000244140625,396.7650146484375,397.44000244140625,36651,UNH,5m
2026-05-14 14:40:00+00:00,397.5,397.5799865722656,396.29998779296875,396.489990234375,80879,UNH,5m
2026-05-14 14:45:00+00:00,396.489990234375,397.2799987792969,396.010009765625,397.0950012207031,56714,UNH,5m
2026-05-14 14:50:00+00:00,397.0950012207031,398.29998779296875,397.05999755859375,398.29998779296875,46446,UNH,5m
2026-05-14 14:55:00+00:00,398.17010498046875,398.54998779296875,397.3800048828125,397.6600036621094,36970,UNH,5m
2026-05-14 15:00:00+00:00,397.6600036621094,398.614990234375,397.44000244140625,398.1400146484375,63950,UNH,5m
2026-05-14 15:05:00+00:00,398.1600036621094,398.19000244140625,396.9700012207031,397.2950134277344,70178,UNH,5m
2026-05-14 15:10:00+00:00,397.2950134277344,397.7900085449219,396.44000244140625,397.1600036621094,118374,UNH,5m
2026-05-14 15:15:00+00:00,397.1600036621094,398.3924865722656,397.0,397.9849853515625,55177,UNH,5m
2026-05-14 15:20:00+00:00,397.9849853515625,398.43499755859375,397.8299865722656,398.1700134277344,59846,UNH,5m
2026-05-14 15:25:00+00:00,398.1400146484375,399.0199890136719,398.1300048828125,398.2699890136719,56123,UNH,5m
2026-05-14 15:30:00+00:00,398.1700134277344,399.8900146484375,398.1400146484375,399.8900146484375,36911,UNH,5m
2026-05-14 15:35:00+00:00,399.9100036621094,399.9700012207031,398.8349914550781,399.4100036621094,58422,UNH,5m
2026-05-14 15:40:00+00:00,399.3299865722656,399.909912109375,398.9800109863281,399.82000732421875,36961,UNH,5m
2026-05-14 15:45:00+00:00,399.82000732421875,400.3599853515625,399.6000061035156,400.0199890136719,44510,UNH,5m
2026-05-14 15:50:00+00:00,399.9750061035156,400.2300109863281,399.6099853515625,399.7099914550781,51339,UNH,5m
2026-05-14 15:55:00+00:00,399.6700134277344,400.8800048828125,399.4949951171875,400.8299865722656,45341,UNH,5m
2026-05-14 16:00:00+00:00,400.82000732421875,400.8699035644531,400.4700012207031,400.55999755859375,43407,UNH,5m
2026-05-14 16:05:00+00:00,400.55999755859375,401.0450134277344,400.510009765625,400.8699951171875,48474,UNH,5m
2026-05-14 16:10:00+00:00,400.8450012207031,400.8949890136719,400.04998779296875,400.3900146484375,71449,UNH,5m
2026-05-14 16:15:00+00:00,400.3900146484375,400.44000244140625,399.95849609375,399.9649963378906,25606,UNH,5m
2026-05-14 16:20:00+00:00,399.9649963378906,400.4200134277344,399.4800109863281,399.55499267578125,40556,UNH,5m
2026-05-14 16:25:00+00:00,399.57000732421875,399.739990234375,399.010009765625,399.0199890136719,59619,UNH,5m
2026-05-14 16:30:00+00:00,399.0899963378906,399.43499755859375,398.8699951171875,399.1650085449219,38620,UNH,5m
2026-05-14 16:35:00+00:00,399.1199951171875,399.489990234375,399.0,399.2099914550781,38396,UNH,5m
2026-05-14 16:40:00+00:00,399.2084045410156,399.29998779296875,398.4599914550781,398.57000732421875,29683,UNH,5m
2026-05-14 16:45:00+00:00,398.5950012207031,398.9200134277344,398.5299987792969,398.82000732421875,21307,UNH,5m
2026-05-14 16:50:00+00:00,398.82000732421875,399.07000732421875,398.0799865722656,398.114990234375,37018,UNH,5m
2026-05-14 16:55:00+00:00,398.1099853515625,398.3450012207031,397.5799865722656,398.1050109863281,66727,UNH,5m
2026-05-14 17:00:00+00:00,398.04998779296875,398.4700012207031,398.010009765625,398.3299865722656,39479,UNH,5m
2026-05-14 17:05:00+00:00,398.3299865722656,398.3299865722656,397.42999267578125,397.8500061035156,36993,UNH,5m
2026-05-14 17:10:00+00:00,397.8599853515625,398.45989990234375,397.7799987792969,397.94000244140625,53259,UNH,5m
2026-05-14 17:15:00+00:00,397.94000244140625,397.989990234375,396.8599853515625,396.95001220703125,77442,UNH,5m
2026-05-14 17:20:00+00:00,396.95001220703125,397.7250061035156,396.70098876953125,397.635009765625,58196,UNH,5m
2026-05-14 17:25:00+00:00,397.6700134277344,398.739990234375,397.6700134277344,398.739990234375,46985,UNH,5m
2026-05-14 17:30:00+00:00,398.6099853515625,399.0,398.4150085449219,398.8066101074219,246784,UNH,5m
2026-05-14 17:35:00+00:00,398.8349914550781,399.20001220703125,398.6600036621094,399.20001220703125,59482,UNH,5m
2026-05-14 17:40:00+00:00,399.12249755859375,399.7900085449219,398.82501220703125,399.6499938964844,38020,UNH,5m
2026-05-14 17:45:00+00:00,399.5950012207031,399.9800109863281,399.5,399.82501220703125,33430,UNH,5m
2026-05-14 17:50:00+00:00,399.864990234375,399.9800109863281,398.79998779296875,398.8699951171875,27781,UNH,5m
2026-05-14 17:55:00+00:00,398.864990234375,399.1099853515625,398.30999755859375,398.30999755859375,24835,UNH,5m
2026-05-14 18:00:00+00:00,398.3450012207031,399.1600036621094,398.3450012207031,399.1499938964844,26662,UNH,5m
2026-05-14 18:05:00+00:00,399.1400146484375,400.17999267578125,399.0799865722656,399.9801025390625,58261,UNH,5m
2026-05-14 18:10:00+00:00,400.0201110839844,400.67999267578125,399.8900146484375,400.3699951171875,37117,UNH,5m
2026-05-14 18:15:00+00:00,400.3699951171875,401.5,400.3699951171875,401.2799987792969,51382,UNH,5m
2026-05-14 18:20:00+00:00,401.25,401.2799987792969,400.0,400.2550048828125,50268,UNH,5m
2026-05-14 18:25:00+00:00,400.16009521484375,400.4700012207031,399.9599914550781,400.3349914550781,45557,UNH,5m
2026-05-14 18:30:00+00:00,400.3349914550781,400.7300109863281,400.05999755859375,400.3299865722656,33889,UNH,5m
2026-05-14 18:35:00+00:00,400.3399963378906,400.79998779296875,400.3299865722656,400.5249938964844,29614,UNH,5m
2026-05-14 18:40:00+00:00,400.6000061035156,400.6000061035156,400.04998779296875,400.04998779296875,31191,UNH,5m
2026-05-14 18:45:00+00:00,400.1099853515625,400.7699890136719,400.04998779296875,400.7699890136719,25985,UNH,5m
2026-05-14 18:50:00+00:00,400.7200012207031,401.1986083984375,400.5249938964844,400.70001220703125,51585,UNH,5m
2026-05-14 18:55:00+00:00,400.739990234375,400.8800048828125,400.2101135253906,400.6199951171875,41453,UNH,5m
2026-05-14 19:00:00+00:00,400.625,401.1000061035156,400.625,400.7250061035156,39262,UNH,5m
2026-05-14 19:05:00+00:00,400.7200012207031,401.0849914550781,400.5199890136719,400.6650085449219,37683,UNH,5m
2026-05-14 19:10:00+00:00,400.69500732421875,400.69500732421875,399.95001220703125,400.6099853515625,45850,UNH,5m
2026-05-14 19:15:00+00:00,400.6300048828125,401.19000244140625,400.260009765625,400.9100036621094,62398,UNH,5m
2026-05-14 19:20:00+00:00,400.9100036621094,401.0299987792969,400.1499938964844,400.6182861328125,54907,UNH,5m
2026-05-14 19:25:00+00:00,400.6000061035156,400.6000061035156,400.2300109863281,400.30999755859375,51300,UNH,5m
2026-05-14 19:30:00+00:00,400.30999755859375,400.8299865722656,400.28009033203125,400.5849914550781,45912,UNH,5m
2026-05-14 19:35:00+00:00,400.5849914550781,400.8949890136719,400.44000244140625,400.7699890136719,75701,UNH,5m
2026-05-14 19:40:00+00:00,400.75,400.9639892578125,400.5299987792969,400.8299865722656,69159,UNH,5m
2026-05-14 19:45:00+00:00,400.8599853515625,401.17999267578125,400.4700012207031,400.69000244140625,75484,UNH,5m
2026-05-14 19:50:00+00:00,400.6700134277344,400.8299865722656,400.0700988769531,400.1449890136719,100536,UNH,5m
2026-05-14 19:55:00+00:00,400.1700134277344,400.3699951171875,398.7099914550781,399.125,292565,UNH,5m
2026-05-15 13:30:00+00:00,394.29998779296875,396.8699951171875,392.489990234375,396.1600036621094,518298,UNH,5m
2026-05-15 13:35:00+00:00,396.2662048339844,397.0400085449219,394.79998779296875,396.1499938964844,103883,UNH,5m
2026-05-15 13:40:00+00:00,396.1400451660156,396.6499938964844,394.69000244140625,395.0249938964844,56799,UNH,5m
2026-05-15 13:45:00+00:00,395.1600036621094,395.9999084472656,394.0799865722656,394.7349853515625,63107,UNH,5m
2026-05-15 13:50:00+00:00,394.4800109863281,394.625,393.69000244140625,394.0899963378906,48900,UNH,5m
2026-05-15 13:55:00+00:00,393.9700012207031,395.3999938964844,393.8299865722656,395.19000244140625,75394,UNH,5m
2026-05-15 14:00:00+00:00,395.3800048828125,396.2699890136719,394.57000732421875,396.0707092285156,77511,UNH,5m
2026-05-15 14:05:00+00:00,396.0400085449219,396.6000061035156,395.8500061035156,396.1400146484375,45628,UNH,5m
2026-05-15 14:10:00+00:00,396.19500732421875,396.3800048828125,395.8900146484375,396.2701110839844,47473,UNH,5m
2026-05-15 14:15:00+00:00,396.2650146484375,396.3699951171875,395.42999267578125,396.3699951171875,58673,UNH,5m
2026-05-15 14:20:00+00:00,396.3999938964844,397.0199890136719,396.2601013183594,396.9700927734375,42228,UNH,5m
2026-05-15 14:25:00+00:00,396.9700012207031,397.17999267578125,396.260009765625,397.17999267578125,32529,UNH,5m
2026-05-15 14:30:00+00:00,397.17999267578125,397.6300048828125,397.0151062011719,397.2200012207031,34509,UNH,5m
2026-05-15 14:35:00+00:00,397.2650146484375,397.3800048828125,396.95001220703125,397.0199890136719,42949,UNH,5m
2026-05-15 14:40:00+00:00,397.0150146484375,397.5199890136719,396.8299865722656,397.4949951171875,31096,UNH,5m
2026-05-15 14:45:00+00:00,397.4700012207031,397.57000732421875,396.5299987792969,397.1050109863281,52126,UNH,5m
2026-05-15 14:50:00+00:00,397.1000061035156,397.32000732421875,396.2925109863281,396.5400085449219,57312,UNH,5m
2026-05-15 14:55:00+00:00,396.42498779296875,397.0,395.6499938964844,396.1050109863281,60401,UNH,5m
2026-05-15 15:00:00+00:00,396.1549987792969,396.2821960449219,395.28009033203125,395.92498779296875,48786,UNH,5m
2026-05-15 15:05:00+00:00,395.92498779296875,396.25,395.6000061035156,396.0400085449219,794974,UNH,5m
2026-05-15 15:10:00+00:00,395.9200134277344,396.5400085449219,394.6400146484375,394.85009765625,61272,UNH,5m
2026-05-15 15:15:00+00:00,394.9049987792969,395.6650085449219,394.5,395.5050048828125,43220,UNH,5m
2026-05-15 15:20:00+00:00,395.5050048828125,395.67999267578125,394.0400085449219,394.2250061035156,81615,UNH,5m
2026-05-15 15:25:00+00:00,394.1700134277344,394.2799987792969,393.3800048828125,393.8550109863281,55801,UNH,5m
2026-05-15 15:30:00+00:00,393.989990234375,394.239990234375,393.6875,393.80999755859375,43404,UNH,5m
2026-05-15 15:35:00+00:00,393.7699890136719,393.80999755859375,393.2900085449219,393.44000244140625,39636,UNH,5m
2026-05-15 15:40:00+00:00,393.5249938964844,393.69000244140625,392.6300048828125,392.7200012207031,59061,UNH,5m
2026-05-15 15:45:00+00:00,392.7300109863281,393.3399963378906,392.7250061035156,393.25250244140625,34386,UNH,5m
2026-05-15 15:50:00+00:00,393.1400146484375,393.58990478515625,392.7200012207031,392.8399963378906,237963,UNH,5m
2026-05-15 15:55:00+00:00,392.7950134277344,393.1700134277344,392.7159118652344,393.0299987792969,32936,UNH,5m
2026-05-15 16:00:00+00:00,393.0799865722656,393.25,392.55999755859375,392.6300048828125,33562,UNH,5m
2026-05-15 16:05:00+00:00,392.5799865722656,393.07000732421875,392.5,392.989990234375,35800,UNH,5m
2026-05-15 16:10:00+00:00,392.989990234375,393.07000732421875,392.69000244140625,392.8800048828125,27838,UNH,5m
2026-05-15 16:15:00+00:00,392.8800048828125,393.3800048828125,392.5950012207031,393.375,26922,UNH,5m
2026-05-15 16:20:00+00:00,393.3699951171875,393.4255065917969,393.0,393.1499938964844,36959,UNH,5m
2026-05-15 16:25:00+00:00,393.110107421875,393.5,393.010009765625,393.1000061035156,38950,UNH,5m
2026-05-15 16:30:00+00:00,393.0799865722656,393.3699951171875,392.9700012207031,393.0799865722656,28313,UNH,5m
2026-05-15 16:35:00+00:00,393.0899963378906,394.2007141113281,393.0799865722656,393.7799987792969,76633,UNH,5m
2026-05-15 16:40:00+00:00,393.7799987792969,394.1199951171875,393.4649963378906,393.7300109863281,54745,UNH,5m
2026-05-15 16:45:00+00:00,393.7699890136719,393.94000244140625,392.6650085449219,392.9036865234375,69278,UNH,5m
2026-05-15 16:50:00+00:00,393.0,393.19000244140625,392.29998779296875,392.3200988769531,41327,UNH,5m
2026-05-15 16:55:00+00:00,392.32000732421875,393.0299987792969,392.32000732421875,392.80999755859375,50533,UNH,5m
2026-05-15 17:00:00+00:00,392.69000244140625,392.7699890136719,392.3699951171875,392.4200134277344,31290,UNH,5m
2026-05-15 17:05:00+00:00,392.5299987792969,392.6700134277344,392.07000732421875,392.3233642578125,36441,UNH,5m
2026-05-15 17:10:00+00:00,392.2699890136719,392.625,392.2699890136719,392.4599914550781,44276,UNH,5m
2026-05-15 17:15:00+00:00,392.3999938964844,392.6300048828125,392.2099914550781,392.5400085449219,34916,UNH,5m
2026-05-15 17:20:00+00:00,392.6199951171875,393.0050048828125,392.1300048828125,392.6650085449219,38554,UNH,5m
2026-05-15 17:25:00+00:00,392.6650085449219,392.6650085449219,391.7018127441406,391.8175964355469,42315,UNH,5m
2026-05-15 17:30:00+00:00,391.7799987792969,392.6600036621094,391.70001220703125,392.3949890136719,45026,UNH,5m
2026-05-15 17:35:00+00:00,392.3900146484375,392.57000732421875,392.0899963378906,392.1400146484375,34413,UNH,5m
2026-05-15 17:40:00+00:00,392.1199951171875,392.3999938964844,391.9200134277344,392.3500061035156,29819,UNH,5m
2026-05-15 17:45:00+00:00,392.3999938964844,392.7900085449219,392.1499938964844,392.2099914550781,39205,UNH,5m
2026-05-15 17:50:00+00:00,392.19000244140625,392.67999267578125,391.8605041503906,391.9700012207031,49660,UNH,5m
2026-05-15 17:55:00+00:00,391.9750061035156,392.0400085449219,391.20001220703125,391.3949890136719,74520,UNH,5m
2026-05-15 18:00:00+00:00,391.3949890136719,391.7200012207031,391.29998779296875,391.44000244140625,47283,UNH,5m
2026-05-15 18:05:00+00:00,391.3800048828125,391.5899963378906,390.6400146484375,390.8699951171875,86692,UNH,5m
2026-05-15 18:10:00+00:00,390.8699951171875,391.3900146484375,390.56048583984375,390.95001220703125,99534,UNH,5m
2026-05-15 18:15:00+00:00,390.94000244140625,391.3299865722656,390.8860168457031,390.99249267578125,74651,UNH,5m
2026-05-15 18:20:00+00:00,391.09991455078125,391.45001220703125,390.94000244140625,391.2799987792969,96108,UNH,5m
2026-05-15 18:25:00+00:00,391.2699890136719,392.0299987792969,391.1600036621094,391.92999267578125,53714,UNH,5m
2026-05-15 18:30:00+00:00,392.0299987792969,392.04998779296875,390.6700134277344,390.7550048828125,55072,UNH,5m
2026-05-15 18:35:00+00:00,390.75,390.80999755859375,390.25,390.4100036621094,48617,UNH,5m
2026-05-15 18:40:00+00:00,390.3999938964844,391.2850036621094,390.3399963378906,391.197509765625,217942,UNH,5m
2026-05-15 18:45:00+00:00,391.19000244140625,391.4100036621094,390.9100036621094,391.2149963378906,42594,UNH,5m
2026-05-15 18:50:00+00:00,391.2149963378906,391.45001220703125,391.07000732421875,391.260009765625,41372,UNH,5m
2026-05-15 18:55:00+00:00,391.2950134277344,391.6799011230469,391.1700134277344,391.57501220703125,38025,UNH,5m
2026-05-15 19:00:00+00:00,391.57000732421875,391.6199951171875,390.9100036621094,391.07000732421875,63046,UNH,5m
2026-05-15 19:05:00+00:00,391.07000732421875,391.6700134277344,391.0199890136719,391.3949890136719,63994,UNH,5m
2026-05-15 19:10:00+00:00,391.3949890136719,391.7200012207031,391.239990234375,391.5050048828125,1070524,UNH,5m
2026-05-15 19:15:00+00:00,391.5450134277344,391.9898986816406,391.3500061035156,391.95001220703125,45298,UNH,5m
2026-05-15 19:20:00+00:00,391.9800109863281,392.05999755859375,391.60009765625,391.67999267578125,48364,UNH,5m
2026-05-15 19:25:00+00:00,391.6499938964844,391.7200012207031,391.135009765625,391.2699890136719,51695,UNH,5m
2026-05-15 19:30:00+00:00,391.239990234375,391.489990234375,391.0799865722656,391.2950134277344,68745,UNH,5m
2026-05-15 19:35:00+00:00,391.32000732421875,391.739990234375,391.2699890136719,391.54998779296875,67408,UNH,5m
2026-05-15 19:40:00+00:00,391.56500244140625,391.70001220703125,391.239990234375,391.364990234375,70627,UNH,5m
2026-05-15 19:45:00+00:00,391.364990234375,392.6199951171875,391.2799987792969,392.614990234375,101044,UNH,5m
2026-05-15 19:50:00+00:00,392.6099853515625,393.1700134277344,392.1763000488281,393.1199951171875,145713,UNH,5m
2026-05-15 19:55:00+00:00,393.1499938964844,394.6600036621094,393.1499938964844,393.82000732421875,451558,UNH,5m
2026-05-18 13:30:00+00:00,390.0,392.1400146484375,386.3800048828125,386.3800048828125,981745,UNH,5m
2026-05-18 13:35:00+00:00,386.1990051269531,386.8999938964844,384.5,386.6050109863281,249781,UNH,5m
2026-05-18 13:40:00+00:00,386.661865234375,387.510009765625,384.5,385.55999755859375,167190,UNH,5m
2026-05-18 13:45:00+00:00,385.372314453125,386.2200012207031,383.5000915527344,385.260009765625,163851,UNH,5m
2026-05-18 13:50:00+00:00,385.21319580078125,386.2900085449219,384.9800109863281,385.82000732421875,87000,UNH,5m
2026-05-18 13:55:00+00:00,385.82000732421875,386.54998779296875,385.4410095214844,385.8800048828125,97054,UNH,5m
2026-05-18 14:00:00+00:00,385.8299865722656,387.4800109863281,385.5899963378906,387.4800109863281,151568,UNH,5m
2026-05-18 14:05:00+00:00,387.32000732421875,388.92999267578125,387.0,388.110107421875,145778,UNH,5m
2026-05-18 14:10:00+00:00,388.30499267578125,388.8699951171875,386.0400085449219,386.1050109863281,108286,UNH,5m
2026-05-18 14:15:00+00:00,386.1050109863281,386.7300109863281,384.80999755859375,386.20001220703125,97688,UNH,5m
2026-05-18 14:20:00+00:00,386.2149963378906,386.625,385.25,386.5350036621094,78213,UNH,5m
2026-05-18 14:25:00+00:00,386.7002868652344,386.7598876953125,385.42999267578125,385.6000061035156,62009,UNH,5m
2026-05-18 14:30:00+00:00,385.6000061035156,385.9800109863281,384.9700012207031,385.6499938964844,81929,UNH,5m
2026-05-18 14:35:00+00:00,385.7099914550781,386.0,384.79998779296875,385.5249938964844,106109,UNH,5m
2026-05-18 14:40:00+00:00,385.57501220703125,387.79998779296875,385.1203308105469,387.5450134277344,148764,UNH,5m
2026-05-18 14:45:00+00:00,387.4549865722656,387.54998779296875,386.29998779296875,387.0799865722656,52922,UNH,5m
2026-05-18 14:50:00+00:00,387.0799865722656,387.5,386.55999755859375,387.1650085449219,75870,UNH,5m
2026-05-18 14:55:00+00:00,387.3599853515625,387.3699951171875,385.44000244140625,385.510009765625,101835,UNH,5m
2026-05-18 15:00:00+00:00,385.5849914550781,386.42999267578125,385.19000244140625,385.4700012207031,73625,UNH,5m
2026-05-18 15:05:00+00:00,385.3132019042969,386.3800048828125,385.3132019042969,385.9200134277344,76194,UNH,5m
2026-05-18 15:10:00+00:00,385.8699951171875,386.25,385.239990234375,385.260009765625,57200,UNH,5m
2026-05-18 15:15:00+00:00,385.3299865722656,385.8299865722656,384.9200134277344,385.7900085449219,69058,UNH,5m
2026-05-18 15:20:00+00:00,385.7900085449219,386.79998779296875,385.6199951171875,386.7749938964844,60782,UNH,5m
2026-05-18 15:25:00+00:00,386.6600036621094,386.989990234375,386.1099853515625,386.31500244140625,56412,UNH,5m
2026-05-18 15:30:00+00:00,386.2023010253906,387.5450134277344,386.05999755859375,387.2699890136719,196767,UNH,5m
2026-05-18 15:35:00+00:00,387.2650146484375,387.760009765625,386.8900146484375,387.68499755859375,69790,UNH,5m
2026-05-18 15:40:00+00:00,387.67999267578125,387.989990234375,387.4599914550781,387.7449951171875,50537,UNH,5m
2026-05-18 15:45:00+00:00,387.7449951171875,388.3500061035156,387.6000061035156,388.33990478515625,55451,UNH,5m
2026-05-18 15:50:00+00:00,388.2749938964844,388.42999267578125,387.95001220703125,388.2950134277344,42084,UNH,5m
2026-05-18 15:55:00+00:00,388.30499267578125,388.3999938964844,387.3699951171875,387.4200134277344,35395,UNH,5m
2026-05-18 16:00:00+00:00,387.4200134277344,387.55999755859375,386.79998779296875,387.07000732421875,55812,UNH,5m
2026-05-18 16:05:00+00:00,387.0450134277344,387.760009765625,386.79998779296875,386.82000732421875,36878,UNH,5m
2026-05-18 16:10:00+00:00,386.7900085449219,387.18499755859375,386.70001220703125,386.875,66976,UNH,5m
2026-05-18 16:15:00+00:00,386.94000244140625,388.4549865722656,386.9100036621094,388.2001037597656,48127,UNH,5m
2026-05-18 16:20:00+00:00,388.4700012207031,388.7300109863281,387.2799987792969,387.5299987792969,54021,UNH,5m
2026-05-18 16:25:00+00:00,387.5299987792969,387.8500061035156,387.20001220703125,387.31500244140625,33133,UNH,5m
2026-05-18 16:30:00+00:00,387.3699951171875,387.8800048828125,387.1099853515625,387.8399963378906,37501,UNH,5m
2026-05-18 16:35:00+00:00,387.8500061035156,387.95001220703125,387.5799865722656,387.8550109863281,51444,UNH,5m
2026-05-18 16:40:00+00:00,387.8900146484375,387.9100036621094,387.45001220703125,387.5799865722656,33356,UNH,5m
2026-05-18 16:45:00+00:00,387.67999267578125,388.260009765625,387.590087890625,388.1499938964844,100332,UNH,5m
2026-05-18 16:50:00+00:00,388.1499938964844,388.3399963378906,387.3399963378906,387.3399963378906,51150,UNH,5m
2026-05-18 16:55:00+00:00,387.32000732421875,387.5199890136719,387.0,387.2550048828125,39173,UNH,5m
2026-05-18 17:00:00+00:00,387.2550048828125,387.6300048828125,387.1099853515625,387.19500732421875,35120,UNH,5m
2026-05-18 17:05:00+00:00,387.19000244140625,387.3450012207031,386.8999938964844,387.05499267578125,30465,UNH,5m
2026-05-18 17:10:00+00:00,387.0799865722656,387.5899963378906,387.0199890136719,387.1000061035156,33091,UNH,5m
2026-05-18 17:15:00+00:00,387.1000061035156,387.44000244140625,386.87103271484375,387.375,29976,UNH,5m
2026-05-18 17:20:00+00:00,387.32000732421875,387.375,386.8399963378906,386.8500061035156,31137,UNH,5m
2026-05-18 17:25:00+00:00,386.875,387.4599914550781,386.8299865722656,387.239990234375,43983,UNH,5m
2026-05-18 17:30:00+00:00,387.3399963378906,387.6099853515625,386.80499267578125,387.0299987792969,47205,UNH,5m
2026-05-18 17:35:00+00:00,386.94000244140625,387.42999267578125,386.75,387.30499267578125,35647,UNH,5m
2026-05-18 17:40:00+00:00,387.29998779296875,387.8399963378906,387.2300109863281,387.614990234375,29781,UNH,5m
2026-05-18 17:45:00+00:00,387.6300048828125,388.489990234375,387.6156921386719,388.31500244140625,41717,UNH,5m
2026-05-18 17:50:00+00:00,388.31500244140625,388.62249755859375,387.9100036621094,388.05999755859375,51674,UNH,5m
2026-05-18 17:55:00+00:00,388.05999755859375,388.4700012207031,387.92999267578125,388.3800048828125,42141,UNH,5m
2026-05-18 18:00:00+00:00,388.3699951171875,388.45001220703125,387.20001220703125,387.25,30078,UNH,5m
2026-05-18 18:05:00+00:00,387.19000244140625,387.52899169921875,387.1499938964844,387.1866149902344,33333,UNH,5m
2026-05-18 18:10:00+00:00,387.1199951171875,387.1499938964844,386.6400146484375,386.67999267578125,41267,UNH,5m
2026-05-18 18:15:00+00:00,386.67999267578125,386.69000244140625,386.2099914550781,386.32501220703125,44325,UNH,5m
2026-05-18 18:20:00+00:00,386.29998779296875,386.6789855957031,386.1000061035156,386.5849914550781,37394,UNH,5m
2026-05-18 18:25:00+00:00,386.5899963378906,386.8450012207031,386.0899963378906,386.69000244140625,69811,UNH,5m
2026-05-18 18:30:00+00:00,386.6650085449219,387.385009765625,386.55999755859375,386.8599853515625,70970,UNH,5m
2026-05-18 18:35:00+00:00,386.8900146484375,387.69000244140625,386.67999267578125,387.59991455078125,51654,UNH,5m
2026-05-18 18:40:00+00:00,387.55999755859375,387.94000244140625,387.3609924316406,387.9049987792969,41915,UNH,5m
2026-05-18 18:45:00+00:00,387.9800109863281,387.9800109863281,387.3900146484375,387.42999267578125,39448,UNH,5m
2026-05-18 18:50:00+00:00,387.3900146484375,387.3900146484375,386.6000061035156,386.9700012207031,50644,UNH,5m
2026-05-18 18:55:00+00:00,386.9700012207031,387.5150146484375,386.8949890136719,387.42498779296875,296524,UNH,5m
2026-05-18 19:00:00+00:00,387.42498779296875,388.8299865722656,387.20001220703125,388.7099914550781,75723,UNH,5m
2026-05-18 19:05:00+00:00,388.7900085449219,389.19000244140625,388.32000732421875,389.1600036621094,78650,UNH,5m
2026-05-18 19:10:00+00:00,389.1099853515625,389.9800109863281,388.9800109863281,389.3399963378906,95726,UNH,5m
2026-05-18 19:15:00+00:00,389.3399963378906,389.7799072265625,389.3299865722656,389.6000061035156,50636,UNH,5m
2026-05-18 19:20:00+00:00,389.5899963378906,390.30999755859375,389.5899963378906,389.9599914550781,130880,UNH,5m
2026-05-18 19:25:00+00:00,389.9649963378906,390.3599853515625,389.8800048828125,390.3599853515625,50705,UNH,5m
2026-05-18 19:30:00+00:00,390.3599853515625,390.43499755859375,389.7401123046875,390.318115234375,67798,UNH,5m
2026-05-18 19:35:00+00:00,390.260009765625,390.7200012207031,390.05999755859375,390.3500061035156,83912,UNH,5m
2026-05-18 19:40:00+00:00,390.364990234375,391.0,390.30999755859375,390.8399963378906,65969,UNH,5m
2026-05-18 19:45:00+00:00,390.7749938964844,391.18829345703125,390.6400146484375,391.1400146484375,91825,UNH,5m
2026-05-18 19:50:00+00:00,391.1099853515625,391.4800109863281,390.70001220703125,391.0400085449219,190434,UNH,5m
2026-05-18 19:55:00+00:00,391.0799865722656,391.4100036621094,390.3500061035156,391.1199951171875,338771,UNH,5m
2026-05-19 13:30:00+00:00,390.0,390.8900146484375,387.510009765625,389.3500061035156,244529,UNH,5m
2026-05-19 13:35:00+00:00,389.2900085449219,389.3699951171875,387.75,388.94000244140625,95375,UNH,5m
2026-05-19 13:40:00+00:00,388.94000244140625,389.9200134277344,388.6600036621094,388.92999267578125,51048,UNH,5m
2026-05-19 13:45:00+00:00,388.92999267578125,390.3399963378906,388.8999938964844,390.0899963378906,60539,UNH,5m
2026-05-19 13:50:00+00:00,390.0849914550781,392.32000732421875,389.6700134277344,392.0849914550781,87834,UNH,5m
2026-05-19 13:55:00+00:00,392.1499938964844,393.79998779296875,392.0899963378906,393.3550109863281,95545,UNH,5m
2026-05-19 14:00:00+00:00,393.3399963378906,393.3399963378906,391.75,392.5700988769531,55028,UNH,5m
2026-05-19 14:05:00+00:00,392.6300048828125,393.32000732421875,391.6000061035156,391.7650146484375,73740,UNH,5m
2026-05-19 14:10:00+00:00,391.7651062011719,392.57501220703125,391.3900146484375,392.45001220703125,55106,UNH,5m
2026-05-19 14:15:00+00:00,392.3900146484375,392.4949951171875,391.6300048828125,391.739990234375,68366,UNH,5m
2026-05-19 14:20:00+00:00,391.75,392.239990234375,391.3299865722656,391.8550109863281,49063,UNH,5m
2026-05-19 14:25:00+00:00,391.8450012207031,392.6300048828125,391.67999267578125,392.5,39208,UNH,5m
2026-05-19 14:30:00+00:00,392.55499267578125,393.0,391.9200134277344,392.9800109863281,53966,UNH,5m
2026-05-19 14:35:00+00:00,393.0,393.4999084472656,392.7049865722656,393.010009765625,29543,UNH,5m
2026-05-19 14:40:00+00:00,392.9461975097656,393.79998779296875,392.30999755859375,393.17999267578125,50435,UNH,5m
2026-05-19 14:45:00+00:00,393.25,393.55999755859375,392.70001220703125,392.70001220703125,50672,UNH,5m
2026-05-19 14:50:00+00:00,392.7099914550781,393.0199890136719,392.3800964355469,392.8699951171875,41480,UNH,5m
2026-05-19 14:55:00+00:00,392.95001220703125,393.8492126464844,392.4800109863281,393.7200012207031,49113,UNH,5m
2026-05-19 15:00:00+00:00,393.7349853515625,394.29998779296875,393.4200134277344,394.260009765625,59396,UNH,5m
2026-05-19 15:05:00+00:00,394.260009765625,394.67999267578125,393.989990234375,394.2200012207031,51417,UNH,5m
2026-05-19 15:10:00+00:00,394.239990234375,394.8500061035156,394.010009765625,394.30499267578125,52232,UNH,5m
2026-05-19 15:15:00+00:00,394.3299865722656,394.7799987792969,394.0600891113281,394.4599914550781,42673,UNH,5m
2026-05-19 15:20:00+00:00,394.4800109863281,394.4800109863281,393.7200012207031,393.8500061035156,47558,UNH,5m
2026-05-19 15:25:00+00:00,393.885009765625,394.5199890136719,393.80999755859375,394.1499938964844,38664,UNH,5m
2026-05-19 15:30:00+00:00,394.15008544921875,394.3299865722656,393.5299987792969,394.06500244140625,60751,UNH,5m
2026-05-19 15:35:00+00:00,394.06500244140625,394.4100036621094,393.590087890625,394.4100036621094,48065,UNH,5m
2026-05-19 15:40:00+00:00,394.4150085449219,394.9750061035156,394.3399963378906,394.6549987792969,64372,UNH,5m
2026-05-19 15:45:00+00:00,394.7300109863281,394.989990234375,394.5101013183594,394.8800048828125,32566,UNH,5m
2026-05-19 15:50:00+00:00,394.9200134277344,394.989990234375,394.4599914550781,394.4599914550781,37926,UNH,5m
2026-05-19 15:55:00+00:00,394.44000244140625,394.79998779296875,394.1400146484375,394.1400146484375,22732,UNH,5m
2026-05-19 16:00:00+00:00,394.1449890136719,394.4700012207031,394.0299987792969,394.06500244140625,56344,UNH,5m
2026-05-19 16:05:00+00:00,394.0199890136719,394.1650085449219,392.79998779296875,392.8800048828125,40263,UNH,5m
2026-05-19 16:10:00+00:00,392.79998779296875,393.3800048828125,392.6400146484375,393.07501220703125,46859,UNH,5m
2026-05-19 16:15:00+00:00,393.0751037597656,393.6098937988281,392.7200012207031,392.9800109863281,64250,UNH,5m
2026-05-19 16:20:00+00:00,393.010009765625,393.5350036621094,392.7345886230469,392.9100036621094,43555,UNH,5m
2026-05-19 16:25:00+00:00,392.989990234375,393.1099853515625,391.9100036621094,392.19000244140625,94545,UNH,5m
2026-05-19 16:30:00+00:00,392.19500732421875,392.69000244140625,392.0299987792969,392.1400146484375,32686,UNH,5m
2026-05-19 16:35:00+00:00,392.1099853515625,392.9800109863281,391.8900146484375,392.94000244140625,66124,UNH,5m
2026-05-19 16:40:00+00:00,393.0,393.57000732421875,392.989990234375,393.54998779296875,26562,UNH,5m
2026-05-19 16:45:00+00:00,393.5199890136719,393.8500061035156,393.4100036621094,393.625,28859,UNH,5m
2026-05-19 16:50:00+00:00,393.5668029785156,393.6300048828125,392.29998779296875,392.3699951171875,37615,UNH,5m
2026-05-19 16:55:00+00:00,392.3550109863281,392.3999938964844,392.0299987792969,392.1600036621094,18582,UNH,5m
2026-05-19 17:00:00+00:00,392.2550048828125,392.70001220703125,392.2379150390625,392.4800109863281,30039,UNH,5m
2026-05-19 17:05:00+00:00,392.489990234375,392.489990234375,391.9549865722656,392.0801086425781,45540,UNH,5m
2026-05-19 17:10:00+00:00,392.0899963378906,392.3599853515625,391.7900085449219,391.93499755859375,43235,UNH,5m
2026-05-19 17:15:00+00:00,391.92999267578125,392.0799865722656,391.5834045410156,391.6907958984375,19641,UNH,5m
2026-05-19 17:20:00+00:00,391.69000244140625,392.0899963378906,391.6099853515625,391.8251037597656,29291,UNH,5m
2026-05-19 17:25:00+00:00,391.8399963378906,391.9800109863281,391.6300048828125,391.6600036621094,18881,UNH,5m
2026-05-19 17:30:00+00:00,391.67999267578125,392.3500061035156,391.57000732421875,391.57000732421875,55187,UNH,5m
2026-05-19 17:35:00+00:00,391.5849914550781,392.2200012207031,391.5849914550781,392.07501220703125,45205,UNH,5m
2026-05-19 17:40:00+00:00,392.0849914550781,392.57000732421875,391.9599914550781,392.4700012207031,30366,UNH,5m
2026-05-19 17:45:00+00:00,392.5,392.57000732421875,391.9100036621094,392.25,27080,UNH,5m
2026-05-19 17:50:00+00:00,392.16009521484375,392.25,391.7349853515625,392.05999755859375,33638,UNH,5m
2026-05-19 17:55:00+00:00,392.0,392.4800109863281,391.8299865722656,392.3699951171875,28360,UNH,5m
2026-05-19 18:00:00+00:00,392.3800048828125,392.44500732421875,392.0,392.2250061035156,19577,UNH,5m
2026-05-19 18:05:00+00:00,392.2799987792969,392.6700134277344,392.0799865722656,392.6300048828125,27433,UNH,5m
2026-05-19 18:10:00+00:00,392.57501220703125,393.135009765625,392.57501220703125,392.8500061035156,36053,UNH,5m
2026-05-19 18:15:00+00:00,392.8550109863281,392.8550109863281,391.8901062011719,392.0199890136719,27613,UNH,5m
2026-05-19 18:20:00+00:00,392.0199890136719,392.3900146484375,391.8399963378906,392.1600036621094,54328,UNH,5m
2026-05-19 18:25:00+00:00,392.17498779296875,392.2349853515625,391.82000732421875,392.0899963378906,47459,UNH,5m
2026-05-19 18:30:00+00:00,392.0,392.8399963378906,391.989990234375,392.7101135253906,34275,UNH,5m
2026-05-19 18:35:00+00:00,392.69500732421875,392.7850036621094,391.6499938964844,391.6499938964844,25293,UNH,5m
2026-05-19 18:40:00+00:00,391.7099914550781,392.05999755859375,391.3399963378906,391.91009521484375,59289,UNH,5m
2026-05-19 18:45:00+00:00,391.8299865722656,391.93499755859375,391.30010986328125,391.4100036621094,36777,UNH,5m
2026-05-19 18:50:00+00:00,391.29998779296875,392.2099914550781,391.29998779296875,391.8599853515625,38537,UNH,5m
2026-05-19 18:55:00+00:00,391.7900085449219,391.7900085449219,391.0,391.1650085449219,36909,UNH,5m
2026-05-19 19:00:00+00:00,391.1600036621094,391.9198913574219,391.1600036621094,391.7099914550781,22952,UNH,5m
2026-05-19 19:05:00+00:00,391.7099914550781,392.1400146484375,391.6449890136719,392.07501220703125,24679,UNH,5m
2026-05-19 19:10:00+00:00,392.07501220703125,392.3800048828125,391.6650085449219,391.81500244140625,38782,UNH,5m
2026-05-19 19:15:00+00:00,391.8699951171875,392.17999267578125,391.80999755859375,392.0950012207031,34861,UNH,5m
2026-05-19 19:20:00+00:00,392.1199951171875,392.14300537109375,391.309814453125,391.4100036621094,34703,UNH,5m
2026-05-19 19:25:00+00:00,391.4100036621094,391.68499755859375,391.29998779296875,391.42999267578125,33101,UNH,5m
2026-05-19 19:30:00+00:00,391.3985900878906,391.42999267578125,390.6300048828125,390.7200012207031,51755,UNH,5m
2026-05-19 19:35:00+00:00,390.7099914550781,391.0350036621094,390.5299987792969,390.8949890136719,35091,UNH,5m
2026-05-19 19:40:00+00:00,390.875,390.94000244140625,390.54998779296875,390.79998779296875,28488,UNH,5m
2026-05-19 19:45:00+00:00,390.79998779296875,390.989990234375,390.42999267578125,390.5400085449219,65744,UNH,5m
2026-05-19 19:50:00+00:00,390.55999755859375,390.55999755859375,389.5899963378906,389.7099914550781,102251,UNH,5m
2026-05-19 19:55:00+00:00,389.760009765625,389.760009765625,388.7200012207031,389.3399963378906,300537,UNH,5m
2026-05-20 13:30:00+00:00,389.54998779296875,393.3800048828125,388.0668029785156,389.5,233535,UNH,5m
2026-05-20 13:35:00+00:00,389.5,390.70001220703125,388.489990234375,390.5924987792969,55299,UNH,5m
2026-05-20 13:40:00+00:00,390.61614990234375,391.1400146484375,389.5802917480469,390.7349853515625,114480,UNH,5m
2026-05-20 13:45:00+00:00,390.6099853515625,391.69500732421875,389.57000732421875,389.8800048828125,46647,UNH,5m
2026-05-20 13:50:00+00:00,389.8800048828125,390.4800109863281,389.1600036621094,390.4800109863281,92534,UNH,5m
2026-05-20 13:55:00+00:00,390.4599914550781,390.7300109863281,388.94000244140625,389.95001220703125,94457,UNH,5m
2026-05-20 14:00:00+00:00,389.8299865722656,390.0299987792969,389.1600036621094,389.375,47442,UNH,5m
2026-05-20 14:05:00+00:00,389.375,389.3800048828125,388.5,388.8550109863281,39476,UNH,5m
2026-05-20 14:10:00+00:00,388.8550109863281,389.635009765625,388.35009765625,388.35009765625,59926,UNH,5m
2026-05-20 14:15:00+00:00,388.6650085449219,390.635009765625,388.56500244140625,390.25,188938,UNH,5m
2026-05-20 14:20:00+00:00,390.1300048828125,390.3599853515625,388.9700927734375,389.2799987792969,52251,UNH,5m
2026-05-20 14:25:00+00:00,389.36248779296875,389.7145080566406,388.94500732421875,389.5199890136719,38980,UNH,5m
2026-05-20 14:30:00+00:00,389.6050109863281,390.5400085449219,389.5296936035156,390.07000732421875,46956,UNH,5m
2026-05-20 14:35:00+00:00,390.1099853515625,390.8500061035156,389.3550109863281,389.42999267578125,50964,UNH,5m
2026-05-20 14:40:00+00:00,389.4200134277344,389.9150085449219,389.0299987792969,389.4049987792969,93028,UNH,5m
2026-05-20 14:45:00+00:00,389.4049987792969,389.9999084472656,389.20001220703125,389.3900146484375,38958,UNH,5m
2026-05-20 14:50:00+00:00,389.3949890136719,389.57000732421875,388.8699951171875,388.8699951171875,34234,UNH,5m
2026-05-20 14:55:00+00:00,388.79998779296875,389.1400146484375,387.57000732421875,387.7300109863281,58977,UNH,5m
2026-05-20 15:00:00+00:00,388.0,388.05999755859375,387.010009765625,387.1700134277344,46210,UNH,5m
2026-05-20 15:05:00+00:00,387.17999267578125,387.3299865722656,386.2550048828125,386.2550048828125,43972,UNH,5m
2026-05-20 15:10:00+00:00,386.25,387.11199951171875,385.8699951171875,386.5,52046,UNH,5m
2026-05-20 15:15:00+00:00,386.4601135253906,387.7250061035156,386.29998779296875,387.2550048828125,58772,UNH,5m
2026-05-20 15:20:00+00:00,387.3599853515625,387.51300048828125,386.7799987792969,387.010009765625,72528,UNH,5m
2026-05-20 15:25:00+00:00,387.07000732421875,387.1785888671875,385.3500061035156,385.42999267578125,40456,UNH,5m
2026-05-20 15:30:00+00:00,385.4800109863281,385.56988525390625,384.6700134277344,384.95001220703125,74760,UNH,5m
2026-05-20 15:35:00+00:00,384.9849853515625,385.1499938964844,384.5201110839844,384.82501220703125,68880,UNH,5m
2026-05-20 15:40:00+00:00,384.8399963378906,385.6199951171875,384.7349853515625,385.1600036621094,58242,UNH,5m
2026-05-20 15:45:00+00:00,385.19000244140625,385.8403015136719,384.8900146484375,385.77508544921875,33859,UNH,5m
2026-05-20 15:50:00+00:00,385.8349914550781,386.6700134277344,385.7699890136719,386.5,33959,UNH,5m
2026-05-20 15:55:00+00:00,386.5,386.5,384.79998779296875,384.9599914550781,50797,UNH,5m
2026-05-20 16:00:00+00:00,384.95001220703125,385.1300048828125,384.5350036621094,384.625,79802,UNH,5m
2026-05-20 16:05:00+00:00,384.5899963378906,384.5899963378906,383.70001220703125,383.9750061035156,255893,UNH,5m
2026-05-20 16:10:00+00:00,383.92999267578125,384.2200012207031,383.1099853515625,383.510009765625,59696,UNH,5m
2026-05-20 16:15:00+00:00,383.510009765625,383.93450927734375,383.32000732421875,383.8299865722656,39794,UNH,5m
2026-05-20 16:20:00+00:00,383.8500061035156,384.6050109863281,383.6700134277344,384.4800109863281,80838,UNH,5m
2026-05-20 16:25:00+00:00,384.45001220703125,384.989990234375,384.4100036621094,384.8500061035156,32589,UNH,5m
2026-05-20 16:30:00+00:00,384.82501220703125,385.4649963378906,384.82000732421875,385.0704040527344,28661,UNH,5m
2026-05-20 16:35:00+00:00,385.1499938964844,385.9049987792969,384.79998779296875,385.54998779296875,51109,UNH,5m
2026-05-20 16:40:00+00:00,385.52301025390625,385.9599914550781,385.40008544921875,385.7550048828125,80718,UNH,5m
2026-05-20 16:45:00+00:00,385.7099914550781,386.1700134277344,384.5299987792969,384.7799987792969,42267,UNH,5m
2026-05-20 16:50:00+00:00,384.75,385.0400085449219,384.6099853515625,384.69000244140625,28757,UNH,5m
2026-05-20 16:55:00+00:00,384.7099914550781,384.8800048828125,383.8800048828125,383.92999267578125,88798,UNH,5m
2026-05-20 17:00:00+00:00,383.94189453125,384.1000061035156,382.5,382.5450134277344,114301,UNH,5m
2026-05-20 17:05:00+00:00,382.5450134277344,382.9200134277344,382.4700012207031,382.5350036621094,86393,UNH,5m
2026-05-20 17:10:00+00:00,382.5299987792969,383.2900085449219,382.4800109863281,383.2099914550781,78298,UNH,5m
2026-05-20 17:15:00+00:00,383.17498779296875,383.29998779296875,382.6000061035156,382.9049987792969,41890,UNH,5m
2026-05-20 17:20:00+00:00,382.8550109863281,382.8645935058594,382.239990234375,382.239990234375,58789,UNH,5m
2026-05-20 17:25:00+00:00,382.239990234375,382.57000732421875,381.8500061035156,382.07501220703125,96960,UNH,5m
2026-05-20 17:30:00+00:00,382.07501220703125,382.1499938964844,381.5799865722656,381.69000244140625,87008,UNH,5m
2026-05-20 17:35:00+00:00,381.67999267578125,382.42999267578125,381.5,382.1549987792969,92460,UNH,5m
2026-05-20 17:40:00+00:00,382.1600036621094,383.20001220703125,382.1449890136719,383.20001220703125,61005,UNH,5m
2026-05-20 17:45:00+00:00,383.2250061035156,383.3800048828125,382.5299987792969,382.8699951171875,60591,UNH,5m
2026-05-20 17:50:00+00:00,382.8699951171875,383.44000244140625,382.5,382.8900146484375,98062,UNH,5m
2026-05-20 17:55:00+00:00,382.8900146484375,383.23089599609375,382.70001220703125,382.864990234375,67187,UNH,5m
2026-05-20 18:00:00+00:00,382.79998779296875,383.0899963378906,382.5199890136719,383.0350036621094,57921,UNH,5m
2026-05-20 18:05:00+00:00,383.04998779296875,383.6499938964844,382.7799987792969,383.0400085449219,45482,UNH,5m
2026-05-20 18:10:00+00:00,383.0950012207031,383.2699890136719,382.8800048828125,382.9800109863281,39159,UNH,5m
2026-05-20 18:15:00+00:00,382.9700012207031,383.760009765625,382.9649963378906,383.635009765625,36907,UNH,5m
2026-05-20 18:20:00+00:00,383.635009765625,384.29998779296875,383.6000061035156,384.0950012207031,33582,UNH,5m
2026-05-20 18:25:00+00:00,384.0950927734375,384.1600036621094,383.6300048828125,384.06500244140625,50535,UNH,5m
2026-05-20 18:30:00+00:00,384.1000061035156,384.55499267578125,382.8900146484375,383.3599853515625,42252,UNH,5m
2026-05-20 18:35:00+00:00,383.3599853515625,383.42999267578125,382.1300048828125,382.43121337890625,47967,UNH,5m
2026-05-20 18:40:00+00:00,382.4549865722656,382.760009765625,382.2200012207031,382.385009765625,38525,UNH,5m
2026-05-20 18:45:00+00:00,382.29998779296875,382.55279541015625,381.2799987792969,381.7900085449219,95085,UNH,5m
2026-05-20 18:50:00+00:00,381.80999755859375,381.80999755859375,381.1588134765625,381.30499267578125,71850,UNH,5m
2026-05-20 18:55:00+00:00,381.29998779296875,381.32000732421875,380.70001220703125,380.80999755859375,105621,UNH,5m
2026-05-20 19:00:00+00:00,380.79998779296875,381.5899963378906,380.7699890136719,381.5450134277344,90897,UNH,5m
2026-05-20 19:05:00+00:00,381.5450134277344,382.8800048828125,381.5,382.45001220703125,81878,UNH,5m
2026-05-20 19:10:00+00:00,382.4750061035156,383.3399963378906,382.42999267578125,383.18499755859375,71521,UNH,5m
2026-05-20 19:15:00+00:00,383.17999267578125,383.69000244140625,383.04998779296875,383.6499938964844,48159,UNH,5m
2026-05-20 19:20:00+00:00,383.6199951171875,383.70001220703125,382.8900146484375,383.55499267578125,96950,UNH,5m
2026-05-20 19:25:00+00:00,383.4901123046875,384.25,383.4200134277344,383.8843078613281,61131,UNH,5m
2026-05-20 19:30:00+00:00,383.7699890136719,383.875,383.0299987792969,383.552490234375,87056,UNH,5m
2026-05-20 19:35:00+00:00,383.5199890136719,383.70001220703125,383.1099853515625,383.5199890136719,111069,UNH,5m
2026-05-20 19:40:00+00:00,383.6000061035156,383.70001220703125,382.9700012207031,382.9800109863281,87345,UNH,5m
2026-05-20 19:45:00+00:00,382.9700012207031,383.6099853515625,382.760009765625,383.44000244140625,123952,UNH,5m
2026-05-20 19:50:00+00:00,383.4100036621094,383.5249938964844,381.760009765625,381.82000732421875,219321,UNH,5m
2026-05-20 19:55:00+00:00,381.82000732421875,383.510009765625,381.7200012207031,383.2749938964844,674085,UNH,5m
2026-05-21 13:30:00+00:00,381.1199951171875,384.0,380.5400085449219,382.0299987792969,193934,UNH,5m
2026-05-21 13:35:00+00:00,382.05999755859375,383.510009765625,381.5799865722656,381.94000244140625,85279,UNH,5m
2026-05-21 13:40:00+00:00,381.92498779296875,383.0299987792969,381.92498779296875,382.54998779296875,73962,UNH,5m
2026-05-21 13:45:00+00:00,382.75,384.56500244140625,382.6400146484375,384.29998779296875,111693,UNH,5m
2026-05-21 13:50:00+00:00,384.2699890136719,384.8349914550781,383.30999755859375,383.885009765625,46537,UNH,5m
2026-05-21 13:55:00+00:00,383.8114929199219,384.04998779296875,383.07000732421875,383.5799865722656,54979,UNH,5m
2026-05-21 14:00:00+00:00,383.5799865722656,384.2699890136719,383.0799865722656,383.706787109375,57177,UNH,5m
2026-05-21 14:05:00+00:00,383.82000732421875,383.82000732421875,382.7900085449219,383.04998779296875,38014,UNH,5m
2026-05-21 14:10:00+00:00,383.07000732421875,383.32000732421875,382.57000732421875,382.7300109863281,66111,UNH,5m
2026-05-21 14:15:00+00:00,382.75,383.2099914550781,382.2101135253906,382.6000061035156,64639,UNH,5m
2026-05-21 14:20:00+00:00,382.6199951171875,383.27911376953125,382.4150085449219,382.8299865722656,48031,UNH,5m
2026-05-21 14:25:00+00:00,382.7200012207031,382.7970886230469,382.2650146484375,382.510009765625,32026,UNH,5m
2026-05-21 14:30:00+00:00,382.6700134277344,383.0899963378906,381.6700134277344,381.9750061035156,35517,UNH,5m
2026-05-21 14:35:00+00:00,381.989990234375,382.59991455078125,381.8800048828125,382.44000244140625,20328,UNH,5m
2026-05-21 14:40:00+00:00,382.42999267578125,382.95001220703125,382.1099853515625,382.94500732421875,15575,UNH,5m
2026-05-21 14:45:00+00:00,382.9501037597656,383.5,382.760009765625,383.0249938964844,34593,UNH,5m
2026-05-21 14:50:00+00:00,383.0299987792969,384.2149963378906,382.70220947265625,383.8800048828125,60346,UNH,5m
2026-05-21 14:55:00+00:00,383.8999938964844,384.6600036621094,383.82000732421875,384.4100036621094,49447,UNH,5m
2026-05-21 15:00:00+00:00,384.42999267578125,384.54998779296875,383.82000732421875,383.8949890136719,25802,UNH,5m
2026-05-21 15:05:00+00:00,383.8299865722656,383.9049987792969,383.4469909667969,383.69000244140625,15109,UNH,5m
2026-05-21 15:10:00+00:00,383.70001220703125,384.4200134277344,383.6199951171875,384.239990234375,27439,UNH,5m
2026-05-21 15:15:00+00:00,384.239990234375,384.29998779296875,383.8999938964844,384.135009765625,14122,UNH,5m
2026-05-21 15:20:00+00:00,384.1358947753906,384.239990234375,383.69500732421875,383.92999267578125,25588,UNH,5m
2026-05-21 15:25:00+00:00,383.8900146484375,384.0799865722656,383.6400146484375,383.8699951171875,28471,UNH,5m
2026-05-21 15:30:00+00:00,383.8699951171875,384.80999755859375,383.7699890136719,384.5400085449219,37915,UNH,5m
2026-05-21 15:35:00+00:00,384.614990234375,385.44000244140625,384.4525146484375,385.3399963378906,47855,UNH,5m
2026-05-21 15:40:00+00:00,385.4200134277344,385.75,384.57501220703125,385.212890625,85817,UNH,5m
2026-05-21 15:45:00+00:00,385.2099914550781,385.8999938964844,384.8800048828125,385.8301086425781,24009,UNH,5m
2026-05-21 15:50:00+00:00,385.8299865722656,386.0400085449219,385.07000732421875,385.32000732421875,28219,UNH,5m
2026-05-21 15:55:00+00:00,385.32000732421875,385.54998779296875,384.8900146484375,385.0,27362,UNH,5m
2026-05-21 16:00:00+00:00,385.0400085449219,385.54998779296875,384.8900146484375,385.54998779296875,20228,UNH,5m
2026-05-21 16:05:00+00:00,385.54998779296875,386.1050109863281,385.4200134277344,385.8699951171875,47760,UNH,5m
2026-05-21 16:10:00+00:00,385.8699951171875,385.989990234375,385.2300109863281,385.260009765625,32256,UNH,5m
2026-05-21 16:15:00+00:00,385.2701110839844,385.63751220703125,384.75,384.8349914550781,44976,UNH,5m
2026-05-21 16:20:00+00:00,384.9800109863281,385.1499938964844,384.5675048828125,384.8500061035156,18237,UNH,5m
2026-05-21 16:25:00+00:00,384.875,384.9599914550781,384.6400146484375,384.75,17449,UNH,5m
2026-05-21 16:30:00+00:00,384.8299865722656,384.8299865722656,384.0799865722656,384.45001220703125,25358,UNH,5m
2026-05-21 16:35:00+00:00,384.4700012207031,384.6099853515625,383.385009765625,383.510009765625,29014,UNH,5m
2026-05-21 16:40:00+00:00,383.44000244140625,384.6199951171875,383.3900146484375,384.55999755859375,27005,UNH,5m
2026-05-21 16:45:00+00:00,384.6199951171875,384.8699951171875,384.52899169921875,384.739990234375,17809,UNH,5m
2026-05-21 16:50:00+00:00,384.739990234375,384.94000244140625,384.67999267578125,384.70001220703125,19592,UNH,5m
2026-05-21 16:55:00+00:00,384.739990234375,384.81500244140625,384.4100036621094,384.7200012207031,22897,UNH,5m
2026-05-21 17:00:00+00:00,384.70001220703125,384.7900085449219,384.1400146484375,384.20001220703125,28784,UNH,5m
2026-05-21 17:05:00+00:00,384.2099914550781,384.45001220703125,383.9800109863281,383.9800109863281,13179,UNH,5m
2026-05-21 17:10:00+00:00,384.07000732421875,384.79998779296875,383.739990234375,384.25,25662,UNH,5m
2026-05-21 17:15:00+00:00,384.25,385.1000061035156,384.0199890136719,384.69500732421875,34139,UNH,5m
2026-05-21 17:20:00+00:00,384.6805114746094,384.9700012207031,384.260009765625,384.44500732421875,21672,UNH,5m
2026-05-21 17:25:00+00:00,384.44500732421875,384.4549865722656,384.0899963378906,384.1000061035156,25867,UNH,5m
2026-05-21 17:30:00+00:00,384.090087890625,384.44000244140625,383.5,383.760009765625,24557,UNH,5m
2026-05-21 17:35:00+00:00,383.760009765625,383.7898864746094,383.29998779296875,383.3399963378906,26536,UNH,5m
2026-05-21 17:40:00+00:00,383.3059997558594,384.0350036621094,383.2300109863281,384.0350036621094,16676,UNH,5m
2026-05-21 17:45:00+00:00,384.1000061035156,384.1199951171875,383.6400146484375,384.0050048828125,31185,UNH,5m
2026-05-21 17:50:00+00:00,384.0,384.3900146484375,383.7001037597656,384.3299865722656,23944,UNH,5m
2026-05-21 17:55:00+00:00,384.409912109375,384.6400146484375,383.75,384.05499267578125,30132,UNH,5m
2026-05-21 18:00:00+00:00,383.92449951171875,384.44000244140625,383.92449951171875,384.2099914550781,23029,UNH,5m
2026-05-21 18:05:00+00:00,384.1050109863281,384.5,383.760986328125,383.760986328125,27091,UNH,5m
2026-05-21 18:10:00+00:00,383.82501220703125,384.19000244140625,383.760009765625,383.79998779296875,22189,UNH,5m
2026-05-21 18:15:00+00:00,383.8800048828125,384.0199890136719,383.69000244140625,383.82000732421875,14589,UNH,5m
2026-05-21 18:20:00+00:00,383.82000732421875,384.5150146484375,383.80499267578125,384.3699951171875,41224,UNH,5m
2026-05-21 18:25:00+00:00,384.3699951171875,384.5299987792969,384.2200012207031,384.260009765625,26080,UNH,5m
2026-05-21 18:30:00+00:00,384.29998779296875,384.4599914550781,384.0799865722656,384.2699890136719,25556,UNH,5m
2026-05-21 18:35:00+00:00,384.2699890136719,384.3299865722656,383.54010009765625,383.69000244140625,20096,UNH,5m
2026-05-21 18:40:00+00:00,383.6400146484375,383.9100036621094,383.614990234375,383.8699951171875,12533,UNH,5m
2026-05-21 18:45:00+00:00,383.94000244140625,384.0299987792969,383.2300109863281,383.5,21034,UNH,5m
2026-05-21 18:50:00+00:00,383.5,383.5299072265625,382.6600036621094,382.6600036621094,24159,UNH,5m
2026-05-21 18:55:00+00:00,382.6300048828125,382.8699951171875,382.5675048828125,382.80999755859375,18312,UNH,5m
2026-05-21 19:00:00+00:00,382.7900085449219,383.0799865722656,382.7699890136719,382.9800109863281,19964,UNH,5m
2026-05-21 19:05:00+00:00,383.0199890136719,383.4700012207031,382.8399963378906,383.3800048828125,26244,UNH,5m
2026-05-21 19:10:00+00:00,383.3800048828125,383.3949890136719,383.0369873046875,383.2200012207031,25690,UNH,5m
2026-05-21 19:15:00+00:00,383.2250061035156,383.260009765625,382.7099914550781,382.79901123046875,21262,UNH,5m
2026-05-21 19:20:00+00:00,382.739990234375,383.1000061035156,382.6449890136719,382.739990234375,23960,UNH,5m
2026-05-21 19:25:00+00:00,382.69500732421875,383.1600036621094,382.6199951171875,383.07000732421875,38493,UNH,5m
2026-05-21 19:30:00+00:00,383.0,383.1199951171875,382.5,382.5400085449219,29261,UNH,5m
2026-05-21 19:35:00+00:00,382.5,382.7200012207031,382.19000244140625,382.4800109863281,79443,UNH,5m
2026-05-21 19:40:00+00:00,382.489990234375,382.6300048828125,382.0950012207031,382.1300048828125,51808,UNH,5m
2026-05-21 19:45:00+00:00,382.19000244140625,382.79998779296875,382.19000244140625,382.6499938964844,67116,UNH,5m
2026-05-21 19:50:00+00:00,382.8599853515625,383.17498779296875,381.8500061035156,381.8999938964844,104696,UNH,5m
2026-05-21 19:55:00+00:00,381.92999267578125,382.67999267578125,381.6700134277344,382.510009765625,224389,UNH,5m
2026-05-22 13:30:00+00:00,381.9200134277344,382.8800048828125,381.0950012207031,381.69000244140625,203764,UNH,5m
2026-05-22 13:35:00+00:00,381.6300048828125,383.7099914550781,381.010009765625,383.5,101799,UNH,5m
2026-05-22 13:40:00+00:00,383.5249938964844,385.0,383.3299865722656,384.2200012207031,94266,UNH,5m
2026-05-22 13:45:00+00:00,384.44000244140625,385.0,383.510009765625,384.9700012207031,53609,UNH,5m
2026-05-22 13:50:00+00:00,384.8550109863281,385.8299865722656,384.7300109863281,385.2799987792969,41507,UNH,5m
2026-05-22 13:55:00+00:00,385.2799987792969,385.55999755859375,384.5400085449219,385.3399963378906,40136,UNH,5m
2026-05-22 14:00:00+00:00,385.4200134277344,385.75,384.6499938964844,385.0450134277344,46039,UNH,5m
2026-05-22 14:05:00+00:00,385.0450134277344,385.5,383.8100891113281,385.4800109863281,42213,UNH,5m
2026-05-22 14:10:00+00:00,385.489990234375,386.7900085449219,385.4750061035156,386.07000732421875,59786,UNH,5m
2026-05-22 14:15:00+00:00,386.2449951171875,387.25,386.0700988769531,387.2499084472656,59970,UNH,5m
2026-05-22 14:20:00+00:00,387.25,387.5199890136719,385.5400085449219,386.4200134277344,78512,UNH,5m
2026-05-22 14:25:00+00:00,386.4200134277344,387.7099914550781,386.4200134277344,387.67999267578125,40093,UNH,5m
2026-05-22 14:30:00+00:00,387.760009765625,388.2900085449219,387.739990234375,387.989990234375,52753,UNH,5m
2026-05-22 14:35:00+00:00,388.0,388.29998779296875,387.82000732421875,387.9949951171875,41927,UNH,5m
2026-05-22 14:40:00+00:00,387.989990234375,388.04998779296875,387.44000244140625,387.4700012207031,27169,UNH,5m
2026-05-22 14:45:00+00:00,387.4700012207031,388.875,387.4700012207031,388.42498779296875,37102,UNH,5m
2026-05-22 14:50:00+00:00,388.42498779296875,388.8800048828125,387.8800048828125,388.2749938964844,54432,UNH,5m
2026-05-22 14:55:00+00:00,388.2749938964844,389.5,387.9200134277344,388.9075012207031,96200,UNH,5m
2026-05-22 15:00:00+00:00,388.9049987792969,389.0799865722656,388.18499755859375,388.7048645019531,35953,UNH,5m
2026-05-22 15:05:00+00:00,388.7250061035156,388.8500061035156,388.239990234375,388.3550109863281,20479,UNH,5m
2026-05-22 15:10:00+00:00,388.489990234375,388.489990234375,388.0,388.1449890136719,17125,UNH,5m
2026-05-22 15:15:00+00:00,388.03399658203125,388.8999938964844,387.9100036621094,388.8949890136719,21906,UNH,5m
2026-05-22 15:20:00+00:00,388.8599853515625,388.860107421875,388.010009765625,388.29998779296875,29920,UNH,5m
2026-05-22 15:25:00+00:00,388.17010498046875,389.1000061035156,388.0000915527344,388.8999938964844,30948,UNH,5m
2026-05-22 15:30:00+00:00,388.9200134277344,388.95001220703125,388.260009765625,388.8500061035156,45400,UNH,5m
2026-05-22 15:35:00+00:00,388.885009765625,389.6499938964844,388.6199951171875,389.3900146484375,53927,UNH,5m
2026-05-22 15:40:00+00:00,389.3599853515625,389.8500061035156,389.3599853515625,389.6600036621094,33031,UNH,5m
2026-05-22 15:45:00+00:00,389.67498779296875,389.8999938964844,389.3699951171875,389.3699951171875,32124,UNH,5m
2026-05-22 15:50:00+00:00,389.3999938964844,389.75,389.1199951171875,389.739990234375,30475,UNH,5m
2026-05-22 15:55:00+00:00,389.7200927734375,389.8500061035156,389.30999755859375,389.6650085449219,29738,UNH,5m
2026-05-22 16:00:00+00:00,389.6499938964844,390.5400085449219,389.60009765625,390.0899963378906,64012,UNH,5m
2026-05-22 16:05:00+00:00,390.0400085449219,390.1199951171875,389.57000732421875,389.8299865722656,22621,UNH,5m
2026-05-22 16:10:00+00:00,389.8299865722656,389.8399963378906,388.77099609375,388.9649963378906,39327,UNH,5m
2026-05-22 16:15:00+00:00,388.9200134277344,388.9200134277344,388.1700134277344,388.5400085449219,28229,UNH,5m
2026-05-22 16:20:00+00:00,388.5899963378906,389.07000732421875,388.4599914550781,388.7699890136719,37482,UNH,5m
2026-05-22 16:25:00+00:00,388.7699890136719,388.8999938964844,388.20001220703125,388.30999755859375,49311,UNH,5m
2026-05-22 16:30:00+00:00,388.3999938964844,388.9649963378906,388.385009765625,388.8699951171875,17286,UNH,5m
2026-05-22 16:35:00+00:00,388.8500061035156,388.8999938964844,388.4200134277344,388.510009765625,16851,UNH,5m
2026-05-22 16:40:00+00:00,388.54998779296875,388.989990234375,388.4504089355469,388.67498779296875,16060,UNH,5m
2026-05-22 16:45:00+00:00,388.55999755859375,388.8599853515625,388.4433898925781,388.5,22794,UNH,5m
2026-05-22 16:50:00+00:00,388.5299987792969,388.69000244140625,388.4200134277344,388.6650085449219,15717,UNH,5m
2026-05-22 16:55:00+00:00,388.7049865722656,388.75,387.6199951171875,387.8299865722656,27470,UNH,5m
2026-05-22 17:00:00+00:00,387.8599853515625,388.04998779296875,387.6199951171875,387.7449951171875,19485,UNH,5m
2026-05-22 17:05:00+00:00,387.7449951171875,387.8959045410156,387.4700012207031,387.7850036621094,19113,UNH,5m
2026-05-22 17:10:00+00:00,387.8651123046875,388.39990234375,387.8299865722656,388.1173095703125,23414,UNH,5m
2026-05-22 17:15:00+00:00,388.2049865722656,388.2049865722656,387.6099853515625,387.6099853515625,22910,UNH,5m
2026-05-22 17:20:00+00:00,387.7749938964844,388.0050048828125,387.6700134277344,387.7799987792969,22903,UNH,5m
2026-05-22 17:25:00+00:00,387.82000732421875,388.69000244140625,387.7850036621094,388.5299987792969,38408,UNH,5m
2026-05-22 17:30:00+00:00,388.5299987792969,388.7398986816406,388.1300048828125,388.5299987792969,17966,UNH,5m
2026-05-22 17:35:00+00:00,388.5299987792969,389.5299987792969,388.29010009765625,389.4601135253906,35026,UNH,5m
2026-05-22 17:40:00+00:00,389.4849853515625,389.5199890136719,388.95001220703125,388.9599914550781,30284,UNH,5m
2026-05-22 17:45:00+00:00,388.99371337890625,389.2099914550781,388.7900085449219,388.92999267578125,17584,UNH,5m
2026-05-22 17:50:00+00:00,388.8550109863281,389.1400146484375,388.80499267578125,388.8299865722656,17589,UNH,5m
2026-05-22 17:55:00+00:00,388.8299865722656,388.8699951171875,388.5,388.69000244140625,14097,UNH,5m
2026-05-22 18:00:00+00:00,388.69000244140625,388.69000244140625,388.07000732421875,388.1000061035156,33071,UNH,5m
2026-05-22 18:05:00+00:00,388.1000061035156,388.31500244140625,387.989990234375,388.1260070800781,22314,UNH,5m
2026-05-22 18:10:00+00:00,388.1499938964844,388.2099914550781,387.90008544921875,388.0899963378906,15596,UNH,5m
2026-05-22 18:15:00+00:00,388.0299987792969,388.3699951171875,387.92498779296875,388.2650146484375,23587,UNH,5m
2026-05-22 18:20:00+00:00,388.2674865722656,388.3500061035156,387.6600036621094,387.6600036621094,24684,UNH,5m
2026-05-22 18:25:00+00:00,387.7449951171875,388.239990234375,387.6409912109375,388.04998779296875,50159,UNH,5m
2026-05-22 18:30:00+00:00,388.1400146484375,388.1400146484375,387.8500061035156,388.0199890136719,28448,UNH,5m
2026-05-22 18:35:00+00:00,388.0400085449219,388.04998779296875,387.510009765625,387.57501220703125,31459,UNH,5m
2026-05-22 18:40:00+00:00,387.4800109863281,387.56500244140625,387.2900085449219,387.5,29182,UNH,5m
2026-05-22 18:45:00+00:00,387.4800109863281,387.8055114746094,387.25,387.54010009765625,25312,UNH,5m
2026-05-22 18:50:00+00:00,387.6400146484375,388.1700134277344,387.6400146484375,388.05499267578125,581201,UNH,5m
2026-05-22 18:55:00+00:00,388.1099853515625,388.2900085449219,387.3500061035156,387.4200134277344,53625,UNH,5m
2026-05-22 19:00:00+00:00,387.44000244140625,387.489990234375,386.9454040527344,387.2025146484375,27744,UNH,5m
2026-05-22 19:05:00+00:00,387.2699890136719,387.44000244140625,387.05999755859375,387.29998779296875,16140,UNH,5m
2026-05-22 19:10:00+00:00,387.29998779296875,387.4299011230469,387.1199951171875,387.2320861816406,24138,UNH,5m
2026-05-22 19:15:00+00:00,387.25,387.80999755859375,387.2149963378906,387.4100036621094,35845,UNH,5m
2026-05-22 19:20:00+00:00,387.44000244140625,387.6628112792969,387.2449951171875,387.4750061035156,40832,UNH,5m
2026-05-22 19:25:00+00:00,387.4800109863281,387.6499938964844,387.239990234375,387.3450012207031,41007,UNH,5m
2026-05-22 19:30:00+00:00,387.3450927734375,388.260009765625,387.04998779296875,387.92999267578125,43949,UNH,5m
2026-05-22 19:35:00+00:00,387.92999267578125,388.25,387.5799865722656,387.6300048828125,52007,UNH,5m
2026-05-22 19:40:00+00:00,387.5799865722656,387.6300048828125,386.9100036621094,387.19500732421875,50770,UNH,5m
2026-05-22 19:45:00+00:00,387.260009765625,387.44000244140625,386.9100036621094,386.9849853515625,48953,UNH,5m
2026-05-22 19:50:00+00:00,387.0400085449219,388.010009765625,386.8699951171875,387.760009765625,106868,UNH,5m
2026-05-22 19:55:00+00:00,387.8500061035156,388.95001220703125,387.7900085449219,388.5799865722656,198664,UNH,5m
2026-05-26 13:30:00+00:00,386.0,386.5199890136719,381.1199951171875,381.1199951171875,437392,UNH,5m
2026-05-26 13:35:00+00:00,381.1300048828125,383.0,380.8009033203125,381.8999938964844,62051,UNH,5m
2026-05-26 13:40:00+00:00,381.9137268066406,382.30999755859375,380.25,380.92999267578125,61992,UNH,5m
2026-05-26 13:45:00+00:00,380.92999267578125,381.0249938964844,379.010009765625,379.3399963378906,128683,UNH,5m
2026-05-26 13:50:00+00:00,379.29998779296875,379.659912109375,378.5,378.7699890136719,80152,UNH,5m
2026-05-26 13:55:00+00:00,378.7749938964844,379.1499938964844,377.67999267578125,377.80999755859375,117163,UNH,5m
2026-05-26 14:00:00+00:00,377.8800048828125,378.760009765625,377.70001220703125,378.44500732421875,97640,UNH,5m
2026-05-26 14:05:00+00:00,378.489990234375,378.739990234375,377.7099914550781,377.7900085449219,78068,UNH,5m
2026-05-26 14:10:00+00:00,377.7900085449219,378.30999755859375,377.510009765625,377.8100891113281,66344,UNH,5m
2026-05-26 14:15:00+00:00,377.80999755859375,378.2799987792969,376.6000061035156,376.614990234375,111170,UNH,5m
2026-05-26 14:20:00+00:00,376.6300048828125,377.7099914550781,376.41009521484375,377.6000061035156,84912,UNH,5m
2026-05-26 14:25:00+00:00,377.5450134277344,378.19000244140625,377.489990234375,377.5,78785,UNH,5m
2026-05-26 14:30:00+00:00,377.6099853515625,379.2088928222656,377.55999755859375,378.3999938964844,91902,UNH,5m
2026-05-26 14:35:00+00:00,378.3999938964844,378.760009765625,378.2200012207031,378.4200134277344,58784,UNH,5m
2026-05-26 14:40:00+00:00,378.4100036621094,379.1700134277344,378.20001220703125,379.1700134277344,46484,UNH,5m
2026-05-26 14:45:00+00:00,379.1700134277344,379.6000061035156,378.4849853515625,378.489990234375,39885,UNH,5m
2026-05-26 14:50:00+00:00,378.5299987792969,378.95001220703125,378.35009765625,378.79541015625,39735,UNH,5m
2026-05-26 14:55:00+00:00,378.8599853515625,379.0,377.9549865722656,378.80999755859375,44236,UNH,5m
2026-05-26 15:00:00+00:00,378.7799987792969,379.010009765625,378.6199951171875,378.92999267578125,30228,UNH,5m
2026-05-26 15:05:00+00:00,378.94500732421875,379.8699951171875,378.8800964355469,379.82000732421875,39780,UNH,5m
2026-05-26 15:10:00+00:00,379.8699951171875,380.3999938964844,379.6099853515625,379.8550109863281,56860,UNH,5m
2026-05-26 15:15:00+00:00,379.80999755859375,379.8800048828125,378.78009033203125,378.8999938964844,61202,UNH,5m
2026-05-26 15:20:00+00:00,378.99468994140625,379.07000732421875,378.30999755859375,378.92999267578125,54303,UNH,5m
2026-05-26 15:25:00+00:00,378.9700012207031,379.1000061035156,378.70989990234375,378.94000244140625,35533,UNH,5m
2026-05-26 15:30:00+00:00,378.9599914550781,379.047607421875,378.20001220703125,378.6050109863281,47494,UNH,5m
2026-05-26 15:35:00+00:00,378.54998779296875,378.79278564453125,378.2200012207031,378.7650146484375,31838,UNH,5m
2026-05-26 15:40:00+00:00,378.79998779296875,379.010009765625,378.5434875488281,378.760009765625,30800,UNH,5m
2026-05-26 15:45:00+00:00,378.6700134277344,378.760009765625,378.32000732421875,378.5199890136719,19508,UNH,5m
2026-05-26 15:50:00+00:00,378.5299987792969,378.5299987792969,378.1000061035156,378.1000061035156,18510,UNH,5m
2026-05-26 15:55:00+00:00,378.0899963378906,378.739990234375,377.9100036621094,378.57000732421875,29911,UNH,5m
2026-05-26 16:00:00+00:00,378.5249938964844,378.6700134277344,378.239990234375,378.29998779296875,38591,UNH,5m
2026-05-26 16:05:00+00:00,378.3500061035156,378.760009765625,378.239990234375,378.29010009765625,33670,UNH,5m
2026-05-26 16:10:00+00:00,378.3500061035156,378.5,378.239990234375,378.30999755859375,23616,UNH,5m
2026-05-26 16:15:00+00:00,378.3599853515625,378.7300109863281,378.2300109863281,378.68499755859375,42429,UNH,5m
2026-05-26 16:20:00+00:00,378.6700134277344,378.95001220703125,378.5400085449219,378.5799865722656,42126,UNH,5m
2026-05-26 16:25:00+00:00,378.6199951171875,378.69000244140625,378.19000244140625,378.2900085449219,44734,UNH,5m
2026-05-26 16:30:00+00:00,378.2200012207031,378.2900085449219,377.9700012207031,378.125,41414,UNH,5m
2026-05-26 16:35:00+00:00,378.0799865722656,378.260009765625,377.5899963378906,377.6700134277344,299665,UNH,5m
2026-05-26 16:40:00+00:00,377.6426086425781,377.7598876953125,377.42999267578125,377.70001220703125,24477,UNH,5m
2026-05-26 16:45:00+00:00,377.7099914550781,377.9599914550781,377.5299987792969,377.5299987792969,23635,UNH,5m
2026-05-26 16:50:00+00:00,377.54998779296875,377.70001220703125,377.37750244140625,377.4800109863281,31045,UNH,5m
2026-05-26 16:55:00+00:00,377.4150085449219,377.4689025878906,376.802001953125,377.0,45729,UNH,5m
2026-05-26 17:00:00+00:00,376.9849853515625,377.54998779296875,376.960693359375,377.2049865722656,26871,UNH,5m
2026-05-26 17:05:00+00:00,377.2049865722656,377.760009765625,377.2049865722656,377.4599914550781,44164,UNH,5m
2026-05-26 17:10:00+00:00,377.4599914550781,377.9700012207031,377.2550048828125,377.9200134277344,32794,UNH,5m
2026-05-26 17:15:00+00:00,377.9200134277344,378.489990234375,377.7049865722656,378.2950134277344,31825,UNH,5m
2026-05-26 17:20:00+00:00,378.30499267578125,378.6787109375,378.260009765625,378.5299987792969,21491,UNH,5m
2026-05-26 17:25:00+00:00,378.57000732421875,378.69000244140625,378.3200988769531,378.489990234375,41707,UNH,5m
2026-05-26 17:30:00+00:00,378.489990234375,378.54998779296875,378.1199951171875,378.2300109863281,19226,UNH,5m
2026-05-26 17:35:00+00:00,378.2300109863281,378.3500061035156,377.9800109863281,378.2950134277344,26193,UNH,5m
2026-05-26 17:40:00+00:00,378.3500061035156,378.5150146484375,378.1199951171875,378.5150146484375,23543,UNH,5m
2026-05-26 17:45:00+00:00,378.4800109863281,378.5199890136719,378.25,378.25,18559,UNH,5m
2026-05-26 17:50:00+00:00,378.3699951171875,378.45001220703125,378.2070007324219,378.25,22281,UNH,5m
2026-05-26 17:55:00+00:00,378.25,379.2900085449219,378.1499938964844,378.9200134277344,73839,UNH,5m
2026-05-26 18:00:00+00:00,378.9150085449219,379.8999938964844,378.9150085449219,379.7799987792969,36661,UNH,5m
2026-05-26 18:05:00+00:00,379.7799987792969,380.20001220703125,379.54998779296875,380.1099853515625,34318,UNH,5m
2026-05-26 18:10:00+00:00,380.1000061035156,380.42999267578125,379.66009521484375,379.8599853515625,28938,UNH,5m
2026-05-26 18:15:00+00:00,379.8800048828125,379.8800048828125,379.5299987792969,379.67999267578125,37748,UNH,5m
2026-05-26 18:20:00+00:00,379.6600036621094,379.8599853515625,379.340087890625,379.739990234375,24992,UNH,5m
2026-05-26 18:25:00+00:00,379.7749938964844,379.8500061035156,379.55999755859375,379.6000061035156,19760,UNH,5m
2026-05-26 18:30:00+00:00,379.6300048828125,380.32000732421875,379.30999755859375,380.30999755859375,49082,UNH,5m
2026-05-26 18:35:00+00:00,380.25,380.30999755859375,379.6199951171875,379.760009765625,20349,UNH,5m
2026-05-26 18:40:00+00:00,379.739990234375,379.80999755859375,379.3500061035156,379.3699951171875,31395,UNH,5m
2026-05-26 18:45:00+00:00,379.4096984863281,379.6199951171875,379.260009765625,379.5799865722656,29118,UNH,5m
2026-05-26 18:50:00+00:00,379.56500244140625,379.5899963378906,379.2799987792969,379.4700012207031,33782,UNH,5m
2026-05-26 18:55:00+00:00,379.4700012207031,379.57501220703125,379.1400146484375,379.4700012207031,37216,UNH,5m
2026-05-26 19:00:00+00:00,379.5,379.5450134277344,378.5299987792969,379.2799987792969,86497,UNH,5m
2026-05-26 19:05:00+00:00,379.31988525390625,379.8800048828125,379.2550048828125,379.8500061035156,31673,UNH,5m
2026-05-26 19:10:00+00:00,379.8114013671875,379.864990234375,379.5299987792969,379.6600036621094,79233,UNH,5m
2026-05-26 19:15:00+00:00,379.739990234375,379.94000244140625,379.5899963378906,379.80999755859375,43541,UNH,5m
2026-05-26 19:20:00+00:00,379.80999755859375,379.80999755859375,379.1499938964844,379.2049865722656,40529,UNH,5m
2026-05-26 19:25:00+00:00,379.1499938964844,379.6000061035156,379.1050109863281,379.4599914550781,46864,UNH,5m
2026-05-26 19:30:00+00:00,379.45501708984375,379.5299987792969,379.17999267578125,379.2349853515625,41848,UNH,5m
2026-05-26 19:35:00+00:00,379.19000244140625,379.4599914550781,379.1099853515625,379.38360595703125,41055,UNH,5m
2026-05-26 19:40:00+00:00,379.3500061035156,379.3900146484375,379.0350036621094,379.25,52677,UNH,5m
2026-05-26 19:45:00+00:00,379.20001220703125,379.44000244140625,378.625,379.0199890136719,87132,UNH,5m
2026-05-26 19:50:00+00:00,378.95001220703125,378.9700012207031,378.0799865722656,378.3399963378906,130303,UNH,5m
2026-05-26 19:55:00+00:00,378.3299865722656,378.3299865722656,376.8599853515625,377.04998779296875,361331,UNH,5m
2026-05-27 13:30:00+00:00,378.3599853515625,379.45001220703125,377.0899963378906,379.20001220703125,280014,UNH,5m
2026-05-27 13:35:00+00:00,379.114990234375,380.7200012207031,378.0899963378906,380.07000732421875,69474,UNH,5m
2026-05-27 13:40:00+00:00,380.1400146484375,382.1199951171875,379.95001220703125,382.0150146484375,81033,UNH,5m
2026-05-27 13:45:00+00:00,382.1600036621094,383.5,382.06500244140625,382.3500061035156,162573,UNH,5m
2026-05-27 13:50:00+00:00,382.4700012207031,383.5299987792969,382.2799987792969,383.0050048828125,79105,UNH,5m
2026-05-27 13:55:00+00:00,383.19000244140625,384.46990966796875,382.5600891113281,382.5600891113281,152624,UNH,5m
2026-05-27 14:00:00+00:00,382.8399963378906,383.8699951171875,382.28021240234375,383.0899963378906,60439,UNH,5m
2026-05-27 14:05:00+00:00,383.125,383.260009765625,382.5799865722656,383.0000915527344,59025,UNH,5m
2026-05-27 14:10:00+00:00,383.0450134277344,384.5,383.0000915527344,383.7300109863281,67352,UNH,5m
2026-05-27 14:15:00+00:00,383.7200012207031,383.92999267578125,382.9599914550781,382.9700012207031,59316,UNH,5m
2026-05-27 14:20:00+00:00,382.9599914550781,382.9800109863281,381.79998779296875,382.0,35228,UNH,5m
2026-05-27 14:25:00+00:00,382.0,382.54998779296875,381.860107421875,382.2349853515625,29032,UNH,5m
2026-05-27 14:30:00+00:00,382.2900085449219,382.5899963378906,381.7200012207031,382.0799865722656,36257,UNH,5m
2026-05-27 14:35:00+00:00,382.0899963378906,382.39990234375,381.9700012207031,382.05999755859375,27297,UNH,5m
2026-05-27 14:40:00+00:00,382.010009765625,382.1814880371094,381.57000732421875,381.6499938964844,33989,UNH,5m
2026-05-27 14:45:00+00:00,381.5,381.7300109863281,381.2200012207031,381.57501220703125,47981,UNH,5m
2026-05-27 14:50:00+00:00,381.57501220703125,381.9599914550781,381.42498779296875,381.6300048828125,28642,UNH,5m
2026-05-27 14:55:00+00:00,381.80499267578125,382.42999267578125,381.7200012207031,382.42999267578125,21838,UNH,5m
2026-05-27 15:00:00+00:00,382.3800048828125,382.6300048828125,381.9447021484375,381.9447021484375,31413,UNH,5m
2026-05-27 15:05:00+00:00,382.0664978027344,382.59991455078125,381.8699951171875,382.3399963378906,22381,UNH,5m
2026-05-27 15:10:00+00:00,382.44000244140625,382.5,382.0,382.45001220703125,33571,UNH,5m
2026-05-27 15:15:00+00:00,382.4549865722656,382.5799865722656,382.1400146484375,382.2699890136719,21980,UNH,5m
2026-05-27 15:20:00+00:00,382.3999938964844,382.8299865722656,381.760009765625,382.7349853515625,27228,UNH,5m
2026-05-27 15:25:00+00:00,382.7349853515625,383.5799865722656,382.55999755859375,383.2149963378906,46416,UNH,5m
2026-05-27 15:30:00+00:00,383.2200012207031,383.7099914550781,383.110107421875,383.1650085449219,31690,UNH,5m
2026-05-27 15:35:00+00:00,383.1300048828125,383.1600036621094,382.5400085449219,382.7550048828125,23790,UNH,5m
2026-05-27 15:40:00+00:00,382.7550048828125,383.0299987792969,382.6400146484375,382.6744079589844,15863,UNH,5m
2026-05-27 15:45:00+00:00,382.7200012207031,382.8999938964844,382.5801086425781,382.8900146484375,20247,UNH,5m
2026-05-27 15:50:00+00:00,382.8900146484375,383.5199890136719,382.7900085449219,383.5199890136719,36401,UNH,5m
2026-05-27 15:55:00+00:00,383.5299987792969,383.5799865722656,383.1521911621094,383.2550048828125,21872,UNH,5m
2026-05-27 16:00:00+00:00,383.2200012207031,383.5400085449219,383.2200012207031,383.3550109863281,25431,UNH,5m
2026-05-27 16:05:00+00:00,383.3399963378906,383.45001220703125,382.989990234375,383.44000244140625,27046,UNH,5m
2026-05-27 16:10:00+00:00,383.43499755859375,383.4599914550781,383.010009765625,383.1700134277344,23419,UNH,5m
2026-05-27 16:15:00+00:00,383.1700134277344,383.510009765625,383.1700134277344,383.2950134277344,16497,UNH,5m
2026-05-27 16:20:00+00:00,383.25,383.42498779296875,383.0799865722656,383.17498779296875,13830,UNH,5m
2026-05-27 16:25:00+00:00,383.20001220703125,383.25,382.94000244140625,383.1199951171875,18821,UNH,5m
2026-05-27 16:30:00+00:00,383.1499938964844,383.1499938964844,382.7300109863281,382.95001220703125,19916,UNH,5m
2026-05-27 16:35:00+00:00,382.9200134277344,382.9200134277344,382.6650085449219,382.8299865722656,15197,UNH,5m
2026-05-27 16:40:00+00:00,382.72100830078125,383.239990234375,382.489990234375,382.6000061035156,25646,UNH,5m
2026-05-27 16:45:00+00:00,382.5249938964844,382.6099853515625,382.2900085449219,382.3500061035156,15885,UNH,5m
2026-05-27 16:50:00+00:00,382.4599914550781,382.4599914550781,381.6300048828125,381.7099914550781,20698,UNH,5m
2026-05-27 16:55:00+00:00,381.6929931640625,381.80999755859375,381.5000915527344,381.5729064941406,23673,UNH,5m
2026-05-27 17:00:00+00:00,381.5849914550781,381.6199951171875,381.3399963378906,381.6199951171875,26965,UNH,5m
2026-05-27 17:05:00+00:00,381.5899963378906,381.7300109863281,380.8700866699219,380.92498779296875,26736,UNH,5m
2026-05-27 17:10:00+00:00,380.9200134277344,381.5299987792969,380.9100036621094,381.5050048828125,22422,UNH,5m
2026-05-27 17:15:00+00:00,381.5,381.989990234375,381.42999267578125,381.7200012207031,21337,UNH,5m
2026-05-27 17:20:00+00:00,381.7300109863281,381.8500061035156,381.6099853515625,381.82000732421875,19812,UNH,5m
2026-05-27 17:25:00+00:00,381.82000732421875,381.82049560546875,381.54998779296875,381.5899963378906,21463,UNH,5m
2026-05-27 17:30:00+00:00,381.6000061035156,382.239990234375,381.4200134277344,382.1099853515625,42596,UNH,5m
2026-05-27 17:35:00+00:00,382.05999755859375,382.32501220703125,381.6820068359375,382.29998779296875,35494,UNH,5m
2026-05-27 17:40:00+00:00,382.2449951171875,382.4599914550781,382.2300109863281,382.4100036621094,15940,UNH,5m
2026-05-27 17:45:00+00:00,382.3599853515625,382.5199890136719,382.23590087890625,382.30999755859375,19469,UNH,5m
2026-05-27 17:50:00+00:00,382.2699890136719,382.5400085449219,382.2200012207031,382.29998779296875,25458,UNH,5m
2026-05-27 17:55:00+00:00,382.3500061035156,382.5249938964844,382.1700134277344,382.5249938964844,16900,UNH,5m
2026-05-27 18:00:00+00:00,382.5199890136719,382.6400146484375,382.1200866699219,382.3900146484375,25488,UNH,5m
2026-05-27 18:05:00+00:00,382.364990234375,382.3900146484375,381.7650146484375,382.0150146484375,22963,UNH,5m
2026-05-27 18:10:00+00:00,382.010009765625,382.010009765625,381.43499755859375,381.5283508300781,19296,UNH,5m
2026-05-27 18:15:00+00:00,381.5899963378906,381.7550048828125,381.5199890136719,381.7047119140625,15757,UNH,5m
2026-05-27 18:20:00+00:00,381.7200012207031,382.5799865722656,381.57000732421875,381.9649963378906,40728,UNH,5m
2026-05-27 18:25:00+00:00,381.9649963378906,382.0299987792969,381.0201110839844,381.30999755859375,34879,UNH,5m
2026-05-27 18:30:00+00:00,381.28509521484375,381.41778564453125,380.7200012207031,380.79998779296875,22315,UNH,5m
2026-05-27 18:35:00+00:00,380.79998779296875,381.8299865722656,380.79998779296875,381.7950134277344,33493,UNH,5m
2026-05-27 18:40:00+00:00,381.7950134277344,381.7950134277344,381.2300109863281,381.44500732421875,33350,UNH,5m
2026-05-27 18:45:00+00:00,381.489990234375,381.5400085449219,381.239990234375,381.3100891113281,20140,UNH,5m
2026-05-27 18:50:00+00:00,381.3450012207031,382.125,381.2349853515625,381.8299865722656,31816,UNH,5m
2026-05-27 18:55:00+00:00,381.8949890136719,382.2250061035156,381.75,382.0950012207031,31289,UNH,5m
2026-05-27 19:00:00+00:00,382.0950012207031,382.2200012207031,381.8299865722656,382.114990234375,43678,UNH,5m
2026-05-27 19:05:00+00:00,382.0950012207031,382.1549987792969,381.739990234375,381.8999938964844,43919,UNH,5m
2026-05-27 19:10:00+00:00,381.8999938964844,382.2099914550781,381.70001220703125,381.8599853515625,39800,UNH,5m
2026-05-27 19:15:00+00:00,381.7900085449219,382.5400085449219,381.6000061035156,382.5400085449219,89358,UNH,5m
2026-05-27 19:20:00+00:00,382.5400085449219,383.1499938964844,382.32000732421875,382.92999267578125,65503,UNH,5m
2026-05-27 19:25:00+00:00,382.92999267578125,383.125,382.6600036621094,382.9049987792969,49691,UNH,5m
2026-05-27 19:30:00+00:00,382.8999938964844,383.3500061035156,382.7099914550781,382.82000732421875,54230,UNH,5m
2026-05-27 19:35:00+00:00,382.82000732421875,383.1099853515625,382.6300048828125,382.8299865722656,60523,UNH,5m
2026-05-27 19:40:00+00:00,382.8299865722656,382.8500061035156,382.4100036621094,382.7200012207031,44921,UNH,5m
2026-05-27 19:45:00+00:00,382.6600036621094,383.0,382.6099853515625,382.8800048828125,56946,UNH,5m
2026-05-27 19:50:00+00:00,382.8500061035156,383.79998779296875,382.760009765625,383.7900085449219,92460,UNH,5m
2026-05-27 19:55:00+00:00,383.7900085449219,384.5299987792969,383.7695007324219,384.0899963378906,239237,UNH,5m
2026-05-28 13:30:00+00:00,384.9599914550781,386.9100036621094,384.4100036621094,386.3500061035156,146742,UNH,5m
2026-05-28 13:35:00+00:00,386.17010498046875,386.6099853515625,385.3999938964844,386.32000732421875,58435,UNH,5m
2026-05-28 13:40:00+00:00,386.2349853515625,388.3500061035156,386.2240905761719,388.04998779296875,48992,UNH,5m
2026-05-28 13:45:00+00:00,388.1099853515625,388.8999938964844,387.4949951171875,388.8599853515625,68035,UNH,5m
2026-05-28 13:50:00+00:00,388.75,389.260009765625,387.2099914550781,387.2099914550781,58151,UNH,5m
2026-05-28 13:55:00+00:00,387.29998779296875,388.2200012207031,386.6000061035156,386.7799987792969,48121,UNH,5m
2026-05-28 14:00:00+00:00,386.7099914550781,386.7900085449219,384.1000061035156,384.2200012207031,58752,UNH,5m
2026-05-28 14:05:00+00:00,384.2099914550781,385.3800048828125,384.1099853515625,385.1600036621094,57797,UNH,5m
2026-05-28 14:10:00+00:00,385.1600036621094,386.989990234375,385.081787109375,385.5199890136719,60053,UNH,5m
2026-05-28 14:15:00+00:00,385.6199951171875,386.6499938964844,385.0299987792969,386.6499938964844,53759,UNH,5m
2026-05-28 14:20:00+00:00,386.6499938964844,386.889892578125,386.239990234375,386.3349914550781,51265,UNH,5m
2026-05-28 14:25:00+00:00,386.29998779296875,386.5450134277344,385.8699951171875,386.1549987792969,21325,UNH,5m
2026-05-28 14:30:00+00:00,386.1549987792969,386.94000244140625,385.47100830078125,386.7950134277344,33461,UNH,5m
2026-05-28 14:35:00+00:00,386.9100036621094,387.510009765625,386.7900085449219,387.29998779296875,43647,UNH,5m
2026-05-28 14:40:00+00:00,387.3550109863281,387.3550109863281,386.4580078125,386.5899963378906,32389,UNH,5m
2026-05-28 14:45:00+00:00,386.5899963378906,387.0299987792969,386.57000732421875,386.79998779296875,26105,UNH,5m
2026-05-28 14:50:00+00:00,386.79998779296875,387.3299865722656,386.3900146484375,386.3900146484375,36838,UNH,5m
2026-05-28 14:55:00+00:00,386.3900146484375,386.5299987792969,386.0,386.0299987792969,35453,UNH,5m
2026-05-28 15:00:00+00:00,386.0,386.20001220703125,385.5799865722656,385.6099853515625,41918,UNH,5m
2026-05-28 15:05:00+00:00,385.56768798828125,385.69000244140625,385.0799865722656,385.3399963378906,29185,UNH,5m
2026-05-28 15:10:00+00:00,385.3949890136719,385.5400085449219,385.04058837890625,385.3949890136719,32113,UNH,5m
2026-05-28 15:15:00+00:00,385.3949890136719,385.44000244140625,384.79998779296875,384.80999755859375,28305,UNH,5m
2026-05-28 15:20:00+00:00,384.81500244140625,385.14990234375,384.7099914550781,385.07000732421875,24768,UNH,5m
2026-05-28 15:25:00+00:00,385.010009765625,385.5299987792969,384.93499755859375,385.5299987792969,31073,UNH,5m
2026-05-28 15:30:00+00:00,385.5299987792969,385.6499938964844,384.95001220703125,385.20001220703125,27454,UNH,5m
2026-05-28 15:35:00+00:00,385.2099914550781,385.44000244140625,385.010009765625,385.3900146484375,31201,UNH,5m
2026-05-28 15:40:00+00:00,385.4599914550781,385.70001220703125,385.2200012207031,385.4359130859375,26715,UNH,5m
2026-05-28 15:45:00+00:00,385.4800109863281,385.6199951171875,385.3399963378906,385.3949890136719,19641,UNH,5m
2026-05-28 15:50:00+00:00,385.3900146484375,386.2900085449219,384.8299865722656,386.1000061035156,34760,UNH,5m
2026-05-28 15:55:00+00:00,386.1000061035156,386.6300048828125,385.5199890136719,385.6499938964844,29288,UNH,5m
2026-05-28 16:00:00+00:00,385.6700134277344,385.7099914550781,384.8900146484375,384.92999267578125,24314,UNH,5m
2026-05-28 16:05:00+00:00,384.8900146484375,385.2099914550781,384.7699890136719,385.1600036621094,31745,UNH,5m
2026-05-28 16:10:00+00:00,385.1499938964844,385.30999755859375,384.7799987792969,385.0400085449219,24330,UNH,5m
2026-05-28 16:15:00+00:00,384.9849853515625,385.07000732421875,384.69000244140625,384.7001037597656,33162,UNH,5m
2026-05-28 16:20:00+00:00,384.70001220703125,385.0400085449219,384.6499938964844,384.9200134277344,28115,UNH,5m
2026-05-28 16:25:00+00:00,384.9100036621094,385.25,384.8699951171875,384.9200134277344,22032,UNH,5m
2026-05-28 16:30:00+00:00,385.0,385.0400085449219,384.5,384.54998779296875,37700,UNH,5m
2026-05-28 16:35:00+00:00,384.54998779296875,384.7698974609375,384.54998779296875,384.5801086425781,17678,UNH,5m
2026-05-28 16:40:00+00:00,384.6099853515625,384.6400146484375,383.75,383.7699890136719,49786,UNH,5m
2026-05-28 16:45:00+00:00,383.81500244140625,384.7200012207031,383.81500244140625,384.6600036621094,40270,UNH,5m
2026-05-28 16:50:00+00:00,384.7200012207031,384.7300109863281,384.239990234375,384.45001220703125,55798,UNH,5m
2026-05-28 16:55:00+00:00,384.45001220703125,384.989990234375,384.3999938964844,384.4800109863281,61886,UNH,5m
2026-05-28 17:00:00+00:00,384.4800109863281,384.6499938964844,384.1199951171875,384.2200012207031,22527,UNH,5m
2026-05-28 17:05:00+00:00,384.17999267578125,384.34991455078125,384.0199890136719,384.20001220703125,24477,UNH,5m
2026-05-28 17:10:00+00:00,384.20001220703125,384.20001220703125,383.67999267578125,383.74249267578125,44392,UNH,5m
2026-05-28 17:15:00+00:00,383.69000244140625,383.9700012207031,383.3800048828125,383.5899963378906,67525,UNH,5m
2026-05-28 17:20:00+00:00,383.5899963378906,384.1700134277344,383.45001220703125,383.9949951171875,41464,UNH,5m
2026-05-28 17:25:00+00:00,383.989990234375,384.2200012207031,383.6499938964844,383.7749938964844,28337,UNH,5m
2026-05-28 17:30:00+00:00,383.79998779296875,383.80999755859375,383.6000061035156,383.7149963378906,17003,UNH,5m
2026-05-28 17:35:00+00:00,383.760009765625,383.82000732421875,383.3999938964844,383.55999755859375,23194,UNH,5m
2026-05-28 17:40:00+00:00,383.5199890136719,383.5400085449219,383.25,383.3399963378906,32145,UNH,5m
2026-05-28 17:45:00+00:00,383.32000732421875,383.44000244140625,382.80999755859375,382.80999755859375,27203,UNH,5m
2026-05-28 17:50:00+00:00,382.9200134277344,382.92999267578125,382.36199951171875,382.42498779296875,32511,UNH,5m
2026-05-28 17:55:00+00:00,382.3999938964844,382.55999755859375,382.1199951171875,382.31500244140625,27539,UNH,5m
2026-05-28 18:00:00+00:00,382.31500244140625,382.9100036621094,382.25,382.760009765625,52501,UNH,5m
2026-05-28 18:05:00+00:00,382.7200012207031,382.8599853515625,382.6109924316406,382.68499755859375,29082,UNH,5m
2026-05-28 18:10:00+00:00,382.67999267578125,382.67999267578125,382.22100830078125,382.239990234375,24994,UNH,5m
2026-05-28 18:15:00+00:00,382.239990234375,382.510009765625,382.0799865722656,382.4200134277344,28320,UNH,5m
2026-05-28 18:20:00+00:00,382.4105224609375,382.55499267578125,382.30999755859375,382.489990234375,21065,UNH,5m
2026-05-28 18:25:00+00:00,382.489990234375,382.55999755859375,381.92999267578125,381.9599914550781,38272,UNH,5m
2026-05-28 18:30:00+00:00,381.9599914550781,381.9599914550781,381.1000061035156,381.1199951171875,49735,UNH,5m
2026-05-28 18:35:00+00:00,381.0799865722656,381.4049987792969,380.9549865722656,380.9599914550781,37616,UNH,5m
2026-05-28 18:40:00+00:00,381.0799865722656,381.6000061035156,381.0,381.5150146484375,32434,UNH,5m
2026-05-28 18:45:00+00:00,381.5150146484375,381.82000732421875,381.4773864746094,381.739990234375,32498,UNH,5m
2026-05-28 18:50:00+00:00,381.70001220703125,381.7799987792969,381.32000732421875,381.4599914550781,42695,UNH,5m
2026-05-28 18:55:00+00:00,381.42999267578125,381.6000061035156,381.2799987792969,381.5249938964844,38045,UNH,5m
2026-05-28 19:00:00+00:00,381.4599914550781,381.83929443359375,381.3699951171875,381.75,27707,UNH,5m
2026-05-28 19:05:00+00:00,381.75,381.9700012207031,381.6300048828125,381.8450012207031,21630,UNH,5m
2026-05-28 19:10:00+00:00,381.8900146484375,381.9599914550781,381.42999267578125,381.5190124511719,28754,UNH,5m
2026-05-28 19:15:00+00:00,381.4949951171875,381.8800048828125,381.3855895996094,381.8500061035156,30520,UNH,5m
2026-05-28 19:20:00+00:00,381.8800048828125,382.1499938964844,381.8800048828125,382.1300048828125,34729,UNH,5m
2026-05-28 19:25:00+00:00,382.1000061035156,382.5849914550781,381.989990234375,382.0799865722656,43239,UNH,5m
2026-05-28 19:30:00+00:00,382.0799865722656,382.17999267578125,381.93011474609375,381.9700012207031,39110,UNH,5m
2026-05-28 19:35:00+00:00,381.9700012207031,382.0199890136719,381.7200012207031,381.75,38199,UNH,5m
2026-05-28 19:40:00+00:00,381.7349853515625,381.9800109863281,381.7099914550781,381.8949890136719,40827,UNH,5m
2026-05-28 19:45:00+00:00,381.8399963378906,381.8949890136719,381.25,381.42999267578125,52609,UNH,5m
2026-05-28 19:50:00+00:00,381.4599914550781,382.8924865722656,381.2950134277344,382.7699890136719,102024,UNH,5m
2026-05-28 19:55:00+00:00,382.82000732421875,383.1000061035156,382.20001220703125,382.4100036621094,211934,UNH,5m
2026-05-29 13:30:00+00:00,383.7799987792969,385.1199951171875,380.7099914550781,383.1756896972656,227505,UNH,5m
2026-05-29 13:35:00+00:00,383.07000732421875,384.1700134277344,381.989990234375,382.75750732421875,66748,UNH,5m
2026-05-29 13:40:00+00:00,382.7135009765625,383.8500061035156,380.95001220703125,381.17498779296875,58152,UNH,5m
2026-05-29 13:45:00+00:00,381.25,382.17999267578125,380.260009765625,381.0799865722656,92213,UNH,5m
2026-05-29 13:50:00+00:00,380.94000244140625,381.0899963378906,378.0799865722656,378.18499755859375,87459,UNH,5m
2026-05-29 13:55:00+00:00,378.20001220703125,378.4599914550781,377.5,377.8599853515625,151607,UNH,5m
2026-05-29 14:00:00+00:00,377.8599853515625,379.3599853515625,377.6499938964844,378.6700134277344,95887,UNH,5m
2026-05-29 14:05:00+00:00,378.6199951171875,379.3900146484375,377.3800048828125,377.45001220703125,87413,UNH,5m
2026-05-29 14:10:00+00:00,377.54998779296875,379.57000732421875,377.3900146484375,379.3399963378906,59866,UNH,5m
2026-05-29 14:15:00+00:00,379.2200012207031,379.70001220703125,378.989990234375,379.489990234375,58797,UNH,5m
2026-05-29 14:20:00+00:00,379.3999938964844,379.5899963378906,378.69000244140625,378.7850036621094,29343,UNH,5m
2026-05-29 14:25:00+00:00,378.7799987792969,379.54998779296875,378.6610107421875,378.95001220703125,68895,UNH,5m
2026-05-29 14:30:00+00:00,378.95001220703125,379.07000732421875,378.30999755859375,378.56500244140625,50318,UNH,5m
2026-05-29 14:35:00+00:00,378.5299987792969,378.6000061035156,377.1099853515625,377.3500061035156,75841,UNH,5m
2026-05-29 14:40:00+00:00,377.489990234375,377.7349853515625,377.1400146484375,377.7349853515625,56118,UNH,5m
2026-05-29 14:45:00+00:00,377.7349853515625,379.4200134277344,377.5299987792969,379.33331298828125,83017,UNH,5m
2026-05-29 14:50:00+00:00,379.3599853515625,380.07000732421875,379.3299865722656,379.9599914550781,69530,UNH,5m
2026-05-29 14:55:00+00:00,379.9700012207031,380.6650085449219,379.8699951171875,380.0799865722656,45779,UNH,5m
2026-05-29 15:00:00+00:00,380.07501220703125,380.29998779296875,379.0,379.2699890136719,32585,UNH,5m
2026-05-29 15:05:00+00:00,379.2699890136719,379.70001220703125,378.7799987792969,378.7799987792969,33849,UNH,5m
2026-05-29 15:10:00+00:00,378.8699951171875,379.05499267578125,377.45001220703125,377.5799865722656,56982,UNH,5m
2026-05-29 15:15:00+00:00,377.69000244140625,377.8800048828125,377.3299865722656,377.8500061035156,47430,UNH,5m
2026-05-29 15:20:00+00:00,377.8550109863281,378.5,377.78009033203125,378.4599914550781,43721,UNH,5m
2026-05-29 15:25:00+00:00,378.4599914550781,378.80999755859375,377.3999938964844,377.4700012207031,63454,UNH,5m
2026-05-29 15:30:00+00:00,377.3500061035156,377.42999267578125,376.67498779296875,377.364990234375,58544,UNH,5m
2026-05-29 15:35:00+00:00,377.3500061035156,377.6099853515625,377.1499938964844,377.3399963378906,31418,UNH,5m
2026-05-29 15:40:00+00:00,377.385009765625,377.4800109863281,377.1600036621094,377.4700012207031,28609,UNH,5m
2026-05-29 15:45:00+00:00,377.4800109863281,377.5,376.6099853515625,376.67999267578125,41511,UNH,5m
2026-05-29 15:50:00+00:00,376.7449951171875,376.93798828125,376.4949951171875,376.8550109863281,27523,UNH,5m
2026-05-29 15:55:00+00:00,376.8800048828125,378.3599853515625,376.8800048828125,378.30999755859375,36012,UNH,5m
2026-05-29 16:00:00+00:00,378.25,378.69000244140625,377.55999755859375,377.55999755859375,70747,UNH,5m
2026-05-29 16:05:00+00:00,377.55999755859375,377.9100036621094,377.44000244140625,377.6000061035156,32054,UNH,5m
2026-05-29 16:10:00+00:00,377.5400085449219,377.8800048828125,377.510009765625,377.5899963378906,27078,UNH,5m
2026-05-29 16:15:00+00:00,377.5199890136719,377.8999938964844,376.9849853515625,377.239990234375,41572,UNH,5m
2026-05-29 16:20:00+00:00,377.2900085449219,377.29998779296875,376.2300109863281,376.4700012207031,41514,UNH,5m
2026-05-29 16:25:00+00:00,376.5150146484375,376.59991455078125,375.45001220703125,375.7900085449219,57271,UNH,5m
2026-05-29 16:30:00+00:00,375.8999938964844,378.1300048828125,375.8699951171875,377.8800048828125,59396,UNH,5m
2026-05-29 16:35:00+00:00,377.8500061035156,378.8949890136719,377.82000732421875,378.6000061035156,71842,UNH,5m
2026-05-29 16:40:00+00:00,378.5,378.8999938964844,378.2799987792969,378.7349853515625,42891,UNH,5m
2026-05-29 16:45:00+00:00,378.7349853515625,379.0899963378906,378.55999755859375,378.9599914550781,33007,UNH,5m
2026-05-29 16:50:00+00:00,378.9599914550781,379.6099853515625,378.7514953613281,379.3299865722656,34742,UNH,5m
2026-05-29 16:55:00+00:00,379.3550109863281,379.57000732421875,379.0199890136719,379.5450134277344,33161,UNH,5m
2026-05-29 17:00:00+00:00,379.57000732421875,380.1000061035156,379.2900085449219,379.9700012207031,43615,UNH,5m
2026-05-29 17:05:00+00:00,379.8599853515625,380.05999755859375,379.510009765625,379.6300048828125,31408,UNH,5m
2026-05-29 17:10:00+00:00,379.6300048828125,380.1099853515625,379.610107421875,379.6499938964844,35244,UNH,5m
2026-05-29 17:15:00+00:00,379.6300048828125,379.75,379.2900085449219,379.5400085449219,27795,UNH,5m
2026-05-29 17:20:00+00:00,379.510009765625,380.0,379.510009765625,379.9150085449219,40621,UNH,5m
2026-05-29 17:25:00+00:00,379.9949951171875,380.0,379.6700134277344,379.9200134277344,34081,UNH,5m
2026-05-29 17:30:00+00:00,379.9200134277344,380.05499267578125,379.45001220703125,379.75,34960,UNH,5m
2026-05-29 17:35:00+00:00,379.72900390625,379.79998779296875,379.2449951171875,379.3699951171875,30189,UNH,5m
2026-05-29 17:40:00+00:00,379.3699951171875,379.6499938964844,378.9800109863281,379.1499938964844,59324,UNH,5m
2026-05-29 17:45:00+00:00,379.1499938964844,379.489990234375,378.8800048828125,379.489990234375,24070,UNH,5m
2026-05-29 17:50:00+00:00,379.510009765625,380.4150085449219,379.510009765625,380.4150085449219,29651,UNH,5m
2026-05-29 17:55:00+00:00,380.3800048828125,380.57000732421875,380.20001220703125,380.3299865722656,48841,UNH,5m
2026-05-29 18:00:00+00:00,380.32501220703125,380.3599853515625,379.9200134277344,380.2099914550781,32625,UNH,5m
2026-05-29 18:05:00+00:00,380.4100036621094,380.5400085449219,380.07501220703125,380.4100036621094,29269,UNH,5m
2026-05-29 18:10:00+00:00,380.4599914550781,380.5400085449219,380.2200012207031,380.260009765625,31640,UNH,5m
2026-05-29 18:15:00+00:00,380.2550048828125,380.29998779296875,379.95001220703125,380.0450134277344,27880,UNH,5m
2026-05-29 18:20:00+00:00,380.0799865722656,380.24249267578125,379.7300109863281,380.1600036621094,41266,UNH,5m
2026-05-29 18:25:00+00:00,380.1600036621094,380.30999755859375,379.8399963378906,379.9700012207031,34136,UNH,5m
2026-05-29 18:30:00+00:00,379.95001220703125,380.6400146484375,379.95001220703125,380.4549865722656,40285,UNH,5m
2026-05-29 18:35:00+00:00,380.4599914550781,380.80999755859375,380.3699951171875,380.7300109863281,36241,UNH,5m
2026-05-29 18:40:00+00:00,380.7300109863281,380.92999267578125,380.2099914550781,380.8699951171875,44662,UNH,5m
2026-05-29 18:45:00+00:00,380.8699951171875,380.8699951171875,380.4200134277344,380.6099853515625,44833,UNH,5m
2026-05-29 18:50:00+00:00,380.6600036621094,381.0,380.53009033203125,380.7850036621094,28866,UNH,5m
2026-05-29 18:55:00+00:00,380.82000732421875,381.1600036621094,380.70001220703125,380.8299865722656,44990,UNH,5m
2026-05-29 19:00:00+00:00,380.8699951171875,380.9100036621094,380.5,380.82000732421875,39851,UNH,5m
2026-05-29 19:05:00+00:00,380.8599853515625,381.1000061035156,380.7099914550781,380.9649963378906,36483,UNH,5m
2026-05-29 19:10:00+00:00,380.9649963378906,381.2200012207031,380.7349853515625,381.2200012207031,47399,UNH,5m
2026-05-29 19:15:00+00:00,381.2099914550781,381.2099914550781,380.7950134277344,380.90008544921875,48723,UNH,5m
2026-05-29 19:20:00+00:00,380.95001220703125,381.409912109375,380.7300109863281,381.2550048828125,43938,UNH,5m
2026-05-29 19:25:00+00:00,381.2550048828125,381.5299987792969,381.1499938964844,381.3349914550781,46401,UNH,5m
2026-05-29 19:30:00+00:00,381.3299865722656,381.6400146484375,380.8900146484375,380.9800109863281,56280,UNH,5m
2026-05-29 19:35:00+00:00,380.9800109863281,381.2699890136719,380.5899963378906,380.739990234375,59828,UNH,5m
2026-05-29 19:40:00+00:00,380.7650146484375,381.2200012207031,380.5400085449219,380.9599914550781,79187,UNH,5m
2026-05-29 19:45:00+00:00,380.9649963378906,381.1000061035156,380.43499755859375,380.44500732421875,93029,UNH,5m
2026-05-29 19:50:00+00:00,380.3900146484375,380.4800109863281,379.2300109863281,379.375,138783,UNH,5m
2026-05-29 19:55:00+00:00,379.375,380.30999755859375,378.6000061035156,380.2799987792969,340745,UNH,5m
2026-06-01 13:30:00+00:00,376.1050109863281,380.8800048828125,375.9200134277344,380.7149963378906,362485,UNH,5m
2026-06-01 13:35:00+00:00,380.9599914550781,381.8900146484375,378.53009033203125,379.92498779296875,120852,UNH,5m
2026-06-01 13:40:00+00:00,379.92999267578125,380.6600036621094,378.92999267578125,379.2699890136719,115217,UNH,5m
2026-06-01 13:45:00+00:00,379.2200012207031,379.8800048828125,378.3837890625,379.6449890136719,70871,UNH,5m
2026-06-01 13:50:00+00:00,379.8800048828125,380.3299865722656,379.0299987792969,379.2699890136719,53805,UNH,5m
2026-06-01 13:55:00+00:00,379.397705078125,382.8800048828125,379.32000732421875,382.2099914550781,149241,UNH,5m
2026-06-01 14:00:00+00:00,381.9599914550781,382.1600036621094,380.2799987792969,380.9682922363281,94675,UNH,5m
2026-06-01 14:05:00+00:00,381.06500244140625,381.5899963378906,380.5899963378906,381.42498779296875,55134,UNH,5m
2026-06-01 14:10:00+00:00,381.4800109863281,382.30999755859375,381.30999755859375,381.67999267578125,119008,UNH,5m
2026-06-01 14:15:00+00:00,381.7349853515625,381.8900146484375,381.0,381.4700012207031,74501,UNH,5m
2026-06-01 14:20:00+00:00,381.3500061035156,383.3450012207031,381.29998779296875,381.92498779296875,117493,UNH,5m
2026-06-01 14:25:00+00:00,382.0299987792969,382.9100036621094,381.8724060058594,382.74749755859375,62504,UNH,5m
2026-06-01 14:30:00+00:00,382.6099853515625,382.9800109863281,382.1000061035156,382.5799865722656,73609,UNH,5m
2026-06-01 14:35:00+00:00,382.5799865722656,382.6400146484375,381.2699890136719,381.94000244140625,79383,UNH,5m
2026-06-01 14:40:00+00:00,381.8999938964844,381.8999938964844,381.3900146484375,381.3900146484375,30627,UNH,5m
2026-06-01 14:45:00+00:00,381.6199951171875,381.739990234375,381.1000061035156,381.135009765625,43801,UNH,5m
2026-06-01 14:50:00+00:00,381.05999755859375,381.29998779296875,380.0,380.1300048828125,72877,UNH,5m
2026-06-01 14:55:00+00:00,380.2799987792969,380.885009765625,380.1400146484375,380.8599853515625,42747,UNH,5m
2026-06-01 15:00:00+00:00,380.8399963378906,381.2099914550781,379.94500732421875,380.2099914550781,48165,UNH,5m
2026-06-01 15:05:00+00:00,380.260009765625,380.5400085449219,380.0,380.42498779296875,54389,UNH,5m
2026-06-01 15:10:00+00:00,380.3500061035156,380.6650085449219,380.29998779296875,380.5199890136719,30506,UNH,5m
2026-06-01 15:15:00+00:00,380.5199890136719,380.8399963378906,380.3900146484375,380.4450988769531,32814,UNH,5m
2026-06-01 15:20:00+00:00,380.4125061035156,380.44000244140625,380.07000732421875,380.3550109863281,33934,UNH,5m
2026-06-01 15:25:00+00:00,380.2699890136719,380.67999267578125,380.0899963378906,380.3399963378906,31799,UNH,5m
2026-06-01 15:30:00+00:00,380.3399963378906,380.7945861816406,380.0,380.2900085449219,41463,UNH,5m
2026-06-01 15:35:00+00:00,380.31500244140625,380.7300109863281,380.2900085449219,380.42999267578125,32686,UNH,5m
2026-06-01 15:40:00+00:00,380.3699951171875,380.69000244140625,379.5199890136719,379.7749938964844,30419,UNH,5m
2026-06-01 15:45:00+00:00,379.7749938964844,380.0199890136719,379.32000732421875,379.69000244140625,26825,UNH,5m
2026-06-01 15:50:00+00:00,379.6700134277344,379.6700134277344,379.25,379.3004150390625,23443,UNH,5m
2026-06-01 15:55:00+00:00,379.2799987792969,380.0,379.2799987792969,379.42999267578125,23559,UNH,5m
2026-06-01 16:00:00+00:00,379.42999267578125,379.4700012207031,378.7601013183594,378.7900085449219,25751,UNH,5m
2026-06-01 16:05:00+00:00,378.79998779296875,378.8800048828125,378.5,378.55389404296875,38331,UNH,5m
2026-06-01 16:10:00+00:00,378.57830810546875,378.5801086425781,378.1199951171875,378.3500061035156,21184,UNH,5m
2026-06-01 16:15:00+00:00,378.3500061035156,378.3800048828125,377.7900085449219,378.2799987792969,45403,UNH,5m
2026-06-01 16:20:00+00:00,378.2799987792969,378.3999938964844,377.8900146484375,377.9100036621094,31112,UNH,5m
2026-06-01 16:25:00+00:00,377.8800048828125,378.0,377.54998779296875,377.9150085449219,32994,UNH,5m
2026-06-01 16:30:00+00:00,377.9200134277344,378.2950134277344,377.8299865722656,378.239990234375,29383,UNH,5m
2026-06-01 16:35:00+00:00,378.2699890136719,378.67498779296875,378.20001220703125,378.5400085449219,29903,UNH,5m
2026-06-01 16:40:00+00:00,378.5,378.70001220703125,378.30999755859375,378.3800048828125,26788,UNH,5m
2026-06-01 16:45:00+00:00,378.42999267578125,378.5400085449219,378.1600036621094,378.1600036621094,21151,UNH,5m
2026-06-01 16:50:00+00:00,378.20001220703125,378.7300109863281,378.0199890136719,378.70001220703125,31004,UNH,5m
2026-06-01 16:55:00+00:00,378.6549987792969,378.739990234375,378.1499938964844,378.3299865722656,31172,UNH,5m
2026-06-01 17:00:00+00:00,378.2449951171875,378.760009765625,378.05999755859375,378.5299987792969,27278,UNH,5m
2026-06-01 17:05:00+00:00,378.6549987792969,378.6600036621094,378.04998779296875,378.05999755859375,17237,UNH,5m
2026-06-01 17:10:00+00:00,378.1650085449219,378.6199951171875,378.05999755859375,378.5498962402344,23921,UNH,5m
2026-06-01 17:15:00+00:00,378.4849853515625,378.5487060546875,377.9800109863281,378.1300048828125,47698,UNH,5m
2026-06-01 17:20:00+00:00,378.2049865722656,378.3900146484375,378.1099853515625,378.1650085449219,22781,UNH,5m
2026-06-01 17:25:00+00:00,378.1099853515625,378.42999267578125,378.04998779296875,378.32000732421875,23618,UNH,5m
2026-06-01 17:30:00+00:00,378.3399963378906,378.44000244140625,377.9100036621094,378.3616943359375,22100,UNH,5m
2026-06-01 17:35:00+00:00,378.4024963378906,378.7799987792969,378.29998779296875,378.7650146484375,25767,UNH,5m
2026-06-01 17:40:00+00:00,378.7799987792969,379.510009765625,378.69000244140625,379.07000732421875,37031,UNH,5m
2026-06-01 17:45:00+00:00,379.1351013183594,379.4150085449219,378.7200927734375,379.027587890625,34058,UNH,5m
2026-06-01 17:50:00+00:00,378.8699951171875,378.8800048828125,378.1499938964844,378.2699890136719,21289,UNH,5m
2026-06-01 17:55:00+00:00,378.2850036621094,378.3900146484375,377.29998779296875,377.4798889160156,36768,UNH,5m
2026-06-01 18:00:00+00:00,377.4599914550781,377.6099853515625,377.1000061035156,377.6099853515625,34587,UNH,5m
2026-06-01 18:05:00+00:00,377.6000061035156,378.20001220703125,377.5000915527344,378.1050109863281,25444,UNH,5m
2026-06-01 18:10:00+00:00,378.1099853515625,378.5249938964844,378.0000915527344,378.3500061035156,32081,UNH,5m
2026-06-01 18:15:00+00:00,378.30999755859375,378.3299865722656,378.0299987792969,378.0950927734375,20792,UNH,5m
2026-06-01 18:20:00+00:00,378.1300048828125,378.3699951171875,377.9800109863281,378.2090148925781,34106,UNH,5m
2026-06-01 18:25:00+00:00,378.20001220703125,378.28961181640625,377.9599914550781,378.05999755859375,22697,UNH,5m
2026-06-01 18:30:00+00:00,378.05999755859375,378.44000244140625,377.95001220703125,378.3399963378906,43743,UNH,5m
2026-06-01 18:35:00+00:00,378.385986328125,379.0,378.32000732421875,378.9364929199219,33007,UNH,5m
2026-06-01 18:40:00+00:00,378.8800048828125,379.0299987792969,378.6791076660156,378.95001220703125,26782,UNH,5m
2026-06-01 18:45:00+00:00,379.0199890136719,379.2900085449219,378.4800109863281,379.010009765625,43835,UNH,5m
2026-06-01 18:50:00+00:00,379.0299987792969,379.1300048828125,378.6400146484375,378.82501220703125,41238,UNH,5m
2026-06-01 18:55:00+00:00,378.8299865722656,379.17999267578125,378.7799987792969,378.7900085449219,38092,UNH,5m
2026-06-01 19:00:00+00:00,378.875,379.0,378.6700134277344,378.75,31722,UNH,5m
2026-06-01 19:05:00+00:00,378.7900085449219,378.8900146484375,378.43499755859375,378.8800048828125,23507,UNH,5m
2026-06-01 19:10:00+00:00,378.8800048828125,379.1299133300781,378.739990234375,378.8599853515625,32017,UNH,5m
2026-06-01 19:15:00+00:00,378.9100036621094,379.07000732421875,378.4801025390625,378.95001220703125,38917,UNH,5m
2026-06-01 19:20:00+00:00,378.9599914550781,379.07501220703125,378.54998779296875,378.6401062011719,38528,UNH,5m
2026-06-01 19:25:00+00:00,378.6700134277344,378.7099914550781,378.54998779296875,378.625,23820,UNH,5m
2026-06-01 19:30:00+00:00,378.55999755859375,378.5646057128906,378.2200012207031,378.3800048828125,37450,UNH,5m
2026-06-01 19:35:00+00:00,378.4200134277344,378.5,378.20001220703125,378.20001220703125,36986,UNH,5m
2026-06-01 19:40:00+00:00,378.2099914550781,378.5899963378906,377.80499267578125,378.5899963378906,103868,UNH,5m
2026-06-01 19:45:00+00:00,378.6499938964844,379.2200012207031,378.4700012207031,379.04998779296875,78424,UNH,5m
2026-06-01 19:50:00+00:00,378.9599914550781,380.0350036621094,378.7900085449219,379.7049865722656,138243,UNH,5m
2026-06-01 19:55:00+00:00,379.6600036621094,380.3699951171875,379.3500061035156,379.8399963378906,324771,UNH,5m
